model,fold_index,test_subject_id,fit_subject_ids,val_subject_ids,epoch,train_loss,val_loss,learning_rate,weight_decay,positive_class_weight,negative_class_weight,is_best_epoch,stopped_early,architecture,feature_kind,fusion,encoder_kind,pretrained,pretrained_transfer_mode
multimodal_psd-fc-wpli_gated_cnn,0,sub01,sub07;sub08;sub09;sub10;sub11;sub13;sub14;sub15;sub16;sub17;sub18;sub20;sub22;sub24;sub27;sub28;sub29,sub05,1,0.6928927302360535,0.7724215984344482,0.002,1e-05,1.0,1.0,True,False,multimodal,psd-fc-wpli,gated,cnn,False,none
multimodal_psd-fc-wpli_gated_cnn,0,sub01,sub07;sub08;sub09;sub10;sub11;sub13;sub14;sub15;sub16;sub17;sub18;sub20;sub22;sub24;sub27;sub28;sub29,sub05,2,0.6852707266807556,0.7724881768226624,0.002,1e-05,1.0,1.0,False,False,multimodal,psd-fc-wpli,gated,cnn,False,none
multimodal_psd-fc-wpli_gated_cnn,0,sub01,sub07;sub08;sub09;sub10;sub11;sub13;sub14;sub15;sub16;sub17;sub18;sub20;sub22;sub24;sub27;sub28;sub29,sub05,3,0.6782171726226807,0.7730398774147034,0.002,1e-05,1.0,1.0,False,False,multimodal,psd-fc-wpli,gated,cnn,False,none
multimodal_psd-fc-wpli_gated_cnn,0,sub01,sub07;sub08;sub09;sub10;sub11;sub13;sub14;sub15;sub16;sub17;sub18;sub20;sub22;sub24;sub27;sub28;sub29,sub05,4,0.6703479290008545,0.7741486430168152,0.002,1e-05,1.0,1.0,False,False,multimodal,psd-fc-wpli,gated,cnn,False,none
multimodal_psd-fc-wpli_gated_cnn,0,sub01,sub07;sub08;sub09;sub10;sub11;sub13;sub14;sub15;sub16;sub17;sub18;sub20;sub22;sub24;sub27;sub28;sub29,sub05,5,0.6619279384613037,0.7756038308143616,0.002,1e-05,1.0,1.0,False,False,multimodal,psd-fc-wpli,gated,cnn,False,none
multimodal_psd-fc-wpli_gated_cnn,0,sub01,sub07;sub08;sub09;sub10;sub11;sub13;sub14;sub15;sub16;sub17;sub18;sub20;sub22;sub24;sub27;sub28;sub29,sub05,6,0.6530373692512512,0.7781843543052673,0.002,1e-05,1.0,1.0,False,False,multimodal,psd-fc-wpli,gated,cnn,False,none
multimodal_psd-fc-wpli_gated_cnn,0,sub01,sub07;sub08;sub09;sub10;sub11;sub13;sub14;sub15;sub16;sub17;sub18;sub20;sub22;sub24;sub27;sub28;sub29,sub05,7,0.6435286998748779,0.7813603281974792,0.002,1e-05,1.0,1.0,False,False,multimodal,psd-fc-wpli,gated,cnn,False,none
multimodal_psd-fc-wpli_gated_cnn,0,sub01,sub07;sub08;sub09;sub10;sub11;sub13;sub14;sub15;sub16;sub17;sub18;sub20;sub22;sub24;sub27;sub28;sub29,sub05,8,0.6332793831825256,0.7884007692337036,0.002,1e-05,1.0,1.0,False,False,multimodal,psd-fc-wpli,gated,cnn,False,none
multimodal_psd-fc-wpli_gated_cnn,0,sub01,sub07;sub08;sub09;sub10;sub11;sub13;sub14;sub15;sub16;sub17;sub18;sub20;sub22;sub24;sub27;sub28;sub29,sub05,9,0.622321367263794,0.7978395819664001,0.002,1e-05,1.0,1.0,False,False,multimodal,psd-fc-wpli,gated,cnn,False,none
multimodal_psd-fc-wpli_gated_cnn,0,sub01,sub07;sub08;sub09;sub10;sub11;sub13;sub14;sub15;sub16;sub17;sub18;sub20;sub22;sub24;sub27;sub28;sub29,sub05,10,0.6106277108192444,0.8092893362045288,0.002,1e-05,1.0,1.0,False,False,multimodal,psd-fc-wpli,gated,cnn,False,none
multimodal_psd-fc-wpli_gated_cnn,0,sub01,sub07;sub08;sub09;sub10;sub11;sub13;sub14;sub15;sub16;sub17;sub18;sub20;sub22;sub24;sub27;sub28;sub29,sub05,11,0.5980629920959473,0.8225716352462769,0.002,1e-05,1.0,1.0,False,False,multimodal,psd-fc-wpli,gated,cnn,False,none
multimodal_psd-fc-wpli_gated_cnn,0,sub01,sub07;sub08;sub09;sub10;sub11;sub13;sub14;sub15;sub16;sub17;sub18;sub20;sub22;sub24;sub27;sub28;sub29,sub05,12,0.5845088958740234,0.8363869190216064,0.002,1e-05,1.0,1.0,False,False,multimodal,psd-fc-wpli,gated,cnn,False,none
multimodal_psd-fc-wpli_gated_cnn,0,sub01,sub07;sub08;sub09;sub10;sub11;sub13;sub14;sub15;sub16;sub17;sub18;sub20;sub22;sub24;sub27;sub28;sub29,sub05,13,0.5701296329498291,0.8503239750862122,0.002,1e-05,1.0,1.0,False,False,multimodal,psd-fc-wpli,gated,cnn,False,none
multimodal_psd-fc-wpli_gated_cnn,0,sub01,sub07;sub08;sub09;sub10;sub11;sub13;sub14;sub15;sub16;sub17;sub18;sub20;sub22;sub24;sub27;sub28;sub29,sub05,14,0.5547429919242859,0.864117443561554,0.002,1e-05,1.0,1.0,False,False,multimodal,psd-fc-wpli,gated,cnn,False,none
multimodal_psd-fc-wpli_gated_cnn,0,sub01,sub07;sub08;sub09;sub10;sub11;sub13;sub14;sub15;sub16;sub17;sub18;sub20;sub22;sub24;sub27;sub28;sub29,sub05,15,0.5386137366294861,0.8791517019271851,0.002,1e-05,1.0,1.0,False,False,multimodal,psd-fc-wpli,gated,cnn,False,none
multimodal_psd-fc-wpli_gated_cnn,0,sub01,sub07;sub08;sub09;sub10;sub11;sub13;sub14;sub15;sub16;sub17;sub18;sub20;sub22;sub24;sub27;sub28;sub29,sub05,16,0.521679162979126,0.8953180313110352,0.002,1e-05,1.0,1.0,False,False,multimodal,psd-fc-wpli,gated,cnn,False,none
multimodal_psd-fc-wpli_gated_cnn,0,sub01,sub07;sub08;sub09;sub10;sub11;sub13;sub14;sub15;sub16;sub17;sub18;sub20;sub22;sub24;sub27;sub28;sub29,sub05,17,0.5039099454879761,0.9135040044784546,0.002,1e-05,1.0,1.0,False,False,multimodal,psd-fc-wpli,gated,cnn,False,none
multimodal_psd-fc-wpli_gated_cnn,0,sub01,sub07;sub08;sub09;sub10;sub11;sub13;sub14;sub15;sub16;sub17;sub18;sub20;sub22;sub24;sub27;sub28;sub29,sub05,18,0.48497313261032104,0.934180736541748,0.002,1e-05,1.0,1.0,False,False,multimodal,psd-fc-wpli,gated,cnn,False,none
multimodal_psd-fc-wpli_gated_cnn,0,sub01,sub07;sub08;sub09;sub10;sub11;sub13;sub14;sub15;sub16;sub17;sub18;sub20;sub22;sub24;sub27;sub28;sub29,sub05,19,0.46493974328041077,0.9564782381057739,0.002,1e-05,1.0,1.0,False,False,multimodal,psd-fc-wpli,gated,cnn,False,none
multimodal_psd-fc-wpli_gated_cnn,0,sub01,sub07;sub08;sub09;sub10;sub11;sub13;sub14;sub15;sub16;sub17;sub18;sub20;sub22;sub24;sub27;sub28;sub29,sub05,20,0.4439246952533722,0.9790334701538086,0.002,1e-05,1.0,1.0,False,False,multimodal,psd-fc-wpli,gated,cnn,False,none
multimodal_psd-fc-wpli_gated_cnn,0,sub01,sub07;sub08;sub09;sub10;sub11;sub13;sub14;sub15;sub16;sub17;sub18;sub20;sub22;sub24;sub27;sub28;sub29,sub05,21,0.42206674814224243,0.9994544386863708,0.002,1e-05,1.0,1.0,False,False,multimodal,psd-fc-wpli,gated,cnn,False,none
multimodal_psd-fc-wpli_gated_cnn,0,sub01,sub07;sub08;sub09;sub10;sub11;sub13;sub14;sub15;sub16;sub17;sub18;sub20;sub22;sub24;sub27;sub28;sub29,sub05,22,0.39940592646598816,1.019271969795227,0.002,1e-05,1.0,1.0,False,False,multimodal,psd-fc-wpli,gated,cnn,False,none
multimodal_psd-fc-wpli_gated_cnn,0,sub01,sub07;sub08;sub09;sub10;sub11;sub13;sub14;sub15;sub16;sub17;sub18;sub20;sub22;sub24;sub27;sub28;sub29,sub05,23,0.3761442303657532,1.0352174043655396,0.002,1e-05,1.0,1.0,False,False,multimodal,psd-fc-wpli,gated,cnn,False,none
multimodal_psd-fc-wpli_gated_cnn,0,sub01,sub07;sub08;sub09;sub10;sub11;sub13;sub14;sub15;sub16;sub17;sub18;sub20;sub22;sub24;sub27;sub28;sub29,sub05,24,0.35248905420303345,1.051356554031372,0.002,1e-05,1.0,1.0,False,False,multimodal,psd-fc-wpli,gated,cnn,False,none
multimodal_psd-fc-wpli_gated_cnn,0,sub01,sub07;sub08;sub09;sub10;sub11;sub13;sub14;sub15;sub16;sub17;sub18;sub20;sub22;sub24;sub27;sub28;sub29,sub05,25,0.32918262481689453,1.0664256811141968,0.002,1e-05,1.0,1.0,False,False,multimodal,psd-fc-wpli,gated,cnn,False,none
multimodal_psd-fc-wpli_gated_cnn,0,sub01,sub07;sub08;sub09;sub10;sub11;sub13;sub14;sub15;sub16;sub17;sub18;sub20;sub22;sub24;sub27;sub28;sub29,sub05,26,0.3061881959438324,1.0809767246246338,0.002,1e-05,1.0,1.0,False,False,multimodal,psd-fc-wpli,gated,cnn,False,none
multimodal_psd-fc-wpli_gated_cnn,0,sub01,sub07;sub08;sub09;sub10;sub11;sub13;sub14;sub15;sub16;sub17;sub18;sub20;sub22;sub24;sub27;sub28;sub29,sub05,27,0.2833208739757538,1.096380352973938,0.002,1e-05,1.0,1.0,False,False,multimodal,psd-fc-wpli,gated,cnn,False,none
multimodal_psd-fc-wpli_gated_cnn,0,sub01,sub07;sub08;sub09;sub10;sub11;sub13;sub14;sub15;sub16;sub17;sub18;sub20;sub22;sub24;sub27;sub28;sub29,sub05,28,0.2610352039337158,1.1100221872329712,0.002,1e-05,1.0,1.0,False,False,multimodal,psd-fc-wpli,gated,cnn,False,none
multimodal_psd-fc-wpli_gated_cnn,0,sub01,sub07;sub08;sub09;sub10;sub11;sub13;sub14;sub15;sub16;sub17;sub18;sub20;sub22;sub24;sub27;sub28;sub29,sub05,29,0.2394946962594986,1.1231317520141602,0.002,1e-05,1.0,1.0,False,False,multimodal,psd-fc-wpli,gated,cnn,False,none
multimodal_psd-fc-wpli_gated_cnn,0,sub01,sub07;sub08;sub09;sub10;sub11;sub13;sub14;sub15;sub16;sub17;sub18;sub20;sub22;sub24;sub27;sub28;sub29,sub05,30,0.21885648369789124,1.1344609260559082,0.002,1e-05,1.0,1.0,False,False,multimodal,psd-fc-wpli,gated,cnn,False,none
multimodal_psd-fc-wpli_gated_cnn,0,sub01,sub07;sub08;sub09;sub10;sub11;sub13;sub14;sub15;sub16;sub17;sub18;sub20;sub22;sub24;sub27;sub28;sub29,sub05,31,0.19931162893772125,1.148546814918518,0.002,1e-05,1.0,1.0,False,False,multimodal,psd-fc-wpli,gated,cnn,False,none
multimodal_psd-fc-wpli_gated_cnn,0,sub01,sub07;sub08;sub09;sub10;sub11;sub13;sub14;sub15;sub16;sub17;sub18;sub20;sub22;sub24;sub27;sub28;sub29,sub05,32,0.18081115186214447,1.1706124544143677,0.002,1e-05,1.0,1.0,False,False,multimodal,psd-fc-wpli,gated,cnn,False,none
multimodal_psd-fc-wpli_gated_cnn,0,sub01,sub07;sub08;sub09;sub10;sub11;sub13;sub14;sub15;sub16;sub17;sub18;sub20;sub22;sub24;sub27;sub28;sub29,sub05,33,0.16349093616008759,1.2030662298202515,0.002,1e-05,1.0,1.0,False,False,multimodal,psd-fc-wpli,gated,cnn,False,none
multimodal_psd-fc-wpli_gated_cnn,0,sub01,sub07;sub08;sub09;sub10;sub11;sub13;sub14;sub15;sub16;sub17;sub18;sub20;sub22;sub24;sub27;sub28;sub29,sub05,34,0.14737074077129364,1.2372978925704956,0.002,1e-05,1.0,1.0,False,False,multimodal,psd-fc-wpli,gated,cnn,False,none
multimodal_psd-fc-wpli_gated_cnn,0,sub01,sub07;sub08;sub09;sub10;sub11;sub13;sub14;sub15;sub16;sub17;sub18;sub20;sub22;sub24;sub27;sub28;sub29,sub05,35,0.13228239119052887,1.277976393699646,0.002,1e-05,1.0,1.0,False,False,multimodal,psd-fc-wpli,gated,cnn,False,none
multimodal_psd-fc-wpli_gated_cnn,0,sub01,sub07;sub08;sub09;sub10;sub11;sub13;sub14;sub15;sub16;sub17;sub18;sub20;sub22;sub24;sub27;sub28;sub29,sub05,36,0.1181669533252716,1.3304030895233154,0.002,1e-05,1.0,1.0,False,False,multimodal,psd-fc-wpli,gated,cnn,False,none
multimodal_psd-fc-wpli_gated_cnn,0,sub01,sub07;sub08;sub09;sub10;sub11;sub13;sub14;sub15;sub16;sub17;sub18;sub20;sub22;sub24;sub27;sub28;sub29,sub05,37,0.10497406125068665,1.3917460441589355,0.002,1e-05,1.0,1.0,False,False,multimodal,psd-fc-wpli,gated,cnn,False,none
multimodal_psd-fc-wpli_gated_cnn,0,sub01,sub07;sub08;sub09;sub10;sub11;sub13;sub14;sub15;sub16;sub17;sub18;sub20;sub22;sub24;sub27;sub28;sub29,sub05,38,0.09281570464372635,1.4569586515426636,0.002,1e-05,1.0,1.0,False,False,multimodal,psd-fc-wpli,gated,cnn,False,none
multimodal_psd-fc-wpli_gated_cnn,0,sub01,sub07;sub08;sub09;sub10;sub11;sub13;sub14;sub15;sub16;sub17;sub18;sub20;sub22;sub24;sub27;sub28;sub29,sub05,39,0.0817612037062645,1.5215396881103516,0.002,1e-05,1.0,1.0,False,False,multimodal,psd-fc-wpli,gated,cnn,False,none
multimodal_psd-fc-wpli_gated_cnn,0,sub01,sub07;sub08;sub09;sub10;sub11;sub13;sub14;sub15;sub16;sub17;sub18;sub20;sub22;sub24;sub27;sub28;sub29,sub05,40,0.07174061238765717,1.5861988067626953,0.002,1e-05,1.0,1.0,False,False,multimodal,psd-fc-wpli,gated,cnn,False,none
multimodal_psd-fc-wpli_gated_cnn,0,sub01,sub07;sub08;sub09;sub10;sub11;sub13;sub14;sub15;sub16;sub17;sub18;sub20;sub22;sub24;sub27;sub28;sub29,sub05,41,0.06266915053129196,1.6578304767608643,0.002,1e-05,1.0,1.0,False,False,multimodal,psd-fc-wpli,gated,cnn,False,none
multimodal_psd-fc-wpli_gated_cnn,0,sub01,sub07;sub08;sub09;sub10;sub11;sub13;sub14;sub15;sub16;sub17;sub18;sub20;sub22;sub24;sub27;sub28;sub29,sub05,42,0.05447740480303764,1.7411749362945557,0.002,1e-05,1.0,1.0,False,False,multimodal,psd-fc-wpli,gated,cnn,False,none
multimodal_psd-fc-wpli_gated_cnn,0,sub01,sub07;sub08;sub09;sub10;sub11;sub13;sub14;sub15;sub16;sub17;sub18;sub20;sub22;sub24;sub27;sub28;sub29,sub05,43,0.04717554152011871,1.8392369747161865,0.002,1e-05,1.0,1.0,False,False,multimodal,psd-fc-wpli,gated,cnn,False,none
multimodal_psd-fc-wpli_gated_cnn,0,sub01,sub07;sub08;sub09;sub10;sub11;sub13;sub14;sub15;sub16;sub17;sub18;sub20;sub22;sub24;sub27;sub28;sub29,sub05,44,0.040693942457437515,1.9499207735061646,0.002,1e-05,1.0,1.0,False,False,multimodal,psd-fc-wpli,gated,cnn,False,none
multimodal_psd-fc-wpli_gated_cnn,0,sub01,sub07;sub08;sub09;sub10;sub11;sub13;sub14;sub15;sub16;sub17;sub18;sub20;sub22;sub24;sub27;sub28;sub29,sub05,45,0.034995418041944504,2.0668063163757324,0.002,1e-05,1.0,1.0,False,False,multimodal,psd-fc-wpli,gated,cnn,False,none
multimodal_psd-fc-wpli_gated_cnn,0,sub01,sub07;sub08;sub09;sub10;sub11;sub13;sub14;sub15;sub16;sub17;sub18;sub20;sub22;sub24;sub27;sub28;sub29,sub05,46,0.030018309131264687,2.179824113845825,0.002,1e-05,1.0,1.0,False,False,multimodal,psd-fc-wpli,gated,cnn,False,none
multimodal_psd-fc-wpli_gated_cnn,0,sub01,sub07;sub08;sub09;sub10;sub11;sub13;sub14;sub15;sub16;sub17;sub18;sub20;sub22;sub24;sub27;sub28;sub29,sub05,47,0.025673748925328255,2.286935329437256,0.002,1e-05,1.0,1.0,False,False,multimodal,psd-fc-wpli,gated,cnn,False,none
multimodal_psd-fc-wpli_gated_cnn,0,sub01,sub07;sub08;sub09;sub10;sub11;sub13;sub14;sub15;sub16;sub17;sub18;sub20;sub22;sub24;sub27;sub28;sub29,sub05,48,0.02191518433392048,2.3873085975646973,0.002,1e-05,1.0,1.0,False,False,multimodal,psd-fc-wpli,gated,cnn,False,none
multimodal_psd-fc-wpli_gated_cnn,0,sub01,sub07;sub08;sub09;sub10;sub11;sub13;sub14;sub15;sub16;sub17;sub18;sub20;sub22;sub24;sub27;sub28;sub29,sub05,49,0.018705734983086586,2.4731876850128174,0.002,1e-05,1.0,1.0,False,False,multimodal,psd-fc-wpli,gated,cnn,False,none
multimodal_psd-fc-wpli_gated_cnn,0,sub01,sub07;sub08;sub09;sub10;sub11;sub13;sub14;sub15;sub16;sub17;sub18;sub20;sub22;sub24;sub27;sub28;sub29,sub05,50,0.015976475551724434,2.544053554534912,0.002,1e-05,1.0,1.0,False,False,multimodal,psd-fc-wpli,gated,cnn,False,none
multimodal_psd-fc-wpli_gated_cnn,0,sub01,sub07;sub08;sub09;sub10;sub11;sub13;sub14;sub15;sub16;sub17;sub18;sub20;sub22;sub24;sub27;sub28;sub29,sub05,51,0.013654880225658417,2.6007609367370605,0.002,1e-05,1.0,1.0,False,False,multimodal,psd-fc-wpli,gated,cnn,False,none
multimodal_psd-fc-wpli_gated_cnn,0,sub01,sub07;sub08;sub09;sub10;sub11;sub13;sub14;sub15;sub16;sub17;sub18;sub20;sub22;sub24;sub27;sub28;sub29,sub05,52,0.0116852056235075,2.6496429443359375,0.001,1e-05,1.0,1.0,False,False,multimodal,psd-fc-wpli,gated,cnn,False,none
multimodal_psd-fc-wpli_gated_cnn,0,sub01,sub07;sub08;sub09;sub10;sub11;sub13;sub14;sub15;sub16;sub17;sub18;sub20;sub22;sub24;sub27;sub28;sub29,sub05,53,0.010010170750319958,2.647312879562378,0.001,1e-05,1.0,1.0,False,False,multimodal,psd-fc-wpli,gated,cnn,False,none
multimodal_psd-fc-wpli_gated_cnn,0,sub01,sub07;sub08;sub09;sub10;sub11;sub13;sub14;sub15;sub16;sub17;sub18;sub20;sub22;sub24;sub27;sub28;sub29,sub05,54,0.009276905097067356,2.6458349227905273,0.001,1e-05,1.0,1.0,False,False,multimodal,psd-fc-wpli,gated,cnn,False,none
multimodal_psd-fc-wpli_gated_cnn,0,sub01,sub07;sub08;sub09;sub10;sub11;sub13;sub14;sub15;sub16;sub17;sub18;sub20;sub22;sub24;sub27;sub28;sub29,sub05,55,0.00861375406384468,2.6458425521850586,0.001,1e-05,1.0,1.0,False,False,multimodal,psd-fc-wpli,gated,cnn,False,none
multimodal_psd-fc-wpli_gated_cnn,0,sub01,sub07;sub08;sub09;sub10;sub11;sub13;sub14;sub15;sub16;sub17;sub18;sub20;sub22;sub24;sub27;sub28;sub29,sub05,56,0.008014288730919361,2.649415969848633,0.001,1e-05,1.0,1.0,False,False,multimodal,psd-fc-wpli,gated,cnn,False,none
multimodal_psd-fc-wpli_gated_cnn,0,sub01,sub07;sub08;sub09;sub10;sub11;sub13;sub14;sub15;sub16;sub17;sub18;sub20;sub22;sub24;sub27;sub28;sub29,sub05,57,0.007471929769963026,2.6565840244293213,0.001,1e-05,1.0,1.0,False,False,multimodal,psd-fc-wpli,gated,cnn,False,none
multimodal_psd-fc-wpli_gated_cnn,0,sub01,sub07;sub08;sub09;sub10;sub11;sub13;sub14;sub15;sub16;sub17;sub18;sub20;sub22;sub24;sub27;sub28;sub29,sub05,58,0.006980798207223415,2.6671342849731445,0.001,1e-05,1.0,1.0,False,False,multimodal,psd-fc-wpli,gated,cnn,False,none
multimodal_psd-fc-wpli_gated_cnn,0,sub01,sub07;sub08;sub09;sub10;sub11;sub13;sub14;sub15;sub16;sub17;sub18;sub20;sub22;sub24;sub27;sub28;sub29,sub05,59,0.00653659226372838,2.6809756755828857,0.001,1e-05,1.0,1.0,False,False,multimodal,psd-fc-wpli,gated,cnn,False,none
multimodal_psd-fc-wpli_gated_cnn,0,sub01,sub07;sub08;sub09;sub10;sub11;sub13;sub14;sub15;sub16;sub17;sub18;sub20;sub22;sub24;sub27;sub28;sub29,sub05,60,0.006135233677923679,2.6978750228881836,0.001,1e-05,1.0,1.0,False,False,multimodal,psd-fc-wpli,gated,cnn,False,none
multimodal_psd-fc-wpli_gated_cnn,0,sub01,sub07;sub08;sub09;sub10;sub11;sub13;sub14;sub15;sub16;sub17;sub18;sub20;sub22;sub24;sub27;sub28;sub29,sub05,61,0.005771657917648554,2.716811180114746,0.001,1e-05,1.0,1.0,False,False,multimodal,psd-fc-wpli,gated,cnn,False,none
multimodal_psd-fc-wpli_gated_cnn,0,sub01,sub07;sub08;sub09;sub10;sub11;sub13;sub14;sub15;sub16;sub17;sub18;sub20;sub22;sub24;sub27;sub28;sub29,sub05,62,0.005440769251435995,2.736917495727539,0.001,1e-05,1.0,1.0,False,False,multimodal,psd-fc-wpli,gated,cnn,False,none
multimodal_psd-fc-wpli_gated_cnn,0,sub01,sub07;sub08;sub09;sub10;sub11;sub13;sub14;sub15;sub16;sub17;sub18;sub20;sub22;sub24;sub27;sub28;sub29,sub05,63,0.00513937883079052,2.756852626800537,0.001,1e-05,1.0,1.0,False,False,multimodal,psd-fc-wpli,gated,cnn,False,none
multimodal_psd-fc-wpli_gated_cnn,0,sub01,sub07;sub08;sub09;sub10;sub11;sub13;sub14;sub15;sub16;sub17;sub18;sub20;sub22;sub24;sub27;sub28;sub29,sub05,64,0.00486321235075593,2.7756576538085938,0.001,1e-05,1.0,1.0,False,False,multimodal,psd-fc-wpli,gated,cnn,False,none
multimodal_psd-fc-wpli_gated_cnn,0,sub01,sub07;sub08;sub09;sub10;sub11;sub13;sub14;sub15;sub16;sub17;sub18;sub20;sub22;sub24;sub27;sub28;sub29,sub05,65,0.004609272815287113,2.7928054332733154,0.001,1e-05,1.0,1.0,False,False,multimodal,psd-fc-wpli,gated,cnn,False,none
multimodal_psd-fc-wpli_gated_cnn,0,sub01,sub07;sub08;sub09;sub10;sub11;sub13;sub14;sub15;sub16;sub17;sub18;sub20;sub22;sub24;sub27;sub28;sub29,sub05,66,0.004374468699097633,2.8081753253936768,0.001,1e-05,1.0,1.0,False,False,multimodal,psd-fc-wpli,gated,cnn,False,none
multimodal_psd-fc-wpli_gated_cnn,0,sub01,sub07;sub08;sub09;sub10;sub11;sub13;sub14;sub15;sub16;sub17;sub18;sub20;sub22;sub24;sub27;sub28;sub29,sub05,67,0.004157618619501591,2.821439743041992,0.001,1e-05,1.0,1.0,False,False,multimodal,psd-fc-wpli,gated,cnn,False,none
multimodal_psd-fc-wpli_gated_cnn,0,sub01,sub07;sub08;sub09;sub10;sub11;sub13;sub14;sub15;sub16;sub17;sub18;sub20;sub22;sub24;sub27;sub28;sub29,sub05,68,0.003957346547394991,2.8324437141418457,0.001,1e-05,1.0,1.0,False,False,multimodal,psd-fc-wpli,gated,cnn,False,none
multimodal_psd-fc-wpli_gated_cnn,0,sub01,sub07;sub08;sub09;sub10;sub11;sub13;sub14;sub15;sub16;sub17;sub18;sub20;sub22;sub24;sub27;sub28;sub29,sub05,69,0.00377156725153327,2.8410820960998535,0.001,1e-05,1.0,1.0,False,False,multimodal,psd-fc-wpli,gated,cnn,False,none
multimodal_psd-fc-wpli_gated_cnn,0,sub01,sub07;sub08;sub09;sub10;sub11;sub13;sub14;sub15;sub16;sub17;sub18;sub20;sub22;sub24;sub27;sub28;sub29,sub05,70,0.003598998300731182,2.847531795501709,0.001,1e-05,1.0,1.0,False,False,multimodal,psd-fc-wpli,gated,cnn,False,none
multimodal_psd-fc-wpli_gated_cnn,0,sub01,sub07;sub08;sub09;sub10;sub11;sub13;sub14;sub15;sub16;sub17;sub18;sub20;sub22;sub24;sub27;sub28;sub29,sub05,71,0.003438845742493868,2.851473331451416,0.001,1e-05,1.0,1.0,False,False,multimodal,psd-fc-wpli,gated,cnn,False,none
multimodal_psd-fc-wpli_gated_cnn,0,sub01,sub07;sub08;sub09;sub10;sub11;sub13;sub14;sub15;sub16;sub17;sub18;sub20;sub22;sub24;sub27;sub28;sub29,sub05,72,0.0032898769713938236,2.853105068206787,0.001,1e-05,1.0,1.0,False,False,multimodal,psd-fc-wpli,gated,cnn,False,none
multimodal_psd-fc-wpli_gated_cnn,0,sub01,sub07;sub08;sub09;sub10;sub11;sub13;sub14;sub15;sub16;sub17;sub18;sub20;sub22;sub24;sub27;sub28;sub29,sub05,73,0.0031514803413301706,2.8517704010009766,0.001,1e-05,1.0,1.0,False,False,multimodal,psd-fc-wpli,gated,cnn,False,none
multimodal_psd-fc-wpli_gated_cnn,0,sub01,sub07;sub08;sub09;sub10;sub11;sub13;sub14;sub15;sub16;sub17;sub18;sub20;sub22;sub24;sub27;sub28;sub29,sub05,74,0.003023153403773904,2.847421646118164,0.001,1e-05,1.0,1.0,False,False,multimodal,psd-fc-wpli,gated,cnn,False,none
multimodal_psd-fc-wpli_gated_cnn,0,sub01,sub07;sub08;sub09;sub10;sub11;sub13;sub14;sub15;sub16;sub17;sub18;sub20;sub22;sub24;sub27;sub28;sub29,sub05,75,0.002903729910030961,2.8402295112609863,0.001,1e-05,1.0,1.0,False,False,multimodal,psd-fc-wpli,gated,cnn,False,none
multimodal_psd-fc-wpli_gated_cnn,0,sub01,sub07;sub08;sub09;sub10;sub11;sub13;sub14;sub15;sub16;sub17;sub18;sub20;sub22;sub24;sub27;sub28;sub29,sub05,76,0.002792470622807741,2.8309543132781982,0.001,1e-05,1.0,1.0,False,False,multimodal,psd-fc-wpli,gated,cnn,False,none
multimodal_psd-fc-wpli_gated_cnn,0,sub01,sub07;sub08;sub09;sub10;sub11;sub13;sub14;sub15;sub16;sub17;sub18;sub20;sub22;sub24;sub27;sub28;sub29,sub05,77,0.0026885808911174536,2.819979667663574,0.001,1e-05,1.0,1.0,False,False,multimodal,psd-fc-wpli,gated,cnn,False,none
multimodal_psd-fc-wpli_gated_cnn,0,sub01,sub07;sub08;sub09;sub10;sub11;sub13;sub14;sub15;sub16;sub17;sub18;sub20;sub22;sub24;sub27;sub28;sub29,sub05,78,0.002591498428955674,2.8079519271850586,0.001,1e-05,1.0,1.0,False,False,multimodal,psd-fc-wpli,gated,cnn,False,none
multimodal_psd-fc-wpli_gated_cnn,0,sub01,sub07;sub08;sub09;sub10;sub11;sub13;sub14;sub15;sub16;sub17;sub18;sub20;sub22;sub24;sub27;sub28;sub29,sub05,79,0.002501031616702676,2.7948172092437744,0.001,1e-05,1.0,1.0,False,False,multimodal,psd-fc-wpli,gated,cnn,False,none
multimodal_psd-fc-wpli_gated_cnn,0,sub01,sub07;sub08;sub09;sub10;sub11;sub13;sub14;sub15;sub16;sub17;sub18;sub20;sub22;sub24;sub27;sub28;sub29,sub05,80,0.0024162097834050655,2.781252145767212,0.001,1e-05,1.0,1.0,False,False,multimodal,psd-fc-wpli,gated,cnn,False,none
multimodal_psd-fc-wpli_gated_cnn,0,sub01,sub07;sub08;sub09;sub10;sub11;sub13;sub14;sub15;sub16;sub17;sub18;sub20;sub22;sub24;sub27;sub28;sub29,sub05,81,0.002336421050131321,2.7681031227111816,0.001,1e-05,1.0,1.0,False,False,multimodal,psd-fc-wpli,gated,cnn,False,none
multimodal_psd-fc-wpli_gated_cnn,0,sub01,sub07;sub08;sub09;sub10;sub11;sub13;sub14;sub15;sub16;sub17;sub18;sub20;sub22;sub24;sub27;sub28;sub29,sub05,82,0.002261271933093667,2.7555129528045654,0.001,1e-05,1.0,1.0,False,False,multimodal,psd-fc-wpli,gated,cnn,False,none
multimodal_psd-fc-wpli_gated_cnn,0,sub01,sub07;sub08;sub09;sub10;sub11;sub13;sub14;sub15;sub16;sub17;sub18;sub20;sub22;sub24;sub27;sub28;sub29,sub05,83,0.0021908546332269907,2.7435989379882812,0.001,1e-05,1.0,1.0,False,False,multimodal,psd-fc-wpli,gated,cnn,False,none
multimodal_psd-fc-wpli_gated_cnn,0,sub01,sub07;sub08;sub09;sub10;sub11;sub13;sub14;sub15;sub16;sub17;sub18;sub20;sub22;sub24;sub27;sub28;sub29,sub05,84,0.0021243554074317217,2.732455253601074,0.001,1e-05,1.0,1.0,False,False,multimodal,psd-fc-wpli,gated,cnn,False,none
multimodal_psd-fc-wpli_gated_cnn,0,sub01,sub07;sub08;sub09;sub10;sub11;sub13;sub14;sub15;sub16;sub17;sub18;sub20;sub22;sub24;sub27;sub28;sub29,sub05,85,0.002061655977740884,2.7220234870910645,0.001,1e-05,1.0,1.0,False,False,multimodal,psd-fc-wpli,gated,cnn,False,none
multimodal_psd-fc-wpli_gated_cnn,0,sub01,sub07;sub08;sub09;sub10;sub11;sub13;sub14;sub15;sub16;sub17;sub18;sub20;sub22;sub24;sub27;sub28;sub29,sub05,86,0.002002531895413995,2.7118537425994873,0.001,1e-05,1.0,1.0,False,False,multimodal,psd-fc-wpli,gated,cnn,False,none
multimodal_psd-fc-wpli_gated_cnn,0,sub01,sub07;sub08;sub09;sub10;sub11;sub13;sub14;sub15;sub16;sub17;sub18;sub20;sub22;sub24;sub27;sub28;sub29,sub05,87,0.0019467135425657034,2.702364921569824,0.001,1e-05,1.0,1.0,False,False,multimodal,psd-fc-wpli,gated,cnn,False,none
multimodal_psd-fc-wpli_gated_cnn,0,sub01,sub07;sub08;sub09;sub10;sub11;sub13;sub14;sub15;sub16;sub17;sub18;sub20;sub22;sub24;sub27;sub28;sub29,sub05,88,0.0018938641296699643,2.692991018295288,0.001,1e-05,1.0,1.0,False,False,multimodal,psd-fc-wpli,gated,cnn,False,none
multimodal_psd-fc-wpli_gated_cnn,0,sub01,sub07;sub08;sub09;sub10;sub11;sub13;sub14;sub15;sub16;sub17;sub18;sub20;sub22;sub24;sub27;sub28;sub29,sub05,89,0.001843775506131351,2.683420419692993,0.001,1e-05,1.0,1.0,False,False,multimodal,psd-fc-wpli,gated,cnn,False,none
multimodal_psd-fc-wpli_gated_cnn,0,sub01,sub07;sub08;sub09;sub10;sub11;sub13;sub14;sub15;sub16;sub17;sub18;sub20;sub22;sub24;sub27;sub28;sub29,sub05,90,0.001796219265088439,2.673205614089966,0.001,1e-05,1.0,1.0,False,False,multimodal,psd-fc-wpli,gated,cnn,False,none
multimodal_psd-fc-wpli_gated_cnn,0,sub01,sub07;sub08;sub09;sub10;sub11;sub13;sub14;sub15;sub16;sub17;sub18;sub20;sub22;sub24;sub27;sub28;sub29,sub05,91,0.001751010655425489,2.6622133255004883,0.001,1e-05,1.0,1.0,False,False,multimodal,psd-fc-wpli,gated,cnn,False,none
multimodal_psd-fc-wpli_gated_cnn,0,sub01,sub07;sub08;sub09;sub10;sub11;sub13;sub14;sub15;sub16;sub17;sub18;sub20;sub22;sub24;sub27;sub28;sub29,sub05,92,0.0017080839024856687,2.651392698287964,0.001,1e-05,1.0,1.0,False,False,multimodal,psd-fc-wpli,gated,cnn,False,none
multimodal_psd-fc-wpli_gated_cnn,0,sub01,sub07;sub08;sub09;sub10;sub11;sub13;sub14;sub15;sub16;sub17;sub18;sub20;sub22;sub24;sub27;sub28;sub29,sub05,93,0.0016671784687787294,2.6410014629364014,0.001,1e-05,1.0,1.0,False,False,multimodal,psd-fc-wpli,gated,cnn,False,none
multimodal_psd-fc-wpli_gated_cnn,0,sub01,sub07;sub08;sub09;sub10;sub11;sub13;sub14;sub15;sub16;sub17;sub18;sub20;sub22;sub24;sub27;sub28;sub29,sub05,94,0.0016279163537546992,2.6313602924346924,0.001,1e-05,1.0,1.0,False,False,multimodal,psd-fc-wpli,gated,cnn,False,none
multimodal_psd-fc-wpli_gated_cnn,0,sub01,sub07;sub08;sub09;sub10;sub11;sub13;sub14;sub15;sub16;sub17;sub18;sub20;sub22;sub24;sub27;sub28;sub29,sub05,95,0.0015903047751635313,2.6222829818725586,0.001,1e-05,1.0,1.0,False,False,multimodal,psd-fc-wpli,gated,cnn,False,none
multimodal_psd-fc-wpli_gated_cnn,0,sub01,sub07;sub08;sub09;sub10;sub11;sub13;sub14;sub15;sub16;sub17;sub18;sub20;sub22;sub24;sub27;sub28;sub29,sub05,96,0.0015543169574812055,2.6135735511779785,0.001,1e-05,1.0,1.0,False,False,multimodal,psd-fc-wpli,gated,cnn,False,none
multimodal_psd-fc-wpli_gated_cnn,0,sub01,sub07;sub08;sub09;sub10;sub11;sub13;sub14;sub15;sub16;sub17;sub18;sub20;sub22;sub24;sub27;sub28;sub29,sub05,97,0.00151981005910784,2.6054725646972656,0.001,1e-05,1.0,1.0,False,False,multimodal,psd-fc-wpli,gated,cnn,False,none
multimodal_psd-fc-wpli_gated_cnn,0,sub01,sub07;sub08;sub09;sub10;sub11;sub13;sub14;sub15;sub16;sub17;sub18;sub20;sub22;sub24;sub27;sub28;sub29,sub05,98,0.0014866737183183432,2.5977394580841064,0.001,1e-05,1.0,1.0,False,False,multimodal,psd-fc-wpli,gated,cnn,False,none
multimodal_psd-fc-wpli_gated_cnn,0,sub01,sub07;sub08;sub09;sub10;sub11;sub13;sub14;sub15;sub16;sub17;sub18;sub20;sub22;sub24;sub27;sub28;sub29,sub05,99,0.001454734243452549,2.5903890132904053,0.001,1e-05,1.0,1.0,False,False,multimodal,psd-fc-wpli,gated,cnn,False,none
multimodal_psd-fc-wpli_gated_cnn,0,sub01,sub07;sub08;sub09;sub10;sub11;sub13;sub14;sub15;sub16;sub17;sub18;sub20;sub22;sub24;sub27;sub28;sub29,sub05,100,0.0014240917516872287,2.5832111835479736,0.001,1e-05,1.0,1.0,False,False,multimodal,psd-fc-wpli,gated,cnn,False,none
multimodal_psd-fc-wpli_gated_cnn,1,sub05,sub01;sub08;sub09;sub10;sub11;sub13;sub14;sub15;sub16;sub17;sub18;sub20;sub22;sub24;sub27;sub28;sub29,sub07,1,0.6784904599189758,0.773311972618103,0.002,1e-05,1.0,1.0,True,False,multimodal,psd-fc-wpli,gated,cnn,False,none
multimodal_psd-fc-wpli_gated_cnn,1,sub05,sub01;sub08;sub09;sub10;sub11;sub13;sub14;sub15;sub16;sub17;sub18;sub20;sub22;sub24;sub27;sub28;sub29,sub07,2,0.6698567867279053,0.7681482434272766,0.002,1e-05,1.0,1.0,True,False,multimodal,psd-fc-wpli,gated,cnn,False,none
multimodal_psd-fc-wpli_gated_cnn,1,sub05,sub01;sub08;sub09;sub10;sub11;sub13;sub14;sub15;sub16;sub17;sub18;sub20;sub22;sub24;sub27;sub28;sub29,sub07,3,0.6623759865760803,0.7581828832626343,0.002,1e-05,1.0,1.0,True,False,multimodal,psd-fc-wpli,gated,cnn,False,none
multimodal_psd-fc-wpli_gated_cnn,1,sub05,sub01;sub08;sub09;sub10;sub11;sub13;sub14;sub15;sub16;sub17;sub18;sub20;sub22;sub24;sub27;sub28;sub29,sub07,4,0.6544764041900635,0.7441772222518921,0.002,1e-05,1.0,1.0,True,False,multimodal,psd-fc-wpli,gated,cnn,False,none
multimodal_psd-fc-wpli_gated_cnn,1,sub05,sub01;sub08;sub09;sub10;sub11;sub13;sub14;sub15;sub16;sub17;sub18;sub20;sub22;sub24;sub27;sub28;sub29,sub07,5,0.6459445357322693,0.7263681888580322,0.002,1e-05,1.0,1.0,True,False,multimodal,psd-fc-wpli,gated,cnn,False,none
multimodal_psd-fc-wpli_gated_cnn,1,sub05,sub01;sub08;sub09;sub10;sub11;sub13;sub14;sub15;sub16;sub17;sub18;sub20;sub22;sub24;sub27;sub28;sub29,sub07,6,0.636755645275116,0.6998999118804932,0.002,1e-05,1.0,1.0,True,False,multimodal,psd-fc-wpli,gated,cnn,False,none
multimodal_psd-fc-wpli_gated_cnn,1,sub05,sub01;sub08;sub09;sub10;sub11;sub13;sub14;sub15;sub16;sub17;sub18;sub20;sub22;sub24;sub27;sub28;sub29,sub07,7,0.6266801953315735,0.6644032597541809,0.002,1e-05,1.0,1.0,True,False,multimodal,psd-fc-wpli,gated,cnn,False,none
multimodal_psd-fc-wpli_gated_cnn,1,sub05,sub01;sub08;sub09;sub10;sub11;sub13;sub14;sub15;sub16;sub17;sub18;sub20;sub22;sub24;sub27;sub28;sub29,sub07,8,0.6156774163246155,0.619844913482666,0.002,1e-05,1.0,1.0,True,False,multimodal,psd-fc-wpli,gated,cnn,False,none
multimodal_psd-fc-wpli_gated_cnn,1,sub05,sub01;sub08;sub09;sub10;sub11;sub13;sub14;sub15;sub16;sub17;sub18;sub20;sub22;sub24;sub27;sub28;sub29,sub07,9,0.603765606880188,0.5694554448127747,0.002,1e-05,1.0,1.0,True,False,multimodal,psd-fc-wpli,gated,cnn,False,none
multimodal_psd-fc-wpli_gated_cnn,1,sub05,sub01;sub08;sub09;sub10;sub11;sub13;sub14;sub15;sub16;sub17;sub18;sub20;sub22;sub24;sub27;sub28;sub29,sub07,10,0.5907608866691589,0.5133150815963745,0.002,1e-05,1.0,1.0,True,False,multimodal,psd-fc-wpli,gated,cnn,False,none
multimodal_psd-fc-wpli_gated_cnn,1,sub05,sub01;sub08;sub09;sub10;sub11;sub13;sub14;sub15;sub16;sub17;sub18;sub20;sub22;sub24;sub27;sub28;sub29,sub07,11,0.5766483545303345,0.45460325479507446,0.002,1e-05,1.0,1.0,True,False,multimodal,psd-fc-wpli,gated,cnn,False,none
multimodal_psd-fc-wpli_gated_cnn,1,sub05,sub01;sub08;sub09;sub10;sub11;sub13;sub14;sub15;sub16;sub17;sub18;sub20;sub22;sub24;sub27;sub28;sub29,sub07,12,0.5613701939582825,0.3999786376953125,0.002,1e-05,1.0,1.0,True,False,multimodal,psd-fc-wpli,gated,cnn,False,none
multimodal_psd-fc-wpli_gated_cnn,1,sub05,sub01;sub08;sub09;sub10;sub11;sub13;sub14;sub15;sub16;sub17;sub18;sub20;sub22;sub24;sub27;sub28;sub29,sub07,13,0.5447640419006348,0.3482423722743988,0.002,1e-05,1.0,1.0,True,False,multimodal,psd-fc-wpli,gated,cnn,False,none
multimodal_psd-fc-wpli_gated_cnn,1,sub05,sub01;sub08;sub09;sub10;sub11;sub13;sub14;sub15;sub16;sub17;sub18;sub20;sub22;sub24;sub27;sub28;sub29,sub07,14,0.526698648929596,0.29998257756233215,0.002,1e-05,1.0,1.0,True,False,multimodal,psd-fc-wpli,gated,cnn,False,none
multimodal_psd-fc-wpli_gated_cnn,1,sub05,sub01;sub08;sub09;sub10;sub11;sub13;sub14;sub15;sub16;sub17;sub18;sub20;sub22;sub24;sub27;sub28;sub29,sub07,15,0.5074089765548706,0.2551984190940857,0.002,1e-05,1.0,1.0,True,False,multimodal,psd-fc-wpli,gated,cnn,False,none
multimodal_psd-fc-wpli_gated_cnn,1,sub05,sub01;sub08;sub09;sub10;sub11;sub13;sub14;sub15;sub16;sub17;sub18;sub20;sub22;sub24;sub27;sub28;sub29,sub07,16,0.48683738708496094,0.21424101293087006,0.002,1e-05,1.0,1.0,True,False,multimodal,psd-fc-wpli,gated,cnn,False,none
multimodal_psd-fc-wpli_gated_cnn,1,sub05,sub01;sub08;sub09;sub10;sub11;sub13;sub14;sub15;sub16;sub17;sub18;sub20;sub22;sub24;sub27;sub28;sub29,sub07,17,0.46529221534729004,0.17851699888706207,0.002,1e-05,1.0,1.0,True,False,multimodal,psd-fc-wpli,gated,cnn,False,none
multimodal_psd-fc-wpli_gated_cnn,1,sub05,sub01;sub08;sub09;sub10;sub11;sub13;sub14;sub15;sub16;sub17;sub18;sub20;sub22;sub24;sub27;sub28;sub29,sub07,18,0.4426731765270233,0.1462046504020691,0.002,1e-05,1.0,1.0,True,False,multimodal,psd-fc-wpli,gated,cnn,False,none
multimodal_psd-fc-wpli_gated_cnn,1,sub05,sub01;sub08;sub09;sub10;sub11;sub13;sub14;sub15;sub16;sub17;sub18;sub20;sub22;sub24;sub27;sub28;sub29,sub07,19,0.41954803466796875,0.11765290051698685,0.002,1e-05,1.0,1.0,True,False,multimodal,psd-fc-wpli,gated,cnn,False,none
multimodal_psd-fc-wpli_gated_cnn,1,sub05,sub01;sub08;sub09;sub10;sub11;sub13;sub14;sub15;sub16;sub17;sub18;sub20;sub22;sub24;sub27;sub28;sub29,sub07,20,0.39597174525260925,0.09333688765764236,0.002,1e-05,1.0,1.0,True,False,multimodal,psd-fc-wpli,gated,cnn,False,none
multimodal_psd-fc-wpli_gated_cnn,1,sub05,sub01;sub08;sub09;sub10;sub11;sub13;sub14;sub15;sub16;sub17;sub18;sub20;sub22;sub24;sub27;sub28;sub29,sub07,21,0.37184035778045654,0.0733744204044342,0.002,1e-05,1.0,1.0,True,False,multimodal,psd-fc-wpli,gated,cnn,False,none
multimodal_psd-fc-wpli_gated_cnn,1,sub05,sub01;sub08;sub09;sub10;sub11;sub13;sub14;sub15;sub16;sub17;sub18;sub20;sub22;sub24;sub27;sub28;sub29,sub07,22,0.3472294807434082,0.05721348896622658,0.002,1e-05,1.0,1.0,True,False,multimodal,psd-fc-wpli,gated,cnn,False,none
multimodal_psd-fc-wpli_gated_cnn,1,sub05,sub01;sub08;sub09;sub10;sub11;sub13;sub14;sub15;sub16;sub17;sub18;sub20;sub22;sub24;sub27;sub28;sub29,sub07,23,0.3223858177661896,0.04378022253513336,0.002,1e-05,1.0,1.0,True,False,multimodal,psd-fc-wpli,gated,cnn,False,none
multimodal_psd-fc-wpli_gated_cnn,1,sub05,sub01;sub08;sub09;sub10;sub11;sub13;sub14;sub15;sub16;sub17;sub18;sub20;sub22;sub24;sub27;sub28;sub29,sub07,24,0.29726728796958923,0.03332008421421051,0.002,1e-05,1.0,1.0,True,False,multimodal,psd-fc-wpli,gated,cnn,False,none
multimodal_psd-fc-wpli_gated_cnn,1,sub05,sub01;sub08;sub09;sub10;sub11;sub13;sub14;sub15;sub16;sub17;sub18;sub20;sub22;sub24;sub27;sub28;sub29,sub07,25,0.2720959782600403,0.025268511846661568,0.002,1e-05,1.0,1.0,True,False,multimodal,psd-fc-wpli,gated,cnn,False,none
multimodal_psd-fc-wpli_gated_cnn,1,sub05,sub01;sub08;sub09;sub10;sub11;sub13;sub14;sub15;sub16;sub17;sub18;sub20;sub22;sub24;sub27;sub28;sub29,sub07,26,0.24723854660987854,0.019198721274733543,0.002,1e-05,1.0,1.0,True,False,multimodal,psd-fc-wpli,gated,cnn,False,none
multimodal_psd-fc-wpli_gated_cnn,1,sub05,sub01;sub08;sub09;sub10;sub11;sub13;sub14;sub15;sub16;sub17;sub18;sub20;sub22;sub24;sub27;sub28;sub29,sub07,27,0.22286434471607208,0.014750421978533268,0.002,1e-05,1.0,1.0,True,False,multimodal,psd-fc-wpli,gated,cnn,False,none
multimodal_psd-fc-wpli_gated_cnn,1,sub05,sub01;sub08;sub09;sub10;sub11;sub13;sub14;sub15;sub16;sub17;sub18;sub20;sub22;sub24;sub27;sub28;sub29,sub07,28,0.19911494851112366,0.011590255424380302,0.002,1e-05,1.0,1.0,True,False,multimodal,psd-fc-wpli,gated,cnn,False,none
multimodal_psd-fc-wpli_gated_cnn,1,sub05,sub01;sub08;sub09;sub10;sub11;sub13;sub14;sub15;sub16;sub17;sub18;sub20;sub22;sub24;sub27;sub28;sub29,sub07,29,0.17625604569911957,0.009084106422960758,0.002,1e-05,1.0,1.0,True,False,multimodal,psd-fc-wpli,gated,cnn,False,none
multimodal_psd-fc-wpli_gated_cnn,1,sub05,sub01;sub08;sub09;sub10;sub11;sub13;sub14;sub15;sub16;sub17;sub18;sub20;sub22;sub24;sub27;sub28;sub29,sub07,30,0.15452153980731964,0.007009446155279875,0.002,1e-05,1.0,1.0,True,False,multimodal,psd-fc-wpli,gated,cnn,False,none
multimodal_psd-fc-wpli_gated_cnn,1,sub05,sub01;sub08;sub09;sub10;sub11;sub13;sub14;sub15;sub16;sub17;sub18;sub20;sub22;sub24;sub27;sub28;sub29,sub07,31,0.13413476943969727,0.0052293143235147,0.002,1e-05,1.0,1.0,True,False,multimodal,psd-fc-wpli,gated,cnn,False,none
multimodal_psd-fc-wpli_gated_cnn,1,sub05,sub01;sub08;sub09;sub10;sub11;sub13;sub14;sub15;sub16;sub17;sub18;sub20;sub22;sub24;sub27;sub28;sub29,sub07,32,0.11542090773582458,0.0037989094853401184,0.002,1e-05,1.0,1.0,True,False,multimodal,psd-fc-wpli,gated,cnn,False,none
multimodal_psd-fc-wpli_gated_cnn,1,sub05,sub01;sub08;sub09;sub10;sub11;sub13;sub14;sub15;sub16;sub17;sub18;sub20;sub22;sub24;sub27;sub28;sub29,sub07,33,0.09855515509843826,0.0027211527340114117,0.002,1e-05,1.0,1.0,True,False,multimodal,psd-fc-wpli,gated,cnn,False,none
multimodal_psd-fc-wpli_gated_cnn,1,sub05,sub01;sub08;sub09;sub10;sub11;sub13;sub14;sub15;sub16;sub17;sub18;sub20;sub22;sub24;sub27;sub28;sub29,sub07,34,0.08361630141735077,0.0019746716134250164,0.002,1e-05,1.0,1.0,True,False,multimodal,psd-fc-wpli,gated,cnn,False,none
multimodal_psd-fc-wpli_gated_cnn,1,sub05,sub01;sub08;sub09;sub10;sub11;sub13;sub14;sub15;sub16;sub17;sub18;sub20;sub22;sub24;sub27;sub28;sub29,sub07,35,0.07040958106517792,0.0014568138867616653,0.002,1e-05,1.0,1.0,True,False,multimodal,psd-fc-wpli,gated,cnn,False,none
multimodal_psd-fc-wpli_gated_cnn,1,sub05,sub01;sub08;sub09;sub10;sub11;sub13;sub14;sub15;sub16;sub17;sub18;sub20;sub22;sub24;sub27;sub28;sub29,sub07,36,0.058896515518426895,0.0010775082046166062,0.002,1e-05,1.0,1.0,True,False,multimodal,psd-fc-wpli,gated,cnn,False,none
multimodal_psd-fc-wpli_gated_cnn,1,sub05,sub01;sub08;sub09;sub10;sub11;sub13;sub14;sub15;sub16;sub17;sub18;sub20;sub22;sub24;sub27;sub28;sub29,sub07,37,0.04902796819806099,0.0007812122930772603,0.002,1e-05,1.0,1.0,True,False,multimodal,psd-fc-wpli,gated,cnn,False,none
multimodal_psd-fc-wpli_gated_cnn,1,sub05,sub01;sub08;sub09;sub10;sub11;sub13;sub14;sub15;sub16;sub17;sub18;sub20;sub22;sub24;sub27;sub28;sub29,sub07,38,0.040706783533096313,0.0005585483158938587,0.002,1e-05,1.0,1.0,True,False,multimodal,psd-fc-wpli,gated,cnn,False,none
multimodal_psd-fc-wpli_gated_cnn,1,sub05,sub01;sub08;sub09;sub10;sub11;sub13;sub14;sub15;sub16;sub17;sub18;sub20;sub22;sub24;sub27;sub28;sub29,sub07,39,0.03374225273728371,0.00038665320607833564,0.002,1e-05,1.0,1.0,True,False,multimodal,psd-fc-wpli,gated,cnn,False,none
multimodal_psd-fc-wpli_gated_cnn,1,sub05,sub01;sub08;sub09;sub10;sub11;sub13;sub14;sub15;sub16;sub17;sub18;sub20;sub22;sub24;sub27;sub28;sub29,sub07,40,0.027936451137065887,0.00025553040904924273,0.002,1e-05,1.0,1.0,True,False,multimodal,psd-fc-wpli,gated,cnn,False,none
multimodal_psd-fc-wpli_gated_cnn,1,sub05,sub01;sub08;sub09;sub10;sub11;sub13;sub14;sub15;sub16;sub17;sub18;sub20;sub22;sub24;sub27;sub28;sub29,sub07,41,0.023089047521352768,0.00016201043035835028,0.002,1e-05,1.0,1.0,True,False,multimodal,psd-fc-wpli,gated,cnn,False,none
multimodal_psd-fc-wpli_gated_cnn,1,sub05,sub01;sub08;sub09;sub10;sub11;sub13;sub14;sub15;sub16;sub17;sub18;sub20;sub22;sub24;sub27;sub28;sub29,sub07,42,0.01907516084611416,0.00010082295921165496,0.002,1e-05,1.0,1.0,True,False,multimodal,psd-fc-wpli,gated,cnn,False,none
multimodal_psd-fc-wpli_gated_cnn,1,sub05,sub01;sub08;sub09;sub10;sub11;sub13;sub14;sub15;sub16;sub17;sub18;sub20;sub22;sub24;sub27;sub28;sub29,sub07,43,0.01579352840781212,6.28105626674369e-05,0.002,1e-05,1.0,1.0,True,False,multimodal,psd-fc-wpli,gated,cnn,False,none
multimodal_psd-fc-wpli_gated_cnn,1,sub05,sub01;sub08;sub09;sub10;sub11;sub13;sub14;sub15;sub16;sub17;sub18;sub20;sub22;sub24;sub27;sub28;sub29,sub07,44,0.013133822940289974,3.992090205429122e-05,0.002,1e-05,1.0,1.0,True,False,multimodal,psd-fc-wpli,gated,cnn,False,none
multimodal_psd-fc-wpli_gated_cnn,1,sub05,sub01;sub08;sub09;sub10;sub11;sub13;sub14;sub15;sub16;sub17;sub18;sub20;sub22;sub24;sub27;sub28;sub29,sub07,45,0.01098224800080061,2.6198003979516216e-05,0.002,1e-05,1.0,1.0,True,False,multimodal,psd-fc-wpli,gated,cnn,False,none
multimodal_psd-fc-wpli_gated_cnn,1,sub05,sub01;sub08;sub09;sub10;sub11;sub13;sub14;sub15;sub16;sub17;sub18;sub20;sub22;sub24;sub27;sub28;sub29,sub07,46,0.00924031250178814,1.786453867680393e-05,0.002,1e-05,1.0,1.0,True,False,multimodal,psd-fc-wpli,gated,cnn,False,none
multimodal_psd-fc-wpli_gated_cnn,1,sub05,sub01;sub08;sub09;sub10;sub11;sub13;sub14;sub15;sub16;sub17;sub18;sub20;sub22;sub24;sub27;sub28;sub29,sub07,47,0.007817957550287247,1.2682404303632211e-05,0.002,1e-05,1.0,1.0,True,False,multimodal,psd-fc-wpli,gated,cnn,False,none
multimodal_psd-fc-wpli_gated_cnn,1,sub05,sub01;sub08;sub09;sub10;sub11;sub13;sub14;sub15;sub16;sub17;sub18;sub20;sub22;sub24;sub27;sub28;sub29,sub07,48,0.006645261775702238,9.335912181995809e-06,0.002,1e-05,1.0,1.0,True,False,multimodal,psd-fc-wpli,gated,cnn,False,none
multimodal_psd-fc-wpli_gated_cnn,1,sub05,sub01;sub08;sub09;sub10;sub11;sub13;sub14;sub15;sub16;sub17;sub18;sub20;sub22;sub24;sub27;sub28;sub29,sub07,49,0.005677264183759689,7.110609658411704e-06,0.002,1e-05,1.0,1.0,True,False,multimodal,psd-fc-wpli,gated,cnn,False,none
multimodal_psd-fc-wpli_gated_cnn,1,sub05,sub01;sub08;sub09;sub10;sub11;sub13;sub14;sub15;sub16;sub17;sub18;sub20;sub22;sub24;sub27;sub28;sub29,sub07,50,0.0048788744024932384,5.557751592277782e-06,0.002,1e-05,1.0,1.0,True,False,multimodal,psd-fc-wpli,gated,cnn,False,none
multimodal_psd-fc-wpli_gated_cnn,1,sub05,sub01;sub08;sub09;sub10;sub11;sub13;sub14;sub15;sub16;sub17;sub18;sub20;sub22;sub24;sub27;sub28;sub29,sub07,51,0.004220867063850164,4.427451131050475e-06,0.002,1e-05,1.0,1.0,True,False,multimodal,psd-fc-wpli,gated,cnn,False,none
multimodal_psd-fc-wpli_gated_cnn,1,sub05,sub01;sub08;sub09;sub10;sub11;sub13;sub14;sub15;sub16;sub17;sub18;sub20;sub22;sub24;sub27;sub28;sub29,sub07,52,0.003676731837913394,3.5788702916761395e-06,0.002,1e-05,1.0,1.0,True,False,multimodal,psd-fc-wpli,gated,cnn,False,none
multimodal_psd-fc-wpli_gated_cnn,1,sub05,sub01;sub08;sub09;sub10;sub11;sub13;sub14;sub15;sub16;sub17;sub18;sub20;sub22;sub24;sub27;sub28;sub29,sub07,53,0.003224712098017335,2.926971319539007e-06,0.002,1e-05,1.0,1.0,True,False,multimodal,psd-fc-wpli,gated,cnn,False,none
multimodal_psd-fc-wpli_gated_cnn,1,sub05,sub01;sub08;sub09;sub10;sub11;sub13;sub14;sub15;sub16;sub17;sub18;sub20;sub22;sub24;sub27;sub28;sub29,sub07,54,0.0028460968751460314,2.411818968539592e-06,0.002,1e-05,1.0,1.0,True,False,multimodal,psd-fc-wpli,gated,cnn,False,none
multimodal_psd-fc-wpli_gated_cnn,1,sub05,sub01;sub08;sub09;sub10;sub11;sub13;sub14;sub15;sub16;sub17;sub18;sub20;sub22;sub24;sub27;sub28;sub29,sub07,55,0.0025261251721531153,2.0026402580697322e-06,0.002,1e-05,1.0,1.0,True,False,multimodal,psd-fc-wpli,gated,cnn,False,none
multimodal_psd-fc-wpli_gated_cnn,1,sub05,sub01;sub08;sub09;sub10;sub11;sub13;sub14;sub15;sub16;sub17;sub18;sub20;sub22;sub24;sub27;sub28;sub29,sub07,56,0.0022541943471878767,1.6770324009485194e-06,0.002,1e-05,1.0,1.0,True,False,multimodal,psd-fc-wpli,gated,cnn,False,none
multimodal_psd-fc-wpli_gated_cnn,1,sub05,sub01;sub08;sub09;sub10;sub11;sub13;sub14;sub15;sub16;sub17;sub18;sub20;sub22;sub24;sub27;sub28;sub29,sub07,57,0.0020213464740663767,1.4179723848428694e-06,0.002,1e-05,1.0,1.0,True,False,multimodal,psd-fc-wpli,gated,cnn,False,none
multimodal_psd-fc-wpli_gated_cnn,1,sub05,sub01;sub08;sub09;sub10;sub11;sub13;sub14;sub15;sub16;sub17;sub18;sub20;sub22;sub24;sub27;sub28;sub29,sub07,58,0.0018208316760137677,1.2118467793698073e-06,0.002,1e-05,1.0,1.0,True,False,multimodal,psd-fc-wpli,gated,cnn,False,none
multimodal_psd-fc-wpli_gated_cnn,1,sub05,sub01;sub08;sub09;sub10;sub11;sub13;sub14;sub15;sub16;sub17;sub18;sub20;sub22;sub24;sub27;sub28;sub29,sub07,59,0.001647726516239345,1.047489718075667e-06,0.002,1e-05,1.0,1.0,True,False,multimodal,psd-fc-wpli,gated,cnn,False,none
multimodal_psd-fc-wpli_gated_cnn,1,sub05,sub01;sub08;sub09;sub10;sub11;sub13;sub14;sub15;sub16;sub17;sub18;sub20;sub22;sub24;sub27;sub28;sub29,sub07,60,0.001498083584010601,9.166092809209658e-07,0.002,1e-05,1.0,1.0,True,False,multimodal,psd-fc-wpli,gated,cnn,False,none
multimodal_psd-fc-wpli_gated_cnn,1,sub05,sub01;sub08;sub09;sub10;sub11;sub13;sub14;sub15;sub16;sub17;sub18;sub20;sub22;sub24;sub27;sub28;sub29,sub07,61,0.0013683594297617674,8.125015824589354e-07,0.002,1e-05,1.0,1.0,True,False,multimodal,psd-fc-wpli,gated,cnn,False,none
multimodal_psd-fc-wpli_gated_cnn,1,sub05,sub01;sub08;sub09;sub10;sub11;sub13;sub14;sub15;sub16;sub17;sub18;sub20;sub22;sub24;sub27;sub28;sub29,sub07,62,0.001255710725672543,7.291884003279847e-07,0.002,1e-05,1.0,1.0,True,False,multimodal,psd-fc-wpli,gated,cnn,False,none
multimodal_psd-fc-wpli_gated_cnn,1,sub05,sub01;sub08;sub09;sub10;sub11;sub13;sub14;sub15;sub16;sub17;sub18;sub20;sub22;sub24;sub27;sub28;sub29,sub07,63,0.0011577061377465725,6.617666485908558e-07,0.002,1e-05,1.0,1.0,True,False,multimodal,psd-fc-wpli,gated,cnn,False,none
multimodal_psd-fc-wpli_gated_cnn,1,sub05,sub01;sub08;sub09;sub10;sub11;sub13;sub14;sub15;sub16;sub17;sub18;sub20;sub22;sub24;sub27;sub28;sub29,sub07,64,0.0010722187580540776,6.064389026505523e-07,0.002,1e-05,1.0,1.0,True,False,multimodal,psd-fc-wpli,gated,cnn,False,none
multimodal_psd-fc-wpli_gated_cnn,1,sub05,sub01;sub08;sub09;sub10;sub11;sub13;sub14;sub15;sub16;sub17;sub18;sub20;sub22;sub24;sub27;sub28;sub29,sub07,65,0.0009969142265617847,5.604082957688661e-07,0.002,1e-05,1.0,1.0,True,False,multimodal,psd-fc-wpli,gated,cnn,False,none
multimodal_psd-fc-wpli_gated_cnn,1,sub05,sub01;sub08;sub09;sub10;sub11;sub13;sub14;sub15;sub16;sub17;sub18;sub20;sub22;sub24;sub27;sub28;sub29,sub07,66,0.0009301940444856882,5.21339700298995e-07,0.002,1e-05,1.0,1.0,True,False,multimodal,psd-fc-wpli,gated,cnn,False,none
multimodal_psd-fc-wpli_gated_cnn,1,sub05,sub01;sub08;sub09;sub10;sub11;sub13;sub14;sub15;sub16;sub17;sub18;sub20;sub22;sub24;sub27;sub28;sub29,sub07,67,0.0008707098313607275,4.87534691728797e-07,0.002,1e-05,1.0,1.0,True,False,multimodal,psd-fc-wpli,gated,cnn,False,none
multimodal_psd-fc-wpli_gated_cnn,1,sub05,sub01;sub08;sub09;sub10;sub11;sub13;sub14;sub15;sub16;sub17;sub18;sub20;sub22;sub24;sub27;sub28;sub29,sub07,68,0.0008175279945135117,4.5785193947267544e-07,0.002,1e-05,1.0,1.0,True,False,multimodal,psd-fc-wpli,gated,cnn,False,none
multimodal_psd-fc-wpli_gated_cnn,1,sub05,sub01;sub08;sub09;sub10;sub11;sub13;sub14;sub15;sub16;sub17;sub18;sub20;sub22;sub24;sub27;sub28;sub29,sub07,69,0.0007696436368860304,4.312317400945176e-07,0.002,1e-05,1.0,1.0,True,False,multimodal,psd-fc-wpli,gated,cnn,False,none
multimodal_psd-fc-wpli_gated_cnn,1,sub05,sub01;sub08;sub09;sub10;sub11;sub13;sub14;sub15;sub16;sub17;sub18;sub20;sub22;sub24;sub27;sub28;sub29,sub07,70,0.0007265110616572201,4.067313739142264e-07,0.002,1e-05,1.0,1.0,True,False,multimodal,psd-fc-wpli,gated,cnn,False,none
multimodal_psd-fc-wpli_gated_cnn,1,sub05,sub01;sub08;sub09;sub10;sub11;sub13;sub14;sub15;sub16;sub17;sub18;sub20;sub22;sub24;sub27;sub28;sub29,sub07,71,0.0006874895188957453,3.838308657577727e-07,0.002,1e-05,1.0,1.0,True,False,multimodal,psd-fc-wpli,gated,cnn,False,none
multimodal_psd-fc-wpli_gated_cnn,1,sub05,sub01;sub08;sub09;sub10;sub11;sub13;sub14;sub15;sub16;sub17;sub18;sub20;sub22;sub24;sub27;sub28;sub29,sub07,72,0.0006520883180201054,3.621910593665234e-07,0.002,1e-05,1.0,1.0,True,False,multimodal,psd-fc-wpli,gated,cnn,False,none
multimodal_psd-fc-wpli_gated_cnn,1,sub05,sub01;sub08;sub09;sub10;sub11;sub13;sub14;sub15;sub16;sub17;sub18;sub20;sub22;sub24;sub27;sub28;sub29,sub07,73,0.0006198938353918493,3.4142334470743663e-07,0.002,1e-05,1.0,1.0,True,False,multimodal,psd-fc-wpli,gated,cnn,False,none
multimodal_psd-fc-wpli_gated_cnn,1,sub05,sub01;sub08;sub09;sub10;sub11;sub13;sub14;sub15;sub16;sub17;sub18;sub20;sub22;sub24;sub27;sub28;sub29,sub07,74,0.0005905904690735042,3.2126962423717487e-07,0.002,1e-05,1.0,1.0,True,False,multimodal,psd-fc-wpli,gated,cnn,False,none
multimodal_psd-fc-wpli_gated_cnn,1,sub05,sub01;sub08;sub09;sub10;sub11;sub13;sub14;sub15;sub16;sub17;sub18;sub20;sub22;sub24;sub27;sub28;sub29,sub07,75,0.0005638173315674067,3.0169869091878354e-07,0.002,1e-05,1.0,1.0,True,False,multimodal,psd-fc-wpli,gated,cnn,False,none
multimodal_psd-fc-wpli_gated_cnn,1,sub05,sub01;sub08;sub09;sub10;sub11;sub13;sub14;sub15;sub16;sub17;sub18;sub20;sub22;sub24;sub27;sub28;sub29,sub07,76,0.0005392135353758931,2.8260080853215186e-07,0.002,1e-05,1.0,1.0,True,False,multimodal,psd-fc-wpli,gated,cnn,False,none
multimodal_psd-fc-wpli_gated_cnn,1,sub05,sub01;sub08;sub09;sub10;sub11;sub13;sub14;sub15;sub16;sub17;sub18;sub20;sub22;sub24;sub27;sub28;sub29,sub07,77,0.0005165224429219961,2.640165064349276e-07,0.002,1e-05,1.0,1.0,True,False,multimodal,psd-fc-wpli,gated,cnn,False,none
multimodal_psd-fc-wpli_gated_cnn,1,sub05,sub01;sub08;sub09;sub10;sub11;sub13;sub14;sub15;sub16;sub17;sub18;sub20;sub22;sub24;sub27;sub28;sub29,sub07,78,0.0004955226322636008,2.4588496216892963e-07,0.002,1e-05,1.0,1.0,True,False,multimodal,psd-fc-wpli,gated,cnn,False,none
multimodal_psd-fc-wpli_gated_cnn,1,sub05,sub01;sub08;sub09;sub10;sub11;sub13;sub14;sub15;sub16;sub17;sub18;sub20;sub22;sub24;sub27;sub28;sub29,sub07,79,0.0004760822339449078,2.2827425993909856e-07,0.002,1e-05,1.0,1.0,True,False,multimodal,psd-fc-wpli,gated,cnn,False,none
multimodal_psd-fc-wpli_gated_cnn,1,sub05,sub01;sub08;sub09;sub10;sub11;sub13;sub14;sub15;sub16;sub17;sub18;sub20;sub22;sub24;sub27;sub28;sub29,sub07,80,0.0004579701053444296,2.112420389721592e-07,0.002,1e-05,1.0,1.0,True,False,multimodal,psd-fc-wpli,gated,cnn,False,none
multimodal_psd-fc-wpli_gated_cnn,1,sub05,sub01;sub08;sub09;sub10;sub11;sub13;sub14;sub15;sub16;sub17;sub18;sub20;sub22;sub24;sub27;sub28;sub29,sub07,81,0.000441010546637699,1.9482736490772368e-07,0.002,1e-05,1.0,1.0,True,False,multimodal,psd-fc-wpli,gated,cnn,False,none
multimodal_psd-fc-wpli_gated_cnn,1,sub05,sub01;sub08;sub09;sub10;sub11;sub13;sub14;sub15;sub16;sub17;sub18;sub20;sub22;sub24;sub27;sub28;sub29,sub07,82,0.00042511834180913866,1.7913249905632256e-07,0.002,1e-05,1.0,1.0,True,False,multimodal,psd-fc-wpli,gated,cnn,False,none
multimodal_psd-fc-wpli_gated_cnn,1,sub05,sub01;sub08;sub09;sub10;sub11;sub13;sub14;sub15;sub16;sub17;sub18;sub20;sub22;sub24;sub27;sub28;sub29,sub07,83,0.0004101929080206901,1.6424755244770495e-07,0.002,1e-05,1.0,1.0,True,False,multimodal,psd-fc-wpli,gated,cnn,False,none
multimodal_psd-fc-wpli_gated_cnn,1,sub05,sub01;sub08;sub09;sub10;sub11;sub13;sub14;sub15;sub16;sub17;sub18;sub20;sub22;sub24;sub27;sub28;sub29,sub07,84,0.0003960645117331296,1.5015430676612596e-07,0.002,1e-05,1.0,1.0,True,False,multimodal,psd-fc-wpli,gated,cnn,False,none
multimodal_psd-fc-wpli_gated_cnn,1,sub05,sub01;sub08;sub09;sub10;sub11;sub13;sub14;sub15;sub16;sub17;sub18;sub20;sub22;sub24;sub27;sub28;sub29,sub07,85,0.000382694648578763,1.3684216071396804e-07,0.002,1e-05,1.0,1.0,True,False,multimodal,psd-fc-wpli,gated,cnn,False,none
multimodal_psd-fc-wpli_gated_cnn,1,sub05,sub01;sub08;sub09;sub10;sub11;sub13;sub14;sub15;sub16;sub17;sub18;sub20;sub22;sub24;sub27;sub28;sub29,sub07,86,0.00036992909736,1.242614615648563e-07,0.002,1e-05,1.0,1.0,True,False,multimodal,psd-fc-wpli,gated,cnn,False,none
multimodal_psd-fc-wpli_gated_cnn,1,sub05,sub01;sub08;sub09;sub10;sub11;sub13;sub14;sub15;sub16;sub17;sub18;sub20;sub22;sub24;sub27;sub28;sub29,sub07,87,0.0003577703610062599,1.1241074560075504e-07,0.002,1e-05,1.0,1.0,True,False,multimodal,psd-fc-wpli,gated,cnn,False,none
multimodal_psd-fc-wpli_gated_cnn,1,sub05,sub01;sub08;sub09;sub10;sub11;sub13;sub14;sub15;sub16;sub17;sub18;sub20;sub22;sub24;sub27;sub28;sub29,sub07,88,0.00034609867725521326,1.0131414995839805e-07,0.002,1e-05,1.0,1.0,True,False,multimodal,psd-fc-wpli,gated,cnn,False,none
multimodal_psd-fc-wpli_gated_cnn,1,sub05,sub01;sub08;sub09;sub10;sub11;sub13;sub14;sub15;sub16;sub17;sub18;sub20;sub22;sub24;sub27;sub28;sub29,sub07,89,0.00033490877831354737,9.097867348373256e-08,0.002,1e-05,1.0,1.0,True,False,multimodal,psd-fc-wpli,gated,cnn,False,none
multimodal_psd-fc-wpli_gated_cnn,1,sub05,sub01;sub08;sub09;sub10;sub11;sub13;sub14;sub15;sub16;sub17;sub18;sub20;sub22;sub24;sub27;sub28;sub29,sub07,90,0.00032414458109997213,8.137079987591278e-08,0.002,1e-05,1.0,1.0,True,False,multimodal,psd-fc-wpli,gated,cnn,False,none
multimodal_psd-fc-wpli_gated_cnn,1,sub05,sub01;sub08;sub09;sub10;sub11;sub13;sub14;sub15;sub16;sub17;sub18;sub20;sub22;sub24;sub27;sub28;sub29,sub07,91,0.0003138083848170936,7.246550381978523e-08,0.002,1e-05,1.0,1.0,True,False,multimodal,psd-fc-wpli,gated,cnn,False,none
multimodal_psd-fc-wpli_gated_cnn,1,sub05,sub01;sub08;sub09;sub10;sub11;sub13;sub14;sub15;sub16;sub17;sub18;sub20;sub22;sub24;sub27;sub28;sub29,sub07,92,0.00030387111473828554,6.425711518431854e-08,0.002,1e-05,1.0,1.0,True,False,multimodal,psd-fc-wpli,gated,cnn,False,none
multimodal_psd-fc-wpli_gated_cnn,1,sub05,sub01;sub08;sub09;sub10;sub11;sub13;sub14;sub15;sub16;sub17;sub18;sub20;sub22;sub24;sub27;sub28;sub29,sub07,93,0.0002943059953395277,5.675691028272922e-08,0.002,1e-05,1.0,1.0,True,False,multimodal,psd-fc-wpli,gated,cnn,False,none
multimodal_psd-fc-wpli_gated_cnn,1,sub05,sub01;sub08;sub09;sub10;sub11;sub13;sub14;sub15;sub16;sub17;sub18;sub20;sub22;sub24;sub27;sub28;sub29,sub07,94,0.00028510656557045877,4.990708291074952e-08,0.002,1e-05,1.0,1.0,True,False,multimodal,psd-fc-wpli,gated,cnn,False,none
multimodal_psd-fc-wpli_gated_cnn,1,sub05,sub01;sub08;sub09;sub10;sub11;sub13;sub14;sub15;sub16;sub17;sub18;sub20;sub22;sub24;sub27;sub28;sub29,sub07,95,0.00027626374503597617,4.36900258193873e-08,0.002,1e-05,1.0,1.0,True,False,multimodal,psd-fc-wpli,gated,cnn,False,none
multimodal_psd-fc-wpli_gated_cnn,1,sub05,sub01;sub08;sub09;sub10;sub11;sub13;sub14;sub15;sub16;sub17;sub18;sub20;sub22;sub24;sub27;sub28;sub29,sub07,96,0.00026780625921674073,3.8081466868788993e-08,0.002,1e-05,1.0,1.0,True,False,multimodal,psd-fc-wpli,gated,cnn,False,none
multimodal_psd-fc-wpli_gated_cnn,1,sub05,sub01;sub08;sub09;sub10;sub11;sub13;sub14;sub15;sub16;sub17;sub18;sub20;sub22;sub24;sub27;sub28;sub29,sub07,97,0.00025964813539758325,3.306159257476793e-08,0.002,1e-05,1.0,1.0,True,False,multimodal,psd-fc-wpli,gated,cnn,False,none
multimodal_psd-fc-wpli_gated_cnn,1,sub05,sub01;sub08;sub09;sub10;sub11;sub13;sub14;sub15;sub16;sub17;sub18;sub20;sub22;sub24;sub27;sub28;sub29,sub07,98,0.000251756893703714,2.860314651798035e-08,0.002,1e-05,1.0,1.0,True,False,multimodal,psd-fc-wpli,gated,cnn,False,none
multimodal_psd-fc-wpli_gated_cnn,1,sub05,sub01;sub08;sub09;sub10;sub11;sub13;sub14;sub15;sub16;sub17;sub18;sub20;sub22;sub24;sub27;sub28;sub29,sub07,99,0.00024409970501437783,2.467335669109616e-08,0.002,1e-05,1.0,1.0,True,False,multimodal,psd-fc-wpli,gated,cnn,False,none
multimodal_psd-fc-wpli_gated_cnn,1,sub05,sub01;sub08;sub09;sub10;sub11;sub13;sub14;sub15;sub16;sub17;sub18;sub20;sub22;sub24;sub27;sub28;sub29,sub07,100,0.00023670541122555733,2.121761433215852e-08,0.002,1e-05,1.0,1.0,True,False,multimodal,psd-fc-wpli,gated,cnn,False,none
multimodal_psd-fc-wpli_gated_cnn,2,sub07,sub01;sub05;sub09;sub10;sub11;sub13;sub14;sub15;sub16;sub17;sub18;sub20;sub22;sub24;sub27;sub28;sub29,sub08,1,0.6856604218482971,0.7153314352035522,0.002,1e-05,1.0,1.0,True,False,multimodal,psd-fc-wpli,gated,cnn,False,none
multimodal_psd-fc-wpli_gated_cnn,2,sub07,sub01;sub05;sub09;sub10;sub11;sub13;sub14;sub15;sub16;sub17;sub18;sub20;sub22;sub24;sub27;sub28;sub29,sub08,2,0.674182116985321,0.7212767601013184,0.002,1e-05,1.0,1.0,False,False,multimodal,psd-fc-wpli,gated,cnn,False,none
multimodal_psd-fc-wpli_gated_cnn,2,sub07,sub01;sub05;sub09;sub10;sub11;sub13;sub14;sub15;sub16;sub17;sub18;sub20;sub22;sub24;sub27;sub28;sub29,sub08,3,0.6654678583145142,0.7236666083335876,0.002,1e-05,1.0,1.0,False,False,multimodal,psd-fc-wpli,gated,cnn,False,none
multimodal_psd-fc-wpli_gated_cnn,2,sub07,sub01;sub05;sub09;sub10;sub11;sub13;sub14;sub15;sub16;sub17;sub18;sub20;sub22;sub24;sub27;sub28;sub29,sub08,4,0.6580758094787598,0.7227664589881897,0.002,1e-05,1.0,1.0,False,False,multimodal,psd-fc-wpli,gated,cnn,False,none
multimodal_psd-fc-wpli_gated_cnn,2,sub07,sub01;sub05;sub09;sub10;sub11;sub13;sub14;sub15;sub16;sub17;sub18;sub20;sub22;sub24;sub27;sub28;sub29,sub08,5,0.6501808762550354,0.7197569012641907,0.002,1e-05,1.0,1.0,False,False,multimodal,psd-fc-wpli,gated,cnn,False,none
multimodal_psd-fc-wpli_gated_cnn,2,sub07,sub01;sub05;sub09;sub10;sub11;sub13;sub14;sub15;sub16;sub17;sub18;sub20;sub22;sub24;sub27;sub28;sub29,sub08,6,0.6414671540260315,0.7148277163505554,0.002,1e-05,1.0,1.0,True,False,multimodal,psd-fc-wpli,gated,cnn,False,none
multimodal_psd-fc-wpli_gated_cnn,2,sub07,sub01;sub05;sub09;sub10;sub11;sub13;sub14;sub15;sub16;sub17;sub18;sub20;sub22;sub24;sub27;sub28;sub29,sub08,7,0.6320273280143738,0.7064170241355896,0.002,1e-05,1.0,1.0,True,False,multimodal,psd-fc-wpli,gated,cnn,False,none
multimodal_psd-fc-wpli_gated_cnn,2,sub07,sub01;sub05;sub09;sub10;sub11;sub13;sub14;sub15;sub16;sub17;sub18;sub20;sub22;sub24;sub27;sub28;sub29,sub08,8,0.6217214465141296,0.6966562867164612,0.002,1e-05,1.0,1.0,True,False,multimodal,psd-fc-wpli,gated,cnn,False,none
multimodal_psd-fc-wpli_gated_cnn,2,sub07,sub01;sub05;sub09;sub10;sub11;sub13;sub14;sub15;sub16;sub17;sub18;sub20;sub22;sub24;sub27;sub28;sub29,sub08,9,0.6102906465530396,0.6848661303520203,0.002,1e-05,1.0,1.0,True,False,multimodal,psd-fc-wpli,gated,cnn,False,none
multimodal_psd-fc-wpli_gated_cnn,2,sub07,sub01;sub05;sub09;sub10;sub11;sub13;sub14;sub15;sub16;sub17;sub18;sub20;sub22;sub24;sub27;sub28;sub29,sub08,10,0.5984548926353455,0.6702885031700134,0.002,1e-05,1.0,1.0,True,False,multimodal,psd-fc-wpli,gated,cnn,False,none
multimodal_psd-fc-wpli_gated_cnn,2,sub07,sub01;sub05;sub09;sub10;sub11;sub13;sub14;sub15;sub16;sub17;sub18;sub20;sub22;sub24;sub27;sub28;sub29,sub08,11,0.5858951210975647,0.6511894464492798,0.002,1e-05,1.0,1.0,True,False,multimodal,psd-fc-wpli,gated,cnn,False,none
multimodal_psd-fc-wpli_gated_cnn,2,sub07,sub01;sub05;sub09;sub10;sub11;sub13;sub14;sub15;sub16;sub17;sub18;sub20;sub22;sub24;sub27;sub28;sub29,sub08,12,0.5721468925476074,0.6270453333854675,0.002,1e-05,1.0,1.0,True,False,multimodal,psd-fc-wpli,gated,cnn,False,none
multimodal_psd-fc-wpli_gated_cnn,2,sub07,sub01;sub05;sub09;sub10;sub11;sub13;sub14;sub15;sub16;sub17;sub18;sub20;sub22;sub24;sub27;sub28;sub29,sub08,13,0.5571350455284119,0.5997115969657898,0.002,1e-05,1.0,1.0,True,False,multimodal,psd-fc-wpli,gated,cnn,False,none
multimodal_psd-fc-wpli_gated_cnn,2,sub07,sub01;sub05;sub09;sub10;sub11;sub13;sub14;sub15;sub16;sub17;sub18;sub20;sub22;sub24;sub27;sub28;sub29,sub08,14,0.5408474802970886,0.5734035968780518,0.002,1e-05,1.0,1.0,True,False,multimodal,psd-fc-wpli,gated,cnn,False,none
multimodal_psd-fc-wpli_gated_cnn,2,sub07,sub01;sub05;sub09;sub10;sub11;sub13;sub14;sub15;sub16;sub17;sub18;sub20;sub22;sub24;sub27;sub28;sub29,sub08,15,0.5233360528945923,0.5507345199584961,0.002,1e-05,1.0,1.0,True,False,multimodal,psd-fc-wpli,gated,cnn,False,none
multimodal_psd-fc-wpli_gated_cnn,2,sub07,sub01;sub05;sub09;sub10;sub11;sub13;sub14;sub15;sub16;sub17;sub18;sub20;sub22;sub24;sub27;sub28;sub29,sub08,16,0.5044021606445312,0.5335479378700256,0.002,1e-05,1.0,1.0,True,False,multimodal,psd-fc-wpli,gated,cnn,False,none
multimodal_psd-fc-wpli_gated_cnn,2,sub07,sub01;sub05;sub09;sub10;sub11;sub13;sub14;sub15;sub16;sub17;sub18;sub20;sub22;sub24;sub27;sub28;sub29,sub08,17,0.4841686189174652,0.5223811864852905,0.002,1e-05,1.0,1.0,True,False,multimodal,psd-fc-wpli,gated,cnn,False,none
multimodal_psd-fc-wpli_gated_cnn,2,sub07,sub01;sub05;sub09;sub10;sub11;sub13;sub14;sub15;sub16;sub17;sub18;sub20;sub22;sub24;sub27;sub28;sub29,sub08,18,0.4627417325973511,0.5159591436386108,0.002,1e-05,1.0,1.0,True,False,multimodal,psd-fc-wpli,gated,cnn,False,none
multimodal_psd-fc-wpli_gated_cnn,2,sub07,sub01;sub05;sub09;sub10;sub11;sub13;sub14;sub15;sub16;sub17;sub18;sub20;sub22;sub24;sub27;sub28;sub29,sub08,19,0.44006112217903137,0.5163562297821045,0.002,1e-05,1.0,1.0,False,False,multimodal,psd-fc-wpli,gated,cnn,False,none
multimodal_psd-fc-wpli_gated_cnn,2,sub07,sub01;sub05;sub09;sub10;sub11;sub13;sub14;sub15;sub16;sub17;sub18;sub20;sub22;sub24;sub27;sub28;sub29,sub08,20,0.4163048267364502,0.517892599105835,0.002,1e-05,1.0,1.0,False,False,multimodal,psd-fc-wpli,gated,cnn,False,none
multimodal_psd-fc-wpli_gated_cnn,2,sub07,sub01;sub05;sub09;sub10;sub11;sub13;sub14;sub15;sub16;sub17;sub18;sub20;sub22;sub24;sub27;sub28;sub29,sub08,21,0.3917105793952942,0.5169880390167236,0.002,1e-05,1.0,1.0,False,False,multimodal,psd-fc-wpli,gated,cnn,False,none
multimodal_psd-fc-wpli_gated_cnn,2,sub07,sub01;sub05;sub09;sub10;sub11;sub13;sub14;sub15;sub16;sub17;sub18;sub20;sub22;sub24;sub27;sub28;sub29,sub08,22,0.3664923906326294,0.5127589702606201,0.002,1e-05,1.0,1.0,True,False,multimodal,psd-fc-wpli,gated,cnn,False,none
multimodal_psd-fc-wpli_gated_cnn,2,sub07,sub01;sub05;sub09;sub10;sub11;sub13;sub14;sub15;sub16;sub17;sub18;sub20;sub22;sub24;sub27;sub28;sub29,sub08,23,0.34089183807373047,0.5148371458053589,0.002,1e-05,1.0,1.0,False,False,multimodal,psd-fc-wpli,gated,cnn,False,none
multimodal_psd-fc-wpli_gated_cnn,2,sub07,sub01;sub05;sub09;sub10;sub11;sub13;sub14;sub15;sub16;sub17;sub18;sub20;sub22;sub24;sub27;sub28;sub29,sub08,24,0.3152197301387787,0.5054620504379272,0.002,1e-05,1.0,1.0,True,False,multimodal,psd-fc-wpli,gated,cnn,False,none
multimodal_psd-fc-wpli_gated_cnn,2,sub07,sub01;sub05;sub09;sub10;sub11;sub13;sub14;sub15;sub16;sub17;sub18;sub20;sub22;sub24;sub27;sub28;sub29,sub08,25,0.289887934923172,0.4687422811985016,0.002,1e-05,1.0,1.0,True,False,multimodal,psd-fc-wpli,gated,cnn,False,none
multimodal_psd-fc-wpli_gated_cnn,2,sub07,sub01;sub05;sub09;sub10;sub11;sub13;sub14;sub15;sub16;sub17;sub18;sub20;sub22;sub24;sub27;sub28;sub29,sub08,26,0.265331506729126,0.4505038261413574,0.002,1e-05,1.0,1.0,True,False,multimodal,psd-fc-wpli,gated,cnn,False,none
multimodal_psd-fc-wpli_gated_cnn,2,sub07,sub01;sub05;sub09;sub10;sub11;sub13;sub14;sub15;sub16;sub17;sub18;sub20;sub22;sub24;sub27;sub28;sub29,sub08,27,0.24121393263339996,0.4671347141265869,0.002,1e-05,1.0,1.0,False,False,multimodal,psd-fc-wpli,gated,cnn,False,none
multimodal_psd-fc-wpli_gated_cnn,2,sub07,sub01;sub05;sub09;sub10;sub11;sub13;sub14;sub15;sub16;sub17;sub18;sub20;sub22;sub24;sub27;sub28;sub29,sub08,28,0.21747973561286926,0.49766626954078674,0.002,1e-05,1.0,1.0,False,False,multimodal,psd-fc-wpli,gated,cnn,False,none
multimodal_psd-fc-wpli_gated_cnn,2,sub07,sub01;sub05;sub09;sub10;sub11;sub13;sub14;sub15;sub16;sub17;sub18;sub20;sub22;sub24;sub27;sub28;sub29,sub08,29,0.19456543028354645,0.49333009123802185,0.002,1e-05,1.0,1.0,False,False,multimodal,psd-fc-wpli,gated,cnn,False,none
multimodal_psd-fc-wpli_gated_cnn,2,sub07,sub01;sub05;sub09;sub10;sub11;sub13;sub14;sub15;sub16;sub17;sub18;sub20;sub22;sub24;sub27;sub28;sub29,sub08,30,0.17264899611473083,0.4342235028743744,0.002,1e-05,1.0,1.0,True,False,multimodal,psd-fc-wpli,gated,cnn,False,none
multimodal_psd-fc-wpli_gated_cnn,2,sub07,sub01;sub05;sub09;sub10;sub11;sub13;sub14;sub15;sub16;sub17;sub18;sub20;sub22;sub24;sub27;sub28;sub29,sub08,31,0.15208213031291962,0.4129796326160431,0.002,1e-05,1.0,1.0,True,False,multimodal,psd-fc-wpli,gated,cnn,False,none
multimodal_psd-fc-wpli_gated_cnn,2,sub07,sub01;sub05;sub09;sub10;sub11;sub13;sub14;sub15;sub16;sub17;sub18;sub20;sub22;sub24;sub27;sub28;sub29,sub08,32,0.13303086161613464,0.41944482922554016,0.002,1e-05,1.0,1.0,False,False,multimodal,psd-fc-wpli,gated,cnn,False,none
multimodal_psd-fc-wpli_gated_cnn,2,sub07,sub01;sub05;sub09;sub10;sub11;sub13;sub14;sub15;sub16;sub17;sub18;sub20;sub22;sub24;sub27;sub28;sub29,sub08,33,0.11551200598478317,0.4239685535430908,0.002,1e-05,1.0,1.0,False,False,multimodal,psd-fc-wpli,gated,cnn,False,none
multimodal_psd-fc-wpli_gated_cnn,2,sub07,sub01;sub05;sub09;sub10;sub11;sub13;sub14;sub15;sub16;sub17;sub18;sub20;sub22;sub24;sub27;sub28;sub29,sub08,34,0.09967696666717529,0.4078493118286133,0.002,1e-05,1.0,1.0,True,False,multimodal,psd-fc-wpli,gated,cnn,False,none
multimodal_psd-fc-wpli_gated_cnn,2,sub07,sub01;sub05;sub09;sub10;sub11;sub13;sub14;sub15;sub16;sub17;sub18;sub20;sub22;sub24;sub27;sub28;sub29,sub08,35,0.08542253077030182,0.4075327515602112,0.002,1e-05,1.0,1.0,True,False,multimodal,psd-fc-wpli,gated,cnn,False,none
multimodal_psd-fc-wpli_gated_cnn,2,sub07,sub01;sub05;sub09;sub10;sub11;sub13;sub14;sub15;sub16;sub17;sub18;sub20;sub22;sub24;sub27;sub28;sub29,sub08,36,0.07284889370203018,0.41569653153419495,0.002,1e-05,1.0,1.0,False,False,multimodal,psd-fc-wpli,gated,cnn,False,none
multimodal_psd-fc-wpli_gated_cnn,2,sub07,sub01;sub05;sub09;sub10;sub11;sub13;sub14;sub15;sub16;sub17;sub18;sub20;sub22;sub24;sub27;sub28;sub29,sub08,37,0.06183314323425293,0.4371047616004944,0.002,1e-05,1.0,1.0,False,False,multimodal,psd-fc-wpli,gated,cnn,False,none
multimodal_psd-fc-wpli_gated_cnn,2,sub07,sub01;sub05;sub09;sub10;sub11;sub13;sub14;sub15;sub16;sub17;sub18;sub20;sub22;sub24;sub27;sub28;sub29,sub08,38,0.05227048322558403,0.46026700735092163,0.002,1e-05,1.0,1.0,False,False,multimodal,psd-fc-wpli,gated,cnn,False,none
multimodal_psd-fc-wpli_gated_cnn,2,sub07,sub01;sub05;sub09;sub10;sub11;sub13;sub14;sub15;sub16;sub17;sub18;sub20;sub22;sub24;sub27;sub28;sub29,sub08,39,0.04408058151602745,0.46224546432495117,0.002,1e-05,1.0,1.0,False,False,multimodal,psd-fc-wpli,gated,cnn,False,none
multimodal_psd-fc-wpli_gated_cnn,2,sub07,sub01;sub05;sub09;sub10;sub11;sub13;sub14;sub15;sub16;sub17;sub18;sub20;sub22;sub24;sub27;sub28;sub29,sub08,40,0.03716878220438957,0.43957415223121643,0.002,1e-05,1.0,1.0,False,False,multimodal,psd-fc-wpli,gated,cnn,False,none
multimodal_psd-fc-wpli_gated_cnn,2,sub07,sub01;sub05;sub09;sub10;sub11;sub13;sub14;sub15;sub16;sub17;sub18;sub20;sub22;sub24;sub27;sub28;sub29,sub08,41,0.03133057802915573,0.4029584228992462,0.002,1e-05,1.0,1.0,True,False,multimodal,psd-fc-wpli,gated,cnn,False,none
multimodal_psd-fc-wpli_gated_cnn,2,sub07,sub01;sub05;sub09;sub10;sub11;sub13;sub14;sub15;sub16;sub17;sub18;sub20;sub22;sub24;sub27;sub28;sub29,sub08,42,0.026395244523882866,0.3758140504360199,0.002,1e-05,1.0,1.0,True,False,multimodal,psd-fc-wpli,gated,cnn,False,none
multimodal_psd-fc-wpli_gated_cnn,2,sub07,sub01;sub05;sub09;sub10;sub11;sub13;sub14;sub15;sub16;sub17;sub18;sub20;sub22;sub24;sub27;sub28;sub29,sub08,43,0.02229263074696064,0.36418506503105164,0.002,1e-05,1.0,1.0,True,False,multimodal,psd-fc-wpli,gated,cnn,False,none
multimodal_psd-fc-wpli_gated_cnn,2,sub07,sub01;sub05;sub09;sub10;sub11;sub13;sub14;sub15;sub16;sub17;sub18;sub20;sub22;sub24;sub27;sub28;sub29,sub08,44,0.018892919644713402,0.36657053232192993,0.002,1e-05,1.0,1.0,False,False,multimodal,psd-fc-wpli,gated,cnn,False,none
multimodal_psd-fc-wpli_gated_cnn,2,sub07,sub01;sub05;sub09;sub10;sub11;sub13;sub14;sub15;sub16;sub17;sub18;sub20;sub22;sub24;sub27;sub28;sub29,sub08,45,0.01604880578815937,0.37530794739723206,0.002,1e-05,1.0,1.0,False,False,multimodal,psd-fc-wpli,gated,cnn,False,none
multimodal_psd-fc-wpli_gated_cnn,2,sub07,sub01;sub05;sub09;sub10;sub11;sub13;sub14;sub15;sub16;sub17;sub18;sub20;sub22;sub24;sub27;sub28;sub29,sub08,46,0.013687310740351677,0.37654808163642883,0.002,1e-05,1.0,1.0,False,False,multimodal,psd-fc-wpli,gated,cnn,False,none
multimodal_psd-fc-wpli_gated_cnn,2,sub07,sub01;sub05;sub09;sub10;sub11;sub13;sub14;sub15;sub16;sub17;sub18;sub20;sub22;sub24;sub27;sub28;sub29,sub08,47,0.011722140945494175,0.3679085969924927,0.002,1e-05,1.0,1.0,False,False,multimodal,psd-fc-wpli,gated,cnn,False,none
multimodal_psd-fc-wpli_gated_cnn,2,sub07,sub01;sub05;sub09;sub10;sub11;sub13;sub14;sub15;sub16;sub17;sub18;sub20;sub22;sub24;sub27;sub28;sub29,sub08,48,0.01007856149226427,0.3559408187866211,0.002,1e-05,1.0,1.0,True,False,multimodal,psd-fc-wpli,gated,cnn,False,none
multimodal_psd-fc-wpli_gated_cnn,2,sub07,sub01;sub05;sub09;sub10;sub11;sub13;sub14;sub15;sub16;sub17;sub18;sub20;sub22;sub24;sub27;sub28;sub29,sub08,49,0.008715908043086529,0.348656564950943,0.002,1e-05,1.0,1.0,True,False,multimodal,psd-fc-wpli,gated,cnn,False,none
multimodal_psd-fc-wpli_gated_cnn,2,sub07,sub01;sub05;sub09;sub10;sub11;sub13;sub14;sub15;sub16;sub17;sub18;sub20;sub22;sub24;sub27;sub28;sub29,sub08,50,0.007582725957036018,0.34966179728507996,0.002,1e-05,1.0,1.0,False,False,multimodal,psd-fc-wpli,gated,cnn,False,none
multimodal_psd-fc-wpli_gated_cnn,2,sub07,sub01;sub05;sub09;sub10;sub11;sub13;sub14;sub15;sub16;sub17;sub18;sub20;sub22;sub24;sub27;sub28;sub29,sub08,51,0.006631670519709587,0.3602657616138458,0.002,1e-05,1.0,1.0,False,False,multimodal,psd-fc-wpli,gated,cnn,False,none
multimodal_psd-fc-wpli_gated_cnn,2,sub07,sub01;sub05;sub09;sub10;sub11;sub13;sub14;sub15;sub16;sub17;sub18;sub20;sub22;sub24;sub27;sub28;sub29,sub08,52,0.005829450208693743,0.37770503759384155,0.002,1e-05,1.0,1.0,False,False,multimodal,psd-fc-wpli,gated,cnn,False,none
multimodal_psd-fc-wpli_gated_cnn,2,sub07,sub01;sub05;sub09;sub10;sub11;sub13;sub14;sub15;sub16;sub17;sub18;sub20;sub22;sub24;sub27;sub28;sub29,sub08,53,0.005152130499482155,0.3986566662788391,0.002,1e-05,1.0,1.0,False,False,multimodal,psd-fc-wpli,gated,cnn,False,none
multimodal_psd-fc-wpli_gated_cnn,2,sub07,sub01;sub05;sub09;sub10;sub11;sub13;sub14;sub15;sub16;sub17;sub18;sub20;sub22;sub24;sub27;sub28;sub29,sub08,54,0.004582282621413469,0.4176154136657715,0.002,1e-05,1.0,1.0,False,False,multimodal,psd-fc-wpli,gated,cnn,False,none
multimodal_psd-fc-wpli_gated_cnn,2,sub07,sub01;sub05;sub09;sub10;sub11;sub13;sub14;sub15;sub16;sub17;sub18;sub20;sub22;sub24;sub27;sub28;sub29,sub08,55,0.004100681282579899,0.43251436948776245,0.002,1e-05,1.0,1.0,False,False,multimodal,psd-fc-wpli,gated,cnn,False,none
multimodal_psd-fc-wpli_gated_cnn,2,sub07,sub01;sub05;sub09;sub10;sub11;sub13;sub14;sub15;sub16;sub17;sub18;sub20;sub22;sub24;sub27;sub28;sub29,sub08,56,0.003689484903588891,0.4417065382003784,0.002,1e-05,1.0,1.0,False,False,multimodal,psd-fc-wpli,gated,cnn,False,none
multimodal_psd-fc-wpli_gated_cnn,2,sub07,sub01;sub05;sub09;sub10;sub11;sub13;sub14;sub15;sub16;sub17;sub18;sub20;sub22;sub24;sub27;sub28;sub29,sub08,57,0.003336008870974183,0.4457224905490875,0.002,1e-05,1.0,1.0,False,False,multimodal,psd-fc-wpli,gated,cnn,False,none
multimodal_psd-fc-wpli_gated_cnn,2,sub07,sub01;sub05;sub09;sub10;sub11;sub13;sub14;sub15;sub16;sub17;sub18;sub20;sub22;sub24;sub27;sub28;sub29,sub08,58,0.0030301481019705534,0.44459301233291626,0.002,1e-05,1.0,1.0,False,False,multimodal,psd-fc-wpli,gated,cnn,False,none
multimodal_psd-fc-wpli_gated_cnn,2,sub07,sub01;sub05;sub09;sub10;sub11;sub13;sub14;sub15;sub16;sub17;sub18;sub20;sub22;sub24;sub27;sub28;sub29,sub08,59,0.0027641362976282835,0.4395536184310913,0.002,1e-05,1.0,1.0,False,False,multimodal,psd-fc-wpli,gated,cnn,False,none
multimodal_psd-fc-wpli_gated_cnn,2,sub07,sub01;sub05;sub09;sub10;sub11;sub13;sub14;sub15;sub16;sub17;sub18;sub20;sub22;sub24;sub27;sub28;sub29,sub08,60,0.0025328455958515406,0.4327649474143982,0.002,1e-05,1.0,1.0,False,False,multimodal,psd-fc-wpli,gated,cnn,False,none
multimodal_psd-fc-wpli_gated_cnn,2,sub07,sub01;sub05;sub09;sub10;sub11;sub13;sub14;sub15;sub16;sub17;sub18;sub20;sub22;sub24;sub27;sub28;sub29,sub08,61,0.002331758849322796,0.4264669418334961,0.002,1e-05,1.0,1.0,False,False,multimodal,psd-fc-wpli,gated,cnn,False,none
multimodal_psd-fc-wpli_gated_cnn,2,sub07,sub01;sub05;sub09;sub10;sub11;sub13;sub14;sub15;sub16;sub17;sub18;sub20;sub22;sub24;sub27;sub28;sub29,sub08,62,0.0021570830140262842,0.4220869243144989,0.002,1e-05,1.0,1.0,False,False,multimodal,psd-fc-wpli,gated,cnn,False,none
multimodal_psd-fc-wpli_gated_cnn,2,sub07,sub01;sub05;sub09;sub10;sub11;sub13;sub14;sub15;sub16;sub17;sub18;sub20;sub22;sub24;sub27;sub28;sub29,sub08,63,0.002004134701564908,0.41994497179985046,0.002,1e-05,1.0,1.0,False,False,multimodal,psd-fc-wpli,gated,cnn,False,none
multimodal_psd-fc-wpli_gated_cnn,2,sub07,sub01;sub05;sub09;sub10;sub11;sub13;sub14;sub15;sub16;sub17;sub18;sub20;sub22;sub24;sub27;sub28;sub29,sub08,64,0.0018693876918405294,0.420198529958725,0.002,1e-05,1.0,1.0,False,False,multimodal,psd-fc-wpli,gated,cnn,False,none
multimodal_psd-fc-wpli_gated_cnn,2,sub07,sub01;sub05;sub09;sub10;sub11;sub13;sub14;sub15;sub16;sub17;sub18;sub20;sub22;sub24;sub27;sub28;sub29,sub08,65,0.001749974675476551,0.4223053455352783,0.002,1e-05,1.0,1.0,False,False,multimodal,psd-fc-wpli,gated,cnn,False,none
multimodal_psd-fc-wpli_gated_cnn,2,sub07,sub01;sub05;sub09;sub10;sub11;sub13;sub14;sub15;sub16;sub17;sub18;sub20;sub22;sub24;sub27;sub28;sub29,sub08,66,0.0016442449996247888,0.4249763786792755,0.002,1e-05,1.0,1.0,False,False,multimodal,psd-fc-wpli,gated,cnn,False,none
multimodal_psd-fc-wpli_gated_cnn,2,sub07,sub01;sub05;sub09;sub10;sub11;sub13;sub14;sub15;sub16;sub17;sub18;sub20;sub22;sub24;sub27;sub28;sub29,sub08,67,0.0015503185568377376,0.4278452694416046,0.002,1e-05,1.0,1.0,False,False,multimodal,psd-fc-wpli,gated,cnn,False,none
multimodal_psd-fc-wpli_gated_cnn,2,sub07,sub01;sub05;sub09;sub10;sub11;sub13;sub14;sub15;sub16;sub17;sub18;sub20;sub22;sub24;sub27;sub28;sub29,sub08,68,0.0014661550521850586,0.4305305480957031,0.002,1e-05,1.0,1.0,False,False,multimodal,psd-fc-wpli,gated,cnn,False,none
multimodal_psd-fc-wpli_gated_cnn,2,sub07,sub01;sub05;sub09;sub10;sub11;sub13;sub14;sub15;sub16;sub17;sub18;sub20;sub22;sub24;sub27;sub28;sub29,sub08,69,0.0013906079111620784,0.4323466420173645,0.002,1e-05,1.0,1.0,False,False,multimodal,psd-fc-wpli,gated,cnn,False,none
multimodal_psd-fc-wpli_gated_cnn,2,sub07,sub01;sub05;sub09;sub10;sub11;sub13;sub14;sub15;sub16;sub17;sub18;sub20;sub22;sub24;sub27;sub28;sub29,sub08,70,0.00132261891849339,0.43281927704811096,0.002,1e-05,1.0,1.0,False,False,multimodal,psd-fc-wpli,gated,cnn,False,none
multimodal_psd-fc-wpli_gated_cnn,2,sub07,sub01;sub05;sub09;sub10;sub11;sub13;sub14;sub15;sub16;sub17;sub18;sub20;sub22;sub24;sub27;sub28;sub29,sub08,71,0.0012610119301825762,0.4317217469215393,0.002,1e-05,1.0,1.0,False,False,multimodal,psd-fc-wpli,gated,cnn,False,none
multimodal_psd-fc-wpli_gated_cnn,2,sub07,sub01;sub05;sub09;sub10;sub11;sub13;sub14;sub15;sub16;sub17;sub18;sub20;sub22;sub24;sub27;sub28;sub29,sub08,72,0.001204855740070343,0.429587721824646,0.002,1e-05,1.0,1.0,False,False,multimodal,psd-fc-wpli,gated,cnn,False,none
multimodal_psd-fc-wpli_gated_cnn,2,sub07,sub01;sub05;sub09;sub10;sub11;sub13;sub14;sub15;sub16;sub17;sub18;sub20;sub22;sub24;sub27;sub28;sub29,sub08,73,0.0011534468503668904,0.4266993999481201,0.002,1e-05,1.0,1.0,False,False,multimodal,psd-fc-wpli,gated,cnn,False,none
multimodal_psd-fc-wpli_gated_cnn,2,sub07,sub01;sub05;sub09;sub10;sub11;sub13;sub14;sub15;sub16;sub17;sub18;sub20;sub22;sub24;sub27;sub28;sub29,sub08,74,0.0011062329867854714,0.42326971888542175,0.002,1e-05,1.0,1.0,False,False,multimodal,psd-fc-wpli,gated,cnn,False,none
multimodal_psd-fc-wpli_gated_cnn,2,sub07,sub01;sub05;sub09;sub10;sub11;sub13;sub14;sub15;sub16;sub17;sub18;sub20;sub22;sub24;sub27;sub28;sub29,sub08,75,0.0010626842267811298,0.41965267062187195,0.002,1e-05,1.0,1.0,False,False,multimodal,psd-fc-wpli,gated,cnn,False,none
multimodal_psd-fc-wpli_gated_cnn,2,sub07,sub01;sub05;sub09;sub10;sub11;sub13;sub14;sub15;sub16;sub17;sub18;sub20;sub22;sub24;sub27;sub28;sub29,sub08,76,0.0010224714642390609,0.4162306785583496,0.002,1e-05,1.0,1.0,False,False,multimodal,psd-fc-wpli,gated,cnn,False,none
multimodal_psd-fc-wpli_gated_cnn,2,sub07,sub01;sub05;sub09;sub10;sub11;sub13;sub14;sub15;sub16;sub17;sub18;sub20;sub22;sub24;sub27;sub28;sub29,sub08,77,0.0009852310176938772,0.4128459393978119,0.002,1e-05,1.0,1.0,False,False,multimodal,psd-fc-wpli,gated,cnn,False,none
multimodal_psd-fc-wpli_gated_cnn,2,sub07,sub01;sub05;sub09;sub10;sub11;sub13;sub14;sub15;sub16;sub17;sub18;sub20;sub22;sub24;sub27;sub28;sub29,sub08,78,0.0009507719078101218,0.4097997844219208,0.002,1e-05,1.0,1.0,False,False,multimodal,psd-fc-wpli,gated,cnn,False,none
multimodal_psd-fc-wpli_gated_cnn,2,sub07,sub01;sub05;sub09;sub10;sub11;sub13;sub14;sub15;sub16;sub17;sub18;sub20;sub22;sub24;sub27;sub28;sub29,sub08,79,0.0009186986135318875,0.40719833970069885,0.002,1e-05,1.0,1.0,False,False,multimodal,psd-fc-wpli,gated,cnn,False,none
multimodal_psd-fc-wpli_gated_cnn,2,sub07,sub01;sub05;sub09;sub10;sub11;sub13;sub14;sub15;sub16;sub17;sub18;sub20;sub22;sub24;sub27;sub28;sub29,sub08,80,0.000888766604475677,0.4050169885158539,0.002,1e-05,1.0,1.0,False,False,multimodal,psd-fc-wpli,gated,cnn,False,none
multimodal_psd-fc-wpli_gated_cnn,2,sub07,sub01;sub05;sub09;sub10;sub11;sub13;sub14;sub15;sub16;sub17;sub18;sub20;sub22;sub24;sub27;sub28;sub29,sub08,81,0.0008607088238932192,0.4033063054084778,0.002,1e-05,1.0,1.0,False,False,multimodal,psd-fc-wpli,gated,cnn,False,none
multimodal_psd-fc-wpli_gated_cnn,2,sub07,sub01;sub05;sub09;sub10;sub11;sub13;sub14;sub15;sub16;sub17;sub18;sub20;sub22;sub24;sub27;sub28;sub29,sub08,82,0.0008341511129401624,0.4022276699542999,0.002,1e-05,1.0,1.0,False,False,multimodal,psd-fc-wpli,gated,cnn,False,none
multimodal_psd-fc-wpli_gated_cnn,2,sub07,sub01;sub05;sub09;sub10;sub11;sub13;sub14;sub15;sub16;sub17;sub18;sub20;sub22;sub24;sub27;sub28;sub29,sub08,83,0.0008089616312645376,0.40171879529953003,0.002,1e-05,1.0,1.0,False,False,multimodal,psd-fc-wpli,gated,cnn,False,none
multimodal_psd-fc-wpli_gated_cnn,2,sub07,sub01;sub05;sub09;sub10;sub11;sub13;sub14;sub15;sub16;sub17;sub18;sub20;sub22;sub24;sub27;sub28;sub29,sub08,84,0.0007851352565921843,0.40155696868896484,0.002,1e-05,1.0,1.0,False,False,multimodal,psd-fc-wpli,gated,cnn,False,none
multimodal_psd-fc-wpli_gated_cnn,2,sub07,sub01;sub05;sub09;sub10;sub11;sub13;sub14;sub15;sub16;sub17;sub18;sub20;sub22;sub24;sub27;sub28;sub29,sub08,85,0.0007625355501659214,0.40131738781929016,0.002,1e-05,1.0,1.0,False,False,multimodal,psd-fc-wpli,gated,cnn,False,none
multimodal_psd-fc-wpli_gated_cnn,2,sub07,sub01;sub05;sub09;sub10;sub11;sub13;sub14;sub15;sub16;sub17;sub18;sub20;sub22;sub24;sub27;sub28;sub29,sub08,86,0.0007409669342450798,0.4005254805088043,0.002,1e-05,1.0,1.0,False,False,multimodal,psd-fc-wpli,gated,cnn,False,none
multimodal_psd-fc-wpli_gated_cnn,2,sub07,sub01;sub05;sub09;sub10;sub11;sub13;sub14;sub15;sub16;sub17;sub18;sub20;sub22;sub24;sub27;sub28;sub29,sub08,87,0.0007203012937679887,0.39909255504608154,0.002,1e-05,1.0,1.0,False,False,multimodal,psd-fc-wpli,gated,cnn,False,none
multimodal_psd-fc-wpli_gated_cnn,2,sub07,sub01;sub05;sub09;sub10;sub11;sub13;sub14;sub15;sub16;sub17;sub18;sub20;sub22;sub24;sub27;sub28;sub29,sub08,88,0.0007004888029769063,0.3970864415168762,0.002,1e-05,1.0,1.0,False,False,multimodal,psd-fc-wpli,gated,cnn,False,none
multimodal_psd-fc-wpli_gated_cnn,2,sub07,sub01;sub05;sub09;sub10;sub11;sub13;sub14;sub15;sub16;sub17;sub18;sub20;sub22;sub24;sub27;sub28;sub29,sub08,89,0.0006814424996264279,0.3944151699542999,0.002,1e-05,1.0,1.0,False,False,multimodal,psd-fc-wpli,gated,cnn,False,none
multimodal_psd-fc-wpli_gated_cnn,2,sub07,sub01;sub05;sub09;sub10;sub11;sub13;sub14;sub15;sub16;sub17;sub18;sub20;sub22;sub24;sub27;sub28;sub29,sub08,90,0.0006630538264289498,0.3911373019218445,0.002,1e-05,1.0,1.0,False,False,multimodal,psd-fc-wpli,gated,cnn,False,none
multimodal_psd-fc-wpli_gated_cnn,2,sub07,sub01;sub05;sub09;sub10;sub11;sub13;sub14;sub15;sub16;sub17;sub18;sub20;sub22;sub24;sub27;sub28;sub29,sub08,91,0.0006453013047575951,0.38743266463279724,0.002,1e-05,1.0,1.0,False,False,multimodal,psd-fc-wpli,gated,cnn,False,none
multimodal_psd-fc-wpli_gated_cnn,2,sub07,sub01;sub05;sub09;sub10;sub11;sub13;sub14;sub15;sub16;sub17;sub18;sub20;sub22;sub24;sub27;sub28;sub29,sub08,92,0.0006280972738750279,0.38325566053390503,0.002,1e-05,1.0,1.0,False,False,multimodal,psd-fc-wpli,gated,cnn,False,none
multimodal_psd-fc-wpli_gated_cnn,2,sub07,sub01;sub05;sub09;sub10;sub11;sub13;sub14;sub15;sub16;sub17;sub18;sub20;sub22;sub24;sub27;sub28;sub29,sub08,93,0.0006113676354289055,0.3788709342479706,0.002,1e-05,1.0,1.0,False,False,multimodal,psd-fc-wpli,gated,cnn,False,none
multimodal_psd-fc-wpli_gated_cnn,2,sub07,sub01;sub05;sub09;sub10;sub11;sub13;sub14;sub15;sub16;sub17;sub18;sub20;sub22;sub24;sub27;sub28;sub29,sub08,94,0.0005951641360297799,0.3742993175983429,0.002,1e-05,1.0,1.0,False,False,multimodal,psd-fc-wpli,gated,cnn,False,none
multimodal_psd-fc-wpli_gated_cnn,2,sub07,sub01;sub05;sub09;sub10;sub11;sub13;sub14;sub15;sub16;sub17;sub18;sub20;sub22;sub24;sub27;sub28;sub29,sub08,95,0.00057939876569435,0.3696451485157013,0.002,1e-05,1.0,1.0,False,False,multimodal,psd-fc-wpli,gated,cnn,False,none
multimodal_psd-fc-wpli_gated_cnn,2,sub07,sub01;sub05;sub09;sub10;sub11;sub13;sub14;sub15;sub16;sub17;sub18;sub20;sub22;sub24;sub27;sub28;sub29,sub08,96,0.0005641219904646277,0.36511826515197754,0.002,1e-05,1.0,1.0,False,False,multimodal,psd-fc-wpli,gated,cnn,False,none
multimodal_psd-fc-wpli_gated_cnn,2,sub07,sub01;sub05;sub09;sub10;sub11;sub13;sub14;sub15;sub16;sub17;sub18;sub20;sub22;sub24;sub27;sub28;sub29,sub08,97,0.0005492360214702785,0.36080440878868103,0.002,1e-05,1.0,1.0,False,False,multimodal,psd-fc-wpli,gated,cnn,False,none
multimodal_psd-fc-wpli_gated_cnn,2,sub07,sub01;sub05;sub09;sub10;sub11;sub13;sub14;sub15;sub16;sub17;sub18;sub20;sub22;sub24;sub27;sub28;sub29,sub08,98,0.0005346504622139037,0.3567706346511841,0.002,1e-05,1.0,1.0,False,False,multimodal,psd-fc-wpli,gated,cnn,False,none
multimodal_psd-fc-wpli_gated_cnn,2,sub07,sub01;sub05;sub09;sub10;sub11;sub13;sub14;sub15;sub16;sub17;sub18;sub20;sub22;sub24;sub27;sub28;sub29,sub08,99,0.0005203422042541206,0.353354275226593,0.002,1e-05,1.0,1.0,False,False,multimodal,psd-fc-wpli,gated,cnn,False,none
multimodal_psd-fc-wpli_gated_cnn,2,sub07,sub01;sub05;sub09;sub10;sub11;sub13;sub14;sub15;sub16;sub17;sub18;sub20;sub22;sub24;sub27;sub28;sub29,sub08,100,0.0005062934942543507,0.3501942455768585,0.001,1e-05,1.0,1.0,False,False,multimodal,psd-fc-wpli,gated,cnn,False,none
multimodal_psd-fc-wpli_gated_cnn,3,sub08,sub01;sub05;sub07;sub10;sub11;sub13;sub14;sub15;sub16;sub17;sub18;sub20;sub22;sub24;sub27;sub28;sub29,sub09,1,0.6798580884933472,0.7839070558547974,0.002,1e-05,1.0,1.0,True,False,multimodal,psd-fc-wpli,gated,cnn,False,none
multimodal_psd-fc-wpli_gated_cnn,3,sub08,sub01;sub05;sub07;sub10;sub11;sub13;sub14;sub15;sub16;sub17;sub18;sub20;sub22;sub24;sub27;sub28;sub29,sub09,2,0.6722936034202576,0.786625862121582,0.002,1e-05,1.0,1.0,False,False,multimodal,psd-fc-wpli,gated,cnn,False,none
multimodal_psd-fc-wpli_gated_cnn,3,sub08,sub01;sub05;sub07;sub10;sub11;sub13;sub14;sub15;sub16;sub17;sub18;sub20;sub22;sub24;sub27;sub28;sub29,sub09,3,0.6646440029144287,0.7880373597145081,0.002,1e-05,1.0,1.0,False,False,multimodal,psd-fc-wpli,gated,cnn,False,none
multimodal_psd-fc-wpli_gated_cnn,3,sub08,sub01;sub05;sub07;sub10;sub11;sub13;sub14;sub15;sub16;sub17;sub18;sub20;sub22;sub24;sub27;sub28;sub29,sub09,4,0.6564576625823975,0.7883495092391968,0.002,1e-05,1.0,1.0,False,False,multimodal,psd-fc-wpli,gated,cnn,False,none
multimodal_psd-fc-wpli_gated_cnn,3,sub08,sub01;sub05;sub07;sub10;sub11;sub13;sub14;sub15;sub16;sub17;sub18;sub20;sub22;sub24;sub27;sub28;sub29,sub09,5,0.6475104689598083,0.7868439555168152,0.002,1e-05,1.0,1.0,False,False,multimodal,psd-fc-wpli,gated,cnn,False,none
multimodal_psd-fc-wpli_gated_cnn,3,sub08,sub01;sub05;sub07;sub10;sub11;sub13;sub14;sub15;sub16;sub17;sub18;sub20;sub22;sub24;sub27;sub28;sub29,sub09,6,0.6378765106201172,0.7827413082122803,0.002,1e-05,1.0,1.0,True,False,multimodal,psd-fc-wpli,gated,cnn,False,none
multimodal_psd-fc-wpli_gated_cnn,3,sub08,sub01;sub05;sub07;sub10;sub11;sub13;sub14;sub15;sub16;sub17;sub18;sub20;sub22;sub24;sub27;sub28;sub29,sub09,7,0.6281790137290955,0.7773056626319885,0.002,1e-05,1.0,1.0,True,False,multimodal,psd-fc-wpli,gated,cnn,False,none
multimodal_psd-fc-wpli_gated_cnn,3,sub08,sub01;sub05;sub07;sub10;sub11;sub13;sub14;sub15;sub16;sub17;sub18;sub20;sub22;sub24;sub27;sub28;sub29,sub09,8,0.6181602478027344,0.7712929248809814,0.002,1e-05,1.0,1.0,True,False,multimodal,psd-fc-wpli,gated,cnn,False,none
multimodal_psd-fc-wpli_gated_cnn,3,sub08,sub01;sub05;sub07;sub10;sub11;sub13;sub14;sub15;sub16;sub17;sub18;sub20;sub22;sub24;sub27;sub28;sub29,sub09,9,0.6076278686523438,0.767913281917572,0.002,1e-05,1.0,1.0,True,False,multimodal,psd-fc-wpli,gated,cnn,False,none
multimodal_psd-fc-wpli_gated_cnn,3,sub08,sub01;sub05;sub07;sub10;sub11;sub13;sub14;sub15;sub16;sub17;sub18;sub20;sub22;sub24;sub27;sub28;sub29,sub09,10,0.5964055061340332,0.7689326405525208,0.002,1e-05,1.0,1.0,False,False,multimodal,psd-fc-wpli,gated,cnn,False,none
multimodal_psd-fc-wpli_gated_cnn,3,sub08,sub01;sub05;sub07;sub10;sub11;sub13;sub14;sub15;sub16;sub17;sub18;sub20;sub22;sub24;sub27;sub28;sub29,sub09,11,0.584499716758728,0.7731992602348328,0.002,1e-05,1.0,1.0,False,False,multimodal,psd-fc-wpli,gated,cnn,False,none
multimodal_psd-fc-wpli_gated_cnn,3,sub08,sub01;sub05;sub07;sub10;sub11;sub13;sub14;sub15;sub16;sub17;sub18;sub20;sub22;sub24;sub27;sub28;sub29,sub09,12,0.5718522667884827,0.7805724740028381,0.002,1e-05,1.0,1.0,False,False,multimodal,psd-fc-wpli,gated,cnn,False,none
multimodal_psd-fc-wpli_gated_cnn,3,sub08,sub01;sub05;sub07;sub10;sub11;sub13;sub14;sub15;sub16;sub17;sub18;sub20;sub22;sub24;sub27;sub28;sub29,sub09,13,0.5582817196846008,0.792912483215332,0.002,1e-05,1.0,1.0,False,False,multimodal,psd-fc-wpli,gated,cnn,False,none
multimodal_psd-fc-wpli_gated_cnn,3,sub08,sub01;sub05;sub07;sub10;sub11;sub13;sub14;sub15;sub16;sub17;sub18;sub20;sub22;sub24;sub27;sub28;sub29,sub09,14,0.5438113212585449,0.8089798092842102,0.002,1e-05,1.0,1.0,False,False,multimodal,psd-fc-wpli,gated,cnn,False,none
multimodal_psd-fc-wpli_gated_cnn,3,sub08,sub01;sub05;sub07;sub10;sub11;sub13;sub14;sub15;sub16;sub17;sub18;sub20;sub22;sub24;sub27;sub28;sub29,sub09,15,0.528458297252655,0.8283154964447021,0.002,1e-05,1.0,1.0,False,False,multimodal,psd-fc-wpli,gated,cnn,False,none
multimodal_psd-fc-wpli_gated_cnn,3,sub08,sub01;sub05;sub07;sub10;sub11;sub13;sub14;sub15;sub16;sub17;sub18;sub20;sub22;sub24;sub27;sub28;sub29,sub09,16,0.5121216773986816,0.8500787615776062,0.002,1e-05,1.0,1.0,False,False,multimodal,psd-fc-wpli,gated,cnn,False,none
multimodal_psd-fc-wpli_gated_cnn,3,sub08,sub01;sub05;sub07;sub10;sub11;sub13;sub14;sub15;sub16;sub17;sub18;sub20;sub22;sub24;sub27;sub28;sub29,sub09,17,0.49490681290626526,0.8722550868988037,0.002,1e-05,1.0,1.0,False,False,multimodal,psd-fc-wpli,gated,cnn,False,none
multimodal_psd-fc-wpli_gated_cnn,3,sub08,sub01;sub05;sub07;sub10;sub11;sub13;sub14;sub15;sub16;sub17;sub18;sub20;sub22;sub24;sub27;sub28;sub29,sub09,18,0.476877897977829,0.893360435962677,0.002,1e-05,1.0,1.0,False,False,multimodal,psd-fc-wpli,gated,cnn,False,none
multimodal_psd-fc-wpli_gated_cnn,3,sub08,sub01;sub05;sub07;sub10;sub11;sub13;sub14;sub15;sub16;sub17;sub18;sub20;sub22;sub24;sub27;sub28;sub29,sub09,19,0.458063006401062,0.9122825264930725,0.002,1e-05,1.0,1.0,False,False,multimodal,psd-fc-wpli,gated,cnn,False,none
multimodal_psd-fc-wpli_gated_cnn,3,sub08,sub01;sub05;sub07;sub10;sub11;sub13;sub14;sub15;sub16;sub17;sub18;sub20;sub22;sub24;sub27;sub28;sub29,sub09,20,0.43822407722473145,0.9301685690879822,0.002,1e-05,1.0,1.0,False,False,multimodal,psd-fc-wpli,gated,cnn,False,none
multimodal_psd-fc-wpli_gated_cnn,3,sub08,sub01;sub05;sub07;sub10;sub11;sub13;sub14;sub15;sub16;sub17;sub18;sub20;sub22;sub24;sub27;sub28;sub29,sub09,21,0.4174344837665558,0.9484851360321045,0.002,1e-05,1.0,1.0,False,False,multimodal,psd-fc-wpli,gated,cnn,False,none
multimodal_psd-fc-wpli_gated_cnn,3,sub08,sub01;sub05;sub07;sub10;sub11;sub13;sub14;sub15;sub16;sub17;sub18;sub20;sub22;sub24;sub27;sub28;sub29,sub09,22,0.3957452178001404,0.969180703163147,0.002,1e-05,1.0,1.0,False,False,multimodal,psd-fc-wpli,gated,cnn,False,none
multimodal_psd-fc-wpli_gated_cnn,3,sub08,sub01;sub05;sub07;sub10;sub11;sub13;sub14;sub15;sub16;sub17;sub18;sub20;sub22;sub24;sub27;sub28;sub29,sub09,23,0.37347397208213806,0.9894766211509705,0.002,1e-05,1.0,1.0,False,False,multimodal,psd-fc-wpli,gated,cnn,False,none
multimodal_psd-fc-wpli_gated_cnn,3,sub08,sub01;sub05;sub07;sub10;sub11;sub13;sub14;sub15;sub16;sub17;sub18;sub20;sub22;sub24;sub27;sub28;sub29,sub09,24,0.3506626784801483,1.0076756477355957,0.002,1e-05,1.0,1.0,False,False,multimodal,psd-fc-wpli,gated,cnn,False,none
multimodal_psd-fc-wpli_gated_cnn,3,sub08,sub01;sub05;sub07;sub10;sub11;sub13;sub14;sub15;sub16;sub17;sub18;sub20;sub22;sub24;sub27;sub28;sub29,sub09,25,0.327324241399765,1.0180712938308716,0.002,1e-05,1.0,1.0,False,False,multimodal,psd-fc-wpli,gated,cnn,False,none
multimodal_psd-fc-wpli_gated_cnn,3,sub08,sub01;sub05;sub07;sub10;sub11;sub13;sub14;sub15;sub16;sub17;sub18;sub20;sub22;sub24;sub27;sub28;sub29,sub09,26,0.30368736386299133,1.0078353881835938,0.002,1e-05,1.0,1.0,False,False,multimodal,psd-fc-wpli,gated,cnn,False,none
multimodal_psd-fc-wpli_gated_cnn,3,sub08,sub01;sub05;sub07;sub10;sub11;sub13;sub14;sub15;sub16;sub17;sub18;sub20;sub22;sub24;sub27;sub28;sub29,sub09,27,0.27963587641716003,0.9787850379943848,0.002,1e-05,1.0,1.0,False,False,multimodal,psd-fc-wpli,gated,cnn,False,none
multimodal_psd-fc-wpli_gated_cnn,3,sub08,sub01;sub05;sub07;sub10;sub11;sub13;sub14;sub15;sub16;sub17;sub18;sub20;sub22;sub24;sub27;sub28;sub29,sub09,28,0.25537580251693726,0.936295747756958,0.002,1e-05,1.0,1.0,False,False,multimodal,psd-fc-wpli,gated,cnn,False,none
multimodal_psd-fc-wpli_gated_cnn,3,sub08,sub01;sub05;sub07;sub10;sub11;sub13;sub14;sub15;sub16;sub17;sub18;sub20;sub22;sub24;sub27;sub28;sub29,sub09,29,0.2313891053199768,0.9022855162620544,0.002,1e-05,1.0,1.0,False,False,multimodal,psd-fc-wpli,gated,cnn,False,none
multimodal_psd-fc-wpli_gated_cnn,3,sub08,sub01;sub05;sub07;sub10;sub11;sub13;sub14;sub15;sub16;sub17;sub18;sub20;sub22;sub24;sub27;sub28;sub29,sub09,30,0.20818014442920685,0.8982598781585693,0.002,1e-05,1.0,1.0,False,False,multimodal,psd-fc-wpli,gated,cnn,False,none
multimodal_psd-fc-wpli_gated_cnn,3,sub08,sub01;sub05;sub07;sub10;sub11;sub13;sub14;sub15;sub16;sub17;sub18;sub20;sub22;sub24;sub27;sub28;sub29,sub09,31,0.18569576740264893,0.9181475639343262,0.002,1e-05,1.0,1.0,False,False,multimodal,psd-fc-wpli,gated,cnn,False,none
multimodal_psd-fc-wpli_gated_cnn,3,sub08,sub01;sub05;sub07;sub10;sub11;sub13;sub14;sub15;sub16;sub17;sub18;sub20;sub22;sub24;sub27;sub28;sub29,sub09,32,0.16409865021705627,0.9337351322174072,0.002,1e-05,1.0,1.0,False,False,multimodal,psd-fc-wpli,gated,cnn,False,none
multimodal_psd-fc-wpli_gated_cnn,3,sub08,sub01;sub05;sub07;sub10;sub11;sub13;sub14;sub15;sub16;sub17;sub18;sub20;sub22;sub24;sub27;sub28;sub29,sub09,33,0.14397697150707245,0.9404692649841309,0.002,1e-05,1.0,1.0,False,False,multimodal,psd-fc-wpli,gated,cnn,False,none
multimodal_psd-fc-wpli_gated_cnn,3,sub08,sub01;sub05;sub07;sub10;sub11;sub13;sub14;sub15;sub16;sub17;sub18;sub20;sub22;sub24;sub27;sub28;sub29,sub09,34,0.1254645735025406,0.9518235921859741,0.002,1e-05,1.0,1.0,False,False,multimodal,psd-fc-wpli,gated,cnn,False,none
multimodal_psd-fc-wpli_gated_cnn,3,sub08,sub01;sub05;sub07;sub10;sub11;sub13;sub14;sub15;sub16;sub17;sub18;sub20;sub22;sub24;sub27;sub28;sub29,sub09,35,0.108503058552742,0.9611781239509583,0.002,1e-05,1.0,1.0,False,False,multimodal,psd-fc-wpli,gated,cnn,False,none
multimodal_psd-fc-wpli_gated_cnn,3,sub08,sub01;sub05;sub07;sub10;sub11;sub13;sub14;sub15;sub16;sub17;sub18;sub20;sub22;sub24;sub27;sub28;sub29,sub09,36,0.09322833269834518,0.9641219973564148,0.002,1e-05,1.0,1.0,False,False,multimodal,psd-fc-wpli,gated,cnn,False,none
multimodal_psd-fc-wpli_gated_cnn,3,sub08,sub01;sub05;sub07;sub10;sub11;sub13;sub14;sub15;sub16;sub17;sub18;sub20;sub22;sub24;sub27;sub28;sub29,sub09,37,0.07965222746133804,0.9667798280715942,0.002,1e-05,1.0,1.0,False,False,multimodal,psd-fc-wpli,gated,cnn,False,none
multimodal_psd-fc-wpli_gated_cnn,3,sub08,sub01;sub05;sub07;sub10;sub11;sub13;sub14;sub15;sub16;sub17;sub18;sub20;sub22;sub24;sub27;sub28;sub29,sub09,38,0.0677349865436554,0.9651224613189697,0.002,1e-05,1.0,1.0,False,False,multimodal,psd-fc-wpli,gated,cnn,False,none
multimodal_psd-fc-wpli_gated_cnn,3,sub08,sub01;sub05;sub07;sub10;sub11;sub13;sub14;sub15;sub16;sub17;sub18;sub20;sub22;sub24;sub27;sub28;sub29,sub09,39,0.057499583810567856,0.9592502117156982,0.002,1e-05,1.0,1.0,False,False,multimodal,psd-fc-wpli,gated,cnn,False,none
multimodal_psd-fc-wpli_gated_cnn,3,sub08,sub01;sub05;sub07;sub10;sub11;sub13;sub14;sub15;sub16;sub17;sub18;sub20;sub22;sub24;sub27;sub28;sub29,sub09,40,0.04872586578130722,0.9511309266090393,0.002,1e-05,1.0,1.0,False,False,multimodal,psd-fc-wpli,gated,cnn,False,none
multimodal_psd-fc-wpli_gated_cnn,3,sub08,sub01;sub05;sub07;sub10;sub11;sub13;sub14;sub15;sub16;sub17;sub18;sub20;sub22;sub24;sub27;sub28;sub29,sub09,41,0.04121561720967293,0.9508019685745239,0.002,1e-05,1.0,1.0,False,False,multimodal,psd-fc-wpli,gated,cnn,False,none
multimodal_psd-fc-wpli_gated_cnn,3,sub08,sub01;sub05;sub07;sub10;sub11;sub13;sub14;sub15;sub16;sub17;sub18;sub20;sub22;sub24;sub27;sub28;sub29,sub09,42,0.034809406846761703,0.9765665531158447,0.002,1e-05,1.0,1.0,False,False,multimodal,psd-fc-wpli,gated,cnn,False,none
multimodal_psd-fc-wpli_gated_cnn,3,sub08,sub01;sub05;sub07;sub10;sub11;sub13;sub14;sub15;sub16;sub17;sub18;sub20;sub22;sub24;sub27;sub28;sub29,sub09,43,0.0293924268335104,1.0299853086471558,0.002,1e-05,1.0,1.0,False,False,multimodal,psd-fc-wpli,gated,cnn,False,none
multimodal_psd-fc-wpli_gated_cnn,3,sub08,sub01;sub05;sub07;sub10;sub11;sub13;sub14;sub15;sub16;sub17;sub18;sub20;sub22;sub24;sub27;sub28;sub29,sub09,44,0.024827158078551292,1.1021780967712402,0.002,1e-05,1.0,1.0,False,False,multimodal,psd-fc-wpli,gated,cnn,False,none
multimodal_psd-fc-wpli_gated_cnn,3,sub08,sub01;sub05;sub07;sub10;sub11;sub13;sub14;sub15;sub16;sub17;sub18;sub20;sub22;sub24;sub27;sub28;sub29,sub09,45,0.021032001823186874,1.1830909252166748,0.002,1e-05,1.0,1.0,False,False,multimodal,psd-fc-wpli,gated,cnn,False,none
multimodal_psd-fc-wpli_gated_cnn,3,sub08,sub01;sub05;sub07;sub10;sub11;sub13;sub14;sub15;sub16;sub17;sub18;sub20;sub22;sub24;sub27;sub28;sub29,sub09,46,0.017861314117908478,1.2574578523635864,0.002,1e-05,1.0,1.0,False,False,multimodal,psd-fc-wpli,gated,cnn,False,none
multimodal_psd-fc-wpli_gated_cnn,3,sub08,sub01;sub05;sub07;sub10;sub11;sub13;sub14;sub15;sub16;sub17;sub18;sub20;sub22;sub24;sub27;sub28;sub29,sub09,47,0.015196885913610458,1.3177909851074219,0.002,1e-05,1.0,1.0,False,False,multimodal,psd-fc-wpli,gated,cnn,False,none
multimodal_psd-fc-wpli_gated_cnn,3,sub08,sub01;sub05;sub07;sub10;sub11;sub13;sub14;sub15;sub16;sub17;sub18;sub20;sub22;sub24;sub27;sub28;sub29,sub09,48,0.012965940870344639,1.3590216636657715,0.002,1e-05,1.0,1.0,False,False,multimodal,psd-fc-wpli,gated,cnn,False,none
multimodal_psd-fc-wpli_gated_cnn,3,sub08,sub01;sub05;sub07;sub10;sub11;sub13;sub14;sub15;sub16;sub17;sub18;sub20;sub22;sub24;sub27;sub28;sub29,sub09,49,0.011111637577414513,1.3787388801574707,0.002,1e-05,1.0,1.0,False,False,multimodal,psd-fc-wpli,gated,cnn,False,none
multimodal_psd-fc-wpli_gated_cnn,3,sub08,sub01;sub05;sub07;sub10;sub11;sub13;sub14;sub15;sub16;sub17;sub18;sub20;sub22;sub24;sub27;sub28;sub29,sub09,50,0.00957330409437418,1.3804023265838623,0.002,1e-05,1.0,1.0,False,False,multimodal,psd-fc-wpli,gated,cnn,False,none
multimodal_psd-fc-wpli_gated_cnn,3,sub08,sub01;sub05;sub07;sub10;sub11;sub13;sub14;sub15;sub16;sub17;sub18;sub20;sub22;sub24;sub27;sub28;sub29,sub09,51,0.008292483165860176,1.3678048849105835,0.002,1e-05,1.0,1.0,False,False,multimodal,psd-fc-wpli,gated,cnn,False,none
multimodal_psd-fc-wpli_gated_cnn,3,sub08,sub01;sub05;sub07;sub10;sub11;sub13;sub14;sub15;sub16;sub17;sub18;sub20;sub22;sub24;sub27;sub28;sub29,sub09,52,0.00721254525706172,1.346531629562378,0.002,1e-05,1.0,1.0,False,False,multimodal,psd-fc-wpli,gated,cnn,False,none
multimodal_psd-fc-wpli_gated_cnn,3,sub08,sub01;sub05;sub07;sub10;sub11;sub13;sub14;sub15;sub16;sub17;sub18;sub20;sub22;sub24;sub27;sub28;sub29,sub09,53,0.006298348307609558,1.3252767324447632,0.002,1e-05,1.0,1.0,False,False,multimodal,psd-fc-wpli,gated,cnn,False,none
multimodal_psd-fc-wpli_gated_cnn,3,sub08,sub01;sub05;sub07;sub10;sub11;sub13;sub14;sub15;sub16;sub17;sub18;sub20;sub22;sub24;sub27;sub28;sub29,sub09,54,0.0055337888188660145,1.3073972463607788,0.002,1e-05,1.0,1.0,False,False,multimodal,psd-fc-wpli,gated,cnn,False,none
multimodal_psd-fc-wpli_gated_cnn,3,sub08,sub01;sub05;sub07;sub10;sub11;sub13;sub14;sub15;sub16;sub17;sub18;sub20;sub22;sub24;sub27;sub28;sub29,sub09,55,0.004894223529845476,1.294095754623413,0.002,1e-05,1.0,1.0,False,False,multimodal,psd-fc-wpli,gated,cnn,False,none
multimodal_psd-fc-wpli_gated_cnn,3,sub08,sub01;sub05;sub07;sub10;sub11;sub13;sub14;sub15;sub16;sub17;sub18;sub20;sub22;sub24;sub27;sub28;sub29,sub09,56,0.004355159122496843,1.287137508392334,0.002,1e-05,1.0,1.0,False,False,multimodal,psd-fc-wpli,gated,cnn,False,none
multimodal_psd-fc-wpli_gated_cnn,3,sub08,sub01;sub05;sub07;sub10;sub11;sub13;sub14;sub15;sub16;sub17;sub18;sub20;sub22;sub24;sub27;sub28;sub29,sub09,57,0.003898132359609008,1.2850953340530396,0.002,1e-05,1.0,1.0,False,False,multimodal,psd-fc-wpli,gated,cnn,False,none
multimodal_psd-fc-wpli_gated_cnn,3,sub08,sub01;sub05;sub07;sub10;sub11;sub13;sub14;sub15;sub16;sub17;sub18;sub20;sub22;sub24;sub27;sub28;sub29,sub09,58,0.003507206914946437,1.286987543106079,0.002,1e-05,1.0,1.0,False,False,multimodal,psd-fc-wpli,gated,cnn,False,none
multimodal_psd-fc-wpli_gated_cnn,3,sub08,sub01;sub05;sub07;sub10;sub11;sub13;sub14;sub15;sub16;sub17;sub18;sub20;sub22;sub24;sub27;sub28;sub29,sub09,59,0.0031713147182017565,1.29082190990448,0.002,1e-05,1.0,1.0,False,False,multimodal,psd-fc-wpli,gated,cnn,False,none
multimodal_psd-fc-wpli_gated_cnn,3,sub08,sub01;sub05;sub07;sub10;sub11;sub13;sub14;sub15;sub16;sub17;sub18;sub20;sub22;sub24;sub27;sub28;sub29,sub09,60,0.002881305990740657,1.2952728271484375,0.001,1e-05,1.0,1.0,False,False,multimodal,psd-fc-wpli,gated,cnn,False,none
multimodal_psd-fc-wpli_gated_cnn,3,sub08,sub01;sub05;sub07;sub10;sub11;sub13;sub14;sub15;sub16;sub17;sub18;sub20;sub22;sub24;sub27;sub28;sub29,sub09,61,0.002630076603963971,1.2607847452163696,0.001,1e-05,1.0,1.0,False,False,multimodal,psd-fc-wpli,gated,cnn,False,none
multimodal_psd-fc-wpli_gated_cnn,3,sub08,sub01;sub05;sub07;sub10;sub11;sub13;sub14;sub15;sub16;sub17;sub18;sub20;sub22;sub24;sub27;sub28;sub29,sub09,62,0.0025187430437654257,1.2326732873916626,0.001,1e-05,1.0,1.0,False,False,multimodal,psd-fc-wpli,gated,cnn,False,none
multimodal_psd-fc-wpli_gated_cnn,3,sub08,sub01;sub05;sub07;sub10;sub11;sub13;sub14;sub15;sub16;sub17;sub18;sub20;sub22;sub24;sub27;sub28;sub29,sub09,63,0.0024177832528948784,1.2103891372680664,0.001,1e-05,1.0,1.0,False,False,multimodal,psd-fc-wpli,gated,cnn,False,none
multimodal_psd-fc-wpli_gated_cnn,3,sub08,sub01;sub05;sub07;sub10;sub11;sub13;sub14;sub15;sub16;sub17;sub18;sub20;sub22;sub24;sub27;sub28;sub29,sub09,64,0.002326337853446603,1.1927423477172852,0.001,1e-05,1.0,1.0,False,False,multimodal,psd-fc-wpli,gated,cnn,False,none
multimodal_psd-fc-wpli_gated_cnn,3,sub08,sub01;sub05;sub07;sub10;sub11;sub13;sub14;sub15;sub16;sub17;sub18;sub20;sub22;sub24;sub27;sub28;sub29,sub09,65,0.0022435097489506006,1.1788294315338135,0.001,1e-05,1.0,1.0,False,False,multimodal,psd-fc-wpli,gated,cnn,False,none
multimodal_psd-fc-wpli_gated_cnn,3,sub08,sub01;sub05;sub07;sub10;sub11;sub13;sub14;sub15;sub16;sub17;sub18;sub20;sub22;sub24;sub27;sub28;sub29,sub09,66,0.0021679739002138376,1.1677981615066528,0.001,1e-05,1.0,1.0,False,False,multimodal,psd-fc-wpli,gated,cnn,False,none
multimodal_psd-fc-wpli_gated_cnn,3,sub08,sub01;sub05;sub07;sub10;sub11;sub13;sub14;sub15;sub16;sub17;sub18;sub20;sub22;sub24;sub27;sub28;sub29,sub09,67,0.0020989172626286745,1.1587469577789307,0.001,1e-05,1.0,1.0,False,False,multimodal,psd-fc-wpli,gated,cnn,False,none
multimodal_psd-fc-wpli_gated_cnn,3,sub08,sub01;sub05;sub07;sub10;sub11;sub13;sub14;sub15;sub16;sub17;sub18;sub20;sub22;sub24;sub27;sub28;sub29,sub09,68,0.0020353887230157852,1.151327133178711,0.001,1e-05,1.0,1.0,False,False,multimodal,psd-fc-wpli,gated,cnn,False,none
multimodal_psd-fc-wpli_gated_cnn,3,sub08,sub01;sub05;sub07;sub10;sub11;sub13;sub14;sub15;sub16;sub17;sub18;sub20;sub22;sub24;sub27;sub28;sub29,sub09,69,0.0019766862969845533,1.145367980003357,0.001,1e-05,1.0,1.0,False,False,multimodal,psd-fc-wpli,gated,cnn,False,none
multimodal_psd-fc-wpli_gated_cnn,3,sub08,sub01;sub05;sub07;sub10;sub11;sub13;sub14;sub15;sub16;sub17;sub18;sub20;sub22;sub24;sub27;sub28;sub29,sub09,70,0.0019222241826355457,1.1409003734588623,0.001,1e-05,1.0,1.0,False,False,multimodal,psd-fc-wpli,gated,cnn,False,none
multimodal_psd-fc-wpli_gated_cnn,3,sub08,sub01;sub05;sub07;sub10;sub11;sub13;sub14;sub15;sub16;sub17;sub18;sub20;sub22;sub24;sub27;sub28;sub29,sub09,71,0.0018715091282501817,1.1379828453063965,0.001,1e-05,1.0,1.0,False,False,multimodal,psd-fc-wpli,gated,cnn,False,none
multimodal_psd-fc-wpli_gated_cnn,3,sub08,sub01;sub05;sub07;sub10;sub11;sub13;sub14;sub15;sub16;sub17;sub18;sub20;sub22;sub24;sub27;sub28;sub29,sub09,72,0.0018244005041196942,1.136765480041504,0.001,1e-05,1.0,1.0,False,False,multimodal,psd-fc-wpli,gated,cnn,False,none
multimodal_psd-fc-wpli_gated_cnn,3,sub08,sub01;sub05;sub07;sub10;sub11;sub13;sub14;sub15;sub16;sub17;sub18;sub20;sub22;sub24;sub27;sub28;sub29,sub09,73,0.0017804886447265744,1.136892557144165,0.001,1e-05,1.0,1.0,False,False,multimodal,psd-fc-wpli,gated,cnn,False,none
multimodal_psd-fc-wpli_gated_cnn,3,sub08,sub01;sub05;sub07;sub10;sub11;sub13;sub14;sub15;sub16;sub17;sub18;sub20;sub22;sub24;sub27;sub28;sub29,sub09,74,0.0017394267488270998,1.1382653713226318,0.001,1e-05,1.0,1.0,False,False,multimodal,psd-fc-wpli,gated,cnn,False,none
multimodal_psd-fc-wpli_gated_cnn,3,sub08,sub01;sub05;sub07;sub10;sub11;sub13;sub14;sub15;sub16;sub17;sub18;sub20;sub22;sub24;sub27;sub28;sub29,sub09,75,0.0017010933952406049,1.1408311128616333,0.001,1e-05,1.0,1.0,False,False,multimodal,psd-fc-wpli,gated,cnn,False,none
multimodal_psd-fc-wpli_gated_cnn,3,sub08,sub01;sub05;sub07;sub10;sub11;sub13;sub14;sub15;sub16;sub17;sub18;sub20;sub22;sub24;sub27;sub28;sub29,sub09,76,0.001665150048211217,1.14448881149292,0.001,1e-05,1.0,1.0,False,False,multimodal,psd-fc-wpli,gated,cnn,False,none
multimodal_psd-fc-wpli_gated_cnn,3,sub08,sub01;sub05;sub07;sub10;sub11;sub13;sub14;sub15;sub16;sub17;sub18;sub20;sub22;sub24;sub27;sub28;sub29,sub09,77,0.0016313954256474972,1.1493841409683228,0.001,1e-05,1.0,1.0,False,False,multimodal,psd-fc-wpli,gated,cnn,False,none
multimodal_psd-fc-wpli_gated_cnn,3,sub08,sub01;sub05;sub07;sub10;sub11;sub13;sub14;sub15;sub16;sub17;sub18;sub20;sub22;sub24;sub27;sub28;sub29,sub09,78,0.0015995732974261045,1.1553285121917725,0.001,1e-05,1.0,1.0,False,False,multimodal,psd-fc-wpli,gated,cnn,False,none
multimodal_psd-fc-wpli_gated_cnn,3,sub08,sub01;sub05;sub07;sub10;sub11;sub13;sub14;sub15;sub16;sub17;sub18;sub20;sub22;sub24;sub27;sub28;sub29,sub09,79,0.001569483894854784,1.1622055768966675,0.001,1e-05,1.0,1.0,False,False,multimodal,psd-fc-wpli,gated,cnn,False,none
multimodal_psd-fc-wpli_gated_cnn,3,sub08,sub01;sub05;sub07;sub10;sub11;sub13;sub14;sub15;sub16;sub17;sub18;sub20;sub22;sub24;sub27;sub28;sub29,sub09,80,0.001540954690426588,1.1699438095092773,0.001,1e-05,1.0,1.0,False,False,multimodal,psd-fc-wpli,gated,cnn,False,none
multimodal_psd-fc-wpli_gated_cnn,3,sub08,sub01;sub05;sub07;sub10;sub11;sub13;sub14;sub15;sub16;sub17;sub18;sub20;sub22;sub24;sub27;sub28;sub29,sub09,81,0.0015138854505494237,1.1786094903945923,0.001,1e-05,1.0,1.0,False,False,multimodal,psd-fc-wpli,gated,cnn,False,none
multimodal_psd-fc-wpli_gated_cnn,3,sub08,sub01;sub05;sub07;sub10;sub11;sub13;sub14;sub15;sub16;sub17;sub18;sub20;sub22;sub24;sub27;sub28;sub29,sub09,82,0.001488120062276721,1.1882869005203247,0.001,1e-05,1.0,1.0,False,False,multimodal,psd-fc-wpli,gated,cnn,False,none
multimodal_psd-fc-wpli_gated_cnn,3,sub08,sub01;sub05;sub07;sub10;sub11;sub13;sub14;sub15;sub16;sub17;sub18;sub20;sub22;sub24;sub27;sub28;sub29,sub09,83,0.0014635525876656175,1.1988399028778076,0.001,1e-05,1.0,1.0,False,False,multimodal,psd-fc-wpli,gated,cnn,False,none
multimodal_psd-fc-wpli_gated_cnn,3,sub08,sub01;sub05;sub07;sub10;sub11;sub13;sub14;sub15;sub16;sub17;sub18;sub20;sub22;sub24;sub27;sub28;sub29,sub09,84,0.0014400569489225745,1.21054208278656,0.001,1e-05,1.0,1.0,False,False,multimodal,psd-fc-wpli,gated,cnn,False,none
multimodal_psd-fc-wpli_gated_cnn,3,sub08,sub01;sub05;sub07;sub10;sub11;sub13;sub14;sub15;sub16;sub17;sub18;sub20;sub22;sub24;sub27;sub28;sub29,sub09,85,0.0014175600372254848,1.2230168581008911,0.001,1e-05,1.0,1.0,False,False,multimodal,psd-fc-wpli,gated,cnn,False,none
multimodal_psd-fc-wpli_gated_cnn,3,sub08,sub01;sub05;sub07;sub10;sub11;sub13;sub14;sub15;sub16;sub17;sub18;sub20;sub22;sub24;sub27;sub28;sub29,sub09,86,0.0013959506759420037,1.2364044189453125,0.001,1e-05,1.0,1.0,False,False,multimodal,psd-fc-wpli,gated,cnn,False,none
multimodal_psd-fc-wpli_gated_cnn,3,sub08,sub01;sub05;sub07;sub10;sub11;sub13;sub14;sub15;sub16;sub17;sub18;sub20;sub22;sub24;sub27;sub28;sub29,sub09,87,0.0013751437654718757,1.250502347946167,0.001,1e-05,1.0,1.0,False,False,multimodal,psd-fc-wpli,gated,cnn,False,none
multimodal_psd-fc-wpli_gated_cnn,3,sub08,sub01;sub05;sub07;sub10;sub11;sub13;sub14;sub15;sub16;sub17;sub18;sub20;sub22;sub24;sub27;sub28;sub29,sub09,88,0.0013551177689805627,1.265202283859253,0.001,1e-05,1.0,1.0,False,False,multimodal,psd-fc-wpli,gated,cnn,False,none
multimodal_psd-fc-wpli_gated_cnn,3,sub08,sub01;sub05;sub07;sub10;sub11;sub13;sub14;sub15;sub16;sub17;sub18;sub20;sub22;sub24;sub27;sub28;sub29,sub09,89,0.001335781067609787,1.2803165912628174,0.001,1e-05,1.0,1.0,False,False,multimodal,psd-fc-wpli,gated,cnn,False,none
multimodal_psd-fc-wpli_gated_cnn,3,sub08,sub01;sub05;sub07;sub10;sub11;sub13;sub14;sub15;sub16;sub17;sub18;sub20;sub22;sub24;sub27;sub28;sub29,sub09,90,0.0013171221362426877,1.2956864833831787,0.001,1e-05,1.0,1.0,False,False,multimodal,psd-fc-wpli,gated,cnn,False,none
multimodal_psd-fc-wpli_gated_cnn,3,sub08,sub01;sub05;sub07;sub10;sub11;sub13;sub14;sub15;sub16;sub17;sub18;sub20;sub22;sub24;sub27;sub28;sub29,sub09,91,0.001299056108109653,1.31089186668396,0.001,1e-05,1.0,1.0,False,False,multimodal,psd-fc-wpli,gated,cnn,False,none
multimodal_psd-fc-wpli_gated_cnn,3,sub08,sub01;sub05;sub07;sub10;sub11;sub13;sub14;sub15;sub16;sub17;sub18;sub20;sub22;sub24;sub27;sub28;sub29,sub09,92,0.0012816215166822076,1.3256585597991943,0.001,1e-05,1.0,1.0,False,False,multimodal,psd-fc-wpli,gated,cnn,False,none
multimodal_psd-fc-wpli_gated_cnn,3,sub08,sub01;sub05;sub07;sub10;sub11;sub13;sub14;sub15;sub16;sub17;sub18;sub20;sub22;sub24;sub27;sub28;sub29,sub09,93,0.0012647282565012574,1.339896559715271,0.001,1e-05,1.0,1.0,False,False,multimodal,psd-fc-wpli,gated,cnn,False,none
multimodal_psd-fc-wpli_gated_cnn,3,sub08,sub01;sub05;sub07;sub10;sub11;sub13;sub14;sub15;sub16;sub17;sub18;sub20;sub22;sub24;sub27;sub28;sub29,sub09,94,0.0012483574682846665,1.3530187606811523,0.001,1e-05,1.0,1.0,False,False,multimodal,psd-fc-wpli,gated,cnn,False,none
multimodal_psd-fc-wpli_gated_cnn,3,sub08,sub01;sub05;sub07;sub10;sub11;sub13;sub14;sub15;sub16;sub17;sub18;sub20;sub22;sub24;sub27;sub28;sub29,sub09,95,0.0012324891285970807,1.3648368120193481,0.001,1e-05,1.0,1.0,False,False,multimodal,psd-fc-wpli,gated,cnn,False,none
multimodal_psd-fc-wpli_gated_cnn,3,sub08,sub01;sub05;sub07;sub10;sub11;sub13;sub14;sub15;sub16;sub17;sub18;sub20;sub22;sub24;sub27;sub28;sub29,sub09,96,0.0012170267291367054,1.3754220008850098,0.001,1e-05,1.0,1.0,False,False,multimodal,psd-fc-wpli,gated,cnn,False,none
multimodal_psd-fc-wpli_gated_cnn,3,sub08,sub01;sub05;sub07;sub10;sub11;sub13;sub14;sub15;sub16;sub17;sub18;sub20;sub22;sub24;sub27;sub28;sub29,sub09,97,0.0012019723653793335,1.3847441673278809,0.001,1e-05,1.0,1.0,False,False,multimodal,psd-fc-wpli,gated,cnn,False,none
multimodal_psd-fc-wpli_gated_cnn,3,sub08,sub01;sub05;sub07;sub10;sub11;sub13;sub14;sub15;sub16;sub17;sub18;sub20;sub22;sub24;sub27;sub28;sub29,sub09,98,0.0011872678296640515,1.3928252458572388,0.001,1e-05,1.0,1.0,False,False,multimodal,psd-fc-wpli,gated,cnn,False,none
multimodal_psd-fc-wpli_gated_cnn,3,sub08,sub01;sub05;sub07;sub10;sub11;sub13;sub14;sub15;sub16;sub17;sub18;sub20;sub22;sub24;sub27;sub28;sub29,sub09,99,0.0011729035759344697,1.3997645378112793,0.001,1e-05,1.0,1.0,False,False,multimodal,psd-fc-wpli,gated,cnn,False,none
multimodal_psd-fc-wpli_gated_cnn,3,sub08,sub01;sub05;sub07;sub10;sub11;sub13;sub14;sub15;sub16;sub17;sub18;sub20;sub22;sub24;sub27;sub28;sub29,sub09,100,0.0011588699417188764,1.4056631326675415,0.001,1e-05,1.0,1.0,False,False,multimodal,psd-fc-wpli,gated,cnn,False,none
multimodal_psd-fc-wpli_gated_cnn,4,sub09,sub01;sub05;sub07;sub08;sub11;sub13;sub14;sub15;sub16;sub17;sub18;sub20;sub22;sub24;sub27;sub28;sub29,sub10,1,0.7007796168327332,0.7678901553153992,0.002,1e-05,1.0,1.0,True,False,multimodal,psd-fc-wpli,gated,cnn,False,none
multimodal_psd-fc-wpli_gated_cnn,4,sub09,sub01;sub05;sub07;sub08;sub11;sub13;sub14;sub15;sub16;sub17;sub18;sub20;sub22;sub24;sub27;sub28;sub29,sub10,2,0.686906635761261,0.757699728012085,0.002,1e-05,1.0,1.0,True,False,multimodal,psd-fc-wpli,gated,cnn,False,none
multimodal_psd-fc-wpli_gated_cnn,4,sub09,sub01;sub05;sub07;sub08;sub11;sub13;sub14;sub15;sub16;sub17;sub18;sub20;sub22;sub24;sub27;sub28;sub29,sub10,3,0.6746102571487427,0.7465566992759705,0.002,1e-05,1.0,1.0,True,False,multimodal,psd-fc-wpli,gated,cnn,False,none
multimodal_psd-fc-wpli_gated_cnn,4,sub09,sub01;sub05;sub07;sub08;sub11;sub13;sub14;sub15;sub16;sub17;sub18;sub20;sub22;sub24;sub27;sub28;sub29,sub10,4,0.6621816158294678,0.7343056201934814,0.002,1e-05,1.0,1.0,True,False,multimodal,psd-fc-wpli,gated,cnn,False,none
multimodal_psd-fc-wpli_gated_cnn,4,sub09,sub01;sub05;sub07;sub08;sub11;sub13;sub14;sub15;sub16;sub17;sub18;sub20;sub22;sub24;sub27;sub28;sub29,sub10,5,0.6498979330062866,0.7220537662506104,0.002,1e-05,1.0,1.0,True,False,multimodal,psd-fc-wpli,gated,cnn,False,none
multimodal_psd-fc-wpli_gated_cnn,4,sub09,sub01;sub05;sub07;sub08;sub11;sub13;sub14;sub15;sub16;sub17;sub18;sub20;sub22;sub24;sub27;sub28;sub29,sub10,6,0.6372520327568054,0.7095381617546082,0.002,1e-05,1.0,1.0,True,False,multimodal,psd-fc-wpli,gated,cnn,False,none
multimodal_psd-fc-wpli_gated_cnn,4,sub09,sub01;sub05;sub07;sub08;sub11;sub13;sub14;sub15;sub16;sub17;sub18;sub20;sub22;sub24;sub27;sub28;sub29,sub10,7,0.6240372657775879,0.6960167288780212,0.002,1e-05,1.0,1.0,True,False,multimodal,psd-fc-wpli,gated,cnn,False,none
multimodal_psd-fc-wpli_gated_cnn,4,sub09,sub01;sub05;sub07;sub08;sub11;sub13;sub14;sub15;sub16;sub17;sub18;sub20;sub22;sub24;sub27;sub28;sub29,sub10,8,0.6103595495223999,0.6812082529067993,0.002,1e-05,1.0,1.0,True,False,multimodal,psd-fc-wpli,gated,cnn,False,none
multimodal_psd-fc-wpli_gated_cnn,4,sub09,sub01;sub05;sub07;sub08;sub11;sub13;sub14;sub15;sub16;sub17;sub18;sub20;sub22;sub24;sub27;sub28;sub29,sub10,9,0.5960202813148499,0.6648879647254944,0.002,1e-05,1.0,1.0,True,False,multimodal,psd-fc-wpli,gated,cnn,False,none
multimodal_psd-fc-wpli_gated_cnn,4,sub09,sub01;sub05;sub07;sub08;sub11;sub13;sub14;sub15;sub16;sub17;sub18;sub20;sub22;sub24;sub27;sub28;sub29,sub10,10,0.5810765027999878,0.6465439200401306,0.002,1e-05,1.0,1.0,True,False,multimodal,psd-fc-wpli,gated,cnn,False,none
multimodal_psd-fc-wpli_gated_cnn,4,sub09,sub01;sub05;sub07;sub08;sub11;sub13;sub14;sub15;sub16;sub17;sub18;sub20;sub22;sub24;sub27;sub28;sub29,sub10,11,0.5654175281524658,0.6255485415458679,0.002,1e-05,1.0,1.0,True,False,multimodal,psd-fc-wpli,gated,cnn,False,none
multimodal_psd-fc-wpli_gated_cnn,4,sub09,sub01;sub05;sub07;sub08;sub11;sub13;sub14;sub15;sub16;sub17;sub18;sub20;sub22;sub24;sub27;sub28;sub29,sub10,12,0.5489163994789124,0.6010451912879944,0.002,1e-05,1.0,1.0,True,False,multimodal,psd-fc-wpli,gated,cnn,False,none
multimodal_psd-fc-wpli_gated_cnn,4,sub09,sub01;sub05;sub07;sub08;sub11;sub13;sub14;sub15;sub16;sub17;sub18;sub20;sub22;sub24;sub27;sub28;sub29,sub10,13,0.5316064357757568,0.5734856128692627,0.002,1e-05,1.0,1.0,True,False,multimodal,psd-fc-wpli,gated,cnn,False,none
multimodal_psd-fc-wpli_gated_cnn,4,sub09,sub01;sub05;sub07;sub08;sub11;sub13;sub14;sub15;sub16;sub17;sub18;sub20;sub22;sub24;sub27;sub28;sub29,sub10,14,0.5135924816131592,0.5429201126098633,0.002,1e-05,1.0,1.0,True,False,multimodal,psd-fc-wpli,gated,cnn,False,none
multimodal_psd-fc-wpli_gated_cnn,4,sub09,sub01;sub05;sub07;sub08;sub11;sub13;sub14;sub15;sub16;sub17;sub18;sub20;sub22;sub24;sub27;sub28;sub29,sub10,15,0.49489066004753113,0.5117329955101013,0.002,1e-05,1.0,1.0,True,False,multimodal,psd-fc-wpli,gated,cnn,False,none
multimodal_psd-fc-wpli_gated_cnn,4,sub09,sub01;sub05;sub07;sub08;sub11;sub13;sub14;sub15;sub16;sub17;sub18;sub20;sub22;sub24;sub27;sub28;sub29,sub10,16,0.4756292998790741,0.4810680150985718,0.002,1e-05,1.0,1.0,True,False,multimodal,psd-fc-wpli,gated,cnn,False,none
multimodal_psd-fc-wpli_gated_cnn,4,sub09,sub01;sub05;sub07;sub08;sub11;sub13;sub14;sub15;sub16;sub17;sub18;sub20;sub22;sub24;sub27;sub28;sub29,sub10,17,0.4555118680000305,0.4527652859687805,0.002,1e-05,1.0,1.0,True,False,multimodal,psd-fc-wpli,gated,cnn,False,none
multimodal_psd-fc-wpli_gated_cnn,4,sub09,sub01;sub05;sub07;sub08;sub11;sub13;sub14;sub15;sub16;sub17;sub18;sub20;sub22;sub24;sub27;sub28;sub29,sub10,18,0.43457621335983276,0.4279230833053589,0.002,1e-05,1.0,1.0,True,False,multimodal,psd-fc-wpli,gated,cnn,False,none
multimodal_psd-fc-wpli_gated_cnn,4,sub09,sub01;sub05;sub07;sub08;sub11;sub13;sub14;sub15;sub16;sub17;sub18;sub20;sub22;sub24;sub27;sub28;sub29,sub10,19,0.412857323884964,0.4077204167842865,0.002,1e-05,1.0,1.0,True,False,multimodal,psd-fc-wpli,gated,cnn,False,none
multimodal_psd-fc-wpli_gated_cnn,4,sub09,sub01;sub05;sub07;sub08;sub11;sub13;sub14;sub15;sub16;sub17;sub18;sub20;sub22;sub24;sub27;sub28;sub29,sub10,20,0.3904673755168915,0.38919344544410706,0.002,1e-05,1.0,1.0,True,False,multimodal,psd-fc-wpli,gated,cnn,False,none
multimodal_psd-fc-wpli_gated_cnn,4,sub09,sub01;sub05;sub07;sub08;sub11;sub13;sub14;sub15;sub16;sub17;sub18;sub20;sub22;sub24;sub27;sub28;sub29,sub10,21,0.3675181567668915,0.37058159708976746,0.002,1e-05,1.0,1.0,True,False,multimodal,psd-fc-wpli,gated,cnn,False,none
multimodal_psd-fc-wpli_gated_cnn,4,sub09,sub01;sub05;sub07;sub08;sub11;sub13;sub14;sub15;sub16;sub17;sub18;sub20;sub22;sub24;sub27;sub28;sub29,sub10,22,0.34443873167037964,0.3495948612689972,0.002,1e-05,1.0,1.0,True,False,multimodal,psd-fc-wpli,gated,cnn,False,none
multimodal_psd-fc-wpli_gated_cnn,4,sub09,sub01;sub05;sub07;sub08;sub11;sub13;sub14;sub15;sub16;sub17;sub18;sub20;sub22;sub24;sub27;sub28;sub29,sub10,23,0.3212081789970398,0.32651588320732117,0.002,1e-05,1.0,1.0,True,False,multimodal,psd-fc-wpli,gated,cnn,False,none
multimodal_psd-fc-wpli_gated_cnn,4,sub09,sub01;sub05;sub07;sub08;sub11;sub13;sub14;sub15;sub16;sub17;sub18;sub20;sub22;sub24;sub27;sub28;sub29,sub10,24,0.2978197932243347,0.3016030788421631,0.002,1e-05,1.0,1.0,True,False,multimodal,psd-fc-wpli,gated,cnn,False,none
multimodal_psd-fc-wpli_gated_cnn,4,sub09,sub01;sub05;sub07;sub08;sub11;sub13;sub14;sub15;sub16;sub17;sub18;sub20;sub22;sub24;sub27;sub28;sub29,sub10,25,0.2745197117328644,0.27872800827026367,0.002,1e-05,1.0,1.0,True,False,multimodal,psd-fc-wpli,gated,cnn,False,none
multimodal_psd-fc-wpli_gated_cnn,4,sub09,sub01;sub05;sub07;sub08;sub11;sub13;sub14;sub15;sub16;sub17;sub18;sub20;sub22;sub24;sub27;sub28;sub29,sub10,26,0.2515808045864105,0.26051226258277893,0.002,1e-05,1.0,1.0,True,False,multimodal,psd-fc-wpli,gated,cnn,False,none
multimodal_psd-fc-wpli_gated_cnn,4,sub09,sub01;sub05;sub07;sub08;sub11;sub13;sub14;sub15;sub16;sub17;sub18;sub20;sub22;sub24;sub27;sub28;sub29,sub10,27,0.22926267981529236,0.24876932799816132,0.002,1e-05,1.0,1.0,True,False,multimodal,psd-fc-wpli,gated,cnn,False,none
multimodal_psd-fc-wpli_gated_cnn,4,sub09,sub01;sub05;sub07;sub08;sub11;sub13;sub14;sub15;sub16;sub17;sub18;sub20;sub22;sub24;sub27;sub28;sub29,sub10,28,0.20729105174541473,0.24437978863716125,0.002,1e-05,1.0,1.0,True,False,multimodal,psd-fc-wpli,gated,cnn,False,none
multimodal_psd-fc-wpli_gated_cnn,4,sub09,sub01;sub05;sub07;sub08;sub11;sub13;sub14;sub15;sub16;sub17;sub18;sub20;sub22;sub24;sub27;sub28;sub29,sub10,29,0.18596218526363373,0.24821895360946655,0.002,1e-05,1.0,1.0,False,False,multimodal,psd-fc-wpli,gated,cnn,False,none
multimodal_psd-fc-wpli_gated_cnn,4,sub09,sub01;sub05;sub07;sub08;sub11;sub13;sub14;sub15;sub16;sub17;sub18;sub20;sub22;sub24;sub27;sub28;sub29,sub10,30,0.1658286452293396,0.2620847821235657,0.002,1e-05,1.0,1.0,False,False,multimodal,psd-fc-wpli,gated,cnn,False,none
multimodal_psd-fc-wpli_gated_cnn,4,sub09,sub01;sub05;sub07;sub08;sub11;sub13;sub14;sub15;sub16;sub17;sub18;sub20;sub22;sub24;sub27;sub28;sub29,sub10,31,0.14698734879493713,0.28395017981529236,0.002,1e-05,1.0,1.0,False,False,multimodal,psd-fc-wpli,gated,cnn,False,none
multimodal_psd-fc-wpli_gated_cnn,4,sub09,sub01;sub05;sub07;sub08;sub11;sub13;sub14;sub15;sub16;sub17;sub18;sub20;sub22;sub24;sub27;sub28;sub29,sub10,32,0.1298111230134964,0.31713974475860596,0.002,1e-05,1.0,1.0,False,False,multimodal,psd-fc-wpli,gated,cnn,False,none
multimodal_psd-fc-wpli_gated_cnn,4,sub09,sub01;sub05;sub07;sub08;sub11;sub13;sub14;sub15;sub16;sub17;sub18;sub20;sub22;sub24;sub27;sub28;sub29,sub10,33,0.11477656662464142,0.353169709444046,0.002,1e-05,1.0,1.0,False,False,multimodal,psd-fc-wpli,gated,cnn,False,none
multimodal_psd-fc-wpli_gated_cnn,4,sub09,sub01;sub05;sub07;sub08;sub11;sub13;sub14;sub15;sub16;sub17;sub18;sub20;sub22;sub24;sub27;sub28;sub29,sub10,34,0.10129863768815994,0.3851605951786041,0.002,1e-05,1.0,1.0,False,False,multimodal,psd-fc-wpli,gated,cnn,False,none
multimodal_psd-fc-wpli_gated_cnn,4,sub09,sub01;sub05;sub07;sub08;sub11;sub13;sub14;sub15;sub16;sub17;sub18;sub20;sub22;sub24;sub27;sub28;sub29,sub10,35,0.08910340815782547,0.4062841236591339,0.002,1e-05,1.0,1.0,False,False,multimodal,psd-fc-wpli,gated,cnn,False,none
multimodal_psd-fc-wpli_gated_cnn,4,sub09,sub01;sub05;sub07;sub08;sub11;sub13;sub14;sub15;sub16;sub17;sub18;sub20;sub22;sub24;sub27;sub28;sub29,sub10,36,0.07818112522363663,0.41281238198280334,0.002,1e-05,1.0,1.0,False,False,multimodal,psd-fc-wpli,gated,cnn,False,none
multimodal_psd-fc-wpli_gated_cnn,4,sub09,sub01;sub05;sub07;sub08;sub11;sub13;sub14;sub15;sub16;sub17;sub18;sub20;sub22;sub24;sub27;sub28;sub29,sub10,37,0.0684446468949318,0.4068371653556824,0.002,1e-05,1.0,1.0,False,False,multimodal,psd-fc-wpli,gated,cnn,False,none
multimodal_psd-fc-wpli_gated_cnn,4,sub09,sub01;sub05;sub07;sub08;sub11;sub13;sub14;sub15;sub16;sub17;sub18;sub20;sub22;sub24;sub27;sub28;sub29,sub10,38,0.05976472049951553,0.3898376226425171,0.002,1e-05,1.0,1.0,False,False,multimodal,psd-fc-wpli,gated,cnn,False,none
multimodal_psd-fc-wpli_gated_cnn,4,sub09,sub01;sub05;sub07;sub08;sub11;sub13;sub14;sub15;sub16;sub17;sub18;sub20;sub22;sub24;sub27;sub28;sub29,sub10,39,0.052028462290763855,0.36561325192451477,0.002,1e-05,1.0,1.0,False,False,multimodal,psd-fc-wpli,gated,cnn,False,none
multimodal_psd-fc-wpli_gated_cnn,4,sub09,sub01;sub05;sub07;sub08;sub11;sub13;sub14;sub15;sub16;sub17;sub18;sub20;sub22;sub24;sub27;sub28;sub29,sub10,40,0.04516306892037392,0.3375893533229828,0.002,1e-05,1.0,1.0,False,False,multimodal,psd-fc-wpli,gated,cnn,False,none
multimodal_psd-fc-wpli_gated_cnn,4,sub09,sub01;sub05;sub07;sub08;sub11;sub13;sub14;sub15;sub16;sub17;sub18;sub20;sub22;sub24;sub27;sub28;sub29,sub10,41,0.03914551064372063,0.309476375579834,0.002,1e-05,1.0,1.0,False,False,multimodal,psd-fc-wpli,gated,cnn,False,none
multimodal_psd-fc-wpli_gated_cnn,4,sub09,sub01;sub05;sub07;sub08;sub11;sub13;sub14;sub15;sub16;sub17;sub18;sub20;sub22;sub24;sub27;sub28;sub29,sub10,42,0.03386274352669716,0.28385570645332336,0.002,1e-05,1.0,1.0,False,False,multimodal,psd-fc-wpli,gated,cnn,False,none
multimodal_psd-fc-wpli_gated_cnn,4,sub09,sub01;sub05;sub07;sub08;sub11;sub13;sub14;sub15;sub16;sub17;sub18;sub20;sub22;sub24;sub27;sub28;sub29,sub10,43,0.029253529384732246,0.2617465555667877,0.002,1e-05,1.0,1.0,False,False,multimodal,psd-fc-wpli,gated,cnn,False,none
multimodal_psd-fc-wpli_gated_cnn,4,sub09,sub01;sub05;sub07;sub08;sub11;sub13;sub14;sub15;sub16;sub17;sub18;sub20;sub22;sub24;sub27;sub28;sub29,sub10,44,0.025274286046624184,0.24381668865680695,0.002,1e-05,1.0,1.0,True,False,multimodal,psd-fc-wpli,gated,cnn,False,none
multimodal_psd-fc-wpli_gated_cnn,4,sub09,sub01;sub05;sub07;sub08;sub11;sub13;sub14;sub15;sub16;sub17;sub18;sub20;sub22;sub24;sub27;sub28;sub29,sub10,45,0.021876748651266098,0.23110464215278625,0.002,1e-05,1.0,1.0,True,False,multimodal,psd-fc-wpli,gated,cnn,False,none
multimodal_psd-fc-wpli_gated_cnn,4,sub09,sub01;sub05;sub07;sub08;sub11;sub13;sub14;sub15;sub16;sub17;sub18;sub20;sub22;sub24;sub27;sub28;sub29,sub10,46,0.018983464688062668,0.22315500676631927,0.002,1e-05,1.0,1.0,True,False,multimodal,psd-fc-wpli,gated,cnn,False,none
multimodal_psd-fc-wpli_gated_cnn,4,sub09,sub01;sub05;sub07;sub08;sub11;sub13;sub14;sub15;sub16;sub17;sub18;sub20;sub22;sub24;sub27;sub28;sub29,sub10,47,0.016498276963829994,0.21939444541931152,0.002,1e-05,1.0,1.0,True,False,multimodal,psd-fc-wpli,gated,cnn,False,none
multimodal_psd-fc-wpli_gated_cnn,4,sub09,sub01;sub05;sub07;sub08;sub11;sub13;sub14;sub15;sub16;sub17;sub18;sub20;sub22;sub24;sub27;sub28;sub29,sub10,48,0.01435800176113844,0.2190762758255005,0.002,1e-05,1.0,1.0,True,False,multimodal,psd-fc-wpli,gated,cnn,False,none
multimodal_psd-fc-wpli_gated_cnn,4,sub09,sub01;sub05;sub07;sub08;sub11;sub13;sub14;sub15;sub16;sub17;sub18;sub20;sub22;sub24;sub27;sub28;sub29,sub10,49,0.01252006832510233,0.2213561087846756,0.002,1e-05,1.0,1.0,False,False,multimodal,psd-fc-wpli,gated,cnn,False,none
multimodal_psd-fc-wpli_gated_cnn,4,sub09,sub01;sub05;sub07;sub08;sub11;sub13;sub14;sub15;sub16;sub17;sub18;sub20;sub22;sub24;sub27;sub28;sub29,sub10,50,0.01095616165548563,0.22542862594127655,0.002,1e-05,1.0,1.0,False,False,multimodal,psd-fc-wpli,gated,cnn,False,none
multimodal_psd-fc-wpli_gated_cnn,4,sub09,sub01;sub05;sub07;sub08;sub11;sub13;sub14;sub15;sub16;sub17;sub18;sub20;sub22;sub24;sub27;sub28;sub29,sub10,51,0.009634546004235744,0.22948700189590454,0.002,1e-05,1.0,1.0,False,False,multimodal,psd-fc-wpli,gated,cnn,False,none
multimodal_psd-fc-wpli_gated_cnn,4,sub09,sub01;sub05;sub07;sub08;sub11;sub13;sub14;sub15;sub16;sub17;sub18;sub20;sub22;sub24;sub27;sub28;sub29,sub10,52,0.008518127724528313,0.23279833793640137,0.002,1e-05,1.0,1.0,False,False,multimodal,psd-fc-wpli,gated,cnn,False,none
multimodal_psd-fc-wpli_gated_cnn,4,sub09,sub01;sub05;sub07;sub08;sub11;sub13;sub14;sub15;sub16;sub17;sub18;sub20;sub22;sub24;sub27;sub28;sub29,sub10,53,0.007564780302345753,0.23476576805114746,0.002,1e-05,1.0,1.0,False,False,multimodal,psd-fc-wpli,gated,cnn,False,none
multimodal_psd-fc-wpli_gated_cnn,4,sub09,sub01;sub05;sub07;sub08;sub11;sub13;sub14;sub15;sub16;sub17;sub18;sub20;sub22;sub24;sub27;sub28;sub29,sub10,54,0.006746945437043905,0.23557180166244507,0.002,1e-05,1.0,1.0,False,False,multimodal,psd-fc-wpli,gated,cnn,False,none
multimodal_psd-fc-wpli_gated_cnn,4,sub09,sub01;sub05;sub07;sub08;sub11;sub13;sub14;sub15;sub16;sub17;sub18;sub20;sub22;sub24;sub27;sub28;sub29,sub10,55,0.006042008753865957,0.23579451441764832,0.002,1e-05,1.0,1.0,False,False,multimodal,psd-fc-wpli,gated,cnn,False,none
multimodal_psd-fc-wpli_gated_cnn,4,sub09,sub01;sub05;sub07;sub08;sub11;sub13;sub14;sub15;sub16;sub17;sub18;sub20;sub22;sub24;sub27;sub28;sub29,sub10,56,0.005432200618088245,0.23610340058803558,0.002,1e-05,1.0,1.0,False,False,multimodal,psd-fc-wpli,gated,cnn,False,none
multimodal_psd-fc-wpli_gated_cnn,4,sub09,sub01;sub05;sub07;sub08;sub11;sub13;sub14;sub15;sub16;sub17;sub18;sub20;sub22;sub24;sub27;sub28;sub29,sub10,57,0.004900408908724785,0.23672938346862793,0.002,1e-05,1.0,1.0,False,False,multimodal,psd-fc-wpli,gated,cnn,False,none
multimodal_psd-fc-wpli_gated_cnn,4,sub09,sub01;sub05;sub07;sub08;sub11;sub13;sub14;sub15;sub16;sub17;sub18;sub20;sub22;sub24;sub27;sub28;sub29,sub10,58,0.004434534814208746,0.23774252831935883,0.002,1e-05,1.0,1.0,False,False,multimodal,psd-fc-wpli,gated,cnn,False,none
multimodal_psd-fc-wpli_gated_cnn,4,sub09,sub01;sub05;sub07;sub08;sub11;sub13;sub14;sub15;sub16;sub17;sub18;sub20;sub22;sub24;sub27;sub28;sub29,sub10,59,0.0040262918919324875,0.238944411277771,0.002,1e-05,1.0,1.0,False,False,multimodal,psd-fc-wpli,gated,cnn,False,none
multimodal_psd-fc-wpli_gated_cnn,4,sub09,sub01;sub05;sub07;sub08;sub11;sub13;sub14;sub15;sub16;sub17;sub18;sub20;sub22;sub24;sub27;sub28;sub29,sub10,60,0.0036700358614325523,0.24003838002681732,0.002,1e-05,1.0,1.0,False,False,multimodal,psd-fc-wpli,gated,cnn,False,none
multimodal_psd-fc-wpli_gated_cnn,4,sub09,sub01;sub05;sub07;sub08;sub11;sub13;sub14;sub15;sub16;sub17;sub18;sub20;sub22;sub24;sub27;sub28;sub29,sub10,61,0.0033598572481423616,0.24060025811195374,0.002,1e-05,1.0,1.0,False,False,multimodal,psd-fc-wpli,gated,cnn,False,none
multimodal_psd-fc-wpli_gated_cnn,4,sub09,sub01;sub05;sub07;sub08;sub11;sub13;sub14;sub15;sub16;sub17;sub18;sub20;sub22;sub24;sub27;sub28;sub29,sub10,62,0.0030890689231455326,0.2404102087020874,0.002,1e-05,1.0,1.0,False,False,multimodal,psd-fc-wpli,gated,cnn,False,none
multimodal_psd-fc-wpli_gated_cnn,4,sub09,sub01;sub05;sub07;sub08;sub11;sub13;sub14;sub15;sub16;sub17;sub18;sub20;sub22;sub24;sub27;sub28;sub29,sub10,63,0.0028518475592136383,0.23916582763195038,0.002,1e-05,1.0,1.0,False,False,multimodal,psd-fc-wpli,gated,cnn,False,none
multimodal_psd-fc-wpli_gated_cnn,4,sub09,sub01;sub05;sub07;sub08;sub11;sub13;sub14;sub15;sub16;sub17;sub18;sub20;sub22;sub24;sub27;sub28;sub29,sub10,64,0.0026425605174154043,0.23680634796619415,0.002,1e-05,1.0,1.0,False,False,multimodal,psd-fc-wpli,gated,cnn,False,none
multimodal_psd-fc-wpli_gated_cnn,4,sub09,sub01;sub05;sub07;sub08;sub11;sub13;sub14;sub15;sub16;sub17;sub18;sub20;sub22;sub24;sub27;sub28;sub29,sub10,65,0.0024568382650613785,0.2335178554058075,0.002,1e-05,1.0,1.0,False,False,multimodal,psd-fc-wpli,gated,cnn,False,none
multimodal_psd-fc-wpli_gated_cnn,4,sub09,sub01;sub05;sub07;sub08;sub11;sub13;sub14;sub15;sub16;sub17;sub18;sub20;sub22;sub24;sub27;sub28;sub29,sub10,66,0.002291700802743435,0.22979746758937836,0.002,1e-05,1.0,1.0,False,False,multimodal,psd-fc-wpli,gated,cnn,False,none
multimodal_psd-fc-wpli_gated_cnn,4,sub09,sub01;sub05;sub07;sub08;sub11;sub13;sub14;sub15;sub16;sub17;sub18;sub20;sub22;sub24;sub27;sub28;sub29,sub10,67,0.0021453076042234898,0.22607560455799103,0.002,1e-05,1.0,1.0,False,False,multimodal,psd-fc-wpli,gated,cnn,False,none
multimodal_psd-fc-wpli_gated_cnn,4,sub09,sub01;sub05;sub07;sub08;sub11;sub13;sub14;sub15;sub16;sub17;sub18;sub20;sub22;sub24;sub27;sub28;sub29,sub10,68,0.002015447709709406,0.2228717803955078,0.002,1e-05,1.0,1.0,False,False,multimodal,psd-fc-wpli,gated,cnn,False,none
multimodal_psd-fc-wpli_gated_cnn,4,sub09,sub01;sub05;sub07;sub08;sub11;sub13;sub14;sub15;sub16;sub17;sub18;sub20;sub22;sub24;sub27;sub28;sub29,sub10,69,0.0019002953777089715,0.22048304975032806,0.002,1e-05,1.0,1.0,False,False,multimodal,psd-fc-wpli,gated,cnn,False,none
multimodal_psd-fc-wpli_gated_cnn,4,sub09,sub01;sub05;sub07;sub08;sub11;sub13;sub14;sub15;sub16;sub17;sub18;sub20;sub22;sub24;sub27;sub28;sub29,sub10,70,0.0017971225315704942,0.21929015219211578,0.002,1e-05,1.0,1.0,False,False,multimodal,psd-fc-wpli,gated,cnn,False,none
multimodal_psd-fc-wpli_gated_cnn,4,sub09,sub01;sub05;sub07;sub08;sub11;sub13;sub14;sub15;sub16;sub17;sub18;sub20;sub22;sub24;sub27;sub28;sub29,sub10,71,0.0017040659440681338,0.21930952370166779,0.002,1e-05,1.0,1.0,False,False,multimodal,psd-fc-wpli,gated,cnn,False,none
multimodal_psd-fc-wpli_gated_cnn,4,sub09,sub01;sub05;sub07;sub08;sub11;sub13;sub14;sub15;sub16;sub17;sub18;sub20;sub22;sub24;sub27;sub28;sub29,sub10,72,0.0016198746161535382,0.22048118710517883,0.002,1e-05,1.0,1.0,False,False,multimodal,psd-fc-wpli,gated,cnn,False,none
multimodal_psd-fc-wpli_gated_cnn,4,sub09,sub01;sub05;sub07;sub08;sub11;sub13;sub14;sub15;sub16;sub17;sub18;sub20;sub22;sub24;sub27;sub28;sub29,sub10,73,0.0015436217654496431,0.22256673872470856,0.002,1e-05,1.0,1.0,False,False,multimodal,psd-fc-wpli,gated,cnn,False,none
multimodal_psd-fc-wpli_gated_cnn,4,sub09,sub01;sub05;sub07;sub08;sub11;sub13;sub14;sub15;sub16;sub17;sub18;sub20;sub22;sub24;sub27;sub28;sub29,sub10,74,0.0014749040128663182,0.22536545991897583,0.002,1e-05,1.0,1.0,False,False,multimodal,psd-fc-wpli,gated,cnn,False,none
multimodal_psd-fc-wpli_gated_cnn,4,sub09,sub01;sub05;sub07;sub08;sub11;sub13;sub14;sub15;sub16;sub17;sub18;sub20;sub22;sub24;sub27;sub28;sub29,sub10,75,0.001412740326486528,0.22865401208400726,0.002,1e-05,1.0,1.0,False,False,multimodal,psd-fc-wpli,gated,cnn,False,none
multimodal_psd-fc-wpli_gated_cnn,4,sub09,sub01;sub05;sub07;sub08;sub11;sub13;sub14;sub15;sub16;sub17;sub18;sub20;sub22;sub24;sub27;sub28;sub29,sub10,76,0.001355972490273416,0.2322271466255188,0.002,1e-05,1.0,1.0,False,False,multimodal,psd-fc-wpli,gated,cnn,False,none
multimodal_psd-fc-wpli_gated_cnn,4,sub09,sub01;sub05;sub07;sub08;sub11;sub13;sub14;sub15;sub16;sub17;sub18;sub20;sub22;sub24;sub27;sub28;sub29,sub10,77,0.0013039240147918463,0.23560121655464172,0.002,1e-05,1.0,1.0,False,False,multimodal,psd-fc-wpli,gated,cnn,False,none
multimodal_psd-fc-wpli_gated_cnn,4,sub09,sub01;sub05;sub07;sub08;sub11;sub13;sub14;sub15;sub16;sub17;sub18;sub20;sub22;sub24;sub27;sub28;sub29,sub10,78,0.0012558035086840391,0.23866687715053558,0.002,1e-05,1.0,1.0,False,False,multimodal,psd-fc-wpli,gated,cnn,False,none
multimodal_psd-fc-wpli_gated_cnn,4,sub09,sub01;sub05;sub07;sub08;sub11;sub13;sub14;sub15;sub16;sub17;sub18;sub20;sub22;sub24;sub27;sub28;sub29,sub10,79,0.0012109242379665375,0.24137572944164276,0.002,1e-05,1.0,1.0,False,False,multimodal,psd-fc-wpli,gated,cnn,False,none
multimodal_psd-fc-wpli_gated_cnn,4,sub09,sub01;sub05;sub07;sub08;sub11;sub13;sub14;sub15;sub16;sub17;sub18;sub20;sub22;sub24;sub27;sub28;sub29,sub10,80,0.0011690399842336774,0.24374893307685852,0.002,1e-05,1.0,1.0,False,False,multimodal,psd-fc-wpli,gated,cnn,False,none
multimodal_psd-fc-wpli_gated_cnn,4,sub09,sub01;sub05;sub07;sub08;sub11;sub13;sub14;sub15;sub16;sub17;sub18;sub20;sub22;sub24;sub27;sub28;sub29,sub10,81,0.0011301187332719564,0.24607279896736145,0.002,1e-05,1.0,1.0,False,False,multimodal,psd-fc-wpli,gated,cnn,False,none
multimodal_psd-fc-wpli_gated_cnn,4,sub09,sub01;sub05;sub07;sub08;sub11;sub13;sub14;sub15;sub16;sub17;sub18;sub20;sub22;sub24;sub27;sub28;sub29,sub10,82,0.0010939297499135137,0.24849197268486023,0.002,1e-05,1.0,1.0,False,False,multimodal,psd-fc-wpli,gated,cnn,False,none
multimodal_psd-fc-wpli_gated_cnn,4,sub09,sub01;sub05;sub07;sub08;sub11;sub13;sub14;sub15;sub16;sub17;sub18;sub20;sub22;sub24;sub27;sub28;sub29,sub10,83,0.0010602802503854036,0.25113800168037415,0.002,1e-05,1.0,1.0,False,False,multimodal,psd-fc-wpli,gated,cnn,False,none
multimodal_psd-fc-wpli_gated_cnn,4,sub09,sub01;sub05;sub07;sub08;sub11;sub13;sub14;sub15;sub16;sub17;sub18;sub20;sub22;sub24;sub27;sub28;sub29,sub10,84,0.0010289319325238466,0.2540772259235382,0.002,1e-05,1.0,1.0,False,False,multimodal,psd-fc-wpli,gated,cnn,False,none
multimodal_psd-fc-wpli_gated_cnn,4,sub09,sub01;sub05;sub07;sub08;sub11;sub13;sub14;sub15;sub16;sub17;sub18;sub20;sub22;sub24;sub27;sub28;sub29,sub10,85,0.0009995915461331606,0.2574050724506378,0.002,1e-05,1.0,1.0,False,False,multimodal,psd-fc-wpli,gated,cnn,False,none
multimodal_psd-fc-wpli_gated_cnn,4,sub09,sub01;sub05;sub07;sub08;sub11;sub13;sub14;sub15;sub16;sub17;sub18;sub20;sub22;sub24;sub27;sub28;sub29,sub10,86,0.0009720491943880916,0.26118993759155273,0.002,1e-05,1.0,1.0,False,False,multimodal,psd-fc-wpli,gated,cnn,False,none
multimodal_psd-fc-wpli_gated_cnn,4,sub09,sub01;sub05;sub07;sub08;sub11;sub13;sub14;sub15;sub16;sub17;sub18;sub20;sub22;sub24;sub27;sub28;sub29,sub10,87,0.000946172047406435,0.26541200280189514,0.002,1e-05,1.0,1.0,False,False,multimodal,psd-fc-wpli,gated,cnn,False,none
multimodal_psd-fc-wpli_gated_cnn,4,sub09,sub01;sub05;sub07;sub08;sub11;sub13;sub14;sub15;sub16;sub17;sub18;sub20;sub22;sub24;sub27;sub28;sub29,sub10,88,0.0009217878105118871,0.26993298530578613,0.002,1e-05,1.0,1.0,False,False,multimodal,psd-fc-wpli,gated,cnn,False,none
multimodal_psd-fc-wpli_gated_cnn,4,sub09,sub01;sub05;sub07;sub08;sub11;sub13;sub14;sub15;sub16;sub17;sub18;sub20;sub22;sub24;sub27;sub28;sub29,sub10,89,0.0008987845503725111,0.2746294140815735,0.002,1e-05,1.0,1.0,False,False,multimodal,psd-fc-wpli,gated,cnn,False,none
multimodal_psd-fc-wpli_gated_cnn,4,sub09,sub01;sub05;sub07;sub08;sub11;sub13;sub14;sub15;sub16;sub17;sub18;sub20;sub22;sub24;sub27;sub28;sub29,sub10,90,0.0008770864806137979,0.27918344736099243,0.002,1e-05,1.0,1.0,False,False,multimodal,psd-fc-wpli,gated,cnn,False,none
multimodal_psd-fc-wpli_gated_cnn,4,sub09,sub01;sub05;sub07;sub08;sub11;sub13;sub14;sub15;sub16;sub17;sub18;sub20;sub22;sub24;sub27;sub28;sub29,sub10,91,0.0008566107135266066,0.28346556425094604,0.002,1e-05,1.0,1.0,False,False,multimodal,psd-fc-wpli,gated,cnn,False,none
multimodal_psd-fc-wpli_gated_cnn,4,sub09,sub01;sub05;sub07;sub08;sub11;sub13;sub14;sub15;sub16;sub17;sub18;sub20;sub22;sub24;sub27;sub28;sub29,sub10,92,0.0008372031152248383,0.2871607840061188,0.002,1e-05,1.0,1.0,False,False,multimodal,psd-fc-wpli,gated,cnn,False,none
multimodal_psd-fc-wpli_gated_cnn,4,sub09,sub01;sub05;sub07;sub08;sub11;sub13;sub14;sub15;sub16;sub17;sub18;sub20;sub22;sub24;sub27;sub28;sub29,sub10,93,0.0008187178173102438,0.29014232754707336,0.002,1e-05,1.0,1.0,False,False,multimodal,psd-fc-wpli,gated,cnn,False,none
multimodal_psd-fc-wpli_gated_cnn,4,sub09,sub01;sub05;sub07;sub08;sub11;sub13;sub14;sub15;sub16;sub17;sub18;sub20;sub22;sub24;sub27;sub28;sub29,sub10,94,0.0008010286837816238,0.29236921668052673,0.002,1e-05,1.0,1.0,False,False,multimodal,psd-fc-wpli,gated,cnn,False,none
multimodal_psd-fc-wpli_gated_cnn,4,sub09,sub01;sub05;sub07;sub08;sub11;sub13;sub14;sub15;sub16;sub17;sub18;sub20;sub22;sub24;sub27;sub28;sub29,sub10,95,0.0007842059130780399,0.29401645064353943,0.002,1e-05,1.0,1.0,False,False,multimodal,psd-fc-wpli,gated,cnn,False,none
multimodal_psd-fc-wpli_gated_cnn,4,sub09,sub01;sub05;sub07;sub08;sub11;sub13;sub14;sub15;sub16;sub17;sub18;sub20;sub22;sub24;sub27;sub28;sub29,sub10,96,0.0007682075374759734,0.2953435182571411,0.002,1e-05,1.0,1.0,False,False,multimodal,psd-fc-wpli,gated,cnn,False,none
multimodal_psd-fc-wpli_gated_cnn,4,sub09,sub01;sub05;sub07;sub08;sub11;sub13;sub14;sub15;sub16;sub17;sub18;sub20;sub22;sub24;sub27;sub28;sub29,sub10,97,0.0007529418217018247,0.29637569189071655,0.002,1e-05,1.0,1.0,False,False,multimodal,psd-fc-wpli,gated,cnn,False,none
multimodal_psd-fc-wpli_gated_cnn,4,sub09,sub01;sub05;sub07;sub08;sub11;sub13;sub14;sub15;sub16;sub17;sub18;sub20;sub22;sub24;sub27;sub28;sub29,sub10,98,0.0007383633055724204,0.29718610644340515,0.002,1e-05,1.0,1.0,False,False,multimodal,psd-fc-wpli,gated,cnn,False,none
multimodal_psd-fc-wpli_gated_cnn,4,sub09,sub01;sub05;sub07;sub08;sub11;sub13;sub14;sub15;sub16;sub17;sub18;sub20;sub22;sub24;sub27;sub28;sub29,sub10,99,0.0007243732106871903,0.29776692390441895,0.001,1e-05,1.0,1.0,False,False,multimodal,psd-fc-wpli,gated,cnn,False,none
multimodal_psd-fc-wpli_gated_cnn,4,sub09,sub01;sub05;sub07;sub08;sub11;sub13;sub14;sub15;sub16;sub17;sub18;sub20;sub22;sub24;sub27;sub28;sub29,sub10,100,0.0007109915022738278,0.2973465025424957,0.001,1e-05,1.0,1.0,False,False,multimodal,psd-fc-wpli,gated,cnn,False,none
multimodal_psd-fc-wpli_gated_cnn,5,sub10,sub01;sub05;sub07;sub08;sub09;sub13;sub14;sub15;sub16;sub17;sub18;sub20;sub22;sub24;sub27;sub28;sub29,sub11,1,0.6930525302886963,0.7284427881240845,0.002,1e-05,1.0,1.0,True,False,multimodal,psd-fc-wpli,gated,cnn,False,none
multimodal_psd-fc-wpli_gated_cnn,5,sub10,sub01;sub05;sub07;sub08;sub09;sub13;sub14;sub15;sub16;sub17;sub18;sub20;sub22;sub24;sub27;sub28;sub29,sub11,2,0.6829043030738831,0.7301867008209229,0.002,1e-05,1.0,1.0,False,False,multimodal,psd-fc-wpli,gated,cnn,False,none
multimodal_psd-fc-wpli_gated_cnn,5,sub10,sub01;sub05;sub07;sub08;sub09;sub13;sub14;sub15;sub16;sub17;sub18;sub20;sub22;sub24;sub27;sub28;sub29,sub11,3,0.6737838983535767,0.7327606678009033,0.002,1e-05,1.0,1.0,False,False,multimodal,psd-fc-wpli,gated,cnn,False,none
multimodal_psd-fc-wpli_gated_cnn,5,sub10,sub01;sub05;sub07;sub08;sub09;sub13;sub14;sub15;sub16;sub17;sub18;sub20;sub22;sub24;sub27;sub28;sub29,sub11,4,0.6651023030281067,0.737698495388031,0.002,1e-05,1.0,1.0,False,False,multimodal,psd-fc-wpli,gated,cnn,False,none
multimodal_psd-fc-wpli_gated_cnn,5,sub10,sub01;sub05;sub07;sub08;sub09;sub13;sub14;sub15;sub16;sub17;sub18;sub20;sub22;sub24;sub27;sub28;sub29,sub11,5,0.6564193367958069,0.7452758550643921,0.002,1e-05,1.0,1.0,False,False,multimodal,psd-fc-wpli,gated,cnn,False,none
multimodal_psd-fc-wpli_gated_cnn,5,sub10,sub01;sub05;sub07;sub08;sub09;sub13;sub14;sub15;sub16;sub17;sub18;sub20;sub22;sub24;sub27;sub28;sub29,sub11,6,0.6469279527664185,0.7534757852554321,0.002,1e-05,1.0,1.0,False,False,multimodal,psd-fc-wpli,gated,cnn,False,none
multimodal_psd-fc-wpli_gated_cnn,5,sub10,sub01;sub05;sub07;sub08;sub09;sub13;sub14;sub15;sub16;sub17;sub18;sub20;sub22;sub24;sub27;sub28;sub29,sub11,7,0.6369344592094421,0.7619800567626953,0.002,1e-05,1.0,1.0,False,False,multimodal,psd-fc-wpli,gated,cnn,False,none
multimodal_psd-fc-wpli_gated_cnn,5,sub10,sub01;sub05;sub07;sub08;sub09;sub13;sub14;sub15;sub16;sub17;sub18;sub20;sub22;sub24;sub27;sub28;sub29,sub11,8,0.6265678405761719,0.7705487012863159,0.002,1e-05,1.0,1.0,False,False,multimodal,psd-fc-wpli,gated,cnn,False,none
multimodal_psd-fc-wpli_gated_cnn,5,sub10,sub01;sub05;sub07;sub08;sub09;sub13;sub14;sub15;sub16;sub17;sub18;sub20;sub22;sub24;sub27;sub28;sub29,sub11,9,0.6153358221054077,0.779569685459137,0.002,1e-05,1.0,1.0,False,False,multimodal,psd-fc-wpli,gated,cnn,False,none
multimodal_psd-fc-wpli_gated_cnn,5,sub10,sub01;sub05;sub07;sub08;sub09;sub13;sub14;sub15;sub16;sub17;sub18;sub20;sub22;sub24;sub27;sub28;sub29,sub11,10,0.602992057800293,0.7904261350631714,0.002,1e-05,1.0,1.0,False,False,multimodal,psd-fc-wpli,gated,cnn,False,none
multimodal_psd-fc-wpli_gated_cnn,5,sub10,sub01;sub05;sub07;sub08;sub09;sub13;sub14;sub15;sub16;sub17;sub18;sub20;sub22;sub24;sub27;sub28;sub29,sub11,11,0.5895393490791321,0.8034043312072754,0.002,1e-05,1.0,1.0,False,False,multimodal,psd-fc-wpli,gated,cnn,False,none
multimodal_psd-fc-wpli_gated_cnn,5,sub10,sub01;sub05;sub07;sub08;sub09;sub13;sub14;sub15;sub16;sub17;sub18;sub20;sub22;sub24;sub27;sub28;sub29,sub11,12,0.5750474333763123,0.8184621930122375,0.002,1e-05,1.0,1.0,False,False,multimodal,psd-fc-wpli,gated,cnn,False,none
multimodal_psd-fc-wpli_gated_cnn,5,sub10,sub01;sub05;sub07;sub08;sub09;sub13;sub14;sub15;sub16;sub17;sub18;sub20;sub22;sub24;sub27;sub28;sub29,sub11,13,0.5594204664230347,0.8355702757835388,0.002,1e-05,1.0,1.0,False,False,multimodal,psd-fc-wpli,gated,cnn,False,none
multimodal_psd-fc-wpli_gated_cnn,5,sub10,sub01;sub05;sub07;sub08;sub09;sub13;sub14;sub15;sub16;sub17;sub18;sub20;sub22;sub24;sub27;sub28;sub29,sub11,14,0.5423387885093689,0.8544996380805969,0.002,1e-05,1.0,1.0,False,False,multimodal,psd-fc-wpli,gated,cnn,False,none
multimodal_psd-fc-wpli_gated_cnn,5,sub10,sub01;sub05;sub07;sub08;sub09;sub13;sub14;sub15;sub16;sub17;sub18;sub20;sub22;sub24;sub27;sub28;sub29,sub11,15,0.5239477753639221,0.8730119466781616,0.002,1e-05,1.0,1.0,False,False,multimodal,psd-fc-wpli,gated,cnn,False,none
multimodal_psd-fc-wpli_gated_cnn,5,sub10,sub01;sub05;sub07;sub08;sub09;sub13;sub14;sub15;sub16;sub17;sub18;sub20;sub22;sub24;sub27;sub28;sub29,sub11,16,0.5042323470115662,0.8893777132034302,0.002,1e-05,1.0,1.0,False,False,multimodal,psd-fc-wpli,gated,cnn,False,none
multimodal_psd-fc-wpli_gated_cnn,5,sub10,sub01;sub05;sub07;sub08;sub09;sub13;sub14;sub15;sub16;sub17;sub18;sub20;sub22;sub24;sub27;sub28;sub29,sub11,17,0.4835520386695862,0.9020732045173645,0.002,1e-05,1.0,1.0,False,False,multimodal,psd-fc-wpli,gated,cnn,False,none
multimodal_psd-fc-wpli_gated_cnn,5,sub10,sub01;sub05;sub07;sub08;sub09;sub13;sub14;sub15;sub16;sub17;sub18;sub20;sub22;sub24;sub27;sub28;sub29,sub11,18,0.46171167492866516,0.9100451469421387,0.002,1e-05,1.0,1.0,False,False,multimodal,psd-fc-wpli,gated,cnn,False,none
multimodal_psd-fc-wpli_gated_cnn,5,sub10,sub01;sub05;sub07;sub08;sub09;sub13;sub14;sub15;sub16;sub17;sub18;sub20;sub22;sub24;sub27;sub28;sub29,sub11,19,0.43892502784729004,0.916071891784668,0.002,1e-05,1.0,1.0,False,False,multimodal,psd-fc-wpli,gated,cnn,False,none
multimodal_psd-fc-wpli_gated_cnn,5,sub10,sub01;sub05;sub07;sub08;sub09;sub13;sub14;sub15;sub16;sub17;sub18;sub20;sub22;sub24;sub27;sub28;sub29,sub11,20,0.4154776632785797,0.920831024646759,0.002,1e-05,1.0,1.0,False,False,multimodal,psd-fc-wpli,gated,cnn,False,none
multimodal_psd-fc-wpli_gated_cnn,5,sub10,sub01;sub05;sub07;sub08;sub09;sub13;sub14;sub15;sub16;sub17;sub18;sub20;sub22;sub24;sub27;sub28;sub29,sub11,21,0.3913532793521881,0.9272264242172241,0.002,1e-05,1.0,1.0,False,False,multimodal,psd-fc-wpli,gated,cnn,False,none
multimodal_psd-fc-wpli_gated_cnn,5,sub10,sub01;sub05;sub07;sub08;sub09;sub13;sub14;sub15;sub16;sub17;sub18;sub20;sub22;sub24;sub27;sub28;sub29,sub11,22,0.36657649278640747,0.9361031651496887,0.002,1e-05,1.0,1.0,False,False,multimodal,psd-fc-wpli,gated,cnn,False,none
multimodal_psd-fc-wpli_gated_cnn,5,sub10,sub01;sub05;sub07;sub08;sub09;sub13;sub14;sub15;sub16;sub17;sub18;sub20;sub22;sub24;sub27;sub28;sub29,sub11,23,0.34119999408721924,0.9427868127822876,0.002,1e-05,1.0,1.0,False,False,multimodal,psd-fc-wpli,gated,cnn,False,none
multimodal_psd-fc-wpli_gated_cnn,5,sub10,sub01;sub05;sub07;sub08;sub09;sub13;sub14;sub15;sub16;sub17;sub18;sub20;sub22;sub24;sub27;sub28;sub29,sub11,24,0.3153531849384308,0.9424923658370972,0.002,1e-05,1.0,1.0,False,False,multimodal,psd-fc-wpli,gated,cnn,False,none
multimodal_psd-fc-wpli_gated_cnn,5,sub10,sub01;sub05;sub07;sub08;sub09;sub13;sub14;sub15;sub16;sub17;sub18;sub20;sub22;sub24;sub27;sub28;sub29,sub11,25,0.28908729553222656,0.9355509281158447,0.002,1e-05,1.0,1.0,False,False,multimodal,psd-fc-wpli,gated,cnn,False,none
multimodal_psd-fc-wpli_gated_cnn,5,sub10,sub01;sub05;sub07;sub08;sub09;sub13;sub14;sub15;sub16;sub17;sub18;sub20;sub22;sub24;sub27;sub28;sub29,sub11,26,0.2631101608276367,0.9230670928955078,0.002,1e-05,1.0,1.0,False,False,multimodal,psd-fc-wpli,gated,cnn,False,none
multimodal_psd-fc-wpli_gated_cnn,5,sub10,sub01;sub05;sub07;sub08;sub09;sub13;sub14;sub15;sub16;sub17;sub18;sub20;sub22;sub24;sub27;sub28;sub29,sub11,27,0.23769979178905487,0.9018393754959106,0.002,1e-05,1.0,1.0,False,False,multimodal,psd-fc-wpli,gated,cnn,False,none
multimodal_psd-fc-wpli_gated_cnn,5,sub10,sub01;sub05;sub07;sub08;sub09;sub13;sub14;sub15;sub16;sub17;sub18;sub20;sub22;sub24;sub27;sub28;sub29,sub11,28,0.21290461719036102,0.8712245225906372,0.002,1e-05,1.0,1.0,False,False,multimodal,psd-fc-wpli,gated,cnn,False,none
multimodal_psd-fc-wpli_gated_cnn,5,sub10,sub01;sub05;sub07;sub08;sub09;sub13;sub14;sub15;sub16;sub17;sub18;sub20;sub22;sub24;sub27;sub28;sub29,sub11,29,0.18921667337417603,0.8423857092857361,0.002,1e-05,1.0,1.0,False,False,multimodal,psd-fc-wpli,gated,cnn,False,none
multimodal_psd-fc-wpli_gated_cnn,5,sub10,sub01;sub05;sub07;sub08;sub09;sub13;sub14;sub15;sub16;sub17;sub18;sub20;sub22;sub24;sub27;sub28;sub29,sub11,30,0.16687853634357452,0.8196127414703369,0.002,1e-05,1.0,1.0,False,False,multimodal,psd-fc-wpli,gated,cnn,False,none
multimodal_psd-fc-wpli_gated_cnn,5,sub10,sub01;sub05;sub07;sub08;sub09;sub13;sub14;sub15;sub16;sub17;sub18;sub20;sub22;sub24;sub27;sub28;sub29,sub11,31,0.14593032002449036,0.8078399300575256,0.002,1e-05,1.0,1.0,False,False,multimodal,psd-fc-wpli,gated,cnn,False,none
multimodal_psd-fc-wpli_gated_cnn,5,sub10,sub01;sub05;sub07;sub08;sub09;sub13;sub14;sub15;sub16;sub17;sub18;sub20;sub22;sub24;sub27;sub28;sub29,sub11,32,0.1266024261713028,0.8009663224220276,0.002,1e-05,1.0,1.0,False,False,multimodal,psd-fc-wpli,gated,cnn,False,none
multimodal_psd-fc-wpli_gated_cnn,5,sub10,sub01;sub05;sub07;sub08;sub09;sub13;sub14;sub15;sub16;sub17;sub18;sub20;sub22;sub24;sub27;sub28;sub29,sub11,33,0.10900333523750305,0.7982993721961975,0.002,1e-05,1.0,1.0,False,False,multimodal,psd-fc-wpli,gated,cnn,False,none
multimodal_psd-fc-wpli_gated_cnn,5,sub10,sub01;sub05;sub07;sub08;sub09;sub13;sub14;sub15;sub16;sub17;sub18;sub20;sub22;sub24;sub27;sub28;sub29,sub11,34,0.09300602227449417,0.7992648482322693,0.002,1e-05,1.0,1.0,False,False,multimodal,psd-fc-wpli,gated,cnn,False,none
multimodal_psd-fc-wpli_gated_cnn,5,sub10,sub01;sub05;sub07;sub08;sub09;sub13;sub14;sub15;sub16;sub17;sub18;sub20;sub22;sub24;sub27;sub28;sub29,sub11,35,0.07860729843378067,0.8126600384712219,0.002,1e-05,1.0,1.0,False,False,multimodal,psd-fc-wpli,gated,cnn,False,none
multimodal_psd-fc-wpli_gated_cnn,5,sub10,sub01;sub05;sub07;sub08;sub09;sub13;sub14;sub15;sub16;sub17;sub18;sub20;sub22;sub24;sub27;sub28;sub29,sub11,36,0.06598465889692307,0.8369102478027344,0.002,1e-05,1.0,1.0,False,False,multimodal,psd-fc-wpli,gated,cnn,False,none
multimodal_psd-fc-wpli_gated_cnn,5,sub10,sub01;sub05;sub07;sub08;sub09;sub13;sub14;sub15;sub16;sub17;sub18;sub20;sub22;sub24;sub27;sub28;sub29,sub11,37,0.05493146553635597,0.853097677230835,0.002,1e-05,1.0,1.0,False,False,multimodal,psd-fc-wpli,gated,cnn,False,none
multimodal_psd-fc-wpli_gated_cnn,5,sub10,sub01;sub05;sub07;sub08;sub09;sub13;sub14;sub15;sub16;sub17;sub18;sub20;sub22;sub24;sub27;sub28;sub29,sub11,38,0.045573458075523376,0.8416121006011963,0.002,1e-05,1.0,1.0,False,False,multimodal,psd-fc-wpli,gated,cnn,False,none
multimodal_psd-fc-wpli_gated_cnn,5,sub10,sub01;sub05;sub07;sub08;sub09;sub13;sub14;sub15;sub16;sub17;sub18;sub20;sub22;sub24;sub27;sub28;sub29,sub11,39,0.03772605210542679,0.8085274696350098,0.002,1e-05,1.0,1.0,False,False,multimodal,psd-fc-wpli,gated,cnn,False,none
multimodal_psd-fc-wpli_gated_cnn,5,sub10,sub01;sub05;sub07;sub08;sub09;sub13;sub14;sub15;sub16;sub17;sub18;sub20;sub22;sub24;sub27;sub28;sub29,sub11,40,0.031246816739439964,0.7710123658180237,0.002,1e-05,1.0,1.0,False,False,multimodal,psd-fc-wpli,gated,cnn,False,none
multimodal_psd-fc-wpli_gated_cnn,5,sub10,sub01;sub05;sub07;sub08;sub09;sub13;sub14;sub15;sub16;sub17;sub18;sub20;sub22;sub24;sub27;sub28;sub29,sub11,41,0.025955017656087875,0.7316893935203552,0.002,1e-05,1.0,1.0,False,False,multimodal,psd-fc-wpli,gated,cnn,False,none
multimodal_psd-fc-wpli_gated_cnn,5,sub10,sub01;sub05;sub07;sub08;sub09;sub13;sub14;sub15;sub16;sub17;sub18;sub20;sub22;sub24;sub27;sub28;sub29,sub11,42,0.021618854254484177,0.6979215741157532,0.002,1e-05,1.0,1.0,True,False,multimodal,psd-fc-wpli,gated,cnn,False,none
multimodal_psd-fc-wpli_gated_cnn,5,sub10,sub01;sub05;sub07;sub08;sub09;sub13;sub14;sub15;sub16;sub17;sub18;sub20;sub22;sub24;sub27;sub28;sub29,sub11,43,0.01805572398006916,0.666768491268158,0.002,1e-05,1.0,1.0,True,False,multimodal,psd-fc-wpli,gated,cnn,False,none
multimodal_psd-fc-wpli_gated_cnn,5,sub10,sub01;sub05;sub07;sub08;sub09;sub13;sub14;sub15;sub16;sub17;sub18;sub20;sub22;sub24;sub27;sub28;sub29,sub11,44,0.015134849585592747,0.6360958814620972,0.002,1e-05,1.0,1.0,True,False,multimodal,psd-fc-wpli,gated,cnn,False,none
multimodal_psd-fc-wpli_gated_cnn,5,sub10,sub01;sub05;sub07;sub08;sub09;sub13;sub14;sub15;sub16;sub17;sub18;sub20;sub22;sub24;sub27;sub28;sub29,sub11,45,0.012737170793116093,0.6055853366851807,0.002,1e-05,1.0,1.0,True,False,multimodal,psd-fc-wpli,gated,cnn,False,none
multimodal_psd-fc-wpli_gated_cnn,5,sub10,sub01;sub05;sub07;sub08;sub09;sub13;sub14;sub15;sub16;sub17;sub18;sub20;sub22;sub24;sub27;sub28;sub29,sub11,46,0.010766047984361649,0.5726783871650696,0.002,1e-05,1.0,1.0,True,False,multimodal,psd-fc-wpli,gated,cnn,False,none
multimodal_psd-fc-wpli_gated_cnn,5,sub10,sub01;sub05;sub07;sub08;sub09;sub13;sub14;sub15;sub16;sub17;sub18;sub20;sub22;sub24;sub27;sub28;sub29,sub11,47,0.009150844998657703,0.537416398525238,0.002,1e-05,1.0,1.0,True,False,multimodal,psd-fc-wpli,gated,cnn,False,none
multimodal_psd-fc-wpli_gated_cnn,5,sub10,sub01;sub05;sub07;sub08;sub09;sub13;sub14;sub15;sub16;sub17;sub18;sub20;sub22;sub24;sub27;sub28;sub29,sub11,48,0.007823535241186619,0.504296064376831,0.002,1e-05,1.0,1.0,True,False,multimodal,psd-fc-wpli,gated,cnn,False,none
multimodal_psd-fc-wpli_gated_cnn,5,sub10,sub01;sub05;sub07;sub08;sub09;sub13;sub14;sub15;sub16;sub17;sub18;sub20;sub22;sub24;sub27;sub28;sub29,sub11,49,0.006730471272021532,0.47676676511764526,0.002,1e-05,1.0,1.0,True,False,multimodal,psd-fc-wpli,gated,cnn,False,none
multimodal_psd-fc-wpli_gated_cnn,5,sub10,sub01;sub05;sub07;sub08;sub09;sub13;sub14;sub15;sub16;sub17;sub18;sub20;sub22;sub24;sub27;sub28;sub29,sub11,50,0.005832178518176079,0.4584011435508728,0.002,1e-05,1.0,1.0,True,False,multimodal,psd-fc-wpli,gated,cnn,False,none
multimodal_psd-fc-wpli_gated_cnn,5,sub10,sub01;sub05;sub07;sub08;sub09;sub13;sub14;sub15;sub16;sub17;sub18;sub20;sub22;sub24;sub27;sub28;sub29,sub11,51,0.00508608715608716,0.4495508670806885,0.002,1e-05,1.0,1.0,True,False,multimodal,psd-fc-wpli,gated,cnn,False,none
multimodal_psd-fc-wpli_gated_cnn,5,sub10,sub01;sub05;sub07;sub08;sub09;sub13;sub14;sub15;sub16;sub17;sub18;sub20;sub22;sub24;sub27;sub28;sub29,sub11,52,0.00445790309458971,0.4461250901222229,0.002,1e-05,1.0,1.0,True,False,multimodal,psd-fc-wpli,gated,cnn,False,none
multimodal_psd-fc-wpli_gated_cnn,5,sub10,sub01;sub05;sub07;sub08;sub09;sub13;sub14;sub15;sub16;sub17;sub18;sub20;sub22;sub24;sub27;sub28;sub29,sub11,53,0.003929149825125933,0.4478079676628113,0.002,1e-05,1.0,1.0,False,False,multimodal,psd-fc-wpli,gated,cnn,False,none
multimodal_psd-fc-wpli_gated_cnn,5,sub10,sub01;sub05;sub07;sub08;sub09;sub13;sub14;sub15;sub16;sub17;sub18;sub20;sub22;sub24;sub27;sub28;sub29,sub11,54,0.00348207401111722,0.4524623453617096,0.002,1e-05,1.0,1.0,False,False,multimodal,psd-fc-wpli,gated,cnn,False,none
multimodal_psd-fc-wpli_gated_cnn,5,sub10,sub01;sub05;sub07;sub08;sub09;sub13;sub14;sub15;sub16;sub17;sub18;sub20;sub22;sub24;sub27;sub28;sub29,sub11,55,0.003103399882093072,0.4583291709423065,0.002,1e-05,1.0,1.0,False,False,multimodal,psd-fc-wpli,gated,cnn,False,none
multimodal_psd-fc-wpli_gated_cnn,5,sub10,sub01;sub05;sub07;sub08;sub09;sub13;sub14;sub15;sub16;sub17;sub18;sub20;sub22;sub24;sub27;sub28;sub29,sub11,56,0.002783094998449087,0.46259868144989014,0.002,1e-05,1.0,1.0,False,False,multimodal,psd-fc-wpli,gated,cnn,False,none
multimodal_psd-fc-wpli_gated_cnn,5,sub10,sub01;sub05;sub07;sub08;sub09;sub13;sub14;sub15;sub16;sub17;sub18;sub20;sub22;sub24;sub27;sub28;sub29,sub11,57,0.0025132670998573303,0.46354275941848755,0.002,1e-05,1.0,1.0,False,False,multimodal,psd-fc-wpli,gated,cnn,False,none
multimodal_psd-fc-wpli_gated_cnn,5,sub10,sub01;sub05;sub07;sub08;sub09;sub13;sub14;sub15;sub16;sub17;sub18;sub20;sub22;sub24;sub27;sub28;sub29,sub11,58,0.002284219954162836,0.46215781569480896,0.002,1e-05,1.0,1.0,False,False,multimodal,psd-fc-wpli,gated,cnn,False,none
multimodal_psd-fc-wpli_gated_cnn,5,sub10,sub01;sub05;sub07;sub08;sub09;sub13;sub14;sub15;sub16;sub17;sub18;sub20;sub22;sub24;sub27;sub28;sub29,sub11,59,0.002086785389110446,0.45836442708969116,0.002,1e-05,1.0,1.0,False,False,multimodal,psd-fc-wpli,gated,cnn,False,none
multimodal_psd-fc-wpli_gated_cnn,5,sub10,sub01;sub05;sub07;sub08;sub09;sub13;sub14;sub15;sub16;sub17;sub18;sub20;sub22;sub24;sub27;sub28;sub29,sub11,60,0.001916147768497467,0.45423054695129395,0.002,1e-05,1.0,1.0,False,False,multimodal,psd-fc-wpli,gated,cnn,False,none
multimodal_psd-fc-wpli_gated_cnn,5,sub10,sub01;sub05;sub07;sub08;sub09;sub13;sub14;sub15;sub16;sub17;sub18;sub20;sub22;sub24;sub27;sub28;sub29,sub11,61,0.001768595422618091,0.45032674074172974,0.002,1e-05,1.0,1.0,False,False,multimodal,psd-fc-wpli,gated,cnn,False,none
multimodal_psd-fc-wpli_gated_cnn,5,sub10,sub01;sub05;sub07;sub08;sub09;sub13;sub14;sub15;sub16;sub17;sub18;sub20;sub22;sub24;sub27;sub28;sub29,sub11,62,0.0016399961896240711,0.4474116265773773,0.002,1e-05,1.0,1.0,False,False,multimodal,psd-fc-wpli,gated,cnn,False,none
multimodal_psd-fc-wpli_gated_cnn,5,sub10,sub01;sub05;sub07;sub08;sub09;sub13;sub14;sub15;sub16;sub17;sub18;sub20;sub22;sub24;sub27;sub28;sub29,sub11,63,0.0015274365432560444,0.4459432363510132,0.002,1e-05,1.0,1.0,True,False,multimodal,psd-fc-wpli,gated,cnn,False,none
multimodal_psd-fc-wpli_gated_cnn,5,sub10,sub01;sub05;sub07;sub08;sub09;sub13;sub14;sub15;sub16;sub17;sub18;sub20;sub22;sub24;sub27;sub28;sub29,sub11,64,0.001428611925803125,0.4458613991737366,0.002,1e-05,1.0,1.0,True,False,multimodal,psd-fc-wpli,gated,cnn,False,none
multimodal_psd-fc-wpli_gated_cnn,5,sub10,sub01;sub05;sub07;sub08;sub09;sub13;sub14;sub15;sub16;sub17;sub18;sub20;sub22;sub24;sub27;sub28;sub29,sub11,65,0.0013413988053798676,0.44720596075057983,0.002,1e-05,1.0,1.0,False,False,multimodal,psd-fc-wpli,gated,cnn,False,none
multimodal_psd-fc-wpli_gated_cnn,5,sub10,sub01;sub05;sub07;sub08;sub09;sub13;sub14;sub15;sub16;sub17;sub18;sub20;sub22;sub24;sub27;sub28;sub29,sub11,66,0.0012639795895665884,0.44992244243621826,0.002,1e-05,1.0,1.0,False,False,multimodal,psd-fc-wpli,gated,cnn,False,none
multimodal_psd-fc-wpli_gated_cnn,5,sub10,sub01;sub05;sub07;sub08;sub09;sub13;sub14;sub15;sub16;sub17;sub18;sub20;sub22;sub24;sub27;sub28;sub29,sub11,67,0.0011949969921261072,0.4537821114063263,0.002,1e-05,1.0,1.0,False,False,multimodal,psd-fc-wpli,gated,cnn,False,none
multimodal_psd-fc-wpli_gated_cnn,5,sub10,sub01;sub05;sub07;sub08;sub09;sub13;sub14;sub15;sub16;sub17;sub18;sub20;sub22;sub24;sub27;sub28;sub29,sub11,68,0.0011334677692502737,0.45871609449386597,0.002,1e-05,1.0,1.0,False,False,multimodal,psd-fc-wpli,gated,cnn,False,none
multimodal_psd-fc-wpli_gated_cnn,5,sub10,sub01;sub05;sub07;sub08;sub09;sub13;sub14;sub15;sub16;sub17;sub18;sub20;sub22;sub24;sub27;sub28;sub29,sub11,69,0.0010783943580463529,0.46554452180862427,0.002,1e-05,1.0,1.0,False,False,multimodal,psd-fc-wpli,gated,cnn,False,none
multimodal_psd-fc-wpli_gated_cnn,5,sub10,sub01;sub05;sub07;sub08;sub09;sub13;sub14;sub15;sub16;sub17;sub18;sub20;sub22;sub24;sub27;sub28;sub29,sub11,70,0.0010289519559592009,0.4726247787475586,0.002,1e-05,1.0,1.0,False,False,multimodal,psd-fc-wpli,gated,cnn,False,none
multimodal_psd-fc-wpli_gated_cnn,5,sub10,sub01;sub05;sub07;sub08;sub09;sub13;sub14;sub15;sub16;sub17;sub18;sub20;sub22;sub24;sub27;sub28;sub29,sub11,71,0.0009843766456469893,0.4790937304496765,0.002,1e-05,1.0,1.0,False,False,multimodal,psd-fc-wpli,gated,cnn,False,none
multimodal_psd-fc-wpli_gated_cnn,5,sub10,sub01;sub05;sub07;sub08;sub09;sub13;sub14;sub15;sub16;sub17;sub18;sub20;sub22;sub24;sub27;sub28;sub29,sub11,72,0.0009441458969376981,0.48479562997817993,0.002,1e-05,1.0,1.0,False,False,multimodal,psd-fc-wpli,gated,cnn,False,none
multimodal_psd-fc-wpli_gated_cnn,5,sub10,sub01;sub05;sub07;sub08;sub09;sub13;sub14;sub15;sub16;sub17;sub18;sub20;sub22;sub24;sub27;sub28;sub29,sub11,73,0.0009076940477825701,0.4895209074020386,0.002,1e-05,1.0,1.0,False,False,multimodal,psd-fc-wpli,gated,cnn,False,none
multimodal_psd-fc-wpli_gated_cnn,5,sub10,sub01;sub05;sub07;sub08;sub09;sub13;sub14;sub15;sub16;sub17;sub18;sub20;sub22;sub24;sub27;sub28;sub29,sub11,74,0.0008745871600694954,0.4925590753555298,0.002,1e-05,1.0,1.0,False,False,multimodal,psd-fc-wpli,gated,cnn,False,none
multimodal_psd-fc-wpli_gated_cnn,5,sub10,sub01;sub05;sub07;sub08;sub09;sub13;sub14;sub15;sub16;sub17;sub18;sub20;sub22;sub24;sub27;sub28;sub29,sub11,75,0.0008445729617960751,0.4923016428947449,0.002,1e-05,1.0,1.0,False,False,multimodal,psd-fc-wpli,gated,cnn,False,none
multimodal_psd-fc-wpli_gated_cnn,5,sub10,sub01;sub05;sub07;sub08;sub09;sub13;sub14;sub15;sub16;sub17;sub18;sub20;sub22;sub24;sub27;sub28;sub29,sub11,76,0.0008171280496753752,0.4902534484863281,0.002,1e-05,1.0,1.0,False,False,multimodal,psd-fc-wpli,gated,cnn,False,none
multimodal_psd-fc-wpli_gated_cnn,5,sub10,sub01;sub05;sub07;sub08;sub09;sub13;sub14;sub15;sub16;sub17;sub18;sub20;sub22;sub24;sub27;sub28;sub29,sub11,77,0.0007919003255665302,0.4870898425579071,0.002,1e-05,1.0,1.0,False,False,multimodal,psd-fc-wpli,gated,cnn,False,none
multimodal_psd-fc-wpli_gated_cnn,5,sub10,sub01;sub05;sub07;sub08;sub09;sub13;sub14;sub15;sub16;sub17;sub18;sub20;sub22;sub24;sub27;sub28;sub29,sub11,78,0.0007687068427912891,0.48445558547973633,0.002,1e-05,1.0,1.0,False,False,multimodal,psd-fc-wpli,gated,cnn,False,none
multimodal_psd-fc-wpli_gated_cnn,5,sub10,sub01;sub05;sub07;sub08;sub09;sub13;sub14;sub15;sub16;sub17;sub18;sub20;sub22;sub24;sub27;sub28;sub29,sub11,79,0.0007473662844859064,0.48267030715942383,0.002,1e-05,1.0,1.0,False,False,multimodal,psd-fc-wpli,gated,cnn,False,none
multimodal_psd-fc-wpli_gated_cnn,5,sub10,sub01;sub05;sub07;sub08;sub09;sub13;sub14;sub15;sub16;sub17;sub18;sub20;sub22;sub24;sub27;sub28;sub29,sub11,80,0.0007276296382769942,0.481930673122406,0.002,1e-05,1.0,1.0,False,False,multimodal,psd-fc-wpli,gated,cnn,False,none
multimodal_psd-fc-wpli_gated_cnn,5,sub10,sub01;sub05;sub07;sub08;sub09;sub13;sub14;sub15;sub16;sub17;sub18;sub20;sub22;sub24;sub27;sub28;sub29,sub11,81,0.000709319137968123,0.4825666546821594,0.002,1e-05,1.0,1.0,False,False,multimodal,psd-fc-wpli,gated,cnn,False,none
multimodal_psd-fc-wpli_gated_cnn,5,sub10,sub01;sub05;sub07;sub08;sub09;sub13;sub14;sub15;sub16;sub17;sub18;sub20;sub22;sub24;sub27;sub28;sub29,sub11,82,0.0006923121982254088,0.4855104982852936,0.002,1e-05,1.0,1.0,False,False,multimodal,psd-fc-wpli,gated,cnn,False,none
multimodal_psd-fc-wpli_gated_cnn,5,sub10,sub01;sub05;sub07;sub08;sub09;sub13;sub14;sub15;sub16;sub17;sub18;sub20;sub22;sub24;sub27;sub28;sub29,sub11,83,0.0006764763384126127,0.4900093078613281,0.002,1e-05,1.0,1.0,False,False,multimodal,psd-fc-wpli,gated,cnn,False,none
multimodal_psd-fc-wpli_gated_cnn,5,sub10,sub01;sub05;sub07;sub08;sub09;sub13;sub14;sub15;sub16;sub17;sub18;sub20;sub22;sub24;sub27;sub28;sub29,sub11,84,0.0006616419414058328,0.49574923515319824,0.002,1e-05,1.0,1.0,False,False,multimodal,psd-fc-wpli,gated,cnn,False,none
multimodal_psd-fc-wpli_gated_cnn,5,sub10,sub01;sub05;sub07;sub08;sub09;sub13;sub14;sub15;sub16;sub17;sub18;sub20;sub22;sub24;sub27;sub28;sub29,sub11,85,0.0006477162824012339,0.5015431046485901,0.002,1e-05,1.0,1.0,False,False,multimodal,psd-fc-wpli,gated,cnn,False,none
multimodal_psd-fc-wpli_gated_cnn,5,sub10,sub01;sub05;sub07;sub08;sub09;sub13;sub14;sub15;sub16;sub17;sub18;sub20;sub22;sub24;sub27;sub28;sub29,sub11,86,0.0006346598966047168,0.5073041915893555,0.002,1e-05,1.0,1.0,False,False,multimodal,psd-fc-wpli,gated,cnn,False,none
multimodal_psd-fc-wpli_gated_cnn,5,sub10,sub01;sub05;sub07;sub08;sub09;sub13;sub14;sub15;sub16;sub17;sub18;sub20;sub22;sub24;sub27;sub28;sub29,sub11,87,0.0006223646341823041,0.5129430294036865,0.002,1e-05,1.0,1.0,False,False,multimodal,psd-fc-wpli,gated,cnn,False,none
multimodal_psd-fc-wpli_gated_cnn,5,sub10,sub01;sub05;sub07;sub08;sub09;sub13;sub14;sub15;sub16;sub17;sub18;sub20;sub22;sub24;sub27;sub28;sub29,sub11,88,0.0006107430090196431,0.5183287262916565,0.002,1e-05,1.0,1.0,False,False,multimodal,psd-fc-wpli,gated,cnn,False,none
multimodal_psd-fc-wpli_gated_cnn,5,sub10,sub01;sub05;sub07;sub08;sub09;sub13;sub14;sub15;sub16;sub17;sub18;sub20;sub22;sub24;sub27;sub28;sub29,sub11,89,0.0005997499683871865,0.5225499868392944,0.002,1e-05,1.0,1.0,False,False,multimodal,psd-fc-wpli,gated,cnn,False,none
multimodal_psd-fc-wpli_gated_cnn,5,sub10,sub01;sub05;sub07;sub08;sub09;sub13;sub14;sub15;sub16;sub17;sub18;sub20;sub22;sub24;sub27;sub28;sub29,sub11,90,0.0005893339402973652,0.5259689688682556,0.002,1e-05,1.0,1.0,False,False,multimodal,psd-fc-wpli,gated,cnn,False,none
multimodal_psd-fc-wpli_gated_cnn,5,sub10,sub01;sub05;sub07;sub08;sub09;sub13;sub14;sub15;sub16;sub17;sub18;sub20;sub22;sub24;sub27;sub28;sub29,sub11,91,0.0005794265889562666,0.5287346839904785,0.002,1e-05,1.0,1.0,False,False,multimodal,psd-fc-wpli,gated,cnn,False,none
multimodal_psd-fc-wpli_gated_cnn,5,sub10,sub01;sub05;sub07;sub08;sub09;sub13;sub14;sub15;sub16;sub17;sub18;sub20;sub22;sub24;sub27;sub28;sub29,sub11,92,0.0005700081237591803,0.5305178165435791,0.002,1e-05,1.0,1.0,False,False,multimodal,psd-fc-wpli,gated,cnn,False,none
multimodal_psd-fc-wpli_gated_cnn,5,sub10,sub01;sub05;sub07;sub08;sub09;sub13;sub14;sub15;sub16;sub17;sub18;sub20;sub22;sub24;sub27;sub28;sub29,sub11,93,0.0005609297659248114,0.5315675735473633,0.002,1e-05,1.0,1.0,False,False,multimodal,psd-fc-wpli,gated,cnn,False,none
multimodal_psd-fc-wpli_gated_cnn,5,sub10,sub01;sub05;sub07;sub08;sub09;sub13;sub14;sub15;sub16;sub17;sub18;sub20;sub22;sub24;sub27;sub28;sub29,sub11,94,0.0005521685816347599,0.532078742980957,0.002,1e-05,1.0,1.0,False,False,multimodal,psd-fc-wpli,gated,cnn,False,none
multimodal_psd-fc-wpli_gated_cnn,5,sub10,sub01;sub05;sub07;sub08;sub09;sub13;sub14;sub15;sub16;sub17;sub18;sub20;sub22;sub24;sub27;sub28;sub29,sub11,95,0.0005436609499156475,0.5322015285491943,0.002,1e-05,1.0,1.0,False,False,multimodal,psd-fc-wpli,gated,cnn,False,none
multimodal_psd-fc-wpli_gated_cnn,5,sub10,sub01;sub05;sub07;sub08;sub09;sub13;sub14;sub15;sub16;sub17;sub18;sub20;sub22;sub24;sub27;sub28;sub29,sub11,96,0.0005353997112251818,0.5327251553535461,0.002,1e-05,1.0,1.0,False,False,multimodal,psd-fc-wpli,gated,cnn,False,none
multimodal_psd-fc-wpli_gated_cnn,5,sub10,sub01;sub05;sub07;sub08;sub09;sub13;sub14;sub15;sub16;sub17;sub18;sub20;sub22;sub24;sub27;sub28;sub29,sub11,97,0.0005273360875435174,0.5339235663414001,0.002,1e-05,1.0,1.0,False,False,multimodal,psd-fc-wpli,gated,cnn,False,none
multimodal_psd-fc-wpli_gated_cnn,5,sub10,sub01;sub05;sub07;sub08;sub09;sub13;sub14;sub15;sub16;sub17;sub18;sub20;sub22;sub24;sub27;sub28;sub29,sub11,98,0.0005194727564230561,0.5355381965637207,0.002,1e-05,1.0,1.0,False,False,multimodal,psd-fc-wpli,gated,cnn,False,none
multimodal_psd-fc-wpli_gated_cnn,5,sub10,sub01;sub05;sub07;sub08;sub09;sub13;sub14;sub15;sub16;sub17;sub18;sub20;sub22;sub24;sub27;sub28;sub29,sub11,99,0.0005116805550642312,0.5376630425453186,0.002,1e-05,1.0,1.0,False,False,multimodal,psd-fc-wpli,gated,cnn,False,none
multimodal_psd-fc-wpli_gated_cnn,5,sub10,sub01;sub05;sub07;sub08;sub09;sub13;sub14;sub15;sub16;sub17;sub18;sub20;sub22;sub24;sub27;sub28;sub29,sub11,100,0.0005040175165049732,0.5407072305679321,0.002,1e-05,1.0,1.0,False,False,multimodal,psd-fc-wpli,gated,cnn,False,none
multimodal_psd-fc-wpli_gated_cnn,6,sub11,sub01;sub05;sub07;sub08;sub09;sub10;sub14;sub15;sub16;sub17;sub18;sub20;sub22;sub24;sub27;sub28;sub29,sub13,1,0.6894469857215881,0.7195751667022705,0.002,1e-05,1.0,1.0,True,False,multimodal,psd-fc-wpli,gated,cnn,False,none
multimodal_psd-fc-wpli_gated_cnn,6,sub11,sub01;sub05;sub07;sub08;sub09;sub10;sub14;sub15;sub16;sub17;sub18;sub20;sub22;sub24;sub27;sub28;sub29,sub13,2,0.67626953125,0.7240309119224548,0.002,1e-05,1.0,1.0,False,False,multimodal,psd-fc-wpli,gated,cnn,False,none
multimodal_psd-fc-wpli_gated_cnn,6,sub11,sub01;sub05;sub07;sub08;sub09;sub10;sub14;sub15;sub16;sub17;sub18;sub20;sub22;sub24;sub27;sub28;sub29,sub13,3,0.6663119196891785,0.7238014340400696,0.002,1e-05,1.0,1.0,False,False,multimodal,psd-fc-wpli,gated,cnn,False,none
multimodal_psd-fc-wpli_gated_cnn,6,sub11,sub01;sub05;sub07;sub08;sub09;sub10;sub14;sub15;sub16;sub17;sub18;sub20;sub22;sub24;sub27;sub28;sub29,sub13,4,0.657626211643219,0.7126802206039429,0.002,1e-05,1.0,1.0,True,False,multimodal,psd-fc-wpli,gated,cnn,False,none
multimodal_psd-fc-wpli_gated_cnn,6,sub11,sub01;sub05;sub07;sub08;sub09;sub10;sub14;sub15;sub16;sub17;sub18;sub20;sub22;sub24;sub27;sub28;sub29,sub13,5,0.6485381722450256,0.6920197010040283,0.002,1e-05,1.0,1.0,True,False,multimodal,psd-fc-wpli,gated,cnn,False,none
multimodal_psd-fc-wpli_gated_cnn,6,sub11,sub01;sub05;sub07;sub08;sub09;sub10;sub14;sub15;sub16;sub17;sub18;sub20;sub22;sub24;sub27;sub28;sub29,sub13,6,0.6386222243309021,0.6641958355903625,0.002,1e-05,1.0,1.0,True,False,multimodal,psd-fc-wpli,gated,cnn,False,none
multimodal_psd-fc-wpli_gated_cnn,6,sub11,sub01;sub05;sub07;sub08;sub09;sub10;sub14;sub15;sub16;sub17;sub18;sub20;sub22;sub24;sub27;sub28;sub29,sub13,7,0.6281977295875549,0.6293460130691528,0.002,1e-05,1.0,1.0,True,False,multimodal,psd-fc-wpli,gated,cnn,False,none
multimodal_psd-fc-wpli_gated_cnn,6,sub11,sub01;sub05;sub07;sub08;sub09;sub10;sub14;sub15;sub16;sub17;sub18;sub20;sub22;sub24;sub27;sub28;sub29,sub13,8,0.6169517636299133,0.5917636156082153,0.002,1e-05,1.0,1.0,True,False,multimodal,psd-fc-wpli,gated,cnn,False,none
multimodal_psd-fc-wpli_gated_cnn,6,sub11,sub01;sub05;sub07;sub08;sub09;sub10;sub14;sub15;sub16;sub17;sub18;sub20;sub22;sub24;sub27;sub28;sub29,sub13,9,0.6051709055900574,0.5509501695632935,0.002,1e-05,1.0,1.0,True,False,multimodal,psd-fc-wpli,gated,cnn,False,none
multimodal_psd-fc-wpli_gated_cnn,6,sub11,sub01;sub05;sub07;sub08;sub09;sub10;sub14;sub15;sub16;sub17;sub18;sub20;sub22;sub24;sub27;sub28;sub29,sub13,10,0.5926917791366577,0.5096551179885864,0.002,1e-05,1.0,1.0,True,False,multimodal,psd-fc-wpli,gated,cnn,False,none
multimodal_psd-fc-wpli_gated_cnn,6,sub11,sub01;sub05;sub07;sub08;sub09;sub10;sub14;sub15;sub16;sub17;sub18;sub20;sub22;sub24;sub27;sub28;sub29,sub13,11,0.5791362524032593,0.47008103132247925,0.002,1e-05,1.0,1.0,True,False,multimodal,psd-fc-wpli,gated,cnn,False,none
multimodal_psd-fc-wpli_gated_cnn,6,sub11,sub01;sub05;sub07;sub08;sub09;sub10;sub14;sub15;sub16;sub17;sub18;sub20;sub22;sub24;sub27;sub28;sub29,sub13,12,0.5640304684638977,0.43233203887939453,0.002,1e-05,1.0,1.0,True,False,multimodal,psd-fc-wpli,gated,cnn,False,none
multimodal_psd-fc-wpli_gated_cnn,6,sub11,sub01;sub05;sub07;sub08;sub09;sub10;sub14;sub15;sub16;sub17;sub18;sub20;sub22;sub24;sub27;sub28;sub29,sub13,13,0.5478763580322266,0.3953875005245209,0.002,1e-05,1.0,1.0,True,False,multimodal,psd-fc-wpli,gated,cnn,False,none
multimodal_psd-fc-wpli_gated_cnn,6,sub11,sub01;sub05;sub07;sub08;sub09;sub10;sub14;sub15;sub16;sub17;sub18;sub20;sub22;sub24;sub27;sub28;sub29,sub13,14,0.5309368968009949,0.3595432937145233,0.002,1e-05,1.0,1.0,True,False,multimodal,psd-fc-wpli,gated,cnn,False,none
multimodal_psd-fc-wpli_gated_cnn,6,sub11,sub01;sub05;sub07;sub08;sub09;sub10;sub14;sub15;sub16;sub17;sub18;sub20;sub22;sub24;sub27;sub28;sub29,sub13,15,0.5136605501174927,0.3266165554523468,0.002,1e-05,1.0,1.0,True,False,multimodal,psd-fc-wpli,gated,cnn,False,none
multimodal_psd-fc-wpli_gated_cnn,6,sub11,sub01;sub05;sub07;sub08;sub09;sub10;sub14;sub15;sub16;sub17;sub18;sub20;sub22;sub24;sub27;sub28;sub29,sub13,16,0.4955633282661438,0.2974804937839508,0.002,1e-05,1.0,1.0,True,False,multimodal,psd-fc-wpli,gated,cnn,False,none
multimodal_psd-fc-wpli_gated_cnn,6,sub11,sub01;sub05;sub07;sub08;sub09;sub10;sub14;sub15;sub16;sub17;sub18;sub20;sub22;sub24;sub27;sub28;sub29,sub13,17,0.4763316512107849,0.2725127339363098,0.002,1e-05,1.0,1.0,True,False,multimodal,psd-fc-wpli,gated,cnn,False,none
multimodal_psd-fc-wpli_gated_cnn,6,sub11,sub01;sub05;sub07;sub08;sub09;sub10;sub14;sub15;sub16;sub17;sub18;sub20;sub22;sub24;sub27;sub28;sub29,sub13,18,0.45605090260505676,0.25078344345092773,0.002,1e-05,1.0,1.0,True,False,multimodal,psd-fc-wpli,gated,cnn,False,none
multimodal_psd-fc-wpli_gated_cnn,6,sub11,sub01;sub05;sub07;sub08;sub09;sub10;sub14;sub15;sub16;sub17;sub18;sub20;sub22;sub24;sub27;sub28;sub29,sub13,19,0.4346853196620941,0.23063474893569946,0.002,1e-05,1.0,1.0,True,False,multimodal,psd-fc-wpli,gated,cnn,False,none
multimodal_psd-fc-wpli_gated_cnn,6,sub11,sub01;sub05;sub07;sub08;sub09;sub10;sub14;sub15;sub16;sub17;sub18;sub20;sub22;sub24;sub27;sub28;sub29,sub13,20,0.41238000988960266,0.21043507754802704,0.002,1e-05,1.0,1.0,True,False,multimodal,psd-fc-wpli,gated,cnn,False,none
multimodal_psd-fc-wpli_gated_cnn,6,sub11,sub01;sub05;sub07;sub08;sub09;sub10;sub14;sub15;sub16;sub17;sub18;sub20;sub22;sub24;sub27;sub28;sub29,sub13,21,0.38942044973373413,0.18997420370578766,0.002,1e-05,1.0,1.0,True,False,multimodal,psd-fc-wpli,gated,cnn,False,none
multimodal_psd-fc-wpli_gated_cnn,6,sub11,sub01;sub05;sub07;sub08;sub09;sub10;sub14;sub15;sub16;sub17;sub18;sub20;sub22;sub24;sub27;sub28;sub29,sub13,22,0.3658442795276642,0.1690543293952942,0.002,1e-05,1.0,1.0,True,False,multimodal,psd-fc-wpli,gated,cnn,False,none
multimodal_psd-fc-wpli_gated_cnn,6,sub11,sub01;sub05;sub07;sub08;sub09;sub10;sub14;sub15;sub16;sub17;sub18;sub20;sub22;sub24;sub27;sub28;sub29,sub13,23,0.3417541980743408,0.14727090299129486,0.002,1e-05,1.0,1.0,True,False,multimodal,psd-fc-wpli,gated,cnn,False,none
multimodal_psd-fc-wpli_gated_cnn,6,sub11,sub01;sub05;sub07;sub08;sub09;sub10;sub14;sub15;sub16;sub17;sub18;sub20;sub22;sub24;sub27;sub28;sub29,sub13,24,0.317314475774765,0.12571163475513458,0.002,1e-05,1.0,1.0,True,False,multimodal,psd-fc-wpli,gated,cnn,False,none
multimodal_psd-fc-wpli_gated_cnn,6,sub11,sub01;sub05;sub07;sub08;sub09;sub10;sub14;sub15;sub16;sub17;sub18;sub20;sub22;sub24;sub27;sub28;sub29,sub13,25,0.29281356930732727,0.10483095049858093,0.002,1e-05,1.0,1.0,True,False,multimodal,psd-fc-wpli,gated,cnn,False,none
multimodal_psd-fc-wpli_gated_cnn,6,sub11,sub01;sub05;sub07;sub08;sub09;sub10;sub14;sub15;sub16;sub17;sub18;sub20;sub22;sub24;sub27;sub28;sub29,sub13,26,0.268448144197464,0.08566992729902267,0.002,1e-05,1.0,1.0,True,False,multimodal,psd-fc-wpli,gated,cnn,False,none
multimodal_psd-fc-wpli_gated_cnn,6,sub11,sub01;sub05;sub07;sub08;sub09;sub10;sub14;sub15;sub16;sub17;sub18;sub20;sub22;sub24;sub27;sub28;sub29,sub13,27,0.2445201277732849,0.06820438802242279,0.002,1e-05,1.0,1.0,True,False,multimodal,psd-fc-wpli,gated,cnn,False,none
multimodal_psd-fc-wpli_gated_cnn,6,sub11,sub01;sub05;sub07;sub08;sub09;sub10;sub14;sub15;sub16;sub17;sub18;sub20;sub22;sub24;sub27;sub28;sub29,sub13,28,0.22105732560157776,0.05358397960662842,0.002,1e-05,1.0,1.0,True,False,multimodal,psd-fc-wpli,gated,cnn,False,none
multimodal_psd-fc-wpli_gated_cnn,6,sub11,sub01;sub05;sub07;sub08;sub09;sub10;sub14;sub15;sub16;sub17;sub18;sub20;sub22;sub24;sub27;sub28;sub29,sub13,29,0.19836939871311188,0.04191790521144867,0.002,1e-05,1.0,1.0,True,False,multimodal,psd-fc-wpli,gated,cnn,False,none
multimodal_psd-fc-wpli_gated_cnn,6,sub11,sub01;sub05;sub07;sub08;sub09;sub10;sub14;sub15;sub16;sub17;sub18;sub20;sub22;sub24;sub27;sub28;sub29,sub13,30,0.17658062279224396,0.03291492536664009,0.002,1e-05,1.0,1.0,True,False,multimodal,psd-fc-wpli,gated,cnn,False,none
multimodal_psd-fc-wpli_gated_cnn,6,sub11,sub01;sub05;sub07;sub08;sub09;sub10;sub14;sub15;sub16;sub17;sub18;sub20;sub22;sub24;sub27;sub28;sub29,sub13,31,0.15596379339694977,0.02558584325015545,0.002,1e-05,1.0,1.0,True,False,multimodal,psd-fc-wpli,gated,cnn,False,none
multimodal_psd-fc-wpli_gated_cnn,6,sub11,sub01;sub05;sub07;sub08;sub09;sub10;sub14;sub15;sub16;sub17;sub18;sub20;sub22;sub24;sub27;sub28;sub29,sub13,32,0.13680438697338104,0.019339902326464653,0.002,1e-05,1.0,1.0,True,False,multimodal,psd-fc-wpli,gated,cnn,False,none
multimodal_psd-fc-wpli_gated_cnn,6,sub11,sub01;sub05;sub07;sub08;sub09;sub10;sub14;sub15;sub16;sub17;sub18;sub20;sub22;sub24;sub27;sub28;sub29,sub13,33,0.1192789375782013,0.014315469190478325,0.002,1e-05,1.0,1.0,True,False,multimodal,psd-fc-wpli,gated,cnn,False,none
multimodal_psd-fc-wpli_gated_cnn,6,sub11,sub01;sub05;sub07;sub08;sub09;sub10;sub14;sub15;sub16;sub17;sub18;sub20;sub22;sub24;sub27;sub28;sub29,sub13,34,0.10330838710069656,0.010236086323857307,0.002,1e-05,1.0,1.0,True,False,multimodal,psd-fc-wpli,gated,cnn,False,none
multimodal_psd-fc-wpli_gated_cnn,6,sub11,sub01;sub05;sub07;sub08;sub09;sub10;sub14;sub15;sub16;sub17;sub18;sub20;sub22;sub24;sub27;sub28;sub29,sub13,35,0.08894297480583191,0.007284610066562891,0.002,1e-05,1.0,1.0,True,False,multimodal,psd-fc-wpli,gated,cnn,False,none
multimodal_psd-fc-wpli_gated_cnn,6,sub11,sub01;sub05;sub07;sub08;sub09;sub10;sub14;sub15;sub16;sub17;sub18;sub20;sub22;sub24;sub27;sub28;sub29,sub13,36,0.07620738446712494,0.005156546365469694,0.002,1e-05,1.0,1.0,True,False,multimodal,psd-fc-wpli,gated,cnn,False,none
multimodal_psd-fc-wpli_gated_cnn,6,sub11,sub01;sub05;sub07;sub08;sub09;sub10;sub14;sub15;sub16;sub17;sub18;sub20;sub22;sub24;sub27;sub28;sub29,sub13,37,0.0649261549115181,0.0036193665582686663,0.002,1e-05,1.0,1.0,True,False,multimodal,psd-fc-wpli,gated,cnn,False,none
multimodal_psd-fc-wpli_gated_cnn,6,sub11,sub01;sub05;sub07;sub08;sub09;sub10;sub14;sub15;sub16;sub17;sub18;sub20;sub22;sub24;sub27;sub28;sub29,sub13,38,0.05509648844599724,0.00254839682020247,0.002,1e-05,1.0,1.0,True,False,multimodal,psd-fc-wpli,gated,cnn,False,none
multimodal_psd-fc-wpli_gated_cnn,6,sub11,sub01;sub05;sub07;sub08;sub09;sub10;sub14;sub15;sub16;sub17;sub18;sub20;sub22;sub24;sub27;sub28;sub29,sub13,39,0.04661823809146881,0.001867042388767004,0.002,1e-05,1.0,1.0,True,False,multimodal,psd-fc-wpli,gated,cnn,False,none
multimodal_psd-fc-wpli_gated_cnn,6,sub11,sub01;sub05;sub07;sub08;sub09;sub10;sub14;sub15;sub16;sub17;sub18;sub20;sub22;sub24;sub27;sub28;sub29,sub13,40,0.039377301931381226,0.001448341878131032,0.002,1e-05,1.0,1.0,True,False,multimodal,psd-fc-wpli,gated,cnn,False,none
multimodal_psd-fc-wpli_gated_cnn,6,sub11,sub01;sub05;sub07;sub08;sub09;sub10;sub14;sub15;sub16;sub17;sub18;sub20;sub22;sub24;sub27;sub28;sub29,sub13,41,0.03320510312914848,0.0011924155987799168,0.002,1e-05,1.0,1.0,True,False,multimodal,psd-fc-wpli,gated,cnn,False,none
multimodal_psd-fc-wpli_gated_cnn,6,sub11,sub01;sub05;sub07;sub08;sub09;sub10;sub14;sub15;sub16;sub17;sub18;sub20;sub22;sub24;sub27;sub28;sub29,sub13,42,0.027982601895928383,0.001015792484395206,0.002,1e-05,1.0,1.0,True,False,multimodal,psd-fc-wpli,gated,cnn,False,none
multimodal_psd-fc-wpli_gated_cnn,6,sub11,sub01;sub05;sub07;sub08;sub09;sub10;sub14;sub15;sub16;sub17;sub18;sub20;sub22;sub24;sub27;sub28;sub29,sub13,43,0.023618053644895554,0.000859595718793571,0.002,1e-05,1.0,1.0,True,False,multimodal,psd-fc-wpli,gated,cnn,False,none
multimodal_psd-fc-wpli_gated_cnn,6,sub11,sub01;sub05;sub07;sub08;sub09;sub10;sub14;sub15;sub16;sub17;sub18;sub20;sub22;sub24;sub27;sub28;sub29,sub13,44,0.019982963800430298,0.0007197679951786995,0.002,1e-05,1.0,1.0,True,False,multimodal,psd-fc-wpli,gated,cnn,False,none
multimodal_psd-fc-wpli_gated_cnn,6,sub11,sub01;sub05;sub07;sub08;sub09;sub10;sub14;sub15;sub16;sub17;sub18;sub20;sub22;sub24;sub27;sub28;sub29,sub13,45,0.016953475773334503,0.0006054136320017278,0.002,1e-05,1.0,1.0,True,False,multimodal,psd-fc-wpli,gated,cnn,False,none
multimodal_psd-fc-wpli_gated_cnn,6,sub11,sub01;sub05;sub07;sub08;sub09;sub10;sub14;sub15;sub16;sub17;sub18;sub20;sub22;sub24;sub27;sub28;sub29,sub13,46,0.014429876580834389,0.0005162333254702389,0.002,1e-05,1.0,1.0,True,False,multimodal,psd-fc-wpli,gated,cnn,False,none
multimodal_psd-fc-wpli_gated_cnn,6,sub11,sub01;sub05;sub07;sub08;sub09;sub10;sub14;sub15;sub16;sub17;sub18;sub20;sub22;sub24;sub27;sub28;sub29,sub13,47,0.012329448945820332,0.0004501652147155255,0.002,1e-05,1.0,1.0,True,False,multimodal,psd-fc-wpli,gated,cnn,False,none
multimodal_psd-fc-wpli_gated_cnn,6,sub11,sub01;sub05;sub07;sub08;sub09;sub10;sub14;sub15;sub16;sub17;sub18;sub20;sub22;sub24;sub27;sub28;sub29,sub13,48,0.010578416287899017,0.0004018937179353088,0.002,1e-05,1.0,1.0,True,False,multimodal,psd-fc-wpli,gated,cnn,False,none
multimodal_psd-fc-wpli_gated_cnn,6,sub11,sub01;sub05;sub07;sub08;sub09;sub10;sub14;sub15;sub16;sub17;sub18;sub20;sub22;sub24;sub27;sub28;sub29,sub13,49,0.009116020053625107,0.00036423970595933497,0.002,1e-05,1.0,1.0,True,False,multimodal,psd-fc-wpli,gated,cnn,False,none
multimodal_psd-fc-wpli_gated_cnn,6,sub11,sub01;sub05;sub07;sub08;sub09;sub10;sub14;sub15;sub16;sub17;sub18;sub20;sub22;sub24;sub27;sub28;sub29,sub13,50,0.007888847030699253,0.00033541422453708947,0.002,1e-05,1.0,1.0,True,False,multimodal,psd-fc-wpli,gated,cnn,False,none
multimodal_psd-fc-wpli_gated_cnn,6,sub11,sub01;sub05;sub07;sub08;sub09;sub10;sub14;sub15;sub16;sub17;sub18;sub20;sub22;sub24;sub27;sub28;sub29,sub13,51,0.006858167238533497,0.0003094044222962111,0.002,1e-05,1.0,1.0,True,False,multimodal,psd-fc-wpli,gated,cnn,False,none
multimodal_psd-fc-wpli_gated_cnn,6,sub11,sub01;sub05;sub07;sub08;sub09;sub10;sub14;sub15;sub16;sub17;sub18;sub20;sub22;sub24;sub27;sub28;sub29,sub13,52,0.005996808409690857,0.00028418772853910923,0.002,1e-05,1.0,1.0,True,False,multimodal,psd-fc-wpli,gated,cnn,False,none
multimodal_psd-fc-wpli_gated_cnn,6,sub11,sub01;sub05;sub07;sub08;sub09;sub10;sub14;sub15;sub16;sub17;sub18;sub20;sub22;sub24;sub27;sub28;sub29,sub13,53,0.005272204522043467,0.000260451139183715,0.002,1e-05,1.0,1.0,True,False,multimodal,psd-fc-wpli,gated,cnn,False,none
multimodal_psd-fc-wpli_gated_cnn,6,sub11,sub01;sub05;sub07;sub08;sub09;sub10;sub14;sub15;sub16;sub17;sub18;sub20;sub22;sub24;sub27;sub28;sub29,sub13,54,0.004661372397094965,0.00023668582434765995,0.002,1e-05,1.0,1.0,True,False,multimodal,psd-fc-wpli,gated,cnn,False,none
multimodal_psd-fc-wpli_gated_cnn,6,sub11,sub01;sub05;sub07;sub08;sub09;sub10;sub14;sub15;sub16;sub17;sub18;sub20;sub22;sub24;sub27;sub28;sub29,sub13,55,0.00414337869733572,0.0002136818802682683,0.002,1e-05,1.0,1.0,True,False,multimodal,psd-fc-wpli,gated,cnn,False,none
multimodal_psd-fc-wpli_gated_cnn,6,sub11,sub01;sub05;sub07;sub08;sub09;sub10;sub14;sub15;sub16;sub17;sub18;sub20;sub22;sub24;sub27;sub28;sub29,sub13,56,0.003702954389154911,0.00019226522999815643,0.002,1e-05,1.0,1.0,True,False,multimodal,psd-fc-wpli,gated,cnn,False,none
multimodal_psd-fc-wpli_gated_cnn,6,sub11,sub01;sub05;sub07;sub08;sub09;sub10;sub14;sub15;sub16;sub17;sub18;sub20;sub22;sub24;sub27;sub28;sub29,sub13,57,0.0033269328996539116,0.00017296754231210798,0.002,1e-05,1.0,1.0,True,False,multimodal,psd-fc-wpli,gated,cnn,False,none
multimodal_psd-fc-wpli_gated_cnn,6,sub11,sub01;sub05;sub07;sub08;sub09;sub10;sub14;sub15;sub16;sub17;sub18;sub20;sub22;sub24;sub27;sub28;sub29,sub13,58,0.0030051444191485643,0.0001559762458782643,0.002,1e-05,1.0,1.0,True,False,multimodal,psd-fc-wpli,gated,cnn,False,none
multimodal_psd-fc-wpli_gated_cnn,6,sub11,sub01;sub05;sub07;sub08;sub09;sub10;sub14;sub15;sub16;sub17;sub18;sub20;sub22;sub24;sub27;sub28;sub29,sub13,59,0.002729646861553192,0.0001414457510691136,0.002,1e-05,1.0,1.0,True,False,multimodal,psd-fc-wpli,gated,cnn,False,none
multimodal_psd-fc-wpli_gated_cnn,6,sub11,sub01;sub05;sub07;sub08;sub09;sub10;sub14;sub15;sub16;sub17;sub18;sub20;sub22;sub24;sub27;sub28;sub29,sub13,60,0.0024925176985561848,0.00012904127652291209,0.002,1e-05,1.0,1.0,True,False,multimodal,psd-fc-wpli,gated,cnn,False,none
multimodal_psd-fc-wpli_gated_cnn,6,sub11,sub01;sub05;sub07;sub08;sub09;sub10;sub14;sub15;sub16;sub17;sub18;sub20;sub22;sub24;sub27;sub28;sub29,sub13,61,0.002287013689056039,0.00011865996930282563,0.002,1e-05,1.0,1.0,True,False,multimodal,psd-fc-wpli,gated,cnn,False,none
multimodal_psd-fc-wpli_gated_cnn,6,sub11,sub01;sub05;sub07;sub08;sub09;sub10;sub14;sub15;sub16;sub17;sub18;sub20;sub22;sub24;sub27;sub28;sub29,sub13,62,0.0021079571451991796,0.00010993856994900852,0.002,1e-05,1.0,1.0,True,False,multimodal,psd-fc-wpli,gated,cnn,False,none
multimodal_psd-fc-wpli_gated_cnn,6,sub11,sub01;sub05;sub07;sub08;sub09;sub10;sub14;sub15;sub16;sub17;sub18;sub20;sub22;sub24;sub27;sub28;sub29,sub13,63,0.0019514714367687702,0.00010242535063298419,0.002,1e-05,1.0,1.0,True,False,multimodal,psd-fc-wpli,gated,cnn,False,none
multimodal_psd-fc-wpli_gated_cnn,6,sub11,sub01;sub05;sub07;sub08;sub09;sub10;sub14;sub15;sub16;sub17;sub18;sub20;sub22;sub24;sub27;sub28;sub29,sub13,64,0.0018140353495255113,9.59098179009743e-05,0.002,1e-05,1.0,1.0,True,False,multimodal,psd-fc-wpli,gated,cnn,False,none
multimodal_psd-fc-wpli_gated_cnn,6,sub11,sub01;sub05;sub07;sub08;sub09;sub10;sub14;sub15;sub16;sub17;sub18;sub20;sub22;sub24;sub27;sub28;sub29,sub13,65,0.0016927962424233556,9.02059837244451e-05,0.002,1e-05,1.0,1.0,True,False,multimodal,psd-fc-wpli,gated,cnn,False,none
multimodal_psd-fc-wpli_gated_cnn,6,sub11,sub01;sub05;sub07;sub08;sub09;sub10;sub14;sub15;sub16;sub17;sub18;sub20;sub22;sub24;sub27;sub28;sub29,sub13,66,0.0015859762206673622,8.505681762471795e-05,0.002,1e-05,1.0,1.0,True,False,multimodal,psd-fc-wpli,gated,cnn,False,none
multimodal_psd-fc-wpli_gated_cnn,6,sub11,sub01;sub05;sub07;sub08;sub09;sub10;sub14;sub15;sub16;sub17;sub18;sub20;sub22;sub24;sub27;sub28;sub29,sub13,67,0.001491608447395265,8.033768244786188e-05,0.002,1e-05,1.0,1.0,True,False,multimodal,psd-fc-wpli,gated,cnn,False,none
multimodal_psd-fc-wpli_gated_cnn,6,sub11,sub01;sub05;sub07;sub08;sub09;sub10;sub14;sub15;sub16;sub17;sub18;sub20;sub22;sub24;sub27;sub28;sub29,sub13,68,0.001407652860507369,7.590554014313966e-05,0.002,1e-05,1.0,1.0,True,False,multimodal,psd-fc-wpli,gated,cnn,False,none
multimodal_psd-fc-wpli_gated_cnn,6,sub11,sub01;sub05;sub07;sub08;sub09;sub10;sub14;sub15;sub16;sub17;sub18;sub20;sub22;sub24;sub27;sub28;sub29,sub13,69,0.0013325187610462308,7.173153426265344e-05,0.002,1e-05,1.0,1.0,True,False,multimodal,psd-fc-wpli,gated,cnn,False,none
multimodal_psd-fc-wpli_gated_cnn,6,sub11,sub01;sub05;sub07;sub08;sub09;sub10;sub14;sub15;sub16;sub17;sub18;sub20;sub22;sub24;sub27;sub28;sub29,sub13,70,0.0012650060234591365,6.78133437759243e-05,0.002,1e-05,1.0,1.0,True,False,multimodal,psd-fc-wpli,gated,cnn,False,none
multimodal_psd-fc-wpli_gated_cnn,6,sub11,sub01;sub05;sub07;sub08;sub09;sub10;sub14;sub15;sub16;sub17;sub18;sub20;sub22;sub24;sub27;sub28;sub29,sub13,71,0.0012040749425068498,6.416685209842399e-05,0.002,1e-05,1.0,1.0,True,False,multimodal,psd-fc-wpli,gated,cnn,False,none
multimodal_psd-fc-wpli_gated_cnn,6,sub11,sub01;sub05;sub07;sub08;sub09;sub10;sub14;sub15;sub16;sub17;sub18;sub20;sub22;sub24;sub27;sub28;sub29,sub13,72,0.0011489142198115587,6.080416278564371e-05,0.002,1e-05,1.0,1.0,True,False,multimodal,psd-fc-wpli,gated,cnn,False,none
multimodal_psd-fc-wpli_gated_cnn,6,sub11,sub01;sub05;sub07;sub08;sub09;sub10;sub14;sub15;sub16;sub17;sub18;sub20;sub22;sub24;sub27;sub28;sub29,sub13,73,0.001098875654861331,5.776877878815867e-05,0.002,1e-05,1.0,1.0,True,False,multimodal,psd-fc-wpli,gated,cnn,False,none
multimodal_psd-fc-wpli_gated_cnn,6,sub11,sub01;sub05;sub07;sub08;sub09;sub10;sub14;sub15;sub16;sub17;sub18;sub20;sub22;sub24;sub27;sub28;sub29,sub13,74,0.0010534331668168306,5.5025946494424716e-05,0.002,1e-05,1.0,1.0,True,False,multimodal,psd-fc-wpli,gated,cnn,False,none
multimodal_psd-fc-wpli_gated_cnn,6,sub11,sub01;sub05;sub07;sub08;sub09;sub10;sub14;sub15;sub16;sub17;sub18;sub20;sub22;sub24;sub27;sub28;sub29,sub13,75,0.001011996646411717,5.258952660369687e-05,0.002,1e-05,1.0,1.0,True,False,multimodal,psd-fc-wpli,gated,cnn,False,none
multimodal_psd-fc-wpli_gated_cnn,6,sub11,sub01;sub05;sub07;sub08;sub09;sub10;sub14;sub15;sub16;sub17;sub18;sub20;sub22;sub24;sub27;sub28;sub29,sub13,76,0.0009740943787619472,5.04443196405191e-05,0.002,1e-05,1.0,1.0,True,False,multimodal,psd-fc-wpli,gated,cnn,False,none
multimodal_psd-fc-wpli_gated_cnn,6,sub11,sub01;sub05;sub07;sub08;sub09;sub10;sub14;sub15;sub16;sub17;sub18;sub20;sub22;sub24;sub27;sub28;sub29,sub13,77,0.0009393290965817869,4.8557001719018444e-05,0.002,1e-05,1.0,1.0,True,False,multimodal,psd-fc-wpli,gated,cnn,False,none
multimodal_psd-fc-wpli_gated_cnn,6,sub11,sub01;sub05;sub07;sub08;sub09;sub10;sub14;sub15;sub16;sub17;sub18;sub20;sub22;sub24;sub27;sub28;sub29,sub13,78,0.0009073152905330062,4.690081550506875e-05,0.002,1e-05,1.0,1.0,True,False,multimodal,psd-fc-wpli,gated,cnn,False,none
multimodal_psd-fc-wpli_gated_cnn,6,sub11,sub01;sub05;sub07;sub08;sub09;sub10;sub14;sub15;sub16;sub17;sub18;sub20;sub22;sub24;sub27;sub28;sub29,sub13,79,0.0008777411421760917,4.542769966064952e-05,0.002,1e-05,1.0,1.0,True,False,multimodal,psd-fc-wpli,gated,cnn,False,none
multimodal_psd-fc-wpli_gated_cnn,6,sub11,sub01;sub05;sub07;sub08;sub09;sub10;sub14;sub15;sub16;sub17;sub18;sub20;sub22;sub24;sub27;sub28;sub29,sub13,80,0.000850374111905694,4.419568722369149e-05,0.002,1e-05,1.0,1.0,True,False,multimodal,psd-fc-wpli,gated,cnn,False,none
multimodal_psd-fc-wpli_gated_cnn,6,sub11,sub01;sub05;sub07;sub08;sub09;sub10;sub14;sub15;sub16;sub17;sub18;sub20;sub22;sub24;sub27;sub28;sub29,sub13,81,0.000824404472950846,4.300045475247316e-05,0.002,1e-05,1.0,1.0,True,False,multimodal,psd-fc-wpli,gated,cnn,False,none
multimodal_psd-fc-wpli_gated_cnn,6,sub11,sub01;sub05;sub07;sub08;sub09;sub10;sub14;sub15;sub16;sub17;sub18;sub20;sub22;sub24;sub27;sub28;sub29,sub13,82,0.000799213710706681,4.191933840047568e-05,0.002,1e-05,1.0,1.0,True,False,multimodal,psd-fc-wpli,gated,cnn,False,none
multimodal_psd-fc-wpli_gated_cnn,6,sub11,sub01;sub05;sub07;sub08;sub09;sub10;sub14;sub15;sub16;sub17;sub18;sub20;sub22;sub24;sub27;sub28;sub29,sub13,83,0.0007750366348773241,4.092572635272518e-05,0.002,1e-05,1.0,1.0,True,False,multimodal,psd-fc-wpli,gated,cnn,False,none
multimodal_psd-fc-wpli_gated_cnn,6,sub11,sub01;sub05;sub07;sub08;sub09;sub10;sub14;sub15;sub16;sub17;sub18;sub20;sub22;sub24;sub27;sub28;sub29,sub13,84,0.0007518656202591956,4.002836794825271e-05,0.002,1e-05,1.0,1.0,True,False,multimodal,psd-fc-wpli,gated,cnn,False,none
multimodal_psd-fc-wpli_gated_cnn,6,sub11,sub01;sub05;sub07;sub08;sub09;sub10;sub14;sub15;sub16;sub17;sub18;sub20;sub22;sub24;sub27;sub28;sub29,sub13,85,0.0007296524127013981,3.918220318155363e-05,0.002,1e-05,1.0,1.0,True,False,multimodal,psd-fc-wpli,gated,cnn,False,none
multimodal_psd-fc-wpli_gated_cnn,6,sub11,sub01;sub05;sub07;sub08;sub09;sub10;sub14;sub15;sub16;sub17;sub18;sub20;sub22;sub24;sub27;sub28;sub29,sub13,86,0.000708220002707094,3.836431642412208e-05,0.002,1e-05,1.0,1.0,True,False,multimodal,psd-fc-wpli,gated,cnn,False,none
multimodal_psd-fc-wpli_gated_cnn,6,sub11,sub01;sub05;sub07;sub08;sub09;sub10;sub14;sub15;sub16;sub17;sub18;sub20;sub22;sub24;sub27;sub28;sub29,sub13,87,0.0006875474937260151,3.7592955777654424e-05,0.002,1e-05,1.0,1.0,True,False,multimodal,psd-fc-wpli,gated,cnn,False,none
multimodal_psd-fc-wpli_gated_cnn,6,sub11,sub01;sub05;sub07;sub08;sub09;sub10;sub14;sub15;sub16;sub17;sub18;sub20;sub22;sub24;sub27;sub28;sub29,sub13,88,0.0006675630575045943,3.6838100641034544e-05,0.002,1e-05,1.0,1.0,True,False,multimodal,psd-fc-wpli,gated,cnn,False,none
multimodal_psd-fc-wpli_gated_cnn,6,sub11,sub01;sub05;sub07;sub08;sub09;sub10;sub14;sub15;sub16;sub17;sub18;sub20;sub22;sub24;sub27;sub28;sub29,sub13,89,0.0006481832242570817,3.610568819567561e-05,0.002,1e-05,1.0,1.0,True,False,multimodal,psd-fc-wpli,gated,cnn,False,none
multimodal_psd-fc-wpli_gated_cnn,6,sub11,sub01;sub05;sub07;sub08;sub09;sub10;sub14;sub15;sub16;sub17;sub18;sub20;sub22;sub24;sub27;sub28;sub29,sub13,90,0.0006293471669778228,3.538828241289593e-05,0.002,1e-05,1.0,1.0,True,False,multimodal,psd-fc-wpli,gated,cnn,False,none
multimodal_psd-fc-wpli_gated_cnn,6,sub11,sub01;sub05;sub07;sub08;sub09;sub10;sub14;sub15;sub16;sub17;sub18;sub20;sub22;sub24;sub27;sub28;sub29,sub13,91,0.0006110083195380867,3.468139038886875e-05,0.002,1e-05,1.0,1.0,True,False,multimodal,psd-fc-wpli,gated,cnn,False,none
multimodal_psd-fc-wpli_gated_cnn,6,sub11,sub01;sub05;sub07;sub08;sub09;sub10;sub14;sub15;sub16;sub17;sub18;sub20;sub22;sub24;sub27;sub28;sub29,sub13,92,0.0005930823972448707,3.398875196580775e-05,0.002,1e-05,1.0,1.0,True,False,multimodal,psd-fc-wpli,gated,cnn,False,none
multimodal_psd-fc-wpli_gated_cnn,6,sub11,sub01;sub05;sub07;sub08;sub09;sub10;sub14;sub15;sub16;sub17;sub18;sub20;sub22;sub24;sub27;sub28;sub29,sub13,93,0.0005756032187491655,3.331499465275556e-05,0.002,1e-05,1.0,1.0,True,False,multimodal,psd-fc-wpli,gated,cnn,False,none
multimodal_psd-fc-wpli_gated_cnn,6,sub11,sub01;sub05;sub07;sub08;sub09;sub10;sub14;sub15;sub16;sub17;sub18;sub20;sub22;sub24;sub27;sub28;sub29,sub13,94,0.0005584987229667604,3.263058897573501e-05,0.002,1e-05,1.0,1.0,True,False,multimodal,psd-fc-wpli,gated,cnn,False,none
multimodal_psd-fc-wpli_gated_cnn,6,sub11,sub01;sub05;sub07;sub08;sub09;sub10;sub14;sub15;sub16;sub17;sub18;sub20;sub22;sub24;sub27;sub28;sub29,sub13,95,0.000541764369700104,3.1938459869707e-05,0.002,1e-05,1.0,1.0,True,False,multimodal,psd-fc-wpli,gated,cnn,False,none
multimodal_psd-fc-wpli_gated_cnn,6,sub11,sub01;sub05;sub07;sub08;sub09;sub10;sub14;sub15;sub16;sub17;sub18;sub20;sub22;sub24;sub27;sub28;sub29,sub13,96,0.0005253884592093527,3.125129660475068e-05,0.002,1e-05,1.0,1.0,True,False,multimodal,psd-fc-wpli,gated,cnn,False,none
multimodal_psd-fc-wpli_gated_cnn,6,sub11,sub01;sub05;sub07;sub08;sub09;sub10;sub14;sub15;sub16;sub17;sub18;sub20;sub22;sub24;sub27;sub28;sub29,sub13,97,0.0005093488725833595,3.056320201721974e-05,0.002,1e-05,1.0,1.0,True,False,multimodal,psd-fc-wpli,gated,cnn,False,none
multimodal_psd-fc-wpli_gated_cnn,6,sub11,sub01;sub05;sub07;sub08;sub09;sub10;sub14;sub15;sub16;sub17;sub18;sub20;sub22;sub24;sub27;sub28;sub29,sub13,98,0.000493630999699235,2.9873355742893182e-05,0.002,1e-05,1.0,1.0,True,False,multimodal,psd-fc-wpli,gated,cnn,False,none
multimodal_psd-fc-wpli_gated_cnn,6,sub11,sub01;sub05;sub07;sub08;sub09;sub10;sub14;sub15;sub16;sub17;sub18;sub20;sub22;sub24;sub27;sub28;sub29,sub13,99,0.0004782207834068686,2.9183524020481855e-05,0.002,1e-05,1.0,1.0,True,False,multimodal,psd-fc-wpli,gated,cnn,False,none
multimodal_psd-fc-wpli_gated_cnn,6,sub11,sub01;sub05;sub07;sub08;sub09;sub10;sub14;sub15;sub16;sub17;sub18;sub20;sub22;sub24;sub27;sub28;sub29,sub13,100,0.00046305314754135907,2.8482170819188468e-05,0.002,1e-05,1.0,1.0,True,False,multimodal,psd-fc-wpli,gated,cnn,False,none
multimodal_psd-fc-wpli_gated_cnn,7,sub13,sub01;sub05;sub07;sub08;sub09;sub10;sub11;sub15;sub16;sub17;sub18;sub20;sub22;sub24;sub27;sub28;sub29,sub14,1,0.6865463256835938,0.7638115286827087,0.002,1e-05,1.0,1.0,True,False,multimodal,psd-fc-wpli,gated,cnn,False,none
multimodal_psd-fc-wpli_gated_cnn,7,sub13,sub01;sub05;sub07;sub08;sub09;sub10;sub11;sub15;sub16;sub17;sub18;sub20;sub22;sub24;sub27;sub28;sub29,sub14,2,0.676604688167572,0.7656158804893494,0.002,1e-05,1.0,1.0,False,False,multimodal,psd-fc-wpli,gated,cnn,False,none
multimodal_psd-fc-wpli_gated_cnn,7,sub13,sub01;sub05;sub07;sub08;sub09;sub10;sub11;sub15;sub16;sub17;sub18;sub20;sub22;sub24;sub27;sub28;sub29,sub14,3,0.6682334542274475,0.7699059247970581,0.002,1e-05,1.0,1.0,False,False,multimodal,psd-fc-wpli,gated,cnn,False,none
multimodal_psd-fc-wpli_gated_cnn,7,sub13,sub01;sub05;sub07;sub08;sub09;sub10;sub11;sub15;sub16;sub17;sub18;sub20;sub22;sub24;sub27;sub28;sub29,sub14,4,0.660381555557251,0.7725852131843567,0.002,1e-05,1.0,1.0,False,False,multimodal,psd-fc-wpli,gated,cnn,False,none
multimodal_psd-fc-wpli_gated_cnn,7,sub13,sub01;sub05;sub07;sub08;sub09;sub10;sub11;sub15;sub16;sub17;sub18;sub20;sub22;sub24;sub27;sub28;sub29,sub14,5,0.6521145701408386,0.7739357948303223,0.002,1e-05,1.0,1.0,False,False,multimodal,psd-fc-wpli,gated,cnn,False,none
multimodal_psd-fc-wpli_gated_cnn,7,sub13,sub01;sub05;sub07;sub08;sub09;sub10;sub11;sub15;sub16;sub17;sub18;sub20;sub22;sub24;sub27;sub28;sub29,sub14,6,0.6436935067176819,0.771538257598877,0.002,1e-05,1.0,1.0,False,False,multimodal,psd-fc-wpli,gated,cnn,False,none
multimodal_psd-fc-wpli_gated_cnn,7,sub13,sub01;sub05;sub07;sub08;sub09;sub10;sub11;sub15;sub16;sub17;sub18;sub20;sub22;sub24;sub27;sub28;sub29,sub14,7,0.6345226764678955,0.7673900723457336,0.002,1e-05,1.0,1.0,False,False,multimodal,psd-fc-wpli,gated,cnn,False,none
multimodal_psd-fc-wpli_gated_cnn,7,sub13,sub01;sub05;sub07;sub08;sub09;sub10;sub11;sub15;sub16;sub17;sub18;sub20;sub22;sub24;sub27;sub28;sub29,sub14,8,0.6246208548545837,0.7641047835350037,0.002,1e-05,1.0,1.0,False,False,multimodal,psd-fc-wpli,gated,cnn,False,none
multimodal_psd-fc-wpli_gated_cnn,7,sub13,sub01;sub05;sub07;sub08;sub09;sub10;sub11;sub15;sub16;sub17;sub18;sub20;sub22;sub24;sub27;sub28;sub29,sub14,9,0.6136184334754944,0.7626802921295166,0.002,1e-05,1.0,1.0,True,False,multimodal,psd-fc-wpli,gated,cnn,False,none
multimodal_psd-fc-wpli_gated_cnn,7,sub13,sub01;sub05;sub07;sub08;sub09;sub10;sub11;sub15;sub16;sub17;sub18;sub20;sub22;sub24;sub27;sub28;sub29,sub14,10,0.6016849279403687,0.76495760679245,0.002,1e-05,1.0,1.0,False,False,multimodal,psd-fc-wpli,gated,cnn,False,none
multimodal_psd-fc-wpli_gated_cnn,7,sub13,sub01;sub05;sub07;sub08;sub09;sub10;sub11;sub15;sub16;sub17;sub18;sub20;sub22;sub24;sub27;sub28;sub29,sub14,11,0.5884732007980347,0.7715518474578857,0.002,1e-05,1.0,1.0,False,False,multimodal,psd-fc-wpli,gated,cnn,False,none
multimodal_psd-fc-wpli_gated_cnn,7,sub13,sub01;sub05;sub07;sub08;sub09;sub10;sub11;sub15;sub16;sub17;sub18;sub20;sub22;sub24;sub27;sub28;sub29,sub14,12,0.5742243528366089,0.7832274436950684,0.002,1e-05,1.0,1.0,False,False,multimodal,psd-fc-wpli,gated,cnn,False,none
multimodal_psd-fc-wpli_gated_cnn,7,sub13,sub01;sub05;sub07;sub08;sub09;sub10;sub11;sub15;sub16;sub17;sub18;sub20;sub22;sub24;sub27;sub28;sub29,sub14,13,0.5588052272796631,0.802837610244751,0.002,1e-05,1.0,1.0,False,False,multimodal,psd-fc-wpli,gated,cnn,False,none
multimodal_psd-fc-wpli_gated_cnn,7,sub13,sub01;sub05;sub07;sub08;sub09;sub10;sub11;sub15;sub16;sub17;sub18;sub20;sub22;sub24;sub27;sub28;sub29,sub14,14,0.5423446893692017,0.828808605670929,0.002,1e-05,1.0,1.0,False,False,multimodal,psd-fc-wpli,gated,cnn,False,none
multimodal_psd-fc-wpli_gated_cnn,7,sub13,sub01;sub05;sub07;sub08;sub09;sub10;sub11;sub15;sub16;sub17;sub18;sub20;sub22;sub24;sub27;sub28;sub29,sub14,15,0.5248267650604248,0.8584952354431152,0.002,1e-05,1.0,1.0,False,False,multimodal,psd-fc-wpli,gated,cnn,False,none
multimodal_psd-fc-wpli_gated_cnn,7,sub13,sub01;sub05;sub07;sub08;sub09;sub10;sub11;sub15;sub16;sub17;sub18;sub20;sub22;sub24;sub27;sub28;sub29,sub14,16,0.5062936544418335,0.8887600898742676,0.002,1e-05,1.0,1.0,False,False,multimodal,psd-fc-wpli,gated,cnn,False,none
multimodal_psd-fc-wpli_gated_cnn,7,sub13,sub01;sub05;sub07;sub08;sub09;sub10;sub11;sub15;sub16;sub17;sub18;sub20;sub22;sub24;sub27;sub28;sub29,sub14,17,0.48695188760757446,0.9215063452720642,0.002,1e-05,1.0,1.0,False,False,multimodal,psd-fc-wpli,gated,cnn,False,none
multimodal_psd-fc-wpli_gated_cnn,7,sub13,sub01;sub05;sub07;sub08;sub09;sub10;sub11;sub15;sub16;sub17;sub18;sub20;sub22;sub24;sub27;sub28;sub29,sub14,18,0.46649980545043945,0.9611490964889526,0.002,1e-05,1.0,1.0,False,False,multimodal,psd-fc-wpli,gated,cnn,False,none
multimodal_psd-fc-wpli_gated_cnn,7,sub13,sub01;sub05;sub07;sub08;sub09;sub10;sub11;sub15;sub16;sub17;sub18;sub20;sub22;sub24;sub27;sub28;sub29,sub14,19,0.4449786841869354,1.0102412700653076,0.002,1e-05,1.0,1.0,False,False,multimodal,psd-fc-wpli,gated,cnn,False,none
multimodal_psd-fc-wpli_gated_cnn,7,sub13,sub01;sub05;sub07;sub08;sub09;sub10;sub11;sub15;sub16;sub17;sub18;sub20;sub22;sub24;sub27;sub28;sub29,sub14,20,0.42247307300567627,1.0710002183914185,0.002,1e-05,1.0,1.0,False,False,multimodal,psd-fc-wpli,gated,cnn,False,none
multimodal_psd-fc-wpli_gated_cnn,7,sub13,sub01;sub05;sub07;sub08;sub09;sub10;sub11;sub15;sub16;sub17;sub18;sub20;sub22;sub24;sub27;sub28;sub29,sub14,21,0.3992150127887726,1.1421027183532715,0.002,1e-05,1.0,1.0,False,False,multimodal,psd-fc-wpli,gated,cnn,False,none
multimodal_psd-fc-wpli_gated_cnn,7,sub13,sub01;sub05;sub07;sub08;sub09;sub10;sub11;sub15;sub16;sub17;sub18;sub20;sub22;sub24;sub27;sub28;sub29,sub14,22,0.3754655718803406,1.2172423601150513,0.002,1e-05,1.0,1.0,False,False,multimodal,psd-fc-wpli,gated,cnn,False,none
multimodal_psd-fc-wpli_gated_cnn,7,sub13,sub01;sub05;sub07;sub08;sub09;sub10;sub11;sub15;sub16;sub17;sub18;sub20;sub22;sub24;sub27;sub28;sub29,sub14,23,0.3512914180755615,1.2890962362289429,0.002,1e-05,1.0,1.0,False,False,multimodal,psd-fc-wpli,gated,cnn,False,none
multimodal_psd-fc-wpli_gated_cnn,7,sub13,sub01;sub05;sub07;sub08;sub09;sub10;sub11;sub15;sub16;sub17;sub18;sub20;sub22;sub24;sub27;sub28;sub29,sub14,24,0.32679978013038635,1.3582624197006226,0.002,1e-05,1.0,1.0,False,False,multimodal,psd-fc-wpli,gated,cnn,False,none
multimodal_psd-fc-wpli_gated_cnn,7,sub13,sub01;sub05;sub07;sub08;sub09;sub10;sub11;sub15;sub16;sub17;sub18;sub20;sub22;sub24;sub27;sub28;sub29,sub14,25,0.3020281493663788,1.4217289686203003,0.002,1e-05,1.0,1.0,False,False,multimodal,psd-fc-wpli,gated,cnn,False,none
multimodal_psd-fc-wpli_gated_cnn,7,sub13,sub01;sub05;sub07;sub08;sub09;sub10;sub11;sub15;sub16;sub17;sub18;sub20;sub22;sub24;sub27;sub28;sub29,sub14,26,0.27710476517677307,1.4791218042373657,0.002,1e-05,1.0,1.0,False,False,multimodal,psd-fc-wpli,gated,cnn,False,none
multimodal_psd-fc-wpli_gated_cnn,7,sub13,sub01;sub05;sub07;sub08;sub09;sub10;sub11;sub15;sub16;sub17;sub18;sub20;sub22;sub24;sub27;sub28;sub29,sub14,27,0.2522742450237274,1.5323829650878906,0.002,1e-05,1.0,1.0,False,False,multimodal,psd-fc-wpli,gated,cnn,False,none
multimodal_psd-fc-wpli_gated_cnn,7,sub13,sub01;sub05;sub07;sub08;sub09;sub10;sub11;sub15;sub16;sub17;sub18;sub20;sub22;sub24;sub27;sub28;sub29,sub14,28,0.22775377333164215,1.580737829208374,0.002,1e-05,1.0,1.0,False,False,multimodal,psd-fc-wpli,gated,cnn,False,none
multimodal_psd-fc-wpli_gated_cnn,7,sub13,sub01;sub05;sub07;sub08;sub09;sub10;sub11;sub15;sub16;sub17;sub18;sub20;sub22;sub24;sub27;sub28;sub29,sub14,29,0.20373649895191193,1.6232023239135742,0.002,1e-05,1.0,1.0,False,False,multimodal,psd-fc-wpli,gated,cnn,False,none
multimodal_psd-fc-wpli_gated_cnn,7,sub13,sub01;sub05;sub07;sub08;sub09;sub10;sub11;sub15;sub16;sub17;sub18;sub20;sub22;sub24;sub27;sub28;sub29,sub14,30,0.1806410402059555,1.6693662405014038,0.002,1e-05,1.0,1.0,False,False,multimodal,psd-fc-wpli,gated,cnn,False,none
multimodal_psd-fc-wpli_gated_cnn,7,sub13,sub01;sub05;sub07;sub08;sub09;sub10;sub11;sub15;sub16;sub17;sub18;sub20;sub22;sub24;sub27;sub28;sub29,sub14,31,0.1586754024028778,1.7360734939575195,0.002,1e-05,1.0,1.0,False,False,multimodal,psd-fc-wpli,gated,cnn,False,none
multimodal_psd-fc-wpli_gated_cnn,7,sub13,sub01;sub05;sub07;sub08;sub09;sub10;sub11;sub15;sub16;sub17;sub18;sub20;sub22;sub24;sub27;sub28;sub29,sub14,32,0.13801182806491852,1.8074307441711426,0.002,1e-05,1.0,1.0,False,False,multimodal,psd-fc-wpli,gated,cnn,False,none
multimodal_psd-fc-wpli_gated_cnn,7,sub13,sub01;sub05;sub07;sub08;sub09;sub10;sub11;sub15;sub16;sub17;sub18;sub20;sub22;sub24;sub27;sub28;sub29,sub14,33,0.11901485174894333,1.8433985710144043,0.002,1e-05,1.0,1.0,False,False,multimodal,psd-fc-wpli,gated,cnn,False,none
multimodal_psd-fc-wpli_gated_cnn,7,sub13,sub01;sub05;sub07;sub08;sub09;sub10;sub11;sub15;sub16;sub17;sub18;sub20;sub22;sub24;sub27;sub28;sub29,sub14,34,0.10196790844202042,1.8236260414123535,0.002,1e-05,1.0,1.0,False,False,multimodal,psd-fc-wpli,gated,cnn,False,none
multimodal_psd-fc-wpli_gated_cnn,7,sub13,sub01;sub05;sub07;sub08;sub09;sub10;sub11;sub15;sub16;sub17;sub18;sub20;sub22;sub24;sub27;sub28;sub29,sub14,35,0.08709340542554855,1.765358567237854,0.002,1e-05,1.0,1.0,False,False,multimodal,psd-fc-wpli,gated,cnn,False,none
multimodal_psd-fc-wpli_gated_cnn,7,sub13,sub01;sub05;sub07;sub08;sub09;sub10;sub11;sub15;sub16;sub17;sub18;sub20;sub22;sub24;sub27;sub28;sub29,sub14,36,0.07395912706851959,1.723074197769165,0.002,1e-05,1.0,1.0,False,False,multimodal,psd-fc-wpli,gated,cnn,False,none
multimodal_psd-fc-wpli_gated_cnn,7,sub13,sub01;sub05;sub07;sub08;sub09;sub10;sub11;sub15;sub16;sub17;sub18;sub20;sub22;sub24;sub27;sub28;sub29,sub14,37,0.06257888674736023,1.713497519493103,0.002,1e-05,1.0,1.0,False,False,multimodal,psd-fc-wpli,gated,cnn,False,none
multimodal_psd-fc-wpli_gated_cnn,7,sub13,sub01;sub05;sub07;sub08;sub09;sub10;sub11;sub15;sub16;sub17;sub18;sub20;sub22;sub24;sub27;sub28;sub29,sub14,38,0.05269155651330948,1.7574633359909058,0.002,1e-05,1.0,1.0,False,False,multimodal,psd-fc-wpli,gated,cnn,False,none
multimodal_psd-fc-wpli_gated_cnn,7,sub13,sub01;sub05;sub07;sub08;sub09;sub10;sub11;sub15;sub16;sub17;sub18;sub20;sub22;sub24;sub27;sub28;sub29,sub14,39,0.04415486380457878,1.8219988346099854,0.002,1e-05,1.0,1.0,False,False,multimodal,psd-fc-wpli,gated,cnn,False,none
multimodal_psd-fc-wpli_gated_cnn,7,sub13,sub01;sub05;sub07;sub08;sub09;sub10;sub11;sub15;sub16;sub17;sub18;sub20;sub22;sub24;sub27;sub28;sub29,sub14,40,0.03690814599394798,1.8557178974151611,0.002,1e-05,1.0,1.0,False,False,multimodal,psd-fc-wpli,gated,cnn,False,none
multimodal_psd-fc-wpli_gated_cnn,7,sub13,sub01;sub05;sub07;sub08;sub09;sub10;sub11;sub15;sub16;sub17;sub18;sub20;sub22;sub24;sub27;sub28;sub29,sub14,41,0.030785027891397476,1.8495266437530518,0.002,1e-05,1.0,1.0,False,False,multimodal,psd-fc-wpli,gated,cnn,False,none
multimodal_psd-fc-wpli_gated_cnn,7,sub13,sub01;sub05;sub07;sub08;sub09;sub10;sub11;sub15;sub16;sub17;sub18;sub20;sub22;sub24;sub27;sub28;sub29,sub14,42,0.02568359300494194,1.8369433879852295,0.002,1e-05,1.0,1.0,False,False,multimodal,psd-fc-wpli,gated,cnn,False,none
multimodal_psd-fc-wpli_gated_cnn,7,sub13,sub01;sub05;sub07;sub08;sub09;sub10;sub11;sub15;sub16;sub17;sub18;sub20;sub22;sub24;sub27;sub28;sub29,sub14,43,0.0214545838534832,1.831360936164856,0.002,1e-05,1.0,1.0,False,False,multimodal,psd-fc-wpli,gated,cnn,False,none
multimodal_psd-fc-wpli_gated_cnn,7,sub13,sub01;sub05;sub07;sub08;sub09;sub10;sub11;sub15;sub16;sub17;sub18;sub20;sub22;sub24;sub27;sub28;sub29,sub14,44,0.01795162260532379,1.8440604209899902,0.002,1e-05,1.0,1.0,False,False,multimodal,psd-fc-wpli,gated,cnn,False,none
multimodal_psd-fc-wpli_gated_cnn,7,sub13,sub01;sub05;sub07;sub08;sub09;sub10;sub11;sub15;sub16;sub17;sub18;sub20;sub22;sub24;sub27;sub28;sub29,sub14,45,0.01505637913942337,1.875251293182373,0.002,1e-05,1.0,1.0,False,False,multimodal,psd-fc-wpli,gated,cnn,False,none
multimodal_psd-fc-wpli_gated_cnn,7,sub13,sub01;sub05;sub07;sub08;sub09;sub10;sub11;sub15;sub16;sub17;sub18;sub20;sub22;sub24;sub27;sub28;sub29,sub14,46,0.01267231721431017,1.9251586198806763,0.002,1e-05,1.0,1.0,False,False,multimodal,psd-fc-wpli,gated,cnn,False,none
multimodal_psd-fc-wpli_gated_cnn,7,sub13,sub01;sub05;sub07;sub08;sub09;sub10;sub11;sub15;sub16;sub17;sub18;sub20;sub22;sub24;sub27;sub28;sub29,sub14,47,0.0107068857178092,1.9856172800064087,0.002,1e-05,1.0,1.0,False,False,multimodal,psd-fc-wpli,gated,cnn,False,none
multimodal_psd-fc-wpli_gated_cnn,7,sub13,sub01;sub05;sub07;sub08;sub09;sub10;sub11;sub15;sub16;sub17;sub18;sub20;sub22;sub24;sub27;sub28;sub29,sub14,48,0.009089997969567776,2.0496158599853516,0.002,1e-05,1.0,1.0,False,False,multimodal,psd-fc-wpli,gated,cnn,False,none
multimodal_psd-fc-wpli_gated_cnn,7,sub13,sub01;sub05;sub07;sub08;sub09;sub10;sub11;sub15;sub16;sub17;sub18;sub20;sub22;sub24;sub27;sub28;sub29,sub14,49,0.007760957814753056,2.1057112216949463,0.002,1e-05,1.0,1.0,False,False,multimodal,psd-fc-wpli,gated,cnn,False,none
multimodal_psd-fc-wpli_gated_cnn,7,sub13,sub01;sub05;sub07;sub08;sub09;sub10;sub11;sub15;sub16;sub17;sub18;sub20;sub22;sub24;sub27;sub28;sub29,sub14,50,0.006663904991000891,2.1508948802948,0.002,1e-05,1.0,1.0,False,False,multimodal,psd-fc-wpli,gated,cnn,False,none
multimodal_psd-fc-wpli_gated_cnn,7,sub13,sub01;sub05;sub07;sub08;sub09;sub10;sub11;sub15;sub16;sub17;sub18;sub20;sub22;sub24;sub27;sub28;sub29,sub14,51,0.0057554771192371845,2.1874098777770996,0.002,1e-05,1.0,1.0,False,False,multimodal,psd-fc-wpli,gated,cnn,False,none
multimodal_psd-fc-wpli_gated_cnn,7,sub13,sub01;sub05;sub07;sub08;sub09;sub10;sub11;sub15;sub16;sub17;sub18;sub20;sub22;sub24;sub27;sub28;sub29,sub14,52,0.0049987961538136005,2.216740846633911,0.002,1e-05,1.0,1.0,False,False,multimodal,psd-fc-wpli,gated,cnn,False,none
multimodal_psd-fc-wpli_gated_cnn,7,sub13,sub01;sub05;sub07;sub08;sub09;sub10;sub11;sub15;sub16;sub17;sub18;sub20;sub22;sub24;sub27;sub28;sub29,sub14,53,0.004368187859654427,2.2374274730682373,0.002,1e-05,1.0,1.0,False,False,multimodal,psd-fc-wpli,gated,cnn,False,none
multimodal_psd-fc-wpli_gated_cnn,7,sub13,sub01;sub05;sub07;sub08;sub09;sub10;sub11;sub15;sub16;sub17;sub18;sub20;sub22;sub24;sub27;sub28;sub29,sub14,54,0.0038413500878959894,2.253634214401245,0.002,1e-05,1.0,1.0,False,False,multimodal,psd-fc-wpli,gated,cnn,False,none
multimodal_psd-fc-wpli_gated_cnn,7,sub13,sub01;sub05;sub07;sub08;sub09;sub10;sub11;sub15;sub16;sub17;sub18;sub20;sub22;sub24;sub27;sub28;sub29,sub14,55,0.0033979355357587337,2.273313522338867,0.002,1e-05,1.0,1.0,False,False,multimodal,psd-fc-wpli,gated,cnn,False,none
multimodal_psd-fc-wpli_gated_cnn,7,sub13,sub01;sub05;sub07;sub08;sub09;sub10;sub11;sub15;sub16;sub17;sub18;sub20;sub22;sub24;sub27;sub28;sub29,sub14,56,0.003023309400305152,2.3062262535095215,0.002,1e-05,1.0,1.0,False,False,multimodal,psd-fc-wpli,gated,cnn,False,none
multimodal_psd-fc-wpli_gated_cnn,7,sub13,sub01;sub05;sub07;sub08;sub09;sub10;sub11;sub15;sub16;sub17;sub18;sub20;sub22;sub24;sub27;sub28;sub29,sub14,57,0.002706255530938506,2.355053424835205,0.002,1e-05,1.0,1.0,False,False,multimodal,psd-fc-wpli,gated,cnn,False,none
multimodal_psd-fc-wpli_gated_cnn,7,sub13,sub01;sub05;sub07;sub08;sub09;sub10;sub11;sub15;sub16;sub17;sub18;sub20;sub22;sub24;sub27;sub28;sub29,sub14,58,0.0024367407895624638,2.422926902770996,0.002,1e-05,1.0,1.0,False,False,multimodal,psd-fc-wpli,gated,cnn,False,none
multimodal_psd-fc-wpli_gated_cnn,7,sub13,sub01;sub05;sub07;sub08;sub09;sub10;sub11;sub15;sub16;sub17;sub18;sub20;sub22;sub24;sub27;sub28;sub29,sub14,59,0.0022068715188652277,2.5032029151916504,0.002,1e-05,1.0,1.0,False,False,multimodal,psd-fc-wpli,gated,cnn,False,none
multimodal_psd-fc-wpli_gated_cnn,7,sub13,sub01;sub05;sub07;sub08;sub09;sub10;sub11;sub15;sub16;sub17;sub18;sub20;sub22;sub24;sub27;sub28;sub29,sub14,60,0.002010445576161146,2.5904183387756348,0.001,1e-05,1.0,1.0,False,False,multimodal,psd-fc-wpli,gated,cnn,False,none
multimodal_psd-fc-wpli_gated_cnn,7,sub13,sub01;sub05;sub07;sub08;sub09;sub10;sub11;sub15;sub16;sub17;sub18;sub20;sub22;sub24;sub27;sub28;sub29,sub14,61,0.001841408316977322,2.618168830871582,0.001,1e-05,1.0,1.0,False,False,multimodal,psd-fc-wpli,gated,cnn,False,none
multimodal_psd-fc-wpli_gated_cnn,7,sub13,sub01;sub05;sub07;sub08;sub09;sub10;sub11;sub15;sub16;sub17;sub18;sub20;sub22;sub24;sub27;sub28;sub29,sub14,62,0.0017666330095380545,2.6473374366760254,0.001,1e-05,1.0,1.0,False,False,multimodal,psd-fc-wpli,gated,cnn,False,none
multimodal_psd-fc-wpli_gated_cnn,7,sub13,sub01;sub05;sub07;sub08;sub09;sub10;sub11;sub15;sub16;sub17;sub18;sub20;sub22;sub24;sub27;sub28;sub29,sub14,63,0.0016989057185128331,2.6756625175476074,0.001,1e-05,1.0,1.0,False,False,multimodal,psd-fc-wpli,gated,cnn,False,none
multimodal_psd-fc-wpli_gated_cnn,7,sub13,sub01;sub05;sub07;sub08;sub09;sub10;sub11;sub15;sub16;sub17;sub18;sub20;sub22;sub24;sub27;sub28;sub29,sub14,64,0.0016374739352613688,2.7013769149780273,0.001,1e-05,1.0,1.0,False,False,multimodal,psd-fc-wpli,gated,cnn,False,none
multimodal_psd-fc-wpli_gated_cnn,7,sub13,sub01;sub05;sub07;sub08;sub09;sub10;sub11;sub15;sub16;sub17;sub18;sub20;sub22;sub24;sub27;sub28;sub29,sub14,65,0.001581673976033926,2.7229177951812744,0.001,1e-05,1.0,1.0,False,False,multimodal,psd-fc-wpli,gated,cnn,False,none
multimodal_psd-fc-wpli_gated_cnn,7,sub13,sub01;sub05;sub07;sub08;sub09;sub10;sub11;sub15;sub16;sub17;sub18;sub20;sub22;sub24;sub27;sub28;sub29,sub14,66,0.0015307886060327291,2.739926815032959,0.001,1e-05,1.0,1.0,False,False,multimodal,psd-fc-wpli,gated,cnn,False,none
multimodal_psd-fc-wpli_gated_cnn,7,sub13,sub01;sub05;sub07;sub08;sub09;sub10;sub11;sub15;sub16;sub17;sub18;sub20;sub22;sub24;sub27;sub28;sub29,sub14,67,0.0014842139789834619,2.7521798610687256,0.001,1e-05,1.0,1.0,False,False,multimodal,psd-fc-wpli,gated,cnn,False,none
multimodal_psd-fc-wpli_gated_cnn,7,sub13,sub01;sub05;sub07;sub08;sub09;sub10;sub11;sub15;sub16;sub17;sub18;sub20;sub22;sub24;sub27;sub28;sub29,sub14,68,0.0014414330944418907,2.759963035583496,0.001,1e-05,1.0,1.0,False,False,multimodal,psd-fc-wpli,gated,cnn,False,none
multimodal_psd-fc-wpli_gated_cnn,7,sub13,sub01;sub05;sub07;sub08;sub09;sub10;sub11;sub15;sub16;sub17;sub18;sub20;sub22;sub24;sub27;sub28;sub29,sub14,69,0.001402090536430478,2.764052629470825,0.001,1e-05,1.0,1.0,False,False,multimodal,psd-fc-wpli,gated,cnn,False,none
multimodal_psd-fc-wpli_gated_cnn,7,sub13,sub01;sub05;sub07;sub08;sub09;sub10;sub11;sub15;sub16;sub17;sub18;sub20;sub22;sub24;sub27;sub28;sub29,sub14,70,0.001365739619359374,2.765505075454712,0.001,1e-05,1.0,1.0,False,False,multimodal,psd-fc-wpli,gated,cnn,False,none
multimodal_psd-fc-wpli_gated_cnn,7,sub13,sub01;sub05;sub07;sub08;sub09;sub10;sub11;sub15;sub16;sub17;sub18;sub20;sub22;sub24;sub27;sub28;sub29,sub14,71,0.001332047046162188,2.7655904293060303,0.001,1e-05,1.0,1.0,False,False,multimodal,psd-fc-wpli,gated,cnn,False,none
multimodal_psd-fc-wpli_gated_cnn,7,sub13,sub01;sub05;sub07;sub08;sub09;sub10;sub11;sub15;sub16;sub17;sub18;sub20;sub22;sub24;sub27;sub28;sub29,sub14,72,0.0013007934903725982,2.766587257385254,0.001,1e-05,1.0,1.0,False,False,multimodal,psd-fc-wpli,gated,cnn,False,none
multimodal_psd-fc-wpli_gated_cnn,7,sub13,sub01;sub05;sub07;sub08;sub09;sub10;sub11;sub15;sub16;sub17;sub18;sub20;sub22;sub24;sub27;sub28;sub29,sub14,73,0.0012717770878225565,2.7692697048187256,0.001,1e-05,1.0,1.0,False,False,multimodal,psd-fc-wpli,gated,cnn,False,none
multimodal_psd-fc-wpli_gated_cnn,7,sub13,sub01;sub05;sub07;sub08;sub09;sub10;sub11;sub15;sub16;sub17;sub18;sub20;sub22;sub24;sub27;sub28;sub29,sub14,74,0.001244722749106586,2.77536678314209,0.001,1e-05,1.0,1.0,False,False,multimodal,psd-fc-wpli,gated,cnn,False,none
multimodal_psd-fc-wpli_gated_cnn,7,sub13,sub01;sub05;sub07;sub08;sub09;sub10;sub11;sub15;sub16;sub17;sub18;sub20;sub22;sub24;sub27;sub28;sub29,sub14,75,0.0012194556184113026,2.7858173847198486,0.001,1e-05,1.0,1.0,False,False,multimodal,psd-fc-wpli,gated,cnn,False,none
multimodal_psd-fc-wpli_gated_cnn,7,sub13,sub01;sub05;sub07;sub08;sub09;sub10;sub11;sub15;sub16;sub17;sub18;sub20;sub22;sub24;sub27;sub28;sub29,sub14,76,0.00119590456597507,2.8004190921783447,0.001,1e-05,1.0,1.0,False,False,multimodal,psd-fc-wpli,gated,cnn,False,none
multimodal_psd-fc-wpli_gated_cnn,7,sub13,sub01;sub05;sub07;sub08;sub09;sub10;sub11;sub15;sub16;sub17;sub18;sub20;sub22;sub24;sub27;sub28;sub29,sub14,77,0.0011737451422959566,2.8181934356689453,0.001,1e-05,1.0,1.0,False,False,multimodal,psd-fc-wpli,gated,cnn,False,none
multimodal_psd-fc-wpli_gated_cnn,7,sub13,sub01;sub05;sub07;sub08;sub09;sub10;sub11;sub15;sub16;sub17;sub18;sub20;sub22;sub24;sub27;sub28;sub29,sub14,78,0.0011528268223628402,2.838300943374634,0.001,1e-05,1.0,1.0,False,False,multimodal,psd-fc-wpli,gated,cnn,False,none
multimodal_psd-fc-wpli_gated_cnn,7,sub13,sub01;sub05;sub07;sub08;sub09;sub10;sub11;sub15;sub16;sub17;sub18;sub20;sub22;sub24;sub27;sub28;sub29,sub14,79,0.0011330746347084641,2.859806776046753,0.001,1e-05,1.0,1.0,False,False,multimodal,psd-fc-wpli,gated,cnn,False,none
multimodal_psd-fc-wpli_gated_cnn,7,sub13,sub01;sub05;sub07;sub08;sub09;sub10;sub11;sub15;sub16;sub17;sub18;sub20;sub22;sub24;sub27;sub28;sub29,sub14,80,0.001114340964704752,2.8817100524902344,0.001,1e-05,1.0,1.0,False,False,multimodal,psd-fc-wpli,gated,cnn,False,none
multimodal_psd-fc-wpli_gated_cnn,7,sub13,sub01;sub05;sub07;sub08;sub09;sub10;sub11;sub15;sub16;sub17;sub18;sub20;sub22;sub24;sub27;sub28;sub29,sub14,81,0.001096544903703034,2.9031925201416016,0.001,1e-05,1.0,1.0,False,False,multimodal,psd-fc-wpli,gated,cnn,False,none
multimodal_psd-fc-wpli_gated_cnn,7,sub13,sub01;sub05;sub07;sub08;sub09;sub10;sub11;sub15;sub16;sub17;sub18;sub20;sub22;sub24;sub27;sub28;sub29,sub14,82,0.001079623238183558,2.9234485626220703,0.001,1e-05,1.0,1.0,False,False,multimodal,psd-fc-wpli,gated,cnn,False,none
multimodal_psd-fc-wpli_gated_cnn,7,sub13,sub01;sub05;sub07;sub08;sub09;sub10;sub11;sub15;sub16;sub17;sub18;sub20;sub22;sub24;sub27;sub28;sub29,sub14,83,0.0010635083308443427,2.940948486328125,0.001,1e-05,1.0,1.0,False,False,multimodal,psd-fc-wpli,gated,cnn,False,none
multimodal_psd-fc-wpli_gated_cnn,7,sub13,sub01;sub05;sub07;sub08;sub09;sub10;sub11;sub15;sub16;sub17;sub18;sub20;sub22;sub24;sub27;sub28;sub29,sub14,84,0.0010481434874236584,2.9554498195648193,0.001,1e-05,1.0,1.0,False,False,multimodal,psd-fc-wpli,gated,cnn,False,none
multimodal_psd-fc-wpli_gated_cnn,7,sub13,sub01;sub05;sub07;sub08;sub09;sub10;sub11;sub15;sub16;sub17;sub18;sub20;sub22;sub24;sub27;sub28;sub29,sub14,85,0.0010334248654544353,2.9669463634490967,0.001,1e-05,1.0,1.0,False,False,multimodal,psd-fc-wpli,gated,cnn,False,none
multimodal_psd-fc-wpli_gated_cnn,7,sub13,sub01;sub05;sub07;sub08;sub09;sub10;sub11;sub15;sub16;sub17;sub18;sub20;sub22;sub24;sub27;sub28;sub29,sub14,86,0.0010193660855293274,2.9753875732421875,0.001,1e-05,1.0,1.0,False,False,multimodal,psd-fc-wpli,gated,cnn,False,none
multimodal_psd-fc-wpli_gated_cnn,7,sub13,sub01;sub05;sub07;sub08;sub09;sub10;sub11;sub15;sub16;sub17;sub18;sub20;sub22;sub24;sub27;sub28;sub29,sub14,87,0.001005863887257874,2.9811065196990967,0.001,1e-05,1.0,1.0,False,False,multimodal,psd-fc-wpli,gated,cnn,False,none
multimodal_psd-fc-wpli_gated_cnn,7,sub13,sub01;sub05;sub07;sub08;sub09;sub10;sub11;sub15;sub16;sub17;sub18;sub20;sub22;sub24;sub27;sub28;sub29,sub14,88,0.0009928707731887698,2.984555721282959,0.001,1e-05,1.0,1.0,False,False,multimodal,psd-fc-wpli,gated,cnn,False,none
multimodal_psd-fc-wpli_gated_cnn,7,sub13,sub01;sub05;sub07;sub08;sub09;sub10;sub11;sub15;sub16;sub17;sub18;sub20;sub22;sub24;sub27;sub28;sub29,sub14,89,0.000980367767624557,2.9868204593658447,0.001,1e-05,1.0,1.0,False,False,multimodal,psd-fc-wpli,gated,cnn,False,none
multimodal_psd-fc-wpli_gated_cnn,7,sub13,sub01;sub05;sub07;sub08;sub09;sub10;sub11;sub15;sub16;sub17;sub18;sub20;sub22;sub24;sub27;sub28;sub29,sub14,90,0.000968410458881408,2.9895427227020264,0.001,1e-05,1.0,1.0,False,False,multimodal,psd-fc-wpli,gated,cnn,False,none
multimodal_psd-fc-wpli_gated_cnn,7,sub13,sub01;sub05;sub07;sub08;sub09;sub10;sub11;sub15;sub16;sub17;sub18;sub20;sub22;sub24;sub27;sub28;sub29,sub14,91,0.000956899079028517,2.993455410003662,0.001,1e-05,1.0,1.0,False,False,multimodal,psd-fc-wpli,gated,cnn,False,none
multimodal_psd-fc-wpli_gated_cnn,7,sub13,sub01;sub05;sub07;sub08;sub09;sub10;sub11;sub15;sub16;sub17;sub18;sub20;sub22;sub24;sub27;sub28;sub29,sub14,92,0.0009457371779717505,2.9984729290008545,0.001,1e-05,1.0,1.0,False,False,multimodal,psd-fc-wpli,gated,cnn,False,none
multimodal_psd-fc-wpli_gated_cnn,7,sub13,sub01;sub05;sub07;sub08;sub09;sub10;sub11;sub15;sub16;sub17;sub18;sub20;sub22;sub24;sub27;sub28;sub29,sub14,93,0.0009349177125841379,3.005635976791382,0.001,1e-05,1.0,1.0,False,False,multimodal,psd-fc-wpli,gated,cnn,False,none
multimodal_psd-fc-wpli_gated_cnn,7,sub13,sub01;sub05;sub07;sub08;sub09;sub10;sub11;sub15;sub16;sub17;sub18;sub20;sub22;sub24;sub27;sub28;sub29,sub14,94,0.0009243621025234461,3.0129222869873047,0.001,1e-05,1.0,1.0,False,False,multimodal,psd-fc-wpli,gated,cnn,False,none
multimodal_psd-fc-wpli_gated_cnn,7,sub13,sub01;sub05;sub07;sub08;sub09;sub10;sub11;sub15;sub16;sub17;sub18;sub20;sub22;sub24;sub27;sub28;sub29,sub14,95,0.0009140917100012302,3.0205798149108887,0.001,1e-05,1.0,1.0,False,False,multimodal,psd-fc-wpli,gated,cnn,False,none
multimodal_psd-fc-wpli_gated_cnn,7,sub13,sub01;sub05;sub07;sub08;sub09;sub10;sub11;sub15;sub16;sub17;sub18;sub20;sub22;sub24;sub27;sub28;sub29,sub14,96,0.0009040502482093871,3.0271542072296143,0.001,1e-05,1.0,1.0,False,False,multimodal,psd-fc-wpli,gated,cnn,False,none
multimodal_psd-fc-wpli_gated_cnn,7,sub13,sub01;sub05;sub07;sub08;sub09;sub10;sub11;sub15;sub16;sub17;sub18;sub20;sub22;sub24;sub27;sub28;sub29,sub14,97,0.0008941505802795291,3.03273868560791,0.001,1e-05,1.0,1.0,False,False,multimodal,psd-fc-wpli,gated,cnn,False,none
multimodal_psd-fc-wpli_gated_cnn,7,sub13,sub01;sub05;sub07;sub08;sub09;sub10;sub11;sub15;sub16;sub17;sub18;sub20;sub22;sub24;sub27;sub28;sub29,sub14,98,0.000884415116161108,3.0376830101013184,0.001,1e-05,1.0,1.0,False,False,multimodal,psd-fc-wpli,gated,cnn,False,none
multimodal_psd-fc-wpli_gated_cnn,7,sub13,sub01;sub05;sub07;sub08;sub09;sub10;sub11;sub15;sub16;sub17;sub18;sub20;sub22;sub24;sub27;sub28;sub29,sub14,99,0.0008747782558202744,3.0436179637908936,0.001,1e-05,1.0,1.0,False,False,multimodal,psd-fc-wpli,gated,cnn,False,none
multimodal_psd-fc-wpli_gated_cnn,7,sub13,sub01;sub05;sub07;sub08;sub09;sub10;sub11;sub15;sub16;sub17;sub18;sub20;sub22;sub24;sub27;sub28;sub29,sub14,100,0.0008652021642774343,3.049945831298828,0.001,1e-05,1.0,1.0,False,False,multimodal,psd-fc-wpli,gated,cnn,False,none
multimodal_psd-fc-wpli_gated_cnn,8,sub14,sub01;sub05;sub07;sub08;sub09;sub10;sub11;sub13;sub16;sub17;sub18;sub20;sub22;sub24;sub27;sub28;sub29,sub15,1,0.6970260739326477,0.601165771484375,0.002,1e-05,1.0,1.0,True,False,multimodal,psd-fc-wpli,gated,cnn,False,none
multimodal_psd-fc-wpli_gated_cnn,8,sub14,sub01;sub05;sub07;sub08;sub09;sub10;sub11;sub13;sub16;sub17;sub18;sub20;sub22;sub24;sub27;sub28;sub29,sub15,2,0.6836033463478088,0.6034458875656128,0.002,1e-05,1.0,1.0,False,False,multimodal,psd-fc-wpli,gated,cnn,False,none
multimodal_psd-fc-wpli_gated_cnn,8,sub14,sub01;sub05;sub07;sub08;sub09;sub10;sub11;sub13;sub16;sub17;sub18;sub20;sub22;sub24;sub27;sub28;sub29,sub15,3,0.6737932562828064,0.6058893799781799,0.002,1e-05,1.0,1.0,False,False,multimodal,psd-fc-wpli,gated,cnn,False,none
multimodal_psd-fc-wpli_gated_cnn,8,sub14,sub01;sub05;sub07;sub08;sub09;sub10;sub11;sub13;sub16;sub17;sub18;sub20;sub22;sub24;sub27;sub28;sub29,sub15,4,0.6658987402915955,0.607710599899292,0.002,1e-05,1.0,1.0,False,False,multimodal,psd-fc-wpli,gated,cnn,False,none
multimodal_psd-fc-wpli_gated_cnn,8,sub14,sub01;sub05;sub07;sub08;sub09;sub10;sub11;sub13;sub16;sub17;sub18;sub20;sub22;sub24;sub27;sub28;sub29,sub15,5,0.6585032343864441,0.6075455546379089,0.002,1e-05,1.0,1.0,False,False,multimodal,psd-fc-wpli,gated,cnn,False,none
multimodal_psd-fc-wpli_gated_cnn,8,sub14,sub01;sub05;sub07;sub08;sub09;sub10;sub11;sub13;sub16;sub17;sub18;sub20;sub22;sub24;sub27;sub28;sub29,sub15,6,0.6505288481712341,0.6067745685577393,0.002,1e-05,1.0,1.0,False,False,multimodal,psd-fc-wpli,gated,cnn,False,none
multimodal_psd-fc-wpli_gated_cnn,8,sub14,sub01;sub05;sub07;sub08;sub09;sub10;sub11;sub13;sub16;sub17;sub18;sub20;sub22;sub24;sub27;sub28;sub29,sub15,7,0.641696035861969,0.605098307132721,0.002,1e-05,1.0,1.0,False,False,multimodal,psd-fc-wpli,gated,cnn,False,none
multimodal_psd-fc-wpli_gated_cnn,8,sub14,sub01;sub05;sub07;sub08;sub09;sub10;sub11;sub13;sub16;sub17;sub18;sub20;sub22;sub24;sub27;sub28;sub29,sub15,8,0.632008969783783,0.6030879020690918,0.002,1e-05,1.0,1.0,False,False,multimodal,psd-fc-wpli,gated,cnn,False,none
multimodal_psd-fc-wpli_gated_cnn,8,sub14,sub01;sub05;sub07;sub08;sub09;sub10;sub11;sub13;sub16;sub17;sub18;sub20;sub22;sub24;sub27;sub28;sub29,sub15,9,0.6214662194252014,0.6019173860549927,0.002,1e-05,1.0,1.0,False,False,multimodal,psd-fc-wpli,gated,cnn,False,none
multimodal_psd-fc-wpli_gated_cnn,8,sub14,sub01;sub05;sub07;sub08;sub09;sub10;sub11;sub13;sub16;sub17;sub18;sub20;sub22;sub24;sub27;sub28;sub29,sub15,10,0.6097638010978699,0.6018860340118408,0.002,1e-05,1.0,1.0,False,False,multimodal,psd-fc-wpli,gated,cnn,False,none
multimodal_psd-fc-wpli_gated_cnn,8,sub14,sub01;sub05;sub07;sub08;sub09;sub10;sub11;sub13;sub16;sub17;sub18;sub20;sub22;sub24;sub27;sub28;sub29,sub15,11,0.5969931483268738,0.6040911674499512,0.002,1e-05,1.0,1.0,False,False,multimodal,psd-fc-wpli,gated,cnn,False,none
multimodal_psd-fc-wpli_gated_cnn,8,sub14,sub01;sub05;sub07;sub08;sub09;sub10;sub11;sub13;sub16;sub17;sub18;sub20;sub22;sub24;sub27;sub28;sub29,sub15,12,0.5832401514053345,0.6087936162948608,0.002,1e-05,1.0,1.0,False,False,multimodal,psd-fc-wpli,gated,cnn,False,none
multimodal_psd-fc-wpli_gated_cnn,8,sub14,sub01;sub05;sub07;sub08;sub09;sub10;sub11;sub13;sub16;sub17;sub18;sub20;sub22;sub24;sub27;sub28;sub29,sub15,13,0.5685129165649414,0.6166018843650818,0.002,1e-05,1.0,1.0,False,False,multimodal,psd-fc-wpli,gated,cnn,False,none
multimodal_psd-fc-wpli_gated_cnn,8,sub14,sub01;sub05;sub07;sub08;sub09;sub10;sub11;sub13;sub16;sub17;sub18;sub20;sub22;sub24;sub27;sub28;sub29,sub15,14,0.5526711940765381,0.6277363896369934,0.002,1e-05,1.0,1.0,False,False,multimodal,psd-fc-wpli,gated,cnn,False,none
multimodal_psd-fc-wpli_gated_cnn,8,sub14,sub01;sub05;sub07;sub08;sub09;sub10;sub11;sub13;sub16;sub17;sub18;sub20;sub22;sub24;sub27;sub28;sub29,sub15,15,0.5358492732048035,0.6427019834518433,0.002,1e-05,1.0,1.0,False,False,multimodal,psd-fc-wpli,gated,cnn,False,none
multimodal_psd-fc-wpli_gated_cnn,8,sub14,sub01;sub05;sub07;sub08;sub09;sub10;sub11;sub13;sub16;sub17;sub18;sub20;sub22;sub24;sub27;sub28;sub29,sub15,16,0.5179293155670166,0.6620463728904724,0.002,1e-05,1.0,1.0,False,False,multimodal,psd-fc-wpli,gated,cnn,False,none
multimodal_psd-fc-wpli_gated_cnn,8,sub14,sub01;sub05;sub07;sub08;sub09;sub10;sub11;sub13;sub16;sub17;sub18;sub20;sub22;sub24;sub27;sub28;sub29,sub15,17,0.4988058805465698,0.6863061785697937,0.002,1e-05,1.0,1.0,False,False,multimodal,psd-fc-wpli,gated,cnn,False,none
multimodal_psd-fc-wpli_gated_cnn,8,sub14,sub01;sub05;sub07;sub08;sub09;sub10;sub11;sub13;sub16;sub17;sub18;sub20;sub22;sub24;sub27;sub28;sub29,sub15,18,0.4784872531890869,0.7152352929115295,0.002,1e-05,1.0,1.0,False,False,multimodal,psd-fc-wpli,gated,cnn,False,none
multimodal_psd-fc-wpli_gated_cnn,8,sub14,sub01;sub05;sub07;sub08;sub09;sub10;sub11;sub13;sub16;sub17;sub18;sub20;sub22;sub24;sub27;sub28;sub29,sub15,19,0.4570735991001129,0.745410680770874,0.002,1e-05,1.0,1.0,False,False,multimodal,psd-fc-wpli,gated,cnn,False,none
multimodal_psd-fc-wpli_gated_cnn,8,sub14,sub01;sub05;sub07;sub08;sub09;sub10;sub11;sub13;sub16;sub17;sub18;sub20;sub22;sub24;sub27;sub28;sub29,sub15,20,0.43452680110931396,0.7755846381187439,0.002,1e-05,1.0,1.0,False,False,multimodal,psd-fc-wpli,gated,cnn,False,none
multimodal_psd-fc-wpli_gated_cnn,8,sub14,sub01;sub05;sub07;sub08;sub09;sub10;sub11;sub13;sub16;sub17;sub18;sub20;sub22;sub24;sub27;sub28;sub29,sub15,21,0.41102471947669983,0.8023505806922913,0.002,1e-05,1.0,1.0,False,False,multimodal,psd-fc-wpli,gated,cnn,False,none
multimodal_psd-fc-wpli_gated_cnn,8,sub14,sub01;sub05;sub07;sub08;sub09;sub10;sub11;sub13;sub16;sub17;sub18;sub20;sub22;sub24;sub27;sub28;sub29,sub15,22,0.3867722153663635,0.8191899061203003,0.002,1e-05,1.0,1.0,False,False,multimodal,psd-fc-wpli,gated,cnn,False,none
multimodal_psd-fc-wpli_gated_cnn,8,sub14,sub01;sub05;sub07;sub08;sub09;sub10;sub11;sub13;sub16;sub17;sub18;sub20;sub22;sub24;sub27;sub28;sub29,sub15,23,0.36175087094306946,0.8222551345825195,0.002,1e-05,1.0,1.0,False,False,multimodal,psd-fc-wpli,gated,cnn,False,none
multimodal_psd-fc-wpli_gated_cnn,8,sub14,sub01;sub05;sub07;sub08;sub09;sub10;sub11;sub13;sub16;sub17;sub18;sub20;sub22;sub24;sub27;sub28;sub29,sub15,24,0.33615753054618835,0.8115081787109375,0.002,1e-05,1.0,1.0,False,False,multimodal,psd-fc-wpli,gated,cnn,False,none
multimodal_psd-fc-wpli_gated_cnn,8,sub14,sub01;sub05;sub07;sub08;sub09;sub10;sub11;sub13;sub16;sub17;sub18;sub20;sub22;sub24;sub27;sub28;sub29,sub15,25,0.31017976999282837,0.7889341115951538,0.002,1e-05,1.0,1.0,False,False,multimodal,psd-fc-wpli,gated,cnn,False,none
multimodal_psd-fc-wpli_gated_cnn,8,sub14,sub01;sub05;sub07;sub08;sub09;sub10;sub11;sub13;sub16;sub17;sub18;sub20;sub22;sub24;sub27;sub28;sub29,sub15,26,0.2840012311935425,0.7556928992271423,0.002,1e-05,1.0,1.0,False,False,multimodal,psd-fc-wpli,gated,cnn,False,none
multimodal_psd-fc-wpli_gated_cnn,8,sub14,sub01;sub05;sub07;sub08;sub09;sub10;sub11;sub13;sub16;sub17;sub18;sub20;sub22;sub24;sub27;sub28;sub29,sub15,27,0.257930189371109,0.7041757106781006,0.002,1e-05,1.0,1.0,False,False,multimodal,psd-fc-wpli,gated,cnn,False,none
multimodal_psd-fc-wpli_gated_cnn,8,sub14,sub01;sub05;sub07;sub08;sub09;sub10;sub11;sub13;sub16;sub17;sub18;sub20;sub22;sub24;sub27;sub28;sub29,sub15,28,0.2326013296842575,0.6306901574134827,0.002,1e-05,1.0,1.0,False,False,multimodal,psd-fc-wpli,gated,cnn,False,none
multimodal_psd-fc-wpli_gated_cnn,8,sub14,sub01;sub05;sub07;sub08;sub09;sub10;sub11;sub13;sub16;sub17;sub18;sub20;sub22;sub24;sub27;sub28;sub29,sub15,29,0.20795802772045135,0.5533279180526733,0.002,1e-05,1.0,1.0,True,False,multimodal,psd-fc-wpli,gated,cnn,False,none
multimodal_psd-fc-wpli_gated_cnn,8,sub14,sub01;sub05;sub07;sub08;sub09;sub10;sub11;sub13;sub16;sub17;sub18;sub20;sub22;sub24;sub27;sub28;sub29,sub15,30,0.18421024084091187,0.4913974702358246,0.002,1e-05,1.0,1.0,True,False,multimodal,psd-fc-wpli,gated,cnn,False,none
multimodal_psd-fc-wpli_gated_cnn,8,sub14,sub01;sub05;sub07;sub08;sub09;sub10;sub11;sub13;sub16;sub17;sub18;sub20;sub22;sub24;sub27;sub28;sub29,sub15,31,0.1618632972240448,0.44648802280426025,0.002,1e-05,1.0,1.0,True,False,multimodal,psd-fc-wpli,gated,cnn,False,none
multimodal_psd-fc-wpli_gated_cnn,8,sub14,sub01;sub05;sub07;sub08;sub09;sub10;sub11;sub13;sub16;sub17;sub18;sub20;sub22;sub24;sub27;sub28;sub29,sub15,32,0.14097903668880463,0.4071127772331238,0.002,1e-05,1.0,1.0,True,False,multimodal,psd-fc-wpli,gated,cnn,False,none
multimodal_psd-fc-wpli_gated_cnn,8,sub14,sub01;sub05;sub07;sub08;sub09;sub10;sub11;sub13;sub16;sub17;sub18;sub20;sub22;sub24;sub27;sub28;sub29,sub15,33,0.12196965515613556,0.34393027424812317,0.002,1e-05,1.0,1.0,True,False,multimodal,psd-fc-wpli,gated,cnn,False,none
multimodal_psd-fc-wpli_gated_cnn,8,sub14,sub01;sub05;sub07;sub08;sub09;sub10;sub11;sub13;sub16;sub17;sub18;sub20;sub22;sub24;sub27;sub28;sub29,sub15,34,0.10440593957901001,0.2740470767021179,0.002,1e-05,1.0,1.0,True,False,multimodal,psd-fc-wpli,gated,cnn,False,none
multimodal_psd-fc-wpli_gated_cnn,8,sub14,sub01;sub05;sub07;sub08;sub09;sub10;sub11;sub13;sub16;sub17;sub18;sub20;sub22;sub24;sub27;sub28;sub29,sub15,35,0.08871965110301971,0.21823294460773468,0.002,1e-05,1.0,1.0,True,False,multimodal,psd-fc-wpli,gated,cnn,False,none
multimodal_psd-fc-wpli_gated_cnn,8,sub14,sub01;sub05;sub07;sub08;sub09;sub10;sub11;sub13;sub16;sub17;sub18;sub20;sub22;sub24;sub27;sub28;sub29,sub15,36,0.0749877318739891,0.17808844149112701,0.002,1e-05,1.0,1.0,True,False,multimodal,psd-fc-wpli,gated,cnn,False,none
multimodal_psd-fc-wpli_gated_cnn,8,sub14,sub01;sub05;sub07;sub08;sub09;sub10;sub11;sub13;sub16;sub17;sub18;sub20;sub22;sub24;sub27;sub28;sub29,sub15,37,0.06299061328172684,0.14972896873950958,0.002,1e-05,1.0,1.0,True,False,multimodal,psd-fc-wpli,gated,cnn,False,none
multimodal_psd-fc-wpli_gated_cnn,8,sub14,sub01;sub05;sub07;sub08;sub09;sub10;sub11;sub13;sub16;sub17;sub18;sub20;sub22;sub24;sub27;sub28;sub29,sub15,38,0.052765894681215286,0.12597598135471344,0.002,1e-05,1.0,1.0,True,False,multimodal,psd-fc-wpli,gated,cnn,False,none
multimodal_psd-fc-wpli_gated_cnn,8,sub14,sub01;sub05;sub07;sub08;sub09;sub10;sub11;sub13;sub16;sub17;sub18;sub20;sub22;sub24;sub27;sub28;sub29,sub15,39,0.044059403240680695,0.1059485450387001,0.002,1e-05,1.0,1.0,True,False,multimodal,psd-fc-wpli,gated,cnn,False,none
multimodal_psd-fc-wpli_gated_cnn,8,sub14,sub01;sub05;sub07;sub08;sub09;sub10;sub11;sub13;sub16;sub17;sub18;sub20;sub22;sub24;sub27;sub28;sub29,sub15,40,0.036754999309778214,0.08867492526769638,0.002,1e-05,1.0,1.0,True,False,multimodal,psd-fc-wpli,gated,cnn,False,none
multimodal_psd-fc-wpli_gated_cnn,8,sub14,sub01;sub05;sub07;sub08;sub09;sub10;sub11;sub13;sub16;sub17;sub18;sub20;sub22;sub24;sub27;sub28;sub29,sub15,41,0.03067493438720703,0.07432838529348373,0.002,1e-05,1.0,1.0,True,False,multimodal,psd-fc-wpli,gated,cnn,False,none
multimodal_psd-fc-wpli_gated_cnn,8,sub14,sub01;sub05;sub07;sub08;sub09;sub10;sub11;sub13;sub16;sub17;sub18;sub20;sub22;sub24;sub27;sub28;sub29,sub15,42,0.025528477504849434,0.06320039182901382,0.002,1e-05,1.0,1.0,True,False,multimodal,psd-fc-wpli,gated,cnn,False,none
multimodal_psd-fc-wpli_gated_cnn,8,sub14,sub01;sub05;sub07;sub08;sub09;sub10;sub11;sub13;sub16;sub17;sub18;sub20;sub22;sub24;sub27;sub28;sub29,sub15,43,0.02126052789390087,0.05495426803827286,0.002,1e-05,1.0,1.0,True,False,multimodal,psd-fc-wpli,gated,cnn,False,none
multimodal_psd-fc-wpli_gated_cnn,8,sub14,sub01;sub05;sub07;sub08;sub09;sub10;sub11;sub13;sub16;sub17;sub18;sub20;sub22;sub24;sub27;sub28;sub29,sub15,44,0.017780549824237823,0.04927568882703781,0.002,1e-05,1.0,1.0,True,False,multimodal,psd-fc-wpli,gated,cnn,False,none
multimodal_psd-fc-wpli_gated_cnn,8,sub14,sub01;sub05;sub07;sub08;sub09;sub10;sub11;sub13;sub16;sub17;sub18;sub20;sub22;sub24;sub27;sub28;sub29,sub15,45,0.014938857406377792,0.04573699086904526,0.002,1e-05,1.0,1.0,True,False,multimodal,psd-fc-wpli,gated,cnn,False,none
multimodal_psd-fc-wpli_gated_cnn,8,sub14,sub01;sub05;sub07;sub08;sub09;sub10;sub11;sub13;sub16;sub17;sub18;sub20;sub22;sub24;sub27;sub28;sub29,sub15,46,0.0125909224152565,0.043741874396800995,0.002,1e-05,1.0,1.0,True,False,multimodal,psd-fc-wpli,gated,cnn,False,none
multimodal_psd-fc-wpli_gated_cnn,8,sub14,sub01;sub05;sub07;sub08;sub09;sub10;sub11;sub13;sub16;sub17;sub18;sub20;sub22;sub24;sub27;sub28;sub29,sub15,47,0.010657149367034435,0.04291801154613495,0.002,1e-05,1.0,1.0,True,False,multimodal,psd-fc-wpli,gated,cnn,False,none
multimodal_psd-fc-wpli_gated_cnn,8,sub14,sub01;sub05;sub07;sub08;sub09;sub10;sub11;sub13;sub16;sub17;sub18;sub20;sub22;sub24;sub27;sub28;sub29,sub15,48,0.009072312153875828,0.042771872133016586,0.002,1e-05,1.0,1.0,True,False,multimodal,psd-fc-wpli,gated,cnn,False,none
multimodal_psd-fc-wpli_gated_cnn,8,sub14,sub01;sub05;sub07;sub08;sub09;sub10;sub11;sub13;sub16;sub17;sub18;sub20;sub22;sub24;sub27;sub28;sub29,sub15,49,0.0077635664492845535,0.04282425343990326,0.002,1e-05,1.0,1.0,False,False,multimodal,psd-fc-wpli,gated,cnn,False,none
multimodal_psd-fc-wpli_gated_cnn,8,sub14,sub01;sub05;sub07;sub08;sub09;sub10;sub11;sub13;sub16;sub17;sub18;sub20;sub22;sub24;sub27;sub28;sub29,sub15,50,0.006679940968751907,0.04285455122590065,0.002,1e-05,1.0,1.0,False,False,multimodal,psd-fc-wpli,gated,cnn,False,none
multimodal_psd-fc-wpli_gated_cnn,8,sub14,sub01;sub05;sub07;sub08;sub09;sub10;sub11;sub13;sub16;sub17;sub18;sub20;sub22;sub24;sub27;sub28;sub29,sub15,51,0.005781191401183605,0.042542219161987305,0.002,1e-05,1.0,1.0,True,False,multimodal,psd-fc-wpli,gated,cnn,False,none
multimodal_psd-fc-wpli_gated_cnn,8,sub14,sub01;sub05;sub07;sub08;sub09;sub10;sub11;sub13;sub16;sub17;sub18;sub20;sub22;sub24;sub27;sub28;sub29,sub15,52,0.005031167529523373,0.041796404868364334,0.002,1e-05,1.0,1.0,True,False,multimodal,psd-fc-wpli,gated,cnn,False,none
multimodal_psd-fc-wpli_gated_cnn,8,sub14,sub01;sub05;sub07;sub08;sub09;sub10;sub11;sub13;sub16;sub17;sub18;sub20;sub22;sub24;sub27;sub28;sub29,sub15,53,0.004408139269798994,0.040549177676439285,0.002,1e-05,1.0,1.0,True,False,multimodal,psd-fc-wpli,gated,cnn,False,none
multimodal_psd-fc-wpli_gated_cnn,8,sub14,sub01;sub05;sub07;sub08;sub09;sub10;sub11;sub13;sub16;sub17;sub18;sub20;sub22;sub24;sub27;sub28;sub29,sub15,54,0.0038871774449944496,0.038886863738298416,0.002,1e-05,1.0,1.0,True,False,multimodal,psd-fc-wpli,gated,cnn,False,none
multimodal_psd-fc-wpli_gated_cnn,8,sub14,sub01;sub05;sub07;sub08;sub09;sub10;sub11;sub13;sub16;sub17;sub18;sub20;sub22;sub24;sub27;sub28;sub29,sub15,55,0.003448608797043562,0.03698377683758736,0.002,1e-05,1.0,1.0,True,False,multimodal,psd-fc-wpli,gated,cnn,False,none
multimodal_psd-fc-wpli_gated_cnn,8,sub14,sub01;sub05;sub07;sub08;sub09;sub10;sub11;sub13;sub16;sub17;sub18;sub20;sub22;sub24;sub27;sub28;sub29,sub15,56,0.0030759896617382765,0.035054486244916916,0.002,1e-05,1.0,1.0,True,False,multimodal,psd-fc-wpli,gated,cnn,False,none
multimodal_psd-fc-wpli_gated_cnn,8,sub14,sub01;sub05;sub07;sub08;sub09;sub10;sub11;sub13;sub16;sub17;sub18;sub20;sub22;sub24;sub27;sub28;sub29,sub15,57,0.002757180714979768,0.033150721341371536,0.002,1e-05,1.0,1.0,True,False,multimodal,psd-fc-wpli,gated,cnn,False,none
multimodal_psd-fc-wpli_gated_cnn,8,sub14,sub01;sub05;sub07;sub08;sub09;sub10;sub11;sub13;sub16;sub17;sub18;sub20;sub22;sub24;sub27;sub28;sub29,sub15,58,0.0024837872479110956,0.03143366798758507,0.002,1e-05,1.0,1.0,True,False,multimodal,psd-fc-wpli,gated,cnn,False,none
multimodal_psd-fc-wpli_gated_cnn,8,sub14,sub01;sub05;sub07;sub08;sub09;sub10;sub11;sub13;sub16;sub17;sub18;sub20;sub22;sub24;sub27;sub28;sub29,sub15,59,0.0022502169013023376,0.02996286191046238,0.002,1e-05,1.0,1.0,True,False,multimodal,psd-fc-wpli,gated,cnn,False,none
multimodal_psd-fc-wpli_gated_cnn,8,sub14,sub01;sub05;sub07;sub08;sub09;sub10;sub11;sub13;sub16;sub17;sub18;sub20;sub22;sub24;sub27;sub28;sub29,sub15,60,0.0020499764941632748,0.02869711071252823,0.002,1e-05,1.0,1.0,True,False,multimodal,psd-fc-wpli,gated,cnn,False,none
multimodal_psd-fc-wpli_gated_cnn,8,sub14,sub01;sub05;sub07;sub08;sub09;sub10;sub11;sub13;sub16;sub17;sub18;sub20;sub22;sub24;sub27;sub28;sub29,sub15,61,0.001877867616713047,0.027671542018651962,0.002,1e-05,1.0,1.0,True,False,multimodal,psd-fc-wpli,gated,cnn,False,none
multimodal_psd-fc-wpli_gated_cnn,8,sub14,sub01;sub05;sub07;sub08;sub09;sub10;sub11;sub13;sub16;sub17;sub18;sub20;sub22;sub24;sub27;sub28;sub29,sub15,62,0.0017284463392570615,0.02685192972421646,0.002,1e-05,1.0,1.0,True,False,multimodal,psd-fc-wpli,gated,cnn,False,none
multimodal_psd-fc-wpli_gated_cnn,8,sub14,sub01;sub05;sub07;sub08;sub09;sub10;sub11;sub13;sub16;sub17;sub18;sub20;sub22;sub24;sub27;sub28;sub29,sub15,63,0.0015973420813679695,0.0262104794383049,0.002,1e-05,1.0,1.0,True,False,multimodal,psd-fc-wpli,gated,cnn,False,none
multimodal_psd-fc-wpli_gated_cnn,8,sub14,sub01;sub05;sub07;sub08;sub09;sub10;sub11;sub13;sub16;sub17;sub18;sub20;sub22;sub24;sub27;sub28;sub29,sub15,64,0.0014815330505371094,0.02573620341718197,0.002,1e-05,1.0,1.0,True,False,multimodal,psd-fc-wpli,gated,cnn,False,none
multimodal_psd-fc-wpli_gated_cnn,8,sub14,sub01;sub05;sub07;sub08;sub09;sub10;sub11;sub13;sub16;sub17;sub18;sub20;sub22;sub24;sub27;sub28;sub29,sub15,65,0.0013787149218842387,0.025401540100574493,0.002,1e-05,1.0,1.0,True,False,multimodal,psd-fc-wpli,gated,cnn,False,none
multimodal_psd-fc-wpli_gated_cnn,8,sub14,sub01;sub05;sub07;sub08;sub09;sub10;sub11;sub13;sub16;sub17;sub18;sub20;sub22;sub24;sub27;sub28;sub29,sub15,66,0.001287147868424654,0.02514338679611683,0.002,1e-05,1.0,1.0,True,False,multimodal,psd-fc-wpli,gated,cnn,False,none
multimodal_psd-fc-wpli_gated_cnn,8,sub14,sub01;sub05;sub07;sub08;sub09;sub10;sub11;sub13;sub16;sub17;sub18;sub20;sub22;sub24;sub27;sub28;sub29,sub15,67,0.0012056544655933976,0.024950625374913216,0.002,1e-05,1.0,1.0,True,False,multimodal,psd-fc-wpli,gated,cnn,False,none
multimodal_psd-fc-wpli_gated_cnn,8,sub14,sub01;sub05;sub07;sub08;sub09;sub10;sub11;sub13;sub16;sub17;sub18;sub20;sub22;sub24;sub27;sub28;sub29,sub15,68,0.0011331042042002082,0.024779224768280983,0.002,1e-05,1.0,1.0,True,False,multimodal,psd-fc-wpli,gated,cnn,False,none
multimodal_psd-fc-wpli_gated_cnn,8,sub14,sub01;sub05;sub07;sub08;sub09;sub10;sub11;sub13;sub16;sub17;sub18;sub20;sub22;sub24;sub27;sub28;sub29,sub15,69,0.0010682602878659964,0.024623066186904907,0.002,1e-05,1.0,1.0,True,False,multimodal,psd-fc-wpli,gated,cnn,False,none
multimodal_psd-fc-wpli_gated_cnn,8,sub14,sub01;sub05;sub07;sub08;sub09;sub10;sub11;sub13;sub16;sub17;sub18;sub20;sub22;sub24;sub27;sub28;sub29,sub15,70,0.0010100483195856214,0.02448006346821785,0.002,1e-05,1.0,1.0,True,False,multimodal,psd-fc-wpli,gated,cnn,False,none
multimodal_psd-fc-wpli_gated_cnn,8,sub14,sub01;sub05;sub07;sub08;sub09;sub10;sub11;sub13;sub16;sub17;sub18;sub20;sub22;sub24;sub27;sub28;sub29,sub15,71,0.0009571469272486866,0.024306055158376694,0.002,1e-05,1.0,1.0,True,False,multimodal,psd-fc-wpli,gated,cnn,False,none
multimodal_psd-fc-wpli_gated_cnn,8,sub14,sub01;sub05;sub07;sub08;sub09;sub10;sub11;sub13;sub16;sub17;sub18;sub20;sub22;sub24;sub27;sub28;sub29,sub15,72,0.0009088864317163825,0.02409941330552101,0.002,1e-05,1.0,1.0,True,False,multimodal,psd-fc-wpli,gated,cnn,False,none
multimodal_psd-fc-wpli_gated_cnn,8,sub14,sub01;sub05;sub07;sub08;sub09;sub10;sub11;sub13;sub16;sub17;sub18;sub20;sub22;sub24;sub27;sub28;sub29,sub15,73,0.0008648998336866498,0.0238588098436594,0.002,1e-05,1.0,1.0,True,False,multimodal,psd-fc-wpli,gated,cnn,False,none
multimodal_psd-fc-wpli_gated_cnn,8,sub14,sub01;sub05;sub07;sub08;sub09;sub10;sub11;sub13;sub16;sub17;sub18;sub20;sub22;sub24;sub27;sub28;sub29,sub15,74,0.0008246083161793649,0.023568466305732727,0.002,1e-05,1.0,1.0,True,False,multimodal,psd-fc-wpli,gated,cnn,False,none
multimodal_psd-fc-wpli_gated_cnn,8,sub14,sub01;sub05;sub07;sub08;sub09;sub10;sub11;sub13;sub16;sub17;sub18;sub20;sub22;sub24;sub27;sub28;sub29,sub15,75,0.0007878118776716292,0.023231109604239464,0.002,1e-05,1.0,1.0,True,False,multimodal,psd-fc-wpli,gated,cnn,False,none
multimodal_psd-fc-wpli_gated_cnn,8,sub14,sub01;sub05;sub07;sub08;sub09;sub10;sub11;sub13;sub16;sub17;sub18;sub20;sub22;sub24;sub27;sub28;sub29,sub15,76,0.0007540846709161997,0.022844959050416946,0.002,1e-05,1.0,1.0,True,False,multimodal,psd-fc-wpli,gated,cnn,False,none
multimodal_psd-fc-wpli_gated_cnn,8,sub14,sub01;sub05;sub07;sub08;sub09;sub10;sub11;sub13;sub16;sub17;sub18;sub20;sub22;sub24;sub27;sub28;sub29,sub15,77,0.0007229674374684691,0.0224200040102005,0.002,1e-05,1.0,1.0,True,False,multimodal,psd-fc-wpli,gated,cnn,False,none
multimodal_psd-fc-wpli_gated_cnn,8,sub14,sub01;sub05;sub07;sub08;sub09;sub10;sub11;sub13;sub16;sub17;sub18;sub20;sub22;sub24;sub27;sub28;sub29,sub15,78,0.000694161921273917,0.02196366898715496,0.002,1e-05,1.0,1.0,True,False,multimodal,psd-fc-wpli,gated,cnn,False,none
multimodal_psd-fc-wpli_gated_cnn,8,sub14,sub01;sub05;sub07;sub08;sub09;sub10;sub11;sub13;sub16;sub17;sub18;sub20;sub22;sub24;sub27;sub28;sub29,sub15,79,0.0006675741751678288,0.021487750113010406,0.002,1e-05,1.0,1.0,True,False,multimodal,psd-fc-wpli,gated,cnn,False,none
multimodal_psd-fc-wpli_gated_cnn,8,sub14,sub01;sub05;sub07;sub08;sub09;sub10;sub11;sub13;sub16;sub17;sub18;sub20;sub22;sub24;sub27;sub28;sub29,sub15,80,0.000642882427200675,0.020989535376429558,0.002,1e-05,1.0,1.0,True,False,multimodal,psd-fc-wpli,gated,cnn,False,none
multimodal_psd-fc-wpli_gated_cnn,8,sub14,sub01;sub05;sub07;sub08;sub09;sub10;sub11;sub13;sub16;sub17;sub18;sub20;sub22;sub24;sub27;sub28;sub29,sub15,81,0.0006198709597811103,0.020478731021285057,0.002,1e-05,1.0,1.0,True,False,multimodal,psd-fc-wpli,gated,cnn,False,none
multimodal_psd-fc-wpli_gated_cnn,8,sub14,sub01;sub05;sub07;sub08;sub09;sub10;sub11;sub13;sub16;sub17;sub18;sub20;sub22;sub24;sub27;sub28;sub29,sub15,82,0.000598336395341903,0.019959798082709312,0.002,1e-05,1.0,1.0,True,False,multimodal,psd-fc-wpli,gated,cnn,False,none
multimodal_psd-fc-wpli_gated_cnn,8,sub14,sub01;sub05;sub07;sub08;sub09;sub10;sub11;sub13;sub16;sub17;sub18;sub20;sub22;sub24;sub27;sub28;sub29,sub15,83,0.000578214880079031,0.01944958046078682,0.002,1e-05,1.0,1.0,True,False,multimodal,psd-fc-wpli,gated,cnn,False,none
multimodal_psd-fc-wpli_gated_cnn,8,sub14,sub01;sub05;sub07;sub08;sub09;sub10;sub11;sub13;sub16;sub17;sub18;sub20;sub22;sub24;sub27;sub28;sub29,sub15,84,0.0005593160749413073,0.018952926620841026,0.002,1e-05,1.0,1.0,True,False,multimodal,psd-fc-wpli,gated,cnn,False,none
multimodal_psd-fc-wpli_gated_cnn,8,sub14,sub01;sub05;sub07;sub08;sub09;sub10;sub11;sub13;sub16;sub17;sub18;sub20;sub22;sub24;sub27;sub28;sub29,sub15,85,0.0005415318883024156,0.01847090944647789,0.002,1e-05,1.0,1.0,True,False,multimodal,psd-fc-wpli,gated,cnn,False,none
multimodal_psd-fc-wpli_gated_cnn,8,sub14,sub01;sub05;sub07;sub08;sub09;sub10;sub11;sub13;sub16;sub17;sub18;sub20;sub22;sub24;sub27;sub28;sub29,sub15,86,0.0005247676162980497,0.018007148057222366,0.002,1e-05,1.0,1.0,True,False,multimodal,psd-fc-wpli,gated,cnn,False,none
multimodal_psd-fc-wpli_gated_cnn,8,sub14,sub01;sub05;sub07;sub08;sub09;sub10;sub11;sub13;sub16;sub17;sub18;sub20;sub22;sub24;sub27;sub28;sub29,sub15,87,0.0005089399055577815,0.017564591020345688,0.002,1e-05,1.0,1.0,True,False,multimodal,psd-fc-wpli,gated,cnn,False,none
multimodal_psd-fc-wpli_gated_cnn,8,sub14,sub01;sub05;sub07;sub08;sub09;sub10;sub11;sub13;sub16;sub17;sub18;sub20;sub22;sub24;sub27;sub28;sub29,sub15,88,0.0004939658101648092,0.01715018041431904,0.002,1e-05,1.0,1.0,True,False,multimodal,psd-fc-wpli,gated,cnn,False,none
multimodal_psd-fc-wpli_gated_cnn,8,sub14,sub01;sub05;sub07;sub08;sub09;sub10;sub11;sub13;sub16;sub17;sub18;sub20;sub22;sub24;sub27;sub28;sub29,sub15,89,0.0004798096197191626,0.01675776205956936,0.002,1e-05,1.0,1.0,True,False,multimodal,psd-fc-wpli,gated,cnn,False,none
multimodal_psd-fc-wpli_gated_cnn,8,sub14,sub01;sub05;sub07;sub08;sub09;sub10;sub11;sub13;sub16;sub17;sub18;sub20;sub22;sub24;sub27;sub28;sub29,sub15,90,0.00046634196769446135,0.01637907139956951,0.002,1e-05,1.0,1.0,True,False,multimodal,psd-fc-wpli,gated,cnn,False,none
multimodal_psd-fc-wpli_gated_cnn,8,sub14,sub01;sub05;sub07;sub08;sub09;sub10;sub11;sub13;sub16;sub17;sub18;sub20;sub22;sub24;sub27;sub28;sub29,sub15,91,0.00045352819142863154,0.01602262817323208,0.002,1e-05,1.0,1.0,True,False,multimodal,psd-fc-wpli,gated,cnn,False,none
multimodal_psd-fc-wpli_gated_cnn,8,sub14,sub01;sub05;sub07;sub08;sub09;sub10;sub11;sub13;sub16;sub17;sub18;sub20;sub22;sub24;sub27;sub28;sub29,sub15,92,0.0004413136630319059,0.015687989071011543,0.002,1e-05,1.0,1.0,True,False,multimodal,psd-fc-wpli,gated,cnn,False,none
multimodal_psd-fc-wpli_gated_cnn,8,sub14,sub01;sub05;sub07;sub08;sub09;sub10;sub11;sub13;sub16;sub17;sub18;sub20;sub22;sub24;sub27;sub28;sub29,sub15,93,0.00042967460467480123,0.015371983870863914,0.002,1e-05,1.0,1.0,True,False,multimodal,psd-fc-wpli,gated,cnn,False,none
multimodal_psd-fc-wpli_gated_cnn,8,sub14,sub01;sub05;sub07;sub08;sub09;sub10;sub11;sub13;sub16;sub17;sub18;sub20;sub22;sub24;sub27;sub28;sub29,sub15,94,0.00041854174924083054,0.01507404912263155,0.002,1e-05,1.0,1.0,True,False,multimodal,psd-fc-wpli,gated,cnn,False,none
multimodal_psd-fc-wpli_gated_cnn,8,sub14,sub01;sub05;sub07;sub08;sub09;sub10;sub11;sub13;sub16;sub17;sub18;sub20;sub22;sub24;sub27;sub28;sub29,sub15,95,0.00040787531179375947,0.014799069613218307,0.002,1e-05,1.0,1.0,True,False,multimodal,psd-fc-wpli,gated,cnn,False,none
multimodal_psd-fc-wpli_gated_cnn,8,sub14,sub01;sub05;sub07;sub08;sub09;sub10;sub11;sub13;sub16;sub17;sub18;sub20;sub22;sub24;sub27;sub28;sub29,sub15,96,0.0003977134474553168,0.01454490888863802,0.002,1e-05,1.0,1.0,True,False,multimodal,psd-fc-wpli,gated,cnn,False,none
multimodal_psd-fc-wpli_gated_cnn,8,sub14,sub01;sub05;sub07;sub08;sub09;sub10;sub11;sub13;sub16;sub17;sub18;sub20;sub22;sub24;sub27;sub28;sub29,sub15,97,0.0003879482683259994,0.01430810522288084,0.002,1e-05,1.0,1.0,True,False,multimodal,psd-fc-wpli,gated,cnn,False,none
multimodal_psd-fc-wpli_gated_cnn,8,sub14,sub01;sub05;sub07;sub08;sub09;sub10;sub11;sub13;sub16;sub17;sub18;sub20;sub22;sub24;sub27;sub28;sub29,sub15,98,0.00037858521682210267,0.014085865579545498,0.002,1e-05,1.0,1.0,True,False,multimodal,psd-fc-wpli,gated,cnn,False,none
multimodal_psd-fc-wpli_gated_cnn,8,sub14,sub01;sub05;sub07;sub08;sub09;sub10;sub11;sub13;sub16;sub17;sub18;sub20;sub22;sub24;sub27;sub28;sub29,sub15,99,0.0003696305793710053,0.013873708434402943,0.002,1e-05,1.0,1.0,True,False,multimodal,psd-fc-wpli,gated,cnn,False,none
multimodal_psd-fc-wpli_gated_cnn,8,sub14,sub01;sub05;sub07;sub08;sub09;sub10;sub11;sub13;sub16;sub17;sub18;sub20;sub22;sub24;sub27;sub28;sub29,sub15,100,0.0003610313287936151,0.013668302446603775,0.002,1e-05,1.0,1.0,True,False,multimodal,psd-fc-wpli,gated,cnn,False,none
multimodal_psd-fc-wpli_gated_cnn,9,sub15,sub01;sub05;sub07;sub08;sub09;sub10;sub11;sub13;sub14;sub17;sub18;sub20;sub22;sub24;sub27;sub28;sub29,sub16,1,0.697072446346283,0.6677829027175903,0.002,1e-05,1.0,1.0,True,False,multimodal,psd-fc-wpli,gated,cnn,False,none
multimodal_psd-fc-wpli_gated_cnn,9,sub15,sub01;sub05;sub07;sub08;sub09;sub10;sub11;sub13;sub14;sub17;sub18;sub20;sub22;sub24;sub27;sub28;sub29,sub16,2,0.6890156865119934,0.6659783124923706,0.002,1e-05,1.0,1.0,True,False,multimodal,psd-fc-wpli,gated,cnn,False,none
multimodal_psd-fc-wpli_gated_cnn,9,sub15,sub01;sub05;sub07;sub08;sub09;sub10;sub11;sub13;sub14;sub17;sub18;sub20;sub22;sub24;sub27;sub28;sub29,sub16,3,0.6828800439834595,0.663873016834259,0.002,1e-05,1.0,1.0,True,False,multimodal,psd-fc-wpli,gated,cnn,False,none
multimodal_psd-fc-wpli_gated_cnn,9,sub15,sub01;sub05;sub07;sub08;sub09;sub10;sub11;sub13;sub14;sub17;sub18;sub20;sub22;sub24;sub27;sub28;sub29,sub16,4,0.676786482334137,0.6608396172523499,0.002,1e-05,1.0,1.0,True,False,multimodal,psd-fc-wpli,gated,cnn,False,none
multimodal_psd-fc-wpli_gated_cnn,9,sub15,sub01;sub05;sub07;sub08;sub09;sub10;sub11;sub13;sub14;sub17;sub18;sub20;sub22;sub24;sub27;sub28;sub29,sub16,5,0.6700334548950195,0.653089165687561,0.002,1e-05,1.0,1.0,True,False,multimodal,psd-fc-wpli,gated,cnn,False,none
multimodal_psd-fc-wpli_gated_cnn,9,sub15,sub01;sub05;sub07;sub08;sub09;sub10;sub11;sub13;sub14;sub17;sub18;sub20;sub22;sub24;sub27;sub28;sub29,sub16,6,0.6625831127166748,0.6344243884086609,0.002,1e-05,1.0,1.0,True,False,multimodal,psd-fc-wpli,gated,cnn,False,none
multimodal_psd-fc-wpli_gated_cnn,9,sub15,sub01;sub05;sub07;sub08;sub09;sub10;sub11;sub13;sub14;sub17;sub18;sub20;sub22;sub24;sub27;sub28;sub29,sub16,7,0.6542463898658752,0.6036534309387207,0.002,1e-05,1.0,1.0,True,False,multimodal,psd-fc-wpli,gated,cnn,False,none
multimodal_psd-fc-wpli_gated_cnn,9,sub15,sub01;sub05;sub07;sub08;sub09;sub10;sub11;sub13;sub14;sub17;sub18;sub20;sub22;sub24;sub27;sub28;sub29,sub16,8,0.6450778841972351,0.5553985834121704,0.002,1e-05,1.0,1.0,True,False,multimodal,psd-fc-wpli,gated,cnn,False,none
multimodal_psd-fc-wpli_gated_cnn,9,sub15,sub01;sub05;sub07;sub08;sub09;sub10;sub11;sub13;sub14;sub17;sub18;sub20;sub22;sub24;sub27;sub28;sub29,sub16,9,0.6352148056030273,0.49030423164367676,0.002,1e-05,1.0,1.0,True,False,multimodal,psd-fc-wpli,gated,cnn,False,none
multimodal_psd-fc-wpli_gated_cnn,9,sub15,sub01;sub05;sub07;sub08;sub09;sub10;sub11;sub13;sub14;sub17;sub18;sub20;sub22;sub24;sub27;sub28;sub29,sub16,10,0.6245693564414978,0.4192278981208801,0.002,1e-05,1.0,1.0,True,False,multimodal,psd-fc-wpli,gated,cnn,False,none
multimodal_psd-fc-wpli_gated_cnn,9,sub15,sub01;sub05;sub07;sub08;sub09;sub10;sub11;sub13;sub14;sub17;sub18;sub20;sub22;sub24;sub27;sub28;sub29,sub16,11,0.6130815148353577,0.35042837262153625,0.002,1e-05,1.0,1.0,True,False,multimodal,psd-fc-wpli,gated,cnn,False,none
multimodal_psd-fc-wpli_gated_cnn,9,sub15,sub01;sub05;sub07;sub08;sub09;sub10;sub11;sub13;sub14;sub17;sub18;sub20;sub22;sub24;sub27;sub28;sub29,sub16,12,0.6007326245307922,0.2961443364620209,0.002,1e-05,1.0,1.0,True,False,multimodal,psd-fc-wpli,gated,cnn,False,none
multimodal_psd-fc-wpli_gated_cnn,9,sub15,sub01;sub05;sub07;sub08;sub09;sub10;sub11;sub13;sub14;sub17;sub18;sub20;sub22;sub24;sub27;sub28;sub29,sub16,13,0.5874924659729004,0.24643389880657196,0.002,1e-05,1.0,1.0,True,False,multimodal,psd-fc-wpli,gated,cnn,False,none
multimodal_psd-fc-wpli_gated_cnn,9,sub15,sub01;sub05;sub07;sub08;sub09;sub10;sub11;sub13;sub14;sub17;sub18;sub20;sub22;sub24;sub27;sub28;sub29,sub16,14,0.5734128952026367,0.20359456539154053,0.002,1e-05,1.0,1.0,True,False,multimodal,psd-fc-wpli,gated,cnn,False,none
multimodal_psd-fc-wpli_gated_cnn,9,sub15,sub01;sub05;sub07;sub08;sub09;sub10;sub11;sub13;sub14;sub17;sub18;sub20;sub22;sub24;sub27;sub28;sub29,sub16,15,0.5583596229553223,0.1665385514497757,0.002,1e-05,1.0,1.0,True,False,multimodal,psd-fc-wpli,gated,cnn,False,none
multimodal_psd-fc-wpli_gated_cnn,9,sub15,sub01;sub05;sub07;sub08;sub09;sub10;sub11;sub13;sub14;sub17;sub18;sub20;sub22;sub24;sub27;sub28;sub29,sub16,16,0.5422143936157227,0.1360146552324295,0.002,1e-05,1.0,1.0,True,False,multimodal,psd-fc-wpli,gated,cnn,False,none
multimodal_psd-fc-wpli_gated_cnn,9,sub15,sub01;sub05;sub07;sub08;sub09;sub10;sub11;sub13;sub14;sub17;sub18;sub20;sub22;sub24;sub27;sub28;sub29,sub16,17,0.5250869393348694,0.11268245428800583,0.002,1e-05,1.0,1.0,True,False,multimodal,psd-fc-wpli,gated,cnn,False,none
multimodal_psd-fc-wpli_gated_cnn,9,sub15,sub01;sub05;sub07;sub08;sub09;sub10;sub11;sub13;sub14;sub17;sub18;sub20;sub22;sub24;sub27;sub28;sub29,sub16,18,0.5068407654762268,0.09429673850536346,0.002,1e-05,1.0,1.0,True,False,multimodal,psd-fc-wpli,gated,cnn,False,none
multimodal_psd-fc-wpli_gated_cnn,9,sub15,sub01;sub05;sub07;sub08;sub09;sub10;sub11;sub13;sub14;sub17;sub18;sub20;sub22;sub24;sub27;sub28;sub29,sub16,19,0.48752811551094055,0.07775667309761047,0.002,1e-05,1.0,1.0,True,False,multimodal,psd-fc-wpli,gated,cnn,False,none
multimodal_psd-fc-wpli_gated_cnn,9,sub15,sub01;sub05;sub07;sub08;sub09;sub10;sub11;sub13;sub14;sub17;sub18;sub20;sub22;sub24;sub27;sub28;sub29,sub16,20,0.4673440158367157,0.06017209216952324,0.002,1e-05,1.0,1.0,True,False,multimodal,psd-fc-wpli,gated,cnn,False,none
multimodal_psd-fc-wpli_gated_cnn,9,sub15,sub01;sub05;sub07;sub08;sub09;sub10;sub11;sub13;sub14;sub17;sub18;sub20;sub22;sub24;sub27;sub28;sub29,sub16,21,0.44608694314956665,0.04270712658762932,0.002,1e-05,1.0,1.0,True,False,multimodal,psd-fc-wpli,gated,cnn,False,none
multimodal_psd-fc-wpli_gated_cnn,9,sub15,sub01;sub05;sub07;sub08;sub09;sub10;sub11;sub13;sub14;sub17;sub18;sub20;sub22;sub24;sub27;sub28;sub29,sub16,22,0.42392727732658386,0.027861805632710457,0.002,1e-05,1.0,1.0,True,False,multimodal,psd-fc-wpli,gated,cnn,False,none
multimodal_psd-fc-wpli_gated_cnn,9,sub15,sub01;sub05;sub07;sub08;sub09;sub10;sub11;sub13;sub14;sub17;sub18;sub20;sub22;sub24;sub27;sub28;sub29,sub16,23,0.40102797746658325,0.016946397721767426,0.002,1e-05,1.0,1.0,True,False,multimodal,psd-fc-wpli,gated,cnn,False,none
multimodal_psd-fc-wpli_gated_cnn,9,sub15,sub01;sub05;sub07;sub08;sub09;sub10;sub11;sub13;sub14;sub17;sub18;sub20;sub22;sub24;sub27;sub28;sub29,sub16,24,0.37805524468421936,0.00947339367121458,0.002,1e-05,1.0,1.0,True,False,multimodal,psd-fc-wpli,gated,cnn,False,none
multimodal_psd-fc-wpli_gated_cnn,9,sub15,sub01;sub05;sub07;sub08;sub09;sub10;sub11;sub13;sub14;sub17;sub18;sub20;sub22;sub24;sub27;sub28;sub29,sub16,25,0.3551129102706909,0.004932309966534376,0.002,1e-05,1.0,1.0,True,False,multimodal,psd-fc-wpli,gated,cnn,False,none
multimodal_psd-fc-wpli_gated_cnn,9,sub15,sub01;sub05;sub07;sub08;sub09;sub10;sub11;sub13;sub14;sub17;sub18;sub20;sub22;sub24;sub27;sub28;sub29,sub16,26,0.3324258029460907,0.00251608993858099,0.002,1e-05,1.0,1.0,True,False,multimodal,psd-fc-wpli,gated,cnn,False,none
multimodal_psd-fc-wpli_gated_cnn,9,sub15,sub01;sub05;sub07;sub08;sub09;sub10;sub11;sub13;sub14;sub17;sub18;sub20;sub22;sub24;sub27;sub28;sub29,sub16,27,0.3096516728401184,0.0013790137600153685,0.002,1e-05,1.0,1.0,True,False,multimodal,psd-fc-wpli,gated,cnn,False,none
multimodal_psd-fc-wpli_gated_cnn,9,sub15,sub01;sub05;sub07;sub08;sub09;sub10;sub11;sub13;sub14;sub17;sub18;sub20;sub22;sub24;sub27;sub28;sub29,sub16,28,0.2868274450302124,0.0008409644360654056,0.002,1e-05,1.0,1.0,True,False,multimodal,psd-fc-wpli,gated,cnn,False,none
multimodal_psd-fc-wpli_gated_cnn,9,sub15,sub01;sub05;sub07;sub08;sub09;sub10;sub11;sub13;sub14;sub17;sub18;sub20;sub22;sub24;sub27;sub28;sub29,sub16,29,0.26422590017318726,0.0005694985738955438,0.002,1e-05,1.0,1.0,True,False,multimodal,psd-fc-wpli,gated,cnn,False,none
multimodal_psd-fc-wpli_gated_cnn,9,sub15,sub01;sub05;sub07;sub08;sub09;sub10;sub11;sub13;sub14;sub17;sub18;sub20;sub22;sub24;sub27;sub28;sub29,sub16,30,0.24194885790348053,0.00040981275378726423,0.002,1e-05,1.0,1.0,True,False,multimodal,psd-fc-wpli,gated,cnn,False,none
multimodal_psd-fc-wpli_gated_cnn,9,sub15,sub01;sub05;sub07;sub08;sub09;sub10;sub11;sub13;sub14;sub17;sub18;sub20;sub22;sub24;sub27;sub28;sub29,sub16,31,0.2201986461877823,0.0003200018545612693,0.002,1e-05,1.0,1.0,True,False,multimodal,psd-fc-wpli,gated,cnn,False,none
multimodal_psd-fc-wpli_gated_cnn,9,sub15,sub01;sub05;sub07;sub08;sub09;sub10;sub11;sub13;sub14;sub17;sub18;sub20;sub22;sub24;sub27;sub28;sub29,sub16,32,0.19939106702804565,0.00023463708930648863,0.002,1e-05,1.0,1.0,True,False,multimodal,psd-fc-wpli,gated,cnn,False,none
multimodal_psd-fc-wpli_gated_cnn,9,sub15,sub01;sub05;sub07;sub08;sub09;sub10;sub11;sub13;sub14;sub17;sub18;sub20;sub22;sub24;sub27;sub28;sub29,sub16,33,0.1793053299188614,0.00016231645713560283,0.002,1e-05,1.0,1.0,True,False,multimodal,psd-fc-wpli,gated,cnn,False,none
multimodal_psd-fc-wpli_gated_cnn,9,sub15,sub01;sub05;sub07;sub08;sub09;sub10;sub11;sub13;sub14;sub17;sub18;sub20;sub22;sub24;sub27;sub28;sub29,sub16,34,0.1600477397441864,9.75532311713323e-05,0.002,1e-05,1.0,1.0,True,False,multimodal,psd-fc-wpli,gated,cnn,False,none
multimodal_psd-fc-wpli_gated_cnn,9,sub15,sub01;sub05;sub07;sub08;sub09;sub10;sub11;sub13;sub14;sub17;sub18;sub20;sub22;sub24;sub27;sub28;sub29,sub16,35,0.14229777455329895,3.5883735108654946e-05,0.002,1e-05,1.0,1.0,True,False,multimodal,psd-fc-wpli,gated,cnn,False,none
multimodal_psd-fc-wpli_gated_cnn,9,sub15,sub01;sub05;sub07;sub08;sub09;sub10;sub11;sub13;sub14;sub17;sub18;sub20;sub22;sub24;sub27;sub28;sub29,sub16,36,0.1258726567029953,8.677979167259764e-06,0.002,1e-05,1.0,1.0,True,False,multimodal,psd-fc-wpli,gated,cnn,False,none
multimodal_psd-fc-wpli_gated_cnn,9,sub15,sub01;sub05;sub07;sub08;sub09;sub10;sub11;sub13;sub14;sub17;sub18;sub20;sub22;sub24;sub27;sub28;sub29,sub16,37,0.11054978519678116,1.8146745333069703e-06,0.002,1e-05,1.0,1.0,True,False,multimodal,psd-fc-wpli,gated,cnn,False,none
multimodal_psd-fc-wpli_gated_cnn,9,sub15,sub01;sub05;sub07;sub08;sub09;sub10;sub11;sub13;sub14;sub17;sub18;sub20;sub22;sub24;sub27;sub28;sub29,sub16,38,0.09664878994226456,4.627950431768113e-07,0.002,1e-05,1.0,1.0,True,False,multimodal,psd-fc-wpli,gated,cnn,False,none
multimodal_psd-fc-wpli_gated_cnn,9,sub15,sub01;sub05;sub07;sub08;sub09;sub10;sub11;sub13;sub14;sub17;sub18;sub20;sub22;sub24;sub27;sub28;sub29,sub16,39,0.08404053002595901,1.6615719289347908e-07,0.002,1e-05,1.0,1.0,True,False,multimodal,psd-fc-wpli,gated,cnn,False,none
multimodal_psd-fc-wpli_gated_cnn,9,sub15,sub01;sub05;sub07;sub08;sub09;sub10;sub11;sub13;sub14;sub17;sub18;sub20;sub22;sub24;sub27;sub28;sub29,sub16,40,0.0726015567779541,9.10156359168468e-08,0.002,1e-05,1.0,1.0,True,False,multimodal,psd-fc-wpli,gated,cnn,False,none
multimodal_psd-fc-wpli_gated_cnn,9,sub15,sub01;sub05;sub07;sub08;sub09;sub10;sub11;sub13;sub14;sub17;sub18;sub20;sub22;sub24;sub27;sub28;sub29,sub16,41,0.06235380843281746,7.086357811658672e-08,0.002,1e-05,1.0,1.0,True,False,multimodal,psd-fc-wpli,gated,cnn,False,none
multimodal_psd-fc-wpli_gated_cnn,9,sub15,sub01;sub05;sub07;sub08;sub09;sub10;sub11;sub13;sub14;sub17;sub18;sub20;sub22;sub24;sub27;sub28;sub29,sub16,42,0.0532519668340683,6.780563666097805e-08,0.002,1e-05,1.0,1.0,True,False,multimodal,psd-fc-wpli,gated,cnn,False,none
multimodal_psd-fc-wpli_gated_cnn,9,sub15,sub01;sub05;sub07;sub08;sub09;sub10;sub11;sub13;sub14;sub17;sub18;sub20;sub22;sub24;sub27;sub28;sub29,sub16,43,0.04526270180940628,6.056291113054613e-08,0.002,1e-05,1.0,1.0,True,False,multimodal,psd-fc-wpli,gated,cnn,False,none
multimodal_psd-fc-wpli_gated_cnn,9,sub15,sub01;sub05;sub07;sub08;sub09;sub10;sub11;sub13;sub14;sub17;sub18;sub20;sub22;sub24;sub27;sub28;sub29,sub16,44,0.038384612649679184,4.4685428690627305e-08,0.002,1e-05,1.0,1.0,True,False,multimodal,psd-fc-wpli,gated,cnn,False,none
multimodal_psd-fc-wpli_gated_cnn,9,sub15,sub01;sub05;sub07;sub08;sub09;sub10;sub11;sub13;sub14;sub17;sub18;sub20;sub22;sub24;sub27;sub28;sub29,sub16,45,0.03247228264808655,2.7258197476953683e-08,0.002,1e-05,1.0,1.0,True,False,multimodal,psd-fc-wpli,gated,cnn,False,none
multimodal_psd-fc-wpli_gated_cnn,9,sub15,sub01;sub05;sub07;sub08;sub09;sub10;sub11;sub13;sub14;sub17;sub18;sub20;sub22;sub24;sub27;sub28;sub29,sub16,46,0.027399258688092232,1.426634010925909e-08,0.002,1e-05,1.0,1.0,True,False,multimodal,psd-fc-wpli,gated,cnn,False,none
multimodal_psd-fc-wpli_gated_cnn,9,sub15,sub01;sub05;sub07;sub08;sub09;sub10;sub11;sub13;sub14;sub17;sub18;sub20;sub22;sub24;sub27;sub28;sub29,sub16,47,0.023074964061379433,6.345083569669896e-09,0.002,1e-05,1.0,1.0,True,False,multimodal,psd-fc-wpli,gated,cnn,False,none
multimodal_psd-fc-wpli_gated_cnn,9,sub15,sub01;sub05;sub07;sub08;sub09;sub10;sub11;sub13;sub14;sub17;sub18;sub20;sub22;sub24;sub27;sub28;sub29,sub16,48,0.01943643018603325,2.496856499334399e-09,0.002,1e-05,1.0,1.0,True,False,multimodal,psd-fc-wpli,gated,cnn,False,none
multimodal_psd-fc-wpli_gated_cnn,9,sub15,sub01;sub05;sub07;sub08;sub09;sub10;sub11;sub13;sub14;sub17;sub18;sub20;sub22;sub24;sub27;sub28;sub29,sub16,49,0.016412250697612762,8.418091779205383e-10,0.002,1e-05,1.0,1.0,True,False,multimodal,psd-fc-wpli,gated,cnn,False,none
multimodal_psd-fc-wpli_gated_cnn,9,sub15,sub01;sub05;sub07;sub08;sub09;sub10;sub11;sub13;sub14;sub17;sub18;sub20;sub22;sub24;sub27;sub28;sub29,sub16,50,0.013898229226469994,2.750168426324251e-10,0.002,1e-05,1.0,1.0,True,False,multimodal,psd-fc-wpli,gated,cnn,False,none
multimodal_psd-fc-wpli_gated_cnn,9,sub15,sub01;sub05;sub07;sub08;sub09;sub10;sub11;sub13;sub14;sub17;sub18;sub20;sub22;sub24;sub27;sub28;sub29,sub16,51,0.011792004108428955,9.679904794390737e-11,0.002,1e-05,1.0,1.0,True,False,multimodal,psd-fc-wpli,gated,cnn,False,none
multimodal_psd-fc-wpli_gated_cnn,9,sub15,sub01;sub05;sub07;sub08;sub09;sub10;sub11;sub13;sub14;sub17;sub18;sub20;sub22;sub24;sub27;sub28;sub29,sub16,52,0.010029929690063,3.62576392520797e-11,0.002,1e-05,1.0,1.0,True,False,multimodal,psd-fc-wpli,gated,cnn,False,none
multimodal_psd-fc-wpli_gated_cnn,9,sub15,sub01;sub05;sub07;sub08;sub09;sub10;sub11;sub13;sub14;sub17;sub18;sub20;sub22;sub24;sub27;sub28;sub29,sub16,53,0.008565709926187992,1.4632852221585502e-11,0.002,1e-05,1.0,1.0,True,False,multimodal,psd-fc-wpli,gated,cnn,False,none
multimodal_psd-fc-wpli_gated_cnn,9,sub15,sub01;sub05;sub07;sub08;sub09;sub10;sub11;sub13;sub14;sub17;sub18;sub20;sub22;sub24;sub27;sub28;sub29,sub16,54,0.007357949856668711,5.6812683897622396e-12,0.002,1e-05,1.0,1.0,True,False,multimodal,psd-fc-wpli,gated,cnn,False,none
multimodal_psd-fc-wpli_gated_cnn,9,sub15,sub01;sub05;sub07;sub08;sub09;sub10;sub11;sub13;sub14;sub17;sub18;sub20;sub22;sub24;sub27;sub28;sub29,sub16,55,0.006358753889799118,2.17942265796911e-12,0.002,1e-05,1.0,1.0,True,False,multimodal,psd-fc-wpli,gated,cnn,False,none
multimodal_psd-fc-wpli_gated_cnn,9,sub15,sub01;sub05;sub07;sub08;sub09;sub10;sub11;sub13;sub14;sub17;sub18;sub20;sub22;sub24;sub27;sub28;sub29,sub16,56,0.005521730985492468,8.535408707946446e-13,0.002,1e-05,1.0,1.0,True,False,multimodal,psd-fc-wpli,gated,cnn,False,none
multimodal_psd-fc-wpli_gated_cnn,9,sub15,sub01;sub05;sub07;sub08;sub09;sub10;sub11;sub13;sub14;sub17;sub18;sub20;sub22;sub24;sub27;sub28;sub29,sub16,57,0.004818896297365427,3.4990050136810003e-13,0.002,1e-05,1.0,1.0,True,False,multimodal,psd-fc-wpli,gated,cnn,False,none
multimodal_psd-fc-wpli_gated_cnn,9,sub15,sub01;sub05;sub07;sub08;sub09;sub10;sub11;sub13;sub14;sub17;sub18;sub20;sub22;sub24;sub27;sub28;sub29,sub16,58,0.004227158147841692,1.5684525347340467e-13,0.002,1e-05,1.0,1.0,True,False,multimodal,psd-fc-wpli,gated,cnn,False,none
multimodal_psd-fc-wpli_gated_cnn,9,sub15,sub01;sub05;sub07;sub08;sub09;sub10;sub11;sub13;sub14;sub17;sub18;sub20;sub22;sub24;sub27;sub28;sub29,sub16,59,0.0037279496900737286,7.711316123409223e-14,0.002,1e-05,1.0,1.0,True,False,multimodal,psd-fc-wpli,gated,cnn,False,none
multimodal_psd-fc-wpli_gated_cnn,9,sub15,sub01;sub05;sub07;sub08;sub09;sub10;sub11;sub13;sub14;sub17;sub18;sub20;sub22;sub24;sub27;sub28;sub29,sub16,60,0.003306262195110321,4.118125789378049e-14,0.002,1e-05,1.0,1.0,True,False,multimodal,psd-fc-wpli,gated,cnn,False,none
multimodal_psd-fc-wpli_gated_cnn,9,sub15,sub01;sub05;sub07;sub08;sub09;sub10;sub11;sub13;sub14;sub17;sub18;sub20;sub22;sub24;sub27;sub28;sub29,sub16,61,0.0029497926589101553,2.3869095380226434e-14,0.002,1e-05,1.0,1.0,True,False,multimodal,psd-fc-wpli,gated,cnn,False,none
multimodal_psd-fc-wpli_gated_cnn,9,sub15,sub01;sub05;sub07;sub08;sub09;sub10;sub11;sub13;sub14;sub17;sub18;sub20;sub22;sub24;sub27;sub28;sub29,sub16,62,0.0026482336688786745,1.5053762612003176e-14,0.002,1e-05,1.0,1.0,True,False,multimodal,psd-fc-wpli,gated,cnn,False,none
multimodal_psd-fc-wpli_gated_cnn,9,sub15,sub01;sub05;sub07;sub08;sub09;sub10;sub11;sub13;sub14;sub17;sub18;sub20;sub22;sub24;sub27;sub28;sub29,sub16,63,0.002391644287854433,1.0092632194661378e-14,0.002,1e-05,1.0,1.0,True,False,multimodal,psd-fc-wpli,gated,cnn,False,none
multimodal_psd-fc-wpli_gated_cnn,9,sub15,sub01;sub05;sub07;sub08;sub09;sub10;sub11;sub13;sub14;sub17;sub18;sub20;sub22;sub24;sub27;sub28;sub29,sub16,64,0.0021719723008573055,7.0389962576137416e-15,0.002,1e-05,1.0,1.0,True,False,multimodal,psd-fc-wpli,gated,cnn,False,none
multimodal_psd-fc-wpli_gated_cnn,9,sub15,sub01;sub05;sub07;sub08;sub09;sub10;sub11;sub13;sub14;sub17;sub18;sub20;sub22;sub24;sub27;sub28;sub29,sub16,65,0.001982696121558547,5.053161817610398e-15,0.002,1e-05,1.0,1.0,True,False,multimodal,psd-fc-wpli,gated,cnn,False,none
multimodal_psd-fc-wpli_gated_cnn,9,sub15,sub01;sub05;sub07;sub08;sub09;sub10;sub11;sub13;sub14;sub17;sub18;sub20;sub22;sub24;sub27;sub28;sub29,sub16,66,0.0018184991786256433,3.664887522554809e-15,0.002,1e-05,1.0,1.0,True,False,multimodal,psd-fc-wpli,gated,cnn,False,none
multimodal_psd-fc-wpli_gated_cnn,9,sub15,sub01;sub05;sub07;sub08;sub09;sub10;sub11;sub13;sub14;sub17;sub18;sub20;sub22;sub24;sub27;sub28;sub29,sub16,67,0.0016754205571487546,2.649211797809835e-15,0.002,1e-05,1.0,1.0,True,False,multimodal,psd-fc-wpli,gated,cnn,False,none
multimodal_psd-fc-wpli_gated_cnn,9,sub15,sub01;sub05;sub07;sub08;sub09;sub10;sub11;sub13;sub14;sub17;sub18;sub20;sub22;sub24;sub27;sub28;sub29,sub16,68,0.0015502425376325846,1.888696913370457e-15,0.002,1e-05,1.0,1.0,True,False,multimodal,psd-fc-wpli,gated,cnn,False,none
multimodal_psd-fc-wpli_gated_cnn,9,sub15,sub01;sub05;sub07;sub08;sub09;sub10;sub11;sub13;sub14;sub17;sub18;sub20;sub22;sub24;sub27;sub28;sub29,sub16,69,0.0014402802335098386,1.3039522710355422e-15,0.002,1e-05,1.0,1.0,True,False,multimodal,psd-fc-wpli,gated,cnn,False,none
multimodal_psd-fc-wpli_gated_cnn,9,sub15,sub01;sub05;sub07;sub08;sub09;sub10;sub11;sub13;sub14;sub17;sub18;sub20;sub22;sub24;sub27;sub28;sub29,sub16,70,0.0013432082487270236,8.756426497181168e-16,0.002,1e-05,1.0,1.0,True,False,multimodal,psd-fc-wpli,gated,cnn,False,none
multimodal_psd-fc-wpli_gated_cnn,9,sub15,sub01;sub05;sub07;sub08;sub09;sub10;sub11;sub13;sub14;sub17;sub18;sub20;sub22;sub24;sub27;sub28;sub29,sub16,71,0.0012569379759952426,5.74378759005535e-16,0.002,1e-05,1.0,1.0,True,False,multimodal,psd-fc-wpli,gated,cnn,False,none
multimodal_psd-fc-wpli_gated_cnn,9,sub15,sub01;sub05;sub07;sub08;sub09;sub10;sub11;sub13;sub14;sub17;sub18;sub20;sub22;sub24;sub27;sub28;sub29,sub16,72,0.0011800227221101522,3.6786820893755555e-16,0.002,1e-05,1.0,1.0,True,False,multimodal,psd-fc-wpli,gated,cnn,False,none
multimodal_psd-fc-wpli_gated_cnn,9,sub15,sub01;sub05;sub07;sub08;sub09;sub10;sub11;sub13;sub14;sub17;sub18;sub20;sub22;sub24;sub27;sub28;sub29,sub16,73,0.0011115625966340303,2.2956588691973507e-16,0.002,1e-05,1.0,1.0,True,False,multimodal,psd-fc-wpli,gated,cnn,False,none
multimodal_psd-fc-wpli_gated_cnn,9,sub15,sub01;sub05;sub07;sub08;sub09;sub10;sub11;sub13;sub14;sub17;sub18;sub20;sub22;sub24;sub27;sub28;sub29,sub16,74,0.0010504293022677302,1.40531699500104e-16,0.002,1e-05,1.0,1.0,True,False,multimodal,psd-fc-wpli,gated,cnn,False,none
multimodal_psd-fc-wpli_gated_cnn,9,sub15,sub01;sub05;sub07;sub08;sub09;sub10;sub11;sub13;sub14;sub17;sub18;sub20;sub22;sub24;sub27;sub28;sub29,sub16,75,0.0009956294670701027,8.50801979171786e-17,0.002,1e-05,1.0,1.0,True,False,multimodal,psd-fc-wpli,gated,cnn,False,none
multimodal_psd-fc-wpli_gated_cnn,9,sub15,sub01;sub05;sub07;sub08;sub09;sub10;sub11;sub13;sub14;sub17;sub18;sub20;sub22;sub24;sub27;sub28;sub29,sub16,76,0.000946101441513747,5.1469083537180704e-17,0.002,1e-05,1.0,1.0,True,False,multimodal,psd-fc-wpli,gated,cnn,False,none
multimodal_psd-fc-wpli_gated_cnn,9,sub15,sub01;sub05;sub07;sub08;sub09;sub10;sub11;sub13;sub14;sub17;sub18;sub20;sub22;sub24;sub27;sub28;sub29,sub16,77,0.0009011048823595047,3.162208911394268e-17,0.002,1e-05,1.0,1.0,True,False,multimodal,psd-fc-wpli,gated,cnn,False,none
multimodal_psd-fc-wpli_gated_cnn,9,sub15,sub01;sub05;sub07;sub08;sub09;sub10;sub11;sub13;sub14;sub17;sub18;sub20;sub22;sub24;sub27;sub28;sub29,sub16,78,0.000860080006532371,1.9732062640207454e-17,0.002,1e-05,1.0,1.0,True,False,multimodal,psd-fc-wpli,gated,cnn,False,none
multimodal_psd-fc-wpli_gated_cnn,9,sub15,sub01;sub05;sub07;sub08;sub09;sub10;sub11;sub13;sub14;sub17;sub18;sub20;sub22;sub24;sub27;sub28;sub29,sub16,79,0.0008225140627473593,1.2538588186355393e-17,0.002,1e-05,1.0,1.0,True,False,multimodal,psd-fc-wpli,gated,cnn,False,none
multimodal_psd-fc-wpli_gated_cnn,9,sub15,sub01;sub05;sub07;sub08;sub09;sub10;sub11;sub13;sub14;sub17;sub18;sub20;sub22;sub24;sub27;sub28;sub29,sub16,80,0.0007879664190113544,8.110294975026235e-18,0.002,1e-05,1.0,1.0,True,False,multimodal,psd-fc-wpli,gated,cnn,False,none
multimodal_psd-fc-wpli_gated_cnn,9,sub15,sub01;sub05;sub07;sub08;sub09;sub10;sub11;sub13;sub14;sub17;sub18;sub20;sub22;sub24;sub27;sub28;sub29,sub16,81,0.0007561593083664775,5.335199972861884e-18,0.002,1e-05,1.0,1.0,True,False,multimodal,psd-fc-wpli,gated,cnn,False,none
multimodal_psd-fc-wpli_gated_cnn,9,sub15,sub01;sub05;sub07;sub08;sub09;sub10;sub11;sub13;sub14;sub17;sub18;sub20;sub22;sub24;sub27;sub28;sub29,sub16,82,0.0007267719483934343,3.564531776956891e-18,0.002,1e-05,1.0,1.0,True,False,multimodal,psd-fc-wpli,gated,cnn,False,none
multimodal_psd-fc-wpli_gated_cnn,9,sub15,sub01;sub05;sub07;sub08;sub09;sub10;sub11;sub13;sub14;sub17;sub18;sub20;sub22;sub24;sub27;sub28;sub29,sub16,83,0.0006996091105975211,2.416164790765342e-18,0.002,1e-05,1.0,1.0,True,False,multimodal,psd-fc-wpli,gated,cnn,False,none
multimodal_psd-fc-wpli_gated_cnn,9,sub15,sub01;sub05;sub07;sub08;sub09;sub10;sub11;sub13;sub14;sub17;sub18;sub20;sub22;sub24;sub27;sub28;sub29,sub16,84,0.0006744452985003591,1.6525975726425157e-18,0.002,1e-05,1.0,1.0,True,False,multimodal,psd-fc-wpli,gated,cnn,False,none
multimodal_psd-fc-wpli_gated_cnn,9,sub15,sub01;sub05;sub07;sub08;sub09;sub10;sub11;sub13;sub14;sub17;sub18;sub20;sub22;sub24;sub27;sub28;sub29,sub16,85,0.0006510470993816853,1.1399665534807668e-18,0.002,1e-05,1.0,1.0,True,False,multimodal,psd-fc-wpli,gated,cnn,False,none
multimodal_psd-fc-wpli_gated_cnn,9,sub15,sub01;sub05;sub07;sub08;sub09;sub10;sub11;sub13;sub14;sub17;sub18;sub20;sub22;sub24;sub27;sub28;sub29,sub16,86,0.0006292662583291531,7.928614059260854e-19,0.002,1e-05,1.0,1.0,True,False,multimodal,psd-fc-wpli,gated,cnn,False,none
multimodal_psd-fc-wpli_gated_cnn,9,sub15,sub01;sub05;sub07;sub08;sub09;sub10;sub11;sub13;sub14;sub17;sub18;sub20;sub22;sub24;sub27;sub28;sub29,sub16,87,0.0006088912487030029,5.560184517477452e-19,0.002,1e-05,1.0,1.0,True,False,multimodal,psd-fc-wpli,gated,cnn,False,none
multimodal_psd-fc-wpli_gated_cnn,9,sub15,sub01;sub05;sub07;sub08;sub09;sub10;sub11;sub13;sub14;sub17;sub18;sub20;sub22;sub24;sub27;sub28;sub29,sub16,88,0.0005897830124013126,3.9268055040906284e-19,0.002,1e-05,1.0,1.0,True,False,multimodal,psd-fc-wpli,gated,cnn,False,none
multimodal_psd-fc-wpli_gated_cnn,9,sub15,sub01;sub05;sub07;sub08;sub09;sub10;sub11;sub13;sub14;sub17;sub18;sub20;sub22;sub24;sub27;sub28;sub29,sub16,89,0.0005718028987757862,2.7950365689742035e-19,0.002,1e-05,1.0,1.0,True,False,multimodal,psd-fc-wpli,gated,cnn,False,none
multimodal_psd-fc-wpli_gated_cnn,9,sub15,sub01;sub05;sub07;sub08;sub09;sub10;sub11;sub13;sub14;sub17;sub18;sub20;sub22;sub24;sub27;sub28;sub29,sub16,90,0.0005548610934056342,1.9929785948471477e-19,0.002,1e-05,1.0,1.0,True,False,multimodal,psd-fc-wpli,gated,cnn,False,none
multimodal_psd-fc-wpli_gated_cnn,9,sub15,sub01;sub05;sub07;sub08;sub09;sub10;sub11;sub13;sub14;sub17;sub18;sub20;sub22;sub24;sub27;sub28;sub29,sub16,91,0.0005388627178035676,1.4240732378424975e-19,0.002,1e-05,1.0,1.0,True,False,multimodal,psd-fc-wpli,gated,cnn,False,none
multimodal_psd-fc-wpli_gated_cnn,9,sub15,sub01;sub05;sub07;sub08;sub09;sub10;sub11;sub13;sub14;sub17;sub18;sub20;sub22;sub24;sub27;sub28;sub29,sub16,92,0.0005236964789219201,1.021574389604554e-19,0.002,1e-05,1.0,1.0,True,False,multimodal,psd-fc-wpli,gated,cnn,False,none
multimodal_psd-fc-wpli_gated_cnn,9,sub15,sub01;sub05;sub07;sub08;sub09;sub10;sub11;sub13;sub14;sub17;sub18;sub20;sub22;sub24;sub27;sub28;sub29,sub16,93,0.0005092704086564481,7.362308117331152e-20,0.002,1e-05,1.0,1.0,True,False,multimodal,psd-fc-wpli,gated,cnn,False,none
multimodal_psd-fc-wpli_gated_cnn,9,sub15,sub01;sub05;sub07;sub08;sub09;sub10;sub11;sub13;sub14;sub17;sub18;sub20;sub22;sub24;sub27;sub28;sub29,sub16,94,0.0004955006297677755,5.344809433435489e-20,0.002,1e-05,1.0,1.0,True,False,multimodal,psd-fc-wpli,gated,cnn,False,none
multimodal_psd-fc-wpli_gated_cnn,9,sub15,sub01;sub05;sub07;sub08;sub09;sub10;sub11;sub13;sub14;sub17;sub18;sub20;sub22;sub24;sub27;sub28;sub29,sub16,95,0.0004823366762138903,3.904294429954851e-20,0.002,1e-05,1.0,1.0,True,False,multimodal,psd-fc-wpli,gated,cnn,False,none
multimodal_psd-fc-wpli_gated_cnn,9,sub15,sub01;sub05;sub07;sub08;sub09;sub10;sub11;sub13;sub14;sub17;sub18;sub20;sub22;sub24;sub27;sub28;sub29,sub16,96,0.0004696957184933126,2.866452241134735e-20,0.002,1e-05,1.0,1.0,True,False,multimodal,psd-fc-wpli,gated,cnn,False,none
multimodal_psd-fc-wpli_gated_cnn,9,sub15,sub01;sub05;sub07;sub08;sub09;sub10;sub11;sub13;sub14;sub17;sub18;sub20;sub22;sub24;sub27;sub28;sub29,sub16,97,0.000457526562968269,2.1135411384790318e-20,0.002,1e-05,1.0,1.0,True,False,multimodal,psd-fc-wpli,gated,cnn,False,none
multimodal_psd-fc-wpli_gated_cnn,9,sub15,sub01;sub05;sub07;sub08;sub09;sub10;sub11;sub13;sub14;sub17;sub18;sub20;sub22;sub24;sub27;sub28;sub29,sub16,98,0.00044572935439646244,1.5618197478418318e-20,0.002,1e-05,1.0,1.0,True,False,multimodal,psd-fc-wpli,gated,cnn,False,none
multimodal_psd-fc-wpli_gated_cnn,9,sub15,sub01;sub05;sub07;sub08;sub09;sub10;sub11;sub13;sub14;sub17;sub18;sub20;sub22;sub24;sub27;sub28;sub29,sub16,99,0.00043439114233478904,1.1539047568286127e-20,0.002,1e-05,1.0,1.0,True,False,multimodal,psd-fc-wpli,gated,cnn,False,none
multimodal_psd-fc-wpli_gated_cnn,9,sub15,sub01;sub05;sub07;sub08;sub09;sub10;sub11;sub13;sub14;sub17;sub18;sub20;sub22;sub24;sub27;sub28;sub29,sub16,100,0.00042324914829805493,8.503557253125773e-21,0.002,1e-05,1.0,1.0,True,False,multimodal,psd-fc-wpli,gated,cnn,False,none
multimodal_psd-fc-wpli_gated_cnn,10,sub16,sub01;sub05;sub07;sub08;sub09;sub10;sub11;sub13;sub14;sub15;sub18;sub20;sub22;sub24;sub27;sub28;sub29,sub17,1,0.6956541538238525,0.6885701417922974,0.002,1e-05,1.0,1.0,True,False,multimodal,psd-fc-wpli,gated,cnn,False,none
multimodal_psd-fc-wpli_gated_cnn,10,sub16,sub01;sub05;sub07;sub08;sub09;sub10;sub11;sub13;sub14;sub15;sub18;sub20;sub22;sub24;sub27;sub28;sub29,sub17,2,0.6889302730560303,0.6820560693740845,0.002,1e-05,1.0,1.0,True,False,multimodal,psd-fc-wpli,gated,cnn,False,none
multimodal_psd-fc-wpli_gated_cnn,10,sub16,sub01;sub05;sub07;sub08;sub09;sub10;sub11;sub13;sub14;sub15;sub18;sub20;sub22;sub24;sub27;sub28;sub29,sub17,3,0.6835771203041077,0.6740663051605225,0.002,1e-05,1.0,1.0,True,False,multimodal,psd-fc-wpli,gated,cnn,False,none
multimodal_psd-fc-wpli_gated_cnn,10,sub16,sub01;sub05;sub07;sub08;sub09;sub10;sub11;sub13;sub14;sub15;sub18;sub20;sub22;sub24;sub27;sub28;sub29,sub17,4,0.6783502101898193,0.6660796403884888,0.002,1e-05,1.0,1.0,True,False,multimodal,psd-fc-wpli,gated,cnn,False,none
multimodal_psd-fc-wpli_gated_cnn,10,sub16,sub01;sub05;sub07;sub08;sub09;sub10;sub11;sub13;sub14;sub15;sub18;sub20;sub22;sub24;sub27;sub28;sub29,sub17,5,0.6728106737136841,0.6586949825286865,0.002,1e-05,1.0,1.0,True,False,multimodal,psd-fc-wpli,gated,cnn,False,none
multimodal_psd-fc-wpli_gated_cnn,10,sub16,sub01;sub05;sub07;sub08;sub09;sub10;sub11;sub13;sub14;sub15;sub18;sub20;sub22;sub24;sub27;sub28;sub29,sub17,6,0.6672142744064331,0.652263879776001,0.002,1e-05,1.0,1.0,True,False,multimodal,psd-fc-wpli,gated,cnn,False,none
multimodal_psd-fc-wpli_gated_cnn,10,sub16,sub01;sub05;sub07;sub08;sub09;sub10;sub11;sub13;sub14;sub15;sub18;sub20;sub22;sub24;sub27;sub28;sub29,sub17,7,0.6611226201057434,0.6483145952224731,0.002,1e-05,1.0,1.0,True,False,multimodal,psd-fc-wpli,gated,cnn,False,none
multimodal_psd-fc-wpli_gated_cnn,10,sub16,sub01;sub05;sub07;sub08;sub09;sub10;sub11;sub13;sub14;sub15;sub18;sub20;sub22;sub24;sub27;sub28;sub29,sub17,8,0.6541481018066406,0.6478409767150879,0.002,1e-05,1.0,1.0,True,False,multimodal,psd-fc-wpli,gated,cnn,False,none
multimodal_psd-fc-wpli_gated_cnn,10,sub16,sub01;sub05;sub07;sub08;sub09;sub10;sub11;sub13;sub14;sub15;sub18;sub20;sub22;sub24;sub27;sub28;sub29,sub17,9,0.6465124487876892,0.6480464935302734,0.002,1e-05,1.0,1.0,False,False,multimodal,psd-fc-wpli,gated,cnn,False,none
multimodal_psd-fc-wpli_gated_cnn,10,sub16,sub01;sub05;sub07;sub08;sub09;sub10;sub11;sub13;sub14;sub15;sub18;sub20;sub22;sub24;sub27;sub28;sub29,sub17,10,0.6379837989807129,0.6494596004486084,0.002,1e-05,1.0,1.0,False,False,multimodal,psd-fc-wpli,gated,cnn,False,none
multimodal_psd-fc-wpli_gated_cnn,10,sub16,sub01;sub05;sub07;sub08;sub09;sub10;sub11;sub13;sub14;sub15;sub18;sub20;sub22;sub24;sub27;sub28;sub29,sub17,11,0.6285083889961243,0.6507652401924133,0.002,1e-05,1.0,1.0,False,False,multimodal,psd-fc-wpli,gated,cnn,False,none
multimodal_psd-fc-wpli_gated_cnn,10,sub16,sub01;sub05;sub07;sub08;sub09;sub10;sub11;sub13;sub14;sub15;sub18;sub20;sub22;sub24;sub27;sub28;sub29,sub17,12,0.6183772683143616,0.6488324403762817,0.002,1e-05,1.0,1.0,False,False,multimodal,psd-fc-wpli,gated,cnn,False,none
multimodal_psd-fc-wpli_gated_cnn,10,sub16,sub01;sub05;sub07;sub08;sub09;sub10;sub11;sub13;sub14;sub15;sub18;sub20;sub22;sub24;sub27;sub28;sub29,sub17,13,0.6074348092079163,0.6421580910682678,0.002,1e-05,1.0,1.0,True,False,multimodal,psd-fc-wpli,gated,cnn,False,none
multimodal_psd-fc-wpli_gated_cnn,10,sub16,sub01;sub05;sub07;sub08;sub09;sub10;sub11;sub13;sub14;sub15;sub18;sub20;sub22;sub24;sub27;sub28;sub29,sub17,14,0.5954395532608032,0.6307756304740906,0.002,1e-05,1.0,1.0,True,False,multimodal,psd-fc-wpli,gated,cnn,False,none
multimodal_psd-fc-wpli_gated_cnn,10,sub16,sub01;sub05;sub07;sub08;sub09;sub10;sub11;sub13;sub14;sub15;sub18;sub20;sub22;sub24;sub27;sub28;sub29,sub17,15,0.582205593585968,0.6149030923843384,0.002,1e-05,1.0,1.0,True,False,multimodal,psd-fc-wpli,gated,cnn,False,none
multimodal_psd-fc-wpli_gated_cnn,10,sub16,sub01;sub05;sub07;sub08;sub09;sub10;sub11;sub13;sub14;sub15;sub18;sub20;sub22;sub24;sub27;sub28;sub29,sub17,16,0.567664384841919,0.5954607129096985,0.002,1e-05,1.0,1.0,True,False,multimodal,psd-fc-wpli,gated,cnn,False,none
multimodal_psd-fc-wpli_gated_cnn,10,sub16,sub01;sub05;sub07;sub08;sub09;sub10;sub11;sub13;sub14;sub15;sub18;sub20;sub22;sub24;sub27;sub28;sub29,sub17,17,0.5518319010734558,0.5748565196990967,0.002,1e-05,1.0,1.0,True,False,multimodal,psd-fc-wpli,gated,cnn,False,none
multimodal_psd-fc-wpli_gated_cnn,10,sub16,sub01;sub05;sub07;sub08;sub09;sub10;sub11;sub13;sub14;sub15;sub18;sub20;sub22;sub24;sub27;sub28;sub29,sub17,18,0.5347104668617249,0.5547161102294922,0.002,1e-05,1.0,1.0,True,False,multimodal,psd-fc-wpli,gated,cnn,False,none
multimodal_psd-fc-wpli_gated_cnn,10,sub16,sub01;sub05;sub07;sub08;sub09;sub10;sub11;sub13;sub14;sub15;sub18;sub20;sub22;sub24;sub27;sub28;sub29,sub17,19,0.5164433121681213,0.5359903573989868,0.002,1e-05,1.0,1.0,True,False,multimodal,psd-fc-wpli,gated,cnn,False,none
multimodal_psd-fc-wpli_gated_cnn,10,sub16,sub01;sub05;sub07;sub08;sub09;sub10;sub11;sub13;sub14;sub15;sub18;sub20;sub22;sub24;sub27;sub28;sub29,sub17,20,0.49690482020378113,0.517950177192688,0.002,1e-05,1.0,1.0,True,False,multimodal,psd-fc-wpli,gated,cnn,False,none
multimodal_psd-fc-wpli_gated_cnn,10,sub16,sub01;sub05;sub07;sub08;sub09;sub10;sub11;sub13;sub14;sub15;sub18;sub20;sub22;sub24;sub27;sub28;sub29,sub17,21,0.4760339558124542,0.5010911822319031,0.002,1e-05,1.0,1.0,True,False,multimodal,psd-fc-wpli,gated,cnn,False,none
multimodal_psd-fc-wpli_gated_cnn,10,sub16,sub01;sub05;sub07;sub08;sub09;sub10;sub11;sub13;sub14;sub15;sub18;sub20;sub22;sub24;sub27;sub28;sub29,sub17,22,0.45391660928726196,0.4841841459274292,0.002,1e-05,1.0,1.0,True,False,multimodal,psd-fc-wpli,gated,cnn,False,none
multimodal_psd-fc-wpli_gated_cnn,10,sub16,sub01;sub05;sub07;sub08;sub09;sub10;sub11;sub13;sub14;sub15;sub18;sub20;sub22;sub24;sub27;sub28;sub29,sub17,23,0.4302825331687927,0.4667973518371582,0.002,1e-05,1.0,1.0,True,False,multimodal,psd-fc-wpli,gated,cnn,False,none
multimodal_psd-fc-wpli_gated_cnn,10,sub16,sub01;sub05;sub07;sub08;sub09;sub10;sub11;sub13;sub14;sub15;sub18;sub20;sub22;sub24;sub27;sub28;sub29,sub17,24,0.40553364157676697,0.44780316948890686,0.002,1e-05,1.0,1.0,True,False,multimodal,psd-fc-wpli,gated,cnn,False,none
multimodal_psd-fc-wpli_gated_cnn,10,sub16,sub01;sub05;sub07;sub08;sub09;sub10;sub11;sub13;sub14;sub15;sub18;sub20;sub22;sub24;sub27;sub28;sub29,sub17,25,0.37999168038368225,0.42984750866889954,0.002,1e-05,1.0,1.0,True,False,multimodal,psd-fc-wpli,gated,cnn,False,none
multimodal_psd-fc-wpli_gated_cnn,10,sub16,sub01;sub05;sub07;sub08;sub09;sub10;sub11;sub13;sub14;sub15;sub18;sub20;sub22;sub24;sub27;sub28;sub29,sub17,26,0.3535865247249603,0.4131808280944824,0.002,1e-05,1.0,1.0,True,False,multimodal,psd-fc-wpli,gated,cnn,False,none
multimodal_psd-fc-wpli_gated_cnn,10,sub16,sub01;sub05;sub07;sub08;sub09;sub10;sub11;sub13;sub14;sub15;sub18;sub20;sub22;sub24;sub27;sub28;sub29,sub17,27,0.3267967998981476,0.3972787857055664,0.002,1e-05,1.0,1.0,True,False,multimodal,psd-fc-wpli,gated,cnn,False,none
multimodal_psd-fc-wpli_gated_cnn,10,sub16,sub01;sub05;sub07;sub08;sub09;sub10;sub11;sub13;sub14;sub15;sub18;sub20;sub22;sub24;sub27;sub28;sub29,sub17,28,0.2995665371417999,0.3824741542339325,0.002,1e-05,1.0,1.0,True,False,multimodal,psd-fc-wpli,gated,cnn,False,none
multimodal_psd-fc-wpli_gated_cnn,10,sub16,sub01;sub05;sub07;sub08;sub09;sub10;sub11;sub13;sub14;sub15;sub18;sub20;sub22;sub24;sub27;sub28;sub29,sub17,29,0.27224260568618774,0.36427122354507446,0.002,1e-05,1.0,1.0,True,False,multimodal,psd-fc-wpli,gated,cnn,False,none
multimodal_psd-fc-wpli_gated_cnn,10,sub16,sub01;sub05;sub07;sub08;sub09;sub10;sub11;sub13;sub14;sub15;sub18;sub20;sub22;sub24;sub27;sub28;sub29,sub17,30,0.24539148807525635,0.34030860662460327,0.002,1e-05,1.0,1.0,True,False,multimodal,psd-fc-wpli,gated,cnn,False,none
multimodal_psd-fc-wpli_gated_cnn,10,sub16,sub01;sub05;sub07;sub08;sub09;sub10;sub11;sub13;sub14;sub15;sub18;sub20;sub22;sub24;sub27;sub28;sub29,sub17,31,0.21946987509727478,0.3119312822818756,0.002,1e-05,1.0,1.0,True,False,multimodal,psd-fc-wpli,gated,cnn,False,none
multimodal_psd-fc-wpli_gated_cnn,10,sub16,sub01;sub05;sub07;sub08;sub09;sub10;sub11;sub13;sub14;sub15;sub18;sub20;sub22;sub24;sub27;sub28;sub29,sub17,32,0.19482272863388062,0.2785692512989044,0.002,1e-05,1.0,1.0,True,False,multimodal,psd-fc-wpli,gated,cnn,False,none
multimodal_psd-fc-wpli_gated_cnn,10,sub16,sub01;sub05;sub07;sub08;sub09;sub10;sub11;sub13;sub14;sub15;sub18;sub20;sub22;sub24;sub27;sub28;sub29,sub17,33,0.17148183286190033,0.24025830626487732,0.002,1e-05,1.0,1.0,True,False,multimodal,psd-fc-wpli,gated,cnn,False,none
multimodal_psd-fc-wpli_gated_cnn,10,sub16,sub01;sub05;sub07;sub08;sub09;sub10;sub11;sub13;sub14;sub15;sub18;sub20;sub22;sub24;sub27;sub28;sub29,sub17,34,0.14944228529930115,0.2013971358537674,0.002,1e-05,1.0,1.0,True,False,multimodal,psd-fc-wpli,gated,cnn,False,none
multimodal_psd-fc-wpli_gated_cnn,10,sub16,sub01;sub05;sub07;sub08;sub09;sub10;sub11;sub13;sub14;sub15;sub18;sub20;sub22;sub24;sub27;sub28;sub29,sub17,35,0.1290113478899002,0.1665761023759842,0.002,1e-05,1.0,1.0,True,False,multimodal,psd-fc-wpli,gated,cnn,False,none
multimodal_psd-fc-wpli_gated_cnn,10,sub16,sub01;sub05;sub07;sub08;sub09;sub10;sub11;sub13;sub14;sub15;sub18;sub20;sub22;sub24;sub27;sub28;sub29,sub17,36,0.11046183854341507,0.13917648792266846,0.002,1e-05,1.0,1.0,True,False,multimodal,psd-fc-wpli,gated,cnn,False,none
multimodal_psd-fc-wpli_gated_cnn,10,sub16,sub01;sub05;sub07;sub08;sub09;sub10;sub11;sub13;sub14;sub15;sub18;sub20;sub22;sub24;sub27;sub28;sub29,sub17,37,0.09404584020376205,0.11856485903263092,0.002,1e-05,1.0,1.0,True,False,multimodal,psd-fc-wpli,gated,cnn,False,none
multimodal_psd-fc-wpli_gated_cnn,10,sub16,sub01;sub05;sub07;sub08;sub09;sub10;sub11;sub13;sub14;sub15;sub18;sub20;sub22;sub24;sub27;sub28;sub29,sub17,38,0.07948338240385056,0.10348197817802429,0.002,1e-05,1.0,1.0,True,False,multimodal,psd-fc-wpli,gated,cnn,False,none
multimodal_psd-fc-wpli_gated_cnn,10,sub16,sub01;sub05;sub07;sub08;sub09;sub10;sub11;sub13;sub14;sub15;sub18;sub20;sub22;sub24;sub27;sub28;sub29,sub17,39,0.0668434351682663,0.09242375195026398,0.002,1e-05,1.0,1.0,True,False,multimodal,psd-fc-wpli,gated,cnn,False,none
multimodal_psd-fc-wpli_gated_cnn,10,sub16,sub01;sub05;sub07;sub08;sub09;sub10;sub11;sub13;sub14;sub15;sub18;sub20;sub22;sub24;sub27;sub28;sub29,sub17,40,0.055962007492780685,0.0841713398694992,0.002,1e-05,1.0,1.0,True,False,multimodal,psd-fc-wpli,gated,cnn,False,none
multimodal_psd-fc-wpli_gated_cnn,10,sub16,sub01;sub05;sub07;sub08;sub09;sub10;sub11;sub13;sub14;sub15;sub18;sub20;sub22;sub24;sub27;sub28;sub29,sub17,41,0.04664686694741249,0.07841778546571732,0.002,1e-05,1.0,1.0,True,False,multimodal,psd-fc-wpli,gated,cnn,False,none
multimodal_psd-fc-wpli_gated_cnn,10,sub16,sub01;sub05;sub07;sub08;sub09;sub10;sub11;sub13;sub14;sub15;sub18;sub20;sub22;sub24;sub27;sub28;sub29,sub17,42,0.03883335366845131,0.07400652021169662,0.002,1e-05,1.0,1.0,True,False,multimodal,psd-fc-wpli,gated,cnn,False,none
multimodal_psd-fc-wpli_gated_cnn,10,sub16,sub01;sub05;sub07;sub08;sub09;sub10;sub11;sub13;sub14;sub15;sub18;sub20;sub22;sub24;sub27;sub28;sub29,sub17,43,0.032210737466812134,0.06954900175333023,0.002,1e-05,1.0,1.0,True,False,multimodal,psd-fc-wpli,gated,cnn,False,none
multimodal_psd-fc-wpli_gated_cnn,10,sub16,sub01;sub05;sub07;sub08;sub09;sub10;sub11;sub13;sub14;sub15;sub18;sub20;sub22;sub24;sub27;sub28;sub29,sub17,44,0.026687227189540863,0.06467560678720474,0.002,1e-05,1.0,1.0,True,False,multimodal,psd-fc-wpli,gated,cnn,False,none
multimodal_psd-fc-wpli_gated_cnn,10,sub16,sub01;sub05;sub07;sub08;sub09;sub10;sub11;sub13;sub14;sub15;sub18;sub20;sub22;sub24;sub27;sub28;sub29,sub17,45,0.02212635986506939,0.059629376977682114,0.002,1e-05,1.0,1.0,True,False,multimodal,psd-fc-wpli,gated,cnn,False,none
multimodal_psd-fc-wpli_gated_cnn,10,sub16,sub01;sub05;sub07;sub08;sub09;sub10;sub11;sub13;sub14;sub15;sub18;sub20;sub22;sub24;sub27;sub28;sub29,sub17,46,0.01835150644183159,0.05479710176587105,0.002,1e-05,1.0,1.0,True,False,multimodal,psd-fc-wpli,gated,cnn,False,none
multimodal_psd-fc-wpli_gated_cnn,10,sub16,sub01;sub05;sub07;sub08;sub09;sub10;sub11;sub13;sub14;sub15;sub18;sub20;sub22;sub24;sub27;sub28;sub29,sub17,47,0.01527329720556736,0.05020269751548767,0.002,1e-05,1.0,1.0,True,False,multimodal,psd-fc-wpli,gated,cnn,False,none
multimodal_psd-fc-wpli_gated_cnn,10,sub16,sub01;sub05;sub07;sub08;sub09;sub10;sub11;sub13;sub14;sub15;sub18;sub20;sub22;sub24;sub27;sub28;sub29,sub17,48,0.012761097401380539,0.045882195234298706,0.002,1e-05,1.0,1.0,True,False,multimodal,psd-fc-wpli,gated,cnn,False,none
multimodal_psd-fc-wpli_gated_cnn,10,sub16,sub01;sub05;sub07;sub08;sub09;sub10;sub11;sub13;sub14;sub15;sub18;sub20;sub22;sub24;sub27;sub28;sub29,sub17,49,0.010710298083722591,0.0418725423514843,0.002,1e-05,1.0,1.0,True,False,multimodal,psd-fc-wpli,gated,cnn,False,none
multimodal_psd-fc-wpli_gated_cnn,10,sub16,sub01;sub05;sub07;sub08;sub09;sub10;sub11;sub13;sub14;sub15;sub18;sub20;sub22;sub24;sub27;sub28;sub29,sub17,50,0.009030320681631565,0.038072191178798676,0.002,1e-05,1.0,1.0,True,False,multimodal,psd-fc-wpli,gated,cnn,False,none
multimodal_psd-fc-wpli_gated_cnn,10,sub16,sub01;sub05;sub07;sub08;sub09;sub10;sub11;sub13;sub14;sub15;sub18;sub20;sub22;sub24;sub27;sub28;sub29,sub17,51,0.007650447078049183,0.034459758549928665,0.002,1e-05,1.0,1.0,True,False,multimodal,psd-fc-wpli,gated,cnn,False,none
multimodal_psd-fc-wpli_gated_cnn,10,sub16,sub01;sub05;sub07;sub08;sub09;sub10;sub11;sub13;sub14;sub15;sub18;sub20;sub22;sub24;sub27;sub28;sub29,sub17,52,0.0065137059427797794,0.031014515087008476,0.002,1e-05,1.0,1.0,True,False,multimodal,psd-fc-wpli,gated,cnn,False,none
multimodal_psd-fc-wpli_gated_cnn,10,sub16,sub01;sub05;sub07;sub08;sub09;sub10;sub11;sub13;sub14;sub15;sub18;sub20;sub22;sub24;sub27;sub28;sub29,sub17,53,0.005578954238444567,0.027758805081248283,0.002,1e-05,1.0,1.0,True,False,multimodal,psd-fc-wpli,gated,cnn,False,none
multimodal_psd-fc-wpli_gated_cnn,10,sub16,sub01;sub05;sub07;sub08;sub09;sub10;sub11;sub13;sub14;sub15;sub18;sub20;sub22;sub24;sub27;sub28;sub29,sub17,54,0.0048079947009682655,0.024750996381044388,0.002,1e-05,1.0,1.0,True,False,multimodal,psd-fc-wpli,gated,cnn,False,none
multimodal_psd-fc-wpli_gated_cnn,10,sub16,sub01;sub05;sub07;sub08;sub09;sub10;sub11;sub13;sub14;sub15;sub18;sub20;sub22;sub24;sub27;sub28;sub29,sub17,55,0.004169005434960127,0.022023746743798256,0.002,1e-05,1.0,1.0,True,False,multimodal,psd-fc-wpli,gated,cnn,False,none
multimodal_psd-fc-wpli_gated_cnn,10,sub16,sub01;sub05;sub07;sub08;sub09;sub10;sub11;sub13;sub14;sub15;sub18;sub20;sub22;sub24;sub27;sub28;sub29,sub17,56,0.003636905224993825,0.01961374841630459,0.002,1e-05,1.0,1.0,True,False,multimodal,psd-fc-wpli,gated,cnn,False,none
multimodal_psd-fc-wpli_gated_cnn,10,sub16,sub01;sub05;sub07;sub08;sub09;sub10;sub11;sub13;sub14;sub15;sub18;sub20;sub22;sub24;sub27;sub28;sub29,sub17,57,0.0031922722700983286,0.017494529485702515,0.002,1e-05,1.0,1.0,True,False,multimodal,psd-fc-wpli,gated,cnn,False,none
multimodal_psd-fc-wpli_gated_cnn,10,sub16,sub01;sub05;sub07;sub08;sub09;sub10;sub11;sub13;sub14;sub15;sub18;sub20;sub22;sub24;sub27;sub28;sub29,sub17,58,0.0028195178601890802,0.015656262636184692,0.002,1e-05,1.0,1.0,True,False,multimodal,psd-fc-wpli,gated,cnn,False,none
multimodal_psd-fc-wpli_gated_cnn,10,sub16,sub01;sub05;sub07;sub08;sub09;sub10;sub11;sub13;sub14;sub15;sub18;sub20;sub22;sub24;sub27;sub28;sub29,sub17,59,0.002505667507648468,0.014098076149821281,0.002,1e-05,1.0,1.0,True,False,multimodal,psd-fc-wpli,gated,cnn,False,none
multimodal_psd-fc-wpli_gated_cnn,10,sub16,sub01;sub05;sub07;sub08;sub09;sub10;sub11;sub13;sub14;sub15;sub18;sub20;sub22;sub24;sub27;sub28;sub29,sub17,60,0.002240841742604971,0.012736199423670769,0.002,1e-05,1.0,1.0,True,False,multimodal,psd-fc-wpli,gated,cnn,False,none
multimodal_psd-fc-wpli_gated_cnn,10,sub16,sub01;sub05;sub07;sub08;sub09;sub10;sub11;sub13;sub14;sub15;sub18;sub20;sub22;sub24;sub27;sub28;sub29,sub17,61,0.002016029553487897,0.011534920893609524,0.002,1e-05,1.0,1.0,True,False,multimodal,psd-fc-wpli,gated,cnn,False,none
multimodal_psd-fc-wpli_gated_cnn,10,sub16,sub01;sub05;sub07;sub08;sub09;sub10;sub11;sub13;sub14;sub15;sub18;sub20;sub22;sub24;sub27;sub28;sub29,sub17,62,0.0018244130769744515,0.010467404499650002,0.002,1e-05,1.0,1.0,True,False,multimodal,psd-fc-wpli,gated,cnn,False,none
multimodal_psd-fc-wpli_gated_cnn,10,sub16,sub01;sub05;sub07;sub08;sub09;sub10;sub11;sub13;sub14;sub15;sub18;sub20;sub22;sub24;sub27;sub28;sub29,sub17,63,0.0016602431423962116,0.009514208883047104,0.002,1e-05,1.0,1.0,True,False,multimodal,psd-fc-wpli,gated,cnn,False,none
multimodal_psd-fc-wpli_gated_cnn,10,sub16,sub01;sub05;sub07;sub08;sub09;sub10;sub11;sub13;sub14;sub15;sub18;sub20;sub22;sub24;sub27;sub28;sub29,sub17,64,0.0015186603413894773,0.008661539293825626,0.002,1e-05,1.0,1.0,True,False,multimodal,psd-fc-wpli,gated,cnn,False,none
multimodal_psd-fc-wpli_gated_cnn,10,sub16,sub01;sub05;sub07;sub08;sub09;sub10;sub11;sub13;sub14;sub15;sub18;sub20;sub22;sub24;sub27;sub28;sub29,sub17,65,0.0013961851364001632,0.007900550030171871,0.002,1e-05,1.0,1.0,True,False,multimodal,psd-fc-wpli,gated,cnn,False,none
multimodal_psd-fc-wpli_gated_cnn,10,sub16,sub01;sub05;sub07;sub08;sub09;sub10;sub11;sub13;sub14;sub15;sub18;sub20;sub22;sub24;sub27;sub28;sub29,sub17,66,0.0012895527761429548,0.007215181365609169,0.002,1e-05,1.0,1.0,True,False,multimodal,psd-fc-wpli,gated,cnn,False,none
multimodal_psd-fc-wpli_gated_cnn,10,sub16,sub01;sub05;sub07;sub08;sub09;sub10;sub11;sub13;sub14;sub15;sub18;sub20;sub22;sub24;sub27;sub28;sub29,sub17,67,0.0011964078294113278,0.006602758541703224,0.002,1e-05,1.0,1.0,True,False,multimodal,psd-fc-wpli,gated,cnn,False,none
multimodal_psd-fc-wpli_gated_cnn,10,sub16,sub01;sub05;sub07;sub08;sub09;sub10;sub11;sub13;sub14;sub15;sub18;sub20;sub22;sub24;sub27;sub28;sub29,sub17,68,0.0011144819436594844,0.006061889696866274,0.002,1e-05,1.0,1.0,True,False,multimodal,psd-fc-wpli,gated,cnn,False,none
multimodal_psd-fc-wpli_gated_cnn,10,sub16,sub01;sub05;sub07;sub08;sub09;sub10;sub11;sub13;sub14;sub15;sub18;sub20;sub22;sub24;sub27;sub28;sub29,sub17,69,0.0010423032799735665,0.005587182939052582,0.002,1e-05,1.0,1.0,True,False,multimodal,psd-fc-wpli,gated,cnn,False,none
multimodal_psd-fc-wpli_gated_cnn,10,sub16,sub01;sub05;sub07;sub08;sub09;sub10;sub11;sub13;sub14;sub15;sub18;sub20;sub22;sub24;sub27;sub28;sub29,sub17,70,0.0009784913854673505,0.005170636810362339,0.002,1e-05,1.0,1.0,True,False,multimodal,psd-fc-wpli,gated,cnn,False,none
multimodal_psd-fc-wpli_gated_cnn,10,sub16,sub01;sub05;sub07;sub08;sub09;sub10;sub11;sub13;sub14;sub15;sub18;sub20;sub22;sub24;sub27;sub28;sub29,sub17,71,0.000921880709938705,0.0048052300699055195,0.002,1e-05,1.0,1.0,True,False,multimodal,psd-fc-wpli,gated,cnn,False,none
multimodal_psd-fc-wpli_gated_cnn,10,sub16,sub01;sub05;sub07;sub08;sub09;sub10;sub11;sub13;sub14;sub15;sub18;sub20;sub22;sub24;sub27;sub28;sub29,sub17,72,0.0008715149015188217,0.0044861179776489735,0.002,1e-05,1.0,1.0,True,False,multimodal,psd-fc-wpli,gated,cnn,False,none
multimodal_psd-fc-wpli_gated_cnn,10,sub16,sub01;sub05;sub07;sub08;sub09;sub10;sub11;sub13;sub14;sub15;sub18;sub20;sub22;sub24;sub27;sub28;sub29,sub17,73,0.0008264943608082831,0.004208407364785671,0.002,1e-05,1.0,1.0,True,False,multimodal,psd-fc-wpli,gated,cnn,False,none
multimodal_psd-fc-wpli_gated_cnn,10,sub16,sub01;sub05;sub07;sub08;sub09;sub10;sub11;sub13;sub14;sub15;sub18;sub20;sub22;sub24;sub27;sub28;sub29,sub17,74,0.0007860840996727347,0.003969550598412752,0.002,1e-05,1.0,1.0,True,False,multimodal,psd-fc-wpli,gated,cnn,False,none
multimodal_psd-fc-wpli_gated_cnn,10,sub16,sub01;sub05;sub07;sub08;sub09;sub10;sub11;sub13;sub14;sub15;sub18;sub20;sub22;sub24;sub27;sub28;sub29,sub17,75,0.0007497455226257443,0.0037649127189069986,0.002,1e-05,1.0,1.0,True,False,multimodal,psd-fc-wpli,gated,cnn,False,none
multimodal_psd-fc-wpli_gated_cnn,10,sub16,sub01;sub05;sub07;sub08;sub09;sub10;sub11;sub13;sub14;sub15;sub18;sub20;sub22;sub24;sub27;sub28;sub29,sub17,76,0.0007169616292230785,0.003595071379095316,0.002,1e-05,1.0,1.0,True,False,multimodal,psd-fc-wpli,gated,cnn,False,none
multimodal_psd-fc-wpli_gated_cnn,10,sub16,sub01;sub05;sub07;sub08;sub09;sub10;sub11;sub13;sub14;sub15;sub18;sub20;sub22;sub24;sub27;sub28;sub29,sub17,77,0.0006873896927572787,0.00345432641915977,0.002,1e-05,1.0,1.0,True,False,multimodal,psd-fc-wpli,gated,cnn,False,none
multimodal_psd-fc-wpli_gated_cnn,10,sub16,sub01;sub05;sub07;sub08;sub09;sub10;sub11;sub13;sub14;sub15;sub18;sub20;sub22;sub24;sub27;sub28;sub29,sub17,78,0.0006605911185033619,0.003337642177939415,0.002,1e-05,1.0,1.0,True,False,multimodal,psd-fc-wpli,gated,cnn,False,none
multimodal_psd-fc-wpli_gated_cnn,10,sub16,sub01;sub05;sub07;sub08;sub09;sub10;sub11;sub13;sub14;sub15;sub18;sub20;sub22;sub24;sub27;sub28;sub29,sub17,79,0.0006361223640851676,0.0032392696011811495,0.002,1e-05,1.0,1.0,True,False,multimodal,psd-fc-wpli,gated,cnn,False,none
multimodal_psd-fc-wpli_gated_cnn,10,sub16,sub01;sub05;sub07;sub08;sub09;sub10;sub11;sub13;sub14;sub15;sub18;sub20;sub22;sub24;sub27;sub28;sub29,sub17,80,0.0006137286545708776,0.003155615646392107,0.002,1e-05,1.0,1.0,True,False,multimodal,psd-fc-wpli,gated,cnn,False,none
multimodal_psd-fc-wpli_gated_cnn,10,sub16,sub01;sub05;sub07;sub08;sub09;sub10;sub11;sub13;sub14;sub15;sub18;sub20;sub22;sub24;sub27;sub28;sub29,sub17,81,0.0005931355408392847,0.003082072827965021,0.002,1e-05,1.0,1.0,True,False,multimodal,psd-fc-wpli,gated,cnn,False,none
multimodal_psd-fc-wpli_gated_cnn,10,sub16,sub01;sub05;sub07;sub08;sub09;sub10;sub11;sub13;sub14;sub15;sub18;sub20;sub22;sub24;sub27;sub28;sub29,sub17,82,0.0005741647910326719,0.003016427159309387,0.002,1e-05,1.0,1.0,True,False,multimodal,psd-fc-wpli,gated,cnn,False,none
multimodal_psd-fc-wpli_gated_cnn,10,sub16,sub01;sub05;sub07;sub08;sub09;sub10;sub11;sub13;sub14;sub15;sub18;sub20;sub22;sub24;sub27;sub28;sub29,sub17,83,0.0005566737381741405,0.0029570029582828283,0.002,1e-05,1.0,1.0,True,False,multimodal,psd-fc-wpli,gated,cnn,False,none
multimodal_psd-fc-wpli_gated_cnn,10,sub16,sub01;sub05;sub07;sub08;sub09;sub10;sub11;sub13;sub14;sub15;sub18;sub20;sub22;sub24;sub27;sub28;sub29,sub17,84,0.0005404423573054373,0.0029027231503278017,0.002,1e-05,1.0,1.0,True,False,multimodal,psd-fc-wpli,gated,cnn,False,none
multimodal_psd-fc-wpli_gated_cnn,10,sub16,sub01;sub05;sub07;sub08;sub09;sub10;sub11;sub13;sub14;sub15;sub18;sub20;sub22;sub24;sub27;sub28;sub29,sub17,85,0.0005253778072074056,0.0028517339378595352,0.002,1e-05,1.0,1.0,True,False,multimodal,psd-fc-wpli,gated,cnn,False,none
multimodal_psd-fc-wpli_gated_cnn,10,sub16,sub01;sub05;sub07;sub08;sub09;sub10;sub11;sub13;sub14;sub15;sub18;sub20;sub22;sub24;sub27;sub28;sub29,sub17,86,0.0005113642546348274,0.0028037955053150654,0.002,1e-05,1.0,1.0,True,False,multimodal,psd-fc-wpli,gated,cnn,False,none
multimodal_psd-fc-wpli_gated_cnn,10,sub16,sub01;sub05;sub07;sub08;sub09;sub10;sub11;sub13;sub14;sub15;sub18;sub20;sub22;sub24;sub27;sub28;sub29,sub17,87,0.0004982694517821074,0.0027582503389567137,0.002,1e-05,1.0,1.0,True,False,multimodal,psd-fc-wpli,gated,cnn,False,none
multimodal_psd-fc-wpli_gated_cnn,10,sub16,sub01;sub05;sub07;sub08;sub09;sub10;sub11;sub13;sub14;sub15;sub18;sub20;sub22;sub24;sub27;sub28;sub29,sub17,88,0.000486016710055992,0.0027148588560521603,0.002,1e-05,1.0,1.0,True,False,multimodal,psd-fc-wpli,gated,cnn,False,none
multimodal_psd-fc-wpli_gated_cnn,10,sub16,sub01;sub05;sub07;sub08;sub09;sub10;sub11;sub13;sub14;sub15;sub18;sub20;sub22;sub24;sub27;sub28;sub29,sub17,89,0.00047453996376134455,0.002673620590940118,0.002,1e-05,1.0,1.0,True,False,multimodal,psd-fc-wpli,gated,cnn,False,none
multimodal_psd-fc-wpli_gated_cnn,10,sub16,sub01;sub05;sub07;sub08;sub09;sub10;sub11;sub13;sub14;sub15;sub18;sub20;sub22;sub24;sub27;sub28;sub29,sub17,90,0.0004637423262465745,0.002634654985740781,0.002,1e-05,1.0,1.0,True,False,multimodal,psd-fc-wpli,gated,cnn,False,none
multimodal_psd-fc-wpli_gated_cnn,10,sub16,sub01;sub05;sub07;sub08;sub09;sub10;sub11;sub13;sub14;sub15;sub18;sub20;sub22;sub24;sub27;sub28;sub29,sub17,91,0.0004536014166660607,0.002597065642476082,0.002,1e-05,1.0,1.0,True,False,multimodal,psd-fc-wpli,gated,cnn,False,none
multimodal_psd-fc-wpli_gated_cnn,10,sub16,sub01;sub05;sub07;sub08;sub09;sub10;sub11;sub13;sub14;sub15;sub18;sub20;sub22;sub24;sub27;sub28;sub29,sub17,92,0.0004440430202521384,0.002560553140938282,0.002,1e-05,1.0,1.0,True,False,multimodal,psd-fc-wpli,gated,cnn,False,none
multimodal_psd-fc-wpli_gated_cnn,10,sub16,sub01;sub05;sub07;sub08;sub09;sub10;sub11;sub13;sub14;sub15;sub18;sub20;sub22;sub24;sub27;sub28;sub29,sub17,93,0.00043499108869582415,0.0025258345995098352,0.002,1e-05,1.0,1.0,True,False,multimodal,psd-fc-wpli,gated,cnn,False,none
multimodal_psd-fc-wpli_gated_cnn,10,sub16,sub01;sub05;sub07;sub08;sub09;sub10;sub11;sub13;sub14;sub15;sub18;sub20;sub22;sub24;sub27;sub28;sub29,sub17,94,0.0004263970477040857,0.0024932685773819685,0.002,1e-05,1.0,1.0,True,False,multimodal,psd-fc-wpli,gated,cnn,False,none
multimodal_psd-fc-wpli_gated_cnn,10,sub16,sub01;sub05;sub07;sub08;sub09;sub10;sub11;sub13;sub14;sub15;sub18;sub20;sub22;sub24;sub27;sub28;sub29,sub17,95,0.0004182330158073455,0.0024627947714179754,0.002,1e-05,1.0,1.0,True,False,multimodal,psd-fc-wpli,gated,cnn,False,none
multimodal_psd-fc-wpli_gated_cnn,10,sub16,sub01;sub05;sub07;sub08;sub09;sub10;sub11;sub13;sub14;sub15;sub18;sub20;sub22;sub24;sub27;sub28;sub29,sub17,96,0.00041043481905944645,0.002434652065858245,0.002,1e-05,1.0,1.0,True,False,multimodal,psd-fc-wpli,gated,cnn,False,none
multimodal_psd-fc-wpli_gated_cnn,10,sub16,sub01;sub05;sub07;sub08;sub09;sub10;sub11;sub13;sub14;sub15;sub18;sub20;sub22;sub24;sub27;sub28;sub29,sub17,97,0.00040300266118720174,0.0024087210185825825,0.002,1e-05,1.0,1.0,True,False,multimodal,psd-fc-wpli,gated,cnn,False,none
multimodal_psd-fc-wpli_gated_cnn,10,sub16,sub01;sub05;sub07;sub08;sub09;sub10;sub11;sub13;sub14;sub15;sub18;sub20;sub22;sub24;sub27;sub28;sub29,sub17,98,0.0003958788583986461,0.002384941326454282,0.002,1e-05,1.0,1.0,True,False,multimodal,psd-fc-wpli,gated,cnn,False,none
multimodal_psd-fc-wpli_gated_cnn,10,sub16,sub01;sub05;sub07;sub08;sub09;sub10;sub11;sub13;sub14;sub15;sub18;sub20;sub22;sub24;sub27;sub28;sub29,sub17,99,0.00038907266571186483,0.0023639702703803778,0.002,1e-05,1.0,1.0,True,False,multimodal,psd-fc-wpli,gated,cnn,False,none
multimodal_psd-fc-wpli_gated_cnn,10,sub16,sub01;sub05;sub07;sub08;sub09;sub10;sub11;sub13;sub14;sub15;sub18;sub20;sub22;sub24;sub27;sub28;sub29,sub17,100,0.00038253210368566215,0.0023455689661204815,0.002,1e-05,1.0,1.0,True,False,multimodal,psd-fc-wpli,gated,cnn,False,none
multimodal_psd-fc-wpli_gated_cnn,11,sub17,sub01;sub05;sub07;sub08;sub09;sub10;sub11;sub13;sub14;sub15;sub16;sub20;sub22;sub24;sub27;sub28;sub29,sub18,1,0.6928815245628357,0.7001471519470215,0.002,1e-05,1.0,1.0,True,False,multimodal,psd-fc-wpli,gated,cnn,False,none
multimodal_psd-fc-wpli_gated_cnn,11,sub17,sub01;sub05;sub07;sub08;sub09;sub10;sub11;sub13;sub14;sub15;sub16;sub20;sub22;sub24;sub27;sub28;sub29,sub18,2,0.6862855553627014,0.7069544792175293,0.002,1e-05,1.0,1.0,False,False,multimodal,psd-fc-wpli,gated,cnn,False,none
multimodal_psd-fc-wpli_gated_cnn,11,sub17,sub01;sub05;sub07;sub08;sub09;sub10;sub11;sub13;sub14;sub15;sub16;sub20;sub22;sub24;sub27;sub28;sub29,sub18,3,0.6802635192871094,0.7129495739936829,0.002,1e-05,1.0,1.0,False,False,multimodal,psd-fc-wpli,gated,cnn,False,none
multimodal_psd-fc-wpli_gated_cnn,11,sub17,sub01;sub05;sub07;sub08;sub09;sub10;sub11;sub13;sub14;sub15;sub16;sub20;sub22;sub24;sub27;sub28;sub29,sub18,4,0.6741331219673157,0.7188923358917236,0.002,1e-05,1.0,1.0,False,False,multimodal,psd-fc-wpli,gated,cnn,False,none
multimodal_psd-fc-wpli_gated_cnn,11,sub17,sub01;sub05;sub07;sub08;sub09;sub10;sub11;sub13;sub14;sub15;sub16;sub20;sub22;sub24;sub27;sub28;sub29,sub18,5,0.6670039892196655,0.7260807156562805,0.002,1e-05,1.0,1.0,False,False,multimodal,psd-fc-wpli,gated,cnn,False,none
multimodal_psd-fc-wpli_gated_cnn,11,sub17,sub01;sub05;sub07;sub08;sub09;sub10;sub11;sub13;sub14;sub15;sub16;sub20;sub22;sub24;sub27;sub28;sub29,sub18,6,0.6590061187744141,0.7328463792800903,0.002,1e-05,1.0,1.0,False,False,multimodal,psd-fc-wpli,gated,cnn,False,none
multimodal_psd-fc-wpli_gated_cnn,11,sub17,sub01;sub05;sub07;sub08;sub09;sub10;sub11;sub13;sub14;sub15;sub16;sub20;sub22;sub24;sub27;sub28;sub29,sub18,7,0.6501539945602417,0.7373923659324646,0.002,1e-05,1.0,1.0,False,False,multimodal,psd-fc-wpli,gated,cnn,False,none
multimodal_psd-fc-wpli_gated_cnn,11,sub17,sub01;sub05;sub07;sub08;sub09;sub10;sub11;sub13;sub14;sub15;sub16;sub20;sub22;sub24;sub27;sub28;sub29,sub18,8,0.6401160955429077,0.7378153204917908,0.002,1e-05,1.0,1.0,False,False,multimodal,psd-fc-wpli,gated,cnn,False,none
multimodal_psd-fc-wpli_gated_cnn,11,sub17,sub01;sub05;sub07;sub08;sub09;sub10;sub11;sub13;sub14;sub15;sub16;sub20;sub22;sub24;sub27;sub28;sub29,sub18,9,0.6289159059524536,0.7363234758377075,0.002,1e-05,1.0,1.0,False,False,multimodal,psd-fc-wpli,gated,cnn,False,none
multimodal_psd-fc-wpli_gated_cnn,11,sub17,sub01;sub05;sub07;sub08;sub09;sub10;sub11;sub13;sub14;sub15;sub16;sub20;sub22;sub24;sub27;sub28;sub29,sub18,10,0.6164454817771912,0.7333546876907349,0.002,1e-05,1.0,1.0,False,False,multimodal,psd-fc-wpli,gated,cnn,False,none
multimodal_psd-fc-wpli_gated_cnn,11,sub17,sub01;sub05;sub07;sub08;sub09;sub10;sub11;sub13;sub14;sub15;sub16;sub20;sub22;sub24;sub27;sub28;sub29,sub18,11,0.6027052998542786,0.7266244292259216,0.002,1e-05,1.0,1.0,False,False,multimodal,psd-fc-wpli,gated,cnn,False,none
multimodal_psd-fc-wpli_gated_cnn,11,sub17,sub01;sub05;sub07;sub08;sub09;sub10;sub11;sub13;sub14;sub15;sub16;sub20;sub22;sub24;sub27;sub28;sub29,sub18,12,0.5876093506813049,0.7127164006233215,0.002,1e-05,1.0,1.0,False,False,multimodal,psd-fc-wpli,gated,cnn,False,none
multimodal_psd-fc-wpli_gated_cnn,11,sub17,sub01;sub05;sub07;sub08;sub09;sub10;sub11;sub13;sub14;sub15;sub16;sub20;sub22;sub24;sub27;sub28;sub29,sub18,13,0.5710223317146301,0.6944809556007385,0.002,1e-05,1.0,1.0,True,False,multimodal,psd-fc-wpli,gated,cnn,False,none
multimodal_psd-fc-wpli_gated_cnn,11,sub17,sub01;sub05;sub07;sub08;sub09;sub10;sub11;sub13;sub14;sub15;sub16;sub20;sub22;sub24;sub27;sub28;sub29,sub18,14,0.5532105565071106,0.6777731776237488,0.002,1e-05,1.0,1.0,True,False,multimodal,psd-fc-wpli,gated,cnn,False,none
multimodal_psd-fc-wpli_gated_cnn,11,sub17,sub01;sub05;sub07;sub08;sub09;sub10;sub11;sub13;sub14;sub15;sub16;sub20;sub22;sub24;sub27;sub28;sub29,sub18,15,0.5347300171852112,0.6651742458343506,0.002,1e-05,1.0,1.0,True,False,multimodal,psd-fc-wpli,gated,cnn,False,none
multimodal_psd-fc-wpli_gated_cnn,11,sub17,sub01;sub05;sub07;sub08;sub09;sub10;sub11;sub13;sub14;sub15;sub16;sub20;sub22;sub24;sub27;sub28;sub29,sub18,16,0.5153833031654358,0.6596865653991699,0.002,1e-05,1.0,1.0,True,False,multimodal,psd-fc-wpli,gated,cnn,False,none
multimodal_psd-fc-wpli_gated_cnn,11,sub17,sub01;sub05;sub07;sub08;sub09;sub10;sub11;sub13;sub14;sub15;sub16;sub20;sub22;sub24;sub27;sub28;sub29,sub18,17,0.4950065016746521,0.6590146422386169,0.002,1e-05,1.0,1.0,True,False,multimodal,psd-fc-wpli,gated,cnn,False,none
multimodal_psd-fc-wpli_gated_cnn,11,sub17,sub01;sub05;sub07;sub08;sub09;sub10;sub11;sub13;sub14;sub15;sub16;sub20;sub22;sub24;sub27;sub28;sub29,sub18,18,0.4737524092197418,0.6580069661140442,0.002,1e-05,1.0,1.0,True,False,multimodal,psd-fc-wpli,gated,cnn,False,none
multimodal_psd-fc-wpli_gated_cnn,11,sub17,sub01;sub05;sub07;sub08;sub09;sub10;sub11;sub13;sub14;sub15;sub16;sub20;sub22;sub24;sub27;sub28;sub29,sub18,19,0.45187637209892273,0.6458320617675781,0.002,1e-05,1.0,1.0,True,False,multimodal,psd-fc-wpli,gated,cnn,False,none
multimodal_psd-fc-wpli_gated_cnn,11,sub17,sub01;sub05;sub07;sub08;sub09;sub10;sub11;sub13;sub14;sub15;sub16;sub20;sub22;sub24;sub27;sub28;sub29,sub18,20,0.42934921383857727,0.6228201985359192,0.002,1e-05,1.0,1.0,True,False,multimodal,psd-fc-wpli,gated,cnn,False,none
multimodal_psd-fc-wpli_gated_cnn,11,sub17,sub01;sub05;sub07;sub08;sub09;sub10;sub11;sub13;sub14;sub15;sub16;sub20;sub22;sub24;sub27;sub28;sub29,sub18,21,0.40625107288360596,0.5987403392791748,0.002,1e-05,1.0,1.0,True,False,multimodal,psd-fc-wpli,gated,cnn,False,none
multimodal_psd-fc-wpli_gated_cnn,11,sub17,sub01;sub05;sub07;sub08;sub09;sub10;sub11;sub13;sub14;sub15;sub16;sub20;sub22;sub24;sub27;sub28;sub29,sub18,22,0.3822319805622101,0.5750420689582825,0.002,1e-05,1.0,1.0,True,False,multimodal,psd-fc-wpli,gated,cnn,False,none
multimodal_psd-fc-wpli_gated_cnn,11,sub17,sub01;sub05;sub07;sub08;sub09;sub10;sub11;sub13;sub14;sub15;sub16;sub20;sub22;sub24;sub27;sub28;sub29,sub18,23,0.3574879467487335,0.5631476044654846,0.002,1e-05,1.0,1.0,True,False,multimodal,psd-fc-wpli,gated,cnn,False,none
multimodal_psd-fc-wpli_gated_cnn,11,sub17,sub01;sub05;sub07;sub08;sub09;sub10;sub11;sub13;sub14;sub15;sub16;sub20;sub22;sub24;sub27;sub28;sub29,sub18,24,0.3322243392467499,0.5639867186546326,0.002,1e-05,1.0,1.0,False,False,multimodal,psd-fc-wpli,gated,cnn,False,none
multimodal_psd-fc-wpli_gated_cnn,11,sub17,sub01;sub05;sub07;sub08;sub09;sub10;sub11;sub13;sub14;sub15;sub16;sub20;sub22;sub24;sub27;sub28;sub29,sub18,25,0.3067987561225891,0.5633062124252319,0.002,1e-05,1.0,1.0,False,False,multimodal,psd-fc-wpli,gated,cnn,False,none
multimodal_psd-fc-wpli_gated_cnn,11,sub17,sub01;sub05;sub07;sub08;sub09;sub10;sub11;sub13;sub14;sub15;sub16;sub20;sub22;sub24;sub27;sub28;sub29,sub18,26,0.28151386976242065,0.5607312321662903,0.002,1e-05,1.0,1.0,True,False,multimodal,psd-fc-wpli,gated,cnn,False,none
multimodal_psd-fc-wpli_gated_cnn,11,sub17,sub01;sub05;sub07;sub08;sub09;sub10;sub11;sub13;sub14;sub15;sub16;sub20;sub22;sub24;sub27;sub28;sub29,sub18,27,0.25654709339141846,0.5551968812942505,0.002,1e-05,1.0,1.0,True,False,multimodal,psd-fc-wpli,gated,cnn,False,none
multimodal_psd-fc-wpli_gated_cnn,11,sub17,sub01;sub05;sub07;sub08;sub09;sub10;sub11;sub13;sub14;sub15;sub16;sub20;sub22;sub24;sub27;sub28;sub29,sub18,28,0.23215343058109283,0.5517996549606323,0.002,1e-05,1.0,1.0,True,False,multimodal,psd-fc-wpli,gated,cnn,False,none
multimodal_psd-fc-wpli_gated_cnn,11,sub17,sub01;sub05;sub07;sub08;sub09;sub10;sub11;sub13;sub14;sub15;sub16;sub20;sub22;sub24;sub27;sub28;sub29,sub18,29,0.20839020609855652,0.5455091595649719,0.002,1e-05,1.0,1.0,True,False,multimodal,psd-fc-wpli,gated,cnn,False,none
multimodal_psd-fc-wpli_gated_cnn,11,sub17,sub01;sub05;sub07;sub08;sub09;sub10;sub11;sub13;sub14;sub15;sub16;sub20;sub22;sub24;sub27;sub28;sub29,sub18,30,0.18558473885059357,0.5258080363273621,0.002,1e-05,1.0,1.0,True,False,multimodal,psd-fc-wpli,gated,cnn,False,none
multimodal_psd-fc-wpli_gated_cnn,11,sub17,sub01;sub05;sub07;sub08;sub09;sub10;sub11;sub13;sub14;sub15;sub16;sub20;sub22;sub24;sub27;sub28;sub29,sub18,31,0.1641024500131607,0.48826757073402405,0.002,1e-05,1.0,1.0,True,False,multimodal,psd-fc-wpli,gated,cnn,False,none
multimodal_psd-fc-wpli_gated_cnn,11,sub17,sub01;sub05;sub07;sub08;sub09;sub10;sub11;sub13;sub14;sub15;sub16;sub20;sub22;sub24;sub27;sub28;sub29,sub18,32,0.14390167593955994,0.444801926612854,0.002,1e-05,1.0,1.0,True,False,multimodal,psd-fc-wpli,gated,cnn,False,none
multimodal_psd-fc-wpli_gated_cnn,11,sub17,sub01;sub05;sub07;sub08;sub09;sub10;sub11;sub13;sub14;sub15;sub16;sub20;sub22;sub24;sub27;sub28;sub29,sub18,33,0.1250084936618805,0.39546874165534973,0.002,1e-05,1.0,1.0,True,False,multimodal,psd-fc-wpli,gated,cnn,False,none
multimodal_psd-fc-wpli_gated_cnn,11,sub17,sub01;sub05;sub07;sub08;sub09;sub10;sub11;sub13;sub14;sub15;sub16;sub20;sub22;sub24;sub27;sub28;sub29,sub18,34,0.10763385891914368,0.3491266667842865,0.002,1e-05,1.0,1.0,True,False,multimodal,psd-fc-wpli,gated,cnn,False,none
multimodal_psd-fc-wpli_gated_cnn,11,sub17,sub01;sub05;sub07;sub08;sub09;sub10;sub11;sub13;sub14;sub15;sub16;sub20;sub22;sub24;sub27;sub28;sub29,sub18,35,0.09170114248991013,0.31143155694007874,0.002,1e-05,1.0,1.0,True,False,multimodal,psd-fc-wpli,gated,cnn,False,none
multimodal_psd-fc-wpli_gated_cnn,11,sub17,sub01;sub05;sub07;sub08;sub09;sub10;sub11;sub13;sub14;sub15;sub16;sub20;sub22;sub24;sub27;sub28;sub29,sub18,36,0.07746901363134384,0.27614498138427734,0.002,1e-05,1.0,1.0,True,False,multimodal,psd-fc-wpli,gated,cnn,False,none
multimodal_psd-fc-wpli_gated_cnn,11,sub17,sub01;sub05;sub07;sub08;sub09;sub10;sub11;sub13;sub14;sub15;sub16;sub20;sub22;sub24;sub27;sub28;sub29,sub18,37,0.06510398536920547,0.23928894102573395,0.002,1e-05,1.0,1.0,True,False,multimodal,psd-fc-wpli,gated,cnn,False,none
multimodal_psd-fc-wpli_gated_cnn,11,sub17,sub01;sub05;sub07;sub08;sub09;sub10;sub11;sub13;sub14;sub15;sub16;sub20;sub22;sub24;sub27;sub28;sub29,sub18,38,0.05444255471229553,0.1997775286436081,0.002,1e-05,1.0,1.0,True,False,multimodal,psd-fc-wpli,gated,cnn,False,none
multimodal_psd-fc-wpli_gated_cnn,11,sub17,sub01;sub05;sub07;sub08;sub09;sub10;sub11;sub13;sub14;sub15;sub16;sub20;sub22;sub24;sub27;sub28;sub29,sub18,39,0.045353904366493225,0.16169172525405884,0.002,1e-05,1.0,1.0,True,False,multimodal,psd-fc-wpli,gated,cnn,False,none
multimodal_psd-fc-wpli_gated_cnn,11,sub17,sub01;sub05;sub07;sub08;sub09;sub10;sub11;sub13;sub14;sub15;sub16;sub20;sub22;sub24;sub27;sub28;sub29,sub18,40,0.037676744163036346,0.12877781689167023,0.002,1e-05,1.0,1.0,True,False,multimodal,psd-fc-wpli,gated,cnn,False,none
multimodal_psd-fc-wpli_gated_cnn,11,sub17,sub01;sub05;sub07;sub08;sub09;sub10;sub11;sub13;sub14;sub15;sub16;sub20;sub22;sub24;sub27;sub28;sub29,sub18,41,0.03127574920654297,0.10359508544206619,0.002,1e-05,1.0,1.0,True,False,multimodal,psd-fc-wpli,gated,cnn,False,none
multimodal_psd-fc-wpli_gated_cnn,11,sub17,sub01;sub05;sub07;sub08;sub09;sub10;sub11;sub13;sub14;sub15;sub16;sub20;sub22;sub24;sub27;sub28;sub29,sub18,42,0.025980763137340546,0.08584058284759521,0.002,1e-05,1.0,1.0,True,False,multimodal,psd-fc-wpli,gated,cnn,False,none
multimodal_psd-fc-wpli_gated_cnn,11,sub17,sub01;sub05;sub07;sub08;sub09;sub10;sub11;sub13;sub14;sub15;sub16;sub20;sub22;sub24;sub27;sub28;sub29,sub18,43,0.02160734310746193,0.0736193135380745,0.002,1e-05,1.0,1.0,True,False,multimodal,psd-fc-wpli,gated,cnn,False,none
multimodal_psd-fc-wpli_gated_cnn,11,sub17,sub01;sub05;sub07;sub08;sub09;sub10;sub11;sub13;sub14;sub15;sub16;sub20;sub22;sub24;sub27;sub28;sub29,sub18,44,0.01799651049077511,0.0652802437543869,0.002,1e-05,1.0,1.0,True,False,multimodal,psd-fc-wpli,gated,cnn,False,none
multimodal_psd-fc-wpli_gated_cnn,11,sub17,sub01;sub05;sub07;sub08;sub09;sub10;sub11;sub13;sub14;sub15;sub16;sub20;sub22;sub24;sub27;sub28;sub29,sub18,45,0.015025133267045021,0.05929791182279587,0.002,1e-05,1.0,1.0,True,False,multimodal,psd-fc-wpli,gated,cnn,False,none
multimodal_psd-fc-wpli_gated_cnn,11,sub17,sub01;sub05;sub07;sub08;sub09;sub10;sub11;sub13;sub14;sub15;sub16;sub20;sub22;sub24;sub27;sub28;sub29,sub18,46,0.012588360346853733,0.05497303232550621,0.002,1e-05,1.0,1.0,True,False,multimodal,psd-fc-wpli,gated,cnn,False,none
multimodal_psd-fc-wpli_gated_cnn,11,sub17,sub01;sub05;sub07;sub08;sub09;sub10;sub11;sub13;sub14;sub15;sub16;sub20;sub22;sub24;sub27;sub28;sub29,sub18,47,0.010586065240204334,0.05186787247657776,0.002,1e-05,1.0,1.0,True,False,multimodal,psd-fc-wpli,gated,cnn,False,none
multimodal_psd-fc-wpli_gated_cnn,11,sub17,sub01;sub05;sub07;sub08;sub09;sub10;sub11;sub13;sub14;sub15;sub16;sub20;sub22;sub24;sub27;sub28;sub29,sub18,48,0.008943475782871246,0.04963691905140877,0.002,1e-05,1.0,1.0,True,False,multimodal,psd-fc-wpli,gated,cnn,False,none
multimodal_psd-fc-wpli_gated_cnn,11,sub17,sub01;sub05;sub07;sub08;sub09;sub10;sub11;sub13;sub14;sub15;sub16;sub20;sub22;sub24;sub27;sub28;sub29,sub18,49,0.007597451563924551,0.04839826747775078,0.002,1e-05,1.0,1.0,True,False,multimodal,psd-fc-wpli,gated,cnn,False,none
multimodal_psd-fc-wpli_gated_cnn,11,sub17,sub01;sub05;sub07;sub08;sub09;sub10;sub11;sub13;sub14;sub15;sub16;sub20;sub22;sub24;sub27;sub28;sub29,sub18,50,0.006490594241768122,0.04794374480843544,0.002,1e-05,1.0,1.0,True,False,multimodal,psd-fc-wpli,gated,cnn,False,none
multimodal_psd-fc-wpli_gated_cnn,11,sub17,sub01;sub05;sub07;sub08;sub09;sub10;sub11;sub13;sub14;sub15;sub16;sub20;sub22;sub24;sub27;sub28;sub29,sub18,51,0.005579198244959116,0.048223741352558136,0.002,1e-05,1.0,1.0,False,False,multimodal,psd-fc-wpli,gated,cnn,False,none
multimodal_psd-fc-wpli_gated_cnn,11,sub17,sub01;sub05;sub07;sub08;sub09;sub10;sub11;sub13;sub14;sub15;sub16;sub20;sub22;sub24;sub27;sub28;sub29,sub18,52,0.004827852360904217,0.04930931329727173,0.002,1e-05,1.0,1.0,False,False,multimodal,psd-fc-wpli,gated,cnn,False,none
multimodal_psd-fc-wpli_gated_cnn,11,sub17,sub01;sub05;sub07;sub08;sub09;sub10;sub11;sub13;sub14;sub15;sub16;sub20;sub22;sub24;sub27;sub28;sub29,sub18,53,0.004206824116408825,0.05113953724503517,0.002,1e-05,1.0,1.0,False,False,multimodal,psd-fc-wpli,gated,cnn,False,none
multimodal_psd-fc-wpli_gated_cnn,11,sub17,sub01;sub05;sub07;sub08;sub09;sub10;sub11;sub13;sub14;sub15;sub16;sub20;sub22;sub24;sub27;sub28;sub29,sub18,54,0.003692492377012968,0.0536092109978199,0.002,1e-05,1.0,1.0,False,False,multimodal,psd-fc-wpli,gated,cnn,False,none
multimodal_psd-fc-wpli_gated_cnn,11,sub17,sub01;sub05;sub07;sub08;sub09;sub10;sub11;sub13;sub14;sub15;sub16;sub20;sub22;sub24;sub27;sub28;sub29,sub18,55,0.0032636839896440506,0.056678976863622665,0.002,1e-05,1.0,1.0,False,False,multimodal,psd-fc-wpli,gated,cnn,False,none
multimodal_psd-fc-wpli_gated_cnn,11,sub17,sub01;sub05;sub07;sub08;sub09;sub10;sub11;sub13;sub14;sub15;sub16;sub20;sub22;sub24;sub27;sub28;sub29,sub18,56,0.002904533874243498,0.060202233493328094,0.002,1e-05,1.0,1.0,False,False,multimodal,psd-fc-wpli,gated,cnn,False,none
multimodal_psd-fc-wpli_gated_cnn,11,sub17,sub01;sub05;sub07;sub08;sub09;sub10;sub11;sub13;sub14;sub15;sub16;sub20;sub22;sub24;sub27;sub28;sub29,sub18,57,0.0026014528702944517,0.06407088786363602,0.002,1e-05,1.0,1.0,False,False,multimodal,psd-fc-wpli,gated,cnn,False,none
multimodal_psd-fc-wpli_gated_cnn,11,sub17,sub01;sub05;sub07;sub08;sub09;sub10;sub11;sub13;sub14;sub15;sub16;sub20;sub22;sub24;sub27;sub28;sub29,sub18,58,0.002344629494473338,0.06836287677288055,0.002,1e-05,1.0,1.0,False,False,multimodal,psd-fc-wpli,gated,cnn,False,none
multimodal_psd-fc-wpli_gated_cnn,11,sub17,sub01;sub05;sub07;sub08;sub09;sub10;sub11;sub13;sub14;sub15;sub16;sub20;sub22;sub24;sub27;sub28;sub29,sub18,59,0.0021255516912788153,0.07277733832597733,0.002,1e-05,1.0,1.0,False,False,multimodal,psd-fc-wpli,gated,cnn,False,none
multimodal_psd-fc-wpli_gated_cnn,11,sub17,sub01;sub05;sub07;sub08;sub09;sub10;sub11;sub13;sub14;sub15;sub16;sub20;sub22;sub24;sub27;sub28;sub29,sub18,60,0.0019375095143914223,0.07702639698982239,0.002,1e-05,1.0,1.0,False,False,multimodal,psd-fc-wpli,gated,cnn,False,none
multimodal_psd-fc-wpli_gated_cnn,11,sub17,sub01;sub05;sub07;sub08;sub09;sub10;sub11;sub13;sub14;sub15;sub16;sub20;sub22;sub24;sub27;sub28;sub29,sub18,61,0.0017755948938429356,0.0808977410197258,0.002,1e-05,1.0,1.0,False,False,multimodal,psd-fc-wpli,gated,cnn,False,none
multimodal_psd-fc-wpli_gated_cnn,11,sub17,sub01;sub05;sub07;sub08;sub09;sub10;sub11;sub13;sub14;sub15;sub16;sub20;sub22;sub24;sub27;sub28;sub29,sub18,62,0.0016356540145352483,0.08427514880895615,0.002,1e-05,1.0,1.0,False,False,multimodal,psd-fc-wpli,gated,cnn,False,none
multimodal_psd-fc-wpli_gated_cnn,11,sub17,sub01;sub05;sub07;sub08;sub09;sub10;sub11;sub13;sub14;sub15;sub16;sub20;sub22;sub24;sub27;sub28;sub29,sub18,63,0.0015142213087528944,0.08698450028896332,0.002,1e-05,1.0,1.0,False,False,multimodal,psd-fc-wpli,gated,cnn,False,none
multimodal_psd-fc-wpli_gated_cnn,11,sub17,sub01;sub05;sub07;sub08;sub09;sub10;sub11;sub13;sub14;sub15;sub16;sub20;sub22;sub24;sub27;sub28;sub29,sub18,64,0.0014083291171118617,0.08900141716003418,0.002,1e-05,1.0,1.0,False,False,multimodal,psd-fc-wpli,gated,cnn,False,none
multimodal_psd-fc-wpli_gated_cnn,11,sub17,sub01;sub05;sub07;sub08;sub09;sub10;sub11;sub13;sub14;sub15;sub16;sub20;sub22;sub24;sub27;sub28;sub29,sub18,65,0.001315538538619876,0.09034290164709091,0.002,1e-05,1.0,1.0,False,False,multimodal,psd-fc-wpli,gated,cnn,False,none
multimodal_psd-fc-wpli_gated_cnn,11,sub17,sub01;sub05;sub07;sub08;sub09;sub10;sub11;sub13;sub14;sub15;sub16;sub20;sub22;sub24;sub27;sub28;sub29,sub18,66,0.001233910326845944,0.09106753021478653,0.002,1e-05,1.0,1.0,False,False,multimodal,psd-fc-wpli,gated,cnn,False,none
multimodal_psd-fc-wpli_gated_cnn,11,sub17,sub01;sub05;sub07;sub08;sub09;sub10;sub11;sub13;sub14;sub15;sub16;sub20;sub22;sub24;sub27;sub28;sub29,sub18,67,0.0011618054704740644,0.09124342352151871,0.002,1e-05,1.0,1.0,False,False,multimodal,psd-fc-wpli,gated,cnn,False,none
multimodal_psd-fc-wpli_gated_cnn,11,sub17,sub01;sub05;sub07;sub08;sub09;sub10;sub11;sub13;sub14;sub15;sub16;sub20;sub22;sub24;sub27;sub28;sub29,sub18,68,0.0010979912476614118,0.0909799113869667,0.002,1e-05,1.0,1.0,False,False,multimodal,psd-fc-wpli,gated,cnn,False,none
multimodal_psd-fc-wpli_gated_cnn,11,sub17,sub01;sub05;sub07;sub08;sub09;sub10;sub11;sub13;sub14;sub15;sub16;sub20;sub22;sub24;sub27;sub28;sub29,sub18,69,0.001041288604028523,0.09035686403512955,0.002,1e-05,1.0,1.0,False,False,multimodal,psd-fc-wpli,gated,cnn,False,none
multimodal_psd-fc-wpli_gated_cnn,11,sub17,sub01;sub05;sub07;sub08;sub09;sub10;sub11;sub13;sub14;sub15;sub16;sub20;sub22;sub24;sub27;sub28;sub29,sub18,70,0.0009906033519655466,0.08944886177778244,0.002,1e-05,1.0,1.0,False,False,multimodal,psd-fc-wpli,gated,cnn,False,none
multimodal_psd-fc-wpli_gated_cnn,11,sub17,sub01;sub05;sub07;sub08;sub09;sub10;sub11;sub13;sub14;sub15;sub16;sub20;sub22;sub24;sub27;sub28;sub29,sub18,71,0.0009451836231164634,0.08828122168779373,0.002,1e-05,1.0,1.0,False,False,multimodal,psd-fc-wpli,gated,cnn,False,none
multimodal_psd-fc-wpli_gated_cnn,11,sub17,sub01;sub05;sub07;sub08;sub09;sub10;sub11;sub13;sub14;sub15;sub16;sub20;sub22;sub24;sub27;sub28;sub29,sub18,72,0.0009043177706189454,0.08693690598011017,0.002,1e-05,1.0,1.0,False,False,multimodal,psd-fc-wpli,gated,cnn,False,none
multimodal_psd-fc-wpli_gated_cnn,11,sub17,sub01;sub05;sub07;sub08;sub09;sub10;sub11;sub13;sub14;sub15;sub16;sub20;sub22;sub24;sub27;sub28;sub29,sub18,73,0.0008674023556523025,0.08548519015312195,0.002,1e-05,1.0,1.0,False,False,multimodal,psd-fc-wpli,gated,cnn,False,none
multimodal_psd-fc-wpli_gated_cnn,11,sub17,sub01;sub05;sub07;sub08;sub09;sub10;sub11;sub13;sub14;sub15;sub16;sub20;sub22;sub24;sub27;sub28;sub29,sub18,74,0.0008339475025422871,0.08397943526506424,0.002,1e-05,1.0,1.0,False,False,multimodal,psd-fc-wpli,gated,cnn,False,none
multimodal_psd-fc-wpli_gated_cnn,11,sub17,sub01;sub05;sub07;sub08;sub09;sub10;sub11;sub13;sub14;sub15;sub16;sub20;sub22;sub24;sub27;sub28;sub29,sub18,75,0.0008035021601244807,0.08246856927871704,0.002,1e-05,1.0,1.0,False,False,multimodal,psd-fc-wpli,gated,cnn,False,none
multimodal_psd-fc-wpli_gated_cnn,11,sub17,sub01;sub05;sub07;sub08;sub09;sub10;sub11;sub13;sub14;sub15;sub16;sub20;sub22;sub24;sub27;sub28;sub29,sub18,76,0.0007757287239655852,0.08098763972520828,0.002,1e-05,1.0,1.0,False,False,multimodal,psd-fc-wpli,gated,cnn,False,none
multimodal_psd-fc-wpli_gated_cnn,11,sub17,sub01;sub05;sub07;sub08;sub09;sub10;sub11;sub13;sub14;sub15;sub16;sub20;sub22;sub24;sub27;sub28;sub29,sub18,77,0.0007503398810513318,0.079585961997509,0.002,1e-05,1.0,1.0,False,False,multimodal,psd-fc-wpli,gated,cnn,False,none
multimodal_psd-fc-wpli_gated_cnn,11,sub17,sub01;sub05;sub07;sub08;sub09;sub10;sub11;sub13;sub14;sub15;sub16;sub20;sub22;sub24;sub27;sub28;sub29,sub18,78,0.0007271173526532948,0.07827635109424591,0.002,1e-05,1.0,1.0,False,False,multimodal,psd-fc-wpli,gated,cnn,False,none
multimodal_psd-fc-wpli_gated_cnn,11,sub17,sub01;sub05;sub07;sub08;sub09;sub10;sub11;sub13;sub14;sub15;sub16;sub20;sub22;sub24;sub27;sub28;sub29,sub18,79,0.0007058430346660316,0.07704570889472961,0.002,1e-05,1.0,1.0,False,False,multimodal,psd-fc-wpli,gated,cnn,False,none
multimodal_psd-fc-wpli_gated_cnn,11,sub17,sub01;sub05;sub07;sub08;sub09;sub10;sub11;sub13;sub14;sub15;sub16;sub20;sub22;sub24;sub27;sub28;sub29,sub18,80,0.0006861864239908755,0.0758858323097229,0.002,1e-05,1.0,1.0,False,False,multimodal,psd-fc-wpli,gated,cnn,False,none
multimodal_psd-fc-wpli_gated_cnn,11,sub17,sub01;sub05;sub07;sub08;sub09;sub10;sub11;sub13;sub14;sub15;sub16;sub20;sub22;sub24;sub27;sub28;sub29,sub18,81,0.0006679880898445845,0.0747910812497139,0.002,1e-05,1.0,1.0,False,False,multimodal,psd-fc-wpli,gated,cnn,False,none
multimodal_psd-fc-wpli_gated_cnn,11,sub17,sub01;sub05;sub07;sub08;sub09;sub10;sub11;sub13;sub14;sub15;sub16;sub20;sub22;sub24;sub27;sub28;sub29,sub18,82,0.0006510870880447328,0.0737900510430336,0.002,1e-05,1.0,1.0,False,False,multimodal,psd-fc-wpli,gated,cnn,False,none
multimodal_psd-fc-wpli_gated_cnn,11,sub17,sub01;sub05;sub07;sub08;sub09;sub10;sub11;sub13;sub14;sub15;sub16;sub20;sub22;sub24;sub27;sub28;sub29,sub18,83,0.0006353600765578449,0.0728645846247673,0.002,1e-05,1.0,1.0,False,False,multimodal,psd-fc-wpli,gated,cnn,False,none
multimodal_psd-fc-wpli_gated_cnn,11,sub17,sub01;sub05;sub07;sub08;sub09;sub10;sub11;sub13;sub14;sub15;sub16;sub20;sub22;sub24;sub27;sub28;sub29,sub18,84,0.0006206741672940552,0.07200460135936737,0.002,1e-05,1.0,1.0,False,False,multimodal,psd-fc-wpli,gated,cnn,False,none
multimodal_psd-fc-wpli_gated_cnn,11,sub17,sub01;sub05;sub07;sub08;sub09;sub10;sub11;sub13;sub14;sub15;sub16;sub20;sub22;sub24;sub27;sub28;sub29,sub18,85,0.0006069071823731065,0.07120174169540405,0.002,1e-05,1.0,1.0,False,False,multimodal,psd-fc-wpli,gated,cnn,False,none
multimodal_psd-fc-wpli_gated_cnn,11,sub17,sub01;sub05;sub07;sub08;sub09;sub10;sub11;sub13;sub14;sub15;sub16;sub20;sub22;sub24;sub27;sub28;sub29,sub18,86,0.0005939831607975066,0.07045132666826248,0.002,1e-05,1.0,1.0,False,False,multimodal,psd-fc-wpli,gated,cnn,False,none
multimodal_psd-fc-wpli_gated_cnn,11,sub17,sub01;sub05;sub07;sub08;sub09;sub10;sub11;sub13;sub14;sub15;sub16;sub20;sub22;sub24;sub27;sub28;sub29,sub18,87,0.0005818548961542547,0.06974799931049347,0.002,1e-05,1.0,1.0,False,False,multimodal,psd-fc-wpli,gated,cnn,False,none
multimodal_psd-fc-wpli_gated_cnn,11,sub17,sub01;sub05;sub07;sub08;sub09;sub10;sub11;sub13;sub14;sub15;sub16;sub20;sub22;sub24;sub27;sub28;sub29,sub18,88,0.000570457661524415,0.06907640397548676,0.002,1e-05,1.0,1.0,False,False,multimodal,psd-fc-wpli,gated,cnn,False,none
multimodal_psd-fc-wpli_gated_cnn,11,sub17,sub01;sub05;sub07;sub08;sub09;sub10;sub11;sub13;sub14;sub15;sub16;sub20;sub22;sub24;sub27;sub28;sub29,sub18,89,0.0005596872651949525,0.06844105571508408,0.002,1e-05,1.0,1.0,False,False,multimodal,psd-fc-wpli,gated,cnn,False,none
multimodal_psd-fc-wpli_gated_cnn,11,sub17,sub01;sub05;sub07;sub08;sub09;sub10;sub11;sub13;sub14;sub15;sub16;sub20;sub22;sub24;sub27;sub28;sub29,sub18,90,0.0005494430661201477,0.06784630566835403,0.002,1e-05,1.0,1.0,False,False,multimodal,psd-fc-wpli,gated,cnn,False,none
multimodal_psd-fc-wpli_gated_cnn,11,sub17,sub01;sub05;sub07;sub08;sub09;sub10;sub11;sub13;sub14;sub15;sub16;sub20;sub22;sub24;sub27;sub28;sub29,sub18,91,0.0005396900232881308,0.0672936663031578,0.002,1e-05,1.0,1.0,False,False,multimodal,psd-fc-wpli,gated,cnn,False,none
multimodal_psd-fc-wpli_gated_cnn,11,sub17,sub01;sub05;sub07;sub08;sub09;sub10;sub11;sub13;sub14;sub15;sub16;sub20;sub22;sub24;sub27;sub28;sub29,sub18,92,0.0005303945508785546,0.06678561121225357,0.002,1e-05,1.0,1.0,False,False,multimodal,psd-fc-wpli,gated,cnn,False,none
multimodal_psd-fc-wpli_gated_cnn,11,sub17,sub01;sub05;sub07;sub08;sub09;sub10;sub11;sub13;sub14;sub15;sub16;sub20;sub22;sub24;sub27;sub28;sub29,sub18,93,0.0005214540869928896,0.06630583852529526,0.002,1e-05,1.0,1.0,False,False,multimodal,psd-fc-wpli,gated,cnn,False,none
multimodal_psd-fc-wpli_gated_cnn,11,sub17,sub01;sub05;sub07;sub08;sub09;sub10;sub11;sub13;sub14;sub15;sub16;sub20;sub22;sub24;sub27;sub28;sub29,sub18,94,0.0005128306802362204,0.06586156785488129,0.002,1e-05,1.0,1.0,False,False,multimodal,psd-fc-wpli,gated,cnn,False,none
multimodal_psd-fc-wpli_gated_cnn,11,sub17,sub01;sub05;sub07;sub08;sub09;sub10;sub11;sub13;sub14;sub15;sub16;sub20;sub22;sub24;sub27;sub28;sub29,sub18,95,0.0005044902209192514,0.06544886529445648,0.002,1e-05,1.0,1.0,False,False,multimodal,psd-fc-wpli,gated,cnn,False,none
multimodal_psd-fc-wpli_gated_cnn,11,sub17,sub01;sub05;sub07;sub08;sub09;sub10;sub11;sub13;sub14;sub15;sub16;sub20;sub22;sub24;sub27;sub28;sub29,sub18,96,0.000496364722494036,0.06505853682756424,0.002,1e-05,1.0,1.0,False,False,multimodal,psd-fc-wpli,gated,cnn,False,none
multimodal_psd-fc-wpli_gated_cnn,11,sub17,sub01;sub05;sub07;sub08;sub09;sub10;sub11;sub13;sub14;sub15;sub16;sub20;sub22;sub24;sub27;sub28;sub29,sub18,97,0.0004884694935753942,0.06465882062911987,0.002,1e-05,1.0,1.0,False,False,multimodal,psd-fc-wpli,gated,cnn,False,none
multimodal_psd-fc-wpli_gated_cnn,11,sub17,sub01;sub05;sub07;sub08;sub09;sub10;sub11;sub13;sub14;sub15;sub16;sub20;sub22;sub24;sub27;sub28;sub29,sub18,98,0.00048076207167468965,0.06423911452293396,0.002,1e-05,1.0,1.0,False,False,multimodal,psd-fc-wpli,gated,cnn,False,none
multimodal_psd-fc-wpli_gated_cnn,11,sub17,sub01;sub05;sub07;sub08;sub09;sub10;sub11;sub13;sub14;sub15;sub16;sub20;sub22;sub24;sub27;sub28;sub29,sub18,99,0.00047322659520432353,0.06373368948698044,0.002,1e-05,1.0,1.0,False,False,multimodal,psd-fc-wpli,gated,cnn,False,none
multimodal_psd-fc-wpli_gated_cnn,11,sub17,sub01;sub05;sub07;sub08;sub09;sub10;sub11;sub13;sub14;sub15;sub16;sub20;sub22;sub24;sub27;sub28;sub29,sub18,100,0.0004657990066334605,0.06325163692235947,0.002,1e-05,1.0,1.0,False,False,multimodal,psd-fc-wpli,gated,cnn,False,none
multimodal_psd-fc-wpli_gated_cnn,12,sub18,sub01;sub05;sub07;sub08;sub09;sub10;sub11;sub13;sub14;sub15;sub16;sub17;sub22;sub24;sub27;sub28;sub29,sub20,1,0.6969776749610901,0.6998178362846375,0.002,1e-05,1.0,1.0,True,False,multimodal,psd-fc-wpli,gated,cnn,False,none
multimodal_psd-fc-wpli_gated_cnn,12,sub18,sub01;sub05;sub07;sub08;sub09;sub10;sub11;sub13;sub14;sub15;sub16;sub17;sub22;sub24;sub27;sub28;sub29,sub20,2,0.6896962523460388,0.7044652700424194,0.002,1e-05,1.0,1.0,False,False,multimodal,psd-fc-wpli,gated,cnn,False,none
multimodal_psd-fc-wpli_gated_cnn,12,sub18,sub01;sub05;sub07;sub08;sub09;sub10;sub11;sub13;sub14;sub15;sub16;sub17;sub22;sub24;sub27;sub28;sub29,sub20,3,0.6826716065406799,0.707527220249176,0.002,1e-05,1.0,1.0,False,False,multimodal,psd-fc-wpli,gated,cnn,False,none
multimodal_psd-fc-wpli_gated_cnn,12,sub18,sub01;sub05;sub07;sub08;sub09;sub10;sub11;sub13;sub14;sub15;sub16;sub17;sub22;sub24;sub27;sub28;sub29,sub20,4,0.6747511029243469,0.7095763087272644,0.002,1e-05,1.0,1.0,False,False,multimodal,psd-fc-wpli,gated,cnn,False,none
multimodal_psd-fc-wpli_gated_cnn,12,sub18,sub01;sub05;sub07;sub08;sub09;sub10;sub11;sub13;sub14;sub15;sub16;sub17;sub22;sub24;sub27;sub28;sub29,sub20,5,0.6668792963027954,0.7113581299781799,0.002,1e-05,1.0,1.0,False,False,multimodal,psd-fc-wpli,gated,cnn,False,none
multimodal_psd-fc-wpli_gated_cnn,12,sub18,sub01;sub05;sub07;sub08;sub09;sub10;sub11;sub13;sub14;sub15;sub16;sub17;sub22;sub24;sub27;sub28;sub29,sub20,6,0.6589009165763855,0.7119075655937195,0.002,1e-05,1.0,1.0,False,False,multimodal,psd-fc-wpli,gated,cnn,False,none
multimodal_psd-fc-wpli_gated_cnn,12,sub18,sub01;sub05;sub07;sub08;sub09;sub10;sub11;sub13;sub14;sub15;sub16;sub17;sub22;sub24;sub27;sub28;sub29,sub20,7,0.6502204537391663,0.7116477489471436,0.002,1e-05,1.0,1.0,False,False,multimodal,psd-fc-wpli,gated,cnn,False,none
multimodal_psd-fc-wpli_gated_cnn,12,sub18,sub01;sub05;sub07;sub08;sub09;sub10;sub11;sub13;sub14;sub15;sub16;sub17;sub22;sub24;sub27;sub28;sub29,sub20,8,0.6406742930412292,0.7107024788856506,0.002,1e-05,1.0,1.0,False,False,multimodal,psd-fc-wpli,gated,cnn,False,none
multimodal_psd-fc-wpli_gated_cnn,12,sub18,sub01;sub05;sub07;sub08;sub09;sub10;sub11;sub13;sub14;sub15;sub16;sub17;sub22;sub24;sub27;sub28;sub29,sub20,9,0.630047619342804,0.7090208530426025,0.002,1e-05,1.0,1.0,False,False,multimodal,psd-fc-wpli,gated,cnn,False,none
multimodal_psd-fc-wpli_gated_cnn,12,sub18,sub01;sub05;sub07;sub08;sub09;sub10;sub11;sub13;sub14;sub15;sub16;sub17;sub22;sub24;sub27;sub28;sub29,sub20,10,0.6184881925582886,0.7077986001968384,0.002,1e-05,1.0,1.0,False,False,multimodal,psd-fc-wpli,gated,cnn,False,none
multimodal_psd-fc-wpli_gated_cnn,12,sub18,sub01;sub05;sub07;sub08;sub09;sub10;sub11;sub13;sub14;sub15;sub16;sub17;sub22;sub24;sub27;sub28;sub29,sub20,11,0.6057981848716736,0.7056394815444946,0.002,1e-05,1.0,1.0,False,False,multimodal,psd-fc-wpli,gated,cnn,False,none
multimodal_psd-fc-wpli_gated_cnn,12,sub18,sub01;sub05;sub07;sub08;sub09;sub10;sub11;sub13;sub14;sub15;sub16;sub17;sub22;sub24;sub27;sub28;sub29,sub20,12,0.5918660759925842,0.7030413150787354,0.002,1e-05,1.0,1.0,False,False,multimodal,psd-fc-wpli,gated,cnn,False,none
multimodal_psd-fc-wpli_gated_cnn,12,sub18,sub01;sub05;sub07;sub08;sub09;sub10;sub11;sub13;sub14;sub15;sub16;sub17;sub22;sub24;sub27;sub28;sub29,sub20,13,0.5768045783042908,0.7008286714553833,0.002,1e-05,1.0,1.0,False,False,multimodal,psd-fc-wpli,gated,cnn,False,none
multimodal_psd-fc-wpli_gated_cnn,12,sub18,sub01;sub05;sub07;sub08;sub09;sub10;sub11;sub13;sub14;sub15;sub16;sub17;sub22;sub24;sub27;sub28;sub29,sub20,14,0.5608053803443909,0.7000569701194763,0.002,1e-05,1.0,1.0,False,False,multimodal,psd-fc-wpli,gated,cnn,False,none
multimodal_psd-fc-wpli_gated_cnn,12,sub18,sub01;sub05;sub07;sub08;sub09;sub10;sub11;sub13;sub14;sub15;sub16;sub17;sub22;sub24;sub27;sub28;sub29,sub20,15,0.5435925126075745,0.7015200853347778,0.002,1e-05,1.0,1.0,False,False,multimodal,psd-fc-wpli,gated,cnn,False,none
multimodal_psd-fc-wpli_gated_cnn,12,sub18,sub01;sub05;sub07;sub08;sub09;sub10;sub11;sub13;sub14;sub15;sub16;sub17;sub22;sub24;sub27;sub28;sub29,sub20,16,0.5254901647567749,0.7037155628204346,0.002,1e-05,1.0,1.0,False,False,multimodal,psd-fc-wpli,gated,cnn,False,none
multimodal_psd-fc-wpli_gated_cnn,12,sub18,sub01;sub05;sub07;sub08;sub09;sub10;sub11;sub13;sub14;sub15;sub16;sub17;sub22;sub24;sub27;sub28;sub29,sub20,17,0.5060181617736816,0.7036787271499634,0.002,1e-05,1.0,1.0,False,False,multimodal,psd-fc-wpli,gated,cnn,False,none
multimodal_psd-fc-wpli_gated_cnn,12,sub18,sub01;sub05;sub07;sub08;sub09;sub10;sub11;sub13;sub14;sub15;sub16;sub17;sub22;sub24;sub27;sub28;sub29,sub20,18,0.4853682816028595,0.6990531086921692,0.002,1e-05,1.0,1.0,True,False,multimodal,psd-fc-wpli,gated,cnn,False,none
multimodal_psd-fc-wpli_gated_cnn,12,sub18,sub01;sub05;sub07;sub08;sub09;sub10;sub11;sub13;sub14;sub15;sub16;sub17;sub22;sub24;sub27;sub28;sub29,sub20,19,0.4633743464946747,0.682829737663269,0.002,1e-05,1.0,1.0,True,False,multimodal,psd-fc-wpli,gated,cnn,False,none
multimodal_psd-fc-wpli_gated_cnn,12,sub18,sub01;sub05;sub07;sub08;sub09;sub10;sub11;sub13;sub14;sub15;sub16;sub17;sub22;sub24;sub27;sub28;sub29,sub20,20,0.44028574228286743,0.6474810242652893,0.002,1e-05,1.0,1.0,True,False,multimodal,psd-fc-wpli,gated,cnn,False,none
multimodal_psd-fc-wpli_gated_cnn,12,sub18,sub01;sub05;sub07;sub08;sub09;sub10;sub11;sub13;sub14;sub15;sub16;sub17;sub22;sub24;sub27;sub28;sub29,sub20,21,0.4156244099140167,0.5923373103141785,0.002,1e-05,1.0,1.0,True,False,multimodal,psd-fc-wpli,gated,cnn,False,none
multimodal_psd-fc-wpli_gated_cnn,12,sub18,sub01;sub05;sub07;sub08;sub09;sub10;sub11;sub13;sub14;sub15;sub16;sub17;sub22;sub24;sub27;sub28;sub29,sub20,22,0.3899390399456024,0.522437572479248,0.002,1e-05,1.0,1.0,True,False,multimodal,psd-fc-wpli,gated,cnn,False,none
multimodal_psd-fc-wpli_gated_cnn,12,sub18,sub01;sub05;sub07;sub08;sub09;sub10;sub11;sub13;sub14;sub15;sub16;sub17;sub22;sub24;sub27;sub28;sub29,sub20,23,0.3633882403373718,0.44719353318214417,0.002,1e-05,1.0,1.0,True,False,multimodal,psd-fc-wpli,gated,cnn,False,none
multimodal_psd-fc-wpli_gated_cnn,12,sub18,sub01;sub05;sub07;sub08;sub09;sub10;sub11;sub13;sub14;sub15;sub16;sub17;sub22;sub24;sub27;sub28;sub29,sub20,24,0.33654460310935974,0.3778935372829437,0.002,1e-05,1.0,1.0,True,False,multimodal,psd-fc-wpli,gated,cnn,False,none
multimodal_psd-fc-wpli_gated_cnn,12,sub18,sub01;sub05;sub07;sub08;sub09;sub10;sub11;sub13;sub14;sub15;sub16;sub17;sub22;sub24;sub27;sub28;sub29,sub20,25,0.30968743562698364,0.31956925988197327,0.002,1e-05,1.0,1.0,True,False,multimodal,psd-fc-wpli,gated,cnn,False,none
multimodal_psd-fc-wpli_gated_cnn,12,sub18,sub01;sub05;sub07;sub08;sub09;sub10;sub11;sub13;sub14;sub15;sub16;sub17;sub22;sub24;sub27;sub28;sub29,sub20,26,0.28303301334381104,0.27554652094841003,0.002,1e-05,1.0,1.0,True,False,multimodal,psd-fc-wpli,gated,cnn,False,none
multimodal_psd-fc-wpli_gated_cnn,12,sub18,sub01;sub05;sub07;sub08;sub09;sub10;sub11;sub13;sub14;sub15;sub16;sub17;sub22;sub24;sub27;sub28;sub29,sub20,27,0.2566097378730774,0.2440500110387802,0.002,1e-05,1.0,1.0,True,False,multimodal,psd-fc-wpli,gated,cnn,False,none
multimodal_psd-fc-wpli_gated_cnn,12,sub18,sub01;sub05;sub07;sub08;sub09;sub10;sub11;sub13;sub14;sub15;sub16;sub17;sub22;sub24;sub27;sub28;sub29,sub20,28,0.23069323599338531,0.21911679208278656,0.002,1e-05,1.0,1.0,True,False,multimodal,psd-fc-wpli,gated,cnn,False,none
multimodal_psd-fc-wpli_gated_cnn,12,sub18,sub01;sub05;sub07;sub08;sub09;sub10;sub11;sub13;sub14;sub15;sub16;sub17;sub22;sub24;sub27;sub28;sub29,sub20,29,0.20559269189834595,0.1963576078414917,0.002,1e-05,1.0,1.0,True,False,multimodal,psd-fc-wpli,gated,cnn,False,none
multimodal_psd-fc-wpli_gated_cnn,12,sub18,sub01;sub05;sub07;sub08;sub09;sub10;sub11;sub13;sub14;sub15;sub16;sub17;sub22;sub24;sub27;sub28;sub29,sub20,30,0.18141956627368927,0.16960740089416504,0.002,1e-05,1.0,1.0,True,False,multimodal,psd-fc-wpli,gated,cnn,False,none
multimodal_psd-fc-wpli_gated_cnn,12,sub18,sub01;sub05;sub07;sub08;sub09;sub10;sub11;sub13;sub14;sub15;sub16;sub17;sub22;sub24;sub27;sub28;sub29,sub20,31,0.15829285979270935,0.13993945717811584,0.002,1e-05,1.0,1.0,True,False,multimodal,psd-fc-wpli,gated,cnn,False,none
multimodal_psd-fc-wpli_gated_cnn,12,sub18,sub01;sub05;sub07;sub08;sub09;sub10;sub11;sub13;sub14;sub15;sub16;sub17;sub22;sub24;sub27;sub28;sub29,sub20,32,0.1362673044204712,0.11184138059616089,0.002,1e-05,1.0,1.0,True,False,multimodal,psd-fc-wpli,gated,cnn,False,none
multimodal_psd-fc-wpli_gated_cnn,12,sub18,sub01;sub05;sub07;sub08;sub09;sub10;sub11;sub13;sub14;sub15;sub16;sub17;sub22;sub24;sub27;sub28;sub29,sub20,33,0.11594394594430923,0.09058842808008194,0.002,1e-05,1.0,1.0,True,False,multimodal,psd-fc-wpli,gated,cnn,False,none
multimodal_psd-fc-wpli_gated_cnn,12,sub18,sub01;sub05;sub07;sub08;sub09;sub10;sub11;sub13;sub14;sub15;sub16;sub17;sub22;sub24;sub27;sub28;sub29,sub20,34,0.09768357127904892,0.07519801706075668,0.002,1e-05,1.0,1.0,True,False,multimodal,psd-fc-wpli,gated,cnn,False,none
multimodal_psd-fc-wpli_gated_cnn,12,sub18,sub01;sub05;sub07;sub08;sub09;sub10;sub11;sub13;sub14;sub15;sub16;sub17;sub22;sub24;sub27;sub28;sub29,sub20,35,0.08159688860177994,0.06387002766132355,0.002,1e-05,1.0,1.0,True,False,multimodal,psd-fc-wpli,gated,cnn,False,none
multimodal_psd-fc-wpli_gated_cnn,12,sub18,sub01;sub05;sub07;sub08;sub09;sub10;sub11;sub13;sub14;sub15;sub16;sub17;sub22;sub24;sub27;sub28;sub29,sub20,36,0.06759897619485855,0.05500055104494095,0.002,1e-05,1.0,1.0,True,False,multimodal,psd-fc-wpli,gated,cnn,False,none
multimodal_psd-fc-wpli_gated_cnn,12,sub18,sub01;sub05;sub07;sub08;sub09;sub10;sub11;sub13;sub14;sub15;sub16;sub17;sub22;sub24;sub27;sub28;sub29,sub20,37,0.05550006404519081,0.04855962470173836,0.002,1e-05,1.0,1.0,True,False,multimodal,psd-fc-wpli,gated,cnn,False,none
multimodal_psd-fc-wpli_gated_cnn,12,sub18,sub01;sub05;sub07;sub08;sub09;sub10;sub11;sub13;sub14;sub15;sub16;sub17;sub22;sub24;sub27;sub28;sub29,sub20,38,0.04545022174715996,0.04401490092277527,0.002,1e-05,1.0,1.0,True,False,multimodal,psd-fc-wpli,gated,cnn,False,none
multimodal_psd-fc-wpli_gated_cnn,12,sub18,sub01;sub05;sub07;sub08;sub09;sub10;sub11;sub13;sub14;sub15;sub16;sub17;sub22;sub24;sub27;sub28;sub29,sub20,39,0.03716595843434334,0.04049505293369293,0.002,1e-05,1.0,1.0,True,False,multimodal,psd-fc-wpli,gated,cnn,False,none
multimodal_psd-fc-wpli_gated_cnn,12,sub18,sub01;sub05;sub07;sub08;sub09;sub10;sub11;sub13;sub14;sub15;sub16;sub17;sub22;sub24;sub27;sub28;sub29,sub20,40,0.030243929475545883,0.03705057501792908,0.002,1e-05,1.0,1.0,True,False,multimodal,psd-fc-wpli,gated,cnn,False,none
multimodal_psd-fc-wpli_gated_cnn,12,sub18,sub01;sub05;sub07;sub08;sub09;sub10;sub11;sub13;sub14;sub15;sub16;sub17;sub22;sub24;sub27;sub28;sub29,sub20,41,0.024555211886763573,0.03313710540533066,0.002,1e-05,1.0,1.0,True,False,multimodal,psd-fc-wpli,gated,cnn,False,none
multimodal_psd-fc-wpli_gated_cnn,12,sub18,sub01;sub05;sub07;sub08;sub09;sub10;sub11;sub13;sub14;sub15;sub16;sub17;sub22;sub24;sub27;sub28;sub29,sub20,42,0.01994970440864563,0.028729865327477455,0.002,1e-05,1.0,1.0,True,False,multimodal,psd-fc-wpli,gated,cnn,False,none
multimodal_psd-fc-wpli_gated_cnn,12,sub18,sub01;sub05;sub07;sub08;sub09;sub10;sub11;sub13;sub14;sub15;sub16;sub17;sub22;sub24;sub27;sub28;sub29,sub20,43,0.016248220577836037,0.024196194484829903,0.002,1e-05,1.0,1.0,True,False,multimodal,psd-fc-wpli,gated,cnn,False,none
multimodal_psd-fc-wpli_gated_cnn,12,sub18,sub01;sub05;sub07;sub08;sub09;sub10;sub11;sub13;sub14;sub15;sub16;sub17;sub22;sub24;sub27;sub28;sub29,sub20,44,0.013285692781209946,0.020056787878274918,0.002,1e-05,1.0,1.0,True,False,multimodal,psd-fc-wpli,gated,cnn,False,none
multimodal_psd-fc-wpli_gated_cnn,12,sub18,sub01;sub05;sub07;sub08;sub09;sub10;sub11;sub13;sub14;sub15;sub16;sub17;sub22;sub24;sub27;sub28;sub29,sub20,45,0.010930122807621956,0.016560491174459457,0.002,1e-05,1.0,1.0,True,False,multimodal,psd-fc-wpli,gated,cnn,False,none
multimodal_psd-fc-wpli_gated_cnn,12,sub18,sub01;sub05;sub07;sub08;sub09;sub10;sub11;sub13;sub14;sub15;sub16;sub17;sub22;sub24;sub27;sub28;sub29,sub20,46,0.009055239148437977,0.013749396428465843,0.002,1e-05,1.0,1.0,True,False,multimodal,psd-fc-wpli,gated,cnn,False,none
multimodal_psd-fc-wpli_gated_cnn,12,sub18,sub01;sub05;sub07;sub08;sub09;sub10;sub11;sub13;sub14;sub15;sub16;sub17;sub22;sub24;sub27;sub28;sub29,sub20,47,0.007564126513898373,0.011579420417547226,0.002,1e-05,1.0,1.0,True,False,multimodal,psd-fc-wpli,gated,cnn,False,none
multimodal_psd-fc-wpli_gated_cnn,12,sub18,sub01;sub05;sub07;sub08;sub09;sub10;sub11;sub13;sub14;sub15;sub16;sub17;sub22;sub24;sub27;sub28;sub29,sub20,48,0.006365686655044556,0.009910054504871368,0.002,1e-05,1.0,1.0,True,False,multimodal,psd-fc-wpli,gated,cnn,False,none
multimodal_psd-fc-wpli_gated_cnn,12,sub18,sub01;sub05;sub07;sub08;sub09;sub10;sub11;sub13;sub14;sub15;sub16;sub17;sub22;sub24;sub27;sub28;sub29,sub20,49,0.005394993349909782,0.00861380249261856,0.002,1e-05,1.0,1.0,True,False,multimodal,psd-fc-wpli,gated,cnn,False,none
multimodal_psd-fc-wpli_gated_cnn,12,sub18,sub01;sub05;sub07;sub08;sub09;sub10;sub11;sub13;sub14;sub15;sub16;sub17;sub22;sub24;sub27;sub28;sub29,sub20,50,0.004606502130627632,0.007548377849161625,0.002,1e-05,1.0,1.0,True,False,multimodal,psd-fc-wpli,gated,cnn,False,none
multimodal_psd-fc-wpli_gated_cnn,12,sub18,sub01;sub05;sub07;sub08;sub09;sub10;sub11;sub13;sub14;sub15;sub16;sub17;sub22;sub24;sub27;sub28;sub29,sub20,51,0.003965927753597498,0.006629158742725849,0.002,1e-05,1.0,1.0,True,False,multimodal,psd-fc-wpli,gated,cnn,False,none
multimodal_psd-fc-wpli_gated_cnn,12,sub18,sub01;sub05;sub07;sub08;sub09;sub10;sub11;sub13;sub14;sub15;sub16;sub17;sub22;sub24;sub27;sub28;sub29,sub20,52,0.003441578010097146,0.005795671138912439,0.002,1e-05,1.0,1.0,True,False,multimodal,psd-fc-wpli,gated,cnn,False,none
multimodal_psd-fc-wpli_gated_cnn,12,sub18,sub01;sub05;sub07;sub08;sub09;sub10;sub11;sub13;sub14;sub15;sub16;sub17;sub22;sub24;sub27;sub28;sub29,sub20,53,0.0030039511620998383,0.0050520747900009155,0.002,1e-05,1.0,1.0,True,False,multimodal,psd-fc-wpli,gated,cnn,False,none
multimodal_psd-fc-wpli_gated_cnn,12,sub18,sub01;sub05;sub07;sub08;sub09;sub10;sub11;sub13;sub14;sub15;sub16;sub17;sub22;sub24;sub27;sub28;sub29,sub20,54,0.0026347588282078505,0.004392960574477911,0.002,1e-05,1.0,1.0,True,False,multimodal,psd-fc-wpli,gated,cnn,False,none
multimodal_psd-fc-wpli_gated_cnn,12,sub18,sub01;sub05;sub07;sub08;sub09;sub10;sub11;sub13;sub14;sub15;sub16;sub17;sub22;sub24;sub27;sub28;sub29,sub20,55,0.0023216030094772577,0.0038271374069154263,0.002,1e-05,1.0,1.0,True,False,multimodal,psd-fc-wpli,gated,cnn,False,none
multimodal_psd-fc-wpli_gated_cnn,12,sub18,sub01;sub05;sub07;sub08;sub09;sub10;sub11;sub13;sub14;sub15;sub16;sub17;sub22;sub24;sub27;sub28;sub29,sub20,56,0.0020572522189468145,0.0033533109817653894,0.002,1e-05,1.0,1.0,True,False,multimodal,psd-fc-wpli,gated,cnn,False,none
multimodal_psd-fc-wpli_gated_cnn,12,sub18,sub01;sub05;sub07;sub08;sub09;sub10;sub11;sub13;sub14;sub15;sub16;sub17;sub22;sub24;sub27;sub28;sub29,sub20,57,0.001836232841014862,0.0029723667539656162,0.002,1e-05,1.0,1.0,True,False,multimodal,psd-fc-wpli,gated,cnn,False,none
multimodal_psd-fc-wpli_gated_cnn,12,sub18,sub01;sub05;sub07;sub08;sub09;sub10;sub11;sub13;sub14;sub15;sub16;sub17;sub22;sub24;sub27;sub28;sub29,sub20,58,0.0016507914988324046,0.0026677038986235857,0.002,1e-05,1.0,1.0,True,False,multimodal,psd-fc-wpli,gated,cnn,False,none
multimodal_psd-fc-wpli_gated_cnn,12,sub18,sub01;sub05;sub07;sub08;sub09;sub10;sub11;sub13;sub14;sub15;sub16;sub17;sub22;sub24;sub27;sub28;sub29,sub20,59,0.0014923913404345512,0.002424494596198201,0.002,1e-05,1.0,1.0,True,False,multimodal,psd-fc-wpli,gated,cnn,False,none
multimodal_psd-fc-wpli_gated_cnn,12,sub18,sub01;sub05;sub07;sub08;sub09;sub10;sub11;sub13;sub14;sub15;sub16;sub17;sub22;sub24;sub27;sub28;sub29,sub20,60,0.0013566340785473585,0.0022305671591311693,0.002,1e-05,1.0,1.0,True,False,multimodal,psd-fc-wpli,gated,cnn,False,none
multimodal_psd-fc-wpli_gated_cnn,12,sub18,sub01;sub05;sub07;sub08;sub09;sub10;sub11;sub13;sub14;sub15;sub16;sub17;sub22;sub24;sub27;sub28;sub29,sub20,61,0.001238765544258058,0.002074006712064147,0.002,1e-05,1.0,1.0,True,False,multimodal,psd-fc-wpli,gated,cnn,False,none
multimodal_psd-fc-wpli_gated_cnn,12,sub18,sub01;sub05;sub07;sub08;sub09;sub10;sub11;sub13;sub14;sub15;sub16;sub17;sub22;sub24;sub27;sub28;sub29,sub20,62,0.0011363895609974861,0.0019459571922197938,0.002,1e-05,1.0,1.0,True,False,multimodal,psd-fc-wpli,gated,cnn,False,none
multimodal_psd-fc-wpli_gated_cnn,12,sub18,sub01;sub05;sub07;sub08;sub09;sub10;sub11;sub13;sub14;sub15;sub16;sub17;sub22;sub24;sub27;sub28;sub29,sub20,63,0.0010474061127752066,0.0018397197127342224,0.002,1e-05,1.0,1.0,True,False,multimodal,psd-fc-wpli,gated,cnn,False,none
multimodal_psd-fc-wpli_gated_cnn,12,sub18,sub01;sub05;sub07;sub08;sub09;sub10;sub11;sub13;sub14;sub15;sub16;sub17;sub22;sub24;sub27;sub28;sub29,sub20,64,0.0009697601199150085,0.0017489579040557146,0.002,1e-05,1.0,1.0,True,False,multimodal,psd-fc-wpli,gated,cnn,False,none
multimodal_psd-fc-wpli_gated_cnn,12,sub18,sub01;sub05;sub07;sub08;sub09;sub10;sub11;sub13;sub14;sub15;sub16;sub17;sub22;sub24;sub27;sub28;sub29,sub20,65,0.0009020337020047009,0.0016712198266759515,0.002,1e-05,1.0,1.0,True,False,multimodal,psd-fc-wpli,gated,cnn,False,none
multimodal_psd-fc-wpli_gated_cnn,12,sub18,sub01;sub05;sub07;sub08;sub09;sub10;sub11;sub13;sub14;sub15;sub16;sub17;sub22;sub24;sub27;sub28;sub29,sub20,66,0.00084214675007388,0.0016047114040702581,0.002,1e-05,1.0,1.0,True,False,multimodal,psd-fc-wpli,gated,cnn,False,none
multimodal_psd-fc-wpli_gated_cnn,12,sub18,sub01;sub05;sub07;sub08;sub09;sub10;sub11;sub13;sub14;sub15;sub16;sub17;sub22;sub24;sub27;sub28;sub29,sub20,67,0.0007888977415859699,0.001545191858895123,0.002,1e-05,1.0,1.0,True,False,multimodal,psd-fc-wpli,gated,cnn,False,none
multimodal_psd-fc-wpli_gated_cnn,12,sub18,sub01;sub05;sub07;sub08;sub09;sub10;sub11;sub13;sub14;sub15;sub16;sub17;sub22;sub24;sub27;sub28;sub29,sub20,68,0.0007410130347125232,0.0014923616545274854,0.002,1e-05,1.0,1.0,True,False,multimodal,psd-fc-wpli,gated,cnn,False,none
multimodal_psd-fc-wpli_gated_cnn,12,sub18,sub01;sub05;sub07;sub08;sub09;sub10;sub11;sub13;sub14;sub15;sub16;sub17;sub22;sub24;sub27;sub28;sub29,sub20,69,0.0006977623561397195,0.0014450853923335671,0.002,1e-05,1.0,1.0,True,False,multimodal,psd-fc-wpli,gated,cnn,False,none
multimodal_psd-fc-wpli_gated_cnn,12,sub18,sub01;sub05;sub07;sub08;sub09;sub10;sub11;sub13;sub14;sub15;sub16;sub17;sub22;sub24;sub27;sub28;sub29,sub20,70,0.0006586416275240481,0.0014018701622262597,0.002,1e-05,1.0,1.0,True,False,multimodal,psd-fc-wpli,gated,cnn,False,none
multimodal_psd-fc-wpli_gated_cnn,12,sub18,sub01;sub05;sub07;sub08;sub09;sub10;sub11;sub13;sub14;sub15;sub16;sub17;sub22;sub24;sub27;sub28;sub29,sub20,71,0.0006230398430489004,0.001361402333714068,0.002,1e-05,1.0,1.0,True,False,multimodal,psd-fc-wpli,gated,cnn,False,none
multimodal_psd-fc-wpli_gated_cnn,12,sub18,sub01;sub05;sub07;sub08;sub09;sub10;sub11;sub13;sub14;sub15;sub16;sub17;sub22;sub24;sub27;sub28;sub29,sub20,72,0.0005905930884182453,0.0013233234640210867,0.002,1e-05,1.0,1.0,True,False,multimodal,psd-fc-wpli,gated,cnn,False,none
multimodal_psd-fc-wpli_gated_cnn,12,sub18,sub01;sub05;sub07;sub08;sub09;sub10;sub11;sub13;sub14;sub15;sub16;sub17;sub22;sub24;sub27;sub28;sub29,sub20,73,0.0005608945502899587,0.0012874542735517025,0.002,1e-05,1.0,1.0,True,False,multimodal,psd-fc-wpli,gated,cnn,False,none
multimodal_psd-fc-wpli_gated_cnn,12,sub18,sub01;sub05;sub07;sub08;sub09;sub10;sub11;sub13;sub14;sub15;sub16;sub17;sub22;sub24;sub27;sub28;sub29,sub20,74,0.000533604237716645,0.001253675203770399,0.002,1e-05,1.0,1.0,True,False,multimodal,psd-fc-wpli,gated,cnn,False,none
multimodal_psd-fc-wpli_gated_cnn,12,sub18,sub01;sub05;sub07;sub08;sub09;sub10;sub11;sub13;sub14;sub15;sub16;sub17;sub22;sub24;sub27;sub28;sub29,sub20,75,0.0005084169679321349,0.0012209117412567139,0.002,1e-05,1.0,1.0,True,False,multimodal,psd-fc-wpli,gated,cnn,False,none
multimodal_psd-fc-wpli_gated_cnn,12,sub18,sub01;sub05;sub07;sub08;sub09;sub10;sub11;sub13;sub14;sub15;sub16;sub17;sub22;sub24;sub27;sub28;sub29,sub20,76,0.00048501163837499917,0.0011891041649505496,0.002,1e-05,1.0,1.0,True,False,multimodal,psd-fc-wpli,gated,cnn,False,none
multimodal_psd-fc-wpli_gated_cnn,12,sub18,sub01;sub05;sub07;sub08;sub09;sub10;sub11;sub13;sub14;sub15;sub16;sub17;sub22;sub24;sub27;sub28;sub29,sub20,77,0.00046313280472531915,0.001157715218141675,0.002,1e-05,1.0,1.0,True,False,multimodal,psd-fc-wpli,gated,cnn,False,none
multimodal_psd-fc-wpli_gated_cnn,12,sub18,sub01;sub05;sub07;sub08;sub09;sub10;sub11;sub13;sub14;sub15;sub16;sub17;sub22;sub24;sub27;sub28;sub29,sub20,78,0.00044269266072660685,0.001126387040130794,0.002,1e-05,1.0,1.0,True,False,multimodal,psd-fc-wpli,gated,cnn,False,none
multimodal_psd-fc-wpli_gated_cnn,12,sub18,sub01;sub05;sub07;sub08;sub09;sub10;sub11;sub13;sub14;sub15;sub16;sub17;sub22;sub24;sub27;sub28;sub29,sub20,79,0.0004234154475852847,0.0010952985612675548,0.002,1e-05,1.0,1.0,True,False,multimodal,psd-fc-wpli,gated,cnn,False,none
multimodal_psd-fc-wpli_gated_cnn,12,sub18,sub01;sub05;sub07;sub08;sub09;sub10;sub11;sub13;sub14;sub15;sub16;sub17;sub22;sub24;sub27;sub28;sub29,sub20,80,0.00040522453491576016,0.001064568990841508,0.002,1e-05,1.0,1.0,True,False,multimodal,psd-fc-wpli,gated,cnn,False,none
multimodal_psd-fc-wpli_gated_cnn,12,sub18,sub01;sub05;sub07;sub08;sub09;sub10;sub11;sub13;sub14;sub15;sub16;sub17;sub22;sub24;sub27;sub28;sub29,sub20,81,0.0003880431177094579,0.0010341983288526535,0.002,1e-05,1.0,1.0,True,False,multimodal,psd-fc-wpli,gated,cnn,False,none
multimodal_psd-fc-wpli_gated_cnn,12,sub18,sub01;sub05;sub07;sub08;sub09;sub10;sub11;sub13;sub14;sub15;sub16;sub17;sub22;sub24;sub27;sub28;sub29,sub20,82,0.00037174695171415806,0.0010038285981863737,0.002,1e-05,1.0,1.0,True,False,multimodal,psd-fc-wpli,gated,cnn,False,none
multimodal_psd-fc-wpli_gated_cnn,12,sub18,sub01;sub05;sub07;sub08;sub09;sub10;sub11;sub13;sub14;sub15;sub16;sub17;sub22;sub24;sub27;sub28;sub29,sub20,83,0.0003562455822248012,0.0009734598570503294,0.002,1e-05,1.0,1.0,True,False,multimodal,psd-fc-wpli,gated,cnn,False,none
multimodal_psd-fc-wpli_gated_cnn,12,sub18,sub01;sub05;sub07;sub08;sub09;sub10;sub11;sub13;sub14;sub15;sub16;sub17;sub22;sub24;sub27;sub28;sub29,sub20,84,0.00034148391569033265,0.0009434499661438167,0.002,1e-05,1.0,1.0,True,False,multimodal,psd-fc-wpli,gated,cnn,False,none
multimodal_psd-fc-wpli_gated_cnn,12,sub18,sub01;sub05;sub07;sub08;sub09;sub10;sub11;sub13;sub14;sub15;sub16;sub17;sub22;sub24;sub27;sub28;sub29,sub20,85,0.0003273844195064157,0.0009137989836744964,0.002,1e-05,1.0,1.0,True,False,multimodal,psd-fc-wpli,gated,cnn,False,none
multimodal_psd-fc-wpli_gated_cnn,12,sub18,sub01;sub05;sub07;sub08;sub09;sub10;sub11;sub13;sub14;sub15;sub16;sub17;sub22;sub24;sub27;sub28;sub29,sub20,86,0.0003138786705676466,0.0008848647121340036,0.002,1e-05,1.0,1.0,True,False,multimodal,psd-fc-wpli,gated,cnn,False,none
multimodal_psd-fc-wpli_gated_cnn,12,sub18,sub01;sub05;sub07;sub08;sub09;sub10;sub11;sub13;sub14;sub15;sub16;sub17;sub22;sub24;sub27;sub28;sub29,sub20,87,0.00030088808853179216,0.0008566471515223384,0.002,1e-05,1.0,1.0,True,False,multimodal,psd-fc-wpli,gated,cnn,False,none
multimodal_psd-fc-wpli_gated_cnn,12,sub18,sub01;sub05;sub07;sub08;sub09;sub10;sub11;sub13;sub14;sub15;sub16;sub17;sub22;sub24;sub27;sub28;sub29,sub20,88,0.00028839297010563314,0.0008292059064842761,0.002,1e-05,1.0,1.0,True,False,multimodal,psd-fc-wpli,gated,cnn,False,none
multimodal_psd-fc-wpli_gated_cnn,12,sub18,sub01;sub05;sub07;sub08;sub09;sub10;sub11;sub13;sub14;sub15;sub16;sub17;sub22;sub24;sub27;sub28;sub29,sub20,89,0.00027634212165139616,0.0008027794538065791,0.002,1e-05,1.0,1.0,True,False,multimodal,psd-fc-wpli,gated,cnn,False,none
multimodal_psd-fc-wpli_gated_cnn,12,sub18,sub01;sub05;sub07;sub08;sub09;sub10;sub11;sub13;sub14;sub15;sub16;sub17;sub22;sub24;sub27;sub28;sub29,sub20,90,0.00026476552011445165,0.0007774274563416839,0.002,1e-05,1.0,1.0,True,False,multimodal,psd-fc-wpli,gated,cnn,False,none
multimodal_psd-fc-wpli_gated_cnn,12,sub18,sub01;sub05;sub07;sub08;sub09;sub10;sub11;sub13;sub14;sub15;sub16;sub17;sub22;sub24;sub27;sub28;sub29,sub20,91,0.000253587553743273,0.0007529708673246205,0.002,1e-05,1.0,1.0,True,False,multimodal,psd-fc-wpli,gated,cnn,False,none
multimodal_psd-fc-wpli_gated_cnn,12,sub18,sub01;sub05;sub07;sub08;sub09;sub10;sub11;sub13;sub14;sub15;sub16;sub17;sub22;sub24;sub27;sub28;sub29,sub20,92,0.00024282252707052976,0.0007295288960449398,0.002,1e-05,1.0,1.0,True,False,multimodal,psd-fc-wpli,gated,cnn,False,none
multimodal_psd-fc-wpli_gated_cnn,12,sub18,sub01;sub05;sub07;sub08;sub09;sub10;sub11;sub13;sub14;sub15;sub16;sub17;sub22;sub24;sub27;sub28;sub29,sub20,93,0.0002324223896721378,0.0007069224957376719,0.002,1e-05,1.0,1.0,True,False,multimodal,psd-fc-wpli,gated,cnn,False,none
multimodal_psd-fc-wpli_gated_cnn,12,sub18,sub01;sub05;sub07;sub08;sub09;sub10;sub11;sub13;sub14;sub15;sub16;sub17;sub22;sub24;sub27;sub28;sub29,sub20,94,0.00022240904218051583,0.0006856884574517608,0.002,1e-05,1.0,1.0,True,False,multimodal,psd-fc-wpli,gated,cnn,False,none
multimodal_psd-fc-wpli_gated_cnn,12,sub18,sub01;sub05;sub07;sub08;sub09;sub10;sub11;sub13;sub14;sub15;sub16;sub17;sub22;sub24;sub27;sub28;sub29,sub20,95,0.00021275387553032488,0.000665349536575377,0.002,1e-05,1.0,1.0,True,False,multimodal,psd-fc-wpli,gated,cnn,False,none
multimodal_psd-fc-wpli_gated_cnn,12,sub18,sub01;sub05;sub07;sub08;sub09;sub10;sub11;sub13;sub14;sub15;sub16;sub17;sub22;sub24;sub27;sub28;sub29,sub20,96,0.00020347152894828469,0.0006456670816987753,0.002,1e-05,1.0,1.0,True,False,multimodal,psd-fc-wpli,gated,cnn,False,none
multimodal_psd-fc-wpli_gated_cnn,12,sub18,sub01;sub05;sub07;sub08;sub09;sub10;sub11;sub13;sub14;sub15;sub16;sub17;sub22;sub24;sub27;sub28;sub29,sub20,97,0.00019452378910500556,0.0006269393488764763,0.002,1e-05,1.0,1.0,True,False,multimodal,psd-fc-wpli,gated,cnn,False,none
multimodal_psd-fc-wpli_gated_cnn,12,sub18,sub01;sub05;sub07;sub08;sub09;sub10;sub11;sub13;sub14;sub15;sub16;sub17;sub22;sub24;sub27;sub28;sub29,sub20,98,0.0001859378389781341,0.0006087486981414258,0.002,1e-05,1.0,1.0,True,False,multimodal,psd-fc-wpli,gated,cnn,False,none
multimodal_psd-fc-wpli_gated_cnn,12,sub18,sub01;sub05;sub07;sub08;sub09;sub10;sub11;sub13;sub14;sub15;sub16;sub17;sub22;sub24;sub27;sub28;sub29,sub20,99,0.00017768837278708816,0.0005914529319852591,0.002,1e-05,1.0,1.0,True,False,multimodal,psd-fc-wpli,gated,cnn,False,none
multimodal_psd-fc-wpli_gated_cnn,12,sub18,sub01;sub05;sub07;sub08;sub09;sub10;sub11;sub13;sub14;sub15;sub16;sub17;sub22;sub24;sub27;sub28;sub29,sub20,100,0.0001697708503343165,0.0005748731782659888,0.002,1e-05,1.0,1.0,True,False,multimodal,psd-fc-wpli,gated,cnn,False,none
multimodal_psd-fc-wpli_gated_cnn,13,sub20,sub01;sub05;sub07;sub08;sub09;sub10;sub11;sub13;sub14;sub15;sub16;sub17;sub18;sub24;sub27;sub28;sub29,sub22,1,0.6968702673912048,0.6516227126121521,0.002,1e-05,1.0,1.0,True,False,multimodal,psd-fc-wpli,gated,cnn,False,none
multimodal_psd-fc-wpli_gated_cnn,13,sub20,sub01;sub05;sub07;sub08;sub09;sub10;sub11;sub13;sub14;sub15;sub16;sub17;sub18;sub24;sub27;sub28;sub29,sub22,2,0.686974287033081,0.6552122831344604,0.002,1e-05,1.0,1.0,False,False,multimodal,psd-fc-wpli,gated,cnn,False,none
multimodal_psd-fc-wpli_gated_cnn,13,sub20,sub01;sub05;sub07;sub08;sub09;sub10;sub11;sub13;sub14;sub15;sub16;sub17;sub18;sub24;sub27;sub28;sub29,sub22,3,0.6785559058189392,0.6581047773361206,0.002,1e-05,1.0,1.0,False,False,multimodal,psd-fc-wpli,gated,cnn,False,none
multimodal_psd-fc-wpli_gated_cnn,13,sub20,sub01;sub05;sub07;sub08;sub09;sub10;sub11;sub13;sub14;sub15;sub16;sub17;sub18;sub24;sub27;sub28;sub29,sub22,4,0.671196460723877,0.6600194573402405,0.002,1e-05,1.0,1.0,False,False,multimodal,psd-fc-wpli,gated,cnn,False,none
multimodal_psd-fc-wpli_gated_cnn,13,sub20,sub01;sub05;sub07;sub08;sub09;sub10;sub11;sub13;sub14;sub15;sub16;sub17;sub18;sub24;sub27;sub28;sub29,sub22,5,0.6636798977851868,0.6617158055305481,0.002,1e-05,1.0,1.0,False,False,multimodal,psd-fc-wpli,gated,cnn,False,none
multimodal_psd-fc-wpli_gated_cnn,13,sub20,sub01;sub05;sub07;sub08;sub09;sub10;sub11;sub13;sub14;sub15;sub16;sub17;sub18;sub24;sub27;sub28;sub29,sub22,6,0.656344473361969,0.6665264368057251,0.002,1e-05,1.0,1.0,False,False,multimodal,psd-fc-wpli,gated,cnn,False,none
multimodal_psd-fc-wpli_gated_cnn,13,sub20,sub01;sub05;sub07;sub08;sub09;sub10;sub11;sub13;sub14;sub15;sub16;sub17;sub18;sub24;sub27;sub28;sub29,sub22,7,0.6490882039070129,0.6734431982040405,0.002,1e-05,1.0,1.0,False,False,multimodal,psd-fc-wpli,gated,cnn,False,none
multimodal_psd-fc-wpli_gated_cnn,13,sub20,sub01;sub05;sub07;sub08;sub09;sub10;sub11;sub13;sub14;sub15;sub16;sub17;sub18;sub24;sub27;sub28;sub29,sub22,8,0.6412078738212585,0.6826939582824707,0.002,1e-05,1.0,1.0,False,False,multimodal,psd-fc-wpli,gated,cnn,False,none
multimodal_psd-fc-wpli_gated_cnn,13,sub20,sub01;sub05;sub07;sub08;sub09;sub10;sub11;sub13;sub14;sub15;sub16;sub17;sub18;sub24;sub27;sub28;sub29,sub22,9,0.6322835087776184,0.6954460740089417,0.002,1e-05,1.0,1.0,False,False,multimodal,psd-fc-wpli,gated,cnn,False,none
multimodal_psd-fc-wpli_gated_cnn,13,sub20,sub01;sub05;sub07;sub08;sub09;sub10;sub11;sub13;sub14;sub15;sub16;sub17;sub18;sub24;sub27;sub28;sub29,sub22,10,0.6221106648445129,0.7121415138244629,0.002,1e-05,1.0,1.0,False,False,multimodal,psd-fc-wpli,gated,cnn,False,none
multimodal_psd-fc-wpli_gated_cnn,13,sub20,sub01;sub05;sub07;sub08;sub09;sub10;sub11;sub13;sub14;sub15;sub16;sub17;sub18;sub24;sub27;sub28;sub29,sub22,11,0.6108291149139404,0.7336864471435547,0.002,1e-05,1.0,1.0,False,False,multimodal,psd-fc-wpli,gated,cnn,False,none
multimodal_psd-fc-wpli_gated_cnn,13,sub20,sub01;sub05;sub07;sub08;sub09;sub10;sub11;sub13;sub14;sub15;sub16;sub17;sub18;sub24;sub27;sub28;sub29,sub22,12,0.5983359813690186,0.759040355682373,0.002,1e-05,1.0,1.0,False,False,multimodal,psd-fc-wpli,gated,cnn,False,none
multimodal_psd-fc-wpli_gated_cnn,13,sub20,sub01;sub05;sub07;sub08;sub09;sub10;sub11;sub13;sub14;sub15;sub16;sub17;sub18;sub24;sub27;sub28;sub29,sub22,13,0.5843682885169983,0.7837356328964233,0.002,1e-05,1.0,1.0,False,False,multimodal,psd-fc-wpli,gated,cnn,False,none
multimodal_psd-fc-wpli_gated_cnn,13,sub20,sub01;sub05;sub07;sub08;sub09;sub10;sub11;sub13;sub14;sub15;sub16;sub17;sub18;sub24;sub27;sub28;sub29,sub22,14,0.5689616799354553,0.8054662346839905,0.002,1e-05,1.0,1.0,False,False,multimodal,psd-fc-wpli,gated,cnn,False,none
multimodal_psd-fc-wpli_gated_cnn,13,sub20,sub01;sub05;sub07;sub08;sub09;sub10;sub11;sub13;sub14;sub15;sub16;sub17;sub18;sub24;sub27;sub28;sub29,sub22,15,0.5520603060722351,0.8224426507949829,0.002,1e-05,1.0,1.0,False,False,multimodal,psd-fc-wpli,gated,cnn,False,none
multimodal_psd-fc-wpli_gated_cnn,13,sub20,sub01;sub05;sub07;sub08;sub09;sub10;sub11;sub13;sub14;sub15;sub16;sub17;sub18;sub24;sub27;sub28;sub29,sub22,16,0.5338082313537598,0.8315813541412354,0.002,1e-05,1.0,1.0,False,False,multimodal,psd-fc-wpli,gated,cnn,False,none
multimodal_psd-fc-wpli_gated_cnn,13,sub20,sub01;sub05;sub07;sub08;sub09;sub10;sub11;sub13;sub14;sub15;sub16;sub17;sub18;sub24;sub27;sub28;sub29,sub22,17,0.5143428444862366,0.8361203074455261,0.002,1e-05,1.0,1.0,False,False,multimodal,psd-fc-wpli,gated,cnn,False,none
multimodal_psd-fc-wpli_gated_cnn,13,sub20,sub01;sub05;sub07;sub08;sub09;sub10;sub11;sub13;sub14;sub15;sub16;sub17;sub18;sub24;sub27;sub28;sub29,sub22,18,0.4936964511871338,0.842549204826355,0.002,1e-05,1.0,1.0,False,False,multimodal,psd-fc-wpli,gated,cnn,False,none
multimodal_psd-fc-wpli_gated_cnn,13,sub20,sub01;sub05;sub07;sub08;sub09;sub10;sub11;sub13;sub14;sub15;sub16;sub17;sub18;sub24;sub27;sub28;sub29,sub22,19,0.4719000458717346,0.8554395437240601,0.002,1e-05,1.0,1.0,False,False,multimodal,psd-fc-wpli,gated,cnn,False,none
multimodal_psd-fc-wpli_gated_cnn,13,sub20,sub01;sub05;sub07;sub08;sub09;sub10;sub11;sub13;sub14;sub15;sub16;sub17;sub18;sub24;sub27;sub28;sub29,sub22,20,0.4489732086658478,0.8675141334533691,0.002,1e-05,1.0,1.0,False,False,multimodal,psd-fc-wpli,gated,cnn,False,none
multimodal_psd-fc-wpli_gated_cnn,13,sub20,sub01;sub05;sub07;sub08;sub09;sub10;sub11;sub13;sub14;sub15;sub16;sub17;sub18;sub24;sub27;sub28;sub29,sub22,21,0.4251958727836609,0.8708265423774719,0.002,1e-05,1.0,1.0,False,False,multimodal,psd-fc-wpli,gated,cnn,False,none
multimodal_psd-fc-wpli_gated_cnn,13,sub20,sub01;sub05;sub07;sub08;sub09;sub10;sub11;sub13;sub14;sub15;sub16;sub17;sub18;sub24;sub27;sub28;sub29,sub22,22,0.4006804823875427,0.8572679758071899,0.002,1e-05,1.0,1.0,False,False,multimodal,psd-fc-wpli,gated,cnn,False,none
multimodal_psd-fc-wpli_gated_cnn,13,sub20,sub01;sub05;sub07;sub08;sub09;sub10;sub11;sub13;sub14;sub15;sub16;sub17;sub18;sub24;sub27;sub28;sub29,sub22,23,0.375040739774704,0.8227142691612244,0.002,1e-05,1.0,1.0,False,False,multimodal,psd-fc-wpli,gated,cnn,False,none
multimodal_psd-fc-wpli_gated_cnn,13,sub20,sub01;sub05;sub07;sub08;sub09;sub10;sub11;sub13;sub14;sub15;sub16;sub17;sub18;sub24;sub27;sub28;sub29,sub22,24,0.3483152985572815,0.7672727108001709,0.002,1e-05,1.0,1.0,False,False,multimodal,psd-fc-wpli,gated,cnn,False,none
multimodal_psd-fc-wpli_gated_cnn,13,sub20,sub01;sub05;sub07;sub08;sub09;sub10;sub11;sub13;sub14;sub15;sub16;sub17;sub18;sub24;sub27;sub28;sub29,sub22,25,0.32084447145462036,0.6972308158874512,0.002,1e-05,1.0,1.0,False,False,multimodal,psd-fc-wpli,gated,cnn,False,none
multimodal_psd-fc-wpli_gated_cnn,13,sub20,sub01;sub05;sub07;sub08;sub09;sub10;sub11;sub13;sub14;sub15;sub16;sub17;sub18;sub24;sub27;sub28;sub29,sub22,26,0.292786568403244,0.6137422323226929,0.002,1e-05,1.0,1.0,True,False,multimodal,psd-fc-wpli,gated,cnn,False,none
multimodal_psd-fc-wpli_gated_cnn,13,sub20,sub01;sub05;sub07;sub08;sub09;sub10;sub11;sub13;sub14;sub15;sub16;sub17;sub18;sub24;sub27;sub28;sub29,sub22,27,0.26462864875793457,0.53318190574646,0.002,1e-05,1.0,1.0,True,False,multimodal,psd-fc-wpli,gated,cnn,False,none
multimodal_psd-fc-wpli_gated_cnn,13,sub20,sub01;sub05;sub07;sub08;sub09;sub10;sub11;sub13;sub14;sub15;sub16;sub17;sub18;sub24;sub27;sub28;sub29,sub22,28,0.23711690306663513,0.4494101405143738,0.002,1e-05,1.0,1.0,True,False,multimodal,psd-fc-wpli,gated,cnn,False,none
multimodal_psd-fc-wpli_gated_cnn,13,sub20,sub01;sub05;sub07;sub08;sub09;sub10;sub11;sub13;sub14;sub15;sub16;sub17;sub18;sub24;sub27;sub28;sub29,sub22,29,0.21091362833976746,0.3703446388244629,0.002,1e-05,1.0,1.0,True,False,multimodal,psd-fc-wpli,gated,cnn,False,none
multimodal_psd-fc-wpli_gated_cnn,13,sub20,sub01;sub05;sub07;sub08;sub09;sub10;sub11;sub13;sub14;sub15;sub16;sub17;sub18;sub24;sub27;sub28;sub29,sub22,30,0.18616732954978943,0.29306459426879883,0.002,1e-05,1.0,1.0,True,False,multimodal,psd-fc-wpli,gated,cnn,False,none
multimodal_psd-fc-wpli_gated_cnn,13,sub20,sub01;sub05;sub07;sub08;sub09;sub10;sub11;sub13;sub14;sub15;sub16;sub17;sub18;sub24;sub27;sub28;sub29,sub22,31,0.16244199872016907,0.22662566602230072,0.002,1e-05,1.0,1.0,True,False,multimodal,psd-fc-wpli,gated,cnn,False,none
multimodal_psd-fc-wpli_gated_cnn,13,sub20,sub01;sub05;sub07;sub08;sub09;sub10;sub11;sub13;sub14;sub15;sub16;sub17;sub18;sub24;sub27;sub28;sub29,sub22,32,0.14042921364307404,0.17399202287197113,0.002,1e-05,1.0,1.0,True,False,multimodal,psd-fc-wpli,gated,cnn,False,none
multimodal_psd-fc-wpli_gated_cnn,13,sub20,sub01;sub05;sub07;sub08;sub09;sub10;sub11;sub13;sub14;sub15;sub16;sub17;sub18;sub24;sub27;sub28;sub29,sub22,33,0.12042924761772156,0.1328737735748291,0.002,1e-05,1.0,1.0,True,False,multimodal,psd-fc-wpli,gated,cnn,False,none
multimodal_psd-fc-wpli_gated_cnn,13,sub20,sub01;sub05;sub07;sub08;sub09;sub10;sub11;sub13;sub14;sub15;sub16;sub17;sub18;sub24;sub27;sub28;sub29,sub22,34,0.10247985273599625,0.10299690067768097,0.002,1e-05,1.0,1.0,True,False,multimodal,psd-fc-wpli,gated,cnn,False,none
multimodal_psd-fc-wpli_gated_cnn,13,sub20,sub01;sub05;sub07;sub08;sub09;sub10;sub11;sub13;sub14;sub15;sub16;sub17;sub18;sub24;sub27;sub28;sub29,sub22,35,0.086460180580616,0.08266769349575043,0.002,1e-05,1.0,1.0,True,False,multimodal,psd-fc-wpli,gated,cnn,False,none
multimodal_psd-fc-wpli_gated_cnn,13,sub20,sub01;sub05;sub07;sub08;sub09;sub10;sub11;sub13;sub14;sub15;sub16;sub17;sub18;sub24;sub27;sub28;sub29,sub22,36,0.07248158007860184,0.0680382028222084,0.002,1e-05,1.0,1.0,True,False,multimodal,psd-fc-wpli,gated,cnn,False,none
multimodal_psd-fc-wpli_gated_cnn,13,sub20,sub01;sub05;sub07;sub08;sub09;sub10;sub11;sub13;sub14;sub15;sub16;sub17;sub18;sub24;sub27;sub28;sub29,sub22,37,0.06035417690873146,0.054586075246334076,0.002,1e-05,1.0,1.0,True,False,multimodal,psd-fc-wpli,gated,cnn,False,none
multimodal_psd-fc-wpli_gated_cnn,13,sub20,sub01;sub05;sub07;sub08;sub09;sub10;sub11;sub13;sub14;sub15;sub16;sub17;sub18;sub24;sub27;sub28;sub29,sub22,38,0.050045836716890335,0.04146527126431465,0.002,1e-05,1.0,1.0,True,False,multimodal,psd-fc-wpli,gated,cnn,False,none
multimodal_psd-fc-wpli_gated_cnn,13,sub20,sub01;sub05;sub07;sub08;sub09;sub10;sub11;sub13;sub14;sub15;sub16;sub17;sub18;sub24;sub27;sub28;sub29,sub22,39,0.04136247560381889,0.0305147897452116,0.002,1e-05,1.0,1.0,True,False,multimodal,psd-fc-wpli,gated,cnn,False,none
multimodal_psd-fc-wpli_gated_cnn,13,sub20,sub01;sub05;sub07;sub08;sub09;sub10;sub11;sub13;sub14;sub15;sub16;sub17;sub18;sub24;sub27;sub28;sub29,sub22,40,0.03412598371505737,0.022133246064186096,0.002,1e-05,1.0,1.0,True,False,multimodal,psd-fc-wpli,gated,cnn,False,none
multimodal_psd-fc-wpli_gated_cnn,13,sub20,sub01;sub05;sub07;sub08;sub09;sub10;sub11;sub13;sub14;sub15;sub16;sub17;sub18;sub24;sub27;sub28;sub29,sub22,41,0.028165778145194054,0.015875279903411865,0.002,1e-05,1.0,1.0,True,False,multimodal,psd-fc-wpli,gated,cnn,False,none
multimodal_psd-fc-wpli_gated_cnn,13,sub20,sub01;sub05;sub07;sub08;sub09;sub10;sub11;sub13;sub14;sub15;sub16;sub17;sub18;sub24;sub27;sub28;sub29,sub22,42,0.0232708603143692,0.011349527165293694,0.002,1e-05,1.0,1.0,True,False,multimodal,psd-fc-wpli,gated,cnn,False,none
multimodal_psd-fc-wpli_gated_cnn,13,sub20,sub01;sub05;sub07;sub08;sub09;sub10;sub11;sub13;sub14;sub15;sub16;sub17;sub18;sub24;sub27;sub28;sub29,sub22,43,0.019252171739935875,0.0082478579133749,0.002,1e-05,1.0,1.0,True,False,multimodal,psd-fc-wpli,gated,cnn,False,none
multimodal_psd-fc-wpli_gated_cnn,13,sub20,sub01;sub05;sub07;sub08;sub09;sub10;sub11;sub13;sub14;sub15;sub16;sub17;sub18;sub24;sub27;sub28;sub29,sub22,44,0.01594916544854641,0.006085696630179882,0.002,1e-05,1.0,1.0,True,False,multimodal,psd-fc-wpli,gated,cnn,False,none
multimodal_psd-fc-wpli_gated_cnn,13,sub20,sub01;sub05;sub07;sub08;sub09;sub10;sub11;sub13;sub14;sub15;sub16;sub17;sub18;sub24;sub27;sub28;sub29,sub22,45,0.013242576271295547,0.0045916191302239895,0.002,1e-05,1.0,1.0,True,False,multimodal,psd-fc-wpli,gated,cnn,False,none
multimodal_psd-fc-wpli_gated_cnn,13,sub20,sub01;sub05;sub07;sub08;sub09;sub10;sub11;sub13;sub14;sub15;sub16;sub17;sub18;sub24;sub27;sub28;sub29,sub22,46,0.011035514064133167,0.0036024292930960655,0.002,1e-05,1.0,1.0,True,False,multimodal,psd-fc-wpli,gated,cnn,False,none
multimodal_psd-fc-wpli_gated_cnn,13,sub20,sub01;sub05;sub07;sub08;sub09;sub10;sub11;sub13;sub14;sub15;sub16;sub17;sub18;sub24;sub27;sub28;sub29,sub22,47,0.009252570569515228,0.0029370361007750034,0.002,1e-05,1.0,1.0,True,False,multimodal,psd-fc-wpli,gated,cnn,False,none
multimodal_psd-fc-wpli_gated_cnn,13,sub20,sub01;sub05;sub07;sub08;sub09;sub10;sub11;sub13;sub14;sub15;sub16;sub17;sub18;sub24;sub27;sub28;sub29,sub22,48,0.007807102520018816,0.0024853809736669064,0.002,1e-05,1.0,1.0,True,False,multimodal,psd-fc-wpli,gated,cnn,False,none
multimodal_psd-fc-wpli_gated_cnn,13,sub20,sub01;sub05;sub07;sub08;sub09;sub10;sub11;sub13;sub14;sub15;sub16;sub17;sub18;sub24;sub27;sub28;sub29,sub22,49,0.006631236057728529,0.002197831403464079,0.002,1e-05,1.0,1.0,True,False,multimodal,psd-fc-wpli,gated,cnn,False,none
multimodal_psd-fc-wpli_gated_cnn,13,sub20,sub01;sub05;sub07;sub08;sub09;sub10;sub11;sub13;sub14;sub15;sub16;sub17;sub18;sub24;sub27;sub28;sub29,sub22,50,0.005674815736711025,0.0020093827042728662,0.002,1e-05,1.0,1.0,True,False,multimodal,psd-fc-wpli,gated,cnn,False,none
multimodal_psd-fc-wpli_gated_cnn,13,sub20,sub01;sub05;sub07;sub08;sub09;sub10;sub11;sub13;sub14;sub15;sub16;sub17;sub18;sub24;sub27;sub28;sub29,sub22,51,0.004890082404017448,0.0018922099843621254,0.002,1e-05,1.0,1.0,True,False,multimodal,psd-fc-wpli,gated,cnn,False,none
multimodal_psd-fc-wpli_gated_cnn,13,sub20,sub01;sub05;sub07;sub08;sub09;sub10;sub11;sub13;sub14;sub15;sub16;sub17;sub18;sub24;sub27;sub28;sub29,sub22,52,0.004242211580276489,0.0018298669019713998,0.002,1e-05,1.0,1.0,True,False,multimodal,psd-fc-wpli,gated,cnn,False,none
multimodal_psd-fc-wpli_gated_cnn,13,sub20,sub01;sub05;sub07;sub08;sub09;sub10;sub11;sub13;sub14;sub15;sub16;sub17;sub18;sub24;sub27;sub28;sub29,sub22,53,0.003704024711623788,0.001805683015845716,0.002,1e-05,1.0,1.0,True,False,multimodal,psd-fc-wpli,gated,cnn,False,none
multimodal_psd-fc-wpli_gated_cnn,13,sub20,sub01;sub05;sub07;sub08;sub09;sub10;sub11;sub13;sub14;sub15;sub16;sub17;sub18;sub24;sub27;sub28;sub29,sub22,54,0.003254931652918458,0.0018151176627725363,0.002,1e-05,1.0,1.0,False,False,multimodal,psd-fc-wpli,gated,cnn,False,none
multimodal_psd-fc-wpli_gated_cnn,13,sub20,sub01;sub05;sub07;sub08;sub09;sub10;sub11;sub13;sub14;sub15;sub16;sub17;sub18;sub24;sub27;sub28;sub29,sub22,55,0.002877576742321253,0.0018542304169386625,0.002,1e-05,1.0,1.0,False,False,multimodal,psd-fc-wpli,gated,cnn,False,none
multimodal_psd-fc-wpli_gated_cnn,13,sub20,sub01;sub05;sub07;sub08;sub09;sub10;sub11;sub13;sub14;sub15;sub16;sub17;sub18;sub24;sub27;sub28;sub29,sub22,56,0.0025592774618417025,0.0019037355668842793,0.002,1e-05,1.0,1.0,False,False,multimodal,psd-fc-wpli,gated,cnn,False,none
multimodal_psd-fc-wpli_gated_cnn,13,sub20,sub01;sub05;sub07;sub08;sub09;sub10;sub11;sub13;sub14;sub15;sub16;sub17;sub18;sub24;sub27;sub28;sub29,sub22,57,0.00229000486433506,0.0019506154349073768,0.002,1e-05,1.0,1.0,False,False,multimodal,psd-fc-wpli,gated,cnn,False,none
multimodal_psd-fc-wpli_gated_cnn,13,sub20,sub01;sub05;sub07;sub08;sub09;sub10;sub11;sub13;sub14;sub15;sub16;sub17;sub18;sub24;sub27;sub28;sub29,sub22,58,0.002060899743810296,0.001994989113882184,0.002,1e-05,1.0,1.0,False,False,multimodal,psd-fc-wpli,gated,cnn,False,none
multimodal_psd-fc-wpli_gated_cnn,13,sub20,sub01;sub05;sub07;sub08;sub09;sub10;sub11;sub13;sub14;sub15;sub16;sub17;sub18;sub24;sub27;sub28;sub29,sub22,59,0.0018657029140740633,0.0020335714798420668,0.002,1e-05,1.0,1.0,False,False,multimodal,psd-fc-wpli,gated,cnn,False,none
multimodal_psd-fc-wpli_gated_cnn,13,sub20,sub01;sub05;sub07;sub08;sub09;sub10;sub11;sub13;sub14;sub15;sub16;sub17;sub18;sub24;sub27;sub28;sub29,sub22,60,0.0016983780078589916,0.002057581441476941,0.002,1e-05,1.0,1.0,False,False,multimodal,psd-fc-wpli,gated,cnn,False,none
multimodal_psd-fc-wpli_gated_cnn,13,sub20,sub01;sub05;sub07;sub08;sub09;sub10;sub11;sub13;sub14;sub15;sub16;sub17;sub18;sub24;sub27;sub28;sub29,sub22,61,0.001553984242491424,0.0020588955376297235,0.002,1e-05,1.0,1.0,False,False,multimodal,psd-fc-wpli,gated,cnn,False,none
multimodal_psd-fc-wpli_gated_cnn,13,sub20,sub01;sub05;sub07;sub08;sub09;sub10;sub11;sub13;sub14;sub15;sub16;sub17;sub18;sub24;sub27;sub28;sub29,sub22,62,0.00142894615419209,0.0020376925822347403,0.002,1e-05,1.0,1.0,False,False,multimodal,psd-fc-wpli,gated,cnn,False,none
multimodal_psd-fc-wpli_gated_cnn,13,sub20,sub01;sub05;sub07;sub08;sub09;sub10;sub11;sub13;sub14;sub15;sub16;sub17;sub18;sub24;sub27;sub28;sub29,sub22,63,0.0013205333380028605,0.0019951085560023785,0.002,1e-05,1.0,1.0,False,False,multimodal,psd-fc-wpli,gated,cnn,False,none
multimodal_psd-fc-wpli_gated_cnn,13,sub20,sub01;sub05;sub07;sub08;sub09;sub10;sub11;sub13;sub14;sub15;sub16;sub17;sub18;sub24;sub27;sub28;sub29,sub22,64,0.0012259174836799502,0.0019351477967575192,0.002,1e-05,1.0,1.0,False,False,multimodal,psd-fc-wpli,gated,cnn,False,none
multimodal_psd-fc-wpli_gated_cnn,13,sub20,sub01;sub05;sub07;sub08;sub09;sub10;sub11;sub13;sub14;sub15;sub16;sub17;sub18;sub24;sub27;sub28;sub29,sub22,65,0.0011432759929448366,0.0018598436145111918,0.002,1e-05,1.0,1.0,False,False,multimodal,psd-fc-wpli,gated,cnn,False,none
multimodal_psd-fc-wpli_gated_cnn,13,sub20,sub01;sub05;sub07;sub08;sub09;sub10;sub11;sub13;sub14;sub15;sub16;sub17;sub18;sub24;sub27;sub28;sub29,sub22,66,0.0010704240994527936,0.0017746330704540014,0.002,1e-05,1.0,1.0,True,False,multimodal,psd-fc-wpli,gated,cnn,False,none
multimodal_psd-fc-wpli_gated_cnn,13,sub20,sub01;sub05;sub07;sub08;sub09;sub10;sub11;sub13;sub14;sub15;sub16;sub17;sub18;sub24;sub27;sub28;sub29,sub22,67,0.0010058701736852527,0.0016841758042573929,0.002,1e-05,1.0,1.0,True,False,multimodal,psd-fc-wpli,gated,cnn,False,none
multimodal_psd-fc-wpli_gated_cnn,13,sub20,sub01;sub05;sub07;sub08;sub09;sub10;sub11;sub13;sub14;sub15;sub16;sub17;sub18;sub24;sub27;sub28;sub29,sub22,68,0.0009485087939538062,0.0015927713830024004,0.002,1e-05,1.0,1.0,True,False,multimodal,psd-fc-wpli,gated,cnn,False,none
multimodal_psd-fc-wpli_gated_cnn,13,sub20,sub01;sub05;sub07;sub08;sub09;sub10;sub11;sub13;sub14;sub15;sub16;sub17;sub18;sub24;sub27;sub28;sub29,sub22,69,0.0008973372750915587,0.0015007784822955728,0.002,1e-05,1.0,1.0,True,False,multimodal,psd-fc-wpli,gated,cnn,False,none
multimodal_psd-fc-wpli_gated_cnn,13,sub20,sub01;sub05;sub07;sub08;sub09;sub10;sub11;sub13;sub14;sub15;sub16;sub17;sub18;sub24;sub27;sub28;sub29,sub22,70,0.0008515466470271349,0.0014099878026172519,0.002,1e-05,1.0,1.0,True,False,multimodal,psd-fc-wpli,gated,cnn,False,none
multimodal_psd-fc-wpli_gated_cnn,13,sub20,sub01;sub05;sub07;sub08;sub09;sub10;sub11;sub13;sub14;sub15;sub16;sub17;sub18;sub24;sub27;sub28;sub29,sub22,71,0.0008103554137051105,0.001323800883255899,0.002,1e-05,1.0,1.0,True,False,multimodal,psd-fc-wpli,gated,cnn,False,none
multimodal_psd-fc-wpli_gated_cnn,13,sub20,sub01;sub05;sub07;sub08;sub09;sub10;sub11;sub13;sub14;sub15;sub16;sub17;sub18;sub24;sub27;sub28;sub29,sub22,72,0.0007731867372058332,0.0012435297248885036,0.002,1e-05,1.0,1.0,True,False,multimodal,psd-fc-wpli,gated,cnn,False,none
multimodal_psd-fc-wpli_gated_cnn,13,sub20,sub01;sub05;sub07;sub08;sub09;sub10;sub11;sub13;sub14;sub15;sub16;sub17;sub18;sub24;sub27;sub28;sub29,sub22,73,0.0007394919521175325,0.0011706645600497723,0.002,1e-05,1.0,1.0,True,False,multimodal,psd-fc-wpli,gated,cnn,False,none
multimodal_psd-fc-wpli_gated_cnn,13,sub20,sub01;sub05;sub07;sub08;sub09;sub10;sub11;sub13;sub14;sub15;sub16;sub17;sub18;sub24;sub27;sub28;sub29,sub22,74,0.0007088860147632658,0.001104726456105709,0.002,1e-05,1.0,1.0,True,False,multimodal,psd-fc-wpli,gated,cnn,False,none
multimodal_psd-fc-wpli_gated_cnn,13,sub20,sub01;sub05;sub07;sub08;sub09;sub10;sub11;sub13;sub14;sub15;sub16;sub17;sub18;sub24;sub27;sub28;sub29,sub22,75,0.0006809322512708604,0.0010451769921928644,0.002,1e-05,1.0,1.0,True,False,multimodal,psd-fc-wpli,gated,cnn,False,none
multimodal_psd-fc-wpli_gated_cnn,13,sub20,sub01;sub05;sub07;sub08;sub09;sub10;sub11;sub13;sub14;sub15;sub16;sub17;sub18;sub24;sub27;sub28;sub29,sub22,76,0.0006554012652486563,0.0009924924233928323,0.002,1e-05,1.0,1.0,True,False,multimodal,psd-fc-wpli,gated,cnn,False,none
multimodal_psd-fc-wpli_gated_cnn,13,sub20,sub01;sub05;sub07;sub08;sub09;sub10;sub11;sub13;sub14;sub15;sub16;sub17;sub18;sub24;sub27;sub28;sub29,sub22,77,0.0006320533575490117,0.0009454784449189901,0.002,1e-05,1.0,1.0,True,False,multimodal,psd-fc-wpli,gated,cnn,False,none
multimodal_psd-fc-wpli_gated_cnn,13,sub20,sub01;sub05;sub07;sub08;sub09;sub10;sub11;sub13;sub14;sub15;sub16;sub17;sub18;sub24;sub27;sub28;sub29,sub22,78,0.0006105494103394449,0.0009027024498209357,0.002,1e-05,1.0,1.0,True,False,multimodal,psd-fc-wpli,gated,cnn,False,none
multimodal_psd-fc-wpli_gated_cnn,13,sub20,sub01;sub05;sub07;sub08;sub09;sub10;sub11;sub13;sub14;sub15;sub16;sub17;sub18;sub24;sub27;sub28;sub29,sub22,79,0.0005907245795242488,0.0008630899828858674,0.002,1e-05,1.0,1.0,True,False,multimodal,psd-fc-wpli,gated,cnn,False,none
multimodal_psd-fc-wpli_gated_cnn,13,sub20,sub01;sub05;sub07;sub08;sub09;sub10;sub11;sub13;sub14;sub15;sub16;sub17;sub18;sub24;sub27;sub28;sub29,sub22,80,0.0005722991190850735,0.0008260442409664392,0.002,1e-05,1.0,1.0,True,False,multimodal,psd-fc-wpli,gated,cnn,False,none
multimodal_psd-fc-wpli_gated_cnn,13,sub20,sub01;sub05;sub07;sub08;sub09;sub10;sub11;sub13;sub14;sub15;sub16;sub17;sub18;sub24;sub27;sub28;sub29,sub22,81,0.000555091246496886,0.000791028025560081,0.002,1e-05,1.0,1.0,True,False,multimodal,psd-fc-wpli,gated,cnn,False,none
multimodal_psd-fc-wpli_gated_cnn,13,sub20,sub01;sub05;sub07;sub08;sub09;sub10;sub11;sub13;sub14;sub15;sub16;sub17;sub18;sub24;sub27;sub28;sub29,sub22,82,0.000538920343387872,0.0007584586273878813,0.002,1e-05,1.0,1.0,True,False,multimodal,psd-fc-wpli,gated,cnn,False,none
multimodal_psd-fc-wpli_gated_cnn,13,sub20,sub01;sub05;sub07;sub08;sub09;sub10;sub11;sub13;sub14;sub15;sub16;sub17;sub18;sub24;sub27;sub28;sub29,sub22,83,0.0005237024743109941,0.000727739417925477,0.002,1e-05,1.0,1.0,True,False,multimodal,psd-fc-wpli,gated,cnn,False,none
multimodal_psd-fc-wpli_gated_cnn,13,sub20,sub01;sub05;sub07;sub08;sub09;sub10;sub11;sub13;sub14;sub15;sub16;sub17;sub18;sub24;sub27;sub28;sub29,sub22,84,0.0005093311192467809,0.0006984526989981532,0.002,1e-05,1.0,1.0,True,False,multimodal,psd-fc-wpli,gated,cnn,False,none
multimodal_psd-fc-wpli_gated_cnn,13,sub20,sub01;sub05;sub07;sub08;sub09;sub10;sub11;sub13;sub14;sub15;sub16;sub17;sub18;sub24;sub27;sub28;sub29,sub22,85,0.0004957005148753524,0.0006704193074256182,0.002,1e-05,1.0,1.0,True,False,multimodal,psd-fc-wpli,gated,cnn,False,none
multimodal_psd-fc-wpli_gated_cnn,13,sub20,sub01;sub05;sub07;sub08;sub09;sub10;sub11;sub13;sub14;sub15;sub16;sub17;sub18;sub24;sub27;sub28;sub29,sub22,86,0.00048274031723849475,0.0006436392432078719,0.002,1e-05,1.0,1.0,True,False,multimodal,psd-fc-wpli,gated,cnn,False,none
multimodal_psd-fc-wpli_gated_cnn,13,sub20,sub01;sub05;sub07;sub08;sub09;sub10;sub11;sub13;sub14;sub15;sub16;sub17;sub18;sub24;sub27;sub28;sub29,sub22,87,0.00047035273746587336,0.000618171994574368,0.002,1e-05,1.0,1.0,True,False,multimodal,psd-fc-wpli,gated,cnn,False,none
multimodal_psd-fc-wpli_gated_cnn,13,sub20,sub01;sub05;sub07;sub08;sub09;sub10;sub11;sub13;sub14;sub15;sub16;sub17;sub18;sub24;sub27;sub28;sub29,sub22,88,0.00045846676221117377,0.0005937192472629249,0.002,1e-05,1.0,1.0,True,False,multimodal,psd-fc-wpli,gated,cnn,False,none
multimodal_psd-fc-wpli_gated_cnn,13,sub20,sub01;sub05;sub07;sub08;sub09;sub10;sub11;sub13;sub14;sub15;sub16;sub17;sub18;sub24;sub27;sub28;sub29,sub22,89,0.0004470854182727635,0.0005706388619728386,0.002,1e-05,1.0,1.0,True,False,multimodal,psd-fc-wpli,gated,cnn,False,none
multimodal_psd-fc-wpli_gated_cnn,13,sub20,sub01;sub05;sub07;sub08;sub09;sub10;sub11;sub13;sub14;sub15;sub16;sub17;sub18;sub24;sub27;sub28;sub29,sub22,90,0.000436117552453652,0.0005486920708790421,0.002,1e-05,1.0,1.0,True,False,multimodal,psd-fc-wpli,gated,cnn,False,none
multimodal_psd-fc-wpli_gated_cnn,13,sub20,sub01;sub05;sub07;sub08;sub09;sub10;sub11;sub13;sub14;sub15;sub16;sub17;sub18;sub24;sub27;sub28;sub29,sub22,91,0.0004254394443705678,0.0005284155486151576,0.002,1e-05,1.0,1.0,True,False,multimodal,psd-fc-wpli,gated,cnn,False,none
multimodal_psd-fc-wpli_gated_cnn,13,sub20,sub01;sub05;sub07;sub08;sub09;sub10;sub11;sub13;sub14;sub15;sub16;sub17;sub18;sub24;sub27;sub28;sub29,sub22,92,0.0004150326130911708,0.000509272504132241,0.002,1e-05,1.0,1.0,True,False,multimodal,psd-fc-wpli,gated,cnn,False,none
multimodal_psd-fc-wpli_gated_cnn,13,sub20,sub01;sub05;sub07;sub08;sub09;sub10;sub11;sub13;sub14;sub15;sub16;sub17;sub18;sub24;sub27;sub28;sub29,sub22,93,0.0004048676055390388,0.0004911436699330807,0.002,1e-05,1.0,1.0,True,False,multimodal,psd-fc-wpli,gated,cnn,False,none
multimodal_psd-fc-wpli_gated_cnn,13,sub20,sub01;sub05;sub07;sub08;sub09;sub10;sub11;sub13;sub14;sub15;sub16;sub17;sub18;sub24;sub27;sub28;sub29,sub22,94,0.00039484797162003815,0.000473969237646088,0.002,1e-05,1.0,1.0,True,False,multimodal,psd-fc-wpli,gated,cnn,False,none
multimodal_psd-fc-wpli_gated_cnn,13,sub20,sub01;sub05;sub07;sub08;sub09;sub10;sub11;sub13;sub14;sub15;sub16;sub17;sub18;sub24;sub27;sub28;sub29,sub22,95,0.000384971615858376,0.0004572721663862467,0.002,1e-05,1.0,1.0,True,False,multimodal,psd-fc-wpli,gated,cnn,False,none
multimodal_psd-fc-wpli_gated_cnn,13,sub20,sub01;sub05;sub07;sub08;sub09;sub10;sub11;sub13;sub14;sub15;sub16;sub17;sub18;sub24;sub27;sub28;sub29,sub22,96,0.0003752701450139284,0.0004408735258039087,0.002,1e-05,1.0,1.0,True,False,multimodal,psd-fc-wpli,gated,cnn,False,none
multimodal_psd-fc-wpli_gated_cnn,13,sub20,sub01;sub05;sub07;sub08;sub09;sub10;sub11;sub13;sub14;sub15;sub16;sub17;sub18;sub24;sub27;sub28;sub29,sub22,97,0.0003657159395515919,0.0004247732867952436,0.002,1e-05,1.0,1.0,True,False,multimodal,psd-fc-wpli,gated,cnn,False,none
multimodal_psd-fc-wpli_gated_cnn,13,sub20,sub01;sub05;sub07;sub08;sub09;sub10;sub11;sub13;sub14;sub15;sub16;sub17;sub18;sub24;sub27;sub28;sub29,sub22,98,0.00035629994818009436,0.00040891184471547604,0.002,1e-05,1.0,1.0,True,False,multimodal,psd-fc-wpli,gated,cnn,False,none
multimodal_psd-fc-wpli_gated_cnn,13,sub20,sub01;sub05;sub07;sub08;sub09;sub10;sub11;sub13;sub14;sub15;sub16;sub17;sub18;sub24;sub27;sub28;sub29,sub22,99,0.0003470243245828897,0.0003931699029635638,0.002,1e-05,1.0,1.0,True,False,multimodal,psd-fc-wpli,gated,cnn,False,none
multimodal_psd-fc-wpli_gated_cnn,13,sub20,sub01;sub05;sub07;sub08;sub09;sub10;sub11;sub13;sub14;sub15;sub16;sub17;sub18;sub24;sub27;sub28;sub29,sub22,100,0.0003379182890057564,0.0003778456011787057,0.002,1e-05,1.0,1.0,True,False,multimodal,psd-fc-wpli,gated,cnn,False,none
multimodal_psd-fc-wpli_gated_cnn,14,sub22,sub01;sub05;sub07;sub08;sub09;sub10;sub11;sub13;sub14;sub15;sub16;sub17;sub18;sub20;sub27;sub28;sub29,sub24,1,0.6955901980400085,0.6748344898223877,0.002,1e-05,1.0,1.0,True,False,multimodal,psd-fc-wpli,gated,cnn,False,none
multimodal_psd-fc-wpli_gated_cnn,14,sub22,sub01;sub05;sub07;sub08;sub09;sub10;sub11;sub13;sub14;sub15;sub16;sub17;sub18;sub20;sub27;sub28;sub29,sub24,2,0.6885850429534912,0.683535635471344,0.002,1e-05,1.0,1.0,False,False,multimodal,psd-fc-wpli,gated,cnn,False,none
multimodal_psd-fc-wpli_gated_cnn,14,sub22,sub01;sub05;sub07;sub08;sub09;sub10;sub11;sub13;sub14;sub15;sub16;sub17;sub18;sub20;sub27;sub28;sub29,sub24,3,0.683164119720459,0.6912734508514404,0.002,1e-05,1.0,1.0,False,False,multimodal,psd-fc-wpli,gated,cnn,False,none
multimodal_psd-fc-wpli_gated_cnn,14,sub22,sub01;sub05;sub07;sub08;sub09;sub10;sub11;sub13;sub14;sub15;sub16;sub17;sub18;sub20;sub27;sub28;sub29,sub24,4,0.6775314211845398,0.6991412043571472,0.002,1e-05,1.0,1.0,False,False,multimodal,psd-fc-wpli,gated,cnn,False,none
multimodal_psd-fc-wpli_gated_cnn,14,sub22,sub01;sub05;sub07;sub08;sub09;sub10;sub11;sub13;sub14;sub15;sub16;sub17;sub18;sub20;sub27;sub28;sub29,sub24,5,0.6712731719017029,0.7069612145423889,0.002,1e-05,1.0,1.0,False,False,multimodal,psd-fc-wpli,gated,cnn,False,none
multimodal_psd-fc-wpli_gated_cnn,14,sub22,sub01;sub05;sub07;sub08;sub09;sub10;sub11;sub13;sub14;sub15;sub16;sub17;sub18;sub20;sub27;sub28;sub29,sub24,6,0.6643032431602478,0.7142685651779175,0.002,1e-05,1.0,1.0,False,False,multimodal,psd-fc-wpli,gated,cnn,False,none
multimodal_psd-fc-wpli_gated_cnn,14,sub22,sub01;sub05;sub07;sub08;sub09;sub10;sub11;sub13;sub14;sub15;sub16;sub17;sub18;sub20;sub27;sub28;sub29,sub24,7,0.656358003616333,0.721615731716156,0.002,1e-05,1.0,1.0,False,False,multimodal,psd-fc-wpli,gated,cnn,False,none
multimodal_psd-fc-wpli_gated_cnn,14,sub22,sub01;sub05;sub07;sub08;sub09;sub10;sub11;sub13;sub14;sub15;sub16;sub17;sub18;sub20;sub27;sub28;sub29,sub24,8,0.6474794149398804,0.7285427451133728,0.002,1e-05,1.0,1.0,False,False,multimodal,psd-fc-wpli,gated,cnn,False,none
multimodal_psd-fc-wpli_gated_cnn,14,sub22,sub01;sub05;sub07;sub08;sub09;sub10;sub11;sub13;sub14;sub15;sub16;sub17;sub18;sub20;sub27;sub28;sub29,sub24,9,0.6380709409713745,0.734190046787262,0.002,1e-05,1.0,1.0,False,False,multimodal,psd-fc-wpli,gated,cnn,False,none
multimodal_psd-fc-wpli_gated_cnn,14,sub22,sub01;sub05;sub07;sub08;sub09;sub10;sub11;sub13;sub14;sub15;sub16;sub17;sub18;sub20;sub27;sub28;sub29,sub24,10,0.6279945969581604,0.7376437783241272,0.002,1e-05,1.0,1.0,False,False,multimodal,psd-fc-wpli,gated,cnn,False,none
multimodal_psd-fc-wpli_gated_cnn,14,sub22,sub01;sub05;sub07;sub08;sub09;sub10;sub11;sub13;sub14;sub15;sub16;sub17;sub18;sub20;sub27;sub28;sub29,sub24,11,0.6167920231819153,0.7387328147888184,0.002,1e-05,1.0,1.0,False,False,multimodal,psd-fc-wpli,gated,cnn,False,none
multimodal_psd-fc-wpli_gated_cnn,14,sub22,sub01;sub05;sub07;sub08;sub09;sub10;sub11;sub13;sub14;sub15;sub16;sub17;sub18;sub20;sub27;sub28;sub29,sub24,12,0.6044586300849915,0.7368713617324829,0.002,1e-05,1.0,1.0,False,False,multimodal,psd-fc-wpli,gated,cnn,False,none
multimodal_psd-fc-wpli_gated_cnn,14,sub22,sub01;sub05;sub07;sub08;sub09;sub10;sub11;sub13;sub14;sub15;sub16;sub17;sub18;sub20;sub27;sub28;sub29,sub24,13,0.591058611869812,0.7333738803863525,0.002,1e-05,1.0,1.0,False,False,multimodal,psd-fc-wpli,gated,cnn,False,none
multimodal_psd-fc-wpli_gated_cnn,14,sub22,sub01;sub05;sub07;sub08;sub09;sub10;sub11;sub13;sub14;sub15;sub16;sub17;sub18;sub20;sub27;sub28;sub29,sub24,14,0.5763992071151733,0.7273864150047302,0.002,1e-05,1.0,1.0,False,False,multimodal,psd-fc-wpli,gated,cnn,False,none
multimodal_psd-fc-wpli_gated_cnn,14,sub22,sub01;sub05;sub07;sub08;sub09;sub10;sub11;sub13;sub14;sub15;sub16;sub17;sub18;sub20;sub27;sub28;sub29,sub24,15,0.5608047246932983,0.7194175124168396,0.002,1e-05,1.0,1.0,False,False,multimodal,psd-fc-wpli,gated,cnn,False,none
multimodal_psd-fc-wpli_gated_cnn,14,sub22,sub01;sub05;sub07;sub08;sub09;sub10;sub11;sub13;sub14;sub15;sub16;sub17;sub18;sub20;sub27;sub28;sub29,sub24,16,0.5445658564567566,0.7092757225036621,0.002,1e-05,1.0,1.0,False,False,multimodal,psd-fc-wpli,gated,cnn,False,none
multimodal_psd-fc-wpli_gated_cnn,14,sub22,sub01;sub05;sub07;sub08;sub09;sub10;sub11;sub13;sub14;sub15;sub16;sub17;sub18;sub20;sub27;sub28;sub29,sub24,17,0.5274176001548767,0.6957194209098816,0.002,1e-05,1.0,1.0,False,False,multimodal,psd-fc-wpli,gated,cnn,False,none
multimodal_psd-fc-wpli_gated_cnn,14,sub22,sub01;sub05;sub07;sub08;sub09;sub10;sub11;sub13;sub14;sub15;sub16;sub17;sub18;sub20;sub27;sub28;sub29,sub24,18,0.5097671151161194,0.6782664656639099,0.002,1e-05,1.0,1.0,False,False,multimodal,psd-fc-wpli,gated,cnn,False,none
multimodal_psd-fc-wpli_gated_cnn,14,sub22,sub01;sub05;sub07;sub08;sub09;sub10;sub11;sub13;sub14;sub15;sub16;sub17;sub18;sub20;sub27;sub28;sub29,sub24,19,0.49151426553726196,0.6542398929595947,0.002,1e-05,1.0,1.0,True,False,multimodal,psd-fc-wpli,gated,cnn,False,none
multimodal_psd-fc-wpli_gated_cnn,14,sub22,sub01;sub05;sub07;sub08;sub09;sub10;sub11;sub13;sub14;sub15;sub16;sub17;sub18;sub20;sub27;sub28;sub29,sub24,20,0.4723528027534485,0.6227784156799316,0.002,1e-05,1.0,1.0,True,False,multimodal,psd-fc-wpli,gated,cnn,False,none
multimodal_psd-fc-wpli_gated_cnn,14,sub22,sub01;sub05;sub07;sub08;sub09;sub10;sub11;sub13;sub14;sub15;sub16;sub17;sub18;sub20;sub27;sub28;sub29,sub24,21,0.45213258266448975,0.5823378562927246,0.002,1e-05,1.0,1.0,True,False,multimodal,psd-fc-wpli,gated,cnn,False,none
multimodal_psd-fc-wpli_gated_cnn,14,sub22,sub01;sub05;sub07;sub08;sub09;sub10;sub11;sub13;sub14;sub15;sub16;sub17;sub18;sub20;sub27;sub28;sub29,sub24,22,0.43069401383399963,0.5375288724899292,0.002,1e-05,1.0,1.0,True,False,multimodal,psd-fc-wpli,gated,cnn,False,none
multimodal_psd-fc-wpli_gated_cnn,14,sub22,sub01;sub05;sub07;sub08;sub09;sub10;sub11;sub13;sub14;sub15;sub16;sub17;sub18;sub20;sub27;sub28;sub29,sub24,23,0.40782254934310913,0.4933946132659912,0.002,1e-05,1.0,1.0,True,False,multimodal,psd-fc-wpli,gated,cnn,False,none
multimodal_psd-fc-wpli_gated_cnn,14,sub22,sub01;sub05;sub07;sub08;sub09;sub10;sub11;sub13;sub14;sub15;sub16;sub17;sub18;sub20;sub27;sub28;sub29,sub24,24,0.3840351998806,0.445573091506958,0.002,1e-05,1.0,1.0,True,False,multimodal,psd-fc-wpli,gated,cnn,False,none
multimodal_psd-fc-wpli_gated_cnn,14,sub22,sub01;sub05;sub07;sub08;sub09;sub10;sub11;sub13;sub14;sub15;sub16;sub17;sub18;sub20;sub27;sub28;sub29,sub24,25,0.36059263348579407,0.41108953952789307,0.002,1e-05,1.0,1.0,True,False,multimodal,psd-fc-wpli,gated,cnn,False,none
multimodal_psd-fc-wpli_gated_cnn,14,sub22,sub01;sub05;sub07;sub08;sub09;sub10;sub11;sub13;sub14;sub15;sub16;sub17;sub18;sub20;sub27;sub28;sub29,sub24,26,0.3374728560447693,0.37897318601608276,0.002,1e-05,1.0,1.0,True,False,multimodal,psd-fc-wpli,gated,cnn,False,none
multimodal_psd-fc-wpli_gated_cnn,14,sub22,sub01;sub05;sub07;sub08;sub09;sub10;sub11;sub13;sub14;sub15;sub16;sub17;sub18;sub20;sub27;sub28;sub29,sub24,27,0.31394094228744507,0.3462895452976227,0.002,1e-05,1.0,1.0,True,False,multimodal,psd-fc-wpli,gated,cnn,False,none
multimodal_psd-fc-wpli_gated_cnn,14,sub22,sub01;sub05;sub07;sub08;sub09;sub10;sub11;sub13;sub14;sub15;sub16;sub17;sub18;sub20;sub27;sub28;sub29,sub24,28,0.2906816303730011,0.31397828459739685,0.002,1e-05,1.0,1.0,True,False,multimodal,psd-fc-wpli,gated,cnn,False,none
multimodal_psd-fc-wpli_gated_cnn,14,sub22,sub01;sub05;sub07;sub08;sub09;sub10;sub11;sub13;sub14;sub15;sub16;sub17;sub18;sub20;sub27;sub28;sub29,sub24,29,0.2674427032470703,0.28016138076782227,0.002,1e-05,1.0,1.0,True,False,multimodal,psd-fc-wpli,gated,cnn,False,none
multimodal_psd-fc-wpli_gated_cnn,14,sub22,sub01;sub05;sub07;sub08;sub09;sub10;sub11;sub13;sub14;sub15;sub16;sub17;sub18;sub20;sub27;sub28;sub29,sub24,30,0.24417231976985931,0.2437889128923416,0.002,1e-05,1.0,1.0,True,False,multimodal,psd-fc-wpli,gated,cnn,False,none
multimodal_psd-fc-wpli_gated_cnn,14,sub22,sub01;sub05;sub07;sub08;sub09;sub10;sub11;sub13;sub14;sub15;sub16;sub17;sub18;sub20;sub27;sub28;sub29,sub24,31,0.22192910313606262,0.2060192972421646,0.002,1e-05,1.0,1.0,True,False,multimodal,psd-fc-wpli,gated,cnn,False,none
multimodal_psd-fc-wpli_gated_cnn,14,sub22,sub01;sub05;sub07;sub08;sub09;sub10;sub11;sub13;sub14;sub15;sub16;sub17;sub18;sub20;sub27;sub28;sub29,sub24,32,0.2005326896905899,0.17087610065937042,0.002,1e-05,1.0,1.0,True,False,multimodal,psd-fc-wpli,gated,cnn,False,none
multimodal_psd-fc-wpli_gated_cnn,14,sub22,sub01;sub05;sub07;sub08;sub09;sub10;sub11;sub13;sub14;sub15;sub16;sub17;sub18;sub20;sub27;sub28;sub29,sub24,33,0.1804691106081009,0.14090602099895477,0.002,1e-05,1.0,1.0,True,False,multimodal,psd-fc-wpli,gated,cnn,False,none
multimodal_psd-fc-wpli_gated_cnn,14,sub22,sub01;sub05;sub07;sub08;sub09;sub10;sub11;sub13;sub14;sub15;sub16;sub17;sub18;sub20;sub27;sub28;sub29,sub24,34,0.16149719059467316,0.11585848778486252,0.002,1e-05,1.0,1.0,True,False,multimodal,psd-fc-wpli,gated,cnn,False,none
multimodal_psd-fc-wpli_gated_cnn,14,sub22,sub01;sub05;sub07;sub08;sub09;sub10;sub11;sub13;sub14;sub15;sub16;sub17;sub18;sub20;sub27;sub28;sub29,sub24,35,0.1436673402786255,0.09534332156181335,0.002,1e-05,1.0,1.0,True,False,multimodal,psd-fc-wpli,gated,cnn,False,none
multimodal_psd-fc-wpli_gated_cnn,14,sub22,sub01;sub05;sub07;sub08;sub09;sub10;sub11;sub13;sub14;sub15;sub16;sub17;sub18;sub20;sub27;sub28;sub29,sub24,36,0.12724469602108002,0.07879695296287537,0.002,1e-05,1.0,1.0,True,False,multimodal,psd-fc-wpli,gated,cnn,False,none
multimodal_psd-fc-wpli_gated_cnn,14,sub22,sub01;sub05;sub07;sub08;sub09;sub10;sub11;sub13;sub14;sub15;sub16;sub17;sub18;sub20;sub27;sub28;sub29,sub24,37,0.112286776304245,0.06530597805976868,0.002,1e-05,1.0,1.0,True,False,multimodal,psd-fc-wpli,gated,cnn,False,none
multimodal_psd-fc-wpli_gated_cnn,14,sub22,sub01;sub05;sub07;sub08;sub09;sub10;sub11;sub13;sub14;sub15;sub16;sub17;sub18;sub20;sub27;sub28;sub29,sub24,38,0.09870048612356186,0.053817495703697205,0.002,1e-05,1.0,1.0,True,False,multimodal,psd-fc-wpli,gated,cnn,False,none
multimodal_psd-fc-wpli_gated_cnn,14,sub22,sub01;sub05;sub07;sub08;sub09;sub10;sub11;sub13;sub14;sub15;sub16;sub17;sub18;sub20;sub27;sub28;sub29,sub24,39,0.08608709275722504,0.04465000331401825,0.002,1e-05,1.0,1.0,True,False,multimodal,psd-fc-wpli,gated,cnn,False,none
multimodal_psd-fc-wpli_gated_cnn,14,sub22,sub01;sub05;sub07;sub08;sub09;sub10;sub11;sub13;sub14;sub15;sub16;sub17;sub18;sub20;sub27;sub28;sub29,sub24,40,0.07455358654260635,0.037342797964811325,0.002,1e-05,1.0,1.0,True,False,multimodal,psd-fc-wpli,gated,cnn,False,none
multimodal_psd-fc-wpli_gated_cnn,14,sub22,sub01;sub05;sub07;sub08;sub09;sub10;sub11;sub13;sub14;sub15;sub16;sub17;sub18;sub20;sub27;sub28;sub29,sub24,41,0.06433357298374176,0.03150895982980728,0.002,1e-05,1.0,1.0,True,False,multimodal,psd-fc-wpli,gated,cnn,False,none
multimodal_psd-fc-wpli_gated_cnn,14,sub22,sub01;sub05;sub07;sub08;sub09;sub10;sub11;sub13;sub14;sub15;sub16;sub17;sub18;sub20;sub27;sub28;sub29,sub24,42,0.055315759032964706,0.027037212625145912,0.002,1e-05,1.0,1.0,True,False,multimodal,psd-fc-wpli,gated,cnn,False,none
multimodal_psd-fc-wpli_gated_cnn,14,sub22,sub01;sub05;sub07;sub08;sub09;sub10;sub11;sub13;sub14;sub15;sub16;sub17;sub18;sub20;sub27;sub28;sub29,sub24,43,0.04737957939505577,0.02372441627085209,0.002,1e-05,1.0,1.0,True,False,multimodal,psd-fc-wpli,gated,cnn,False,none
multimodal_psd-fc-wpli_gated_cnn,14,sub22,sub01;sub05;sub07;sub08;sub09;sub10;sub11;sub13;sub14;sub15;sub16;sub17;sub18;sub20;sub27;sub28;sub29,sub24,44,0.04043279588222504,0.02132502570748329,0.002,1e-05,1.0,1.0,True,False,multimodal,psd-fc-wpli,gated,cnn,False,none
multimodal_psd-fc-wpli_gated_cnn,14,sub22,sub01;sub05;sub07;sub08;sub09;sub10;sub11;sub13;sub14;sub15;sub16;sub17;sub18;sub20;sub27;sub28;sub29,sub24,45,0.03438817337155342,0.019548285752534866,0.002,1e-05,1.0,1.0,True,False,multimodal,psd-fc-wpli,gated,cnn,False,none
multimodal_psd-fc-wpli_gated_cnn,14,sub22,sub01;sub05;sub07;sub08;sub09;sub10;sub11;sub13;sub14;sub15;sub16;sub17;sub18;sub20;sub27;sub28;sub29,sub24,46,0.02920733205974102,0.018145862966775894,0.002,1e-05,1.0,1.0,True,False,multimodal,psd-fc-wpli,gated,cnn,False,none
multimodal_psd-fc-wpli_gated_cnn,14,sub22,sub01;sub05;sub07;sub08;sub09;sub10;sub11;sub13;sub14;sub15;sub16;sub17;sub18;sub20;sub27;sub28;sub29,sub24,47,0.0248164851218462,0.016951359808444977,0.002,1e-05,1.0,1.0,True,False,multimodal,psd-fc-wpli,gated,cnn,False,none
multimodal_psd-fc-wpli_gated_cnn,14,sub22,sub01;sub05;sub07;sub08;sub09;sub10;sub11;sub13;sub14;sub15;sub16;sub17;sub18;sub20;sub27;sub28;sub29,sub24,48,0.021145669743418694,0.015650849789381027,0.002,1e-05,1.0,1.0,True,False,multimodal,psd-fc-wpli,gated,cnn,False,none
multimodal_psd-fc-wpli_gated_cnn,14,sub22,sub01;sub05;sub07;sub08;sub09;sub10;sub11;sub13;sub14;sub15;sub16;sub17;sub18;sub20;sub27;sub28;sub29,sub24,49,0.01807105913758278,0.014185108244419098,0.002,1e-05,1.0,1.0,True,False,multimodal,psd-fc-wpli,gated,cnn,False,none
multimodal_psd-fc-wpli_gated_cnn,14,sub22,sub01;sub05;sub07;sub08;sub09;sub10;sub11;sub13;sub14;sub15;sub16;sub17;sub18;sub20;sub27;sub28;sub29,sub24,50,0.015469973906874657,0.012649523094296455,0.002,1e-05,1.0,1.0,True,False,multimodal,psd-fc-wpli,gated,cnn,False,none
multimodal_psd-fc-wpli_gated_cnn,14,sub22,sub01;sub05;sub07;sub08;sub09;sub10;sub11;sub13;sub14;sub15;sub16;sub17;sub18;sub20;sub27;sub28;sub29,sub24,51,0.013304674066603184,0.01110629178583622,0.002,1e-05,1.0,1.0,True,False,multimodal,psd-fc-wpli,gated,cnn,False,none
multimodal_psd-fc-wpli_gated_cnn,14,sub22,sub01;sub05;sub07;sub08;sub09;sub10;sub11;sub13;sub14;sub15;sub16;sub17;sub18;sub20;sub27;sub28;sub29,sub24,52,0.011517227627336979,0.009681734256446362,0.002,1e-05,1.0,1.0,True,False,multimodal,psd-fc-wpli,gated,cnn,False,none
multimodal_psd-fc-wpli_gated_cnn,14,sub22,sub01;sub05;sub07;sub08;sub09;sub10;sub11;sub13;sub14;sub15;sub16;sub17;sub18;sub20;sub27;sub28;sub29,sub24,53,0.010028214193880558,0.0083889439702034,0.002,1e-05,1.0,1.0,True,False,multimodal,psd-fc-wpli,gated,cnn,False,none
multimodal_psd-fc-wpli_gated_cnn,14,sub22,sub01;sub05;sub07;sub08;sub09;sub10;sub11;sub13;sub14;sub15;sub16;sub17;sub18;sub20;sub27;sub28;sub29,sub24,54,0.008769352920353413,0.007236931938678026,0.002,1e-05,1.0,1.0,True,False,multimodal,psd-fc-wpli,gated,cnn,False,none
multimodal_psd-fc-wpli_gated_cnn,14,sub22,sub01;sub05;sub07;sub08;sub09;sub10;sub11;sub13;sub14;sub15;sub16;sub17;sub18;sub20;sub27;sub28;sub29,sub24,55,0.007698785979300737,0.006229794584214687,0.002,1e-05,1.0,1.0,True,False,multimodal,psd-fc-wpli,gated,cnn,False,none
multimodal_psd-fc-wpli_gated_cnn,14,sub22,sub01;sub05;sub07;sub08;sub09;sub10;sub11;sub13;sub14;sub15;sub16;sub17;sub18;sub20;sub27;sub28;sub29,sub24,56,0.006789290811866522,0.005338258109986782,0.002,1e-05,1.0,1.0,True,False,multimodal,psd-fc-wpli,gated,cnn,False,none
multimodal_psd-fc-wpli_gated_cnn,14,sub22,sub01;sub05;sub07;sub08;sub09;sub10;sub11;sub13;sub14;sub15;sub16;sub17;sub18;sub20;sub27;sub28;sub29,sub24,57,0.006015521474182606,0.004559768829494715,0.002,1e-05,1.0,1.0,True,False,multimodal,psd-fc-wpli,gated,cnn,False,none
multimodal_psd-fc-wpli_gated_cnn,14,sub22,sub01;sub05;sub07;sub08;sub09;sub10;sub11;sub13;sub14;sub15;sub16;sub17;sub18;sub20;sub27;sub28;sub29,sub24,58,0.005354962777346373,0.003895031288266182,0.002,1e-05,1.0,1.0,True,False,multimodal,psd-fc-wpli,gated,cnn,False,none
multimodal_psd-fc-wpli_gated_cnn,14,sub22,sub01;sub05;sub07;sub08;sub09;sub10;sub11;sub13;sub14;sub15;sub16;sub17;sub18;sub20;sub27;sub28;sub29,sub24,59,0.00479021156206727,0.0033326789271086454,0.002,1e-05,1.0,1.0,True,False,multimodal,psd-fc-wpli,gated,cnn,False,none
multimodal_psd-fc-wpli_gated_cnn,14,sub22,sub01;sub05;sub07;sub08;sub09;sub10;sub11;sub13;sub14;sub15;sub16;sub17;sub18;sub20;sub27;sub28;sub29,sub24,60,0.004304933361709118,0.002862244378775358,0.002,1e-05,1.0,1.0,True,False,multimodal,psd-fc-wpli,gated,cnn,False,none
multimodal_psd-fc-wpli_gated_cnn,14,sub22,sub01;sub05;sub07;sub08;sub09;sub10;sub11;sub13;sub14;sub15;sub16;sub17;sub18;sub20;sub27;sub28;sub29,sub24,61,0.003887321101501584,0.0024703522212803364,0.002,1e-05,1.0,1.0,True,False,multimodal,psd-fc-wpli,gated,cnn,False,none
multimodal_psd-fc-wpli_gated_cnn,14,sub22,sub01;sub05;sub07;sub08;sub09;sub10;sub11;sub13;sub14;sub15;sub16;sub17;sub18;sub20;sub27;sub28;sub29,sub24,62,0.003526009153574705,0.002145688282325864,0.002,1e-05,1.0,1.0,True,False,multimodal,psd-fc-wpli,gated,cnn,False,none
multimodal_psd-fc-wpli_gated_cnn,14,sub22,sub01;sub05;sub07;sub08;sub09;sub10;sub11;sub13;sub14;sub15;sub16;sub17;sub18;sub20;sub27;sub28;sub29,sub24,63,0.0032127290032804012,0.001876074238680303,0.002,1e-05,1.0,1.0,True,False,multimodal,psd-fc-wpli,gated,cnn,False,none
multimodal_psd-fc-wpli_gated_cnn,14,sub22,sub01;sub05;sub07;sub08;sub09;sub10;sub11;sub13;sub14;sub15;sub16;sub17;sub18;sub20;sub27;sub28;sub29,sub24,64,0.0029399876948446035,0.0016513484297320247,0.002,1e-05,1.0,1.0,True,False,multimodal,psd-fc-wpli,gated,cnn,False,none
multimodal_psd-fc-wpli_gated_cnn,14,sub22,sub01;sub05;sub07;sub08;sub09;sub10;sub11;sub13;sub14;sub15;sub16;sub17;sub18;sub20;sub27;sub28;sub29,sub24,65,0.0027027300093322992,0.001464418601244688,0.002,1e-05,1.0,1.0,True,False,multimodal,psd-fc-wpli,gated,cnn,False,none
multimodal_psd-fc-wpli_gated_cnn,14,sub22,sub01;sub05;sub07;sub08;sub09;sub10;sub11;sub13;sub14;sub15;sub16;sub17;sub18;sub20;sub27;sub28;sub29,sub24,66,0.0024954918771982193,0.0013093167217448354,0.002,1e-05,1.0,1.0,True,False,multimodal,psd-fc-wpli,gated,cnn,False,none
multimodal_psd-fc-wpli_gated_cnn,14,sub22,sub01;sub05;sub07;sub08;sub09;sub10;sub11;sub13;sub14;sub15;sub16;sub17;sub18;sub20;sub27;sub28;sub29,sub24,67,0.002313958713784814,0.0011800474021583796,0.002,1e-05,1.0,1.0,True,False,multimodal,psd-fc-wpli,gated,cnn,False,none
multimodal_psd-fc-wpli_gated_cnn,14,sub22,sub01;sub05;sub07;sub08;sub09;sub10;sub11;sub13;sub14;sub15;sub16;sub17;sub18;sub20;sub27;sub28;sub29,sub24,68,0.00215332699008286,0.0010700790444388986,0.002,1e-05,1.0,1.0,True,False,multimodal,psd-fc-wpli,gated,cnn,False,none
multimodal_psd-fc-wpli_gated_cnn,14,sub22,sub01;sub05;sub07;sub08;sub09;sub10;sub11;sub13;sub14;sub15;sub16;sub17;sub18;sub20;sub27;sub28;sub29,sub24,69,0.0020100942347198725,0.0009767030132934451,0.002,1e-05,1.0,1.0,True,False,multimodal,psd-fc-wpli,gated,cnn,False,none
multimodal_psd-fc-wpli_gated_cnn,14,sub22,sub01;sub05;sub07;sub08;sub09;sub10;sub11;sub13;sub14;sub15;sub16;sub17;sub18;sub20;sub27;sub28;sub29,sub24,70,0.0018815725343301892,0.0008966533932834864,0.002,1e-05,1.0,1.0,True,False,multimodal,psd-fc-wpli,gated,cnn,False,none
multimodal_psd-fc-wpli_gated_cnn,14,sub22,sub01;sub05;sub07;sub08;sub09;sub10;sub11;sub13;sub14;sub15;sub16;sub17;sub18;sub20;sub27;sub28;sub29,sub24,71,0.0017659885343164206,0.0008273101993836462,0.002,1e-05,1.0,1.0,True,False,multimodal,psd-fc-wpli,gated,cnn,False,none
multimodal_psd-fc-wpli_gated_cnn,14,sub22,sub01;sub05;sub07;sub08;sub09;sub10;sub11;sub13;sub14;sub15;sub16;sub17;sub18;sub20;sub27;sub28;sub29,sub24,72,0.0016619644593447447,0.0007661949493922293,0.002,1e-05,1.0,1.0,True,False,multimodal,psd-fc-wpli,gated,cnn,False,none
multimodal_psd-fc-wpli_gated_cnn,14,sub22,sub01;sub05;sub07;sub08;sub09;sub10;sub11;sub13;sub14;sub15;sub16;sub17;sub18;sub20;sub27;sub28;sub29,sub24,73,0.001568778301589191,0.0007112945313565433,0.002,1e-05,1.0,1.0,True,False,multimodal,psd-fc-wpli,gated,cnn,False,none
multimodal_psd-fc-wpli_gated_cnn,14,sub22,sub01;sub05;sub07;sub08;sub09;sub10;sub11;sub13;sub14;sub15;sub16;sub17;sub18;sub20;sub27;sub28;sub29,sub24,74,0.0014851830201223493,0.0006613172008655965,0.002,1e-05,1.0,1.0,True,False,multimodal,psd-fc-wpli,gated,cnn,False,none
multimodal_psd-fc-wpli_gated_cnn,14,sub22,sub01;sub05;sub07;sub08;sub09;sub10;sub11;sub13;sub14;sub15;sub16;sub17;sub18;sub20;sub27;sub28;sub29,sub24,75,0.0014084962895140052,0.0006155557348392904,0.002,1e-05,1.0,1.0,True,False,multimodal,psd-fc-wpli,gated,cnn,False,none
multimodal_psd-fc-wpli_gated_cnn,14,sub22,sub01;sub05;sub07;sub08;sub09;sub10;sub11;sub13;sub14;sub15;sub16;sub17;sub18;sub20;sub27;sub28;sub29,sub24,76,0.0013377150753512979,0.0005738536710850894,0.002,1e-05,1.0,1.0,True,False,multimodal,psd-fc-wpli,gated,cnn,False,none
multimodal_psd-fc-wpli_gated_cnn,14,sub22,sub01;sub05;sub07;sub08;sub09;sub10;sub11;sub13;sub14;sub15;sub16;sub17;sub18;sub20;sub27;sub28;sub29,sub24,77,0.0012721858220174909,0.0005358947091735899,0.002,1e-05,1.0,1.0,True,False,multimodal,psd-fc-wpli,gated,cnn,False,none
multimodal_psd-fc-wpli_gated_cnn,14,sub22,sub01;sub05;sub07;sub08;sub09;sub10;sub11;sub13;sub14;sub15;sub16;sub17;sub18;sub20;sub27;sub28;sub29,sub24,78,0.0012115028221160173,0.0005017304793000221,0.002,1e-05,1.0,1.0,True,False,multimodal,psd-fc-wpli,gated,cnn,False,none
multimodal_psd-fc-wpli_gated_cnn,14,sub22,sub01;sub05;sub07;sub08;sub09;sub10;sub11;sub13;sub14;sub15;sub16;sub17;sub18;sub20;sub27;sub28;sub29,sub24,79,0.0011553892400115728,0.0004710140638053417,0.002,1e-05,1.0,1.0,True,False,multimodal,psd-fc-wpli,gated,cnn,False,none
multimodal_psd-fc-wpli_gated_cnn,14,sub22,sub01;sub05;sub07;sub08;sub09;sub10;sub11;sub13;sub14;sub15;sub16;sub17;sub18;sub20;sub27;sub28;sub29,sub24,80,0.0011036209762096405,0.0004439795739017427,0.002,1e-05,1.0,1.0,True,False,multimodal,psd-fc-wpli,gated,cnn,False,none
multimodal_psd-fc-wpli_gated_cnn,14,sub22,sub01;sub05;sub07;sub08;sub09;sub10;sub11;sub13;sub14;sub15;sub16;sub17;sub18;sub20;sub27;sub28;sub29,sub24,81,0.0010556095512583852,0.0004204166471026838,0.002,1e-05,1.0,1.0,True,False,multimodal,psd-fc-wpli,gated,cnn,False,none
multimodal_psd-fc-wpli_gated_cnn,14,sub22,sub01;sub05;sub07;sub08;sub09;sub10;sub11;sub13;sub14;sub15;sub16;sub17;sub18;sub20;sub27;sub28;sub29,sub24,82,0.0010103873210027814,0.00039963520248420537,0.002,1e-05,1.0,1.0,True,False,multimodal,psd-fc-wpli,gated,cnn,False,none
multimodal_psd-fc-wpli_gated_cnn,14,sub22,sub01;sub05;sub07;sub08;sub09;sub10;sub11;sub13;sub14;sub15;sub16;sub17;sub18;sub20;sub27;sub28;sub29,sub24,83,0.0009676573099568486,0.0003811419883277267,0.002,1e-05,1.0,1.0,True,False,multimodal,psd-fc-wpli,gated,cnn,False,none
multimodal_psd-fc-wpli_gated_cnn,14,sub22,sub01;sub05;sub07;sub08;sub09;sub10;sub11;sub13;sub14;sub15;sub16;sub17;sub18;sub20;sub27;sub28;sub29,sub24,84,0.0009274199837818742,0.0003642322262749076,0.002,1e-05,1.0,1.0,True,False,multimodal,psd-fc-wpli,gated,cnn,False,none
multimodal_psd-fc-wpli_gated_cnn,14,sub22,sub01;sub05;sub07;sub08;sub09;sub10;sub11;sub13;sub14;sub15;sub16;sub17;sub18;sub20;sub27;sub28;sub29,sub24,85,0.0008898763335309923,0.00034828210482373834,0.002,1e-05,1.0,1.0,True,False,multimodal,psd-fc-wpli,gated,cnn,False,none
multimodal_psd-fc-wpli_gated_cnn,14,sub22,sub01;sub05;sub07;sub08;sub09;sub10;sub11;sub13;sub14;sub15;sub16;sub17;sub18;sub20;sub27;sub28;sub29,sub24,86,0.0008547460311092436,0.00033307666308246553,0.002,1e-05,1.0,1.0,True,False,multimodal,psd-fc-wpli,gated,cnn,False,none
multimodal_psd-fc-wpli_gated_cnn,14,sub22,sub01;sub05;sub07;sub08;sub09;sub10;sub11;sub13;sub14;sub15;sub16;sub17;sub18;sub20;sub27;sub28;sub29,sub24,87,0.0008214838453568518,0.00031856089481152594,0.002,1e-05,1.0,1.0,True,False,multimodal,psd-fc-wpli,gated,cnn,False,none
multimodal_psd-fc-wpli_gated_cnn,14,sub22,sub01;sub05;sub07;sub08;sub09;sub10;sub11;sub13;sub14;sub15;sub16;sub17;sub18;sub20;sub27;sub28;sub29,sub24,88,0.0007899623014964163,0.00030471343779936433,0.002,1e-05,1.0,1.0,True,False,multimodal,psd-fc-wpli,gated,cnn,False,none
multimodal_psd-fc-wpli_gated_cnn,14,sub22,sub01;sub05;sub07;sub08;sub09;sub10;sub11;sub13;sub14;sub15;sub16;sub17;sub18;sub20;sub27;sub28;sub29,sub24,89,0.0007600623066537082,0.000291533418931067,0.002,1e-05,1.0,1.0,True,False,multimodal,psd-fc-wpli,gated,cnn,False,none
multimodal_psd-fc-wpli_gated_cnn,14,sub22,sub01;sub05;sub07;sub08;sub09;sub10;sub11;sub13;sub14;sub15;sub16;sub17;sub18;sub20;sub27;sub28;sub29,sub24,90,0.0007315390394069254,0.0002789935970213264,0.002,1e-05,1.0,1.0,True,False,multimodal,psd-fc-wpli,gated,cnn,False,none
multimodal_psd-fc-wpli_gated_cnn,14,sub22,sub01;sub05;sub07;sub08;sub09;sub10;sub11;sub13;sub14;sub15;sub16;sub17;sub18;sub20;sub27;sub28;sub29,sub24,91,0.0007041840581223369,0.0002670353860594332,0.002,1e-05,1.0,1.0,True,False,multimodal,psd-fc-wpli,gated,cnn,False,none
multimodal_psd-fc-wpli_gated_cnn,14,sub22,sub01;sub05;sub07;sub08;sub09;sub10;sub11;sub13;sub14;sub15;sub16;sub17;sub18;sub20;sub27;sub28;sub29,sub24,92,0.0006780209369026124,0.00025562106748111546,0.002,1e-05,1.0,1.0,True,False,multimodal,psd-fc-wpli,gated,cnn,False,none
multimodal_psd-fc-wpli_gated_cnn,14,sub22,sub01;sub05;sub07;sub08;sub09;sub10;sub11;sub13;sub14;sub15;sub16;sub17;sub18;sub20;sub27;sub28;sub29,sub24,93,0.0006530244136229157,0.00024470186326652765,0.002,1e-05,1.0,1.0,True,False,multimodal,psd-fc-wpli,gated,cnn,False,none
multimodal_psd-fc-wpli_gated_cnn,14,sub22,sub01;sub05;sub07;sub08;sub09;sub10;sub11;sub13;sub14;sub15;sub16;sub17;sub18;sub20;sub27;sub28;sub29,sub24,94,0.0006291140452958643,0.00023426752886734903,0.002,1e-05,1.0,1.0,True,False,multimodal,psd-fc-wpli,gated,cnn,False,none
multimodal_psd-fc-wpli_gated_cnn,14,sub22,sub01;sub05;sub07;sub08;sub09;sub10;sub11;sub13;sub14;sub15;sub16;sub17;sub18;sub20;sub27;sub28;sub29,sub24,95,0.000606246932875365,0.0002243123308289796,0.002,1e-05,1.0,1.0,True,False,multimodal,psd-fc-wpli,gated,cnn,False,none
multimodal_psd-fc-wpli_gated_cnn,14,sub22,sub01;sub05;sub07;sub08;sub09;sub10;sub11;sub13;sub14;sub15;sub16;sub17;sub18;sub20;sub27;sub28;sub29,sub24,96,0.0005842486280016601,0.00021484382159542292,0.002,1e-05,1.0,1.0,True,False,multimodal,psd-fc-wpli,gated,cnn,False,none
multimodal_psd-fc-wpli_gated_cnn,14,sub22,sub01;sub05;sub07;sub08;sub09;sub10;sub11;sub13;sub14;sub15;sub16;sub17;sub18;sub20;sub27;sub28;sub29,sub24,97,0.0005629358347505331,0.00020581182616297156,0.002,1e-05,1.0,1.0,True,False,multimodal,psd-fc-wpli,gated,cnn,False,none
multimodal_psd-fc-wpli_gated_cnn,14,sub22,sub01;sub05;sub07;sub08;sub09;sub10;sub11;sub13;sub14;sub15;sub16;sub17;sub18;sub20;sub27;sub28;sub29,sub24,98,0.000542372465133667,0.0001971811434486881,0.002,1e-05,1.0,1.0,True,False,multimodal,psd-fc-wpli,gated,cnn,False,none
multimodal_psd-fc-wpli_gated_cnn,14,sub22,sub01;sub05;sub07;sub08;sub09;sub10;sub11;sub13;sub14;sub15;sub16;sub17;sub18;sub20;sub27;sub28;sub29,sub24,99,0.0005226109060458839,0.00018886246834881604,0.002,1e-05,1.0,1.0,True,False,multimodal,psd-fc-wpli,gated,cnn,False,none
multimodal_psd-fc-wpli_gated_cnn,14,sub22,sub01;sub05;sub07;sub08;sub09;sub10;sub11;sub13;sub14;sub15;sub16;sub17;sub18;sub20;sub27;sub28;sub29,sub24,100,0.0005033811903558671,0.0001809067471185699,0.002,1e-05,1.0,1.0,True,False,multimodal,psd-fc-wpli,gated,cnn,False,none
multimodal_psd-fc-wpli_gated_cnn,15,sub24,sub01;sub05;sub07;sub08;sub09;sub10;sub11;sub13;sub14;sub15;sub16;sub17;sub18;sub20;sub22;sub28;sub29,sub27,1,0.6914705634117126,0.6419442296028137,0.002,1e-05,1.0,1.0,True,False,multimodal,psd-fc-wpli,gated,cnn,False,none
multimodal_psd-fc-wpli_gated_cnn,15,sub24,sub01;sub05;sub07;sub08;sub09;sub10;sub11;sub13;sub14;sub15;sub16;sub17;sub18;sub20;sub22;sub28;sub29,sub27,2,0.6816280484199524,0.6393387317657471,0.002,1e-05,1.0,1.0,True,False,multimodal,psd-fc-wpli,gated,cnn,False,none
multimodal_psd-fc-wpli_gated_cnn,15,sub24,sub01;sub05;sub07;sub08;sub09;sub10;sub11;sub13;sub14;sub15;sub16;sub17;sub18;sub20;sub22;sub28;sub29,sub27,3,0.672552227973938,0.6364639401435852,0.002,1e-05,1.0,1.0,True,False,multimodal,psd-fc-wpli,gated,cnn,False,none
multimodal_psd-fc-wpli_gated_cnn,15,sub24,sub01;sub05;sub07;sub08;sub09;sub10;sub11;sub13;sub14;sub15;sub16;sub17;sub18;sub20;sub22;sub28;sub29,sub27,4,0.6643264293670654,0.6316777467727661,0.002,1e-05,1.0,1.0,True,False,multimodal,psd-fc-wpli,gated,cnn,False,none
multimodal_psd-fc-wpli_gated_cnn,15,sub24,sub01;sub05;sub07;sub08;sub09;sub10;sub11;sub13;sub14;sub15;sub16;sub17;sub18;sub20;sub22;sub28;sub29,sub27,5,0.6563241481781006,0.6245775818824768,0.002,1e-05,1.0,1.0,True,False,multimodal,psd-fc-wpli,gated,cnn,False,none
multimodal_psd-fc-wpli_gated_cnn,15,sub24,sub01;sub05;sub07;sub08;sub09;sub10;sub11;sub13;sub14;sub15;sub16;sub17;sub18;sub20;sub22;sub28;sub29,sub27,6,0.6476458311080933,0.6172357201576233,0.002,1e-05,1.0,1.0,True,False,multimodal,psd-fc-wpli,gated,cnn,False,none
multimodal_psd-fc-wpli_gated_cnn,15,sub24,sub01;sub05;sub07;sub08;sub09;sub10;sub11;sub13;sub14;sub15;sub16;sub17;sub18;sub20;sub22;sub28;sub29,sub27,7,0.6381116509437561,0.6065112948417664,0.002,1e-05,1.0,1.0,True,False,multimodal,psd-fc-wpli,gated,cnn,False,none
multimodal_psd-fc-wpli_gated_cnn,15,sub24,sub01;sub05;sub07;sub08;sub09;sub10;sub11;sub13;sub14;sub15;sub16;sub17;sub18;sub20;sub22;sub28;sub29,sub27,8,0.6275891661643982,0.5929200053215027,0.002,1e-05,1.0,1.0,True,False,multimodal,psd-fc-wpli,gated,cnn,False,none
multimodal_psd-fc-wpli_gated_cnn,15,sub24,sub01;sub05;sub07;sub08;sub09;sub10;sub11;sub13;sub14;sub15;sub16;sub17;sub18;sub20;sub22;sub28;sub29,sub27,9,0.6160324811935425,0.5783732533454895,0.002,1e-05,1.0,1.0,True,False,multimodal,psd-fc-wpli,gated,cnn,False,none
multimodal_psd-fc-wpli_gated_cnn,15,sub24,sub01;sub05;sub07;sub08;sub09;sub10;sub11;sub13;sub14;sub15;sub16;sub17;sub18;sub20;sub22;sub28;sub29,sub27,10,0.60329270362854,0.5618935823440552,0.002,1e-05,1.0,1.0,True,False,multimodal,psd-fc-wpli,gated,cnn,False,none
multimodal_psd-fc-wpli_gated_cnn,15,sub24,sub01;sub05;sub07;sub08;sub09;sub10;sub11;sub13;sub14;sub15;sub16;sub17;sub18;sub20;sub22;sub28;sub29,sub27,11,0.5892558693885803,0.5438246130943298,0.002,1e-05,1.0,1.0,True,False,multimodal,psd-fc-wpli,gated,cnn,False,none
multimodal_psd-fc-wpli_gated_cnn,15,sub24,sub01;sub05;sub07;sub08;sub09;sub10;sub11;sub13;sub14;sub15;sub16;sub17;sub18;sub20;sub22;sub28;sub29,sub27,12,0.5740114450454712,0.524050235748291,0.002,1e-05,1.0,1.0,True,False,multimodal,psd-fc-wpli,gated,cnn,False,none
multimodal_psd-fc-wpli_gated_cnn,15,sub24,sub01;sub05;sub07;sub08;sub09;sub10;sub11;sub13;sub14;sub15;sub16;sub17;sub18;sub20;sub22;sub28;sub29,sub27,13,0.557445764541626,0.5014006495475769,0.002,1e-05,1.0,1.0,True,False,multimodal,psd-fc-wpli,gated,cnn,False,none
multimodal_psd-fc-wpli_gated_cnn,15,sub24,sub01;sub05;sub07;sub08;sub09;sub10;sub11;sub13;sub14;sub15;sub16;sub17;sub18;sub20;sub22;sub28;sub29,sub27,14,0.539695143699646,0.4749082922935486,0.002,1e-05,1.0,1.0,True,False,multimodal,psd-fc-wpli,gated,cnn,False,none
multimodal_psd-fc-wpli_gated_cnn,15,sub24,sub01;sub05;sub07;sub08;sub09;sub10;sub11;sub13;sub14;sub15;sub16;sub17;sub18;sub20;sub22;sub28;sub29,sub27,15,0.5203970074653625,0.4464071989059448,0.002,1e-05,1.0,1.0,True,False,multimodal,psd-fc-wpli,gated,cnn,False,none
multimodal_psd-fc-wpli_gated_cnn,15,sub24,sub01;sub05;sub07;sub08;sub09;sub10;sub11;sub13;sub14;sub15;sub16;sub17;sub18;sub20;sub22;sub28;sub29,sub27,16,0.4995417892932892,0.4159831404685974,0.002,1e-05,1.0,1.0,True,False,multimodal,psd-fc-wpli,gated,cnn,False,none
multimodal_psd-fc-wpli_gated_cnn,15,sub24,sub01;sub05;sub07;sub08;sub09;sub10;sub11;sub13;sub14;sub15;sub16;sub17;sub18;sub20;sub22;sub28;sub29,sub27,17,0.4775135815143585,0.3848877251148224,0.002,1e-05,1.0,1.0,True,False,multimodal,psd-fc-wpli,gated,cnn,False,none
multimodal_psd-fc-wpli_gated_cnn,15,sub24,sub01;sub05;sub07;sub08;sub09;sub10;sub11;sub13;sub14;sub15;sub16;sub17;sub18;sub20;sub22;sub28;sub29,sub27,18,0.4541264772415161,0.35444024205207825,0.002,1e-05,1.0,1.0,True,False,multimodal,psd-fc-wpli,gated,cnn,False,none
multimodal_psd-fc-wpli_gated_cnn,15,sub24,sub01;sub05;sub07;sub08;sub09;sub10;sub11;sub13;sub14;sub15;sub16;sub17;sub18;sub20;sub22;sub28;sub29,sub27,19,0.4295063018798828,0.3257448375225067,0.002,1e-05,1.0,1.0,True,False,multimodal,psd-fc-wpli,gated,cnn,False,none
multimodal_psd-fc-wpli_gated_cnn,15,sub24,sub01;sub05;sub07;sub08;sub09;sub10;sub11;sub13;sub14;sub15;sub16;sub17;sub18;sub20;sub22;sub28;sub29,sub27,20,0.40384718775749207,0.2996528148651123,0.002,1e-05,1.0,1.0,True,False,multimodal,psd-fc-wpli,gated,cnn,False,none
multimodal_psd-fc-wpli_gated_cnn,15,sub24,sub01;sub05;sub07;sub08;sub09;sub10;sub11;sub13;sub14;sub15;sub16;sub17;sub18;sub20;sub22;sub28;sub29,sub27,21,0.3771487772464752,0.27723419666290283,0.002,1e-05,1.0,1.0,True,False,multimodal,psd-fc-wpli,gated,cnn,False,none
multimodal_psd-fc-wpli_gated_cnn,15,sub24,sub01;sub05;sub07;sub08;sub09;sub10;sub11;sub13;sub14;sub15;sub16;sub17;sub18;sub20;sub22;sub28;sub29,sub27,22,0.34962204098701477,0.2595036029815674,0.002,1e-05,1.0,1.0,True,False,multimodal,psd-fc-wpli,gated,cnn,False,none
multimodal_psd-fc-wpli_gated_cnn,15,sub24,sub01;sub05;sub07;sub08;sub09;sub10;sub11;sub13;sub14;sub15;sub16;sub17;sub18;sub20;sub22;sub28;sub29,sub27,23,0.3221445381641388,0.24440178275108337,0.002,1e-05,1.0,1.0,True,False,multimodal,psd-fc-wpli,gated,cnn,False,none
multimodal_psd-fc-wpli_gated_cnn,15,sub24,sub01;sub05;sub07;sub08;sub09;sub10;sub11;sub13;sub14;sub15;sub16;sub17;sub18;sub20;sub22;sub28;sub29,sub27,24,0.294656366109848,0.2318221926689148,0.002,1e-05,1.0,1.0,True,False,multimodal,psd-fc-wpli,gated,cnn,False,none
multimodal_psd-fc-wpli_gated_cnn,15,sub24,sub01;sub05;sub07;sub08;sub09;sub10;sub11;sub13;sub14;sub15;sub16;sub17;sub18;sub20;sub22;sub28;sub29,sub27,25,0.2671744227409363,0.22217275202274323,0.002,1e-05,1.0,1.0,True,False,multimodal,psd-fc-wpli,gated,cnn,False,none
multimodal_psd-fc-wpli_gated_cnn,15,sub24,sub01;sub05;sub07;sub08;sub09;sub10;sub11;sub13;sub14;sub15;sub16;sub17;sub18;sub20;sub22;sub28;sub29,sub27,26,0.23970378935337067,0.21657171845436096,0.002,1e-05,1.0,1.0,True,False,multimodal,psd-fc-wpli,gated,cnn,False,none
multimodal_psd-fc-wpli_gated_cnn,15,sub24,sub01;sub05;sub07;sub08;sub09;sub10;sub11;sub13;sub14;sub15;sub16;sub17;sub18;sub20;sub22;sub28;sub29,sub27,27,0.21291996538639069,0.20855119824409485,0.002,1e-05,1.0,1.0,True,False,multimodal,psd-fc-wpli,gated,cnn,False,none
multimodal_psd-fc-wpli_gated_cnn,15,sub24,sub01;sub05;sub07;sub08;sub09;sub10;sub11;sub13;sub14;sub15;sub16;sub17;sub18;sub20;sub22;sub28;sub29,sub27,28,0.18725061416625977,0.19489510357379913,0.002,1e-05,1.0,1.0,True,False,multimodal,psd-fc-wpli,gated,cnn,False,none
multimodal_psd-fc-wpli_gated_cnn,15,sub24,sub01;sub05;sub07;sub08;sub09;sub10;sub11;sub13;sub14;sub15;sub16;sub17;sub18;sub20;sub22;sub28;sub29,sub27,29,0.16322630643844604,0.1764877736568451,0.002,1e-05,1.0,1.0,True,False,multimodal,psd-fc-wpli,gated,cnn,False,none
multimodal_psd-fc-wpli_gated_cnn,15,sub24,sub01;sub05;sub07;sub08;sub09;sub10;sub11;sub13;sub14;sub15;sub16;sub17;sub18;sub20;sub22;sub28;sub29,sub27,30,0.14112421870231628,0.1546153724193573,0.002,1e-05,1.0,1.0,True,False,multimodal,psd-fc-wpli,gated,cnn,False,none
multimodal_psd-fc-wpli_gated_cnn,15,sub24,sub01;sub05;sub07;sub08;sub09;sub10;sub11;sub13;sub14;sub15;sub16;sub17;sub18;sub20;sub22;sub28;sub29,sub27,31,0.12113728374242783,0.13280624151229858,0.002,1e-05,1.0,1.0,True,False,multimodal,psd-fc-wpli,gated,cnn,False,none
multimodal_psd-fc-wpli_gated_cnn,15,sub24,sub01;sub05;sub07;sub08;sub09;sub10;sub11;sub13;sub14;sub15;sub16;sub17;sub18;sub20;sub22;sub28;sub29,sub27,32,0.10322429239749908,0.11378061026334763,0.002,1e-05,1.0,1.0,True,False,multimodal,psd-fc-wpli,gated,cnn,False,none
multimodal_psd-fc-wpli_gated_cnn,15,sub24,sub01;sub05;sub07;sub08;sub09;sub10;sub11;sub13;sub14;sub15;sub16;sub17;sub18;sub20;sub22;sub28;sub29,sub27,33,0.0873444527387619,0.09927761554718018,0.002,1e-05,1.0,1.0,True,False,multimodal,psd-fc-wpli,gated,cnn,False,none
multimodal_psd-fc-wpli_gated_cnn,15,sub24,sub01;sub05;sub07;sub08;sub09;sub10;sub11;sub13;sub14;sub15;sub16;sub17;sub18;sub20;sub22;sub28;sub29,sub27,34,0.0734306275844574,0.08794701844453812,0.002,1e-05,1.0,1.0,True,False,multimodal,psd-fc-wpli,gated,cnn,False,none
multimodal_psd-fc-wpli_gated_cnn,15,sub24,sub01;sub05;sub07;sub08;sub09;sub10;sub11;sub13;sub14;sub15;sub16;sub17;sub18;sub20;sub22;sub28;sub29,sub27,35,0.06135105341672897,0.07850036770105362,0.002,1e-05,1.0,1.0,True,False,multimodal,psd-fc-wpli,gated,cnn,False,none
multimodal_psd-fc-wpli_gated_cnn,15,sub24,sub01;sub05;sub07;sub08;sub09;sub10;sub11;sub13;sub14;sub15;sub16;sub17;sub18;sub20;sub22;sub28;sub29,sub27,36,0.05098302289843559,0.0703004002571106,0.002,1e-05,1.0,1.0,True,False,multimodal,psd-fc-wpli,gated,cnn,False,none
multimodal_psd-fc-wpli_gated_cnn,15,sub24,sub01;sub05;sub07;sub08;sub09;sub10;sub11;sub13;sub14;sub15;sub16;sub17;sub18;sub20;sub22;sub28;sub29,sub27,37,0.04221179708838463,0.06388324499130249,0.002,1e-05,1.0,1.0,True,False,multimodal,psd-fc-wpli,gated,cnn,False,none
multimodal_psd-fc-wpli_gated_cnn,15,sub24,sub01;sub05;sub07;sub08;sub09;sub10;sub11;sub13;sub14;sub15;sub16;sub17;sub18;sub20;sub22;sub28;sub29,sub27,38,0.034897662699222565,0.05959344282746315,0.002,1e-05,1.0,1.0,True,False,multimodal,psd-fc-wpli,gated,cnn,False,none
multimodal_psd-fc-wpli_gated_cnn,15,sub24,sub01;sub05;sub07;sub08;sub09;sub10;sub11;sub13;sub14;sub15;sub16;sub17;sub18;sub20;sub22;sub28;sub29,sub27,39,0.028787793591618538,0.0561680942773819,0.002,1e-05,1.0,1.0,True,False,multimodal,psd-fc-wpli,gated,cnn,False,none
multimodal_psd-fc-wpli_gated_cnn,15,sub24,sub01;sub05;sub07;sub08;sub09;sub10;sub11;sub13;sub14;sub15;sub16;sub17;sub18;sub20;sub22;sub28;sub29,sub27,40,0.023807810619473457,0.05241512879729271,0.002,1e-05,1.0,1.0,True,False,multimodal,psd-fc-wpli,gated,cnn,False,none
multimodal_psd-fc-wpli_gated_cnn,15,sub24,sub01;sub05;sub07;sub08;sub09;sub10;sub11;sub13;sub14;sub15;sub16;sub17;sub18;sub20;sub22;sub28;sub29,sub27,41,0.019680963829159737,0.04835985600948334,0.002,1e-05,1.0,1.0,True,False,multimodal,psd-fc-wpli,gated,cnn,False,none
multimodal_psd-fc-wpli_gated_cnn,15,sub24,sub01;sub05;sub07;sub08;sub09;sub10;sub11;sub13;sub14;sub15;sub16;sub17;sub18;sub20;sub22;sub28;sub29,sub27,42,0.016313696280121803,0.04451556131243706,0.002,1e-05,1.0,1.0,True,False,multimodal,psd-fc-wpli,gated,cnn,False,none
multimodal_psd-fc-wpli_gated_cnn,15,sub24,sub01;sub05;sub07;sub08;sub09;sub10;sub11;sub13;sub14;sub15;sub16;sub17;sub18;sub20;sub22;sub28;sub29,sub27,43,0.01359056681394577,0.04081382229924202,0.002,1e-05,1.0,1.0,True,False,multimodal,psd-fc-wpli,gated,cnn,False,none
multimodal_psd-fc-wpli_gated_cnn,15,sub24,sub01;sub05;sub07;sub08;sub09;sub10;sub11;sub13;sub14;sub15;sub16;sub17;sub18;sub20;sub22;sub28;sub29,sub27,44,0.011359556578099728,0.03711880370974541,0.002,1e-05,1.0,1.0,True,False,multimodal,psd-fc-wpli,gated,cnn,False,none
multimodal_psd-fc-wpli_gated_cnn,15,sub24,sub01;sub05;sub07;sub08;sub09;sub10;sub11;sub13;sub14;sub15;sub16;sub17;sub18;sub20;sub22;sub28;sub29,sub27,45,0.009545831009745598,0.03330119326710701,0.002,1e-05,1.0,1.0,True,False,multimodal,psd-fc-wpli,gated,cnn,False,none
multimodal_psd-fc-wpli_gated_cnn,15,sub24,sub01;sub05;sub07;sub08;sub09;sub10;sub11;sub13;sub14;sub15;sub16;sub17;sub18;sub20;sub22;sub28;sub29,sub27,46,0.008071808144450188,0.029468143358826637,0.002,1e-05,1.0,1.0,True,False,multimodal,psd-fc-wpli,gated,cnn,False,none
multimodal_psd-fc-wpli_gated_cnn,15,sub24,sub01;sub05;sub07;sub08;sub09;sub10;sub11;sub13;sub14;sub15;sub16;sub17;sub18;sub20;sub22;sub28;sub29,sub27,47,0.006866561248898506,0.025823235511779785,0.002,1e-05,1.0,1.0,True,False,multimodal,psd-fc-wpli,gated,cnn,False,none
multimodal_psd-fc-wpli_gated_cnn,15,sub24,sub01;sub05;sub07;sub08;sub09;sub10;sub11;sub13;sub14;sub15;sub16;sub17;sub18;sub20;sub22;sub28;sub29,sub27,48,0.005875600501894951,0.022571003064513206,0.002,1e-05,1.0,1.0,True,False,multimodal,psd-fc-wpli,gated,cnn,False,none
multimodal_psd-fc-wpli_gated_cnn,15,sub24,sub01;sub05;sub07;sub08;sub09;sub10;sub11;sub13;sub14;sub15;sub16;sub17;sub18;sub20;sub22;sub28;sub29,sub27,49,0.005062868818640709,0.019937846809625626,0.002,1e-05,1.0,1.0,True,False,multimodal,psd-fc-wpli,gated,cnn,False,none
multimodal_psd-fc-wpli_gated_cnn,15,sub24,sub01;sub05;sub07;sub08;sub09;sub10;sub11;sub13;sub14;sub15;sub16;sub17;sub18;sub20;sub22;sub28;sub29,sub27,50,0.004397382494062185,0.01792716421186924,0.002,1e-05,1.0,1.0,True,False,multimodal,psd-fc-wpli,gated,cnn,False,none
multimodal_psd-fc-wpli_gated_cnn,15,sub24,sub01;sub05;sub07;sub08;sub09;sub10;sub11;sub13;sub14;sub15;sub16;sub17;sub18;sub20;sub22;sub28;sub29,sub27,51,0.0038455373141914606,0.016433238983154297,0.002,1e-05,1.0,1.0,True,False,multimodal,psd-fc-wpli,gated,cnn,False,none
multimodal_psd-fc-wpli_gated_cnn,15,sub24,sub01;sub05;sub07;sub08;sub09;sub10;sub11;sub13;sub14;sub15;sub16;sub17;sub18;sub20;sub22;sub28;sub29,sub27,52,0.0033847747836261988,0.015350072644650936,0.002,1e-05,1.0,1.0,True,False,multimodal,psd-fc-wpli,gated,cnn,False,none
multimodal_psd-fc-wpli_gated_cnn,15,sub24,sub01;sub05;sub07;sub08;sub09;sub10;sub11;sub13;sub14;sub15;sub16;sub17;sub18;sub20;sub22;sub28;sub29,sub27,53,0.002998399082571268,0.014552650041878223,0.002,1e-05,1.0,1.0,True,False,multimodal,psd-fc-wpli,gated,cnn,False,none
multimodal_psd-fc-wpli_gated_cnn,15,sub24,sub01;sub05;sub07;sub08;sub09;sub10;sub11;sub13;sub14;sub15;sub16;sub17;sub18;sub20;sub22;sub28;sub29,sub27,54,0.0026733786799013615,0.013916377909481525,0.002,1e-05,1.0,1.0,True,False,multimodal,psd-fc-wpli,gated,cnn,False,none
multimodal_psd-fc-wpli_gated_cnn,15,sub24,sub01;sub05;sub07;sub08;sub09;sub10;sub11;sub13;sub14;sub15;sub16;sub17;sub18;sub20;sub22;sub28;sub29,sub27,55,0.002398919081315398,0.013367794454097748,0.002,1e-05,1.0,1.0,True,False,multimodal,psd-fc-wpli,gated,cnn,False,none
multimodal_psd-fc-wpli_gated_cnn,15,sub24,sub01;sub05;sub07;sub08;sub09;sub10;sub11;sub13;sub14;sub15;sub16;sub17;sub18;sub20;sub22;sub28;sub29,sub27,56,0.0021654311567544937,0.012817156501114368,0.002,1e-05,1.0,1.0,True,False,multimodal,psd-fc-wpli,gated,cnn,False,none
multimodal_psd-fc-wpli_gated_cnn,15,sub24,sub01;sub05;sub07;sub08;sub09;sub10;sub11;sub13;sub14;sub15;sub16;sub17;sub18;sub20;sub22;sub28;sub29,sub27,57,0.0019640487153083086,0.012285166420042515,0.002,1e-05,1.0,1.0,True,False,multimodal,psd-fc-wpli,gated,cnn,False,none
multimodal_psd-fc-wpli_gated_cnn,15,sub24,sub01;sub05;sub07;sub08;sub09;sub10;sub11;sub13;sub14;sub15;sub16;sub17;sub18;sub20;sub22;sub28;sub29,sub27,58,0.0017903209663927555,0.011845855973660946,0.002,1e-05,1.0,1.0,True,False,multimodal,psd-fc-wpli,gated,cnn,False,none
multimodal_psd-fc-wpli_gated_cnn,15,sub24,sub01;sub05;sub07;sub08;sub09;sub10;sub11;sub13;sub14;sub15;sub16;sub17;sub18;sub20;sub22;sub28;sub29,sub27,59,0.0016417006263509393,0.011489881202578545,0.002,1e-05,1.0,1.0,True,False,multimodal,psd-fc-wpli,gated,cnn,False,none
multimodal_psd-fc-wpli_gated_cnn,15,sub24,sub01;sub05;sub07;sub08;sub09;sub10;sub11;sub13;sub14;sub15;sub16;sub17;sub18;sub20;sub22;sub28;sub29,sub27,60,0.0015131441177800298,0.011207264848053455,0.002,1e-05,1.0,1.0,True,False,multimodal,psd-fc-wpli,gated,cnn,False,none
multimodal_psd-fc-wpli_gated_cnn,15,sub24,sub01;sub05;sub07;sub08;sub09;sub10;sub11;sub13;sub14;sub15;sub16;sub17;sub18;sub20;sub22;sub28;sub29,sub27,61,0.001400135108269751,0.010985231027007103,0.002,1e-05,1.0,1.0,True,False,multimodal,psd-fc-wpli,gated,cnn,False,none
multimodal_psd-fc-wpli_gated_cnn,15,sub24,sub01;sub05;sub07;sub08;sub09;sub10;sub11;sub13;sub14;sub15;sub16;sub17;sub18;sub20;sub22;sub28;sub29,sub27,62,0.0013007069937884808,0.010769694112241268,0.002,1e-05,1.0,1.0,True,False,multimodal,psd-fc-wpli,gated,cnn,False,none
multimodal_psd-fc-wpli_gated_cnn,15,sub24,sub01;sub05;sub07;sub08;sub09;sub10;sub11;sub13;sub14;sub15;sub16;sub17;sub18;sub20;sub22;sub28;sub29,sub27,63,0.001213344163261354,0.010529927909374237,0.002,1e-05,1.0,1.0,True,False,multimodal,psd-fc-wpli,gated,cnn,False,none
multimodal_psd-fc-wpli_gated_cnn,15,sub24,sub01;sub05;sub07;sub08;sub09;sub10;sub11;sub13;sub14;sub15;sub16;sub17;sub18;sub20;sub22;sub28;sub29,sub27,64,0.0011364922393113375,0.010261975228786469,0.002,1e-05,1.0,1.0,True,False,multimodal,psd-fc-wpli,gated,cnn,False,none
multimodal_psd-fc-wpli_gated_cnn,15,sub24,sub01;sub05;sub07;sub08;sub09;sub10;sub11;sub13;sub14;sub15;sub16;sub17;sub18;sub20;sub22;sub28;sub29,sub27,65,0.0010682918364182115,0.009949966333806515,0.002,1e-05,1.0,1.0,True,False,multimodal,psd-fc-wpli,gated,cnn,False,none
multimodal_psd-fc-wpli_gated_cnn,15,sub24,sub01;sub05;sub07;sub08;sub09;sub10;sub11;sub13;sub14;sub15;sub16;sub17;sub18;sub20;sub22;sub28;sub29,sub27,66,0.0010074530728161335,0.009607363492250443,0.002,1e-05,1.0,1.0,True,False,multimodal,psd-fc-wpli,gated,cnn,False,none
multimodal_psd-fc-wpli_gated_cnn,15,sub24,sub01;sub05;sub07;sub08;sub09;sub10;sub11;sub13;sub14;sub15;sub16;sub17;sub18;sub20;sub22;sub28;sub29,sub27,67,0.0009527772781439126,0.009235278703272343,0.002,1e-05,1.0,1.0,True,False,multimodal,psd-fc-wpli,gated,cnn,False,none
multimodal_psd-fc-wpli_gated_cnn,15,sub24,sub01;sub05;sub07;sub08;sub09;sub10;sub11;sub13;sub14;sub15;sub16;sub17;sub18;sub20;sub22;sub28;sub29,sub27,68,0.0009035083348862827,0.008860807865858078,0.002,1e-05,1.0,1.0,True,False,multimodal,psd-fc-wpli,gated,cnn,False,none
multimodal_psd-fc-wpli_gated_cnn,15,sub24,sub01;sub05;sub07;sub08;sub09;sub10;sub11;sub13;sub14;sub15;sub16;sub17;sub18;sub20;sub22;sub28;sub29,sub27,69,0.0008590524666942656,0.008494772017002106,0.002,1e-05,1.0,1.0,True,False,multimodal,psd-fc-wpli,gated,cnn,False,none
multimodal_psd-fc-wpli_gated_cnn,15,sub24,sub01;sub05;sub07;sub08;sub09;sub10;sub11;sub13;sub14;sub15;sub16;sub17;sub18;sub20;sub22;sub28;sub29,sub27,70,0.0008188904612325132,0.008151825517416,0.002,1e-05,1.0,1.0,True,False,multimodal,psd-fc-wpli,gated,cnn,False,none
multimodal_psd-fc-wpli_gated_cnn,15,sub24,sub01;sub05;sub07;sub08;sub09;sub10;sub11;sub13;sub14;sub15;sub16;sub17;sub18;sub20;sub22;sub28;sub29,sub27,71,0.0007825364591553807,0.007840474136173725,0.002,1e-05,1.0,1.0,True,False,multimodal,psd-fc-wpli,gated,cnn,False,none
multimodal_psd-fc-wpli_gated_cnn,15,sub24,sub01;sub05;sub07;sub08;sub09;sub10;sub11;sub13;sub14;sub15;sub16;sub17;sub18;sub20;sub22;sub28;sub29,sub27,72,0.0007494640885852277,0.007559368386864662,0.002,1e-05,1.0,1.0,True,False,multimodal,psd-fc-wpli,gated,cnn,False,none
multimodal_psd-fc-wpli_gated_cnn,15,sub24,sub01;sub05;sub07;sub08;sub09;sub10;sub11;sub13;sub14;sub15;sub16;sub17;sub18;sub20;sub22;sub28;sub29,sub27,73,0.000719286035746336,0.0073095024563372135,0.002,1e-05,1.0,1.0,True,False,multimodal,psd-fc-wpli,gated,cnn,False,none
multimodal_psd-fc-wpli_gated_cnn,15,sub24,sub01;sub05;sub07;sub08;sub09;sub10;sub11;sub13;sub14;sub15;sub16;sub17;sub18;sub20;sub22;sub28;sub29,sub27,74,0.0006914648110978305,0.007084490731358528,0.002,1e-05,1.0,1.0,True,False,multimodal,psd-fc-wpli,gated,cnn,False,none
multimodal_psd-fc-wpli_gated_cnn,15,sub24,sub01;sub05;sub07;sub08;sub09;sub10;sub11;sub13;sub14;sub15;sub16;sub17;sub18;sub20;sub22;sub28;sub29,sub27,75,0.0006659286445938051,0.0068706925958395,0.002,1e-05,1.0,1.0,True,False,multimodal,psd-fc-wpli,gated,cnn,False,none
multimodal_psd-fc-wpli_gated_cnn,15,sub24,sub01;sub05;sub07;sub08;sub09;sub10;sub11;sub13;sub14;sub15;sub16;sub17;sub18;sub20;sub22;sub28;sub29,sub27,76,0.000642348313704133,0.006663000211119652,0.002,1e-05,1.0,1.0,True,False,multimodal,psd-fc-wpli,gated,cnn,False,none
multimodal_psd-fc-wpli_gated_cnn,15,sub24,sub01;sub05;sub07;sub08;sub09;sub10;sub11;sub13;sub14;sub15;sub16;sub17;sub18;sub20;sub22;sub28;sub29,sub27,77,0.0006204657256603241,0.006460629869252443,0.002,1e-05,1.0,1.0,True,False,multimodal,psd-fc-wpli,gated,cnn,False,none
multimodal_psd-fc-wpli_gated_cnn,15,sub24,sub01;sub05;sub07;sub08;sub09;sub10;sub11;sub13;sub14;sub15;sub16;sub17;sub18;sub20;sub22;sub28;sub29,sub27,78,0.0006001432775519788,0.006263879127800465,0.002,1e-05,1.0,1.0,True,False,multimodal,psd-fc-wpli,gated,cnn,False,none
multimodal_psd-fc-wpli_gated_cnn,15,sub24,sub01;sub05;sub07;sub08;sub09;sub10;sub11;sub13;sub14;sub15;sub16;sub17;sub18;sub20;sub22;sub28;sub29,sub27,79,0.0005812731687910855,0.006069325376302004,0.002,1e-05,1.0,1.0,True,False,multimodal,psd-fc-wpli,gated,cnn,False,none
multimodal_psd-fc-wpli_gated_cnn,15,sub24,sub01;sub05;sub07;sub08;sub09;sub10;sub11;sub13;sub14;sub15;sub16;sub17;sub18;sub20;sub22;sub28;sub29,sub27,80,0.000563682580832392,0.005882664117962122,0.002,1e-05,1.0,1.0,True,False,multimodal,psd-fc-wpli,gated,cnn,False,none
multimodal_psd-fc-wpli_gated_cnn,15,sub24,sub01;sub05;sub07;sub08;sub09;sub10;sub11;sub13;sub14;sub15;sub16;sub17;sub18;sub20;sub22;sub28;sub29,sub27,81,0.000547121511772275,0.005698855035007,0.002,1e-05,1.0,1.0,True,False,multimodal,psd-fc-wpli,gated,cnn,False,none
multimodal_psd-fc-wpli_gated_cnn,15,sub24,sub01;sub05;sub07;sub08;sub09;sub10;sub11;sub13;sub14;sub15;sub16;sub17;sub18;sub20;sub22;sub28;sub29,sub27,82,0.0005315521848388016,0.0055197542533278465,0.002,1e-05,1.0,1.0,True,False,multimodal,psd-fc-wpli,gated,cnn,False,none
multimodal_psd-fc-wpli_gated_cnn,15,sub24,sub01;sub05;sub07;sub08;sub09;sub10;sub11;sub13;sub14;sub15;sub16;sub17;sub18;sub20;sub22;sub28;sub29,sub27,83,0.0005169330979697406,0.005341764539480209,0.002,1e-05,1.0,1.0,True,False,multimodal,psd-fc-wpli,gated,cnn,False,none
multimodal_psd-fc-wpli_gated_cnn,15,sub24,sub01;sub05;sub07;sub08;sub09;sub10;sub11;sub13;sub14;sub15;sub16;sub17;sub18;sub20;sub22;sub28;sub29,sub27,84,0.0005031531327404082,0.005166023503988981,0.002,1e-05,1.0,1.0,True,False,multimodal,psd-fc-wpli,gated,cnn,False,none
multimodal_psd-fc-wpli_gated_cnn,15,sub24,sub01;sub05;sub07;sub08;sub09;sub10;sub11;sub13;sub14;sub15;sub16;sub17;sub18;sub20;sub22;sub28;sub29,sub27,85,0.0004900979110971093,0.004994445946067572,0.002,1e-05,1.0,1.0,True,False,multimodal,psd-fc-wpli,gated,cnn,False,none
multimodal_psd-fc-wpli_gated_cnn,15,sub24,sub01;sub05;sub07;sub08;sub09;sub10;sub11;sub13;sub14;sub15;sub16;sub17;sub18;sub20;sub22;sub28;sub29,sub27,86,0.00047777878353372216,0.004832840524613857,0.002,1e-05,1.0,1.0,True,False,multimodal,psd-fc-wpli,gated,cnn,False,none
multimodal_psd-fc-wpli_gated_cnn,15,sub24,sub01;sub05;sub07;sub08;sub09;sub10;sub11;sub13;sub14;sub15;sub16;sub17;sub18;sub20;sub22;sub28;sub29,sub27,87,0.0004660962731577456,0.0046799443662166595,0.002,1e-05,1.0,1.0,True,False,multimodal,psd-fc-wpli,gated,cnn,False,none
multimodal_psd-fc-wpli_gated_cnn,15,sub24,sub01;sub05;sub07;sub08;sub09;sub10;sub11;sub13;sub14;sub15;sub16;sub17;sub18;sub20;sub22;sub28;sub29,sub27,88,0.0004549747391138226,0.004532041493803263,0.002,1e-05,1.0,1.0,True,False,multimodal,psd-fc-wpli,gated,cnn,False,none
multimodal_psd-fc-wpli_gated_cnn,15,sub24,sub01;sub05;sub07;sub08;sub09;sub10;sub11;sub13;sub14;sub15;sub16;sub17;sub18;sub20;sub22;sub28;sub29,sub27,89,0.0004443652287591249,0.004387392662465572,0.002,1e-05,1.0,1.0,True,False,multimodal,psd-fc-wpli,gated,cnn,False,none
multimodal_psd-fc-wpli_gated_cnn,15,sub24,sub01;sub05;sub07;sub08;sub09;sub10;sub11;sub13;sub14;sub15;sub16;sub17;sub18;sub20;sub22;sub28;sub29,sub27,90,0.00043421477312222123,0.004246715921908617,0.002,1e-05,1.0,1.0,True,False,multimodal,psd-fc-wpli,gated,cnn,False,none
multimodal_psd-fc-wpli_gated_cnn,15,sub24,sub01;sub05;sub07;sub08;sub09;sub10;sub11;sub13;sub14;sub15;sub16;sub17;sub18;sub20;sub22;sub28;sub29,sub27,91,0.0004244601877871901,0.004107016604393721,0.002,1e-05,1.0,1.0,True,False,multimodal,psd-fc-wpli,gated,cnn,False,none
multimodal_psd-fc-wpli_gated_cnn,15,sub24,sub01;sub05;sub07;sub08;sub09;sub10;sub11;sub13;sub14;sub15;sub16;sub17;sub18;sub20;sub22;sub28;sub29,sub27,92,0.00041507030255161226,0.0039673964492976665,0.002,1e-05,1.0,1.0,True,False,multimodal,psd-fc-wpli,gated,cnn,False,none
multimodal_psd-fc-wpli_gated_cnn,15,sub24,sub01;sub05;sub07;sub08;sub09;sub10;sub11;sub13;sub14;sub15;sub16;sub17;sub18;sub20;sub22;sub28;sub29,sub27,93,0.0004060188075527549,0.003833898575976491,0.002,1e-05,1.0,1.0,True,False,multimodal,psd-fc-wpli,gated,cnn,False,none
multimodal_psd-fc-wpli_gated_cnn,15,sub24,sub01;sub05;sub07;sub08;sub09;sub10;sub11;sub13;sub14;sub15;sub16;sub17;sub18;sub20;sub22;sub28;sub29,sub27,94,0.00039723547524772584,0.003705444047227502,0.002,1e-05,1.0,1.0,True,False,multimodal,psd-fc-wpli,gated,cnn,False,none
multimodal_psd-fc-wpli_gated_cnn,15,sub24,sub01;sub05;sub07;sub08;sub09;sub10;sub11;sub13;sub14;sub15;sub16;sub17;sub18;sub20;sub22;sub28;sub29,sub27,95,0.00038872964796610177,0.0035766472574323416,0.002,1e-05,1.0,1.0,True,False,multimodal,psd-fc-wpli,gated,cnn,False,none
multimodal_psd-fc-wpli_gated_cnn,15,sub24,sub01;sub05;sub07;sub08;sub09;sub10;sub11;sub13;sub14;sub15;sub16;sub17;sub18;sub20;sub22;sub28;sub29,sub27,96,0.00038044663961045444,0.0034519340842962265,0.002,1e-05,1.0,1.0,True,False,multimodal,psd-fc-wpli,gated,cnn,False,none
multimodal_psd-fc-wpli_gated_cnn,15,sub24,sub01;sub05;sub07;sub08;sub09;sub10;sub11;sub13;sub14;sub15;sub16;sub17;sub18;sub20;sub22;sub28;sub29,sub27,97,0.0003724629641510546,0.0033366852439939976,0.002,1e-05,1.0,1.0,True,False,multimodal,psd-fc-wpli,gated,cnn,False,none
multimodal_psd-fc-wpli_gated_cnn,15,sub24,sub01;sub05;sub07;sub08;sub09;sub10;sub11;sub13;sub14;sub15;sub16;sub17;sub18;sub20;sub22;sub28;sub29,sub27,98,0.0003645961987785995,0.0032237223349511623,0.002,1e-05,1.0,1.0,True,False,multimodal,psd-fc-wpli,gated,cnn,False,none
multimodal_psd-fc-wpli_gated_cnn,15,sub24,sub01;sub05;sub07;sub08;sub09;sub10;sub11;sub13;sub14;sub15;sub16;sub17;sub18;sub20;sub22;sub28;sub29,sub27,99,0.0003570083063095808,0.0031116686295717955,0.002,1e-05,1.0,1.0,True,False,multimodal,psd-fc-wpli,gated,cnn,False,none
multimodal_psd-fc-wpli_gated_cnn,15,sub24,sub01;sub05;sub07;sub08;sub09;sub10;sub11;sub13;sub14;sub15;sub16;sub17;sub18;sub20;sub22;sub28;sub29,sub27,100,0.00034961188794113696,0.0030036333482712507,0.002,1e-05,1.0,1.0,True,False,multimodal,psd-fc-wpli,gated,cnn,False,none
multimodal_psd-fc-wpli_gated_cnn,16,sub27,sub01;sub05;sub07;sub08;sub09;sub10;sub11;sub13;sub14;sub15;sub16;sub17;sub18;sub20;sub22;sub24;sub29,sub28,1,0.6929328441619873,0.6621027588844299,0.002,1e-05,1.0,1.0,True,False,multimodal,psd-fc-wpli,gated,cnn,False,none
multimodal_psd-fc-wpli_gated_cnn,16,sub27,sub01;sub05;sub07;sub08;sub09;sub10;sub11;sub13;sub14;sub15;sub16;sub17;sub18;sub20;sub22;sub24;sub29,sub28,2,0.6849825978279114,0.6676328182220459,0.002,1e-05,1.0,1.0,False,False,multimodal,psd-fc-wpli,gated,cnn,False,none
multimodal_psd-fc-wpli_gated_cnn,16,sub27,sub01;sub05;sub07;sub08;sub09;sub10;sub11;sub13;sub14;sub15;sub16;sub17;sub18;sub20;sub22;sub24;sub29,sub28,3,0.6768433451652527,0.6750253438949585,0.002,1e-05,1.0,1.0,False,False,multimodal,psd-fc-wpli,gated,cnn,False,none
multimodal_psd-fc-wpli_gated_cnn,16,sub27,sub01;sub05;sub07;sub08;sub09;sub10;sub11;sub13;sub14;sub15;sub16;sub17;sub18;sub20;sub22;sub24;sub29,sub28,4,0.6676501035690308,0.6848049759864807,0.002,1e-05,1.0,1.0,False,False,multimodal,psd-fc-wpli,gated,cnn,False,none
multimodal_psd-fc-wpli_gated_cnn,16,sub27,sub01;sub05;sub07;sub08;sub09;sub10;sub11;sub13;sub14;sub15;sub16;sub17;sub18;sub20;sub22;sub24;sub29,sub28,5,0.6585769653320312,0.702212929725647,0.002,1e-05,1.0,1.0,False,False,multimodal,psd-fc-wpli,gated,cnn,False,none
multimodal_psd-fc-wpli_gated_cnn,16,sub27,sub01;sub05;sub07;sub08;sub09;sub10;sub11;sub13;sub14;sub15;sub16;sub17;sub18;sub20;sub22;sub24;sub29,sub28,6,0.6484582424163818,0.7309165596961975,0.002,1e-05,1.0,1.0,False,False,multimodal,psd-fc-wpli,gated,cnn,False,none
multimodal_psd-fc-wpli_gated_cnn,16,sub27,sub01;sub05;sub07;sub08;sub09;sub10;sub11;sub13;sub14;sub15;sub16;sub17;sub18;sub20;sub22;sub24;sub29,sub28,7,0.6376837491989136,0.7753670811653137,0.002,1e-05,1.0,1.0,False,False,multimodal,psd-fc-wpli,gated,cnn,False,none
multimodal_psd-fc-wpli_gated_cnn,16,sub27,sub01;sub05;sub07;sub08;sub09;sub10;sub11;sub13;sub14;sub15;sub16;sub17;sub18;sub20;sub22;sub24;sub29,sub28,8,0.6262222528457642,0.8378828763961792,0.002,1e-05,1.0,1.0,False,False,multimodal,psd-fc-wpli,gated,cnn,False,none
multimodal_psd-fc-wpli_gated_cnn,16,sub27,sub01;sub05;sub07;sub08;sub09;sub10;sub11;sub13;sub14;sub15;sub16;sub17;sub18;sub20;sub22;sub24;sub29,sub28,9,0.6140469908714294,0.9236677885055542,0.002,1e-05,1.0,1.0,False,False,multimodal,psd-fc-wpli,gated,cnn,False,none
multimodal_psd-fc-wpli_gated_cnn,16,sub27,sub01;sub05;sub07;sub08;sub09;sub10;sub11;sub13;sub14;sub15;sub16;sub17;sub18;sub20;sub22;sub24;sub29,sub28,10,0.6010650396347046,1.0383882522583008,0.002,1e-05,1.0,1.0,False,False,multimodal,psd-fc-wpli,gated,cnn,False,none
multimodal_psd-fc-wpli_gated_cnn,16,sub27,sub01;sub05;sub07;sub08;sub09;sub10;sub11;sub13;sub14;sub15;sub16;sub17;sub18;sub20;sub22;sub24;sub29,sub28,11,0.5871623754501343,1.1856436729431152,0.002,1e-05,1.0,1.0,False,False,multimodal,psd-fc-wpli,gated,cnn,False,none
multimodal_psd-fc-wpli_gated_cnn,16,sub27,sub01;sub05;sub07;sub08;sub09;sub10;sub11;sub13;sub14;sub15;sub16;sub17;sub18;sub20;sub22;sub24;sub29,sub28,12,0.5722728371620178,1.365118145942688,0.002,1e-05,1.0,1.0,False,False,multimodal,psd-fc-wpli,gated,cnn,False,none
multimodal_psd-fc-wpli_gated_cnn,16,sub27,sub01;sub05;sub07;sub08;sub09;sub10;sub11;sub13;sub14;sub15;sub16;sub17;sub18;sub20;sub22;sub24;sub29,sub28,13,0.5564923286437988,1.555431604385376,0.002,1e-05,1.0,1.0,False,False,multimodal,psd-fc-wpli,gated,cnn,False,none
multimodal_psd-fc-wpli_gated_cnn,16,sub27,sub01;sub05;sub07;sub08;sub09;sub10;sub11;sub13;sub14;sub15;sub16;sub17;sub18;sub20;sub22;sub24;sub29,sub28,14,0.5401390194892883,1.7201007604599,0.002,1e-05,1.0,1.0,False,False,multimodal,psd-fc-wpli,gated,cnn,False,none
multimodal_psd-fc-wpli_gated_cnn,16,sub27,sub01;sub05;sub07;sub08;sub09;sub10;sub11;sub13;sub14;sub15;sub16;sub17;sub18;sub20;sub22;sub24;sub29,sub28,15,0.5232550501823425,1.840123176574707,0.002,1e-05,1.0,1.0,False,False,multimodal,psd-fc-wpli,gated,cnn,False,none
multimodal_psd-fc-wpli_gated_cnn,16,sub27,sub01;sub05;sub07;sub08;sub09;sub10;sub11;sub13;sub14;sub15;sub16;sub17;sub18;sub20;sub22;sub24;sub29,sub28,16,0.5056074857711792,1.91331148147583,0.002,1e-05,1.0,1.0,False,False,multimodal,psd-fc-wpli,gated,cnn,False,none
multimodal_psd-fc-wpli_gated_cnn,16,sub27,sub01;sub05;sub07;sub08;sub09;sub10;sub11;sub13;sub14;sub15;sub16;sub17;sub18;sub20;sub22;sub24;sub29,sub28,17,0.4873020052909851,1.9589563608169556,0.002,1e-05,1.0,1.0,False,False,multimodal,psd-fc-wpli,gated,cnn,False,none
multimodal_psd-fc-wpli_gated_cnn,16,sub27,sub01;sub05;sub07;sub08;sub09;sub10;sub11;sub13;sub14;sub15;sub16;sub17;sub18;sub20;sub22;sub24;sub29,sub28,18,0.4681934416294098,1.9956367015838623,0.002,1e-05,1.0,1.0,False,False,multimodal,psd-fc-wpli,gated,cnn,False,none
multimodal_psd-fc-wpli_gated_cnn,16,sub27,sub01;sub05;sub07;sub08;sub09;sub10;sub11;sub13;sub14;sub15;sub16;sub17;sub18;sub20;sub22;sub24;sub29,sub28,19,0.4482387602329254,2.055602788925171,0.002,1e-05,1.0,1.0,False,False,multimodal,psd-fc-wpli,gated,cnn,False,none
multimodal_psd-fc-wpli_gated_cnn,16,sub27,sub01;sub05;sub07;sub08;sub09;sub10;sub11;sub13;sub14;sub15;sub16;sub17;sub18;sub20;sub22;sub24;sub29,sub28,20,0.42714977264404297,2.136678457260132,0.002,1e-05,1.0,1.0,False,False,multimodal,psd-fc-wpli,gated,cnn,False,none
multimodal_psd-fc-wpli_gated_cnn,16,sub27,sub01;sub05;sub07;sub08;sub09;sub10;sub11;sub13;sub14;sub15;sub16;sub17;sub18;sub20;sub22;sub24;sub29,sub28,21,0.40497252345085144,2.2518091201782227,0.002,1e-05,1.0,1.0,False,False,multimodal,psd-fc-wpli,gated,cnn,False,none
multimodal_psd-fc-wpli_gated_cnn,16,sub27,sub01;sub05;sub07;sub08;sub09;sub10;sub11;sub13;sub14;sub15;sub16;sub17;sub18;sub20;sub22;sub24;sub29,sub28,22,0.38195502758026123,2.3930301666259766,0.002,1e-05,1.0,1.0,False,False,multimodal,psd-fc-wpli,gated,cnn,False,none
multimodal_psd-fc-wpli_gated_cnn,16,sub27,sub01;sub05;sub07;sub08;sub09;sub10;sub11;sub13;sub14;sub15;sub16;sub17;sub18;sub20;sub22;sub24;sub29,sub28,23,0.358205109834671,2.4973597526550293,0.002,1e-05,1.0,1.0,False,False,multimodal,psd-fc-wpli,gated,cnn,False,none
multimodal_psd-fc-wpli_gated_cnn,16,sub27,sub01;sub05;sub07;sub08;sub09;sub10;sub11;sub13;sub14;sub15;sub16;sub17;sub18;sub20;sub22;sub24;sub29,sub28,24,0.33420971035957336,2.518843173980713,0.002,1e-05,1.0,1.0,False,False,multimodal,psd-fc-wpli,gated,cnn,False,none
multimodal_psd-fc-wpli_gated_cnn,16,sub27,sub01;sub05;sub07;sub08;sub09;sub10;sub11;sub13;sub14;sub15;sub16;sub17;sub18;sub20;sub22;sub24;sub29,sub28,25,0.3094803988933563,2.4243407249450684,0.002,1e-05,1.0,1.0,False,False,multimodal,psd-fc-wpli,gated,cnn,False,none
multimodal_psd-fc-wpli_gated_cnn,16,sub27,sub01;sub05;sub07;sub08;sub09;sub10;sub11;sub13;sub14;sub15;sub16;sub17;sub18;sub20;sub22;sub24;sub29,sub28,26,0.2846713960170746,2.1947085857391357,0.002,1e-05,1.0,1.0,False,False,multimodal,psd-fc-wpli,gated,cnn,False,none
multimodal_psd-fc-wpli_gated_cnn,16,sub27,sub01;sub05;sub07;sub08;sub09;sub10;sub11;sub13;sub14;sub15;sub16;sub17;sub18;sub20;sub22;sub24;sub29,sub28,27,0.2599542438983917,1.8978254795074463,0.002,1e-05,1.0,1.0,False,False,multimodal,psd-fc-wpli,gated,cnn,False,none
multimodal_psd-fc-wpli_gated_cnn,16,sub27,sub01;sub05;sub07;sub08;sub09;sub10;sub11;sub13;sub14;sub15;sub16;sub17;sub18;sub20;sub22;sub24;sub29,sub28,28,0.23563918471336365,1.6564050912857056,0.002,1e-05,1.0,1.0,False,False,multimodal,psd-fc-wpli,gated,cnn,False,none
multimodal_psd-fc-wpli_gated_cnn,16,sub27,sub01;sub05;sub07;sub08;sub09;sub10;sub11;sub13;sub14;sub15;sub16;sub17;sub18;sub20;sub22;sub24;sub29,sub28,29,0.21193529665470123,1.4912540912628174,0.002,1e-05,1.0,1.0,False,False,multimodal,psd-fc-wpli,gated,cnn,False,none
multimodal_psd-fc-wpli_gated_cnn,16,sub27,sub01;sub05;sub07;sub08;sub09;sub10;sub11;sub13;sub14;sub15;sub16;sub17;sub18;sub20;sub22;sub24;sub29,sub28,30,0.1888997107744217,1.3224729299545288,0.002,1e-05,1.0,1.0,False,False,multimodal,psd-fc-wpli,gated,cnn,False,none
multimodal_psd-fc-wpli_gated_cnn,16,sub27,sub01;sub05;sub07;sub08;sub09;sub10;sub11;sub13;sub14;sub15;sub16;sub17;sub18;sub20;sub22;sub24;sub29,sub28,31,0.16719795763492584,1.0573841333389282,0.002,1e-05,1.0,1.0,False,False,multimodal,psd-fc-wpli,gated,cnn,False,none
multimodal_psd-fc-wpli_gated_cnn,16,sub27,sub01;sub05;sub07;sub08;sub09;sub10;sub11;sub13;sub14;sub15;sub16;sub17;sub18;sub20;sub22;sub24;sub29,sub28,32,0.14677393436431885,0.7480987310409546,0.002,1e-05,1.0,1.0,False,False,multimodal,psd-fc-wpli,gated,cnn,False,none
multimodal_psd-fc-wpli_gated_cnn,16,sub27,sub01;sub05;sub07;sub08;sub09;sub10;sub11;sub13;sub14;sub15;sub16;sub17;sub18;sub20;sub22;sub24;sub29,sub28,33,0.12785948812961578,0.48957085609436035,0.002,1e-05,1.0,1.0,True,False,multimodal,psd-fc-wpli,gated,cnn,False,none
multimodal_psd-fc-wpli_gated_cnn,16,sub27,sub01;sub05;sub07;sub08;sub09;sub10;sub11;sub13;sub14;sub15;sub16;sub17;sub18;sub20;sub22;sub24;sub29,sub28,34,0.11061511188745499,0.3223181962966919,0.002,1e-05,1.0,1.0,True,False,multimodal,psd-fc-wpli,gated,cnn,False,none
multimodal_psd-fc-wpli_gated_cnn,16,sub27,sub01;sub05;sub07;sub08;sub09;sub10;sub11;sub13;sub14;sub15;sub16;sub17;sub18;sub20;sub22;sub24;sub29,sub28,35,0.09518605470657349,0.22761672735214233,0.002,1e-05,1.0,1.0,True,False,multimodal,psd-fc-wpli,gated,cnn,False,none
multimodal_psd-fc-wpli_gated_cnn,16,sub27,sub01;sub05;sub07;sub08;sub09;sub10;sub11;sub13;sub14;sub15;sub16;sub17;sub18;sub20;sub22;sub24;sub29,sub28,36,0.0816483199596405,0.16879402101039886,0.002,1e-05,1.0,1.0,True,False,multimodal,psd-fc-wpli,gated,cnn,False,none
multimodal_psd-fc-wpli_gated_cnn,16,sub27,sub01;sub05;sub07;sub08;sub09;sub10;sub11;sub13;sub14;sub15;sub16;sub17;sub18;sub20;sub22;sub24;sub29,sub28,37,0.06963159143924713,0.13695918023586273,0.002,1e-05,1.0,1.0,True,False,multimodal,psd-fc-wpli,gated,cnn,False,none
multimodal_psd-fc-wpli_gated_cnn,16,sub27,sub01;sub05;sub07;sub08;sub09;sub10;sub11;sub13;sub14;sub15;sub16;sub17;sub18;sub20;sub22;sub24;sub29,sub28,38,0.0591047927737236,0.11528659611940384,0.002,1e-05,1.0,1.0,True,False,multimodal,psd-fc-wpli,gated,cnn,False,none
multimodal_psd-fc-wpli_gated_cnn,16,sub27,sub01;sub05;sub07;sub08;sub09;sub10;sub11;sub13;sub14;sub15;sub16;sub17;sub18;sub20;sub22;sub24;sub29,sub28,39,0.050022467970848083,0.09934055060148239,0.002,1e-05,1.0,1.0,True,False,multimodal,psd-fc-wpli,gated,cnn,False,none
multimodal_psd-fc-wpli_gated_cnn,16,sub27,sub01;sub05;sub07;sub08;sub09;sub10;sub11;sub13;sub14;sub15;sub16;sub17;sub18;sub20;sub22;sub24;sub29,sub28,40,0.04218810424208641,0.08649318665266037,0.002,1e-05,1.0,1.0,True,False,multimodal,psd-fc-wpli,gated,cnn,False,none
multimodal_psd-fc-wpli_gated_cnn,16,sub27,sub01;sub05;sub07;sub08;sub09;sub10;sub11;sub13;sub14;sub15;sub16;sub17;sub18;sub20;sub22;sub24;sub29,sub28,41,0.035591091960668564,0.07606043666601181,0.002,1e-05,1.0,1.0,True,False,multimodal,psd-fc-wpli,gated,cnn,False,none
multimodal_psd-fc-wpli_gated_cnn,16,sub27,sub01;sub05;sub07;sub08;sub09;sub10;sub11;sub13;sub14;sub15;sub16;sub17;sub18;sub20;sub22;sub24;sub29,sub28,42,0.030006607994437218,0.06718586385250092,0.002,1e-05,1.0,1.0,True,False,multimodal,psd-fc-wpli,gated,cnn,False,none
multimodal_psd-fc-wpli_gated_cnn,16,sub27,sub01;sub05;sub07;sub08;sub09;sub10;sub11;sub13;sub14;sub15;sub16;sub17;sub18;sub20;sub22;sub24;sub29,sub28,43,0.025238001719117165,0.05950753018260002,0.002,1e-05,1.0,1.0,True,False,multimodal,psd-fc-wpli,gated,cnn,False,none
multimodal_psd-fc-wpli_gated_cnn,16,sub27,sub01;sub05;sub07;sub08;sub09;sub10;sub11;sub13;sub14;sub15;sub16;sub17;sub18;sub20;sub22;sub24;sub29,sub28,44,0.02114962227642536,0.05268733203411102,0.002,1e-05,1.0,1.0,True,False,multimodal,psd-fc-wpli,gated,cnn,False,none
multimodal_psd-fc-wpli_gated_cnn,16,sub27,sub01;sub05;sub07;sub08;sub09;sub10;sub11;sub13;sub14;sub15;sub16;sub17;sub18;sub20;sub22;sub24;sub29,sub28,45,0.017712173983454704,0.046738605946302414,0.002,1e-05,1.0,1.0,True,False,multimodal,psd-fc-wpli,gated,cnn,False,none
multimodal_psd-fc-wpli_gated_cnn,16,sub27,sub01;sub05;sub07;sub08;sub09;sub10;sub11;sub13;sub14;sub15;sub16;sub17;sub18;sub20;sub22;sub24;sub29,sub28,46,0.014868694357573986,0.041589222848415375,0.002,1e-05,1.0,1.0,True,False,multimodal,psd-fc-wpli,gated,cnn,False,none
multimodal_psd-fc-wpli_gated_cnn,16,sub27,sub01;sub05;sub07;sub08;sub09;sub10;sub11;sub13;sub14;sub15;sub16;sub17;sub18;sub20;sub22;sub24;sub29,sub28,47,0.012517031282186508,0.037797749042510986,0.002,1e-05,1.0,1.0,True,False,multimodal,psd-fc-wpli,gated,cnn,False,none
multimodal_psd-fc-wpli_gated_cnn,16,sub27,sub01;sub05;sub07;sub08;sub09;sub10;sub11;sub13;sub14;sub15;sub16;sub17;sub18;sub20;sub22;sub24;sub29,sub28,48,0.010565701872110367,0.03535590320825577,0.002,1e-05,1.0,1.0,True,False,multimodal,psd-fc-wpli,gated,cnn,False,none
multimodal_psd-fc-wpli_gated_cnn,16,sub27,sub01;sub05;sub07;sub08;sub09;sub10;sub11;sub13;sub14;sub15;sub16;sub17;sub18;sub20;sub22;sub24;sub29,sub28,49,0.008965753950178623,0.03333970904350281,0.002,1e-05,1.0,1.0,True,False,multimodal,psd-fc-wpli,gated,cnn,False,none
multimodal_psd-fc-wpli_gated_cnn,16,sub27,sub01;sub05;sub07;sub08;sub09;sub10;sub11;sub13;sub14;sub15;sub16;sub17;sub18;sub20;sub22;sub24;sub29,sub28,50,0.007655838038772345,0.031311579048633575,0.002,1e-05,1.0,1.0,True,False,multimodal,psd-fc-wpli,gated,cnn,False,none
multimodal_psd-fc-wpli_gated_cnn,16,sub27,sub01;sub05;sub07;sub08;sub09;sub10;sub11;sub13;sub14;sub15;sub16;sub17;sub18;sub20;sub22;sub24;sub29,sub28,51,0.006569769233465195,0.028996124863624573,0.002,1e-05,1.0,1.0,True,False,multimodal,psd-fc-wpli,gated,cnn,False,none
multimodal_psd-fc-wpli_gated_cnn,16,sub27,sub01;sub05;sub07;sub08;sub09;sub10;sub11;sub13;sub14;sub15;sub16;sub17;sub18;sub20;sub22;sub24;sub29,sub28,52,0.005660457070916891,0.02606351673603058,0.002,1e-05,1.0,1.0,True,False,multimodal,psd-fc-wpli,gated,cnn,False,none
multimodal_psd-fc-wpli_gated_cnn,16,sub27,sub01;sub05;sub07;sub08;sub09;sub10;sub11;sub13;sub14;sub15;sub16;sub17;sub18;sub20;sub22;sub24;sub29,sub28,53,0.0049018217250704765,0.022863375023007393,0.002,1e-05,1.0,1.0,True,False,multimodal,psd-fc-wpli,gated,cnn,False,none
multimodal_psd-fc-wpli_gated_cnn,16,sub27,sub01;sub05;sub07;sub08;sub09;sub10;sub11;sub13;sub14;sub15;sub16;sub17;sub18;sub20;sub22;sub24;sub29,sub28,54,0.004271834157407284,0.019864458590745926,0.002,1e-05,1.0,1.0,True,False,multimodal,psd-fc-wpli,gated,cnn,False,none
multimodal_psd-fc-wpli_gated_cnn,16,sub27,sub01;sub05;sub07;sub08;sub09;sub10;sub11;sub13;sub14;sub15;sub16;sub17;sub18;sub20;sub22;sub24;sub29,sub28,55,0.003742882516235113,0.017227312549948692,0.002,1e-05,1.0,1.0,True,False,multimodal,psd-fc-wpli,gated,cnn,False,none
multimodal_psd-fc-wpli_gated_cnn,16,sub27,sub01;sub05;sub07;sub08;sub09;sub10;sub11;sub13;sub14;sub15;sub16;sub17;sub18;sub20;sub22;sub24;sub29,sub28,56,0.0032950625754892826,0.01498933881521225,0.002,1e-05,1.0,1.0,True,False,multimodal,psd-fc-wpli,gated,cnn,False,none
multimodal_psd-fc-wpli_gated_cnn,16,sub27,sub01;sub05;sub07;sub08;sub09;sub10;sub11;sub13;sub14;sub15;sub16;sub17;sub18;sub20;sub22;sub24;sub29,sub28,57,0.002914613578468561,0.013118043541908264,0.002,1e-05,1.0,1.0,True,False,multimodal,psd-fc-wpli,gated,cnn,False,none
multimodal_psd-fc-wpli_gated_cnn,16,sub27,sub01;sub05;sub07;sub08;sub09;sub10;sub11;sub13;sub14;sub15;sub16;sub17;sub18;sub20;sub22;sub24;sub29,sub28,58,0.002592469332739711,0.011525213718414307,0.002,1e-05,1.0,1.0,True,False,multimodal,psd-fc-wpli,gated,cnn,False,none
multimodal_psd-fc-wpli_gated_cnn,16,sub27,sub01;sub05;sub07;sub08;sub09;sub10;sub11;sub13;sub14;sub15;sub16;sub17;sub18;sub20;sub22;sub24;sub29,sub28,59,0.0023201957810670137,0.010165809653699398,0.002,1e-05,1.0,1.0,True,False,multimodal,psd-fc-wpli,gated,cnn,False,none
multimodal_psd-fc-wpli_gated_cnn,16,sub27,sub01;sub05;sub07;sub08;sub09;sub10;sub11;sub13;sub14;sub15;sub16;sub17;sub18;sub20;sub22;sub24;sub29,sub28,60,0.002088802168145776,0.00901049468666315,0.002,1e-05,1.0,1.0,True,False,multimodal,psd-fc-wpli,gated,cnn,False,none
multimodal_psd-fc-wpli_gated_cnn,16,sub27,sub01;sub05;sub07;sub08;sub09;sub10;sub11;sub13;sub14;sub15;sub16;sub17;sub18;sub20;sub22;sub24;sub29,sub28,61,0.001891067367978394,0.008038196712732315,0.002,1e-05,1.0,1.0,True,False,multimodal,psd-fc-wpli,gated,cnn,False,none
multimodal_psd-fc-wpli_gated_cnn,16,sub27,sub01;sub05;sub07;sub08;sub09;sub10;sub11;sub13;sub14;sub15;sub16;sub17;sub18;sub20;sub22;sub24;sub29,sub28,62,0.0017206009943038225,0.007225927896797657,0.002,1e-05,1.0,1.0,True,False,multimodal,psd-fc-wpli,gated,cnn,False,none
multimodal_psd-fc-wpli_gated_cnn,16,sub27,sub01;sub05;sub07;sub08;sub09;sub10;sub11;sub13;sub14;sub15;sub16;sub17;sub18;sub20;sub22;sub24;sub29,sub28,63,0.0015727040590718389,0.00655170064419508,0.002,1e-05,1.0,1.0,True,False,multimodal,psd-fc-wpli,gated,cnn,False,none
multimodal_psd-fc-wpli_gated_cnn,16,sub27,sub01;sub05;sub07;sub08;sub09;sub10;sub11;sub13;sub14;sub15;sub16;sub17;sub18;sub20;sub22;sub24;sub29,sub28,64,0.0014436490600928664,0.0059913708828389645,0.002,1e-05,1.0,1.0,True,False,multimodal,psd-fc-wpli,gated,cnn,False,none
multimodal_psd-fc-wpli_gated_cnn,16,sub27,sub01;sub05;sub07;sub08;sub09;sub10;sub11;sub13;sub14;sub15;sub16;sub17;sub18;sub20;sub22;sub24;sub29,sub28,65,0.0013306979089975357,0.00551537936553359,0.002,1e-05,1.0,1.0,True,False,multimodal,psd-fc-wpli,gated,cnn,False,none
multimodal_psd-fc-wpli_gated_cnn,16,sub27,sub01;sub05;sub07;sub08;sub09;sub10;sub11;sub13;sub14;sub15;sub16;sub17;sub18;sub20;sub22;sub24;sub29,sub28,66,0.0012317370856180787,0.005111024249345064,0.002,1e-05,1.0,1.0,True,False,multimodal,psd-fc-wpli,gated,cnn,False,none
multimodal_psd-fc-wpli_gated_cnn,16,sub27,sub01;sub05;sub07;sub08;sub09;sub10;sub11;sub13;sub14;sub15;sub16;sub17;sub18;sub20;sub22;sub24;sub29,sub28,67,0.001144380308687687,0.004763186909258366,0.002,1e-05,1.0,1.0,True,False,multimodal,psd-fc-wpli,gated,cnn,False,none
multimodal_psd-fc-wpli_gated_cnn,16,sub27,sub01;sub05;sub07;sub08;sub09;sub10;sub11;sub13;sub14;sub15;sub16;sub17;sub18;sub20;sub22;sub24;sub29,sub28,68,0.0010669684270396829,0.004463247023522854,0.002,1e-05,1.0,1.0,True,False,multimodal,psd-fc-wpli,gated,cnn,False,none
multimodal_psd-fc-wpli_gated_cnn,16,sub27,sub01;sub05;sub07;sub08;sub09;sub10;sub11;sub13;sub14;sub15;sub16;sub17;sub18;sub20;sub22;sub24;sub29,sub28,69,0.0009980692993849516,0.00420140428468585,0.002,1e-05,1.0,1.0,True,False,multimodal,psd-fc-wpli,gated,cnn,False,none
multimodal_psd-fc-wpli_gated_cnn,16,sub27,sub01;sub05;sub07;sub08;sub09;sub10;sub11;sub13;sub14;sub15;sub16;sub17;sub18;sub20;sub22;sub24;sub29,sub28,70,0.0009364910656586289,0.003973320592194796,0.002,1e-05,1.0,1.0,True,False,multimodal,psd-fc-wpli,gated,cnn,False,none
multimodal_psd-fc-wpli_gated_cnn,16,sub27,sub01;sub05;sub07;sub08;sub09;sub10;sub11;sub13;sub14;sub15;sub16;sub17;sub18;sub20;sub22;sub24;sub29,sub28,71,0.0008811307488940656,0.0037726308219134808,0.002,1e-05,1.0,1.0,True,False,multimodal,psd-fc-wpli,gated,cnn,False,none
multimodal_psd-fc-wpli_gated_cnn,16,sub27,sub01;sub05;sub07;sub08;sub09;sub10;sub11;sub13;sub14;sub15;sub16;sub17;sub18;sub20;sub22;sub24;sub29,sub28,72,0.0008311518467962742,0.003592678578570485,0.002,1e-05,1.0,1.0,True,False,multimodal,psd-fc-wpli,gated,cnn,False,none
multimodal_psd-fc-wpli_gated_cnn,16,sub27,sub01;sub05;sub07;sub08;sub09;sub10;sub11;sub13;sub14;sub15;sub16;sub17;sub18;sub20;sub22;sub24;sub29,sub28,73,0.0007858644821681082,0.00342842866666615,0.002,1e-05,1.0,1.0,True,False,multimodal,psd-fc-wpli,gated,cnn,False,none
multimodal_psd-fc-wpli_gated_cnn,16,sub27,sub01;sub05;sub07;sub08;sub09;sub10;sub11;sub13;sub14;sub15;sub16;sub17;sub18;sub20;sub22;sub24;sub29,sub28,74,0.0007447231910191476,0.003276105970144272,0.002,1e-05,1.0,1.0,True,False,multimodal,psd-fc-wpli,gated,cnn,False,none
multimodal_psd-fc-wpli_gated_cnn,16,sub27,sub01;sub05;sub07;sub08;sub09;sub10;sub11;sub13;sub14;sub15;sub16;sub17;sub18;sub20;sub22;sub24;sub29,sub28,75,0.0007073075976222754,0.0031328946352005005,0.002,1e-05,1.0,1.0,True,False,multimodal,psd-fc-wpli,gated,cnn,False,none
multimodal_psd-fc-wpli_gated_cnn,16,sub27,sub01;sub05;sub07;sub08;sub09;sub10;sub11;sub13;sub14;sub15;sub16;sub17;sub18;sub20;sub22;sub24;sub29,sub28,76,0.0006732112960889935,0.0029981331899762154,0.002,1e-05,1.0,1.0,True,False,multimodal,psd-fc-wpli,gated,cnn,False,none
multimodal_psd-fc-wpli_gated_cnn,16,sub27,sub01;sub05;sub07;sub08;sub09;sub10;sub11;sub13;sub14;sub15;sub16;sub17;sub18;sub20;sub22;sub24;sub29,sub28,77,0.0006420097197405994,0.0028701445553451777,0.002,1e-05,1.0,1.0,True,False,multimodal,psd-fc-wpli,gated,cnn,False,none
multimodal_psd-fc-wpli_gated_cnn,16,sub27,sub01;sub05;sub07;sub08;sub09;sub10;sub11;sub13;sub14;sub15;sub16;sub17;sub18;sub20;sub22;sub24;sub29,sub28,78,0.0006134196883067489,0.002746834419667721,0.002,1e-05,1.0,1.0,True,False,multimodal,psd-fc-wpli,gated,cnn,False,none
multimodal_psd-fc-wpli_gated_cnn,16,sub27,sub01;sub05;sub07;sub08;sub09;sub10;sub11;sub13;sub14;sub15;sub16;sub17;sub18;sub20;sub22;sub24;sub29,sub28,79,0.0005871274624951184,0.0026277226861566305,0.002,1e-05,1.0,1.0,True,False,multimodal,psd-fc-wpli,gated,cnn,False,none
multimodal_psd-fc-wpli_gated_cnn,16,sub27,sub01;sub05;sub07;sub08;sub09;sub10;sub11;sub13;sub14;sub15;sub16;sub17;sub18;sub20;sub22;sub24;sub29,sub28,80,0.0005628907238133252,0.0025126286782324314,0.002,1e-05,1.0,1.0,True,False,multimodal,psd-fc-wpli,gated,cnn,False,none
multimodal_psd-fc-wpli_gated_cnn,16,sub27,sub01;sub05;sub07;sub08;sub09;sub10;sub11;sub13;sub14;sub15;sub16;sub17;sub18;sub20;sub22;sub24;sub29,sub28,81,0.0005404624389484525,0.0024009535554796457,0.002,1e-05,1.0,1.0,True,False,multimodal,psd-fc-wpli,gated,cnn,False,none
multimodal_psd-fc-wpli_gated_cnn,16,sub27,sub01;sub05;sub07;sub08;sub09;sub10;sub11;sub13;sub14;sub15;sub16;sub17;sub18;sub20;sub22;sub24;sub29,sub28,82,0.0005196895799599588,0.0022932339925318956,0.002,1e-05,1.0,1.0,True,False,multimodal,psd-fc-wpli,gated,cnn,False,none
multimodal_psd-fc-wpli_gated_cnn,16,sub27,sub01;sub05;sub07;sub08;sub09;sub10;sub11;sub13;sub14;sub15;sub16;sub17;sub18;sub20;sub22;sub24;sub29,sub28,83,0.0005003827391192317,0.002189886523410678,0.002,1e-05,1.0,1.0,True,False,multimodal,psd-fc-wpli,gated,cnn,False,none
multimodal_psd-fc-wpli_gated_cnn,16,sub27,sub01;sub05;sub07;sub08;sub09;sub10;sub11;sub13;sub14;sub15;sub16;sub17;sub18;sub20;sub22;sub24;sub29,sub28,84,0.0004823233175557107,0.0020915071945637465,0.002,1e-05,1.0,1.0,True,False,multimodal,psd-fc-wpli,gated,cnn,False,none
multimodal_psd-fc-wpli_gated_cnn,16,sub27,sub01;sub05;sub07;sub08;sub09;sub10;sub11;sub13;sub14;sub15;sub16;sub17;sub18;sub20;sub22;sub24;sub29,sub28,85,0.00046543602366000414,0.0019979753997176886,0.002,1e-05,1.0,1.0,True,False,multimodal,psd-fc-wpli,gated,cnn,False,none
multimodal_psd-fc-wpli_gated_cnn,16,sub27,sub01;sub05;sub07;sub08;sub09;sub10;sub11;sub13;sub14;sub15;sub16;sub17;sub18;sub20;sub22;sub24;sub29,sub28,86,0.0004495646571740508,0.001910185208544135,0.002,1e-05,1.0,1.0,True,False,multimodal,psd-fc-wpli,gated,cnn,False,none
multimodal_psd-fc-wpli_gated_cnn,16,sub27,sub01;sub05;sub07;sub08;sub09;sub10;sub11;sub13;sub14;sub15;sub16;sub17;sub18;sub20;sub22;sub24;sub29,sub28,87,0.00043451078818179667,0.0018292696913704276,0.002,1e-05,1.0,1.0,True,False,multimodal,psd-fc-wpli,gated,cnn,False,none
multimodal_psd-fc-wpli_gated_cnn,16,sub27,sub01;sub05;sub07;sub08;sub09;sub10;sub11;sub13;sub14;sub15;sub16;sub17;sub18;sub20;sub22;sub24;sub29,sub28,88,0.0004203431017231196,0.0017536749364808202,0.002,1e-05,1.0,1.0,True,False,multimodal,psd-fc-wpli,gated,cnn,False,none
multimodal_psd-fc-wpli_gated_cnn,16,sub27,sub01;sub05;sub07;sub08;sub09;sub10;sub11;sub13;sub14;sub15;sub16;sub17;sub18;sub20;sub22;sub24;sub29,sub28,89,0.00040690010064281523,0.0016835787100717425,0.002,1e-05,1.0,1.0,True,False,multimodal,psd-fc-wpli,gated,cnn,False,none
multimodal_psd-fc-wpli_gated_cnn,16,sub27,sub01;sub05;sub07;sub08;sub09;sub10;sub11;sub13;sub14;sub15;sub16;sub17;sub18;sub20;sub22;sub24;sub29,sub28,90,0.0003940494789276272,0.001618621638044715,0.002,1e-05,1.0,1.0,True,False,multimodal,psd-fc-wpli,gated,cnn,False,none
multimodal_psd-fc-wpli_gated_cnn,16,sub27,sub01;sub05;sub07;sub08;sub09;sub10;sub11;sub13;sub14;sub15;sub16;sub17;sub18;sub20;sub22;sub24;sub29,sub28,91,0.000381765712518245,0.0015585044166073203,0.002,1e-05,1.0,1.0,True,False,multimodal,psd-fc-wpli,gated,cnn,False,none
multimodal_psd-fc-wpli_gated_cnn,16,sub27,sub01;sub05;sub07;sub08;sub09;sub10;sub11;sub13;sub14;sub15;sub16;sub17;sub18;sub20;sub22;sub24;sub29,sub28,92,0.0003699912049341947,0.0015025692991912365,0.002,1e-05,1.0,1.0,True,False,multimodal,psd-fc-wpli,gated,cnn,False,none
multimodal_psd-fc-wpli_gated_cnn,16,sub27,sub01;sub05;sub07;sub08;sub09;sub10;sub11;sub13;sub14;sub15;sub16;sub17;sub18;sub20;sub22;sub24;sub29,sub28,93,0.00035861346987076104,0.0014517707750201225,0.002,1e-05,1.0,1.0,True,False,multimodal,psd-fc-wpli,gated,cnn,False,none
multimodal_psd-fc-wpli_gated_cnn,16,sub27,sub01;sub05;sub07;sub08;sub09;sub10;sub11;sub13;sub14;sub15;sub16;sub17;sub18;sub20;sub22;sub24;sub29,sub28,94,0.00034766350290738046,0.0014049739111214876,0.002,1e-05,1.0,1.0,True,False,multimodal,psd-fc-wpli,gated,cnn,False,none
multimodal_psd-fc-wpli_gated_cnn,16,sub27,sub01;sub05;sub07;sub08;sub09;sub10;sub11;sub13;sub14;sub15;sub16;sub17;sub18;sub20;sub22;sub24;sub29,sub28,95,0.00033705454552546144,0.0013618797529488802,0.002,1e-05,1.0,1.0,True,False,multimodal,psd-fc-wpli,gated,cnn,False,none
multimodal_psd-fc-wpli_gated_cnn,16,sub27,sub01;sub05;sub07;sub08;sub09;sub10;sub11;sub13;sub14;sub15;sub16;sub17;sub18;sub20;sub22;sub24;sub29,sub28,96,0.00032679905416443944,0.0013220104156062007,0.002,1e-05,1.0,1.0,True,False,multimodal,psd-fc-wpli,gated,cnn,False,none
multimodal_psd-fc-wpli_gated_cnn,16,sub27,sub01;sub05;sub07;sub08;sub09;sub10;sub11;sub13;sub14;sub15;sub16;sub17;sub18;sub20;sub22;sub24;sub29,sub28,97,0.0003168419061694294,0.0012845895253121853,0.002,1e-05,1.0,1.0,True,False,multimodal,psd-fc-wpli,gated,cnn,False,none
multimodal_psd-fc-wpli_gated_cnn,16,sub27,sub01;sub05;sub07;sub08;sub09;sub10;sub11;sub13;sub14;sub15;sub16;sub17;sub18;sub20;sub22;sub24;sub29,sub28,98,0.00030714826425537467,0.0012496169656515121,0.002,1e-05,1.0,1.0,True,False,multimodal,psd-fc-wpli,gated,cnn,False,none
multimodal_psd-fc-wpli_gated_cnn,16,sub27,sub01;sub05;sub07;sub08;sub09;sub10;sub11;sub13;sub14;sub15;sub16;sub17;sub18;sub20;sub22;sub24;sub29,sub28,99,0.0002977317199110985,0.0012167342938482761,0.002,1e-05,1.0,1.0,True,False,multimodal,psd-fc-wpli,gated,cnn,False,none
multimodal_psd-fc-wpli_gated_cnn,16,sub27,sub01;sub05;sub07;sub08;sub09;sub10;sub11;sub13;sub14;sub15;sub16;sub17;sub18;sub20;sub22;sub24;sub29,sub28,100,0.0002885476278606802,0.0011857622303068638,0.002,1e-05,1.0,1.0,True,False,multimodal,psd-fc-wpli,gated,cnn,False,none
multimodal_psd-fc-wpli_gated_cnn,17,sub28,sub01;sub05;sub07;sub08;sub09;sub10;sub11;sub13;sub14;sub15;sub16;sub17;sub18;sub20;sub22;sub24;sub27,sub29,1,0.6964516639709473,0.6584126353263855,0.002,1e-05,1.0,1.0,True,False,multimodal,psd-fc-wpli,gated,cnn,False,none
multimodal_psd-fc-wpli_gated_cnn,17,sub28,sub01;sub05;sub07;sub08;sub09;sub10;sub11;sub13;sub14;sub15;sub16;sub17;sub18;sub20;sub22;sub24;sub27,sub29,2,0.688002347946167,0.6630878448486328,0.002,1e-05,1.0,1.0,False,False,multimodal,psd-fc-wpli,gated,cnn,False,none
multimodal_psd-fc-wpli_gated_cnn,17,sub28,sub01;sub05;sub07;sub08;sub09;sub10;sub11;sub13;sub14;sub15;sub16;sub17;sub18;sub20;sub22;sub24;sub27,sub29,3,0.6821596622467041,0.6675050854682922,0.002,1e-05,1.0,1.0,False,False,multimodal,psd-fc-wpli,gated,cnn,False,none
multimodal_psd-fc-wpli_gated_cnn,17,sub28,sub01;sub05;sub07;sub08;sub09;sub10;sub11;sub13;sub14;sub15;sub16;sub17;sub18;sub20;sub22;sub24;sub27,sub29,4,0.676495373249054,0.6731592416763306,0.002,1e-05,1.0,1.0,False,False,multimodal,psd-fc-wpli,gated,cnn,False,none
multimodal_psd-fc-wpli_gated_cnn,17,sub28,sub01;sub05;sub07;sub08;sub09;sub10;sub11;sub13;sub14;sub15;sub16;sub17;sub18;sub20;sub22;sub24;sub27,sub29,5,0.670138418674469,0.6818515062332153,0.002,1e-05,1.0,1.0,False,False,multimodal,psd-fc-wpli,gated,cnn,False,none
multimodal_psd-fc-wpli_gated_cnn,17,sub28,sub01;sub05;sub07;sub08;sub09;sub10;sub11;sub13;sub14;sub15;sub16;sub17;sub18;sub20;sub22;sub24;sub27,sub29,6,0.6630545854568481,0.6930782794952393,0.002,1e-05,1.0,1.0,False,False,multimodal,psd-fc-wpli,gated,cnn,False,none
multimodal_psd-fc-wpli_gated_cnn,17,sub28,sub01;sub05;sub07;sub08;sub09;sub10;sub11;sub13;sub14;sub15;sub16;sub17;sub18;sub20;sub22;sub24;sub27,sub29,7,0.6553269624710083,0.7074456810951233,0.002,1e-05,1.0,1.0,False,False,multimodal,psd-fc-wpli,gated,cnn,False,none
multimodal_psd-fc-wpli_gated_cnn,17,sub28,sub01;sub05;sub07;sub08;sub09;sub10;sub11;sub13;sub14;sub15;sub16;sub17;sub18;sub20;sub22;sub24;sub27,sub29,8,0.6464970111846924,0.7260880470275879,0.002,1e-05,1.0,1.0,False,False,multimodal,psd-fc-wpli,gated,cnn,False,none
multimodal_psd-fc-wpli_gated_cnn,17,sub28,sub01;sub05;sub07;sub08;sub09;sub10;sub11;sub13;sub14;sub15;sub16;sub17;sub18;sub20;sub22;sub24;sub27,sub29,9,0.6368158459663391,0.7492629885673523,0.002,1e-05,1.0,1.0,False,False,multimodal,psd-fc-wpli,gated,cnn,False,none
multimodal_psd-fc-wpli_gated_cnn,17,sub28,sub01;sub05;sub07;sub08;sub09;sub10;sub11;sub13;sub14;sub15;sub16;sub17;sub18;sub20;sub22;sub24;sub27,sub29,10,0.6264575719833374,0.7758294939994812,0.002,1e-05,1.0,1.0,False,False,multimodal,psd-fc-wpli,gated,cnn,False,none
multimodal_psd-fc-wpli_gated_cnn,17,sub28,sub01;sub05;sub07;sub08;sub09;sub10;sub11;sub13;sub14;sub15;sub16;sub17;sub18;sub20;sub22;sub24;sub27,sub29,11,0.6153110265731812,0.8071799278259277,0.002,1e-05,1.0,1.0,False,False,multimodal,psd-fc-wpli,gated,cnn,False,none
multimodal_psd-fc-wpli_gated_cnn,17,sub28,sub01;sub05;sub07;sub08;sub09;sub10;sub11;sub13;sub14;sub15;sub16;sub17;sub18;sub20;sub22;sub24;sub27,sub29,12,0.6033457517623901,0.8411033749580383,0.002,1e-05,1.0,1.0,False,False,multimodal,psd-fc-wpli,gated,cnn,False,none
multimodal_psd-fc-wpli_gated_cnn,17,sub28,sub01;sub05;sub07;sub08;sub09;sub10;sub11;sub13;sub14;sub15;sub16;sub17;sub18;sub20;sub22;sub24;sub27,sub29,13,0.5903950929641724,0.875072181224823,0.002,1e-05,1.0,1.0,False,False,multimodal,psd-fc-wpli,gated,cnn,False,none
multimodal_psd-fc-wpli_gated_cnn,17,sub28,sub01;sub05;sub07;sub08;sub09;sub10;sub11;sub13;sub14;sub15;sub16;sub17;sub18;sub20;sub22;sub24;sub27,sub29,14,0.5762773752212524,0.9070857167243958,0.002,1e-05,1.0,1.0,False,False,multimodal,psd-fc-wpli,gated,cnn,False,none
multimodal_psd-fc-wpli_gated_cnn,17,sub28,sub01;sub05;sub07;sub08;sub09;sub10;sub11;sub13;sub14;sub15;sub16;sub17;sub18;sub20;sub22;sub24;sub27,sub29,15,0.5609498620033264,0.9374377727508545,0.002,1e-05,1.0,1.0,False,False,multimodal,psd-fc-wpli,gated,cnn,False,none
multimodal_psd-fc-wpli_gated_cnn,17,sub28,sub01;sub05;sub07;sub08;sub09;sub10;sub11;sub13;sub14;sub15;sub16;sub17;sub18;sub20;sub22;sub24;sub27,sub29,16,0.5443196892738342,0.9662660360336304,0.002,1e-05,1.0,1.0,False,False,multimodal,psd-fc-wpli,gated,cnn,False,none
multimodal_psd-fc-wpli_gated_cnn,17,sub28,sub01;sub05;sub07;sub08;sub09;sub10;sub11;sub13;sub14;sub15;sub16;sub17;sub18;sub20;sub22;sub24;sub27,sub29,17,0.5262397527694702,0.9923378229141235,0.002,1e-05,1.0,1.0,False,False,multimodal,psd-fc-wpli,gated,cnn,False,none
multimodal_psd-fc-wpli_gated_cnn,17,sub28,sub01;sub05;sub07;sub08;sub09;sub10;sub11;sub13;sub14;sub15;sub16;sub17;sub18;sub20;sub22;sub24;sub27,sub29,18,0.5066875219345093,1.0141080617904663,0.002,1e-05,1.0,1.0,False,False,multimodal,psd-fc-wpli,gated,cnn,False,none
multimodal_psd-fc-wpli_gated_cnn,17,sub28,sub01;sub05;sub07;sub08;sub09;sub10;sub11;sub13;sub14;sub15;sub16;sub17;sub18;sub20;sub22;sub24;sub27,sub29,19,0.4859585464000702,1.0377074480056763,0.002,1e-05,1.0,1.0,False,False,multimodal,psd-fc-wpli,gated,cnn,False,none
multimodal_psd-fc-wpli_gated_cnn,17,sub28,sub01;sub05;sub07;sub08;sub09;sub10;sub11;sub13;sub14;sub15;sub16;sub17;sub18;sub20;sub22;sub24;sub27,sub29,20,0.46403053402900696,1.0628632307052612,0.002,1e-05,1.0,1.0,False,False,multimodal,psd-fc-wpli,gated,cnn,False,none
multimodal_psd-fc-wpli_gated_cnn,17,sub28,sub01;sub05;sub07;sub08;sub09;sub10;sub11;sub13;sub14;sub15;sub16;sub17;sub18;sub20;sub22;sub24;sub27,sub29,21,0.44106507301330566,1.082654356956482,0.002,1e-05,1.0,1.0,False,False,multimodal,psd-fc-wpli,gated,cnn,False,none
multimodal_psd-fc-wpli_gated_cnn,17,sub28,sub01;sub05;sub07;sub08;sub09;sub10;sub11;sub13;sub14;sub15;sub16;sub17;sub18;sub20;sub22;sub24;sub27,sub29,22,0.4172203540802002,1.0991404056549072,0.002,1e-05,1.0,1.0,False,False,multimodal,psd-fc-wpli,gated,cnn,False,none
multimodal_psd-fc-wpli_gated_cnn,17,sub28,sub01;sub05;sub07;sub08;sub09;sub10;sub11;sub13;sub14;sub15;sub16;sub17;sub18;sub20;sub22;sub24;sub27,sub29,23,0.39250704646110535,1.1130578517913818,0.002,1e-05,1.0,1.0,False,False,multimodal,psd-fc-wpli,gated,cnn,False,none
multimodal_psd-fc-wpli_gated_cnn,17,sub28,sub01;sub05;sub07;sub08;sub09;sub10;sub11;sub13;sub14;sub15;sub16;sub17;sub18;sub20;sub22;sub24;sub27,sub29,24,0.3672398328781128,1.127263069152832,0.002,1e-05,1.0,1.0,False,False,multimodal,psd-fc-wpli,gated,cnn,False,none
multimodal_psd-fc-wpli_gated_cnn,17,sub28,sub01;sub05;sub07;sub08;sub09;sub10;sub11;sub13;sub14;sub15;sub16;sub17;sub18;sub20;sub22;sub24;sub27,sub29,25,0.3414846658706665,1.148413062095642,0.002,1e-05,1.0,1.0,False,False,multimodal,psd-fc-wpli,gated,cnn,False,none
multimodal_psd-fc-wpli_gated_cnn,17,sub28,sub01;sub05;sub07;sub08;sub09;sub10;sub11;sub13;sub14;sub15;sub16;sub17;sub18;sub20;sub22;sub24;sub27,sub29,26,0.31552666425704956,1.169856071472168,0.002,1e-05,1.0,1.0,False,False,multimodal,psd-fc-wpli,gated,cnn,False,none
multimodal_psd-fc-wpli_gated_cnn,17,sub28,sub01;sub05;sub07;sub08;sub09;sub10;sub11;sub13;sub14;sub15;sub16;sub17;sub18;sub20;sub22;sub24;sub27,sub29,27,0.2897532880306244,1.1958528757095337,0.002,1e-05,1.0,1.0,False,False,multimodal,psd-fc-wpli,gated,cnn,False,none
multimodal_psd-fc-wpli_gated_cnn,17,sub28,sub01;sub05;sub07;sub08;sub09;sub10;sub11;sub13;sub14;sub15;sub16;sub17;sub18;sub20;sub22;sub24;sub27,sub29,28,0.26431822776794434,1.225771427154541,0.002,1e-05,1.0,1.0,False,False,multimodal,psd-fc-wpli,gated,cnn,False,none
multimodal_psd-fc-wpli_gated_cnn,17,sub28,sub01;sub05;sub07;sub08;sub09;sub10;sub11;sub13;sub14;sub15;sub16;sub17;sub18;sub20;sub22;sub24;sub27,sub29,29,0.2393186241388321,1.2393008470535278,0.002,1e-05,1.0,1.0,False,False,multimodal,psd-fc-wpli,gated,cnn,False,none
multimodal_psd-fc-wpli_gated_cnn,17,sub28,sub01;sub05;sub07;sub08;sub09;sub10;sub11;sub13;sub14;sub15;sub16;sub17;sub18;sub20;sub22;sub24;sub27,sub29,30,0.2153293639421463,1.2211982011795044,0.002,1e-05,1.0,1.0,False,False,multimodal,psd-fc-wpli,gated,cnn,False,none
multimodal_psd-fc-wpli_gated_cnn,17,sub28,sub01;sub05;sub07;sub08;sub09;sub10;sub11;sub13;sub14;sub15;sub16;sub17;sub18;sub20;sub22;sub24;sub27,sub29,31,0.1925981193780899,1.161726713180542,0.002,1e-05,1.0,1.0,False,False,multimodal,psd-fc-wpli,gated,cnn,False,none
multimodal_psd-fc-wpli_gated_cnn,17,sub28,sub01;sub05;sub07;sub08;sub09;sub10;sub11;sub13;sub14;sub15;sub16;sub17;sub18;sub20;sub22;sub24;sub27,sub29,32,0.1709636002779007,1.08323335647583,0.002,1e-05,1.0,1.0,False,False,multimodal,psd-fc-wpli,gated,cnn,False,none
multimodal_psd-fc-wpli_gated_cnn,17,sub28,sub01;sub05;sub07;sub08;sub09;sub10;sub11;sub13;sub14;sub15;sub16;sub17;sub18;sub20;sub22;sub24;sub27,sub29,33,0.1508062332868576,1.004374623298645,0.002,1e-05,1.0,1.0,False,False,multimodal,psd-fc-wpli,gated,cnn,False,none
multimodal_psd-fc-wpli_gated_cnn,17,sub28,sub01;sub05;sub07;sub08;sub09;sub10;sub11;sub13;sub14;sub15;sub16;sub17;sub18;sub20;sub22;sub24;sub27,sub29,34,0.13232697546482086,0.9391071796417236,0.002,1e-05,1.0,1.0,False,False,multimodal,psd-fc-wpli,gated,cnn,False,none
multimodal_psd-fc-wpli_gated_cnn,17,sub28,sub01;sub05;sub07;sub08;sub09;sub10;sub11;sub13;sub14;sub15;sub16;sub17;sub18;sub20;sub22;sub24;sub27,sub29,35,0.11536385864019394,0.8836239576339722,0.002,1e-05,1.0,1.0,False,False,multimodal,psd-fc-wpli,gated,cnn,False,none
multimodal_psd-fc-wpli_gated_cnn,17,sub28,sub01;sub05;sub07;sub08;sub09;sub10;sub11;sub13;sub14;sub15;sub16;sub17;sub18;sub20;sub22;sub24;sub27,sub29,36,0.10006952285766602,0.8313159346580505,0.002,1e-05,1.0,1.0,False,False,multimodal,psd-fc-wpli,gated,cnn,False,none
multimodal_psd-fc-wpli_gated_cnn,17,sub28,sub01;sub05;sub07;sub08;sub09;sub10;sub11;sub13;sub14;sub15;sub16;sub17;sub18;sub20;sub22;sub24;sub27,sub29,37,0.08649449050426483,0.7775216698646545,0.002,1e-05,1.0,1.0,False,False,multimodal,psd-fc-wpli,gated,cnn,False,none
multimodal_psd-fc-wpli_gated_cnn,17,sub28,sub01;sub05;sub07;sub08;sub09;sub10;sub11;sub13;sub14;sub15;sub16;sub17;sub18;sub20;sub22;sub24;sub27,sub29,38,0.07430766522884369,0.7174667119979858,0.002,1e-05,1.0,1.0,False,False,multimodal,psd-fc-wpli,gated,cnn,False,none
multimodal_psd-fc-wpli_gated_cnn,17,sub28,sub01;sub05;sub07;sub08;sub09;sub10;sub11;sub13;sub14;sub15;sub16;sub17;sub18;sub20;sub22;sub24;sub27,sub29,39,0.06363392621278763,0.6601046323776245,0.002,1e-05,1.0,1.0,False,False,multimodal,psd-fc-wpli,gated,cnn,False,none
multimodal_psd-fc-wpli_gated_cnn,17,sub28,sub01;sub05;sub07;sub08;sub09;sub10;sub11;sub13;sub14;sub15;sub16;sub17;sub18;sub20;sub22;sub24;sub27,sub29,40,0.054344598203897476,0.60975581407547,0.002,1e-05,1.0,1.0,True,False,multimodal,psd-fc-wpli,gated,cnn,False,none
multimodal_psd-fc-wpli_gated_cnn,17,sub28,sub01;sub05;sub07;sub08;sub09;sub10;sub11;sub13;sub14;sub15;sub16;sub17;sub18;sub20;sub22;sub24;sub27,sub29,41,0.04627614840865135,0.5627701878547668,0.002,1e-05,1.0,1.0,True,False,multimodal,psd-fc-wpli,gated,cnn,False,none
multimodal_psd-fc-wpli_gated_cnn,17,sub28,sub01;sub05;sub07;sub08;sub09;sub10;sub11;sub13;sub14;sub15;sub16;sub17;sub18;sub20;sub22;sub24;sub27,sub29,42,0.03934731334447861,0.5125277638435364,0.002,1e-05,1.0,1.0,True,False,multimodal,psd-fc-wpli,gated,cnn,False,none
multimodal_psd-fc-wpli_gated_cnn,17,sub28,sub01;sub05;sub07;sub08;sub09;sub10;sub11;sub13;sub14;sub15;sub16;sub17;sub18;sub20;sub22;sub24;sub27,sub29,43,0.03343576937913895,0.45658189058303833,0.002,1e-05,1.0,1.0,True,False,multimodal,psd-fc-wpli,gated,cnn,False,none
multimodal_psd-fc-wpli_gated_cnn,17,sub28,sub01;sub05;sub07;sub08;sub09;sub10;sub11;sub13;sub14;sub15;sub16;sub17;sub18;sub20;sub22;sub24;sub27,sub29,44,0.028402505442500114,0.4030694365501404,0.002,1e-05,1.0,1.0,True,False,multimodal,psd-fc-wpli,gated,cnn,False,none
multimodal_psd-fc-wpli_gated_cnn,17,sub28,sub01;sub05;sub07;sub08;sub09;sub10;sub11;sub13;sub14;sub15;sub16;sub17;sub18;sub20;sub22;sub24;sub27,sub29,45,0.02415608800947666,0.3543647229671478,0.002,1e-05,1.0,1.0,True,False,multimodal,psd-fc-wpli,gated,cnn,False,none
multimodal_psd-fc-wpli_gated_cnn,17,sub28,sub01;sub05;sub07;sub08;sub09;sub10;sub11;sub13;sub14;sub15;sub16;sub17;sub18;sub20;sub22;sub24;sub27,sub29,46,0.02059139497578144,0.31372445821762085,0.002,1e-05,1.0,1.0,True,False,multimodal,psd-fc-wpli,gated,cnn,False,none
multimodal_psd-fc-wpli_gated_cnn,17,sub28,sub01;sub05;sub07;sub08;sub09;sub10;sub11;sub13;sub14;sub15;sub16;sub17;sub18;sub20;sub22;sub24;sub27,sub29,47,0.01760835014283657,0.2828775644302368,0.002,1e-05,1.0,1.0,True,False,multimodal,psd-fc-wpli,gated,cnn,False,none
multimodal_psd-fc-wpli_gated_cnn,17,sub28,sub01;sub05;sub07;sub08;sub09;sub10;sub11;sub13;sub14;sub15;sub16;sub17;sub18;sub20;sub22;sub24;sub27,sub29,48,0.015106825157999992,0.2605475187301636,0.002,1e-05,1.0,1.0,True,False,multimodal,psd-fc-wpli,gated,cnn,False,none
multimodal_psd-fc-wpli_gated_cnn,17,sub28,sub01;sub05;sub07;sub08;sub09;sub10;sub11;sub13;sub14;sub15;sub16;sub17;sub18;sub20;sub22;sub24;sub27,sub29,49,0.013002263382077217,0.24300840497016907,0.002,1e-05,1.0,1.0,True,False,multimodal,psd-fc-wpli,gated,cnn,False,none
multimodal_psd-fc-wpli_gated_cnn,17,sub28,sub01;sub05;sub07;sub08;sub09;sub10;sub11;sub13;sub14;sub15;sub16;sub17;sub18;sub20;sub22;sub24;sub27,sub29,50,0.01124561671167612,0.22611042857170105,0.002,1e-05,1.0,1.0,True,False,multimodal,psd-fc-wpli,gated,cnn,False,none
multimodal_psd-fc-wpli_gated_cnn,17,sub28,sub01;sub05;sub07;sub08;sub09;sub10;sub11;sub13;sub14;sub15;sub16;sub17;sub18;sub20;sub22;sub24;sub27,sub29,51,0.00977285485714674,0.20941375195980072,0.002,1e-05,1.0,1.0,True,False,multimodal,psd-fc-wpli,gated,cnn,False,none
multimodal_psd-fc-wpli_gated_cnn,17,sub28,sub01;sub05;sub07;sub08;sub09;sub10;sub11;sub13;sub14;sub15;sub16;sub17;sub18;sub20;sub22;sub24;sub27,sub29,52,0.00852955598384142,0.19344529509544373,0.002,1e-05,1.0,1.0,True,False,multimodal,psd-fc-wpli,gated,cnn,False,none
multimodal_psd-fc-wpli_gated_cnn,17,sub28,sub01;sub05;sub07;sub08;sub09;sub10;sub11;sub13;sub14;sub15;sub16;sub17;sub18;sub20;sub22;sub24;sub27,sub29,53,0.007475465536117554,0.17938049137592316,0.002,1e-05,1.0,1.0,True,False,multimodal,psd-fc-wpli,gated,cnn,False,none
multimodal_psd-fc-wpli_gated_cnn,17,sub28,sub01;sub05;sub07;sub08;sub09;sub10;sub11;sub13;sub14;sub15;sub16;sub17;sub18;sub20;sub22;sub24;sub27,sub29,54,0.006585673429071903,0.16766682267189026,0.002,1e-05,1.0,1.0,True,False,multimodal,psd-fc-wpli,gated,cnn,False,none
multimodal_psd-fc-wpli_gated_cnn,17,sub28,sub01;sub05;sub07;sub08;sub09;sub10;sub11;sub13;sub14;sub15;sub16;sub17;sub18;sub20;sub22;sub24;sub27,sub29,55,0.0058345613069832325,0.15904389321804047,0.002,1e-05,1.0,1.0,True,False,multimodal,psd-fc-wpli,gated,cnn,False,none
multimodal_psd-fc-wpli_gated_cnn,17,sub28,sub01;sub05;sub07;sub08;sub09;sub10;sub11;sub13;sub14;sub15;sub16;sub17;sub18;sub20;sub22;sub24;sub27,sub29,56,0.0051953899674117565,0.15259407460689545,0.002,1e-05,1.0,1.0,True,False,multimodal,psd-fc-wpli,gated,cnn,False,none
multimodal_psd-fc-wpli_gated_cnn,17,sub28,sub01;sub05;sub07;sub08;sub09;sub10;sub11;sub13;sub14;sub15;sub16;sub17;sub18;sub20;sub22;sub24;sub27,sub29,57,0.004648434929549694,0.14749401807785034,0.002,1e-05,1.0,1.0,True,False,multimodal,psd-fc-wpli,gated,cnn,False,none
multimodal_psd-fc-wpli_gated_cnn,17,sub28,sub01;sub05;sub07;sub08;sub09;sub10;sub11;sub13;sub14;sub15;sub16;sub17;sub18;sub20;sub22;sub24;sub27,sub29,58,0.004180476069450378,0.14277833700180054,0.002,1e-05,1.0,1.0,True,False,multimodal,psd-fc-wpli,gated,cnn,False,none
multimodal_psd-fc-wpli_gated_cnn,17,sub28,sub01;sub05;sub07;sub08;sub09;sub10;sub11;sub13;sub14;sub15;sub16;sub17;sub18;sub20;sub22;sub24;sub27,sub29,59,0.0037809088826179504,0.13779377937316895,0.002,1e-05,1.0,1.0,True,False,multimodal,psd-fc-wpli,gated,cnn,False,none
multimodal_psd-fc-wpli_gated_cnn,17,sub28,sub01;sub05;sub07;sub08;sub09;sub10;sub11;sub13;sub14;sub15;sub16;sub17;sub18;sub20;sub22;sub24;sub27,sub29,60,0.0034380811266601086,0.13249310851097107,0.002,1e-05,1.0,1.0,True,False,multimodal,psd-fc-wpli,gated,cnn,False,none
multimodal_psd-fc-wpli_gated_cnn,17,sub28,sub01;sub05;sub07;sub08;sub09;sub10;sub11;sub13;sub14;sub15;sub16;sub17;sub18;sub20;sub22;sub24;sub27,sub29,61,0.003141003428027034,0.12711018323898315,0.002,1e-05,1.0,1.0,True,False,multimodal,psd-fc-wpli,gated,cnn,False,none
multimodal_psd-fc-wpli_gated_cnn,17,sub28,sub01;sub05;sub07;sub08;sub09;sub10;sub11;sub13;sub14;sub15;sub16;sub17;sub18;sub20;sub22;sub24;sub27,sub29,62,0.0028820803854614496,0.12193645536899567,0.002,1e-05,1.0,1.0,True,False,multimodal,psd-fc-wpli,gated,cnn,False,none
multimodal_psd-fc-wpli_gated_cnn,17,sub28,sub01;sub05;sub07;sub08;sub09;sub10;sub11;sub13;sub14;sub15;sub16;sub17;sub18;sub20;sub22;sub24;sub27,sub29,63,0.0026566556189209223,0.11714567244052887,0.002,1e-05,1.0,1.0,True,False,multimodal,psd-fc-wpli,gated,cnn,False,none
multimodal_psd-fc-wpli_gated_cnn,17,sub28,sub01;sub05;sub07;sub08;sub09;sub10;sub11;sub13;sub14;sub15;sub16;sub17;sub18;sub20;sub22;sub24;sub27,sub29,64,0.0024597144220024347,0.11276161670684814,0.002,1e-05,1.0,1.0,True,False,multimodal,psd-fc-wpli,gated,cnn,False,none
multimodal_psd-fc-wpli_gated_cnn,17,sub28,sub01;sub05;sub07;sub08;sub09;sub10;sub11;sub13;sub14;sub15;sub16;sub17;sub18;sub20;sub22;sub24;sub27,sub29,65,0.0022872036788612604,0.10911139845848083,0.002,1e-05,1.0,1.0,True,False,multimodal,psd-fc-wpli,gated,cnn,False,none
multimodal_psd-fc-wpli_gated_cnn,17,sub28,sub01;sub05;sub07;sub08;sub09;sub10;sub11;sub13;sub14;sub15;sub16;sub17;sub18;sub20;sub22;sub24;sub27,sub29,66,0.0021352688781917095,0.10596465319395065,0.002,1e-05,1.0,1.0,True,False,multimodal,psd-fc-wpli,gated,cnn,False,none
multimodal_psd-fc-wpli_gated_cnn,17,sub28,sub01;sub05;sub07;sub08;sub09;sub10;sub11;sub13;sub14;sub15;sub16;sub17;sub18;sub20;sub22;sub24;sub27,sub29,67,0.0020006829872727394,0.10327272117137909,0.002,1e-05,1.0,1.0,True,False,multimodal,psd-fc-wpli,gated,cnn,False,none
multimodal_psd-fc-wpli_gated_cnn,17,sub28,sub01;sub05;sub07;sub08;sub09;sub10;sub11;sub13;sub14;sub15;sub16;sub17;sub18;sub20;sub22;sub24;sub27,sub29,68,0.0018809023313224316,0.10077917575836182,0.002,1e-05,1.0,1.0,True,False,multimodal,psd-fc-wpli,gated,cnn,False,none
multimodal_psd-fc-wpli_gated_cnn,17,sub28,sub01;sub05;sub07;sub08;sub09;sub10;sub11;sub13;sub14;sub15;sub16;sub17;sub18;sub20;sub22;sub24;sub27,sub29,69,0.0017741949995979667,0.0982402116060257,0.002,1e-05,1.0,1.0,True,False,multimodal,psd-fc-wpli,gated,cnn,False,none
multimodal_psd-fc-wpli_gated_cnn,17,sub28,sub01;sub05;sub07;sub08;sub09;sub10;sub11;sub13;sub14;sub15;sub16;sub17;sub18;sub20;sub22;sub24;sub27,sub29,70,0.0016789439832791686,0.09559736400842667,0.002,1e-05,1.0,1.0,True,False,multimodal,psd-fc-wpli,gated,cnn,False,none
multimodal_psd-fc-wpli_gated_cnn,17,sub28,sub01;sub05;sub07;sub08;sub09;sub10;sub11;sub13;sub14;sub15;sub16;sub17;sub18;sub20;sub22;sub24;sub27,sub29,71,0.0015935860574245453,0.09288220852613449,0.002,1e-05,1.0,1.0,True,False,multimodal,psd-fc-wpli,gated,cnn,False,none
multimodal_psd-fc-wpli_gated_cnn,17,sub28,sub01;sub05;sub07;sub08;sub09;sub10;sub11;sub13;sub14;sub15;sub16;sub17;sub18;sub20;sub22;sub24;sub27,sub29,72,0.001516783027909696,0.09005934000015259,0.002,1e-05,1.0,1.0,True,False,multimodal,psd-fc-wpli,gated,cnn,False,none
multimodal_psd-fc-wpli_gated_cnn,17,sub28,sub01;sub05;sub07;sub08;sub09;sub10;sub11;sub13;sub14;sub15;sub16;sub17;sub18;sub20;sub22;sub24;sub27,sub29,73,0.0014474873896688223,0.0872112587094307,0.002,1e-05,1.0,1.0,True,False,multimodal,psd-fc-wpli,gated,cnn,False,none
multimodal_psd-fc-wpli_gated_cnn,17,sub28,sub01;sub05;sub07;sub08;sub09;sub10;sub11;sub13;sub14;sub15;sub16;sub17;sub18;sub20;sub22;sub24;sub27,sub29,74,0.001384673174470663,0.08443260937929153,0.002,1e-05,1.0,1.0,True,False,multimodal,psd-fc-wpli,gated,cnn,False,none
multimodal_psd-fc-wpli_gated_cnn,17,sub28,sub01;sub05;sub07;sub08;sub09;sub10;sub11;sub13;sub14;sub15;sub16;sub17;sub18;sub20;sub22;sub24;sub27,sub29,75,0.001327591366134584,0.08192570507526398,0.002,1e-05,1.0,1.0,True,False,multimodal,psd-fc-wpli,gated,cnn,False,none
multimodal_psd-fc-wpli_gated_cnn,17,sub28,sub01;sub05;sub07;sub08;sub09;sub10;sub11;sub13;sub14;sub15;sub16;sub17;sub18;sub20;sub22;sub24;sub27,sub29,76,0.001275706454180181,0.07974545657634735,0.002,1e-05,1.0,1.0,True,False,multimodal,psd-fc-wpli,gated,cnn,False,none
multimodal_psd-fc-wpli_gated_cnn,17,sub28,sub01;sub05;sub07;sub08;sub09;sub10;sub11;sub13;sub14;sub15;sub16;sub17;sub18;sub20;sub22;sub24;sub27,sub29,77,0.0012283086543902755,0.07785753160715103,0.002,1e-05,1.0,1.0,True,False,multimodal,psd-fc-wpli,gated,cnn,False,none
multimodal_psd-fc-wpli_gated_cnn,17,sub28,sub01;sub05;sub07;sub08;sub09;sub10;sub11;sub13;sub14;sub15;sub16;sub17;sub18;sub20;sub22;sub24;sub27,sub29,78,0.0011848938884213567,0.07625950872898102,0.002,1e-05,1.0,1.0,True,False,multimodal,psd-fc-wpli,gated,cnn,False,none
multimodal_psd-fc-wpli_gated_cnn,17,sub28,sub01;sub05;sub07;sub08;sub09;sub10;sub11;sub13;sub14;sub15;sub16;sub17;sub18;sub20;sub22;sub24;sub27,sub29,79,0.0011450989404693246,0.07493632286787033,0.002,1e-05,1.0,1.0,True,False,multimodal,psd-fc-wpli,gated,cnn,False,none
multimodal_psd-fc-wpli_gated_cnn,17,sub28,sub01;sub05;sub07;sub08;sub09;sub10;sub11;sub13;sub14;sub15;sub16;sub17;sub18;sub20;sub22;sub24;sub27,sub29,80,0.0011084777070209384,0.07380423694849014,0.002,1e-05,1.0,1.0,True,False,multimodal,psd-fc-wpli,gated,cnn,False,none
multimodal_psd-fc-wpli_gated_cnn,17,sub28,sub01;sub05;sub07;sub08;sub09;sub10;sub11;sub13;sub14;sub15;sub16;sub17;sub18;sub20;sub22;sub24;sub27,sub29,81,0.0010746989864856005,0.07280515879392624,0.002,1e-05,1.0,1.0,True,False,multimodal,psd-fc-wpli,gated,cnn,False,none
multimodal_psd-fc-wpli_gated_cnn,17,sub28,sub01;sub05;sub07;sub08;sub09;sub10;sub11;sub13;sub14;sub15;sub16;sub17;sub18;sub20;sub22;sub24;sub27,sub29,82,0.0010434349533170462,0.07191851735115051,0.002,1e-05,1.0,1.0,True,False,multimodal,psd-fc-wpli,gated,cnn,False,none
multimodal_psd-fc-wpli_gated_cnn,17,sub28,sub01;sub05;sub07;sub08;sub09;sub10;sub11;sub13;sub14;sub15;sub16;sub17;sub18;sub20;sub22;sub24;sub27,sub29,83,0.001014409470371902,0.07112999260425568,0.002,1e-05,1.0,1.0,True,False,multimodal,psd-fc-wpli,gated,cnn,False,none
multimodal_psd-fc-wpli_gated_cnn,17,sub28,sub01;sub05;sub07;sub08;sub09;sub10;sub11;sub13;sub14;sub15;sub16;sub17;sub18;sub20;sub22;sub24;sub27,sub29,84,0.0009874815586954355,0.07031632959842682,0.002,1e-05,1.0,1.0,True,False,multimodal,psd-fc-wpli,gated,cnn,False,none
multimodal_psd-fc-wpli_gated_cnn,17,sub28,sub01;sub05;sub07;sub08;sub09;sub10;sub11;sub13;sub14;sub15;sub16;sub17;sub18;sub20;sub22;sub24;sub27,sub29,85,0.0009623108780942857,0.06950261443853378,0.002,1e-05,1.0,1.0,True,False,multimodal,psd-fc-wpli,gated,cnn,False,none
multimodal_psd-fc-wpli_gated_cnn,17,sub28,sub01;sub05;sub07;sub08;sub09;sub10;sub11;sub13;sub14;sub15;sub16;sub17;sub18;sub20;sub22;sub24;sub27,sub29,86,0.0009387801983393729,0.06880047172307968,0.002,1e-05,1.0,1.0,True,False,multimodal,psd-fc-wpli,gated,cnn,False,none
multimodal_psd-fc-wpli_gated_cnn,17,sub28,sub01;sub05;sub07;sub08;sub09;sub10;sub11;sub13;sub14;sub15;sub16;sub17;sub18;sub20;sub22;sub24;sub27,sub29,87,0.0009167470270767808,0.06825648993253708,0.002,1e-05,1.0,1.0,True,False,multimodal,psd-fc-wpli,gated,cnn,False,none
multimodal_psd-fc-wpli_gated_cnn,17,sub28,sub01;sub05;sub07;sub08;sub09;sub10;sub11;sub13;sub14;sub15;sub16;sub17;sub18;sub20;sub22;sub24;sub27,sub29,88,0.0008960759732872248,0.06786199659109116,0.002,1e-05,1.0,1.0,True,False,multimodal,psd-fc-wpli,gated,cnn,False,none
multimodal_psd-fc-wpli_gated_cnn,17,sub28,sub01;sub05;sub07;sub08;sub09;sub10;sub11;sub13;sub14;sub15;sub16;sub17;sub18;sub20;sub22;sub24;sub27,sub29,89,0.0008765897364355624,0.0675823837518692,0.002,1e-05,1.0,1.0,True,False,multimodal,psd-fc-wpli,gated,cnn,False,none
multimodal_psd-fc-wpli_gated_cnn,17,sub28,sub01;sub05;sub07;sub08;sub09;sub10;sub11;sub13;sub14;sub15;sub16;sub17;sub18;sub20;sub22;sub24;sub27,sub29,90,0.0008581133442930877,0.06737782061100006,0.002,1e-05,1.0,1.0,True,False,multimodal,psd-fc-wpli,gated,cnn,False,none
multimodal_psd-fc-wpli_gated_cnn,17,sub28,sub01;sub05;sub07;sub08;sub09;sub10;sub11;sub13;sub14;sub15;sub16;sub17;sub18;sub20;sub22;sub24;sub27,sub29,91,0.0008406541892327368,0.06719554960727692,0.002,1e-05,1.0,1.0,True,False,multimodal,psd-fc-wpli,gated,cnn,False,none
multimodal_psd-fc-wpli_gated_cnn,17,sub28,sub01;sub05;sub07;sub08;sub09;sub10;sub11;sub13;sub14;sub15;sub16;sub17;sub18;sub20;sub22;sub24;sub27,sub29,92,0.0008240837487392128,0.06697819381952286,0.002,1e-05,1.0,1.0,True,False,multimodal,psd-fc-wpli,gated,cnn,False,none
multimodal_psd-fc-wpli_gated_cnn,17,sub28,sub01;sub05;sub07;sub08;sub09;sub10;sub11;sub13;sub14;sub15;sub16;sub17;sub18;sub20;sub22;sub24;sub27,sub29,93,0.0008083602297119796,0.06669118255376816,0.002,1e-05,1.0,1.0,True,False,multimodal,psd-fc-wpli,gated,cnn,False,none
multimodal_psd-fc-wpli_gated_cnn,17,sub28,sub01;sub05;sub07;sub08;sub09;sub10;sub11;sub13;sub14;sub15;sub16;sub17;sub18;sub20;sub22;sub24;sub27,sub29,94,0.0007934306049719453,0.0663566067814827,0.002,1e-05,1.0,1.0,True,False,multimodal,psd-fc-wpli,gated,cnn,False,none
multimodal_psd-fc-wpli_gated_cnn,17,sub28,sub01;sub05;sub07;sub08;sub09;sub10;sub11;sub13;sub14;sub15;sub16;sub17;sub18;sub20;sub22;sub24;sub27,sub29,95,0.0007791762473061681,0.06595286726951599,0.002,1e-05,1.0,1.0,True,False,multimodal,psd-fc-wpli,gated,cnn,False,none
multimodal_psd-fc-wpli_gated_cnn,17,sub28,sub01;sub05;sub07;sub08;sub09;sub10;sub11;sub13;sub14;sub15;sub16;sub17;sub18;sub20;sub22;sub24;sub27,sub29,96,0.0007655539666302502,0.06549990177154541,0.002,1e-05,1.0,1.0,True,False,multimodal,psd-fc-wpli,gated,cnn,False,none
multimodal_psd-fc-wpli_gated_cnn,17,sub28,sub01;sub05;sub07;sub08;sub09;sub10;sub11;sub13;sub14;sub15;sub16;sub17;sub18;sub20;sub22;sub24;sub27,sub29,97,0.0007524830871261656,0.06504523754119873,0.002,1e-05,1.0,1.0,True,False,multimodal,psd-fc-wpli,gated,cnn,False,none
multimodal_psd-fc-wpli_gated_cnn,17,sub28,sub01;sub05;sub07;sub08;sub09;sub10;sub11;sub13;sub14;sub15;sub16;sub17;sub18;sub20;sub22;sub24;sub27,sub29,98,0.0007400076719932258,0.06466250866651535,0.002,1e-05,1.0,1.0,True,False,multimodal,psd-fc-wpli,gated,cnn,False,none
multimodal_psd-fc-wpli_gated_cnn,17,sub28,sub01;sub05;sub07;sub08;sub09;sub10;sub11;sub13;sub14;sub15;sub16;sub17;sub18;sub20;sub22;sub24;sub27,sub29,99,0.0007280485006049275,0.06442402303218842,0.002,1e-05,1.0,1.0,True,False,multimodal,psd-fc-wpli,gated,cnn,False,none
multimodal_psd-fc-wpli_gated_cnn,17,sub28,sub01;sub05;sub07;sub08;sub09;sub10;sub11;sub13;sub14;sub15;sub16;sub17;sub18;sub20;sub22;sub24;sub27,sub29,100,0.0007164948619902134,0.06429243832826614,0.002,1e-05,1.0,1.0,True,False,multimodal,psd-fc-wpli,gated,cnn,False,none
multimodal_psd-fc-wpli_gated_cnn,18,sub29,sub05;sub07;sub08;sub09;sub10;sub11;sub13;sub14;sub15;sub16;sub17;sub18;sub20;sub22;sub24;sub27;sub28,sub01,1,0.7115139365196228,0.6004019975662231,0.002,1e-05,1.0,1.0,True,False,multimodal,psd-fc-wpli,gated,cnn,False,none
multimodal_psd-fc-wpli_gated_cnn,18,sub29,sub05;sub07;sub08;sub09;sub10;sub11;sub13;sub14;sub15;sub16;sub17;sub18;sub20;sub22;sub24;sub27;sub28,sub01,2,0.699209988117218,0.6057119965553284,0.002,1e-05,1.0,1.0,False,False,multimodal,psd-fc-wpli,gated,cnn,False,none
multimodal_psd-fc-wpli_gated_cnn,18,sub29,sub05;sub07;sub08;sub09;sub10;sub11;sub13;sub14;sub15;sub16;sub17;sub18;sub20;sub22;sub24;sub27;sub28,sub01,3,0.690166175365448,0.6084260940551758,0.002,1e-05,1.0,1.0,False,False,multimodal,psd-fc-wpli,gated,cnn,False,none
multimodal_psd-fc-wpli_gated_cnn,18,sub29,sub05;sub07;sub08;sub09;sub10;sub11;sub13;sub14;sub15;sub16;sub17;sub18;sub20;sub22;sub24;sub27;sub28,sub01,4,0.683178722858429,0.6098557710647583,0.002,1e-05,1.0,1.0,False,False,multimodal,psd-fc-wpli,gated,cnn,False,none
multimodal_psd-fc-wpli_gated_cnn,18,sub29,sub05;sub07;sub08;sub09;sub10;sub11;sub13;sub14;sub15;sub16;sub17;sub18;sub20;sub22;sub24;sub27;sub28,sub01,5,0.6769757866859436,0.6096454858779907,0.002,1e-05,1.0,1.0,False,False,multimodal,psd-fc-wpli,gated,cnn,False,none
multimodal_psd-fc-wpli_gated_cnn,18,sub29,sub05;sub07;sub08;sub09;sub10;sub11;sub13;sub14;sub15;sub16;sub17;sub18;sub20;sub22;sub24;sub27;sub28,sub01,6,0.6702328324317932,0.608386754989624,0.002,1e-05,1.0,1.0,False,False,multimodal,psd-fc-wpli,gated,cnn,False,none
multimodal_psd-fc-wpli_gated_cnn,18,sub29,sub05;sub07;sub08;sub09;sub10;sub11;sub13;sub14;sub15;sub16;sub17;sub18;sub20;sub22;sub24;sub27;sub28,sub01,7,0.6623458862304688,0.6056937575340271,0.002,1e-05,1.0,1.0,False,False,multimodal,psd-fc-wpli,gated,cnn,False,none
multimodal_psd-fc-wpli_gated_cnn,18,sub29,sub05;sub07;sub08;sub09;sub10;sub11;sub13;sub14;sub15;sub16;sub17;sub18;sub20;sub22;sub24;sub27;sub28,sub01,8,0.6536464095115662,0.5994442701339722,0.002,1e-05,1.0,1.0,True,False,multimodal,psd-fc-wpli,gated,cnn,False,none
multimodal_psd-fc-wpli_gated_cnn,18,sub29,sub05;sub07;sub08;sub09;sub10;sub11;sub13;sub14;sub15;sub16;sub17;sub18;sub20;sub22;sub24;sub27;sub28,sub01,9,0.644263505935669,0.5910200476646423,0.002,1e-05,1.0,1.0,True,False,multimodal,psd-fc-wpli,gated,cnn,False,none
multimodal_psd-fc-wpli_gated_cnn,18,sub29,sub05;sub07;sub08;sub09;sub10;sub11;sub13;sub14;sub15;sub16;sub17;sub18;sub20;sub22;sub24;sub27;sub28,sub01,10,0.6338662505149841,0.5801463723182678,0.002,1e-05,1.0,1.0,True,False,multimodal,psd-fc-wpli,gated,cnn,False,none
multimodal_psd-fc-wpli_gated_cnn,18,sub29,sub05;sub07;sub08;sub09;sub10;sub11;sub13;sub14;sub15;sub16;sub17;sub18;sub20;sub22;sub24;sub27;sub28,sub01,11,0.6223639249801636,0.567874550819397,0.002,1e-05,1.0,1.0,True,False,multimodal,psd-fc-wpli,gated,cnn,False,none
multimodal_psd-fc-wpli_gated_cnn,18,sub29,sub05;sub07;sub08;sub09;sub10;sub11;sub13;sub14;sub15;sub16;sub17;sub18;sub20;sub22;sub24;sub27;sub28,sub01,12,0.609920084476471,0.5545793175697327,0.002,1e-05,1.0,1.0,True,False,multimodal,psd-fc-wpli,gated,cnn,False,none
multimodal_psd-fc-wpli_gated_cnn,18,sub29,sub05;sub07;sub08;sub09;sub10;sub11;sub13;sub14;sub15;sub16;sub17;sub18;sub20;sub22;sub24;sub27;sub28,sub01,13,0.596497654914856,0.540580153465271,0.002,1e-05,1.0,1.0,True,False,multimodal,psd-fc-wpli,gated,cnn,False,none
multimodal_psd-fc-wpli_gated_cnn,18,sub29,sub05;sub07;sub08;sub09;sub10;sub11;sub13;sub14;sub15;sub16;sub17;sub18;sub20;sub22;sub24;sub27;sub28,sub01,14,0.5815366506576538,0.5259368419647217,0.002,1e-05,1.0,1.0,True,False,multimodal,psd-fc-wpli,gated,cnn,False,none
multimodal_psd-fc-wpli_gated_cnn,18,sub29,sub05;sub07;sub08;sub09;sub10;sub11;sub13;sub14;sub15;sub16;sub17;sub18;sub20;sub22;sub24;sub27;sub28,sub01,15,0.5650110840797424,0.5104560256004333,0.002,1e-05,1.0,1.0,True,False,multimodal,psd-fc-wpli,gated,cnn,False,none
multimodal_psd-fc-wpli_gated_cnn,18,sub29,sub05;sub07;sub08;sub09;sub10;sub11;sub13;sub14;sub15;sub16;sub17;sub18;sub20;sub22;sub24;sub27;sub28,sub01,16,0.5468612313270569,0.4940224289894104,0.002,1e-05,1.0,1.0,True,False,multimodal,psd-fc-wpli,gated,cnn,False,none
multimodal_psd-fc-wpli_gated_cnn,18,sub29,sub05;sub07;sub08;sub09;sub10;sub11;sub13;sub14;sub15;sub16;sub17;sub18;sub20;sub22;sub24;sub27;sub28,sub01,17,0.5270909667015076,0.476392537355423,0.002,1e-05,1.0,1.0,True,False,multimodal,psd-fc-wpli,gated,cnn,False,none
multimodal_psd-fc-wpli_gated_cnn,18,sub29,sub05;sub07;sub08;sub09;sub10;sub11;sub13;sub14;sub15;sub16;sub17;sub18;sub20;sub22;sub24;sub27;sub28,sub01,18,0.5055043697357178,0.45659101009368896,0.002,1e-05,1.0,1.0,True,False,multimodal,psd-fc-wpli,gated,cnn,False,none
multimodal_psd-fc-wpli_gated_cnn,18,sub29,sub05;sub07;sub08;sub09;sub10;sub11;sub13;sub14;sub15;sub16;sub17;sub18;sub20;sub22;sub24;sub27;sub28,sub01,19,0.48249194025993347,0.43455368280410767,0.002,1e-05,1.0,1.0,True,False,multimodal,psd-fc-wpli,gated,cnn,False,none
multimodal_psd-fc-wpli_gated_cnn,18,sub29,sub05;sub07;sub08;sub09;sub10;sub11;sub13;sub14;sub15;sub16;sub17;sub18;sub20;sub22;sub24;sub27;sub28,sub01,20,0.4580845534801483,0.4114317297935486,0.002,1e-05,1.0,1.0,True,False,multimodal,psd-fc-wpli,gated,cnn,False,none
multimodal_psd-fc-wpli_gated_cnn,18,sub29,sub05;sub07;sub08;sub09;sub10;sub11;sub13;sub14;sub15;sub16;sub17;sub18;sub20;sub22;sub24;sub27;sub28,sub01,21,0.432484894990921,0.388469398021698,0.002,1e-05,1.0,1.0,True,False,multimodal,psd-fc-wpli,gated,cnn,False,none
multimodal_psd-fc-wpli_gated_cnn,18,sub29,sub05;sub07;sub08;sub09;sub10;sub11;sub13;sub14;sub15;sub16;sub17;sub18;sub20;sub22;sub24;sub27;sub28,sub01,22,0.40564537048339844,0.3656993508338928,0.002,1e-05,1.0,1.0,True,False,multimodal,psd-fc-wpli,gated,cnn,False,none
multimodal_psd-fc-wpli_gated_cnn,18,sub29,sub05;sub07;sub08;sub09;sub10;sub11;sub13;sub14;sub15;sub16;sub17;sub18;sub20;sub22;sub24;sub27;sub28,sub01,23,0.37765827775001526,0.3437674641609192,0.002,1e-05,1.0,1.0,True,False,multimodal,psd-fc-wpli,gated,cnn,False,none
multimodal_psd-fc-wpli_gated_cnn,18,sub29,sub05;sub07;sub08;sub09;sub10;sub11;sub13;sub14;sub15;sub16;sub17;sub18;sub20;sub22;sub24;sub27;sub28,sub01,24,0.3489839732646942,0.3218746781349182,0.002,1e-05,1.0,1.0,True,False,multimodal,psd-fc-wpli,gated,cnn,False,none
multimodal_psd-fc-wpli_gated_cnn,18,sub29,sub05;sub07;sub08;sub09;sub10;sub11;sub13;sub14;sub15;sub16;sub17;sub18;sub20;sub22;sub24;sub27;sub28,sub01,25,0.3199118375778198,0.30004534125328064,0.002,1e-05,1.0,1.0,True,False,multimodal,psd-fc-wpli,gated,cnn,False,none
multimodal_psd-fc-wpli_gated_cnn,18,sub29,sub05;sub07;sub08;sub09;sub10;sub11;sub13;sub14;sub15;sub16;sub17;sub18;sub20;sub22;sub24;sub27;sub28,sub01,26,0.2908037602901459,0.27909380197525024,0.002,1e-05,1.0,1.0,True,False,multimodal,psd-fc-wpli,gated,cnn,False,none
multimodal_psd-fc-wpli_gated_cnn,18,sub29,sub05;sub07;sub08;sub09;sub10;sub11;sub13;sub14;sub15;sub16;sub17;sub18;sub20;sub22;sub24;sub27;sub28,sub01,27,0.26205137372016907,0.2592456638813019,0.002,1e-05,1.0,1.0,True,False,multimodal,psd-fc-wpli,gated,cnn,False,none
multimodal_psd-fc-wpli_gated_cnn,18,sub29,sub05;sub07;sub08;sub09;sub10;sub11;sub13;sub14;sub15;sub16;sub17;sub18;sub20;sub22;sub24;sub27;sub28,sub01,28,0.2343907356262207,0.24027316272258759,0.002,1e-05,1.0,1.0,True,False,multimodal,psd-fc-wpli,gated,cnn,False,none
multimodal_psd-fc-wpli_gated_cnn,18,sub29,sub05;sub07;sub08;sub09;sub10;sub11;sub13;sub14;sub15;sub16;sub17;sub18;sub20;sub22;sub24;sub27;sub28,sub01,29,0.20828016102313995,0.22095456719398499,0.002,1e-05,1.0,1.0,True,False,multimodal,psd-fc-wpli,gated,cnn,False,none
multimodal_psd-fc-wpli_gated_cnn,18,sub29,sub05;sub07;sub08;sub09;sub10;sub11;sub13;sub14;sub15;sub16;sub17;sub18;sub20;sub22;sub24;sub27;sub28,sub01,30,0.18320423364639282,0.20133145153522491,0.002,1e-05,1.0,1.0,True,False,multimodal,psd-fc-wpli,gated,cnn,False,none
multimodal_psd-fc-wpli_gated_cnn,18,sub29,sub05;sub07;sub08;sub09;sub10;sub11;sub13;sub14;sub15;sub16;sub17;sub18;sub20;sub22;sub24;sub27;sub28,sub01,31,0.1596788763999939,0.17843422293663025,0.002,1e-05,1.0,1.0,True,False,multimodal,psd-fc-wpli,gated,cnn,False,none
multimodal_psd-fc-wpli_gated_cnn,18,sub29,sub05;sub07;sub08;sub09;sub10;sub11;sub13;sub14;sub15;sub16;sub17;sub18;sub20;sub22;sub24;sub27;sub28,sub01,32,0.13805709779262543,0.15377210080623627,0.002,1e-05,1.0,1.0,True,False,multimodal,psd-fc-wpli,gated,cnn,False,none
multimodal_psd-fc-wpli_gated_cnn,18,sub29,sub05;sub07;sub08;sub09;sub10;sub11;sub13;sub14;sub15;sub16;sub17;sub18;sub20;sub22;sub24;sub27;sub28,sub01,33,0.11822355538606644,0.12923648953437805,0.002,1e-05,1.0,1.0,True,False,multimodal,psd-fc-wpli,gated,cnn,False,none
multimodal_psd-fc-wpli_gated_cnn,18,sub29,sub05;sub07;sub08;sub09;sub10;sub11;sub13;sub14;sub15;sub16;sub17;sub18;sub20;sub22;sub24;sub27;sub28,sub01,34,0.10039408504962921,0.10636910051107407,0.002,1e-05,1.0,1.0,True,False,multimodal,psd-fc-wpli,gated,cnn,False,none
multimodal_psd-fc-wpli_gated_cnn,18,sub29,sub05;sub07;sub08;sub09;sub10;sub11;sub13;sub14;sub15;sub16;sub17;sub18;sub20;sub22;sub24;sub27;sub28,sub01,35,0.08476024866104126,0.08623047173023224,0.002,1e-05,1.0,1.0,True,False,multimodal,psd-fc-wpli,gated,cnn,False,none
multimodal_psd-fc-wpli_gated_cnn,18,sub29,sub05;sub07;sub08;sub09;sub10;sub11;sub13;sub14;sub15;sub16;sub17;sub18;sub20;sub22;sub24;sub27;sub28,sub01,36,0.07116632908582687,0.06953763216733932,0.002,1e-05,1.0,1.0,True,False,multimodal,psd-fc-wpli,gated,cnn,False,none
multimodal_psd-fc-wpli_gated_cnn,18,sub29,sub05;sub07;sub08;sub09;sub10;sub11;sub13;sub14;sub15;sub16;sub17;sub18;sub20;sub22;sub24;sub27;sub28,sub01,37,0.05947020649909973,0.055863361805677414,0.002,1e-05,1.0,1.0,True,False,multimodal,psd-fc-wpli,gated,cnn,False,none
multimodal_psd-fc-wpli_gated_cnn,18,sub29,sub05;sub07;sub08;sub09;sub10;sub11;sub13;sub14;sub15;sub16;sub17;sub18;sub20;sub22;sub24;sub27;sub28,sub01,38,0.049551717936992645,0.044784750789403915,0.002,1e-05,1.0,1.0,True,False,multimodal,psd-fc-wpli,gated,cnn,False,none
multimodal_psd-fc-wpli_gated_cnn,18,sub29,sub05;sub07;sub08;sub09;sub10;sub11;sub13;sub14;sub15;sub16;sub17;sub18;sub20;sub22;sub24;sub27;sub28,sub01,39,0.041183505207300186,0.03593991696834564,0.002,1e-05,1.0,1.0,True,False,multimodal,psd-fc-wpli,gated,cnn,False,none
multimodal_psd-fc-wpli_gated_cnn,18,sub29,sub05;sub07;sub08;sub09;sub10;sub11;sub13;sub14;sub15;sub16;sub17;sub18;sub20;sub22;sub24;sub27;sub28,sub01,40,0.03414612635970116,0.029040610417723656,0.002,1e-05,1.0,1.0,True,False,multimodal,psd-fc-wpli,gated,cnn,False,none
multimodal_psd-fc-wpli_gated_cnn,18,sub29,sub05;sub07;sub08;sub09;sub10;sub11;sub13;sub14;sub15;sub16;sub17;sub18;sub20;sub22;sub24;sub27;sub28,sub01,41,0.02831496112048626,0.023793311789631844,0.002,1e-05,1.0,1.0,True,False,multimodal,psd-fc-wpli,gated,cnn,False,none
multimodal_psd-fc-wpli_gated_cnn,18,sub29,sub05;sub07;sub08;sub09;sub10;sub11;sub13;sub14;sub15;sub16;sub17;sub18;sub20;sub22;sub24;sub27;sub28,sub01,42,0.023537179455161095,0.01961514726281166,0.002,1e-05,1.0,1.0,True,False,multimodal,psd-fc-wpli,gated,cnn,False,none
multimodal_psd-fc-wpli_gated_cnn,18,sub29,sub05;sub07;sub08;sub09;sub10;sub11;sub13;sub14;sub15;sub16;sub17;sub18;sub20;sub22;sub24;sub27;sub28,sub01,43,0.01960291899740696,0.01623409241437912,0.002,1e-05,1.0,1.0,True,False,multimodal,psd-fc-wpli,gated,cnn,False,none
multimodal_psd-fc-wpli_gated_cnn,18,sub29,sub05;sub07;sub08;sub09;sub10;sub11;sub13;sub14;sub15;sub16;sub17;sub18;sub20;sub22;sub24;sub27;sub28,sub01,44,0.016351783648133278,0.013513626530766487,0.002,1e-05,1.0,1.0,True,False,multimodal,psd-fc-wpli,gated,cnn,False,none
multimodal_psd-fc-wpli_gated_cnn,18,sub29,sub05;sub07;sub08;sub09;sub10;sub11;sub13;sub14;sub15;sub16;sub17;sub18;sub20;sub22;sub24;sub27;sub28,sub01,45,0.013683605007827282,0.011389919556677341,0.002,1e-05,1.0,1.0,True,False,multimodal,psd-fc-wpli,gated,cnn,False,none
multimodal_psd-fc-wpli_gated_cnn,18,sub29,sub05;sub07;sub08;sub09;sub10;sub11;sub13;sub14;sub15;sub16;sub17;sub18;sub20;sub22;sub24;sub27;sub28,sub01,46,0.011501913890242577,0.009744101203978062,0.002,1e-05,1.0,1.0,True,False,multimodal,psd-fc-wpli,gated,cnn,False,none
multimodal_psd-fc-wpli_gated_cnn,18,sub29,sub05;sub07;sub08;sub09;sub10;sub11;sub13;sub14;sub15;sub16;sub17;sub18;sub20;sub22;sub24;sub27;sub28,sub01,47,0.009715001098811626,0.008482388220727444,0.002,1e-05,1.0,1.0,True,False,multimodal,psd-fc-wpli,gated,cnn,False,none
multimodal_psd-fc-wpli_gated_cnn,18,sub29,sub05;sub07;sub08;sub09;sub10;sub11;sub13;sub14;sub15;sub16;sub17;sub18;sub20;sub22;sub24;sub27;sub28,sub01,48,0.00824700016528368,0.00753510557115078,0.002,1e-05,1.0,1.0,True,False,multimodal,psd-fc-wpli,gated,cnn,False,none
multimodal_psd-fc-wpli_gated_cnn,18,sub29,sub05;sub07;sub08;sub09;sub10;sub11;sub13;sub14;sub15;sub16;sub17;sub18;sub20;sub22;sub24;sub27;sub28,sub01,49,0.0070412480272352695,0.006836004089564085,0.002,1e-05,1.0,1.0,True,False,multimodal,psd-fc-wpli,gated,cnn,False,none
multimodal_psd-fc-wpli_gated_cnn,18,sub29,sub05;sub07;sub08;sub09;sub10;sub11;sub13;sub14;sub15;sub16;sub17;sub18;sub20;sub22;sub24;sub27;sub28,sub01,50,0.006041866727173328,0.006319781299680471,0.002,1e-05,1.0,1.0,True,False,multimodal,psd-fc-wpli,gated,cnn,False,none
multimodal_psd-fc-wpli_gated_cnn,18,sub29,sub05;sub07;sub08;sub09;sub10;sub11;sub13;sub14;sub15;sub16;sub17;sub18;sub20;sub22;sub24;sub27;sub28,sub01,51,0.005211231764405966,0.005923195276409388,0.002,1e-05,1.0,1.0,True,False,multimodal,psd-fc-wpli,gated,cnn,False,none
multimodal_psd-fc-wpli_gated_cnn,18,sub29,sub05;sub07;sub08;sub09;sub10;sub11;sub13;sub14;sub15;sub16;sub17;sub18;sub20;sub22;sub24;sub27;sub28,sub01,52,0.004522481467574835,0.005612237844616175,0.002,1e-05,1.0,1.0,True,False,multimodal,psd-fc-wpli,gated,cnn,False,none
multimodal_psd-fc-wpli_gated_cnn,18,sub29,sub05;sub07;sub08;sub09;sub10;sub11;sub13;sub14;sub15;sub16;sub17;sub18;sub20;sub22;sub24;sub27;sub28,sub01,53,0.003949643112719059,0.005354348570108414,0.002,1e-05,1.0,1.0,True,False,multimodal,psd-fc-wpli,gated,cnn,False,none
multimodal_psd-fc-wpli_gated_cnn,18,sub29,sub05;sub07;sub08;sub09;sub10;sub11;sub13;sub14;sub15;sub16;sub17;sub18;sub20;sub22;sub24;sub27;sub28,sub01,54,0.003471829928457737,0.005120011046528816,0.002,1e-05,1.0,1.0,True,False,multimodal,psd-fc-wpli,gated,cnn,False,none
multimodal_psd-fc-wpli_gated_cnn,18,sub29,sub05;sub07;sub08;sub09;sub10;sub11;sub13;sub14;sub15;sub16;sub17;sub18;sub20;sub22;sub24;sub27;sub28,sub01,55,0.003072225023061037,0.00488482927903533,0.002,1e-05,1.0,1.0,True,False,multimodal,psd-fc-wpli,gated,cnn,False,none
multimodal_psd-fc-wpli_gated_cnn,18,sub29,sub05;sub07;sub08;sub09;sub10;sub11;sub13;sub14;sub15;sub16;sub17;sub18;sub20;sub22;sub24;sub27;sub28,sub01,56,0.0027352955657988787,0.00463766697794199,0.002,1e-05,1.0,1.0,True,False,multimodal,psd-fc-wpli,gated,cnn,False,none
multimodal_psd-fc-wpli_gated_cnn,18,sub29,sub05;sub07;sub08;sub09;sub10;sub11;sub13;sub14;sub15;sub16;sub17;sub18;sub20;sub22;sub24;sub27;sub28,sub01,57,0.0024495963007211685,0.004374461714178324,0.002,1e-05,1.0,1.0,True,False,multimodal,psd-fc-wpli,gated,cnn,False,none
multimodal_psd-fc-wpli_gated_cnn,18,sub29,sub05;sub07;sub08;sub09;sub10;sub11;sub13;sub14;sub15;sub16;sub17;sub18;sub20;sub22;sub24;sub27;sub28,sub01,58,0.002205193042755127,0.004095166455954313,0.002,1e-05,1.0,1.0,True,False,multimodal,psd-fc-wpli,gated,cnn,False,none
multimodal_psd-fc-wpli_gated_cnn,18,sub29,sub05;sub07;sub08;sub09;sub10;sub11;sub13;sub14;sub15;sub16;sub17;sub18;sub20;sub22;sub24;sub27;sub28,sub01,59,0.0019950843416154385,0.003807093482464552,0.002,1e-05,1.0,1.0,True,False,multimodal,psd-fc-wpli,gated,cnn,False,none
multimodal_psd-fc-wpli_gated_cnn,18,sub29,sub05;sub07;sub08;sub09;sub10;sub11;sub13;sub14;sub15;sub16;sub17;sub18;sub20;sub22;sub24;sub27;sub28,sub01,60,0.0018138056620955467,0.0035164719447493553,0.002,1e-05,1.0,1.0,True,False,multimodal,psd-fc-wpli,gated,cnn,False,none
multimodal_psd-fc-wpli_gated_cnn,18,sub29,sub05;sub07;sub08;sub09;sub10;sub11;sub13;sub14;sub15;sub16;sub17;sub18;sub20;sub22;sub24;sub27;sub28,sub01,61,0.0016569319413974881,0.0032311968971043825,0.002,1e-05,1.0,1.0,True,False,multimodal,psd-fc-wpli,gated,cnn,False,none
multimodal_psd-fc-wpli_gated_cnn,18,sub29,sub05;sub07;sub08;sub09;sub10;sub11;sub13;sub14;sub15;sub16;sub17;sub18;sub20;sub22;sub24;sub27;sub28,sub01,62,0.0015206168172881007,0.002959633246064186,0.002,1e-05,1.0,1.0,True,False,multimodal,psd-fc-wpli,gated,cnn,False,none
multimodal_psd-fc-wpli_gated_cnn,18,sub29,sub05;sub07;sub08;sub09;sub10;sub11;sub13;sub14;sub15;sub16;sub17;sub18;sub20;sub22;sub24;sub27;sub28,sub01,63,0.0014013812178745866,0.002706312108784914,0.002,1e-05,1.0,1.0,True,False,multimodal,psd-fc-wpli,gated,cnn,False,none
multimodal_psd-fc-wpli_gated_cnn,18,sub29,sub05;sub07;sub08;sub09;sub10;sub11;sub13;sub14;sub15;sub16;sub17;sub18;sub20;sub22;sub24;sub27;sub28,sub01,64,0.0012968467781320214,0.00247384887188673,0.002,1e-05,1.0,1.0,True,False,multimodal,psd-fc-wpli,gated,cnn,False,none
multimodal_psd-fc-wpli_gated_cnn,18,sub29,sub05;sub07;sub08;sub09;sub10;sub11;sub13;sub14;sub15;sub16;sub17;sub18;sub20;sub22;sub24;sub27;sub28,sub01,65,0.0012048545759171247,0.0022645583376288414,0.002,1e-05,1.0,1.0,True,False,multimodal,psd-fc-wpli,gated,cnn,False,none
multimodal_psd-fc-wpli_gated_cnn,18,sub29,sub05;sub07;sub08;sub09;sub10;sub11;sub13;sub14;sub15;sub16;sub17;sub18;sub20;sub22;sub24;sub27;sub28,sub01,66,0.0011236302088946104,0.002077470999211073,0.002,1e-05,1.0,1.0,True,False,multimodal,psd-fc-wpli,gated,cnn,False,none
multimodal_psd-fc-wpli_gated_cnn,18,sub29,sub05;sub07;sub08;sub09;sub10;sub11;sub13;sub14;sub15;sub16;sub17;sub18;sub20;sub22;sub24;sub27;sub28,sub01,67,0.0010515778558328748,0.001911737839691341,0.002,1e-05,1.0,1.0,True,False,multimodal,psd-fc-wpli,gated,cnn,False,none
multimodal_psd-fc-wpli_gated_cnn,18,sub29,sub05;sub07;sub08;sub09;sub10;sub11;sub13;sub14;sub15;sub16;sub17;sub18;sub20;sub22;sub24;sub27;sub28,sub01,68,0.0009872555965557694,0.0017651391681283712,0.002,1e-05,1.0,1.0,True,False,multimodal,psd-fc-wpli,gated,cnn,False,none
multimodal_psd-fc-wpli_gated_cnn,18,sub29,sub05;sub07;sub08;sub09;sub10;sub11;sub13;sub14;sub15;sub16;sub17;sub18;sub20;sub22;sub24;sub27;sub28,sub01,69,0.0009296793141402304,0.0016364725306630135,0.002,1e-05,1.0,1.0,True,False,multimodal,psd-fc-wpli,gated,cnn,False,none
multimodal_psd-fc-wpli_gated_cnn,18,sub29,sub05;sub07;sub08;sub09;sub10;sub11;sub13;sub14;sub15;sub16;sub17;sub18;sub20;sub22;sub24;sub27;sub28,sub01,70,0.0008778921328485012,0.0015298499492928386,0.002,1e-05,1.0,1.0,True,False,multimodal,psd-fc-wpli,gated,cnn,False,none
multimodal_psd-fc-wpli_gated_cnn,18,sub29,sub05;sub07;sub08;sub09;sub10;sub11;sub13;sub14;sub15;sub16;sub17;sub18;sub20;sub22;sub24;sub27;sub28,sub01,71,0.0008311300189234316,0.0014384000096470118,0.002,1e-05,1.0,1.0,True,False,multimodal,psd-fc-wpli,gated,cnn,False,none
multimodal_psd-fc-wpli_gated_cnn,18,sub29,sub05;sub07;sub08;sub09;sub10;sub11;sub13;sub14;sub15;sub16;sub17;sub18;sub20;sub22;sub24;sub27;sub28,sub01,72,0.0007887888350524008,0.0013587761204689741,0.002,1e-05,1.0,1.0,True,False,multimodal,psd-fc-wpli,gated,cnn,False,none
multimodal_psd-fc-wpli_gated_cnn,18,sub29,sub05;sub07;sub08;sub09;sub10;sub11;sub13;sub14;sub15;sub16;sub17;sub18;sub20;sub22;sub24;sub27;sub28,sub01,73,0.0007502181106247008,0.001289483392611146,0.002,1e-05,1.0,1.0,True,False,multimodal,psd-fc-wpli,gated,cnn,False,none
multimodal_psd-fc-wpli_gated_cnn,18,sub29,sub05;sub07;sub08;sub09;sub10;sub11;sub13;sub14;sub15;sub16;sub17;sub18;sub20;sub22;sub24;sub27;sub28,sub01,74,0.0007149641751311719,0.0012297439388930798,0.002,1e-05,1.0,1.0,True,False,multimodal,psd-fc-wpli,gated,cnn,False,none
multimodal_psd-fc-wpli_gated_cnn,18,sub29,sub05;sub07;sub08;sub09;sub10;sub11;sub13;sub14;sub15;sub16;sub17;sub18;sub20;sub22;sub24;sub27;sub28,sub01,75,0.0006826896569691598,0.001178064150735736,0.002,1e-05,1.0,1.0,True,False,multimodal,psd-fc-wpli,gated,cnn,False,none
multimodal_psd-fc-wpli_gated_cnn,18,sub29,sub05;sub07;sub08;sub09;sub10;sub11;sub13;sub14;sub15;sub16;sub17;sub18;sub20;sub22;sub24;sub27;sub28,sub01,76,0.0006530199316330254,0.0011338461190462112,0.002,1e-05,1.0,1.0,True,False,multimodal,psd-fc-wpli,gated,cnn,False,none
multimodal_psd-fc-wpli_gated_cnn,18,sub29,sub05;sub07;sub08;sub09;sub10;sub11;sub13;sub14;sub15;sub16;sub17;sub18;sub20;sub22;sub24;sub27;sub28,sub01,77,0.0006256455671973526,0.0010958951897919178,0.002,1e-05,1.0,1.0,True,False,multimodal,psd-fc-wpli,gated,cnn,False,none
multimodal_psd-fc-wpli_gated_cnn,18,sub29,sub05;sub07;sub08;sub09;sub10;sub11;sub13;sub14;sub15;sub16;sub17;sub18;sub20;sub22;sub24;sub27;sub28,sub01,78,0.0006003525340929627,0.0010631369659677148,0.002,1e-05,1.0,1.0,True,False,multimodal,psd-fc-wpli,gated,cnn,False,none
multimodal_psd-fc-wpli_gated_cnn,18,sub29,sub05;sub07;sub08;sub09;sub10;sub11;sub13;sub14;sub15;sub16;sub17;sub18;sub20;sub22;sub24;sub27;sub28,sub01,79,0.0005769674316979945,0.0010352723766118288,0.002,1e-05,1.0,1.0,True,False,multimodal,psd-fc-wpli,gated,cnn,False,none
multimodal_psd-fc-wpli_gated_cnn,18,sub29,sub05;sub07;sub08;sub09;sub10;sub11;sub13;sub14;sub15;sub16;sub17;sub18;sub20;sub22;sub24;sub27;sub28,sub01,80,0.0005550846690312028,0.0010115851182490587,0.002,1e-05,1.0,1.0,True,False,multimodal,psd-fc-wpli,gated,cnn,False,none
multimodal_psd-fc-wpli_gated_cnn,18,sub29,sub05;sub07;sub08;sub09;sub10;sub11;sub13;sub14;sub15;sub16;sub17;sub18;sub20;sub22;sub24;sub27;sub28,sub01,81,0.0005345945828594267,0.00099028495606035,0.002,1e-05,1.0,1.0,True,False,multimodal,psd-fc-wpli,gated,cnn,False,none
multimodal_psd-fc-wpli_gated_cnn,18,sub29,sub05;sub07;sub08;sub09;sub10;sub11;sub13;sub14;sub15;sub16;sub17;sub18;sub20;sub22;sub24;sub27;sub28,sub01,82,0.0005154100363142788,0.000970834749750793,0.002,1e-05,1.0,1.0,True,False,multimodal,psd-fc-wpli,gated,cnn,False,none
multimodal_psd-fc-wpli_gated_cnn,18,sub29,sub05;sub07;sub08;sub09;sub10;sub11;sub13;sub14;sub15;sub16;sub17;sub18;sub20;sub22;sub24;sub27;sub28,sub01,83,0.0004973559989593923,0.0009535924182273448,0.002,1e-05,1.0,1.0,True,False,multimodal,psd-fc-wpli,gated,cnn,False,none
multimodal_psd-fc-wpli_gated_cnn,18,sub29,sub05;sub07;sub08;sub09;sub10;sub11;sub13;sub14;sub15;sub16;sub17;sub18;sub20;sub22;sub24;sub27;sub28,sub01,84,0.000480266084196046,0.0009373645880259573,0.002,1e-05,1.0,1.0,True,False,multimodal,psd-fc-wpli,gated,cnn,False,none
multimodal_psd-fc-wpli_gated_cnn,18,sub29,sub05;sub07;sub08;sub09;sub10;sub11;sub13;sub14;sub15;sub16;sub17;sub18;sub20;sub22;sub24;sub27;sub28,sub01,85,0.00046410434879362583,0.0009221512591466308,0.002,1e-05,1.0,1.0,True,False,multimodal,psd-fc-wpli,gated,cnn,False,none
multimodal_psd-fc-wpli_gated_cnn,18,sub29,sub05;sub07;sub08;sub09;sub10;sub11;sub13;sub14;sub15;sub16;sub17;sub18;sub20;sub22;sub24;sub27;sub28,sub01,86,0.0004487083060666919,0.0009077137219719589,0.002,1e-05,1.0,1.0,True,False,multimodal,psd-fc-wpli,gated,cnn,False,none
multimodal_psd-fc-wpli_gated_cnn,18,sub29,sub05;sub07;sub08;sub09;sub10;sub11;sub13;sub14;sub15;sub16;sub17;sub18;sub20;sub22;sub24;sub27;sub28,sub01,87,0.0004341409367043525,0.0008944099536165595,0.002,1e-05,1.0,1.0,True,False,multimodal,psd-fc-wpli,gated,cnn,False,none
multimodal_psd-fc-wpli_gated_cnn,18,sub29,sub05;sub07;sub08;sub09;sub10;sub11;sub13;sub14;sub15;sub16;sub17;sub18;sub20;sub22;sub24;sub27;sub28,sub01,88,0.00042017121450044215,0.0008823591051623225,0.002,1e-05,1.0,1.0,True,False,multimodal,psd-fc-wpli,gated,cnn,False,none
multimodal_psd-fc-wpli_gated_cnn,18,sub29,sub05;sub07;sub08;sub09;sub10;sub11;sub13;sub14;sub15;sub16;sub17;sub18;sub20;sub22;sub24;sub27;sub28,sub01,89,0.0004067817353643477,0.0008710242691449821,0.002,1e-05,1.0,1.0,True,False,multimodal,psd-fc-wpli,gated,cnn,False,none
multimodal_psd-fc-wpli_gated_cnn,18,sub29,sub05;sub07;sub08;sub09;sub10;sub11;sub13;sub14;sub15;sub16;sub17;sub18;sub20;sub22;sub24;sub27;sub28,sub01,90,0.00039397767977789044,0.000859033374581486,0.002,1e-05,1.0,1.0,True,False,multimodal,psd-fc-wpli,gated,cnn,False,none
multimodal_psd-fc-wpli_gated_cnn,18,sub29,sub05;sub07;sub08;sub09;sub10;sub11;sub13;sub14;sub15;sub16;sub17;sub18;sub20;sub22;sub24;sub27;sub28,sub01,91,0.0003815923410002142,0.000847102259285748,0.002,1e-05,1.0,1.0,True,False,multimodal,psd-fc-wpli,gated,cnn,False,none
multimodal_psd-fc-wpli_gated_cnn,18,sub29,sub05;sub07;sub08;sub09;sub10;sub11;sub13;sub14;sub15;sub16;sub17;sub18;sub20;sub22;sub24;sub27;sub28,sub01,92,0.00036975039984099567,0.0008360064821317792,0.002,1e-05,1.0,1.0,True,False,multimodal,psd-fc-wpli,gated,cnn,False,none
multimodal_psd-fc-wpli_gated_cnn,18,sub29,sub05;sub07;sub08;sub09;sub10;sub11;sub13;sub14;sub15;sub16;sub17;sub18;sub20;sub22;sub24;sub27;sub28,sub01,93,0.0003583142824936658,0.0008260442409664392,0.002,1e-05,1.0,1.0,True,False,multimodal,psd-fc-wpli,gated,cnn,False,none
multimodal_psd-fc-wpli_gated_cnn,18,sub29,sub05;sub07;sub08;sub09;sub10;sub11;sub13;sub14;sub15;sub16;sub17;sub18;sub20;sub22;sub24;sub27;sub28,sub01,94,0.0003472701646387577,0.0008162610465660691,0.002,1e-05,1.0,1.0,True,False,multimodal,psd-fc-wpli,gated,cnn,False,none
multimodal_psd-fc-wpli_gated_cnn,18,sub29,sub05;sub07;sub08;sub09;sub10;sub11;sub13;sub14;sub15;sub16;sub17;sub18;sub20;sub22;sub24;sub27;sub28,sub01,95,0.00033657028689049184,0.0008063586428761482,0.002,1e-05,1.0,1.0,True,False,multimodal,psd-fc-wpli,gated,cnn,False,none
multimodal_psd-fc-wpli_gated_cnn,18,sub29,sub05;sub07;sub08;sub09;sub10;sub11;sub13;sub14;sub15;sub16;sub17;sub18;sub20;sub22;sub24;sub27;sub28,sub01,96,0.00032621872378513217,0.0007969335420057178,0.002,1e-05,1.0,1.0,True,False,multimodal,psd-fc-wpli,gated,cnn,False,none
multimodal_psd-fc-wpli_gated_cnn,18,sub29,sub05;sub07;sub08;sub09;sub10;sub11;sub13;sub14;sub15;sub16;sub17;sub18;sub20;sub22;sub24;sub27;sub28,sub01,97,0.00031624812982045114,0.0007875682204030454,0.002,1e-05,1.0,1.0,True,False,multimodal,psd-fc-wpli,gated,cnn,False,none
multimodal_psd-fc-wpli_gated_cnn,18,sub29,sub05;sub07;sub08;sub09;sub10;sub11;sub13;sub14;sub15;sub16;sub17;sub18;sub20;sub22;sub24;sub27;sub28,sub01,98,0.0003066226781811565,0.0007768309442326427,0.002,1e-05,1.0,1.0,True,False,multimodal,psd-fc-wpli,gated,cnn,False,none
multimodal_psd-fc-wpli_gated_cnn,18,sub29,sub05;sub07;sub08;sub09;sub10;sub11;sub13;sub14;sub15;sub16;sub17;sub18;sub20;sub22;sub24;sub27;sub28,sub01,99,0.0002972526999656111,0.0007647815509699285,0.002,1e-05,1.0,1.0,True,False,multimodal,psd-fc-wpli,gated,cnn,False,none
multimodal_psd-fc-wpli_gated_cnn,18,sub29,sub05;sub07;sub08;sub09;sub10;sub11;sub13;sub14;sub15;sub16;sub17;sub18;sub20;sub22;sub24;sub27;sub28,sub01,100,0.0002881279797293246,0.0007512410520575941,0.002,1e-05,1.0,1.0,True,False,multimodal,psd-fc-wpli,gated,cnn,False,none
