fold_index,test_subject_id,epoch,objective,feature_kind,n_segments,batch_size,embedding_dim,projection_dim,learning_rate,feature_mask_prob,noise_std,lambda_latent,lambda_local,loss,alignment_loss,masked_latent_loss,local_reconstruction_loss,barlow_on_diag_loss,barlow_off_diag_loss,vicreg_invariance_loss,vicreg_variance_loss,vicreg_covariance_loss,ssl_data_scope,historical_unlabeled_pretraining,run_name,segment_ssl,segment_ssl_objective,segment_ssl_feature_kind,seed,ssl_projection_dim,ssl_feature_mask_prob,ssl_noise_std
0,sub01,1,barlow,fc-wpli,8025,16,32,32,0.001,0.03,0.02,1.0,0.1,1.1082890213010796,0.9076215091692024,0.10347796626299977,0.971895425324421,0.19480320575171192,142.56366372583398,0.0,0.0,0.0,all-patient,True,segssl_barlow_all-patient_fc-wpli_finetune_seed21_pre20_proj32_mask0_03_noise0_02_mlp1_0_sup100_10seed_locked,True,barlow,fc-wpli,21,32,0.03,0.02
0,sub01,2,barlow,fc-wpli,8025,16,32,32,0.001,0.03,0.02,1.0,0.1,0.8532261277337473,0.7363246831286001,0.023968786119939797,0.929326592213604,0.1715268037885806,112.95957819114169,0.0,0.0,0.0,all-patient,True,segssl_barlow_all-patient_fc-wpli_finetune_seed21_pre20_proj32_mask0_03_noise0_02_mlp1_0_sup100_10seed_locked,True,barlow,fc-wpli,21,32,0.03,0.02
0,sub01,3,barlow,fc-wpli,8025,16,32,32,0.001,0.03,0.02,1.0,0.1,0.8016273888696237,0.6921285930501513,0.01803227772275765,0.9146651675501668,0.1577785478974878,106.87001153102435,0.0,0.0,0.0,all-patient,True,segssl_barlow_all-patient_fc-wpli_finetune_seed21_pre20_proj32_mask0_03_noise0_02_mlp1_0_sup100_10seed_locked,True,barlow,fc-wpli,21,32,0.03,0.02
0,sub01,4,barlow,fc-wpli,8025,16,32,32,0.001,0.03,0.02,1.0,0.1,0.7839025789760499,0.6752755058357915,0.017862575462614872,0.9076449874625263,0.1555799849735354,103.93910650428073,0.0,0.0,0.0,all-patient,True,segssl_barlow_all-patient_fc-wpli_finetune_seed21_pre20_proj32_mask0_03_noise0_02_mlp1_0_sup100_10seed_locked,True,barlow,fc-wpli,21,32,0.03,0.02
0,sub01,5,barlow,fc-wpli,8025,16,32,32,0.001,0.03,0.02,1.0,0.1,0.7477672838594809,0.639271245356575,0.018277447299653315,0.9021859185629157,0.14097962742931103,99.65832556006443,0.0,0.0,0.0,all-patient,True,segssl_barlow_all-patient_fc-wpli_finetune_seed21_pre20_proj32_mask0_03_noise0_02_mlp1_0_sup100_10seed_locked,True,barlow,fc-wpli,21,32,0.03,0.02
0,sub01,6,barlow,fc-wpli,8025,16,32,32,0.001,0.03,0.02,1.0,0.1,0.7709358377285688,0.6644032558359473,0.016779581389104226,0.8975300146526549,0.15887624549573245,101.10540440168039,0.0,0.0,0.0,all-patient,True,segssl_barlow_all-patient_fc-wpli_finetune_seed21_pre20_proj32_mask0_03_noise0_02_mlp1_0_sup100_10seed_locked,True,barlow,fc-wpli,21,32,0.03,0.02
0,sub01,7,barlow,fc-wpli,8025,16,32,32,0.001,0.03,0.02,1.0,0.1,0.7391724216035638,0.632311400604913,0.017426848174091354,0.8943417345385153,0.13983576053862953,98.49513004500552,0.0,0.0,0.0,all-patient,True,segssl_barlow_all-patient_fc-wpli_finetune_seed21_pre20_proj32_mask0_03_noise0_02_mlp1_0_sup100_10seed_locked,True,barlow,fc-wpli,21,32,0.03,0.02
0,sub01,8,barlow,fc-wpli,8025,16,32,32,0.001,0.03,0.02,1.0,0.1,0.7313017301350476,0.6255123552929358,0.016751437073209845,0.8903793775702853,0.14576817947681955,95.94883721948145,0.0,0.0,0.0,all-patient,True,segssl_barlow_all-patient_fc-wpli_finetune_seed21_pre20_proj32_mask0_03_noise0_02_mlp1_0_sup100_10seed_locked,True,barlow,fc-wpli,21,32,0.03,0.02
0,sub01,9,barlow,fc-wpli,8025,16,32,32,0.001,0.03,0.02,1.0,0.1,0.711054650554619,0.6054015544306235,0.016675978780267723,0.8897711669068887,0.12893416999887483,95.2934788555738,0.0,0.0,0.0,all-patient,True,segssl_barlow_all-patient_fc-wpli_finetune_seed21_pre20_proj32_mask0_03_noise0_02_mlp1_0_sup100_10seed_locked,True,barlow,fc-wpli,21,32,0.03,0.02
0,sub01,10,barlow,fc-wpli,8025,16,32,32,0.001,0.03,0.02,1.0,0.1,0.7186715604655771,0.6115846048550777,0.018140680761451266,0.8894627410102176,0.14027720863121076,94.26148146367169,0.0,0.0,0.0,all-patient,True,segssl_barlow_all-patient_fc-wpli_finetune_seed21_pre20_proj32_mask0_03_noise0_02_mlp1_0_sup100_10seed_locked,True,barlow,fc-wpli,21,32,0.03,0.02
0,sub01,11,barlow,fc-wpli,8025,16,32,32,0.001,0.03,0.02,1.0,0.1,0.7026820880958283,0.5961484109975427,0.017633677241336777,0.8889999774347739,0.13097223776055916,93.03523696656246,0.0,0.0,0.0,all-patient,True,segssl_barlow_all-patient_fc-wpli_finetune_seed21_pre20_proj32_mask0_03_noise0_02_mlp1_0_sup100_10seed_locked,True,barlow,fc-wpli,21,32,0.03,0.02
0,sub01,12,barlow,fc-wpli,8025,16,32,32,0.001,0.03,0.02,1.0,0.1,0.7189438182163048,0.6119990210490398,0.018064545920170635,0.8888024970354786,0.13836583707331349,94.7266388699353,0.0,0.0,0.0,all-patient,True,segssl_barlow_all-patient_fc-wpli_finetune_seed21_pre20_proj32_mask0_03_noise0_02_mlp1_0_sup100_10seed_locked,True,barlow,fc-wpli,21,32,0.03,0.02
0,sub01,13,barlow,fc-wpli,8025,16,32,32,0.001,0.03,0.02,1.0,0.1,0.704903456734946,0.5979305517032327,0.018202171145207377,0.887707348720011,0.13688686816178336,92.20873892734726,0.0,0.0,0.0,all-patient,True,segssl_barlow_all-patient_fc-wpli_finetune_seed21_pre20_proj32_mask0_03_noise0_02_mlp1_0_sup100_10seed_locked,True,barlow,fc-wpli,21,32,0.03,0.02
0,sub01,14,barlow,fc-wpli,8025,16,32,32,0.001,0.03,0.02,1.0,0.1,0.7199739438604074,0.6122165086616083,0.019031117399375276,0.887263185118299,0.14479691150066706,93.48392138538132,0.0,0.0,0.0,all-patient,True,segssl_barlow_all-patient_fc-wpli_finetune_seed21_pre20_proj32_mask0_03_noise0_02_mlp1_0_sup100_10seed_locked,True,barlow,fc-wpli,21,32,0.03,0.02
0,sub01,15,barlow,fc-wpli,8025,16,32,32,0.001,0.03,0.02,1.0,0.1,0.6873745781729421,0.5789215672182372,0.019831723663436465,0.886212877543324,0.12166259525250087,91.45179648228375,0.0,0.0,0.0,all-patient,True,segssl_barlow_all-patient_fc-wpli_finetune_seed21_pre20_proj32_mask0_03_noise0_02_mlp1_0_sup100_10seed_locked,True,barlow,fc-wpli,21,32,0.03,0.02
0,sub01,16,barlow,fc-wpli,8025,16,32,32,0.001,0.03,0.02,1.0,0.1,0.7019332554117143,0.5947985885390248,0.018654142242978768,0.8848052693315711,0.13625509128372457,91.70870147948246,0.0,0.0,0.0,all-patient,True,segssl_barlow_all-patient_fc-wpli_finetune_seed21_pre20_proj32_mask0_03_noise0_02_mlp1_0_sup100_10seed_locked,True,barlow,fc-wpli,21,32,0.03,0.02
0,sub01,17,barlow,fc-wpli,8025,16,32,32,0.001,0.03,0.02,1.0,0.1,0.7086150656302137,0.598966165842763,0.020940103141435115,0.8870879671725619,0.1355544172839143,92.6823517696791,0.0,0.0,0.0,all-patient,True,segssl_barlow_all-patient_fc-wpli_finetune_seed21_pre20_proj32_mask0_03_noise0_02_mlp1_0_sup100_10seed_locked,True,barlow,fc-wpli,21,32,0.03,0.02
0,sub01,18,barlow,fc-wpli,8025,16,32,32,0.001,0.03,0.02,1.0,0.1,0.6786701577711866,0.5698305326272767,0.020490869582886716,0.8834875443304677,0.12415862849967339,89.13438301542365,0.0,0.0,0.0,all-patient,True,segssl_barlow_all-patient_fc-wpli_finetune_seed21_pre20_proj32_mask0_03_noise0_02_mlp1_0_sup100_10seed_locked,True,barlow,fc-wpli,21,32,0.03,0.02
0,sub01,19,barlow,fc-wpli,8025,16,32,32,0.001,0.03,0.02,1.0,0.1,0.6925012941260736,0.5831886013428054,0.02095738373904589,0.8835530899672869,0.13582631929527572,89.47245814410813,0.0,0.0,0.0,all-patient,True,segssl_barlow_all-patient_fc-wpli_finetune_seed21_pre20_proj32_mask0_03_noise0_02_mlp1_0_sup100_10seed_locked,True,barlow,fc-wpli,21,32,0.03,0.02
0,sub01,20,barlow,fc-wpli,8025,16,32,32,0.001,0.03,0.02,1.0,0.1,0.6803987945218485,0.5690986287308879,0.02280938506601341,0.8849078147297361,0.1209362744422355,89.63247283996338,0.0,0.0,0.0,all-patient,True,segssl_barlow_all-patient_fc-wpli_finetune_seed21_pre20_proj32_mask0_03_noise0_02_mlp1_0_sup100_10seed_locked,True,barlow,fc-wpli,21,32,0.03,0.02
1,sub05,1,barlow,fc-wpli,8026,16,32,32,0.001,0.03,0.02,1.0,0.1,1.1972699780388183,0.8986409975000587,0.20054045640139942,0.9808852403049925,0.1438220041705225,150.96380238324048,0.0,0.0,0.0,all-patient,True,segssl_barlow_all-patient_fc-wpli_finetune_seed21_pre20_proj32_mask0_03_noise0_02_mlp1_0_sup100_10seed_locked,True,barlow,fc-wpli,21,32,0.03,0.02
1,sub05,2,barlow,fc-wpli,8026,16,32,32,0.001,0.03,0.02,1.0,0.1,0.8703952226268343,0.7528818552475052,0.02355473758689911,0.939586295549613,0.15104001702205555,120.36837084644819,0.0,0.0,0.0,all-patient,True,segssl_barlow_all-patient_fc-wpli_finetune_seed21_pre20_proj32_mask0_03_noise0_02_mlp1_0_sup100_10seed_locked,True,barlow,fc-wpli,21,32,0.03,0.02
1,sub05,3,barlow,fc-wpli,8026,16,32,32,0.001,0.03,0.02,1.0,0.1,0.8137441932917591,0.6964496982050132,0.025042087433347664,0.9225240660853595,0.15145745183191858,108.99845208399799,0.0,0.0,0.0,all-patient,True,segssl_barlow_all-patient_fc-wpli_finetune_seed21_pre20_proj32_mask0_03_noise0_02_mlp1_0_sup100_10seed_locked,True,barlow,fc-wpli,21,32,0.03,0.02
1,sub05,4,barlow,fc-wpli,8026,16,32,32,0.001,0.03,0.02,1.0,0.1,0.7894698336304896,0.6760560264031725,0.022362394636845685,0.9105141247173705,0.15574129207376985,104.06294913120954,0.0,0.0,0.0,all-patient,True,segssl_barlow_all-patient_fc-wpli_finetune_seed21_pre20_proj32_mask0_03_noise0_02_mlp1_0_sup100_10seed_locked,True,barlow,fc-wpli,21,32,0.03,0.02
1,sub05,5,barlow,fc-wpli,8026,16,32,32,0.001,0.03,0.02,1.0,0.1,0.7560994704643569,0.6440849732830229,0.02141982198236473,0.9059467462904425,0.14130597133829492,100.55580230348139,0.0,0.0,0.0,all-patient,True,segssl_barlow_all-patient_fc-wpli_finetune_seed21_pre20_proj32_mask0_03_noise0_02_mlp1_0_sup100_10seed_locked,True,barlow,fc-wpli,21,32,0.03,0.02
1,sub05,6,barlow,fc-wpli,8026,16,32,32,0.001,0.03,0.02,1.0,0.1,0.7753530737175884,0.6642666075571599,0.020636691040251835,0.9044977678245757,0.15840613816802637,101.17209581169949,0.0,0.0,0.0,all-patient,True,segssl_barlow_all-patient_fc-wpli_finetune_seed21_pre20_proj32_mask0_03_noise0_02_mlp1_0_sup100_10seed_locked,True,barlow,fc-wpli,21,32,0.03,0.02
1,sub05,7,barlow,fc-wpli,8026,16,32,32,0.001,0.03,0.02,1.0,0.1,0.7761987875775987,0.6635804861427779,0.022319794888515397,0.9029850713997724,0.16127714157207457,100.46067080554734,0.0,0.0,0.0,all-patient,True,segssl_barlow_all-patient_fc-wpli_finetune_seed21_pre20_proj32_mask0_03_noise0_02_mlp1_0_sup100_10seed_locked,True,barlow,fc-wpli,21,32,0.03,0.02
1,sub05,8,barlow,fc-wpli,8026,16,32,32,0.001,0.03,0.02,1.0,0.1,0.75337601040464,0.6398491842219554,0.023391222336377755,0.9013560145974634,0.15394461858879396,97.18091530058963,0.0,0.0,0.0,all-patient,True,segssl_barlow_all-patient_fc-wpli_finetune_seed21_pre20_proj32_mask0_03_noise0_02_mlp1_0_sup100_10seed_locked,True,barlow,fc-wpli,21,32,0.03,0.02
1,sub05,9,barlow,fc-wpli,8026,16,32,32,0.001,0.03,0.02,1.0,0.1,0.7649806527739977,0.6490119080619509,0.025946073085663327,0.9002267036779943,0.1648680465302868,96.82877486635489,0.0,0.0,0.0,all-patient,True,segssl_barlow_all-patient_fc-wpli_finetune_seed21_pre20_proj32_mask0_03_noise0_02_mlp1_0_sup100_10seed_locked,True,barlow,fc-wpli,21,32,0.03,0.02
1,sub05,10,barlow,fc-wpli,8026,16,32,32,0.001,0.03,0.02,1.0,0.1,0.7116674744037993,0.597938062066576,0.024164488116108565,0.8956492311688533,0.1303158467150835,93.52444530958198,0.0,0.0,0.0,all-patient,True,segssl_barlow_all-patient_fc-wpli_finetune_seed21_pre20_proj32_mask0_03_noise0_02_mlp1_0_sup100_10seed_locked,True,barlow,fc-wpli,21,32,0.03,0.02
1,sub05,11,barlow,fc-wpli,8026,16,32,32,0.001,0.03,0.02,1.0,0.1,0.7104766031660407,0.5975348313016245,0.02344193306577158,0.8949983848993521,0.13280166011276762,92.94663639752514,0.0,0.0,0.0,all-patient,True,segssl_barlow_all-patient_fc-wpli_finetune_seed21_pre20_proj32_mask0_03_noise0_02_mlp1_0_sup100_10seed_locked,True,barlow,fc-wpli,21,32,0.03,0.02
1,sub05,12,barlow,fc-wpli,8026,16,32,32,0.001,0.03,0.02,1.0,0.1,0.7371111539493044,0.622151324770365,0.025396403325981354,0.8956342572235017,0.15443946091820898,93.54237493385831,0.0,0.0,0.0,all-patient,True,segssl_barlow_all-patient_fc-wpli_finetune_seed21_pre20_proj32_mask0_03_noise0_02_mlp1_0_sup100_10seed_locked,True,barlow,fc-wpli,21,32,0.03,0.02
1,sub05,13,barlow,fc-wpli,8026,16,32,32,0.001,0.03,0.02,1.0,0.1,0.7403374285811922,0.6229454679674361,0.02794836431860449,0.8944359642575936,0.15385461803892092,93.81817216607205,0.0,0.0,0.0,all-patient,True,segssl_barlow_all-patient_fc-wpli_finetune_seed21_pre20_proj32_mask0_03_noise0_02_mlp1_0_sup100_10seed_locked,True,barlow,fc-wpli,21,32,0.03,0.02
1,sub05,14,barlow,fc-wpli,8026,16,32,32,0.001,0.03,0.02,1.0,0.1,0.7343460288180773,0.6189328014731882,0.02599040018134858,0.8942282766222479,0.15416164609221059,92.95423328354065,0.0,0.0,0.0,all-patient,True,segssl_barlow_all-patient_fc-wpli_finetune_seed21_pre20_proj32_mask0_03_noise0_02_mlp1_0_sup100_10seed_locked,True,barlow,fc-wpli,21,32,0.03,0.02
1,sub05,15,barlow,fc-wpli,8026,16,32,32,0.001,0.03,0.02,1.0,0.1,0.7025476494039672,0.5879193482052283,0.025279314869428537,0.8934898508259974,0.13728943083560988,90.12598543813029,0.0,0.0,0.0,all-patient,True,segssl_barlow_all-patient_fc-wpli_finetune_seed21_pre20_proj32_mask0_03_noise0_02_mlp1_0_sup100_10seed_locked,True,barlow,fc-wpli,21,32,0.03,0.02
1,sub05,16,barlow,fc-wpli,8026,16,32,32,0.001,0.03,0.02,1.0,0.1,0.724837583968364,0.6119185953857414,0.023757103667316207,0.8916188414353299,0.15162745286386825,92.05823070024589,0.0,0.0,0.0,all-patient,True,segssl_barlow_all-patient_fc-wpli_finetune_seed21_pre20_proj32_mask0_03_noise0_02_mlp1_0_sup100_10seed_locked,True,barlow,fc-wpli,21,32,0.03,0.02
1,sub05,17,barlow,fc-wpli,8026,16,32,32,0.001,0.03,0.02,1.0,0.1,0.6999610343658592,0.5850065862277589,0.025933849859047696,0.8902059826717909,0.13395534602060646,90.21025001860235,0.0,0.0,0.0,all-patient,True,segssl_barlow_all-patient_fc-wpli_finetune_seed21_pre20_proj32_mask0_03_noise0_02_mlp1_0_sup100_10seed_locked,True,barlow,fc-wpli,21,32,0.03,0.02
1,sub05,18,barlow,fc-wpli,8026,16,32,32,0.001,0.03,0.02,1.0,0.1,0.6973403280237281,0.5799117593532539,0.02825193386153871,0.8917663499891045,0.1356082237717525,88.86070892820321,0.0,0.0,0.0,all-patient,True,segssl_barlow_all-patient_fc-wpli_finetune_seed21_pre20_proj32_mask0_03_noise0_02_mlp1_0_sup100_10seed_locked,True,barlow,fc-wpli,21,32,0.03,0.02
1,sub05,19,barlow,fc-wpli,8026,16,32,32,0.001,0.03,0.02,1.0,0.1,0.7059492373846442,0.5897416616697235,0.027137139878899926,0.8907043667903459,0.14615708902646116,88.71691654402896,0.0,0.0,0.0,all-patient,True,segssl_barlow_all-patient_fc-wpli_finetune_seed21_pre20_proj32_mask0_03_noise0_02_mlp1_0_sup100_10seed_locked,True,barlow,fc-wpli,21,32,0.03,0.02
1,sub05,20,barlow,fc-wpli,8026,16,32,32,0.001,0.03,0.02,1.0,0.1,0.6838418895979802,0.5700462036636246,0.024780069926820428,0.8901561616188977,0.12879201775046614,88.2508394461704,0.0,0.0,0.0,all-patient,True,segssl_barlow_all-patient_fc-wpli_finetune_seed21_pre20_proj32_mask0_03_noise0_02_mlp1_0_sup100_10seed_locked,True,barlow,fc-wpli,21,32,0.03,0.02
2,sub07,1,barlow,fc-wpli,8026,16,32,32,0.001,0.03,0.02,1.0,0.1,1.1458136281406737,0.9178578097269354,0.12995141459651202,0.9800440271299674,0.1757571198587933,148.42014144046374,0.0,0.0,0.0,all-patient,True,segssl_barlow_all-patient_fc-wpli_finetune_seed21_pre20_proj32_mask0_03_noise0_02_mlp1_0_sup100_10seed_locked,True,barlow,fc-wpli,21,32,0.03,0.02
2,sub07,2,barlow,fc-wpli,8026,16,32,32,0.001,0.03,0.02,1.0,0.1,0.858585591453955,0.7419370298247888,0.022753054164795287,0.938955084142457,0.15388428099987753,117.61055235843735,0.0,0.0,0.0,all-patient,True,segssl_barlow_all-patient_fc-wpli_finetune_seed21_pre20_proj32_mask0_03_noise0_02_mlp1_0_sup100_10seed_locked,True,barlow,fc-wpli,21,32,0.03,0.02
2,sub07,3,barlow,fc-wpli,8026,16,32,32,0.001,0.03,0.02,1.0,0.1,0.825218110089283,0.7120666268218561,0.021191760125863126,0.9195972311781697,0.16065788546723658,110.28175060682563,0.0,0.0,0.0,all-patient,True,segssl_barlow_all-patient_fc-wpli_finetune_seed21_pre20_proj32_mask0_03_noise0_02_mlp1_0_sup100_10seed_locked,True,barlow,fc-wpli,21,32,0.03,0.02
2,sub07,4,barlow,fc-wpli,8026,16,32,32,0.001,0.03,0.02,1.0,0.1,0.7943755151978527,0.684151656005487,0.019412731744378686,0.9081112719864485,0.15133097422874137,106.56413869363853,0.0,0.0,0.0,all-patient,True,segssl_barlow_all-patient_fc-wpli_finetune_seed21_pre20_proj32_mask0_03_noise0_02_mlp1_0_sup100_10seed_locked,True,barlow,fc-wpli,21,32,0.03,0.02
2,sub07,5,barlow,fc-wpli,8026,16,32,32,0.001,0.03,0.02,1.0,0.1,0.7703437033402493,0.6591893154311466,0.02054067128208054,0.9061371605709729,0.13888677794405582,104.06050977668914,0.0,0.0,0.0,all-patient,True,segssl_barlow_all-patient_fc-wpli_finetune_seed21_pre20_proj32_mask0_03_noise0_02_mlp1_0_sup100_10seed_locked,True,barlow,fc-wpli,21,32,0.03,0.02
2,sub07,6,barlow,fc-wpli,8026,16,32,32,0.001,0.03,0.02,1.0,0.1,0.7504791586522562,0.6388021051527495,0.02160439619505073,0.9007265755379817,0.13866211278493928,100.02800091139349,0.0,0.0,0.0,all-patient,True,segssl_barlow_all-patient_fc-wpli_finetune_seed21_pre20_proj32_mask0_03_noise0_02_mlp1_0_sup100_10seed_locked,True,barlow,fc-wpli,21,32,0.03,0.02
2,sub07,7,barlow,fc-wpli,8026,16,32,32,0.001,0.03,0.02,1.0,0.1,0.7552810335064314,0.6451389165038607,0.020153911465192697,0.8998820400570493,0.1462141365706605,99.78495823529612,0.0,0.0,0.0,all-patient,True,segssl_barlow_all-patient_fc-wpli_finetune_seed21_pre20_proj32_mask0_03_noise0_02_mlp1_0_sup100_10seed_locked,True,barlow,fc-wpli,21,32,0.03,0.02
2,sub07,8,barlow,fc-wpli,8026,16,32,32,0.001,0.03,0.02,1.0,0.1,0.745988146420494,0.6360713010171495,0.02023193940698388,0.896849055807904,0.15181274563737354,96.85171324893298,0.0,0.0,0.0,all-patient,True,segssl_barlow_all-patient_fc-wpli_finetune_seed21_pre20_proj32_mask0_03_noise0_02_mlp1_0_sup100_10seed_locked,True,barlow,fc-wpli,21,32,0.03,0.02
2,sub07,9,barlow,fc-wpli,8026,16,32,32,0.001,0.03,0.02,1.0,0.1,0.7397186500855176,0.6317348464195471,0.01846420337479428,0.8951960114606348,0.14673567875146967,96.99983601361157,0.0,0.0,0.0,all-patient,True,segssl_barlow_all-patient_fc-wpli_finetune_seed21_pre20_proj32_mask0_03_noise0_02_mlp1_0_sup100_10seed_locked,True,barlow,fc-wpli,21,32,0.03,0.02
2,sub07,10,barlow,fc-wpli,8026,16,32,32,0.001,0.03,0.02,1.0,0.1,0.7171914595294284,0.6072206176015961,0.020622952525834164,0.8934788897455451,0.12874043454795026,95.69603876668619,0.0,0.0,0.0,all-patient,True,segssl_barlow_all-patient_fc-wpli_finetune_seed21_pre20_proj32_mask0_03_noise0_02_mlp1_0_sup100_10seed_locked,True,barlow,fc-wpli,21,32,0.03,0.02
2,sub07,11,barlow,fc-wpli,8026,16,32,32,0.001,0.03,0.02,1.0,0.1,0.7372927671647167,0.6285664503317905,0.01943485694102557,0.8929145898951952,0.15248246367026372,95.21679942826351,0.0,0.0,0.0,all-patient,True,segssl_barlow_all-patient_fc-wpli_finetune_seed21_pre20_proj32_mask0_03_noise0_02_mlp1_0_sup100_10seed_locked,True,barlow,fc-wpli,21,32,0.03,0.02
2,sub07,12,barlow,fc-wpli,8026,16,32,32,0.001,0.03,0.02,1.0,0.1,0.7133724411051586,0.6045797334842948,0.019602553303023258,0.8919015438908124,0.13945390082560888,93.02516867345072,0.0,0.0,0.0,all-patient,True,segssl_barlow_all-patient_fc-wpli_finetune_seed21_pre20_proj32_mask0_03_noise0_02_mlp1_0_sup100_10seed_locked,True,barlow,fc-wpli,21,32,0.03,0.02
2,sub07,13,barlow,fc-wpli,8026,16,32,32,0.001,0.03,0.02,1.0,0.1,0.720485171236365,0.6117623484585865,0.019457764834521777,0.8926505669654603,0.13925749631468726,94.5009724286448,0.0,0.0,0.0,all-patient,True,segssl_barlow_all-patient_fc-wpli_finetune_seed21_pre20_proj32_mask0_03_noise0_02_mlp1_0_sup100_10seed_locked,True,barlow,fc-wpli,21,32,0.03,0.02
2,sub07,14,barlow,fc-wpli,8026,16,32,32,0.001,0.03,0.02,1.0,0.1,0.7083808137957318,0.600198159714144,0.01900910523783163,0.8917354792950163,0.1376823907927007,92.50315578810248,0.0,0.0,0.0,all-patient,True,segssl_barlow_all-patient_fc-wpli_finetune_seed21_pre20_proj32_mask0_03_noise0_02_mlp1_0_sup100_10seed_locked,True,barlow,fc-wpli,21,32,0.03,0.02
2,sub07,15,barlow,fc-wpli,8026,16,32,32,0.001,0.03,0.02,1.0,0.1,0.7084554410075762,0.5986759511241875,0.020782848753302222,0.8899664116570674,0.13671776912647274,92.3916384632369,0.0,0.0,0.0,all-patient,True,segssl_barlow_all-patient_fc-wpli_finetune_seed21_pre20_proj32_mask0_03_noise0_02_mlp1_0_sup100_10seed_locked,True,barlow,fc-wpli,21,32,0.03,0.02
2,sub07,16,barlow,fc-wpli,8026,16,32,32,0.001,0.03,0.02,1.0,0.1,0.6830007223137822,0.5729970695131803,0.021065282869149014,0.8893837033514957,0.1234428742919043,89.91084105655017,0.0,0.0,0.0,all-patient,True,segssl_barlow_all-patient_fc-wpli_finetune_seed21_pre20_proj32_mask0_03_noise0_02_mlp1_0_sup100_10seed_locked,True,barlow,fc-wpli,21,32,0.03,0.02
2,sub07,17,barlow,fc-wpli,8026,16,32,32,0.001,0.03,0.02,1.0,0.1,0.7029259854341409,0.5943414285719633,0.019711689170138293,0.8887286727646907,0.13726785388996404,91.414716986546,0.0,0.0,0.0,all-patient,True,segssl_barlow_all-patient_fc-wpli_finetune_seed21_pre20_proj32_mask0_03_noise0_02_mlp1_0_sup100_10seed_locked,True,barlow,fc-wpli,21,32,0.03,0.02
2,sub07,18,barlow,fc-wpli,8026,16,32,32,0.001,0.03,0.02,1.0,0.1,0.6873610850824303,0.5763355242422378,0.02216454022434128,0.888610204258763,0.12781701242621707,89.70370425646048,0.0,0.0,0.0,all-patient,True,segssl_barlow_all-patient_fc-wpli_finetune_seed21_pre20_proj32_mask0_03_noise0_02_mlp1_0_sup100_10seed_locked,True,barlow,fc-wpli,21,32,0.03,0.02
2,sub07,19,barlow,fc-wpli,8026,16,32,32,0.001,0.03,0.02,1.0,0.1,0.6967542248061929,0.5871923288026178,0.020850249258170566,0.8871164646044195,0.13769389941418297,89.8996883407532,0.0,0.0,0.0,all-patient,True,segssl_barlow_all-patient_fc-wpli_finetune_seed21_pre20_proj32_mask0_03_noise0_02_mlp1_0_sup100_10seed_locked,True,barlow,fc-wpli,21,32,0.03,0.02
2,sub07,20,barlow,fc-wpli,8026,16,32,32,0.001,0.03,0.02,1.0,0.1,0.69067348082702,0.5811426120687766,0.020809128464930562,0.8872174163501101,0.13421161148481003,89.38620223087143,0.0,0.0,0.0,all-patient,True,segssl_barlow_all-patient_fc-wpli_finetune_seed21_pre20_proj32_mask0_03_noise0_02_mlp1_0_sup100_10seed_locked,True,barlow,fc-wpli,21,32,0.03,0.02
3,sub08,1,barlow,fc-wpli,8053,16,32,32,0.001,0.03,0.02,1.0,0.1,1.0781088210051022,0.860865622522339,0.11939581566386753,0.978473845691908,0.16584182532951383,139.0047625738477,0.0,0.0,0.0,all-patient,True,segssl_barlow_all-patient_fc-wpli_finetune_seed21_pre20_proj32_mask0_03_noise0_02_mlp1_0_sup100_10seed_locked,True,barlow,fc-wpli,21,32,0.03,0.02
3,sub08,2,barlow,fc-wpli,8053,16,32,32,0.001,0.03,0.02,1.0,0.1,0.8814260039537672,0.7710313637341771,0.016181265077893695,0.9421337701025463,0.1583314068984547,122.53999434577094,0.0,0.0,0.0,all-patient,True,segssl_barlow_all-patient_fc-wpli_finetune_seed21_pre20_proj32_mask0_03_noise0_02_mlp1_0_sup100_10seed_locked,True,barlow,fc-wpli,21,32,0.03,0.02
3,sub08,3,barlow,fc-wpli,8053,16,32,32,0.001,0.03,0.02,1.0,0.1,0.8310985749676114,0.7260745533756794,0.012462624718272497,0.9256139668443847,0.16456099333392182,112.30271448407855,0.0,0.0,0.0,all-patient,True,segssl_barlow_all-patient_fc-wpli_finetune_seed21_pre20_proj32_mask0_03_noise0_02_mlp1_0_sup100_10seed_locked,True,barlow,fc-wpli,21,32,0.03,0.02
3,sub08,4,barlow,fc-wpli,8053,16,32,32,0.001,0.03,0.02,1.0,0.1,0.770577589670817,0.6685872108099007,0.010832067046846663,0.9115830933054289,0.14753595573179948,104.21025348844982,0.0,0.0,0.0,all-patient,True,segssl_barlow_all-patient_fc-wpli_finetune_seed21_pre20_proj32_mask0_03_noise0_02_mlp1_0_sup100_10seed_locked,True,barlow,fc-wpli,21,32,0.03,0.02
3,sub08,5,barlow,fc-wpli,8053,16,32,32,0.001,0.03,0.02,1.0,0.1,0.7820820508022157,0.6801819982273238,0.01108042351783268,0.9081962949463299,0.16015484897717316,104.00543214404394,0.0,0.0,0.0,all-patient,True,segssl_barlow_all-patient_fc-wpli_finetune_seed21_pre20_proj32_mask0_03_noise0_02_mlp1_0_sup100_10seed_locked,True,barlow,fc-wpli,21,32,0.03,0.02
3,sub08,6,barlow,fc-wpli,8053,16,32,32,0.001,0.03,0.02,1.0,0.1,0.78247553121949,0.6816519304282136,0.010456501018433343,0.9036710058885907,0.16131969072508612,104.06645046718536,0.0,0.0,0.0,all-patient,True,segssl_barlow_all-patient_fc-wpli_finetune_seed21_pre20_proj32_mask0_03_noise0_02_mlp1_0_sup100_10seed_locked,True,barlow,fc-wpli,21,32,0.03,0.02
3,sub08,7,barlow,fc-wpli,8053,16,32,32,0.001,0.03,0.02,1.0,0.1,0.7474489983112093,0.6459827312519626,0.011386782640502566,0.9007948425317568,0.14876986518506854,99.44257542443654,0.0,0.0,0.0,all-patient,True,segssl_barlow_all-patient_fc-wpli_finetune_seed21_pre20_proj32_mask0_03_noise0_02_mlp1_0_sup100_10seed_locked,True,barlow,fc-wpli,21,32,0.03,0.02
3,sub08,8,barlow,fc-wpli,8053,16,32,32,0.001,0.03,0.02,1.0,0.1,0.7301746604461519,0.6292915181626403,0.011139125341460818,0.8974401794728779,0.1372710581023952,98.4040943630158,0.0,0.0,0.0,all-patient,True,segssl_barlow_all-patient_fc-wpli_finetune_seed21_pre20_proj32_mask0_03_noise0_02_mlp1_0_sup100_10seed_locked,True,barlow,fc-wpli,21,32,0.03,0.02
3,sub08,9,barlow,fc-wpli,8053,16,32,32,0.001,0.03,0.02,1.0,0.1,0.7462913450149317,0.6436495628976633,0.012650088185355776,0.8999169293850188,0.13630200864812766,101.46951318165613,0.0,0.0,0.0,all-patient,True,segssl_barlow_all-patient_fc-wpli_finetune_seed21_pre20_proj32_mask0_03_noise0_02_mlp1_0_sup100_10seed_locked,True,barlow,fc-wpli,21,32,0.03,0.02
3,sub08,10,barlow,fc-wpli,8053,16,32,32,0.001,0.03,0.02,1.0,0.1,0.8096500273261752,0.7072170787742214,0.012226737207836576,0.902062124321385,0.18324583015471166,104.79425203232537,0.0,0.0,0.0,all-patient,True,segssl_barlow_all-patient_fc-wpli_finetune_seed21_pre20_proj32_mask0_03_noise0_02_mlp1_0_sup100_10seed_locked,True,barlow,fc-wpli,21,32,0.03,0.02
3,sub08,11,barlow,fc-wpli,8053,16,32,32,0.001,0.03,0.02,1.0,0.1,0.7278008960660488,0.6258512953562396,0.01260229211951059,0.8934730719479304,0.13789598647648715,97.59106408982049,0.0,0.0,0.0,all-patient,True,segssl_barlow_all-patient_fc-wpli_finetune_seed21_pre20_proj32_mask0_03_noise0_02_mlp1_0_sup100_10seed_locked,True,barlow,fc-wpli,21,32,0.03,0.02
3,sub08,12,barlow,fc-wpli,8053,16,32,32,0.001,0.03,0.02,1.0,0.1,0.7245356135425114,0.6229047770538028,0.012607923575810023,0.8902291305481441,0.14344143672473914,95.89266999562581,0.0,0.0,0.0,all-patient,True,segssl_barlow_all-patient_fc-wpli_finetune_seed21_pre20_proj32_mask0_03_noise0_02_mlp1_0_sup100_10seed_locked,True,barlow,fc-wpli,21,32,0.03,0.02
3,sub08,13,barlow,fc-wpli,8053,16,32,32,0.001,0.03,0.02,1.0,0.1,0.7257947435691243,0.6225132208967966,0.014217872231725662,0.8906365051155999,0.14317309310787268,95.86802752055819,0.0,0.0,0.0,all-patient,True,segssl_barlow_all-patient_fc-wpli_finetune_seed21_pre20_proj32_mask0_03_noise0_02_mlp1_0_sup100_10seed_locked,True,barlow,fc-wpli,21,32,0.03,0.02
3,sub08,14,barlow,fc-wpli,8053,16,32,32,0.001,0.03,0.02,1.0,0.1,0.7245027861661382,0.6203979794231672,0.015226009109663584,0.88878797101123,0.14827588833150146,94.42442025078668,0.0,0.0,0.0,all-patient,True,segssl_barlow_all-patient_fc-wpli_finetune_seed21_pre20_proj32_mask0_03_noise0_02_mlp1_0_sup100_10seed_locked,True,barlow,fc-wpli,21,32,0.03,0.02
3,sub08,15,barlow,fc-wpli,8053,16,32,32,0.001,0.03,0.02,1.0,0.1,0.7275798549018209,0.6249447328348955,0.013938828356682307,0.8869629490470129,0.15611816853959767,93.76531511639791,0.0,0.0,0.0,all-patient,True,segssl_barlow_all-patient_fc-wpli_finetune_seed21_pre20_proj32_mask0_03_noise0_02_mlp1_0_sup100_10seed_locked,True,barlow,fc-wpli,21,32,0.03,0.02
3,sub08,16,barlow,fc-wpli,8053,16,32,32,0.001,0.03,0.02,1.0,0.1,0.7045676896259898,0.6004449600383402,0.015443009753075857,0.886797193969999,0.13694492282830031,92.70000945197211,0.0,0.0,0.0,all-patient,True,segssl_barlow_all-patient_fc-wpli_finetune_seed21_pre20_proj32_mask0_03_noise0_02_mlp1_0_sup100_10seed_locked,True,barlow,fc-wpli,21,32,0.03,0.02
3,sub08,17,barlow,fc-wpli,8053,16,32,32,0.001,0.03,0.02,1.0,0.1,0.6934373385258137,0.5885140335276013,0.016324771775139704,0.8859853283280418,0.1326221336923828,91.17838204096235,0.0,0.0,0.0,all-patient,True,segssl_barlow_all-patient_fc-wpli_finetune_seed21_pre20_proj32_mask0_03_noise0_02_mlp1_0_sup100_10seed_locked,True,barlow,fc-wpli,21,32,0.03,0.02
3,sub08,18,barlow,fc-wpli,8053,16,32,32,0.001,0.03,0.02,1.0,0.1,0.7056694642773697,0.6001089308115225,0.016909956695541503,0.8865057656925822,0.13521844955504916,92.97809838491773,0.0,0.0,0.0,all-patient,True,segssl_barlow_all-patient_fc-wpli_finetune_seed21_pre20_proj32_mask0_03_noise0_02_mlp1_0_sup100_10seed_locked,True,barlow,fc-wpli,21,32,0.03,0.02
3,sub08,19,barlow,fc-wpli,8053,16,32,32,0.001,0.03,0.02,1.0,0.1,0.7094087394338752,0.6051934005485641,0.01569225343446883,0.8852308608946347,0.14482088712259336,92.07450450412811,0.0,0.0,0.0,all-patient,True,segssl_barlow_all-patient_fc-wpli_finetune_seed21_pre20_proj32_mask0_03_noise0_02_mlp1_0_sup100_10seed_locked,True,barlow,fc-wpli,21,32,0.03,0.02
3,sub08,20,barlow,fc-wpli,8053,16,32,32,0.001,0.03,0.02,1.0,0.1,0.7196765653789043,0.6102387643167897,0.02065795541755737,0.8877984498228345,0.15672929105598346,90.7018962587629,0.0,0.0,0.0,all-patient,True,segssl_barlow_all-patient_fc-wpli_finetune_seed21_pre20_proj32_mask0_03_noise0_02_mlp1_0_sup100_10seed_locked,True,barlow,fc-wpli,21,32,0.03,0.02
4,sub09,1,barlow,fc-wpli,8114,16,32,32,0.001,0.03,0.02,1.0,0.1,1.1211850150363651,0.9082268164383145,0.11500489336299145,0.9795330405000626,0.1848434365964513,144.67667913061427,0.0,0.0,0.0,all-patient,True,segssl_barlow_all-patient_fc-wpli_finetune_seed21_pre20_proj32_mask0_03_noise0_02_mlp1_0_sup100_10seed_locked,True,barlow,fc-wpli,21,32,0.03,0.02
4,sub09,2,barlow,fc-wpli,8114,16,32,32,0.001,0.03,0.02,1.0,0.1,0.8651715248353838,0.746108018331171,0.02479147300945492,0.9427203491447479,0.14580406682790392,120.06079269769623,0.0,0.0,0.0,all-patient,True,segssl_barlow_all-patient_fc-wpli_finetune_seed21_pre20_proj32_mask0_03_noise0_02_mlp1_0_sup100_10seed_locked,True,barlow,fc-wpli,21,32,0.03,0.02
4,sub09,3,barlow,fc-wpli,8114,16,32,32,0.001,0.03,0.02,1.0,0.1,0.8723484026634787,0.7638414150734586,0.0159775983160875,0.9252938680996107,0.2013601077966645,112.49626454030435,0.0,0.0,0.0,all-patient,True,segssl_barlow_all-patient_fc-wpli_finetune_seed21_pre20_proj32_mask0_03_noise0_02_mlp1_0_sup100_10seed_locked,True,barlow,fc-wpli,21,32,0.03,0.02
4,sub09,4,barlow,fc-wpli,8114,16,32,32,0.001,0.03,0.02,1.0,0.1,0.7939804413421886,0.6866586938735069,0.01581969880682277,0.915020503397063,0.15074290502766022,107.18315994082474,0.0,0.0,0.0,all-patient,True,segssl_barlow_all-patient_fc-wpli_finetune_seed21_pre20_proj32_mask0_03_noise0_02_mlp1_0_sup100_10seed_locked,True,barlow,fc-wpli,21,32,0.03,0.02
4,sub09,5,barlow,fc-wpli,8114,16,32,32,0.001,0.03,0.02,1.0,0.1,0.8274388515104459,0.7206054055315303,0.015842695874492014,0.9099074802764757,0.18579597651349347,106.96188820065476,0.0,0.0,0.0,all-patient,True,segssl_barlow_all-patient_fc-wpli_finetune_seed21_pre20_proj32_mask0_03_noise0_02_mlp1_0_sup100_10seed_locked,True,barlow,fc-wpli,21,32,0.03,0.02
4,sub09,6,barlow,fc-wpli,8114,16,32,32,0.001,0.03,0.02,1.0,0.1,0.8383058796482762,0.7302539400815025,0.017673896992300438,0.9037804215207813,0.21565016112659277,102.92075759407103,0.0,0.0,0.0,all-patient,True,segssl_barlow_all-patient_fc-wpli_finetune_seed21_pre20_proj32_mask0_03_noise0_02_mlp1_0_sup100_10seed_locked,True,barlow,fc-wpli,21,32,0.03,0.02
4,sub09,7,barlow,fc-wpli,8114,16,32,32,0.001,0.03,0.02,1.0,0.1,0.8554115151091823,0.7463704006174418,0.018661710455661683,0.9037939800521521,0.23388267922587327,102.49754717969519,0.0,0.0,0.0,all-patient,True,segssl_barlow_all-patient_fc-wpli_finetune_seed21_pre20_proj32_mask0_03_noise0_02_mlp1_0_sup100_10seed_locked,True,barlow,fc-wpli,21,32,0.03,0.02
4,sub09,8,barlow,fc-wpli,8114,16,32,32,0.001,0.03,0.02,1.0,0.1,0.7856189779878602,0.6731257907400919,0.02225464981371962,0.9023853779777767,0.15321284855277537,103.98259081802969,0.0,0.0,0.0,all-patient,True,segssl_barlow_all-patient_fc-wpli_finetune_seed21_pre20_proj32_mask0_03_noise0_02_mlp1_0_sup100_10seed_locked,True,barlow,fc-wpli,21,32,0.03,0.02
4,sub09,9,barlow,fc-wpli,8114,16,32,32,0.001,0.03,0.02,1.0,0.1,0.8540404099883057,0.742382473598315,0.02182695762378963,0.8983097553957166,0.24561358903975622,99.35377900431476,0.0,0.0,0.0,all-patient,True,segssl_barlow_all-patient_fc-wpli_finetune_seed21_pre20_proj32_mask0_03_noise0_02_mlp1_0_sup100_10seed_locked,True,barlow,fc-wpli,21,32,0.03,0.02
4,sub09,10,barlow,fc-wpli,8114,16,32,32,0.001,0.03,0.02,1.0,0.1,0.7529794086856166,0.6420129306438401,0.021296946317192138,0.896695311379245,0.15553537666555642,97.29551298787274,0.0,0.0,0.0,all-patient,True,segssl_barlow_all-patient_fc-wpli_finetune_seed21_pre20_proj32_mask0_03_noise0_02_mlp1_0_sup100_10seed_locked,True,barlow,fc-wpli,21,32,0.03,0.02
4,sub09,11,barlow,fc-wpli,8114,16,32,32,0.001,0.03,0.02,1.0,0.1,0.7517330509236478,0.6411063482794236,0.020986547150949792,0.8964015681912579,0.1533595474918582,97.54936248298705,0.0,0.0,0.0,all-patient,True,segssl_barlow_all-patient_fc-wpli_finetune_seed21_pre20_proj32_mask0_03_noise0_02_mlp1_0_sup100_10seed_locked,True,barlow,fc-wpli,21,32,0.03,0.02
4,sub09,12,barlow,fc-wpli,8114,16,32,32,0.001,0.03,0.02,1.0,0.1,0.7336939218945391,0.6217472947488619,0.022582570164222417,0.8936405618359723,0.14979454839746945,94.39055133429099,0.0,0.0,0.0,all-patient,True,segssl_barlow_all-patient_fc-wpli_finetune_seed21_pre20_proj32_mask0_03_noise0_02_mlp1_0_sup100_10seed_locked,True,barlow,fc-wpli,21,32,0.03,0.02
4,sub09,13,barlow,fc-wpli,8114,16,32,32,0.001,0.03,0.02,1.0,0.1,0.739261614642744,0.6243190725487987,0.02556403955136697,0.893785053468126,0.15132503302865954,94.59881000068243,0.0,0.0,0.0,all-patient,True,segssl_barlow_all-patient_fc-wpli_finetune_seed21_pre20_proj32_mask0_03_noise0_02_mlp1_0_sup100_10seed_locked,True,barlow,fc-wpli,21,32,0.03,0.02
4,sub09,14,barlow,fc-wpli,8114,16,32,32,0.001,0.03,0.02,1.0,0.1,0.7450933826016629,0.6309314630632326,0.02480035339753459,0.8936156732594873,0.15624586379914748,94.93712156400906,0.0,0.0,0.0,all-patient,True,segssl_barlow_all-patient_fc-wpli_finetune_seed21_pre20_proj32_mask0_03_noise0_02_mlp1_0_sup100_10seed_locked,True,barlow,fc-wpli,21,32,0.03,0.02
4,sub09,15,barlow,fc-wpli,8114,16,32,32,0.001,0.03,0.02,1.0,0.1,0.7467353365083379,0.63146268570517,0.025933554088036846,0.8933909916736948,0.16469135329353726,93.3542682767853,0.0,0.0,0.0,all-patient,True,segssl_barlow_all-patient_fc-wpli_finetune_seed21_pre20_proj32_mask0_03_noise0_02_mlp1_0_sup100_10seed_locked,True,barlow,fc-wpli,21,32,0.03,0.02
4,sub09,16,barlow,fc-wpli,8114,16,32,32,0.001,0.03,0.02,1.0,0.1,0.7436431176432474,0.6288439525863317,0.025500178102433213,0.8929898393905069,0.16480140311929478,92.80851233474851,0.0,0.0,0.0,all-patient,True,segssl_barlow_all-patient_fc-wpli_finetune_seed21_pre20_proj32_mask0_03_noise0_02_mlp1_0_sup100_10seed_locked,True,barlow,fc-wpli,21,32,0.03,0.02
4,sub09,17,barlow,fc-wpli,8114,16,32,32,0.001,0.03,0.02,1.0,0.1,0.7384158587596548,0.6226069088878594,0.026547269793007318,0.8926168031345202,0.15417292496505033,93.68679866640586,0.0,0.0,0.0,all-patient,True,segssl_barlow_all-patient_fc-wpli_finetune_seed21_pre20_proj32_mask0_03_noise0_02_mlp1_0_sup100_10seed_locked,True,barlow,fc-wpli,21,32,0.03,0.02
4,sub09,18,barlow,fc-wpli,8114,16,32,32,0.001,0.03,0.02,1.0,0.1,0.7256091259947912,0.6074887010173535,0.02899337166876305,0.8912705232308605,0.1529907900546714,90.89958459748996,0.0,0.0,0.0,all-patient,True,segssl_barlow_all-patient_fc-wpli_finetune_seed21_pre20_proj32_mask0_03_noise0_02_mlp1_0_sup100_10seed_locked,True,barlow,fc-wpli,21,32,0.03,0.02
4,sub09,19,barlow,fc-wpli,8114,16,32,32,0.001,0.03,0.02,1.0,0.1,0.7145267719710906,0.598075095534794,0.02735264869186822,0.8909902752149762,0.1459214450520148,90.43073220140352,0.0,0.0,0.0,all-patient,True,segssl_barlow_all-patient_fc-wpli_finetune_seed21_pre20_proj32_mask0_03_noise0_02_mlp1_0_sup100_10seed_locked,True,barlow,fc-wpli,21,32,0.03,0.02
4,sub09,20,barlow,fc-wpli,8114,16,32,32,0.001,0.03,0.02,1.0,0.1,0.7093503179512625,0.5938028772984902,0.026420605933572365,0.8912683443760309,0.13545461925935284,91.66965370478593,0.0,0.0,0.0,all-patient,True,segssl_barlow_all-patient_fc-wpli_finetune_seed21_pre20_proj32_mask0_03_noise0_02_mlp1_0_sup100_10seed_locked,True,barlow,fc-wpli,21,32,0.03,0.02
5,sub10,1,barlow,fc-wpli,8081,16,32,32,0.001,0.03,0.02,1.0,0.1,1.154061828427046,0.9185680461966473,0.1376100915222771,0.978836943745142,0.1664883167187963,150.41594968954095,0.0,0.0,0.0,all-patient,True,segssl_barlow_all-patient_fc-wpli_finetune_seed21_pre20_proj32_mask0_03_noise0_02_mlp1_0_sup100_10seed_locked,True,barlow,fc-wpli,21,32,0.03,0.02
5,sub10,2,barlow,fc-wpli,8081,16,32,32,0.001,0.03,0.02,1.0,0.1,0.8618371888200049,0.7539691557526117,0.014583605315845474,0.9328442943897172,0.15049365574099205,120.69510269165039,0.0,0.0,0.0,all-patient,True,segssl_barlow_all-patient_fc-wpli_finetune_seed21_pre20_proj32_mask0_03_noise0_02_mlp1_0_sup100_10seed_locked,True,barlow,fc-wpli,21,32,0.03,0.02
5,sub10,3,barlow,fc-wpli,8081,16,32,32,0.001,0.03,0.02,1.0,0.1,0.8102551925294248,0.7055774938329877,0.013221380503281303,0.9145631809008451,0.14716769991214332,111.6819608937139,0.0,0.0,0.0,all-patient,True,segssl_barlow_all-patient_fc-wpli_finetune_seed21_pre20_proj32_mask0_03_noise0_02_mlp1_0_sup100_10seed_locked,True,barlow,fc-wpli,21,32,0.03,0.02
5,sub10,4,barlow,fc-wpli,8081,16,32,32,0.001,0.03,0.02,1.0,0.1,0.781688176861158,0.6784200730766703,0.012667450980235466,0.9060065374072832,0.14783804412133322,106.11640791459517,0.0,0.0,0.0,all-patient,True,segssl_barlow_all-patient_fc-wpli_finetune_seed21_pre20_proj32_mask0_03_noise0_02_mlp1_0_sup100_10seed_locked,True,barlow,fc-wpli,21,32,0.03,0.02
5,sub10,5,barlow,fc-wpli,8081,16,32,32,0.001,0.03,0.02,1.0,0.1,0.7689442233340777,0.665295997980555,0.013444980613798964,0.9020324514317418,0.14813453957690165,103.43229426508364,0.0,0.0,0.0,all-patient,True,segssl_barlow_all-patient_fc-wpli_finetune_seed21_pre20_proj32_mask0_03_noise0_02_mlp1_0_sup100_10seed_locked,True,barlow,fc-wpli,21,32,0.03,0.02
5,sub10,6,barlow,fc-wpli,8081,16,32,32,0.001,0.03,0.02,1.0,0.1,0.7721512890439259,0.6681008505020217,0.014212370625597687,0.8983806703872832,0.16232820883786248,101.15453070237231,0.0,0.0,0.0,all-patient,True,segssl_barlow_all-patient_fc-wpli_finetune_seed21_pre20_proj32_mask0_03_noise0_02_mlp1_0_sup100_10seed_locked,True,barlow,fc-wpli,21,32,0.03,0.02
5,sub10,7,barlow,fc-wpli,8081,16,32,32,0.001,0.03,0.02,1.0,0.1,0.7465402650326608,0.6432360785869742,0.013812569761464718,0.8949161669011173,0.15040833356821534,98.56555156180039,0.0,0.0,0.0,all-patient,True,segssl_barlow_all-patient_fc-wpli_finetune_seed21_pre20_proj32_mask0_03_noise0_02_mlp1_0_sup100_10seed_locked,True,barlow,fc-wpli,21,32,0.03,0.02
5,sub10,8,barlow,fc-wpli,8081,16,32,32,0.001,0.03,0.02,1.0,0.1,0.7357275506017708,0.6303006418844457,0.01567898154729911,0.8974792828908551,0.14405785781745947,97.248559145117,0.0,0.0,0.0,all-patient,True,segssl_barlow_all-patient_fc-wpli_finetune_seed21_pre20_proj32_mask0_03_noise0_02_mlp1_0_sup100_10seed_locked,True,barlow,fc-wpli,21,32,0.03,0.02
5,sub10,9,barlow,fc-wpli,8081,16,32,32,0.001,0.03,0.02,1.0,0.1,0.7473038727410226,0.6401151758526625,0.01774961321721435,0.8943908266399218,0.15198996354846042,97.62504401225817,0.0,0.0,0.0,all-patient,True,segssl_barlow_all-patient_fc-wpli_finetune_seed21_pre20_proj32_mask0_03_noise0_02_mlp1_0_sup100_10seed_locked,True,barlow,fc-wpli,21,32,0.03,0.02
5,sub10,10,barlow,fc-wpli,8081,16,32,32,0.001,0.03,0.02,1.0,0.1,0.7079118657783557,0.601681477997614,0.017120851122814675,0.8910953698186536,0.1303038503331631,94.2755276073109,0.0,0.0,0.0,all-patient,True,segssl_barlow_all-patient_fc-wpli_finetune_seed21_pre20_proj32_mask0_03_noise0_02_mlp1_0_sup100_10seed_locked,True,barlow,fc-wpli,21,32,0.03,0.02
5,sub10,11,barlow,fc-wpli,8081,16,32,32,0.001,0.03,0.02,1.0,0.1,0.7228085653849035,0.6154665076449926,0.018380680103075833,0.8896137752787397,0.14272017627098624,94.54926821742605,0.0,0.0,0.0,all-patient,True,segssl_barlow_all-patient_fc-wpli_finetune_seed21_pre20_proj32_mask0_03_noise0_02_mlp1_0_sup100_10seed_locked,True,barlow,fc-wpli,21,32,0.03,0.02
5,sub10,12,barlow,fc-wpli,8081,16,32,32,0.001,0.03,0.02,1.0,0.1,0.7060339423006938,0.5998508689902988,0.01736335909884909,0.8881971342525935,0.13593216302616912,92.78374321375911,0.0,0.0,0.0,all-patient,True,segssl_barlow_all-patient_fc-wpli_finetune_seed21_pre20_proj32_mask0_03_noise0_02_mlp1_0_sup100_10seed_locked,True,barlow,fc-wpli,21,32,0.03,0.02
5,sub10,13,barlow,fc-wpli,8081,16,32,32,0.001,0.03,0.02,1.0,0.1,0.7246435314946966,0.6174655410612053,0.018150899250045597,0.8902709190788948,0.15513606435387384,92.46589722463736,0.0,0.0,0.0,all-patient,True,segssl_barlow_all-patient_fc-wpli_finetune_seed21_pre20_proj32_mask0_03_noise0_02_mlp1_0_sup100_10seed_locked,True,barlow,fc-wpli,21,32,0.03,0.02
5,sub10,14,barlow,fc-wpli,8081,16,32,32,0.001,0.03,0.02,1.0,0.1,0.7084485045652615,0.5991384758661858,0.020451807457467785,0.8885821965136547,0.14016056189077938,91.79558502921003,0.0,0.0,0.0,all-patient,True,segssl_barlow_all-patient_fc-wpli_finetune_seed21_pre20_proj32_mask0_03_noise0_02_mlp1_0_sup100_10seed_locked,True,barlow,fc-wpli,21,32,0.03,0.02
5,sub10,15,barlow,fc-wpli,8081,16,32,32,0.001,0.03,0.02,1.0,0.1,0.7118728473164112,0.6044236549393461,0.01882122910541037,0.8862796436421013,0.14436938361565696,92.01085646256156,0.0,0.0,0.0,all-patient,True,segssl_barlow_all-patient_fc-wpli_finetune_seed21_pre20_proj32_mask0_03_noise0_02_mlp1_0_sup100_10seed_locked,True,barlow,fc-wpli,21,32,0.03,0.02
5,sub10,16,barlow,fc-wpli,8081,16,32,32,0.001,0.03,0.02,1.0,0.1,0.6804527982686583,0.5736462362552349,0.01828210886288066,0.8852445224057073,0.1290106387360743,88.92712147528003,0.0,0.0,0.0,all-patient,True,segssl_barlow_all-patient_fc-wpli_finetune_seed21_pre20_proj32_mask0_03_noise0_02_mlp1_0_sup100_10seed_locked,True,barlow,fc-wpli,21,32,0.03,0.02
5,sub10,17,barlow,fc-wpli,8081,16,32,32,0.001,0.03,0.02,1.0,0.1,0.7013965548262766,0.5941443885621346,0.018667416374673958,0.88584751715302,0.14099702243499915,90.62947531839605,0.0,0.0,0.0,all-patient,True,segssl_barlow_all-patient_fc-wpli_finetune_seed21_pre20_proj32_mask0_03_noise0_02_mlp1_0_sup100_10seed_locked,True,barlow,fc-wpli,21,32,0.03,0.02
5,sub10,18,barlow,fc-wpli,8081,16,32,32,0.001,0.03,0.02,1.0,0.1,0.7001923768976225,0.5925123748689772,0.018940688357522835,0.8873931214272269,0.13760757748980404,90.9809615696843,0.0,0.0,0.0,all-patient,True,segssl_barlow_all-patient_fc-wpli_finetune_seed21_pre20_proj32_mask0_03_noise0_02_mlp1_0_sup100_10seed_locked,True,barlow,fc-wpli,21,32,0.03,0.02
5,sub10,19,barlow,fc-wpli,8081,16,32,32,0.001,0.03,0.02,1.0,0.1,0.7135212984186388,0.6048527415326461,0.019966758758183052,0.887017980983606,0.15578445797834892,89.81365864267462,0.0,0.0,0.0,all-patient,True,segssl_barlow_all-patient_fc-wpli_finetune_seed21_pre20_proj32_mask0_03_noise0_02_mlp1_0_sup100_10seed_locked,True,barlow,fc-wpli,21,32,0.03,0.02
5,sub10,20,barlow,fc-wpli,8081,16,32,32,0.001,0.03,0.02,1.0,0.1,0.6947710586954718,0.586870018731464,0.01952289192101701,0.8837814812839266,0.1383921118913745,89.69558334350586,0.0,0.0,0.0,all-patient,True,segssl_barlow_all-patient_fc-wpli_finetune_seed21_pre20_proj32_mask0_03_noise0_02_mlp1_0_sup100_10seed_locked,True,barlow,fc-wpli,21,32,0.03,0.02
6,sub11,1,barlow,fc-wpli,8078,16,32,32,0.001,0.03,0.02,1.0,0.1,1.090777342154248,0.906164007021649,0.08660180545089269,0.9801152998858159,0.17228746094030908,146.77531233683672,0.0,0.0,0.0,all-patient,True,segssl_barlow_all-patient_fc-wpli_finetune_seed21_pre20_proj32_mask0_03_noise0_02_mlp1_0_sup100_10seed_locked,True,barlow,fc-wpli,21,32,0.03,0.02
6,sub11,2,barlow,fc-wpli,8078,16,32,32,0.001,0.03,0.02,1.0,0.1,0.8285664847581693,0.7224728823298275,0.012309048671533566,0.9378455382762569,0.14079509720086386,116.33555976187829,0.0,0.0,0.0,all-patient,True,segssl_barlow_all-patient_fc-wpli_finetune_seed21_pre20_proj32_mask0_03_noise0_02_mlp1_0_sup100_10seed_locked,True,barlow,fc-wpli,21,32,0.03,0.02
6,sub11,3,barlow,fc-wpli,8078,16,32,32,0.001,0.03,0.02,1.0,0.1,0.801810364321907,0.6995104209621353,0.009757044527790333,0.9254289747464775,0.14111393318663693,111.67929994186552,0.0,0.0,0.0,all-patient,True,segssl_barlow_all-patient_fc-wpli_finetune_seed21_pre20_proj32_mask0_03_noise0_02_mlp1_0_sup100_10seed_locked,True,barlow,fc-wpli,21,32,0.03,0.02
6,sub11,4,barlow,fc-wpli,8078,16,32,32,0.001,0.03,0.02,1.0,0.1,0.7744438416887038,0.6728021041001424,0.01000303065422738,0.9163870645041513,0.13810984919995697,106.93845373474726,0.0,0.0,0.0,all-patient,True,segssl_barlow_all-patient_fc-wpli_finetune_seed21_pre20_proj32_mask0_03_noise0_02_mlp1_0_sup100_10seed_locked,True,barlow,fc-wpli,21,32,0.03,0.02
6,sub11,5,barlow,fc-wpli,8078,16,32,32,0.001,0.03,0.02,1.0,0.1,0.7480059405364613,0.6477635060796644,0.009525661657352259,0.9071677271682437,0.1300082611860615,103.55105080179649,0.0,0.0,0.0,all-patient,True,segssl_barlow_all-patient_fc-wpli_finetune_seed21_pre20_proj32_mask0_03_noise0_02_mlp1_0_sup100_10seed_locked,True,barlow,fc-wpli,21,32,0.03,0.02
6,sub11,6,barlow,fc-wpli,8078,16,32,32,0.001,0.03,0.02,1.0,0.1,0.7571264511287803,0.6577005432973994,0.009230986680134688,0.9019492012439387,0.1497161289691432,101.59688518259784,0.0,0.0,0.0,all-patient,True,segssl_barlow_all-patient_fc-wpli_finetune_seed21_pre20_proj32_mask0_03_noise0_02_mlp1_0_sup100_10seed_locked,True,barlow,fc-wpli,21,32,0.03,0.02
6,sub11,7,barlow,fc-wpli,8078,16,32,32,0.001,0.03,0.02,1.0,0.1,0.7518499259901519,0.6521263231145273,0.009817240261795496,0.8990636122108686,0.14383243457275893,101.6587796957186,0.0,0.0,0.0,all-patient,True,segssl_barlow_all-patient_fc-wpli_finetune_seed21_pre20_proj32_mask0_03_noise0_02_mlp1_0_sup100_10seed_locked,True,barlow,fc-wpli,21,32,0.03,0.02
6,sub11,8,barlow,fc-wpli,8078,16,32,32,0.001,0.03,0.02,1.0,0.1,0.771751889497927,0.6710893393743156,0.010752739764676236,0.8990981151561926,0.1615810880830539,101.90165275347115,0.0,0.0,0.0,all-patient,True,segssl_barlow_all-patient_fc-wpli_finetune_seed21_pre20_proj32_mask0_03_noise0_02_mlp1_0_sup100_10seed_locked,True,barlow,fc-wpli,21,32,0.03,0.02
6,sub11,9,barlow,fc-wpli,8078,16,32,32,0.001,0.03,0.02,1.0,0.1,0.7148937833191145,0.6138874910845615,0.011321254295877891,0.8968503831636787,0.13027746111689376,96.72200849174273,0.0,0.0,0.0,all-patient,True,segssl_barlow_all-patient_fc-wpli_finetune_seed21_pre20_proj32_mask0_03_noise0_02_mlp1_0_sup100_10seed_locked,True,barlow,fc-wpli,21,32,0.03,0.02
6,sub11,10,barlow,fc-wpli,8078,16,32,32,0.001,0.03,0.02,1.0,0.1,0.7165470231877695,0.6158485357124026,0.011440028294478313,0.8925845900384506,0.13838583100979024,95.49254322618542,0.0,0.0,0.0,all-patient,True,segssl_barlow_all-patient_fc-wpli_finetune_seed21_pre20_proj32_mask0_03_noise0_02_mlp1_0_sup100_10seed_locked,True,barlow,fc-wpli,21,32,0.03,0.02
6,sub11,11,barlow,fc-wpli,8078,16,32,32,0.001,0.03,0.02,1.0,0.1,0.7152495461525303,0.6149493295367402,0.011243916502093325,0.8905630191954056,0.1437625674876652,94.23735457316484,0.0,0.0,0.0,all-patient,True,segssl_barlow_all-patient_fc-wpli_finetune_seed21_pre20_proj32_mask0_03_noise0_02_mlp1_0_sup100_10seed_locked,True,barlow,fc-wpli,21,32,0.03,0.02
6,sub11,12,barlow,fc-wpli,8078,16,32,32,0.001,0.03,0.02,1.0,0.1,0.7087085157337756,0.6073289425066202,0.012151280016002089,0.8922829395473594,0.1346561355354947,94.53456355935276,0.0,0.0,0.0,all-patient,True,segssl_barlow_all-patient_fc-wpli_finetune_seed21_pre20_proj32_mask0_03_noise0_02_mlp1_0_sup100_10seed_locked,True,barlow,fc-wpli,21,32,0.03,0.02
6,sub11,13,barlow,fc-wpli,8078,16,32,32,0.001,0.03,0.02,1.0,0.1,0.7203796524222534,0.6183015750186278,0.012834845439042196,0.8924323143345294,0.1448140131286576,94.69751428283087,0.0,0.0,0.0,all-patient,True,segssl_barlow_all-patient_fc-wpli_finetune_seed21_pre20_proj32_mask0_03_noise0_02_mlp1_0_sup100_10seed_locked,True,barlow,fc-wpli,21,32,0.03,0.02
6,sub11,14,barlow,fc-wpli,8078,16,32,32,0.001,0.03,0.02,1.0,0.1,0.6816175953586503,0.5800313033089779,0.012688744186174751,0.8889754865429189,0.1197743584913672,92.05139125408513,0.0,0.0,0.0,all-patient,True,segssl_barlow_all-patient_fc-wpli_finetune_seed21_pre20_proj32_mask0_03_noise0_02_mlp1_0_sup100_10seed_locked,True,barlow,fc-wpli,21,32,0.03,0.02
6,sub11,15,barlow,fc-wpli,8078,16,32,32,0.001,0.03,0.02,1.0,0.1,0.696829895099791,0.5958297620315363,0.012135009010239403,0.8886512338524998,0.1349590697261219,92.17414064312925,0.0,0.0,0.0,all-patient,True,segssl_barlow_all-patient_fc-wpli_finetune_seed21_pre20_proj32_mask0_03_noise0_02_mlp1_0_sup100_10seed_locked,True,barlow,fc-wpli,21,32,0.03,0.02
6,sub11,16,barlow,fc-wpli,8078,16,32,32,0.001,0.03,0.02,1.0,0.1,0.7030555395796747,0.6018047424236147,0.012470273924346017,0.8878052333794018,0.13734234884671756,92.89248107305848,0.0,0.0,0.0,all-patient,True,segssl_barlow_all-patient_fc-wpli_finetune_seed21_pre20_proj32_mask0_03_noise0_02_mlp1_0_sup100_10seed_locked,True,barlow,fc-wpli,21,32,0.03,0.02
6,sub11,17,barlow,fc-wpli,8078,16,32,32,0.001,0.03,0.02,1.0,0.1,0.678087577489343,0.5754862499119031,0.013606440902936577,0.8899488685154678,0.12356611645877325,90.38402859527285,0.0,0.0,0.0,all-patient,True,segssl_barlow_all-patient_fc-wpli_finetune_seed21_pre20_proj32_mask0_03_noise0_02_mlp1_0_sup100_10seed_locked,True,barlow,fc-wpli,21,32,0.03,0.02
6,sub11,18,barlow,fc-wpli,8078,16,32,32,0.001,0.03,0.02,1.0,0.1,0.6882956509542937,0.5857337978216681,0.013610661147844674,0.8895119275196944,0.13338312462507054,90.47013672177154,0.0,0.0,0.0,all-patient,True,segssl_barlow_all-patient_fc-wpli_finetune_seed21_pre20_proj32_mask0_03_noise0_02_mlp1_0_sup100_10seed_locked,True,barlow,fc-wpli,21,32,0.03,0.02
6,sub11,19,barlow,fc-wpli,8078,16,32,32,0.001,0.03,0.02,1.0,0.1,0.7034518877468486,0.6014888262394631,0.013004235701985879,0.8895882418840239,0.13938973492016038,92.41982056268371,0.0,0.0,0.0,all-patient,True,segssl_barlow_all-patient_fc-wpli_finetune_seed21_pre20_proj32_mask0_03_noise0_02_mlp1_0_sup100_10seed_locked,True,barlow,fc-wpli,21,32,0.03,0.02
6,sub11,20,barlow,fc-wpli,8078,16,32,32,0.001,0.03,0.02,1.0,0.1,0.6721855106330153,0.5700815436863663,0.013528077673203874,0.885758902648888,0.12655548878097078,88.70521265917485,0.0,0.0,0.0,all-patient,True,segssl_barlow_all-patient_fc-wpli_finetune_seed21_pre20_proj32_mask0_03_noise0_02_mlp1_0_sup100_10seed_locked,True,barlow,fc-wpli,21,32,0.03,0.02
7,sub13,1,barlow,fc-wpli,8093,16,32,32,0.001,0.03,0.02,1.0,0.1,1.1372374616592769,0.899074300240151,0.14028191330875803,0.978812489467176,0.1748044937352094,144.85396491491747,0.0,0.0,0.0,all-patient,True,segssl_barlow_all-patient_fc-wpli_finetune_seed21_pre20_proj32_mask0_03_noise0_02_mlp1_0_sup100_10seed_locked,True,barlow,fc-wpli,21,32,0.03,0.02
7,sub13,2,barlow,fc-wpli,8093,16,32,32,0.001,0.03,0.02,1.0,0.1,0.8842279398629788,0.7673965377416535,0.022669821388636654,0.9416158029684436,0.16886106378186252,119.7070974719383,0.0,0.0,0.0,all-patient,True,segssl_barlow_all-patient_fc-wpli_finetune_seed21_pre20_proj32_mask0_03_noise0_02_mlp1_0_sup100_10seed_locked,True,barlow,fc-wpli,21,32,0.03,0.02
7,sub13,3,barlow,fc-wpli,8093,16,32,32,0.001,0.03,0.02,1.0,0.1,0.8106487183702793,0.6984674283284915,0.02014324175039299,0.9203804888037354,0.1510297877177055,109.48753041806428,0.0,0.0,0.0,all-patient,True,segssl_barlow_all-patient_fc-wpli_finetune_seed21_pre20_proj32_mask0_03_noise0_02_mlp1_0_sup100_10seed_locked,True,barlow,fc-wpli,21,32,0.03,0.02
7,sub13,4,barlow,fc-wpli,8093,16,32,32,0.001,0.03,0.02,1.0,0.1,0.788368966975231,0.6787006376171301,0.018299462295803627,0.9136886642620027,0.14897465247066374,105.94519952163395,0.0,0.0,0.0,all-patient,True,segssl_barlow_all-patient_fc-wpli_finetune_seed21_pre20_proj32_mask0_03_noise0_02_mlp1_0_sup100_10seed_locked,True,barlow,fc-wpli,21,32,0.03,0.02
7,sub13,5,barlow,fc-wpli,8093,16,32,32,0.001,0.03,0.02,1.0,0.1,0.775846818454652,0.6676207279028158,0.01749044821667577,0.907356412632192,0.15777428690049605,101.96929063156188,0.0,0.0,0.0,all-patient,True,segssl_barlow_all-patient_fc-wpli_finetune_seed21_pre20_proj32_mask0_03_noise0_02_mlp1_0_sup100_10seed_locked,True,barlow,fc-wpli,21,32,0.03,0.02
7,sub13,6,barlow,fc-wpli,8093,16,32,32,0.001,0.03,0.02,1.0,0.1,0.7717497582020967,0.6646132670607963,0.016559000071800743,0.9057749131687074,0.15604657898420052,101.71333959828253,0.0,0.0,0.0,all-patient,True,segssl_barlow_all-patient_fc-wpli_finetune_seed21_pre20_proj32_mask0_03_noise0_02_mlp1_0_sup100_10seed_locked,True,barlow,fc-wpli,21,32,0.03,0.02
7,sub13,7,barlow,fc-wpli,8093,16,32,32,0.001,0.03,0.02,1.0,0.1,0.7573812411943444,0.6504321549485323,0.017132869822234505,0.8981621654137321,0.1574263005092254,98.60117314455537,0.0,0.0,0.0,all-patient,True,segssl_barlow_all-patient_fc-wpli_finetune_seed21_pre20_proj32_mask0_03_noise0_02_mlp1_0_sup100_10seed_locked,True,barlow,fc-wpli,21,32,0.03,0.02
7,sub13,8,barlow,fc-wpli,8093,16,32,32,0.001,0.03,0.02,1.0,0.1,0.7325758647777346,0.6264467244680691,0.016429977219095344,0.8969916178303745,0.1373003669740658,97.82927399284755,0.0,0.0,0.0,all-patient,True,segssl_barlow_all-patient_fc-wpli_finetune_seed21_pre20_proj32_mask0_03_noise0_02_mlp1_0_sup100_10seed_locked,True,barlow,fc-wpli,21,32,0.03,0.02
7,sub13,9,barlow,fc-wpli,8093,16,32,32,0.001,0.03,0.02,1.0,0.1,0.734179985853052,0.627063312490467,0.017576871182136383,0.8953980240426045,0.14473259017221618,96.46614667266725,0.0,0.0,0.0,all-patient,True,segssl_barlow_all-patient_fc-wpli_finetune_seed21_pre20_proj32_mask0_03_noise0_02_mlp1_0_sup100_10seed_locked,True,barlow,fc-wpli,21,32,0.03,0.02
7,sub13,10,barlow,fc-wpli,8093,16,32,32,0.001,0.03,0.02,1.0,0.1,0.7193840751534866,0.6144763577007964,0.015926623768486053,0.88981093601747,0.1408819144756419,94.71889094778672,0.0,0.0,0.0,all-patient,True,segssl_barlow_all-patient_fc-wpli_finetune_seed21_pre20_proj32_mask0_03_noise0_02_mlp1_0_sup100_10seed_locked,True,barlow,fc-wpli,21,32,0.03,0.02
7,sub13,11,barlow,fc-wpli,8093,16,32,32,0.001,0.03,0.02,1.0,0.1,0.7180659824562639,0.613284593985486,0.015816494645808525,0.8896489317709279,0.14102818634339861,94.45128322495773,0.0,0.0,0.0,all-patient,True,segssl_barlow_all-patient_fc-wpli_finetune_seed21_pre20_proj32_mask0_03_noise0_02_mlp1_0_sup100_10seed_locked,True,barlow,fc-wpli,21,32,0.03,0.02
7,sub13,12,barlow,fc-wpli,8093,16,32,32,0.001,0.03,0.02,1.0,0.1,0.698602877410033,0.5937334133584509,0.01603422240306266,0.8883524114199778,0.12974457583413643,92.79776950881416,0.0,0.0,0.0,all-patient,True,segssl_barlow_all-patient_fc-wpli_finetune_seed21_pre20_proj32_mask0_03_noise0_02_mlp1_0_sup100_10seed_locked,True,barlow,fc-wpli,21,32,0.03,0.02
7,sub13,13,barlow,fc-wpli,8093,16,32,32,0.001,0.03,0.02,1.0,0.1,0.7069451050324873,0.601769322463175,0.016306161880493164,0.8886962046500723,0.14413183008108046,91.52750063507925,0.0,0.0,0.0,all-patient,True,segssl_barlow_all-patient_fc-wpli_finetune_seed21_pre20_proj32_mask0_03_noise0_02_mlp1_0_sup100_10seed_locked,True,barlow,fc-wpli,21,32,0.03,0.02
7,sub13,14,barlow,fc-wpli,8093,16,32,32,0.001,0.03,0.02,1.0,0.1,0.6896164164006003,0.5843777985205292,0.016314437973640652,0.889241799771079,0.13010772358979975,90.8540169184387,0.0,0.0,0.0,all-patient,True,segssl_barlow_all-patient_fc-wpli_finetune_seed21_pre20_proj32_mask0_03_noise0_02_mlp1_0_sup100_10seed_locked,True,barlow,fc-wpli,21,32,0.03,0.02
7,sub13,15,barlow,fc-wpli,8093,16,32,32,0.001,0.03,0.02,1.0,0.1,0.6990907760005695,0.5936117239384783,0.016804734944354874,0.8867431634028439,0.14192759438628136,90.33682786240408,0.0,0.0,0.0,all-patient,True,segssl_barlow_all-patient_fc-wpli_finetune_seed21_pre20_proj32_mask0_03_noise0_02_mlp1_0_sup100_10seed_locked,True,barlow,fc-wpli,21,32,0.03,0.02
7,sub13,16,barlow,fc-wpli,8093,16,32,32,0.001,0.03,0.02,1.0,0.1,0.6930719983907556,0.5883318649332514,0.015995430380930542,0.8874470354775666,0.1354112969214472,90.58411576342677,0.0,0.0,0.0,all-patient,True,segssl_barlow_all-patient_fc-wpli_finetune_seed21_pre20_proj32_mask0_03_noise0_02_mlp1_0_sup100_10seed_locked,True,barlow,fc-wpli,21,32,0.03,0.02
7,sub13,17,barlow,fc-wpli,8093,16,32,32,0.001,0.03,0.02,1.0,0.1,0.6837627685117156,0.5802538902627621,0.014953303007269094,0.8855557500609296,0.13286754221810956,89.47727155120005,0.0,0.0,0.0,all-patient,True,segssl_barlow_all-patient_fc-wpli_finetune_seed21_pre20_proj32_mask0_03_noise0_02_mlp1_0_sup100_10seed_locked,True,barlow,fc-wpli,21,32,0.03,0.02
7,sub13,18,barlow,fc-wpli,8093,16,32,32,0.001,0.03,0.02,1.0,0.1,0.6731565734261109,0.5675151381096821,0.017105900958592712,0.8853553426359954,0.12463762919881415,88.57550360939719,0.0,0.0,0.0,all-patient,True,segssl_barlow_all-patient_fc-wpli_finetune_seed21_pre20_proj32_mask0_03_noise0_02_mlp1_0_sup100_10seed_locked,True,barlow,fc-wpli,21,32,0.03,0.02
7,sub13,19,barlow,fc-wpli,8093,16,32,32,0.001,0.03,0.02,1.0,0.1,0.68908361277797,0.5816151066848883,0.01895200805701757,0.8851649776513397,0.13970968867511777,88.38108552774422,0.0,0.0,0.0,all-patient,True,segssl_barlow_all-patient_fc-wpli_finetune_seed21_pre20_proj32_mask0_03_noise0_02_mlp1_0_sup100_10seed_locked,True,barlow,fc-wpli,21,32,0.03,0.02
7,sub13,20,barlow,fc-wpli,8093,16,32,32,0.001,0.03,0.02,1.0,0.1,0.6753669893553135,0.5688688449944432,0.017864828053199257,0.8863331618987524,0.13073306717530717,87.62715759578901,0.0,0.0,0.0,all-patient,True,segssl_barlow_all-patient_fc-wpli_finetune_seed21_pre20_proj32_mask0_03_noise0_02_mlp1_0_sup100_10seed_locked,True,barlow,fc-wpli,21,32,0.03,0.02
8,sub14,1,barlow,fc-wpli,8088,16,32,32,0.001,0.03,0.02,1.0,0.1,1.163005371809948,0.8802346401063821,0.18544901501048694,0.9732171565647653,0.16942880665901827,142.16116982863355,0.0,0.0,0.0,all-patient,True,segssl_barlow_all-patient_fc-wpli_finetune_seed21_pre20_proj32_mask0_03_noise0_02_mlp1_0_sup100_10seed_locked,True,barlow,fc-wpli,21,32,0.03,0.02
8,sub14,2,barlow,fc-wpli,8088,16,32,32,0.001,0.03,0.02,1.0,0.1,0.8722956658823217,0.7465352386000599,0.0325437977379961,0.9321663082823923,0.17051362186203722,115.20432599636877,0.0,0.0,0.0,all-patient,True,segssl_barlow_all-patient_fc-wpli_finetune_seed21_pre20_proj32_mask0_03_noise0_02_mlp1_0_sup100_10seed_locked,True,barlow,fc-wpli,21,32,0.03,0.02
8,sub14,3,barlow,fc-wpli,8088,16,32,32,0.001,0.03,0.02,1.0,0.1,0.7974778539814026,0.6807003108409082,0.025354686697481178,0.9142285575979783,0.14825359447638362,106.48934571639352,0.0,0.0,0.0,all-patient,True,segssl_barlow_all-patient_fc-wpli_finetune_seed21_pre20_proj32_mask0_03_noise0_02_mlp1_0_sup100_10seed_locked,True,barlow,fc-wpli,21,32,0.03,0.02
8,sub14,4,barlow,fc-wpli,8088,16,32,32,0.001,0.03,0.02,1.0,0.1,0.8229432314516527,0.7078379482148665,0.024452181672861454,0.9065310121053763,0.18250859093395883,105.06587333829978,0.0,0.0,0.0,all-patient,True,segssl_barlow_all-patient_fc-wpli_finetune_seed21_pre20_proj32_mask0_03_noise0_02_mlp1_0_sup100_10seed_locked,True,barlow,fc-wpli,21,32,0.03,0.02
8,sub14,5,barlow,fc-wpli,8088,16,32,32,0.001,0.03,0.02,1.0,0.1,0.7733780415397388,0.6616199837607357,0.021909894443783363,0.8984816266378395,0.15100118677176005,102.12376173117416,0.0,0.0,0.0,all-patient,True,segssl_barlow_all-patient_fc-wpli_finetune_seed21_pre20_proj32_mask0_03_noise0_02_mlp1_0_sup100_10seed_locked,True,barlow,fc-wpli,21,32,0.03,0.02
8,sub14,6,barlow,fc-wpli,8088,16,32,32,0.001,0.03,0.02,1.0,0.1,0.7563813271023068,0.6431175574012424,0.02364472650256553,0.8961904318671924,0.15247332240492123,98.12884902954102,0.0,0.0,0.0,all-patient,True,segssl_barlow_all-patient_fc-wpli_finetune_seed21_pre20_proj32_mask0_03_noise0_02_mlp1_0_sup100_10seed_locked,True,barlow,fc-wpli,21,32,0.03,0.02
8,sub14,7,barlow,fc-wpli,8088,16,32,32,0.001,0.03,0.02,1.0,0.1,0.765199069331286,0.6498413767974839,0.025567098804142162,0.8979059315246084,0.15883992744099878,98.20029190123788,0.0,0.0,0.0,all-patient,True,segssl_barlow_all-patient_fc-wpli_finetune_seed21_pre20_proj32_mask0_03_noise0_02_mlp1_0_sup100_10seed_locked,True,barlow,fc-wpli,21,32,0.03,0.02
8,sub14,8,barlow,fc-wpli,8088,16,32,32,0.001,0.03,0.02,1.0,0.1,0.7442457525155289,0.6304093217661259,0.024343732317445778,0.894926995156782,0.15060315192000676,95.96123599629158,0.0,0.0,0.0,all-patient,True,segssl_barlow_all-patient_fc-wpli_finetune_seed21_pre20_proj32_mask0_03_noise0_02_mlp1_0_sup100_10seed_locked,True,barlow,fc-wpli,21,32,0.03,0.02
8,sub14,9,barlow,fc-wpli,8088,16,32,32,0.001,0.03,0.02,1.0,0.1,0.7505655380576967,0.6356858807825759,0.025530071126613693,0.8934958643121682,0.15849088372493791,95.43900101552367,0.0,0.0,0.0,all-patient,True,segssl_barlow_all-patient_fc-wpli_finetune_seed21_pre20_proj32_mask0_03_noise0_02_mlp1_0_sup100_10seed_locked,True,barlow,fc-wpli,21,32,0.03,0.02
8,sub14,10,barlow,fc-wpli,8088,16,32,32,0.001,0.03,0.02,1.0,0.1,0.7262605262603684,0.6123256968415302,0.024897166391606388,0.8903766342773739,0.14657046942612278,93.15104764252312,0.0,0.0,0.0,all-patient,True,segssl_barlow_all-patient_fc-wpli_finetune_seed21_pre20_proj32_mask0_03_noise0_02_mlp1_0_sup100_10seed_locked,True,barlow,fc-wpli,21,32,0.03,0.02
8,sub14,11,barlow,fc-wpli,8088,16,32,32,0.001,0.03,0.02,1.0,0.1,0.7298680079195339,0.6173272288952891,0.023715374026845096,0.8882540450265757,0.1496967193414043,93.52610391307725,0.0,0.0,0.0,all-patient,True,segssl_barlow_all-patient_fc-wpli_finetune_seed21_pre20_proj32_mask0_03_noise0_02_mlp1_0_sup100_10seed_locked,True,barlow,fc-wpli,21,32,0.03,0.02
8,sub14,12,barlow,fc-wpli,8088,16,32,32,0.001,0.03,0.02,1.0,0.1,0.704507784174365,0.5908683914794282,0.024869629988086082,0.8876976417929758,0.13483317349871746,91.20704551365064,0.0,0.0,0.0,all-patient,True,segssl_barlow_all-patient_fc-wpli_finetune_seed21_pre20_proj32_mask0_03_noise0_02_mlp1_0_sup100_10seed_locked,True,barlow,fc-wpli,21,32,0.03,0.02
8,sub14,13,barlow,fc-wpli,8088,16,32,32,0.001,0.03,0.02,1.0,0.1,0.7207522969472079,0.6066813534898721,0.025119304656982422,0.8895163803468109,0.14698514491255238,91.93924384437531,0.0,0.0,0.0,all-patient,True,segssl_barlow_all-patient_fc-wpli_finetune_seed21_pre20_proj32_mask0_03_noise0_02_mlp1_0_sup100_10seed_locked,True,barlow,fc-wpli,21,32,0.03,0.02
8,sub14,14,barlow,fc-wpli,8088,16,32,32,0.001,0.03,0.02,1.0,0.1,0.7183554933476354,0.6057344776957403,0.023749698292125355,0.8887131800764634,0.14525863063257563,92.09517140445031,0.0,0.0,0.0,all-patient,True,segssl_barlow_all-patient_fc-wpli_finetune_seed21_pre20_proj32_mask0_03_noise0_02_mlp1_0_sup100_10seed_locked,True,barlow,fc-wpli,21,32,0.03,0.02
8,sub14,15,barlow,fc-wpli,8088,16,32,32,0.001,0.03,0.02,1.0,0.1,0.7128714143994297,0.5999989715725066,0.02421158222341726,0.8866086060350592,0.13761364094215434,92.47706778907022,0.0,0.0,0.0,all-patient,True,segssl_barlow_all-patient_fc-wpli_finetune_seed21_pre20_proj32_mask0_03_noise0_02_mlp1_0_sup100_10seed_locked,True,barlow,fc-wpli,21,32,0.03,0.02
8,sub14,16,barlow,fc-wpli,8088,16,32,32,0.001,0.03,0.02,1.0,0.1,0.7045305281170743,0.592197923556618,0.02369746294888583,0.886351419885168,0.1369789581096606,91.04379552909037,0.0,0.0,0.0,all-patient,True,segssl_barlow_all-patient_fc-wpli_finetune_seed21_pre20_proj32_mask0_03_noise0_02_mlp1_0_sup100_10seed_locked,True,barlow,fc-wpli,21,32,0.03,0.02
8,sub14,17,barlow,fc-wpli,8088,16,32,32,0.001,0.03,0.02,1.0,0.1,0.7175235725320847,0.6050349021617603,0.023818774185633,0.8866989756290149,0.14212046684906635,92.58288940610622,0.0,0.0,0.0,all-patient,True,segssl_barlow_all-patient_fc-wpli_finetune_seed21_pre20_proj32_mask0_03_noise0_02_mlp1_0_sup100_10seed_locked,True,barlow,fc-wpli,21,32,0.03,0.02
8,sub14,18,barlow,fc-wpli,8088,16,32,32,0.001,0.03,0.02,1.0,0.1,0.7005445328743561,0.5888407587298291,0.023161817680705677,0.8854195747686469,0.13352696117535492,91.0627615555473,0.0,0.0,0.0,all-patient,True,segssl_barlow_all-patient_fc-wpli_finetune_seed21_pre20_proj32_mask0_03_noise0_02_mlp1_0_sup100_10seed_locked,True,barlow,fc-wpli,21,32,0.03,0.02
8,sub14,19,barlow,fc-wpli,8088,16,32,32,0.001,0.03,0.02,1.0,0.1,0.692882962495442,0.5801503309030307,0.02434952621874602,0.8838310479646615,0.13397152566607753,89.23576311254689,0.0,0.0,0.0,all-patient,True,segssl_barlow_all-patient_fc-wpli_finetune_seed21_pre20_proj32_mask0_03_noise0_02_mlp1_0_sup100_10seed_locked,True,barlow,fc-wpli,21,32,0.03,0.02
8,sub14,20,barlow,fc-wpli,8088,16,32,32,0.001,0.03,0.02,1.0,0.1,0.7159850940167197,0.6036367796862079,0.023550543153710045,0.8879777167154395,0.14539385252846626,91.64858747942175,0.0,0.0,0.0,all-patient,True,segssl_barlow_all-patient_fc-wpli_finetune_seed21_pre20_proj32_mask0_03_noise0_02_mlp1_0_sup100_10seed_locked,True,barlow,fc-wpli,21,32,0.03,0.02
9,sub15,1,barlow,fc-wpli,8048,16,32,32,0.001,0.03,0.02,1.0,0.1,1.1247680231069712,0.8897788703560118,0.13748768214914006,0.9750147254519149,0.17143599336590085,143.66857835834116,0.0,0.0,0.0,all-patient,True,segssl_barlow_all-patient_fc-wpli_finetune_seed21_pre20_proj32_mask0_03_noise0_02_mlp1_0_sup100_10seed_locked,True,barlow,fc-wpli,21,32,0.03,0.02
9,sub15,2,barlow,fc-wpli,8048,16,32,32,0.001,0.03,0.02,1.0,0.1,0.8723970161043626,0.7548053344604272,0.023857871770384773,0.9373381226721625,0.16262634327414374,118.43580122354254,0.0,0.0,0.0,all-patient,True,segssl_barlow_all-patient_fc-wpli_finetune_seed21_pre20_proj32_mask0_03_noise0_02_mlp1_0_sup100_10seed_locked,True,barlow,fc-wpli,21,32,0.03,0.02
9,sub15,3,barlow,fc-wpli,8048,16,32,32,0.001,0.03,0.02,1.0,0.1,0.8242992207733821,0.7151243036712851,0.017146729332789275,0.9202818951123277,0.1659708833620489,109.83068653508636,0.0,0.0,0.0,all-patient,True,segssl_barlow_all-patient_fc-wpli_finetune_seed21_pre20_proj32_mask0_03_noise0_02_mlp1_0_sup100_10seed_locked,True,barlow,fc-wpli,21,32,0.03,0.02
9,sub15,4,barlow,fc-wpli,8048,16,32,32,0.001,0.03,0.02,1.0,0.1,0.8214424330718949,0.714926536111661,0.015526544028674632,0.9098935265901311,0.17786597334291457,107.41211501741505,0.0,0.0,0.0,all-patient,True,segssl_barlow_all-patient_fc-wpli_finetune_seed21_pre20_proj32_mask0_03_noise0_02_mlp1_0_sup100_10seed_locked,True,barlow,fc-wpli,21,32,0.03,0.02
9,sub15,5,barlow,fc-wpli,8048,16,32,32,0.001,0.03,0.02,1.0,0.1,0.7811488358685321,0.6754926686613981,0.015457243616016912,0.9019892490644815,0.15230353015857317,104.63783050294425,0.0,0.0,0.0,all-patient,True,segssl_barlow_all-patient_fc-wpli_finetune_seed21_pre20_proj32_mask0_03_noise0_02_mlp1_0_sup100_10seed_locked,True,barlow,fc-wpli,21,32,0.03,0.02
9,sub15,6,barlow,fc-wpli,8048,16,32,32,0.001,0.03,0.02,1.0,0.1,0.7497956538295177,0.6453984959225058,0.014419004172975453,0.8997815452797513,0.14113614646772063,100.85247244559984,0.0,0.0,0.0,all-patient,True,segssl_barlow_all-patient_fc-wpli_finetune_seed21_pre20_proj32_mask0_03_noise0_02_mlp1_0_sup100_10seed_locked,True,barlow,fc-wpli,21,32,0.03,0.02
9,sub15,7,barlow,fc-wpli,8048,16,32,32,0.001,0.03,0.02,1.0,0.1,0.7504112823583022,0.6454744840237066,0.015172801719271165,0.8976399680492181,0.14698713420319537,99.69747198267912,0.0,0.0,0.0,all-patient,True,segssl_barlow_all-patient_fc-wpli_finetune_seed21_pre20_proj32_mask0_03_noise0_02_mlp1_0_sup100_10seed_locked,True,barlow,fc-wpli,21,32,0.03,0.02
9,sub15,8,barlow,fc-wpli,8048,16,32,32,0.001,0.03,0.02,1.0,0.1,0.7395707604069833,0.6354296302226619,0.014791144528398456,0.8934998556112437,0.14672563379726727,97.7408013770405,0.0,0.0,0.0,all-patient,True,segssl_barlow_all-patient_fc-wpli_finetune_seed21_pre20_proj32_mask0_03_noise0_02_mlp1_0_sup100_10seed_locked,True,barlow,fc-wpli,21,32,0.03,0.02
9,sub15,9,barlow,fc-wpli,8048,16,32,32,0.001,0.03,0.02,1.0,0.1,0.727459688428382,0.6240717091451345,0.014123690768217234,0.8926428821878453,0.13666861928318058,97.48061985144795,0.0,0.0,0.0,all-patient,True,segssl_barlow_all-patient_fc-wpli_finetune_seed21_pre20_proj32_mask0_03_noise0_02_mlp1_0_sup100_10seed_locked,True,barlow,fc-wpli,21,32,0.03,0.02
9,sub15,10,barlow,fc-wpli,8048,16,32,32,0.001,0.03,0.02,1.0,0.1,0.7326781032810629,0.6266231673730771,0.016616411995935155,0.8943852391205062,0.14426559871099667,96.47151617880607,0.0,0.0,0.0,all-patient,True,segssl_barlow_all-patient_fc-wpli_finetune_seed21_pre20_proj32_mask0_03_noise0_02_mlp1_0_sup100_10seed_locked,True,barlow,fc-wpli,21,32,0.03,0.02
9,sub15,11,barlow,fc-wpli,8048,16,32,32,0.001,0.03,0.02,1.0,0.1,0.7133312829683126,0.6078483564834708,0.016359883558679053,0.891230433409067,0.13310908081362238,94.94785724435127,0.0,0.0,0.0,all-patient,True,segssl_barlow_all-patient_fc-wpli_finetune_seed21_pre20_proj32_mask0_03_noise0_02_mlp1_0_sup100_10seed_locked,True,barlow,fc-wpli,21,32,0.03,0.02
9,sub15,12,barlow,fc-wpli,8048,16,32,32,0.001,0.03,0.02,1.0,0.1,0.7132747201748918,0.6057288609371033,0.018434311002196658,0.8911154752460199,0.13856878608421683,93.43201652815043,0.0,0.0,0.0,all-patient,True,segssl_barlow_all-patient_fc-wpli_finetune_seed21_pre20_proj32_mask0_03_noise0_02_mlp1_0_sup100_10seed_locked,True,barlow,fc-wpli,21,32,0.03,0.02
9,sub15,13,barlow,fc-wpli,8048,16,32,32,0.001,0.03,0.02,1.0,0.1,0.723775868031898,0.6155463819712341,0.019146056108872885,0.8908342944224833,0.1452866009534679,94.05195822440844,0.0,0.0,0.0,all-patient,True,segssl_barlow_all-patient_fc-wpli_finetune_seed21_pre20_proj32_mask0_03_noise0_02_mlp1_0_sup100_10seed_locked,True,barlow,fc-wpli,21,32,0.03,0.02
9,sub15,14,barlow,fc-wpli,8048,16,32,32,0.001,0.03,0.02,1.0,0.1,0.7244560594113162,0.6153124721339398,0.020301567631260776,0.8884201994236136,0.15013163031236718,93.03617038309693,0.0,0.0,0.0,all-patient,True,segssl_barlow_all-patient_fc-wpli_finetune_seed21_pre20_proj32_mask0_03_noise0_02_mlp1_0_sup100_10seed_locked,True,barlow,fc-wpli,21,32,0.03,0.02
9,sub15,15,barlow,fc-wpli,8048,16,32,32,0.001,0.03,0.02,1.0,0.1,0.7368204501822265,0.6280207555170798,0.01985440244731562,0.889452913409436,0.1564135827331491,94.32143682703582,0.0,0.0,0.0,all-patient,True,segssl_barlow_all-patient_fc-wpli_finetune_seed21_pre20_proj32_mask0_03_noise0_02_mlp1_0_sup100_10seed_locked,True,barlow,fc-wpli,21,32,0.03,0.02
9,sub15,16,barlow,fc-wpli,8048,16,32,32,0.001,0.03,0.02,1.0,0.1,0.7067339635393017,0.5964977603190936,0.021530790073023165,0.8870541287463891,0.14227017295425554,90.84551944315552,0.0,0.0,0.0,all-patient,True,segssl_barlow_all-patient_fc-wpli_finetune_seed21_pre20_proj32_mask0_03_noise0_02_mlp1_0_sup100_10seed_locked,True,barlow,fc-wpli,21,32,0.03,0.02
9,sub15,17,barlow,fc-wpli,8048,16,32,32,0.001,0.03,0.02,1.0,0.1,0.7132621050236476,0.6026855966679856,0.02184343503910315,0.8873307174053154,0.14255242337052437,92.02663638530147,0.0,0.0,0.0,all-patient,True,segssl_barlow_all-patient_fc-wpli_finetune_seed21_pre20_proj32_mask0_03_noise0_02_mlp1_0_sup100_10seed_locked,True,barlow,fc-wpli,21,32,0.03,0.02
9,sub15,18,barlow,fc-wpli,8048,16,32,32,0.001,0.03,0.02,1.0,0.1,0.6930577263798913,0.5828311379932267,0.02167139304561122,0.8855519459451406,0.13828044125688063,88.91014158275445,0.0,0.0,0.0,all-patient,True,segssl_barlow_all-patient_fc-wpli_finetune_seed21_pre20_proj32_mask0_03_noise0_02_mlp1_0_sup100_10seed_locked,True,barlow,fc-wpli,21,32,0.03,0.02
9,sub15,19,barlow,fc-wpli,8048,16,32,32,0.001,0.03,0.02,1.0,0.1,0.7026799231708405,0.5912369580320999,0.022797826981212698,0.8864513806272928,0.1365747341083522,90.93244683813622,0.0,0.0,0.0,all-patient,True,segssl_barlow_all-patient_fc-wpli_finetune_seed21_pre20_proj32_mask0_03_noise0_02_mlp1_0_sup100_10seed_locked,True,barlow,fc-wpli,21,32,0.03,0.02
9,sub15,20,barlow,fc-wpli,8048,16,32,32,0.001,0.03,0.02,1.0,0.1,0.7061140126072862,0.59591891241832,0.021631583304812848,0.8856351665900668,0.14568031947642276,90.04772063420259,0.0,0.0,0.0,all-patient,True,segssl_barlow_all-patient_fc-wpli_finetune_seed21_pre20_proj32_mask0_03_noise0_02_mlp1_0_sup100_10seed_locked,True,barlow,fc-wpli,21,32,0.03,0.02
10,sub16,1,barlow,fc-wpli,8044,16,32,32,0.001,0.03,0.02,1.0,0.1,1.163722966940218,0.8764351766341724,0.18970561833315294,0.9758216826389609,0.1553080595990876,144.22542693363744,0.0,0.0,0.0,all-patient,True,segssl_barlow_all-patient_fc-wpli_finetune_seed21_pre20_proj32_mask0_03_noise0_02_mlp1_0_sup100_10seed_locked,True,barlow,fc-wpli,21,32,0.03,0.02
10,sub16,2,barlow,fc-wpli,8044,16,32,32,0.001,0.03,0.02,1.0,0.1,0.8592704136376352,0.7449939917498981,0.020580892534426617,0.9369553021834811,0.15099414770487254,118.79997169995166,0.0,0.0,0.0,all-patient,True,segssl_barlow_all-patient_fc-wpli_finetune_seed21_pre20_proj32_mask0_03_noise0_02_mlp1_0_sup100_10seed_locked,True,barlow,fc-wpli,21,32,0.03,0.02
10,sub16,3,barlow,fc-wpli,8044,16,32,32,0.001,0.03,0.02,1.0,0.1,0.8103005938217133,0.70452192763448,0.013881517451989721,0.9189714896039034,0.1468039888013284,111.54359000719802,0.0,0.0,0.0,all-patient,True,segssl_barlow_all-patient_fc-wpli_finetune_seed21_pre20_proj32_mask0_03_noise0_02_mlp1_0_sup100_10seed_locked,True,barlow,fc-wpli,21,32,0.03,0.02
10,sub16,4,barlow,fc-wpli,8044,16,32,32,0.001,0.03,0.02,1.0,0.1,0.802213356817219,0.6983319362755087,0.012908942893769584,0.909724767236539,0.14841834924167122,109.98271981574906,0.0,0.0,0.0,all-patient,True,segssl_barlow_all-patient_fc-wpli_finetune_seed21_pre20_proj32_mask0_03_noise0_02_mlp1_0_sup100_10seed_locked,True,barlow,fc-wpli,21,32,0.03,0.02
10,sub16,5,barlow,fc-wpli,8044,16,32,32,0.001,0.03,0.02,1.0,0.1,0.7877663332472739,0.6855961278703057,0.011582823681309968,0.9058738187340571,0.15586487197714802,105.94625313002356,0.0,0.0,0.0,all-patient,True,segssl_barlow_all-patient_fc-wpli_finetune_seed21_pre20_proj32_mask0_03_noise0_02_mlp1_0_sup100_10seed_locked,True,barlow,fc-wpli,21,32,0.03,0.02
10,sub16,6,barlow,fc-wpli,8044,16,32,32,0.001,0.03,0.02,1.0,0.1,0.731281215225015,0.6293843110678922,0.01190021474129163,0.8999668948693019,0.12386908109955282,101.10304824495411,0.0,0.0,0.0,all-patient,True,segssl_barlow_all-patient_fc-wpli_finetune_seed21_pre20_proj32_mask0_03_noise0_02_mlp1_0_sup100_10seed_locked,True,barlow,fc-wpli,21,32,0.03,0.02
10,sub16,7,barlow,fc-wpli,8044,16,32,32,0.001,0.03,0.02,1.0,0.1,0.7541694745391785,0.652549871038016,0.011683810065328246,0.8993579297369091,0.15126041876694657,100.25789219152857,0.0,0.0,0.0,all-patient,True,segssl_barlow_all-patient_fc-wpli_finetune_seed21_pre20_proj32_mask0_03_noise0_02_mlp1_0_sup100_10seed_locked,True,barlow,fc-wpli,21,32,0.03,0.02
10,sub16,8,barlow,fc-wpli,8044,16,32,32,0.001,0.03,0.02,1.0,0.1,0.7674516679989415,0.6660467223310566,0.011384972284138796,0.9001997338374613,0.15269053552742254,102.67123963676437,0.0,0.0,0.0,all-patient,True,segssl_barlow_all-patient_fc-wpli_finetune_seed21_pre20_proj32_mask0_03_noise0_02_mlp1_0_sup100_10seed_locked,True,barlow,fc-wpli,21,32,0.03,0.02
10,sub16,9,barlow,fc-wpli,8044,16,32,32,0.001,0.03,0.02,1.0,0.1,0.7427305765227816,0.6411427668264325,0.01198292299956972,0.8960488701672488,0.1493896640615934,98.35062297722455,0.0,0.0,0.0,all-patient,True,segssl_barlow_all-patient_fc-wpli_finetune_seed21_pre20_proj32_mask0_03_noise0_02_mlp1_0_sup100_10seed_locked,True,barlow,fc-wpli,21,32,0.03,0.02
10,sub16,10,barlow,fc-wpli,8044,16,32,32,0.001,0.03,0.02,1.0,0.1,0.7192191472110407,0.6175489403144503,0.012397277189296473,0.8927292938734854,0.140816300991107,95.34652995115246,0.0,0.0,0.0,all-patient,True,segssl_barlow_all-patient_fc-wpli_finetune_seed21_pre20_proj32_mask0_03_noise0_02_mlp1_0_sup100_10seed_locked,True,barlow,fc-wpli,21,32,0.03,0.02
10,sub16,11,barlow,fc-wpli,8044,16,32,32,0.001,0.03,0.02,1.0,0.1,0.7156177094395071,0.6139933260724274,0.0123823400046195,0.8924204336246012,0.13975564898574952,94.84753739525736,0.0,0.0,0.0,all-patient,True,segssl_barlow_all-patient_fc-wpli_finetune_seed21_pre20_proj32_mask0_03_noise0_02_mlp1_0_sup100_10seed_locked,True,barlow,fc-wpli,21,32,0.03,0.02
10,sub16,12,barlow,fc-wpli,8044,16,32,32,0.001,0.03,0.02,1.0,0.1,0.708071216792757,0.605513337829241,0.013284525861796992,0.8927335298322067,0.13597980866712753,93.90670794568527,0.0,0.0,0.0,all-patient,True,segssl_barlow_all-patient_fc-wpli_finetune_seed21_pre20_proj32_mask0_03_noise0_02_mlp1_0_sup100_10seed_locked,True,barlow,fc-wpli,21,32,0.03,0.02
10,sub16,13,barlow,fc-wpli,8044,16,32,32,0.001,0.03,0.02,1.0,0.1,0.7152319183169492,0.6130298152121587,0.01322106149040207,0.8898104112854535,0.14479599466904253,93.64676632890644,0.0,0.0,0.0,all-patient,True,segssl_barlow_all-patient_fc-wpli_finetune_seed21_pre20_proj32_mask0_03_noise0_02_mlp1_0_sup100_10seed_locked,True,barlow,fc-wpli,21,32,0.03,0.02
10,sub16,14,barlow,fc-wpli,8044,16,32,32,0.001,0.03,0.02,1.0,0.1,0.701399078485269,0.6002400694026151,0.012181296263253002,0.8897771315119613,0.13766580490163058,92.51485484068247,0.0,0.0,0.0,all-patient,True,segssl_barlow_all-patient_fc-wpli_finetune_seed21_pre20_proj32_mask0_03_noise0_02_mlp1_0_sup100_10seed_locked,True,barlow,fc-wpli,21,32,0.03,0.02
10,sub16,15,barlow,fc-wpli,8044,16,32,32,0.001,0.03,0.02,1.0,0.1,0.6927386224862359,0.5899904476956392,0.013779378079514855,0.8896879665183263,0.13183195788203136,91.63170015551223,0.0,0.0,0.0,all-patient,True,segssl_barlow_all-patient_fc-wpli_finetune_seed21_pre20_proj32_mask0_03_noise0_02_mlp1_0_sup100_10seed_locked,True,barlow,fc-wpli,21,32,0.03,0.02
10,sub16,16,barlow,fc-wpli,8044,16,32,32,0.001,0.03,0.02,1.0,0.1,0.6974815306796232,0.5942670399578618,0.014185283814462468,0.8902920691914872,0.1404379337295153,90.76582309123773,0.0,0.0,0.0,all-patient,True,segssl_barlow_all-patient_fc-wpli_finetune_seed21_pre20_proj32_mask0_03_noise0_02_mlp1_0_sup100_10seed_locked,True,barlow,fc-wpli,21,32,0.03,0.02
10,sub16,17,barlow,fc-wpli,8044,16,32,32,0.001,0.03,0.02,1.0,0.1,0.6944764004668469,0.5913708141854933,0.014237599154826898,0.8886798563344815,0.13711241305406274,90.85168229514514,0.0,0.0,0.0,all-patient,True,segssl_barlow_all-patient_fc-wpli_finetune_seed21_pre20_proj32_mask0_03_noise0_02_mlp1_0_sup100_10seed_locked,True,barlow,fc-wpli,21,32,0.03,0.02
10,sub16,18,barlow,fc-wpli,8044,16,32,32,0.001,0.03,0.02,1.0,0.1,0.6934518394602933,0.5903954745286976,0.01414197007894042,0.8891439410611602,0.14119476565552383,89.84014354121851,0.0,0.0,0.0,all-patient,True,segssl_barlow_all-patient_fc-wpli_finetune_seed21_pre20_proj32_mask0_03_noise0_02_mlp1_0_sup100_10seed_locked,True,barlow,fc-wpli,21,32,0.03,0.02
10,sub16,19,barlow,fc-wpli,8044,16,32,32,0.001,0.03,0.02,1.0,0.1,0.6992002406248279,0.596559925889874,0.013806669659927398,0.8883364301315596,0.148573882223193,89.59721090874189,0.0,0.0,0.0,all-patient,True,segssl_barlow_all-patient_fc-wpli_finetune_seed21_pre20_proj32_mask0_03_noise0_02_mlp1_0_sup100_10seed_locked,True,barlow,fc-wpli,21,32,0.03,0.02
10,sub16,20,barlow,fc-wpli,8044,16,32,32,0.001,0.03,0.02,1.0,0.1,0.666680080160706,0.5647121378726087,0.01325316718274035,0.8871477646808738,0.12596481837837717,87.74946559352382,0.0,0.0,0.0,all-patient,True,segssl_barlow_all-patient_fc-wpli_finetune_seed21_pre20_proj32_mask0_03_noise0_02_mlp1_0_sup100_10seed_locked,True,barlow,fc-wpli,21,32,0.03,0.02
11,sub17,1,barlow,fc-wpli,8028,16,32,32,0.001,0.03,0.02,1.0,0.1,1.1217774569513312,0.9177812159773838,0.1057934856034845,0.982027564034519,0.1884276259913614,145.87072092793377,0.0,0.0,0.0,all-patient,True,segssl_barlow_all-patient_fc-wpli_finetune_seed21_pre20_proj32_mask0_03_noise0_02_mlp1_0_sup100_10seed_locked,True,barlow,fc-wpli,21,32,0.03,0.02
11,sub17,2,barlow,fc-wpli,8028,16,32,32,0.001,0.03,0.02,1.0,0.1,0.8628407772556245,0.7564825081374066,0.011948075427477103,0.9441019313268928,0.15799890802171362,119.69672285893049,0.0,0.0,0.0,all-patient,True,segssl_barlow_all-patient_fc-wpli_finetune_seed21_pre20_proj32_mask0_03_noise0_02_mlp1_0_sup100_10seed_locked,True,barlow,fc-wpli,21,32,0.03,0.02
11,sub17,3,barlow,fc-wpli,8028,16,32,32,0.001,0.03,0.02,1.0,0.1,0.8099245284183092,0.7077337854293239,0.009753327920617335,0.9243741584014132,0.15108088659822005,111.33058202979099,0.0,0.0,0.0,all-patient,True,segssl_barlow_all-patient_fc-wpli_finetune_seed21_pre20_proj32_mask0_03_noise0_02_mlp1_0_sup100_10seed_locked,True,barlow,fc-wpli,21,32,0.03,0.02
11,sub17,4,barlow,fc-wpli,8028,16,32,32,0.001,0.03,0.02,1.0,0.1,0.7962968432570834,0.6952385111634,0.00940101531397299,0.9165731713591344,0.15545300862578437,107.95710306053617,0.0,0.0,0.0,all-patient,True,segssl_barlow_all-patient_fc-wpli_finetune_seed21_pre20_proj32_mask0_03_noise0_02_mlp1_0_sup100_10seed_locked,True,barlow,fc-wpli,21,32,0.03,0.02
11,sub17,5,barlow,fc-wpli,8028,16,32,32,0.001,0.03,0.02,1.0,0.1,0.7645440383023949,0.6647348482295337,0.008923172713275924,0.9088601807199151,0.14810439108477153,103.32609357491907,0.0,0.0,0.0,all-patient,True,segssl_barlow_all-patient_fc-wpli_finetune_seed21_pre20_proj32_mask0_03_noise0_02_mlp1_0_sup100_10seed_locked,True,barlow,fc-wpli,21,32,0.03,0.02
11,sub17,6,barlow,fc-wpli,8028,16,32,32,0.001,0.03,0.02,1.0,0.1,0.7465116315747637,0.6466168209732291,0.00947637814449599,0.9041843308633067,0.1424566579577272,100.83203459355936,0.0,0.0,0.0,all-patient,True,segssl_barlow_all-patient_fc-wpli_finetune_seed21_pre20_proj32_mask0_03_noise0_02_mlp1_0_sup100_10seed_locked,True,barlow,fc-wpli,21,32,0.03,0.02
11,sub17,7,barlow,fc-wpli,8028,16,32,32,0.001,0.03,0.02,1.0,0.1,0.7437286952814733,0.6429656020911091,0.010520082545945369,0.90243009504569,0.14478898679780072,99.63532520005427,0.0,0.0,0.0,all-patient,True,segssl_barlow_all-patient_fc-wpli_finetune_seed21_pre20_proj32_mask0_03_noise0_02_mlp1_0_sup100_10seed_locked,True,barlow,fc-wpli,21,32,0.03,0.02
11,sub17,8,barlow,fc-wpli,8028,16,32,32,0.001,0.03,0.02,1.0,0.1,0.7442081692921688,0.6427691675039876,0.01120340586658493,0.9023559581473529,0.14545368945478385,99.46309801686807,0.0,0.0,0.0,all-patient,True,segssl_barlow_all-patient_fc-wpli_finetune_seed21_pre20_proj32_mask0_03_noise0_02_mlp1_0_sup100_10seed_locked,True,barlow,fc-wpli,21,32,0.03,0.02
11,sub17,9,barlow,fc-wpli,8028,16,32,32,0.001,0.03,0.02,1.0,0.1,0.7423618264882214,0.6401503837678537,0.01201564952196828,0.9019579439761629,0.151777941955298,97.67449081846442,0.0,0.0,0.0,all-patient,True,segssl_barlow_all-patient_fc-wpli_finetune_seed21_pre20_proj32_mask0_03_noise0_02_mlp1_0_sup100_10seed_locked,True,barlow,fc-wpli,21,32,0.03,0.02
11,sub17,10,barlow,fc-wpli,8028,16,32,32,0.001,0.03,0.02,1.0,0.1,0.7082139329606318,0.6075024268779147,0.010992246794985585,0.897192597982893,0.13131145856621956,95.23819597403842,0.0,0.0,0.0,all-patient,True,segssl_barlow_all-patient_fc-wpli_finetune_seed21_pre20_proj32_mask0_03_noise0_02_mlp1_0_sup100_10seed_locked,True,barlow,fc-wpli,21,32,0.03,0.02
11,sub17,11,barlow,fc-wpli,8028,16,32,32,0.001,0.03,0.02,1.0,0.1,0.7350241275897539,0.6326331347820768,0.012717537670971387,0.8967345323695605,0.14669231426474486,97.1881664625677,0.0,0.0,0.0,all-patient,True,segssl_barlow_all-patient_fc-wpli_finetune_seed21_pre20_proj32_mask0_03_noise0_02_mlp1_0_sup100_10seed_locked,True,barlow,fc-wpli,21,32,0.03,0.02
11,sub17,12,barlow,fc-wpli,8028,16,32,32,0.001,0.03,0.02,1.0,0.1,0.7226416300017521,0.6196993787093942,0.01348333054804707,0.8945892037623432,0.14692234432767007,94.55540917689108,0.0,0.0,0.0,all-patient,True,segssl_barlow_all-patient_fc-wpli_finetune_seed21_pre20_proj32_mask0_03_noise0_02_mlp1_0_sup100_10seed_locked,True,barlow,fc-wpli,21,32,0.03,0.02
11,sub17,13,barlow,fc-wpli,8028,16,32,32,0.001,0.03,0.02,1.0,0.1,0.7004472843085627,0.5971861389647442,0.014102378689435374,0.8915876774673918,0.12982921696797226,93.47138656373043,0.0,0.0,0.0,all-patient,True,segssl_barlow_all-patient_fc-wpli_finetune_seed21_pre20_proj32_mask0_03_noise0_02_mlp1_0_sup100_10seed_locked,True,barlow,fc-wpli,21,32,0.03,0.02
11,sub17,14,barlow,fc-wpli,8028,16,32,32,0.001,0.03,0.02,1.0,0.1,0.7331696140219965,0.6268770121839417,0.016780890316602244,0.8951171254256807,0.15486846636332371,94.40171131574775,0.0,0.0,0.0,all-patient,True,segssl_barlow_all-patient_fc-wpli_finetune_seed21_pre20_proj32_mask0_03_noise0_02_mlp1_0_sup100_10seed_locked,True,barlow,fc-wpli,21,32,0.03,0.02
11,sub17,15,barlow,fc-wpli,8028,16,32,32,0.001,0.03,0.02,1.0,0.1,0.7190812857621219,0.6147710444086576,0.015064672882338445,0.8924556895793672,0.14266263923943562,94.42168311008894,0.0,0.0,0.0,all-patient,True,segssl_barlow_all-patient_fc-wpli_finetune_seed21_pre20_proj32_mask0_03_noise0_02_mlp1_0_sup100_10seed_locked,True,barlow,fc-wpli,21,32,0.03,0.02
11,sub17,16,barlow,fc-wpli,8028,16,32,32,0.001,0.03,0.02,1.0,0.1,0.6860008360261461,0.5807061201310253,0.016413661113298273,0.8888105497179754,0.12782787660563985,90.57565062929434,0.0,0.0,0.0,all-patient,True,segssl_barlow_all-patient_fc-wpli_finetune_seed21_pre20_proj32_mask0_03_noise0_02_mlp1_0_sup100_10seed_locked,True,barlow,fc-wpli,21,32,0.03,0.02
11,sub17,17,barlow,fc-wpli,8028,16,32,32,0.001,0.03,0.02,1.0,0.1,0.6922489368464367,0.5851071015653382,0.018270527224141762,0.8887130803320987,0.13958722084368286,89.10397814564496,0.0,0.0,0.0,all-patient,True,segssl_barlow_all-patient_fc-wpli_finetune_seed21_pre20_proj32_mask0_03_noise0_02_mlp1_0_sup100_10seed_locked,True,barlow,fc-wpli,21,32,0.03,0.02
11,sub17,18,barlow,fc-wpli,8028,16,32,32,0.001,0.03,0.02,1.0,0.1,0.7028157454562852,0.5944506065897732,0.019473235445668497,0.8889190204352496,0.14385782133574984,90.11855924081992,0.0,0.0,0.0,all-patient,True,segssl_barlow_all-patient_fc-wpli_finetune_seed21_pre20_proj32_mask0_03_noise0_02_mlp1_0_sup100_10seed_locked,True,barlow,fc-wpli,21,32,0.03,0.02
11,sub17,19,barlow,fc-wpli,8028,16,32,32,0.001,0.03,0.02,1.0,0.1,0.6939887876410883,0.5873421591472816,0.01777579703653951,0.888708298543535,0.1349842368083147,90.47158638699597,0.0,0.0,0.0,all-patient,True,segssl_barlow_all-patient_fc-wpli_finetune_seed21_pre20_proj32_mask0_03_noise0_02_mlp1_0_sup100_10seed_locked,True,barlow,fc-wpli,21,32,0.03,0.02
11,sub17,20,barlow,fc-wpli,8028,16,32,32,0.001,0.03,0.02,1.0,0.1,0.6971370529724782,0.5893506421392183,0.019218963930806316,0.8856744685495992,0.14288336907437377,89.29345657531009,0.0,0.0,0.0,all-patient,True,segssl_barlow_all-patient_fc-wpli_finetune_seed21_pre20_proj32_mask0_03_noise0_02_mlp1_0_sup100_10seed_locked,True,barlow,fc-wpli,21,32,0.03,0.02
12,sub18,1,barlow,fc-wpli,8062,16,32,32,0.001,0.03,0.02,1.0,0.1,1.111224191292884,0.8534139685687565,0.16001026970999582,0.9779995362910013,0.15112332905950357,140.45813094245062,0.0,0.0,0.0,all-patient,True,segssl_barlow_all-patient_fc-wpli_finetune_seed21_pre20_proj32_mask0_03_noise0_02_mlp1_0_sup100_10seed_locked,True,barlow,fc-wpli,21,32,0.03,0.02
12,sub18,2,barlow,fc-wpli,8062,16,32,32,0.001,0.03,0.02,1.0,0.1,0.8132903331092426,0.7019733983491149,0.017554711491342575,0.9376222272477452,0.1342612907231789,113.54242455013214,0.0,0.0,0.0,all-patient,True,segssl_barlow_all-patient_fc-wpli_finetune_seed21_pre20_proj32_mask0_03_noise0_02_mlp1_0_sup100_10seed_locked,True,barlow,fc-wpli,21,32,0.03,0.02
12,sub18,3,barlow,fc-wpli,8062,16,32,32,0.001,0.03,0.02,1.0,0.1,0.826753316417573,0.7199630038960586,0.014534105147634233,0.9225620664064846,0.17305996363540457,109.38061051141648,0.0,0.0,0.0,all-patient,True,segssl_barlow_all-patient_fc-wpli_finetune_seed21_pre20_proj32_mask0_03_noise0_02_mlp1_0_sup100_10seed_locked,True,barlow,fc-wpli,21,32,0.03,0.02
12,sub18,4,barlow,fc-wpli,8062,16,32,32,0.001,0.03,0.02,1.0,0.1,0.7960598846040075,0.6915745068755415,0.012506339521635147,0.9197903798213081,0.15061689744378248,108.19152446020217,0.0,0.0,0.0,all-patient,True,segssl_barlow_all-patient_fc-wpli_finetune_seed21_pre20_proj32_mask0_03_noise0_02_mlp1_0_sup100_10seed_locked,True,barlow,fc-wpli,21,32,0.03,0.02
12,sub18,5,barlow,fc-wpli,8062,16,32,32,0.001,0.03,0.02,1.0,0.1,0.8094802095539986,0.7053859968270574,0.012772989888039847,0.9132122104130094,0.1728787263469597,106.50145651802184,0.0,0.0,0.0,all-patient,True,segssl_barlow_all-patient_fc-wpli_finetune_seed21_pre20_proj32_mask0_03_noise0_02_mlp1_0_sup100_10seed_locked,True,barlow,fc-wpli,21,32,0.03,0.02
12,sub18,6,barlow,fc-wpli,8062,16,32,32,0.001,0.03,0.02,1.0,0.1,0.7634966252815156,0.6617670622136858,0.011223192725862776,0.9050636971517215,0.15643169938601434,101.06707513900031,0.0,0.0,0.0,all-patient,True,segssl_barlow_all-patient_fc-wpli_finetune_seed21_pre20_proj32_mask0_03_noise0_02_mlp1_0_sup100_10seed_locked,True,barlow,fc-wpli,21,32,0.03,0.02
12,sub18,7,barlow,fc-wpli,8062,16,32,32,0.001,0.03,0.02,1.0,0.1,0.7705569398545083,0.6679624679187933,0.012157868534799606,0.9043660301064688,0.1662838631601762,100.33572340768481,0.0,0.0,0.0,all-patient,True,segssl_barlow_all-patient_fc-wpli_finetune_seed21_pre20_proj32_mask0_03_noise0_02_mlp1_0_sup100_10seed_locked,True,barlow,fc-wpli,21,32,0.03,0.02
12,sub18,8,barlow,fc-wpli,8062,16,32,32,0.001,0.03,0.02,1.0,0.1,0.7487850455301148,0.6465126682250273,0.012317086732576765,0.8995529084451614,0.14938133789283234,99.42626821427118,0.0,0.0,0.0,all-patient,True,segssl_barlow_all-patient_fc-wpli_finetune_seed21_pre20_proj32_mask0_03_noise0_02_mlp1_0_sup100_10seed_locked,True,barlow,fc-wpli,21,32,0.03,0.02
12,sub18,9,barlow,fc-wpli,8062,16,32,32,0.001,0.03,0.02,1.0,0.1,0.7360978467123849,0.6351624064975314,0.011241163999315292,0.8969427614458023,0.15027172418737633,96.97813819703602,0.0,0.0,0.0,all-patient,True,segssl_barlow_all-patient_fc-wpli_finetune_seed21_pre20_proj32_mask0_03_noise0_02_mlp1_0_sup100_10seed_locked,True,barlow,fc-wpli,21,32,0.03,0.02
12,sub18,10,barlow,fc-wpli,8062,16,32,32,0.001,0.03,0.02,1.0,0.1,0.6979682156372637,0.596090642883191,0.012275049847269815,0.8960252218539753,0.12295215631399067,94.62769950382294,0.0,0.0,0.0,all-patient,True,segssl_barlow_all-patient_fc-wpli_finetune_seed21_pre20_proj32_mask0_03_noise0_02_mlp1_0_sup100_10seed_locked,True,barlow,fc-wpli,21,32,0.03,0.02
12,sub18,11,barlow,fc-wpli,8062,16,32,32,0.001,0.03,0.02,1.0,0.1,0.7112098356915845,0.6083802997119843,0.013231273208345686,0.8959826395388634,0.13764794276415607,94.14647361210415,0.0,0.0,0.0,all-patient,True,segssl_barlow_all-patient_fc-wpli_finetune_seed21_pre20_proj32_mask0_03_noise0_02_mlp1_0_sup100_10seed_locked,True,barlow,fc-wpli,21,32,0.03,0.02
12,sub18,12,barlow,fc-wpli,8062,16,32,32,0.001,0.03,0.02,1.0,0.1,0.7090929816994402,0.6050099180567832,0.01460049313212198,0.8948256988374014,0.14203355071956703,92.59527547018868,0.0,0.0,0.0,all-patient,True,segssl_barlow_all-patient_fc-wpli_finetune_seed21_pre20_proj32_mask0_03_noise0_02_mlp1_0_sup100_10seed_locked,True,barlow,fc-wpli,21,32,0.03,0.02
12,sub18,13,barlow,fc-wpli,8062,16,32,32,0.001,0.03,0.02,1.0,0.1,0.7038204365424694,0.5993137431759683,0.015222762312207903,0.8928393091237734,0.13435363378385007,92.99202395242358,0.0,0.0,0.0,all-patient,True,segssl_barlow_all-patient_fc-wpli_finetune_seed21_pre20_proj32_mask0_03_noise0_02_mlp1_0_sup100_10seed_locked,True,barlow,fc-wpli,21,32,0.03,0.02
12,sub18,14,barlow,fc-wpli,8062,16,32,32,0.001,0.03,0.02,1.0,0.1,0.673927501671844,0.5690887929309928,0.015759088926845126,0.8907961949469552,0.12233778576750959,89.35020363520063,0.0,0.0,0.0,all-patient,True,segssl_barlow_all-patient_fc-wpli_finetune_seed21_pre20_proj32_mask0_03_noise0_02_mlp1_0_sup100_10seed_locked,True,barlow,fc-wpli,21,32,0.03,0.02
12,sub18,15,barlow,fc-wpli,8062,16,32,32,0.001,0.03,0.02,1.0,0.1,0.6951917171005219,0.590815444550817,0.015228691082152109,0.8914757985917349,0.1391116260713297,90.34076599847702,0.0,0.0,0.0,all-patient,True,segssl_barlow_all-patient_fc-wpli_finetune_seed21_pre20_proj32_mask0_03_noise0_02_mlp1_0_sup100_10seed_locked,True,barlow,fc-wpli,21,32,0.03,0.02
12,sub18,16,barlow,fc-wpli,8062,16,32,32,0.001,0.03,0.02,1.0,0.1,0.7007129108976751,0.5960642256670527,0.015453997585508559,0.8919468739676097,0.14019091445088777,91.17466416434637,0.0,0.0,0.0,all-patient,True,segssl_barlow_all-patient_fc-wpli_finetune_seed21_pre20_proj32_mask0_03_noise0_02_mlp1_0_sup100_10seed_locked,True,barlow,fc-wpli,21,32,0.03,0.02
12,sub18,17,barlow,fc-wpli,8062,16,32,32,0.001,0.03,0.02,1.0,0.1,0.6928219821244951,0.5878086173463435,0.016166993076839144,0.8884637099173334,0.13811011270884174,89.93970277574327,0.0,0.0,0.0,all-patient,True,segssl_barlow_all-patient_fc-wpli_finetune_seed21_pre20_proj32_mask0_03_noise0_02_mlp1_0_sup100_10seed_locked,True,barlow,fc-wpli,21,32,0.03,0.02
12,sub18,18,barlow,fc-wpli,8062,16,32,32,0.001,0.03,0.02,1.0,0.1,0.7039075313461205,0.5994001917304501,0.015611064102914598,0.8889627742861944,0.1487495075637107,90.13013866969517,0.0,0.0,0.0,all-patient,True,segssl_barlow_all-patient_fc-wpli_finetune_seed21_pre20_proj32_mask0_03_noise0_02_mlp1_0_sup100_10seed_locked,True,barlow,fc-wpli,21,32,0.03,0.02
12,sub18,19,barlow,fc-wpli,8062,16,32,32,0.001,0.03,0.02,1.0,0.1,0.6821158081293106,0.5774308129080704,0.01595851589762975,0.8872647972570525,0.13357321779294,88.7715211293054,0.0,0.0,0.0,all-patient,True,segssl_barlow_all-patient_fc-wpli_finetune_seed21_pre20_proj32_mask0_03_noise0_02_mlp1_0_sup100_10seed_locked,True,barlow,fc-wpli,21,32,0.03,0.02
12,sub18,20,barlow,fc-wpli,8062,16,32,32,0.001,0.03,0.02,1.0,0.1,0.6885744567428317,0.5826330009907011,0.016973785464725798,0.8896766918755713,0.13528708347427984,89.46918563237266,0.0,0.0,0.0,all-patient,True,segssl_barlow_all-patient_fc-wpli_finetune_seed21_pre20_proj32_mask0_03_noise0_02_mlp1_0_sup100_10seed_locked,True,barlow,fc-wpli,21,32,0.03,0.02
13,sub20,1,barlow,fc-wpli,8084,16,32,32,0.001,0.03,0.02,1.0,0.1,1.1144883464212003,0.8827778654607389,0.13336333597130456,0.9834714636736708,0.15246968352803666,146.0616400345512,0.0,0.0,0.0,all-patient,True,segssl_barlow_all-patient_fc-wpli_finetune_seed21_pre20_proj32_mask0_03_noise0_02_mlp1_0_sup100_10seed_locked,True,barlow,fc-wpli,21,32,0.03,0.02
13,sub20,2,barlow,fc-wpli,8084,16,32,32,0.001,0.03,0.02,1.0,0.1,0.8599029394242133,0.7410900681739739,0.024425188072114124,0.9438768360218983,0.14389825353340022,119.43836601166858,0.0,0.0,0.0,all-patient,True,segssl_barlow_all-patient_fc-wpli_finetune_seed21_pre20_proj32_mask0_03_noise0_02_mlp1_0_sup100_10seed_locked,True,barlow,fc-wpli,21,32,0.03,0.02
13,sub20,3,barlow,fc-wpli,8084,16,32,32,0.001,0.03,0.02,1.0,0.1,0.8436520203300144,0.7301725244569213,0.020969019812557537,0.9251047602519687,0.15651759823550482,114.73098807655305,0.0,0.0,0.0,all-patient,True,segssl_barlow_all-patient_fc-wpli_finetune_seed21_pre20_proj32_mask0_03_noise0_02_mlp1_0_sup100_10seed_locked,True,barlow,fc-wpli,21,32,0.03,0.02
13,sub20,4,barlow,fc-wpli,8084,16,32,32,0.001,0.03,0.02,1.0,0.1,0.7982959820347812,0.6887964427235569,0.018190846848393616,0.9130868943548014,0.1551472373134659,106.72984345628339,0.0,0.0,0.0,all-patient,True,segssl_barlow_all-patient_fc-wpli_finetune_seed21_pre20_proj32_mask0_03_noise0_02_mlp1_0_sup100_10seed_locked,True,barlow,fc-wpli,21,32,0.03,0.02
13,sub20,5,barlow,fc-wpli,8084,16,32,32,0.001,0.03,0.02,1.0,0.1,0.7840208776383532,0.6763427919549905,0.016978972042973335,0.9069911392309921,0.15071897367990977,105.12476623293911,0.0,0.0,0.0,all-patient,True,segssl_barlow_all-patient_fc-wpli_finetune_seed21_pre20_proj32_mask0_03_noise0_02_mlp1_0_sup100_10seed_locked,True,barlow,fc-wpli,21,32,0.03,0.02
13,sub20,6,barlow,fc-wpli,8084,16,32,32,0.001,0.03,0.02,1.0,0.1,0.7644941237839785,0.6565053902949269,0.017966334527660263,0.9002240008045092,0.14229124475646904,102.84283171340883,0.0,0.0,0.0,all-patient,True,segssl_barlow_all-patient_fc-wpli_finetune_seed21_pre20_proj32_mask0_03_noise0_02_mlp1_0_sup100_10seed_locked,True,barlow,fc-wpli,21,32,0.03,0.02
13,sub20,7,barlow,fc-wpli,8084,16,32,32,0.001,0.03,0.02,1.0,0.1,0.7985735456698497,0.6894895184063629,0.018742559926783142,0.9034146806703726,0.16462412261389833,104.97308156612833,0.0,0.0,0.0,all-patient,True,segssl_barlow_all-patient_fc-wpli_finetune_seed21_pre20_proj32_mask0_03_noise0_02_mlp1_0_sup100_10seed_locked,True,barlow,fc-wpli,21,32,0.03,0.02
13,sub20,8,barlow,fc-wpli,8084,16,32,32,0.001,0.03,0.02,1.0,0.1,0.7719684588343729,0.6623763608131484,0.019885789735515125,0.8970630858019878,0.1547093211577491,101.53341047565928,0.0,0.0,0.0,all-patient,True,segssl_barlow_all-patient_fc-wpli_finetune_seed21_pre20_proj32_mask0_03_noise0_02_mlp1_0_sup100_10seed_locked,True,barlow,fc-wpli,21,32,0.03,0.02
13,sub20,9,barlow,fc-wpli,8084,16,32,32,0.001,0.03,0.02,1.0,0.1,0.7622086575379956,0.6536720211326841,0.01907650943801337,0.8946012697907776,0.15840930922180985,99.05254443926302,0.0,0.0,0.0,all-patient,True,segssl_barlow_all-patient_fc-wpli_finetune_seed21_pre20_proj32_mask0_03_noise0_02_mlp1_0_sup100_10seed_locked,True,barlow,fc-wpli,21,32,0.03,0.02
13,sub20,10,barlow,fc-wpli,8084,16,32,32,0.001,0.03,0.02,1.0,0.1,0.7413854683222978,0.6320365027123289,0.02009368154842392,0.8925528371993732,0.13985755694698793,98.4357914528828,0.0,0.0,0.0,all-patient,True,segssl_barlow_all-patient_fc-wpli_finetune_seed21_pre20_proj32_mask0_03_noise0_02_mlp1_0_sup100_10seed_locked,True,barlow,fc-wpli,21,32,0.03,0.02
13,sub20,11,barlow,fc-wpli,8084,16,32,32,0.001,0.03,0.02,1.0,0.1,0.727574210864282,0.6183621300892397,0.02012582541454451,0.8908625366423912,0.1398939412084211,95.69363979294366,0.0,0.0,0.0,all-patient,True,segssl_barlow_all-patient_fc-wpli_finetune_seed21_pre20_proj32_mask0_03_noise0_02_mlp1_0_sup100_10seed_locked,True,barlow,fc-wpli,21,32,0.03,0.02
13,sub20,12,barlow,fc-wpli,8084,16,32,32,0.001,0.03,0.02,1.0,0.1,0.7247270741481555,0.615613750082702,0.02026342803781683,0.8884989555645366,0.14274206529638322,94.57433881495781,0.0,0.0,0.0,all-patient,True,segssl_barlow_all-patient_fc-wpli_finetune_seed21_pre20_proj32_mask0_03_noise0_02_mlp1_0_sup100_10seed_locked,True,barlow,fc-wpli,21,32,0.03,0.02
13,sub20,13,barlow,fc-wpli,8084,16,32,32,0.001,0.03,0.02,1.0,0.1,0.7283960307539687,0.6156866336646287,0.02381779341829624,0.8889160282291443,0.1487230470582563,93.39271899739744,0.0,0.0,0.0,all-patient,True,segssl_barlow_all-patient_fc-wpli_finetune_seed21_pre20_proj32_mask0_03_noise0_02_mlp1_0_sup100_10seed_locked,True,barlow,fc-wpli,21,32,0.03,0.02
13,sub20,14,barlow,fc-wpli,8084,16,32,32,0.001,0.03,0.02,1.0,0.1,0.7425507118579427,0.6293161445455588,0.024206265630458183,0.8902830109294695,0.14898372788452488,96.06648554443842,0.0,0.0,0.0,all-patient,True,segssl_barlow_all-patient_fc-wpli_finetune_seed21_pre20_proj32_mask0_03_noise0_02_mlp1_0_sup100_10seed_locked,True,barlow,fc-wpli,21,32,0.03,0.02
13,sub20,15,barlow,fc-wpli,8084,16,32,32,0.001,0.03,0.02,1.0,0.1,0.732450583412242,0.6186079179109792,0.025035314644749458,0.888073510685457,0.1513508202527878,93.45142154919772,0.0,0.0,0.0,all-patient,True,segssl_barlow_all-patient_fc-wpli_finetune_seed21_pre20_proj32_mask0_03_noise0_02_mlp1_0_sup100_10seed_locked,True,barlow,fc-wpli,21,32,0.03,0.02
13,sub20,16,barlow,fc-wpli,8084,16,32,32,0.001,0.03,0.02,1.0,0.1,0.7532246181733995,0.6392916926871175,0.02512598131956319,0.8880694724118756,0.17016896777261756,93.82454694966553,0.0,0.0,0.0,all-patient,True,segssl_barlow_all-patient_fc-wpli_finetune_seed21_pre20_proj32_mask0_03_noise0_02_mlp1_0_sup100_10seed_locked,True,barlow,fc-wpli,21,32,0.03,0.02
13,sub20,17,barlow,fc-wpli,8084,16,32,32,0.001,0.03,0.02,1.0,0.1,0.7620465368503638,0.6471917045564048,0.025161120024594395,0.8969371097361146,0.14014478463860386,101.40938617872155,0.0,0.0,0.0,all-patient,True,segssl_barlow_all-patient_fc-wpli_finetune_seed21_pre20_proj32_mask0_03_noise0_02_mlp1_0_sup100_10seed_locked,True,barlow,fc-wpli,21,32,0.03,0.02
13,sub20,18,barlow,fc-wpli,8084,16,32,32,0.001,0.03,0.02,1.0,0.1,0.7210403226109833,0.6072307916969178,0.02530575269766947,0.8850377765097637,0.14395799754779204,92.65456087315978,0.0,0.0,0.0,all-patient,True,segssl_barlow_all-patient_fc-wpli_finetune_seed21_pre20_proj32_mask0_03_noise0_02_mlp1_0_sup100_10seed_locked,True,barlow,fc-wpli,21,32,0.03,0.02
13,sub20,19,barlow,fc-wpli,8084,16,32,32,0.001,0.03,0.02,1.0,0.1,0.7194493050160615,0.6027180895857189,0.028254384108682865,0.8847683106250914,0.13906251795874291,92.73111637401958,0.0,0.0,0.0,all-patient,True,segssl_barlow_all-patient_fc-wpli_finetune_seed21_pre20_proj32_mask0_03_noise0_02_mlp1_0_sup100_10seed_locked,True,barlow,fc-wpli,21,32,0.03,0.02
13,sub20,20,barlow,fc-wpli,8084,16,32,32,0.001,0.03,0.02,1.0,0.1,0.7147703171954325,0.5997555400189675,0.026615656647286396,0.8839912043494198,0.14817789207792864,90.31553155348706,0.0,0.0,0.0,all-patient,True,segssl_barlow_all-patient_fc-wpli_finetune_seed21_pre20_proj32_mask0_03_noise0_02_mlp1_0_sup100_10seed_locked,True,barlow,fc-wpli,21,32,0.03,0.02
14,sub22,1,barlow,fc-wpli,8074,16,32,32,0.001,0.03,0.02,1.0,0.1,1.137570816337472,0.8909775610017304,0.14880976983816316,0.9778348260586804,0.1687169744939737,144.45212054866374,0.0,0.0,0.0,all-patient,True,segssl_barlow_all-patient_fc-wpli_finetune_seed21_pre20_proj32_mask0_03_noise0_02_mlp1_0_sup100_10seed_locked,True,barlow,fc-wpli,21,32,0.03,0.02
14,sub22,2,barlow,fc-wpli,8074,16,32,32,0.001,0.03,0.02,1.0,0.1,0.8457170904272854,0.7309084975483394,0.021556942297680542,0.9325165246972943,0.15018837421344094,116.14402715097559,0.0,0.0,0.0,all-patient,True,segssl_barlow_all-patient_fc-wpli_finetune_seed21_pre20_proj32_mask0_03_noise0_02_mlp1_0_sup100_10seed_locked,True,barlow,fc-wpli,21,32,0.03,0.02
14,sub22,3,barlow,fc-wpli,8074,16,32,32,0.001,0.03,0.02,1.0,0.1,0.8132221158188169,0.704947968461726,0.01695956310423294,0.9131458365091003,0.15761322047731996,109.46695166861657,0.0,0.0,0.0,all-patient,True,segssl_barlow_all-patient_fc-wpli_finetune_seed21_pre20_proj32_mask0_03_noise0_02_mlp1_0_sup100_10seed_locked,True,barlow,fc-wpli,21,32,0.03,0.02
14,sub22,4,barlow,fc-wpli,8074,16,32,32,0.001,0.03,0.02,1.0,0.1,0.8044545478159838,0.6980900209138889,0.015988574877823934,0.9037595237835799,0.15957912714405004,107.70218108526551,0.0,0.0,0.0,all-patient,True,segssl_barlow_all-patient_fc-wpli_finetune_seed21_pre20_proj32_mask0_03_noise0_02_mlp1_0_sup100_10seed_locked,True,barlow,fc-wpli,21,32,0.03,0.02
14,sub22,5,barlow,fc-wpli,8074,16,32,32,0.001,0.03,0.02,1.0,0.1,0.7618962244232103,0.6550944852947008,0.01686762748378338,0.8993411190438979,0.1440009258700175,102.21871431558439,0.0,0.0,0.0,all-patient,True,segssl_barlow_all-patient_fc-wpli_finetune_seed21_pre20_proj32_mask0_03_noise0_02_mlp1_0_sup100_10seed_locked,True,barlow,fc-wpli,21,32,0.03,0.02
14,sub22,6,barlow,fc-wpli,8074,16,32,32,0.001,0.03,0.02,1.0,0.1,0.7536012464230604,0.6453799307346344,0.0182007891116756,0.9002052678920255,0.13941396212650206,101.19319584912593,0.0,0.0,0.0,all-patient,True,segssl_barlow_all-patient_fc-wpli_finetune_seed21_pre20_proj32_mask0_03_noise0_02_mlp1_0_sup100_10seed_locked,True,barlow,fc-wpli,21,32,0.03,0.02
14,sub22,7,barlow,fc-wpli,8074,16,32,32,0.001,0.03,0.02,1.0,0.1,0.7566187195258566,0.6471741995008865,0.01978379547005833,0.896607242952479,0.14513101378884535,100.40863932996693,0.0,0.0,0.0,all-patient,True,segssl_barlow_all-patient_fc-wpli_finetune_seed21_pre20_proj32_mask0_03_noise0_02_mlp1_0_sup100_10seed_locked,True,barlow,fc-wpli,21,32,0.03,0.02
14,sub22,8,barlow,fc-wpli,8074,16,32,32,0.001,0.03,0.02,1.0,0.1,0.7407885297690288,0.6321360475946181,0.019353012755365655,0.8929946913577542,0.138221099140413,98.78299184364847,0.0,0.0,0.0,all-patient,True,segssl_barlow_all-patient_fc-wpli_finetune_seed21_pre20_proj32_mask0_03_noise0_02_mlp1_0_sup100_10seed_locked,True,barlow,fc-wpli,21,32,0.03,0.02
14,sub22,9,barlow,fc-wpli,8074,16,32,32,0.001,0.03,0.02,1.0,0.1,0.7363393713932226,0.6261807511938681,0.020992263945022432,0.8916635567599004,0.1392794738066069,97.38025728735593,0.0,0.0,0.0,all-patient,True,segssl_barlow_all-patient_fc-wpli_finetune_seed21_pre20_proj32_mask0_03_noise0_02_mlp1_0_sup100_10seed_locked,True,barlow,fc-wpli,21,32,0.03,0.02
14,sub22,10,barlow,fc-wpli,8074,16,32,32,0.001,0.03,0.02,1.0,0.1,0.7125751805777597,0.6041135911304172,0.01962059677237331,0.8884099206121842,0.12909912202843823,95.00289602751779,0.0,0.0,0.0,all-patient,True,segssl_barlow_all-patient_fc-wpli_finetune_seed21_pre20_proj32_mask0_03_noise0_02_mlp1_0_sup100_10seed_locked,True,barlow,fc-wpli,21,32,0.03,0.02
14,sub22,11,barlow,fc-wpli,8074,16,32,32,0.001,0.03,0.02,1.0,0.1,0.7036459294876249,0.5929150231403879,0.021828844759723926,0.8890206195340298,0.12491591160005826,93.59982438795637,0.0,0.0,0.0,all-patient,True,segssl_barlow_all-patient_fc-wpli_finetune_seed21_pre20_proj32_mask0_03_noise0_02_mlp1_0_sup100_10seed_locked,True,barlow,fc-wpli,21,32,0.03,0.02
14,sub22,12,barlow,fc-wpli,8074,16,32,32,0.001,0.03,0.02,1.0,0.1,0.7133679227073594,0.6029186225763642,0.021433737490436817,0.8901556292382797,0.1313031786384227,94.32309104994972,0.0,0.0,0.0,all-patient,True,segssl_barlow_all-patient_fc-wpli_finetune_seed21_pre20_proj32_mask0_03_noise0_02_mlp1_0_sup100_10seed_locked,True,barlow,fc-wpli,21,32,0.03,0.02
14,sub22,13,barlow,fc-wpli,8074,16,32,32,0.001,0.03,0.02,1.0,0.1,0.7012021952336377,0.5910516063175579,0.0213828181276227,0.8876777303100812,0.13105281768528063,91.99976010464205,0.0,0.0,0.0,all-patient,True,segssl_barlow_all-patient_fc-wpli_finetune_seed21_pre20_proj32_mask0_03_noise0_02_mlp1_0_sup100_10seed_locked,True,barlow,fc-wpli,21,32,0.03,0.02
14,sub22,14,barlow,fc-wpli,8074,16,32,32,0.001,0.03,0.02,1.0,0.1,0.7007385067420431,0.5889182804244579,0.02305617568516495,0.8876405112814195,0.12703657037115168,92.37634389140818,0.0,0.0,0.0,all-patient,True,segssl_barlow_all-patient_fc-wpli_finetune_seed21_pre20_proj32_mask0_03_noise0_02_mlp1_0_sup100_10seed_locked,True,barlow,fc-wpli,21,32,0.03,0.02
14,sub22,15,barlow,fc-wpli,8074,16,32,32,0.001,0.03,0.02,1.0,0.1,0.7210737517564604,0.6077278068160067,0.024495756035984154,0.8885019010836536,0.1424147217560993,93.06261944157062,0.0,0.0,0.0,all-patient,True,segssl_barlow_all-patient_fc-wpli_finetune_seed21_pre20_proj32_mask0_03_noise0_02_mlp1_0_sup100_10seed_locked,True,barlow,fc-wpli,21,32,0.03,0.02
14,sub22,16,barlow,fc-wpli,8074,16,32,32,0.001,0.03,0.02,1.0,0.1,0.7088608039487706,0.595879059970969,0.02421342405942407,0.8876831896234267,0.1308532030673209,93.00517357552405,0.0,0.0,0.0,all-patient,True,segssl_barlow_all-patient_fc-wpli_finetune_seed21_pre20_proj32_mask0_03_noise0_02_mlp1_0_sup100_10seed_locked,True,barlow,fc-wpli,21,32,0.03,0.02
14,sub22,17,barlow,fc-wpli,8074,16,32,32,0.001,0.03,0.02,1.0,0.1,0.6903077369869346,0.5780179609756658,0.023676215540064445,0.8861356038858395,0.1253881007422564,90.52597409994296,0.0,0.0,0.0,all-patient,True,segssl_barlow_all-patient_fc-wpli_finetune_seed21_pre20_proj32_mask0_03_noise0_02_mlp1_0_sup100_10seed_locked,True,barlow,fc-wpli,21,32,0.03,0.02
14,sub22,18,barlow,fc-wpli,8074,16,32,32,0.001,0.03,0.02,1.0,0.1,0.7020341619996742,0.5866177680468795,0.02666832196830523,0.8874807232677346,0.13013769656322932,91.29601630786858,0.0,0.0,0.0,all-patient,True,segssl_barlow_all-patient_fc-wpli_finetune_seed21_pre20_proj32_mask0_03_noise0_02_mlp1_0_sup100_10seed_locked,True,barlow,fc-wpli,21,32,0.03,0.02
14,sub22,19,barlow,fc-wpli,8074,16,32,32,0.001,0.03,0.02,1.0,0.1,0.7042559124455594,0.5913418978747755,0.024260560120686447,0.8865345409601042,0.13828108016295487,90.61216565122699,0.0,0.0,0.0,all-patient,True,segssl_barlow_all-patient_fc-wpli_finetune_seed21_pre20_proj32_mask0_03_noise0_02_mlp1_0_sup100_10seed_locked,True,barlow,fc-wpli,21,32,0.03,0.02
14,sub22,20,barlow,fc-wpli,8074,16,32,32,0.001,0.03,0.02,1.0,0.1,0.6965692315951433,0.5848134376034878,0.023218561163043033,0.8853723116440348,0.13564092152668994,89.83450534933864,0.0,0.0,0.0,all-patient,True,segssl_barlow_all-patient_fc-wpli_finetune_seed21_pre20_proj32_mask0_03_noise0_02_mlp1_0_sup100_10seed_locked,True,barlow,fc-wpli,21,32,0.03,0.02
15,sub24,1,barlow,fc-wpli,8059,16,32,32,0.001,0.03,0.02,1.0,0.1,1.1173206311133173,0.8884202525729225,0.13120298016638982,0.9769739786547328,0.16734232373317584,144.21558873615567,0.0,0.0,0.0,all-patient,True,segssl_barlow_all-patient_fc-wpli_finetune_seed21_pre20_proj32_mask0_03_noise0_02_mlp1_0_sup100_10seed_locked,True,barlow,fc-wpli,21,32,0.03,0.02
15,sub24,2,barlow,fc-wpli,8059,16,32,32,0.001,0.03,0.02,1.0,0.1,0.8766033181122371,0.7617340571587048,0.021321021375201997,0.9354823970841983,0.16163914020072542,120.01898676251608,0.0,0.0,0.0,all-patient,True,segssl_barlow_all-patient_fc-wpli_finetune_seed21_pre20_proj32_mask0_03_noise0_02_mlp1_0_sup100_10seed_locked,True,barlow,fc-wpli,21,32,0.03,0.02
15,sub24,3,barlow,fc-wpli,8059,16,32,32,0.001,0.03,0.02,1.0,0.1,0.8247545054034581,0.7122255550727011,0.020811546889562455,0.9171740333475764,0.14995705806474674,112.45370207892523,0.0,0.0,0.0,all-patient,True,segssl_barlow_all-patient_fc-wpli_finetune_seed21_pre20_proj32_mask0_03_noise0_02_mlp1_0_sup100_10seed_locked,True,barlow,fc-wpli,21,32,0.03,0.02
15,sub24,4,barlow,fc-wpli,8059,16,32,32,0.001,0.03,0.02,1.0,0.1,0.7885205419290633,0.6767162324653732,0.021009408292316255,0.9079490134876872,0.14961072022815064,105.42110477931915,0.0,0.0,0.0,all-patient,True,segssl_barlow_all-patient_fc-wpli_finetune_seed21_pre20_proj32_mask0_03_noise0_02_mlp1_0_sup100_10seed_locked,True,barlow,fc-wpli,21,32,0.03,0.02
15,sub24,5,barlow,fc-wpli,8059,16,32,32,0.001,0.03,0.02,1.0,0.1,0.7646406462031697,0.6545425565942885,0.020012157776999096,0.9008593119326092,0.14683581917802618,101.54135001651825,0.0,0.0,0.0,all-patient,True,segssl_barlow_all-patient_fc-wpli_finetune_seed21_pre20_proj32_mask0_03_noise0_02_mlp1_0_sup100_10seed_locked,True,barlow,fc-wpli,21,32,0.03,0.02
15,sub24,6,barlow,fc-wpli,8059,16,32,32,0.001,0.03,0.02,1.0,0.1,0.7817493472543974,0.6695976981686221,0.022442386263892763,0.8970926338954578,0.16303155380338136,101.313231453063,0.0,0.0,0.0,all-patient,True,segssl_barlow_all-patient_fc-wpli_finetune_seed21_pre20_proj32_mask0_03_noise0_02_mlp1_0_sup100_10seed_locked,True,barlow,fc-wpli,21,32,0.03,0.02
15,sub24,7,barlow,fc-wpli,8059,16,32,32,0.001,0.03,0.02,1.0,0.1,0.7622018808883334,0.6471545971220448,0.025582200714520047,0.8946508335925284,0.15456076545073993,98.51876843164838,0.0,0.0,0.0,all-patient,True,segssl_barlow_all-patient_fc-wpli_finetune_seed21_pre20_proj32_mask0_03_noise0_02_mlp1_0_sup100_10seed_locked,True,barlow,fc-wpli,21,32,0.03,0.02
15,sub24,8,barlow,fc-wpli,8059,16,32,32,0.001,0.03,0.02,1.0,0.1,0.7587409308032383,0.6427266206296663,0.026761227420398166,0.8925308294239498,0.1506204974547949,98.42122691018241,0.0,0.0,0.0,all-patient,True,segssl_barlow_all-patient_fc-wpli_finetune_seed21_pre20_proj32_mask0_03_noise0_02_mlp1_0_sup100_10seed_locked,True,barlow,fc-wpli,21,32,0.03,0.02
15,sub24,9,barlow,fc-wpli,8059,16,32,32,0.001,0.03,0.02,1.0,0.1,0.7132041878880017,0.5982813400526842,0.02591656739749606,0.8900627990563711,0.12858705601418421,93.9388589556255,0.0,0.0,0.0,all-patient,True,segssl_barlow_all-patient_fc-wpli_finetune_seed21_pre20_proj32_mask0_03_noise0_02_mlp1_0_sup100_10seed_locked,True,barlow,fc-wpli,21,32,0.03,0.02
15,sub24,10,barlow,fc-wpli,8059,16,32,32,0.001,0.03,0.02,1.0,0.1,0.7505324890925771,0.6349345980182527,0.02663988915700761,0.889580028870749,0.1534795338763312,96.29101483784025,0.0,0.0,0.0,all-patient,True,segssl_barlow_all-patient_fc-wpli_finetune_seed21_pre20_proj32_mask0_03_noise0_02_mlp1_0_sup100_10seed_locked,True,barlow,fc-wpli,21,32,0.03,0.02
15,sub24,11,barlow,fc-wpli,8059,16,32,32,0.001,0.03,0.02,1.0,0.1,0.709082512983254,0.5947963834873268,0.025589416187907024,0.8869671283496751,0.12657768045189893,93.64374263702877,0.0,0.0,0.0,all-patient,True,segssl_barlow_all-patient_fc-wpli_finetune_seed21_pre20_proj32_mask0_03_noise0_02_mlp1_0_sup100_10seed_locked,True,barlow,fc-wpli,21,32,0.03,0.02
15,sub24,12,barlow,fc-wpli,8059,16,32,32,0.001,0.03,0.02,1.0,0.1,0.7222388082198681,0.6068317280520522,0.026714697243675353,0.886923812211506,0.14292439036903992,92.7814693148174,0.0,0.0,0.0,all-patient,True,segssl_barlow_all-patient_fc-wpli_finetune_seed21_pre20_proj32_mask0_03_noise0_02_mlp1_0_sup100_10seed_locked,True,barlow,fc-wpli,21,32,0.03,0.02
15,sub24,13,barlow,fc-wpli,8059,16,32,32,0.001,0.03,0.02,1.0,0.1,0.718809424529946,0.6052267353331285,0.02487219326079838,0.8871049559305585,0.14415219356790962,92.21491073426746,0.0,0.0,0.0,all-patient,True,segssl_barlow_all-patient_fc-wpli_finetune_seed21_pre20_proj32_mask0_03_noise0_02_mlp1_0_sup100_10seed_locked,True,barlow,fc-wpli,21,32,0.03,0.02
15,sub24,14,barlow,fc-wpli,8059,16,32,32,0.001,0.03,0.02,1.0,0.1,0.710678478673337,0.5974562548337474,0.024548896957957554,0.8867332761486372,0.14137071483278377,91.21711020999484,0.0,0.0,0.0,all-patient,True,segssl_barlow_all-patient_fc-wpli_finetune_seed21_pre20_proj32_mask0_03_noise0_02_mlp1_0_sup100_10seed_locked,True,barlow,fc-wpli,21,32,0.03,0.02
15,sub24,15,barlow,fc-wpli,8059,16,32,32,0.001,0.03,0.02,1.0,0.1,0.6946193670469617,0.5816126320925024,0.02444560400077275,0.8856113010219165,0.13303268794513157,89.71599083855038,0.0,0.0,0.0,all-patient,True,segssl_barlow_all-patient_fc-wpli_finetune_seed21_pre20_proj32_mask0_03_noise0_02_mlp1_0_sup100_10seed_locked,True,barlow,fc-wpli,21,32,0.03,0.02
15,sub24,16,barlow,fc-wpli,8059,16,32,32,0.001,0.03,0.02,1.0,0.1,0.6909833159002047,0.5786333712083953,0.02371599797218565,0.8863394767755554,0.12944668097955558,89.83734011271643,0.0,0.0,0.0,all-patient,True,segssl_barlow_all-patient_fc-wpli_finetune_seed21_pre20_proj32_mask0_03_noise0_02_mlp1_0_sup100_10seed_locked,True,barlow,fc-wpli,21,32,0.03,0.02
15,sub24,17,barlow,fc-wpli,8059,16,32,32,0.001,0.03,0.02,1.0,0.1,0.6932390519669132,0.5814323509851146,0.023195585797703457,0.8861111542062153,0.13088989498381068,90.10849303290958,0.0,0.0,0.0,all-patient,True,segssl_barlow_all-patient_fc-wpli_finetune_seed21_pre20_proj32_mask0_03_noise0_02_mlp1_0_sup100_10seed_locked,True,barlow,fc-wpli,21,32,0.03,0.02
15,sub24,18,barlow,fc-wpli,8059,16,32,32,0.001,0.03,0.02,1.0,0.1,0.6933398699121816,0.5810918915602896,0.023671725676173254,0.8857625222631863,0.13335355246690886,89.5476698648362,0.0,0.0,0.0,all-patient,True,segssl_barlow_all-patient_fc-wpli_finetune_seed21_pre20_proj32_mask0_03_noise0_02_mlp1_0_sup100_10seed_locked,True,barlow,fc-wpli,21,32,0.03,0.02
15,sub24,19,barlow,fc-wpli,8059,16,32,32,0.001,0.03,0.02,1.0,0.1,0.693974058661196,0.5816172297511782,0.023843098017904494,0.8851373131786074,0.13160733992602522,90.00197991870698,0.0,0.0,0.0,all-patient,True,segssl_barlow_all-patient_fc-wpli_finetune_seed21_pre20_proj32_mask0_03_noise0_02_mlp1_0_sup100_10seed_locked,True,barlow,fc-wpli,21,32,0.03,0.02
15,sub24,20,barlow,fc-wpli,8059,16,32,32,0.001,0.03,0.02,1.0,0.1,0.7036156623609482,0.5911450460553169,0.023997740613089666,0.8847287607098383,0.13901874555564958,90.4252620424543,0.0,0.0,0.0,all-patient,True,segssl_barlow_all-patient_fc-wpli_finetune_seed21_pre20_proj32_mask0_03_noise0_02_mlp1_0_sup100_10seed_locked,True,barlow,fc-wpli,21,32,0.03,0.02
16,sub27,1,barlow,fc-wpli,8018,16,32,32,0.001,0.03,0.02,1.0,0.1,1.1097163206552605,0.9065246933484933,0.1054611346161223,0.9773049742814555,0.1972804759905963,141.84884708906074,0.0,0.0,0.0,all-patient,True,segssl_barlow_all-patient_fc-wpli_finetune_seed21_pre20_proj32_mask0_03_noise0_02_mlp1_0_sup100_10seed_locked,True,barlow,fc-wpli,21,32,0.03,0.02
16,sub27,2,barlow,fc-wpli,8018,16,32,32,0.001,0.03,0.02,1.0,0.1,0.8894185066460614,0.7717192576700947,0.023658901809221245,0.940403446020833,0.1922691184714292,115.89003037836447,0.0,0.0,0.0,all-patient,True,segssl_barlow_all-patient_fc-wpli_finetune_seed21_pre20_proj32_mask0_03_noise0_02_mlp1_0_sup100_10seed_locked,True,barlow,fc-wpli,21,32,0.03,0.02
16,sub27,3,barlow,fc-wpli,8018,16,32,32,0.001,0.03,0.02,1.0,0.1,0.8370517652585687,0.7228442946990647,0.022138890992122816,0.920685784156579,0.16754315073501894,111.06023127339276,0.0,0.0,0.0,all-patient,True,segssl_barlow_all-patient_fc-wpli_finetune_seed21_pre20_proj32_mask0_03_noise0_02_mlp1_0_sup100_10seed_locked,True,barlow,fc-wpli,21,32,0.03,0.02
16,sub27,4,barlow,fc-wpli,8018,16,32,32,0.001,0.03,0.02,1.0,0.1,0.7781285996218602,0.6678449437319045,0.019622858776989213,0.9066079904833638,0.14142514641124912,105.28396220416187,0.0,0.0,0.0,all-patient,True,segssl_barlow_all-patient_fc-wpli_finetune_seed21_pre20_proj32_mask0_03_noise0_02_mlp1_0_sup100_10seed_locked,True,barlow,fc-wpli,21,32,0.03,0.02
16,sub27,5,barlow,fc-wpli,8018,16,32,32,0.001,0.03,0.02,1.0,0.1,0.7878116650647851,0.6760385116020522,0.021302589382308414,0.9047056336801841,0.15528094195909203,104.15151614306933,0.0,0.0,0.0,all-patient,True,segssl_barlow_all-patient_fc-wpli_finetune_seed21_pre20_proj32_mask0_03_noise0_02_mlp1_0_sup100_10seed_locked,True,barlow,fc-wpli,21,32,0.03,0.02
16,sub27,6,barlow,fc-wpli,8018,16,32,32,0.001,0.03,0.02,1.0,0.1,0.7901028891008689,0.679084678273277,0.02123268928185877,0.8978552250748136,0.1683552053933722,102.14589723077903,0.0,0.0,0.0,all-patient,True,segssl_barlow_all-patient_fc-wpli_finetune_seed21_pre20_proj32_mask0_03_noise0_02_mlp1_0_sup100_10seed_locked,True,barlow,fc-wpli,21,32,0.03,0.02
16,sub27,7,barlow,fc-wpli,8018,16,32,32,0.001,0.03,0.02,1.0,0.1,0.7886360798224035,0.6763609664967336,0.022732880011022805,0.8954223345712836,0.174022869414982,100.4676217310932,0.0,0.0,0.0,all-patient,True,segssl_barlow_all-patient_fc-wpli_finetune_seed21_pre20_proj32_mask0_03_noise0_02_mlp1_0_sup100_10seed_locked,True,barlow,fc-wpli,21,32,0.03,0.02
16,sub27,8,barlow,fc-wpli,8018,16,32,32,0.001,0.03,0.02,1.0,0.1,0.7699412183457637,0.6557854278629045,0.024754664574961262,0.8940112701212742,0.15850692626450164,99.4557025195118,0.0,0.0,0.0,all-patient,True,segssl_barlow_all-patient_fc-wpli_finetune_seed21_pre20_proj32_mask0_03_noise0_02_mlp1_0_sup100_10seed_locked,True,barlow,fc-wpli,21,32,0.03,0.02
16,sub27,9,barlow,fc-wpli,8018,16,32,32,0.001,0.03,0.02,1.0,0.1,0.7430336117981915,0.6264899002603326,0.027153703083555063,0.8939000917858336,0.1427541291913986,96.74715610519348,0.0,0.0,0.0,all-patient,True,segssl_barlow_all-patient_fc-wpli_finetune_seed21_pre20_proj32_mask0_03_noise0_02_mlp1_0_sup100_10seed_locked,True,barlow,fc-wpli,21,32,0.03,0.02
16,sub27,10,barlow,fc-wpli,8018,16,32,32,0.001,0.03,0.02,1.0,0.1,0.7420080476904295,0.6268019263606622,0.0258249488484812,0.8938117294435007,0.14435972294986316,96.48844294149087,0.0,0.0,0.0,all-patient,True,segssl_barlow_all-patient_fc-wpli_finetune_seed21_pre20_proj32_mask0_03_noise0_02_mlp1_0_sup100_10seed_locked,True,barlow,fc-wpli,21,32,0.03,0.02
16,sub27,11,barlow,fc-wpli,8018,16,32,32,0.001,0.03,0.02,1.0,0.1,0.734480478136663,0.6201852623566213,0.025181420058368213,0.8911379503301415,0.14033659444051114,95.96973577248623,0.0,0.0,0.0,all-patient,True,segssl_barlow_all-patient_fc-wpli_finetune_seed21_pre20_proj32_mask0_03_noise0_02_mlp1_0_sup100_10seed_locked,True,barlow,fc-wpli,21,32,0.03,0.02
16,sub27,12,barlow,fc-wpli,8018,16,32,32,0.001,0.03,0.02,1.0,0.1,0.7852284512909286,0.6718165671445459,0.024447123842885294,0.8896475688394797,0.1958755418640632,95.1882080290897,0.0,0.0,0.0,all-patient,True,segssl_barlow_all-patient_fc-wpli_finetune_seed21_pre20_proj32_mask0_03_noise0_02_mlp1_0_sup100_10seed_locked,True,barlow,fc-wpli,21,32,0.03,0.02
16,sub27,13,barlow,fc-wpli,8018,16,32,32,0.001,0.03,0.02,1.0,0.1,0.7470791888426974,0.6330465817475224,0.025034302496815108,0.889983032329149,0.158665757879997,94.8761671453833,0.0,0.0,0.0,all-patient,True,segssl_barlow_all-patient_fc-wpli_finetune_seed21_pre20_proj32_mask0_03_noise0_02_mlp1_0_sup100_10seed_locked,True,barlow,fc-wpli,21,32,0.03,0.02
16,sub27,14,barlow,fc-wpli,8018,16,32,32,0.001,0.03,0.02,1.0,0.1,0.7500077719944882,0.6341798690210776,0.026716282880638702,0.8911162072206399,0.15687716170886634,95.46054393266776,0.0,0.0,0.0,all-patient,True,segssl_barlow_all-patient_fc-wpli_finetune_seed21_pre20_proj32_mask0_03_noise0_02_mlp1_0_sup100_10seed_locked,True,barlow,fc-wpli,21,32,0.03,0.02
16,sub27,15,barlow,fc-wpli,8018,16,32,32,0.001,0.03,0.02,1.0,0.1,0.7164646100950431,0.60026681239149,0.02705928243963842,0.8913851578634574,0.12900842736760015,94.25167925709272,0.0,0.0,0.0,all-patient,True,segssl_barlow_all-patient_fc-wpli_finetune_seed21_pre20_proj32_mask0_03_noise0_02_mlp1_0_sup100_10seed_locked,True,barlow,fc-wpli,21,32,0.03,0.02
16,sub27,16,barlow,fc-wpli,8018,16,32,32,0.001,0.03,0.02,1.0,0.1,0.7190402052791945,0.6050710931004756,0.025159201536520542,0.8880991306437914,0.13948702279316444,93.11681595456552,0.0,0.0,0.0,all-patient,True,segssl_barlow_all-patient_fc-wpli_finetune_seed21_pre20_proj32_mask0_03_noise0_02_mlp1_0_sup100_10seed_locked,True,barlow,fc-wpli,21,32,0.03,0.02
16,sub27,17,barlow,fc-wpli,8018,16,32,32,0.001,0.03,0.02,1.0,0.1,0.7149103769505641,0.5981234102491364,0.0278924734468954,0.8889449371759635,0.14229253270726863,91.1661776508468,0.0,0.0,0.0,all-patient,True,segssl_barlow_all-patient_fc-wpli_finetune_seed21_pre20_proj32_mask0_03_noise0_02_mlp1_0_sup100_10seed_locked,True,barlow,fc-wpli,21,32,0.03,0.02
16,sub27,18,barlow,fc-wpli,8018,16,32,32,0.001,0.03,0.02,1.0,0.1,0.7544195646071339,0.6384514931188636,0.027088245785093876,0.8887982741295104,0.17544353132060103,92.60159471975379,0.0,0.0,0.0,all-patient,True,segssl_barlow_all-patient_fc-wpli_finetune_seed21_pre20_proj32_mask0_03_noise0_02_mlp1_0_sup100_10seed_locked,True,barlow,fc-wpli,21,32,0.03,0.02
16,sub27,19,barlow,fc-wpli,8018,16,32,32,0.001,0.03,0.02,1.0,0.1,0.7187420090593665,0.6027830100629434,0.027098398759545558,0.8886059977381353,0.14269065524848454,92.01847336301766,0.0,0.0,0.0,all-patient,True,segssl_barlow_all-patient_fc-wpli_finetune_seed21_pre20_proj32_mask0_03_noise0_02_mlp1_0_sup100_10seed_locked,True,barlow,fc-wpli,21,32,0.03,0.02
16,sub27,20,barlow,fc-wpli,8018,16,32,32,0.001,0.03,0.02,1.0,0.1,0.7090896603714423,0.5935814279127881,0.02674327974775398,0.8876495146418948,0.13882105154508495,90.95207752364566,0.0,0.0,0.0,all-patient,True,segssl_barlow_all-patient_fc-wpli_finetune_seed21_pre20_proj32_mask0_03_noise0_02_mlp1_0_sup100_10seed_locked,True,barlow,fc-wpli,21,32,0.03,0.02
17,sub28,1,barlow,fc-wpli,8038,16,32,32,0.001,0.03,0.02,1.0,0.1,1.2301821924346106,0.9510132253288511,0.18150533904612182,0.9766363051255228,0.18064326166904812,154.07399623863265,0.0,0.0,0.0,all-patient,True,segssl_barlow_all-patient_fc-wpli_finetune_seed21_pre20_proj32_mask0_03_noise0_02_mlp1_0_sup100_10seed_locked,True,barlow,fc-wpli,21,32,0.03,0.02
17,sub28,2,barlow,fc-wpli,8038,16,32,32,0.001,0.03,0.02,1.0,0.1,0.8482424108455954,0.7280929285299707,0.02630637701652633,0.938431052398492,0.1387295957338102,117.87266950057467,0.0,0.0,0.0,all-patient,True,segssl_barlow_all-patient_fc-wpli_finetune_seed21_pre20_proj32_mask0_03_noise0_02_mlp1_0_sup100_10seed_locked,True,barlow,fc-wpli,21,32,0.03,0.02
17,sub28,3,barlow,fc-wpli,8038,16,32,32,0.001,0.03,0.02,1.0,0.1,0.8349941107435207,0.7225091899958093,0.02004922218398593,0.9243569824378012,0.1559620376085681,113.30943322608296,0.0,0.0,0.0,all-patient,True,segssl_barlow_all-patient_fc-wpli_finetune_seed21_pre20_proj32_mask0_03_noise0_02_mlp1_0_sup100_10seed_locked,True,barlow,fc-wpli,21,32,0.03,0.02
17,sub28,4,barlow,fc-wpli,8038,16,32,32,0.001,0.03,0.02,1.0,0.1,0.8180036729657152,0.709869298617361,0.01667887481970057,0.9145549939830545,0.1544666948622263,111.0805232994125,0.0,0.0,0.0,all-patient,True,segssl_barlow_all-patient_fc-wpli_finetune_seed21_pre20_proj32_mask0_03_noise0_02_mlp1_0_sup100_10seed_locked,True,barlow,fc-wpli,21,32,0.03,0.02
17,sub28,5,barlow,fc-wpli,8038,16,32,32,0.001,0.03,0.02,1.0,0.1,0.7668359265412772,0.658994662358794,0.017098103318489332,0.9074316195417825,0.1382738823586312,104.144158243896,0.0,0.0,0.0,all-patient,True,segssl_barlow_all-patient_fc-wpli_finetune_seed21_pre20_proj32_mask0_03_noise0_02_mlp1_0_sup100_10seed_locked,True,barlow,fc-wpli,21,32,0.03,0.02
17,sub28,6,barlow,fc-wpli,8038,16,32,32,0.001,0.03,0.02,1.0,0.1,0.7526250709122265,0.6439739189019971,0.018217436124979856,0.9043371500836215,0.13329113716207291,102.13655872989601,0.0,0.0,0.0,all-patient,True,segssl_barlow_all-patient_fc-wpli_finetune_seed21_pre20_proj32_mask0_03_noise0_02_mlp1_0_sup100_10seed_locked,True,barlow,fc-wpli,21,32,0.03,0.02
17,sub28,7,barlow,fc-wpli,8038,16,32,32,0.001,0.03,0.02,1.0,0.1,0.7550537252046953,0.6470003566495467,0.01798288035345362,0.9007048907858239,0.14333006606178514,100.73406019267695,0.0,0.0,0.0,all-patient,True,segssl_barlow_all-patient_fc-wpli_finetune_seed21_pre20_proj32_mask0_03_noise0_02_mlp1_0_sup100_10seed_locked,True,barlow,fc-wpli,21,32,0.03,0.02
17,sub28,8,barlow,fc-wpli,8038,16,32,32,0.001,0.03,0.02,1.0,0.1,0.7622954043194977,0.6551379659777844,0.017362585124628207,0.8979485295638886,0.15145333885899365,100.73692785911484,0.0,0.0,0.0,all-patient,True,segssl_barlow_all-patient_fc-wpli_finetune_seed21_pre20_proj32_mask0_03_noise0_02_mlp1_0_sup100_10seed_locked,True,barlow,fc-wpli,21,32,0.03,0.02
17,sub28,9,barlow,fc-wpli,8038,16,32,32,0.001,0.03,0.02,1.0,0.1,0.7499439264268097,0.6426849056546304,0.01774555954260096,0.8951346215386514,0.1488565915631256,98.76566484576428,0.0,0.0,0.0,all-patient,True,segssl_barlow_all-patient_fc-wpli_finetune_seed21_pre20_proj32_mask0_03_noise0_02_mlp1_0_sup100_10seed_locked,True,barlow,fc-wpli,21,32,0.03,0.02
17,sub28,10,barlow,fc-wpli,8038,16,32,32,0.001,0.03,0.02,1.0,0.1,0.744083443052963,0.6350305284230894,0.01941244123470238,0.8964047312262517,0.13907638744883438,99.19083026863234,0.0,0.0,0.0,all-patient,True,segssl_barlow_all-patient_fc-wpli_finetune_seed21_pre20_proj32_mask0_03_noise0_02_mlp1_0_sup100_10seed_locked,True,barlow,fc-wpli,21,32,0.03,0.02
17,sub28,11,barlow,fc-wpli,8038,16,32,32,0.001,0.03,0.02,1.0,0.1,0.7366799530286201,0.6278666744293797,0.019486225623022727,0.8932705239557603,0.14556653865693586,96.46002954137965,0.0,0.0,0.0,all-patient,True,segssl_barlow_all-patient_fc-wpli_finetune_seed21_pre20_proj32_mask0_03_noise0_02_mlp1_0_sup100_10seed_locked,True,barlow,fc-wpli,21,32,0.03,0.02
17,sub28,12,barlow,fc-wpli,8038,16,32,32,0.001,0.03,0.02,1.0,0.1,0.7463734876327439,0.6372327899956561,0.018685479761354967,0.9045521677369863,0.14525001235310891,98.39655798424783,0.0,0.0,0.0,all-patient,True,segssl_barlow_all-patient_fc-wpli_finetune_seed21_pre20_proj32_mask0_03_noise0_02_mlp1_0_sup100_10seed_locked,True,barlow,fc-wpli,21,32,0.03,0.02
17,sub28,13,barlow,fc-wpli,8038,16,32,32,0.001,0.03,0.02,1.0,0.1,0.7254738567719166,0.6165878435607933,0.0195986470929671,0.8928736650920056,0.1431073412136221,94.69610246844131,0.0,0.0,0.0,all-patient,True,segssl_barlow_all-patient_fc-wpli_finetune_seed21_pre20_proj32_mask0_03_noise0_02_mlp1_0_sup100_10seed_locked,True,barlow,fc-wpli,21,32,0.03,0.02
17,sub28,14,barlow,fc-wpli,8038,16,32,32,0.001,0.03,0.02,1.0,0.1,0.7149317439934368,0.6048917550571397,0.02086385509839826,0.8917613411044506,0.13833330789345796,93.31169140552194,0.0,0.0,0.0,all-patient,True,segssl_barlow_all-patient_fc-wpli_finetune_seed21_pre20_proj32_mask0_03_noise0_02_mlp1_0_sup100_10seed_locked,True,barlow,fc-wpli,21,32,0.03,0.02
17,sub28,15,barlow,fc-wpli,8038,16,32,32,0.001,0.03,0.02,1.0,0.1,0.6938683128736128,0.584889500266752,0.020013135185772572,0.8896567778843297,0.12872885259573771,91.23213171532329,0.0,0.0,0.0,all-patient,True,segssl_barlow_all-patient_fc-wpli_finetune_seed21_pre20_proj32_mask0_03_noise0_02_mlp1_0_sup100_10seed_locked,True,barlow,fc-wpli,21,32,0.03,0.02
17,sub28,16,barlow,fc-wpli,8038,16,32,32,0.001,0.03,0.02,1.0,0.1,0.6926036038052727,0.5838775855764954,0.019577626679574044,0.8914839056566742,0.13251878919263202,90.27176136904161,0.0,0.0,0.0,all-patient,True,segssl_barlow_all-patient_fc-wpli_finetune_seed21_pre20_proj32_mask0_03_noise0_02_mlp1_0_sup100_10seed_locked,True,barlow,fc-wpli,21,32,0.03,0.02
17,sub28,17,barlow,fc-wpli,8038,16,32,32,0.001,0.03,0.02,1.0,0.1,0.6951604894330914,0.5851147697412707,0.02123327899879774,0.888124408707704,0.12953533471754528,91.1158891985004,0.0,0.0,0.0,all-patient,True,segssl_barlow_all-patient_fc-wpli_finetune_seed21_pre20_proj32_mask0_03_noise0_02_mlp1_0_sup100_10seed_locked,True,barlow,fc-wpli,21,32,0.03,0.02
17,sub28,18,barlow,fc-wpli,8038,16,32,32,0.001,0.03,0.02,1.0,0.1,0.6851757425911147,0.5751820021784804,0.021287482491070424,0.8870625935539337,0.12777355910699156,89.48169060587647,0.0,0.0,0.0,all-patient,True,segssl_barlow_all-patient_fc-wpli_finetune_seed21_pre20_proj32_mask0_03_noise0_02_mlp1_0_sup100_10seed_locked,True,barlow,fc-wpli,21,32,0.03,0.02
17,sub28,19,barlow,fc-wpli,8038,16,32,32,0.001,0.03,0.02,1.0,0.1,0.6873893760307646,0.57726814377142,0.021401256974601365,0.8871997481075006,0.13337559165098847,88.77851247313482,0.0,0.0,0.0,all-patient,True,segssl_barlow_all-patient_fc-wpli_finetune_seed21_pre20_proj32_mask0_03_noise0_02_mlp1_0_sup100_10seed_locked,True,barlow,fc-wpli,21,32,0.03,0.02
17,sub28,20,barlow,fc-wpli,8038,16,32,32,0.001,0.03,0.02,1.0,0.1,0.7328614722307824,0.6227583747734844,0.020328050342279212,0.8977504712686861,0.14611000231551433,95.32967658829736,0.0,0.0,0.0,all-patient,True,segssl_barlow_all-patient_fc-wpli_finetune_seed21_pre20_proj32_mask0_03_noise0_02_mlp1_0_sup100_10seed_locked,True,barlow,fc-wpli,21,32,0.03,0.02
18,sub29,1,barlow,fc-wpli,8097,16,32,32,0.001,0.03,0.02,1.0,0.1,1.1481308890194348,0.8749955957810555,0.17556082638057732,0.9757446847723786,0.17311600729670648,140.3759210199059,0.0,0.0,0.0,all-patient,True,segssl_barlow_all-patient_fc-wpli_finetune_seed21_pre20_proj32_mask0_03_noise0_02_mlp1_0_sup100_10seed_locked,True,barlow,fc-wpli,21,32,0.03,0.02
18,sub29,2,barlow,fc-wpli,8097,16,32,32,0.001,0.03,0.02,1.0,0.1,0.8448429475051646,0.7161083432461853,0.03551492371267586,0.9321967947647651,0.14725909754105787,113.76985203067697,0.0,0.0,0.0,all-patient,True,segssl_barlow_all-patient_fc-wpli_finetune_seed21_pre20_proj32_mask0_03_noise0_02_mlp1_0_sup100_10seed_locked,True,barlow,fc-wpli,21,32,0.03,0.02
18,sub29,3,barlow,fc-wpli,8097,16,32,32,0.001,0.03,0.02,1.0,0.1,0.790196398820515,0.6725212121621157,0.026209556139432467,0.9146562859386617,0.13913064935330496,106.67811494183964,0.0,0.0,0.0,all-patient,True,segssl_barlow_all-patient_fc-wpli_finetune_seed21_pre20_proj32_mask0_03_noise0_02_mlp1_0_sup100_10seed_locked,True,barlow,fc-wpli,21,32,0.03,0.02
18,sub29,4,barlow,fc-wpli,8097,16,32,32,0.001,0.03,0.02,1.0,0.1,0.7812630351214014,0.6665701997820912,0.024029220584816716,0.9066361379341261,0.1541354007142067,102.4869625384991,0.0,0.0,0.0,all-patient,True,segssl_barlow_all-patient_fc-wpli_finetune_seed21_pre20_proj32_mask0_03_noise0_02_mlp1_0_sup100_10seed_locked,True,barlow,fc-wpli,21,32,0.03,0.02
18,sub29,5,barlow,fc-wpli,8097,16,32,32,0.001,0.03,0.02,1.0,0.1,0.7643099682188833,0.6521891309076983,0.0222663192824264,0.8985451925435716,0.1474421071398386,100.94940706211669,0.0,0.0,0.0,all-patient,True,segssl_barlow_all-patient_fc-wpli_finetune_seed21_pre20_proj32_mask0_03_noise0_02_mlp1_0_sup100_10seed_locked,True,barlow,fc-wpli,21,32,0.03,0.02
18,sub29,6,barlow,fc-wpli,8097,16,32,32,0.001,0.03,0.02,1.0,0.1,0.7652859975247693,0.6552875850210058,0.020331203819967114,0.8966720856623301,0.15330253722246265,100.39701151048408,0.0,0.0,0.0,all-patient,True,segssl_barlow_all-patient_fc-wpli_finetune_seed21_pre20_proj32_mask0_03_noise0_02_mlp1_0_sup100_10seed_locked,True,barlow,fc-wpli,21,32,0.03,0.02
18,sub29,7,barlow,fc-wpli,8097,16,32,32,0.001,0.03,0.02,1.0,0.1,0.7546223842151302,0.642645542967249,0.02266806775531355,0.8930877483572951,0.1520742805833337,98.1142547878288,0.0,0.0,0.0,all-patient,True,segssl_barlow_all-patient_fc-wpli_finetune_seed21_pre20_proj32_mask0_03_noise0_02_mlp1_0_sup100_10seed_locked,True,barlow,fc-wpli,21,32,0.03,0.02
18,sub29,8,barlow,fc-wpli,8097,16,32,32,0.001,0.03,0.02,1.0,0.1,0.7287126041992882,0.6184266805060987,0.02128287344524376,0.8900304905761628,0.1330306212201024,97.079214182596,0.0,0.0,0.0,all-patient,True,segssl_barlow_all-patient_fc-wpli_finetune_seed21_pre20_proj32_mask0_03_noise0_02_mlp1_0_sup100_10seed_locked,True,barlow,fc-wpli,21,32,0.03,0.02
18,sub29,9,barlow,fc-wpli,8097,16,32,32,0.001,0.03,0.02,1.0,0.1,0.7171810171925105,0.6054635516990571,0.022572497644368007,0.8914496906880561,0.13811670534066578,93.46937150221605,0.0,0.0,0.0,all-patient,True,segssl_barlow_all-patient_fc-wpli_finetune_seed21_pre20_proj32_mask0_03_noise0_02_mlp1_0_sup100_10seed_locked,True,barlow,fc-wpli,21,32,0.03,0.02
18,sub29,10,barlow,fc-wpli,8097,16,32,32,0.001,0.03,0.02,1.0,0.1,0.7121943866565853,0.5984415550086155,0.025041632163218964,0.8871119925256311,0.13283686261579092,93.12094033446303,0.0,0.0,0.0,all-patient,True,segssl_barlow_all-patient_fc-wpli_finetune_seed21_pre20_proj32_mask0_03_noise0_02_mlp1_0_sup100_10seed_locked,True,barlow,fc-wpli,21,32,0.03,0.02
18,sub29,11,barlow,fc-wpli,8097,16,32,32,0.001,0.03,0.02,1.0,0.1,0.7165299663705939,0.6031683846220698,0.024588201172958464,0.8877337924122105,0.13398812240870445,93.83605467967497,0.0,0.0,0.0,all-patient,True,segssl_barlow_all-patient_fc-wpli_finetune_seed21_pre20_proj32_mask0_03_noise0_02_mlp1_0_sup100_10seed_locked,True,barlow,fc-wpli,21,32,0.03,0.02
18,sub29,12,barlow,fc-wpli,8097,16,32,32,0.001,0.03,0.02,1.0,0.1,0.7078796187066703,0.5955388334375866,0.023574803002487273,0.8876598204616494,0.1346504197330113,92.17768486670018,0.0,0.0,0.0,all-patient,True,segssl_barlow_all-patient_fc-wpli_finetune_seed21_pre20_proj32_mask0_03_noise0_02_mlp1_0_sup100_10seed_locked,True,barlow,fc-wpli,21,32,0.03,0.02
18,sub29,13,barlow,fc-wpli,8097,16,32,32,0.001,0.03,0.02,1.0,0.1,0.7141588199773484,0.6014295864034687,0.02393700620361569,0.8879222903966434,0.1396372427328543,92.35847071359849,0.0,0.0,0.0,all-patient,True,segssl_barlow_all-patient_fc-wpli_finetune_seed21_pre20_proj32_mask0_03_noise0_02_mlp1_0_sup100_10seed_locked,True,barlow,fc-wpli,21,32,0.03,0.02
18,sub29,14,barlow,fc-wpli,8097,16,32,32,0.001,0.03,0.02,1.0,0.1,0.7146189703626276,0.602541678050566,0.02335763353802984,0.8871965939711772,0.14032448599132466,92.44344036395734,0.0,0.0,0.0,all-patient,True,segssl_barlow_all-patient_fc-wpli_finetune_seed21_pre20_proj32_mask0_03_noise0_02_mlp1_0_sup100_10seed_locked,True,barlow,fc-wpli,21,32,0.03,0.02
18,sub29,15,barlow,fc-wpli,8097,16,32,32,0.001,0.03,0.02,1.0,0.1,0.7082164773691806,0.5944365917813378,0.0249835506698789,0.8879633423609611,0.14047947695939866,90.79142494878825,0.0,0.0,0.0,all-patient,True,segssl_barlow_all-patient_fc-wpli_finetune_seed21_pre20_proj32_mask0_03_noise0_02_mlp1_0_sup100_10seed_locked,True,barlow,fc-wpli,21,32,0.03,0.02
18,sub29,16,barlow,fc-wpli,8097,16,32,32,0.001,0.03,0.02,1.0,0.1,0.7012806714492201,0.5893985909470439,0.023350151332877798,0.8853193074758706,0.13583034787513498,90.71365079559989,0.0,0.0,0.0,all-patient,True,segssl_barlow_all-patient_fc-wpli_finetune_seed21_pre20_proj32_mask0_03_noise0_02_mlp1_0_sup100_10seed_locked,True,barlow,fc-wpli,21,32,0.03,0.02
18,sub29,17,barlow,fc-wpli,8097,16,32,32,0.001,0.03,0.02,1.0,0.1,0.7010239726869312,0.5875165167409757,0.024959284878341405,0.8854817046216253,0.1421934075895109,89.0646238157735,0.0,0.0,0.0,all-patient,True,segssl_barlow_all-patient_fc-wpli_finetune_seed21_pre20_proj32_mask0_03_noise0_02_mlp1_0_sup100_10seed_locked,True,barlow,fc-wpli,21,32,0.03,0.02
18,sub29,18,barlow,fc-wpli,8097,16,32,32,0.001,0.03,0.02,1.0,0.1,0.6885488495465801,0.5748910021617333,0.025153021840654183,0.8850482574111141,0.13255188273310964,88.46782630152956,0.0,0.0,0.0,all-patient,True,segssl_barlow_all-patient_fc-wpli_finetune_seed21_pre20_proj32_mask0_03_noise0_02_mlp1_0_sup100_10seed_locked,True,barlow,fc-wpli,21,32,0.03,0.02
18,sub29,19,barlow,fc-wpli,8097,16,32,32,0.001,0.03,0.02,1.0,0.1,0.6944106395633733,0.5822182460531916,0.023704947099177795,0.8848744697824737,0.1395236185233612,88.53892778927053,0.0,0.0,0.0,all-patient,True,segssl_barlow_all-patient_fc-wpli_finetune_seed21_pre20_proj32_mask0_03_noise0_02_mlp1_0_sup100_10seed_locked,True,barlow,fc-wpli,21,32,0.03,0.02
18,sub29,20,barlow,fc-wpli,8097,16,32,32,0.001,0.03,0.02,1.0,0.1,0.7025691496549978,0.58881631064462,0.02521737933864255,0.885354592955324,0.1411680668299463,89.52965092706022,0.0,0.0,0.0,all-patient,True,segssl_barlow_all-patient_fc-wpli_finetune_seed21_pre20_proj32_mask0_03_noise0_02_mlp1_0_sup100_10seed_locked,True,barlow,fc-wpli,21,32,0.03,0.02
