fold_index,test_subject_id,epoch,objective,feature_kind,n_segments,batch_size,embedding_dim,projection_dim,learning_rate,feature_mask_prob,noise_std,lambda_latent,lambda_local,loss,alignment_loss,masked_latent_loss,local_reconstruction_loss,barlow_on_diag_loss,barlow_off_diag_loss,vicreg_invariance_loss,vicreg_variance_loss,vicreg_covariance_loss,ssl_data_scope,historical_unlabeled_pretraining,run_name,ssl_only_cache
0,sub01,1,barlow,psd,16318,16,32,32,0.001,0.03,0.02,1.0,0.1,1.0502926101871566,0.90631211587027,0.05164003605936088,0.923404595080544,0.06448617817436839,168.3651913437189,0.0,0.0,0.0,all-patient,True,segssl_barlow_all-patient_psd_finetune_seed1_pre20_proj32_mask0_03_noise0_02_mlp1_0_sup0_ssl_cache_10seed_locked,True
0,sub01,2,barlow,psd,16318,16,32,32,0.001,0.03,0.02,1.0,0.1,0.7351524283488592,0.642551056573204,0.00567625597411511,0.8692511458022921,0.04277083126362413,119.95604755177217,0.0,0.0,0.0,all-patient,True,segssl_barlow_all-patient_psd_finetune_seed1_pre20_proj32_mask0_03_noise0_02_mlp1_0_sup0_ssl_cache_10seed_locked,True
0,sub01,3,barlow,psd,16318,16,32,32,0.001,0.03,0.02,1.0,0.1,0.6553162291938184,0.5654334865072195,0.003953172880060533,0.8592956890662511,0.04193233911212826,104.7002316568412,0.0,0.0,0.0,all-patient,True,segssl_barlow_all-patient_psd_finetune_seed1_pre20_proj32_mask0_03_noise0_02_mlp1_0_sup0_ssl_cache_10seed_locked,True
0,sub01,4,barlow,psd,16318,16,32,32,0.001,0.03,0.02,1.0,0.1,0.6222403415570072,0.534791967594156,0.0029407315394457648,0.8450764145921258,0.041824473008312574,98.59350105734433,0.0,0.0,0.0,all-patient,True,segssl_barlow_all-patient_psd_finetune_seed1_pre20_proj32_mask0_03_noise0_02_mlp1_0_sup0_ssl_cache_10seed_locked,True
0,sub01,5,barlow,psd,16318,16,32,32,0.001,0.03,0.02,1.0,0.1,0.6014823904516651,0.5157450064140208,0.002408897876739502,0.8332848625440223,0.04262544288455198,94.62391498790068,0.0,0.0,0.0,all-patient,True,segssl_barlow_all-patient_psd_finetune_seed1_pre20_proj32_mask0_03_noise0_02_mlp1_0_sup0_ssl_cache_10seed_locked,True
0,sub01,6,barlow,psd,16318,16,32,32,0.001,0.03,0.02,1.0,0.1,0.5816041849699675,0.49694387778347615,0.002260016927532121,0.8240028938534213,0.037587562624100304,91.87126502990722,0.0,0.0,0.0,all-patient,True,segssl_barlow_all-patient_psd_finetune_seed1_pre20_proj32_mask0_03_noise0_02_mlp1_0_sup0_ssl_cache_10seed_locked,True
0,sub01,7,barlow,psd,16318,16,32,32,0.001,0.03,0.02,1.0,0.1,0.5723765379365753,0.4882076514117858,0.002252609238905065,0.8191627746703578,0.03943812132575641,89.75390790303548,0.0,0.0,0.0,all-patient,True,segssl_barlow_all-patient_psd_finetune_seed1_pre20_proj32_mask0_03_noise0_02_mlp1_0_sup0_ssl_cache_10seed_locked,True
0,sub01,8,barlow,psd,16318,16,32,32,0.001,0.03,0.02,1.0,0.1,0.5633095346829471,0.47935844259519206,0.002381105983958525,0.815699856246219,0.0379263498955041,88.28642051547182,0.0,0.0,0.0,all-patient,True,segssl_barlow_all-patient_psd_finetune_seed1_pre20_proj32_mask0_03_noise0_02_mlp1_0_sup0_ssl_cache_10seed_locked,True
0,sub01,9,barlow,psd,16318,16,32,32,0.001,0.03,0.02,1.0,0.1,0.5541207385705966,0.4703990038995649,0.002539677713431564,0.8118205671509107,0.036638495027471116,86.75210349139046,0.0,0.0,0.0,all-patient,True,segssl_barlow_all-patient_psd_finetune_seed1_pre20_proj32_mask0_03_noise0_02_mlp1_0_sup0_ssl_cache_10seed_locked,True
0,sub01,10,barlow,psd,16318,16,32,32,0.001,0.03,0.02,1.0,0.1,0.5469140097791073,0.4636380867338648,0.002487892379947737,0.8078802953748142,0.037573464752366656,85.21292655047249,0.0,0.0,0.0,all-patient,True,segssl_barlow_all-patient_psd_finetune_seed1_pre20_proj32_mask0_03_noise0_02_mlp1_0_sup0_ssl_cache_10seed_locked,True
0,sub01,11,barlow,psd,16318,16,32,32,0.001,0.03,0.02,1.0,0.1,0.5475403072787266,0.46462505830853595,0.0025241249916600245,0.8039112379153569,0.038929511463570904,85.1391113056856,0.0,0.0,0.0,all-patient,True,segssl_barlow_all-patient_psd_finetune_seed1_pre20_proj32_mask0_03_noise0_02_mlp1_0_sup0_ssl_cache_10seed_locked,True
0,sub01,12,barlow,psd,16318,16,32,32,0.001,0.03,0.02,1.0,0.1,0.5458052234030237,0.46266834899490955,0.0028287130243637984,0.8030816116753746,0.03677397148053655,85.17887741911645,0.0,0.0,0.0,all-patient,True,segssl_barlow_all-patient_psd_finetune_seed1_pre20_proj32_mask0_03_noise0_02_mlp1_0_sup0_ssl_cache_10seed_locked,True
0,sub01,13,barlow,psd,16318,16,32,32,0.001,0.03,0.02,1.0,0.1,0.5335352467555626,0.4511893853545189,0.002830671329124301,0.795151891106484,0.034871681744698436,83.26354267643947,0.0,0.0,0.0,all-patient,True,segssl_barlow_all-patient_psd_finetune_seed1_pre20_proj32_mask0_03_noise0_02_mlp1_0_sup0_ssl_cache_10seed_locked,True
0,sub01,14,barlow,psd,16318,16,32,32,0.001,0.03,0.02,1.0,0.1,0.5346119776368141,0.4521131329968864,0.003052621144874423,0.7944622208090389,0.03754212111691196,82.91420428332161,0.0,0.0,0.0,all-patient,True,segssl_barlow_all-patient_psd_finetune_seed1_pre20_proj32_mask0_03_noise0_02_mlp1_0_sup0_ssl_cache_10seed_locked,True
0,sub01,15,barlow,psd,16318,16,32,32,0.001,0.03,0.02,1.0,0.1,0.5302361141817242,0.447988943492665,0.0031791695192748427,0.790680009331189,0.03627519136449943,82.34275240804635,0.0,0.0,0.0,all-patient,True,segssl_barlow_all-patient_psd_finetune_seed1_pre20_proj32_mask0_03_noise0_02_mlp1_0_sup0_ssl_cache_10seed_locked,True
0,sub01,16,barlow,psd,16318,16,32,32,0.001,0.03,0.02,1.0,0.1,0.5209769198707506,0.4388928542242331,0.0033722928926056507,0.787117719299653,0.03438417263301637,80.9017380284328,0.0,0.0,0.0,all-patient,True,segssl_barlow_all-patient_psd_finetune_seed1_pre20_proj32_mask0_03_noise0_02_mlp1_0_sup0_ssl_cache_10seed_locked,True
0,sub01,17,barlow,psd,16318,16,32,32,0.001,0.03,0.02,1.0,0.1,0.5197041875591465,0.43785895109176637,0.0034763737052094703,0.7836886145320593,0.03456298038979773,80.65919606825885,0.0,0.0,0.0,all-patient,True,segssl_barlow_all-patient_psd_finetune_seed1_pre20_proj32_mask0_03_noise0_02_mlp1_0_sup0_ssl_cache_10seed_locked,True
0,sub01,18,barlow,psd,16318,16,32,32,0.001,0.03,0.02,1.0,0.1,0.5130563440568306,0.4312492329408141,0.0037277707866593904,0.7807933872236925,0.033669143463667554,79.51601958555334,0.0,0.0,0.0,all-patient,True,segssl_barlow_all-patient_psd_finetune_seed1_pre20_proj32_mask0_03_noise0_02_mlp1_0_sup0_ssl_cache_10seed_locked,True
0,sub01,19,barlow,psd,16318,16,32,32,0.001,0.03,0.02,1.0,0.1,0.520637265198371,0.43901817144132127,0.0038043013974732045,0.7781479112657846,0.03488940342201614,80.82575548957377,0.0,0.0,0.0,all-patient,True,segssl_barlow_all-patient_psd_finetune_seed1_pre20_proj32_mask0_03_noise0_02_mlp1_0_sup0_ssl_cache_10seed_locked,True
0,sub01,20,barlow,psd,16318,16,32,32,0.001,0.03,0.02,1.0,0.1,0.5135812061090096,0.43151798534627056,0.004532670740987741,0.7753054902834051,0.03580734802081304,79.14212919871012,0.0,0.0,0.0,all-patient,True,segssl_barlow_all-patient_psd_finetune_seed1_pre20_proj32_mask0_03_noise0_02_mlp1_0_sup0_ssl_cache_10seed_locked,True
1,sub05,1,barlow,psd,16319,16,32,32,0.001,0.03,0.02,1.0,0.1,0.9814929478308734,0.8479111538213842,0.043824932271359016,0.8975686197771745,0.053565595254037236,158.86911512636672,0.0,0.0,0.0,all-patient,True,segssl_barlow_all-patient_psd_finetune_seed1_pre20_proj32_mask0_03_noise0_02_mlp1_0_sup0_ssl_cache_10seed_locked,True
1,sub05,2,barlow,psd,16319,16,32,32,0.001,0.03,0.02,1.0,0.1,0.674090061176057,0.5853051895604414,0.003462694439233518,0.8532217591124422,0.0365264631360404,109.7557476492489,0.0,0.0,0.0,all-patient,True,segssl_barlow_all-patient_psd_finetune_seed1_pre20_proj32_mask0_03_noise0_02_mlp1_0_sup0_ssl_cache_10seed_locked,True
1,sub05,3,barlow,psd,16319,16,32,32,0.001,0.03,0.02,1.0,0.1,0.6288871943366294,0.5423158372734107,0.0025013903776804607,0.8406996537072986,0.03752967885823227,100.957233840344,0.0,0.0,0.0,all-patient,True,segssl_barlow_all-patient_psd_finetune_seed1_pre20_proj32_mask0_03_noise0_02_mlp1_0_sup0_ssl_cache_10seed_locked,True
1,sub05,4,barlow,psd,16319,16,32,32,0.001,0.03,0.02,1.0,0.1,0.6070487434957542,0.5216241488854091,0.0021198805640725528,0.8330471269640268,0.036983781627507185,96.9280756856881,0.0,0.0,0.0,all-patient,True,segssl_barlow_all-patient_psd_finetune_seed1_pre20_proj32_mask0_03_noise0_02_mlp1_0_sup0_ssl_cache_10seed_locked,True
1,sub05,5,barlow,psd,16319,16,32,32,0.001,0.03,0.02,1.0,0.1,0.5884605704569349,0.5041630275109235,0.0018789290213117413,0.8241861353902256,0.039360547841837006,92.96049821891037,0.0,0.0,0.0,all-patient,True,segssl_barlow_all-patient_psd_finetune_seed1_pre20_proj32_mask0_03_noise0_02_mlp1_0_sup0_ssl_cache_10seed_locked,True
1,sub05,6,barlow,psd,16319,16,32,32,0.001,0.03,0.02,1.0,0.1,0.5688202747235112,0.48546154458148805,0.0017064678902719535,0.8165226110348515,0.036542853794754575,89.78374001746084,0.0,0.0,0.0,all-patient,True,segssl_barlow_all-patient_psd_finetune_seed1_pre20_proj32_mask0_03_noise0_02_mlp1_0_sup0_ssl_cache_10seed_locked,True
1,sub05,7,barlow,psd,16319,16,32,32,0.001,0.03,0.02,1.0,0.1,0.5603998658996002,0.4777933283179414,0.0014200279525682037,0.8118650969044835,0.03681479231500085,88.19570922103583,0.0,0.0,0.0,all-patient,True,segssl_barlow_all-patient_psd_finetune_seed1_pre20_proj32_mask0_03_noise0_02_mlp1_0_sup0_ssl_cache_10seed_locked,True
1,sub05,8,barlow,psd,16319,16,32,32,0.001,0.03,0.02,1.0,0.1,0.559173343900372,0.4771169079869401,0.0014067431290944417,0.8064969150166885,0.038790502850486734,87.66528289645326,0.0,0.0,0.0,all-patient,True,segssl_barlow_all-patient_psd_finetune_seed1_pre20_proj32_mask0_03_noise0_02_mlp1_0_sup0_ssl_cache_10seed_locked,True
1,sub05,9,barlow,psd,16319,16,32,32,0.001,0.03,0.02,1.0,0.1,0.5450825689470067,0.4631241914688372,0.0013529866349463369,0.8060538989948292,0.037031239449210905,85.21859231088676,0.0,0.0,0.0,all-patient,True,segssl_barlow_all-patient_psd_finetune_seed1_pre20_proj32_mask0_03_noise0_02_mlp1_0_sup0_ssl_cache_10seed_locked,True
1,sub05,10,barlow,psd,16319,16,32,32,0.001,0.03,0.02,1.0,0.1,0.5466601605801021,0.4653633399629125,0.0014099171348646575,0.7988690244216545,0.03747385016884472,85.57789982440426,0.0,0.0,0.0,all-patient,True,segssl_barlow_all-patient_psd_finetune_seed1_pre20_proj32_mask0_03_noise0_02_mlp1_0_sup0_ssl_cache_10seed_locked,True
1,sub05,11,barlow,psd,16319,16,32,32,0.001,0.03,0.02,1.0,0.1,0.5360443379364762,0.45494244379155774,0.0015127675206053491,0.7958912615682564,0.034738647535571134,84.04076120339188,0.0,0.0,0.0,all-patient,True,segssl_barlow_all-patient_psd_finetune_seed1_pre20_proj32_mask0_03_noise0_02_mlp1_0_sup0_ssl_cache_10seed_locked,True
1,sub05,12,barlow,psd,16319,16,32,32,0.001,0.03,0.02,1.0,0.1,0.532447727930312,0.45154333617172987,0.0016365232420902625,0.7926786840546365,0.03460169052613862,83.3883310504988,0.0,0.0,0.0,all-patient,True,segssl_barlow_all-patient_psd_finetune_seed1_pre20_proj32_mask0_03_noise0_02_mlp1_0_sup0_ssl_cache_10seed_locked,True
1,sub05,13,barlow,psd,16319,16,32,32,0.001,0.03,0.02,1.0,0.1,0.5221367111977409,0.4414027464448237,0.0016908533432904412,0.7904310990490165,0.03176754837211988,81.92704125198664,0.0,0.0,0.0,all-patient,True,segssl_barlow_all-patient_psd_finetune_seed1_pre20_proj32_mask0_03_noise0_02_mlp1_0_sup0_ssl_cache_10seed_locked,True
1,sub05,14,barlow,psd,16319,16,32,32,0.001,0.03,0.02,1.0,0.1,0.5212841164832022,0.44081005702416104,0.001853233809564628,0.786208247933902,0.03142657483147238,81.87669814988679,0.0,0.0,0.0,all-patient,True,segssl_barlow_all-patient_psd_finetune_seed1_pre20_proj32_mask0_03_noise0_02_mlp1_0_sup0_ssl_cache_10seed_locked,True
1,sub05,15,barlow,psd,16319,16,32,32,0.001,0.03,0.02,1.0,0.1,0.519422731270977,0.43867645643505393,0.0020677270842533488,0.7867854715270155,0.032626523058998456,81.20998836966122,0.0,0.0,0.0,all-patient,True,segssl_barlow_all-patient_psd_finetune_seed1_pre20_proj32_mask0_03_noise0_02_mlp1_0_sup0_ssl_cache_10seed_locked,True
1,sub05,16,barlow,psd,16319,16,32,32,0.001,0.03,0.02,1.0,0.1,0.5192167573699764,0.4389314093426162,0.002212065808913287,0.7807328068450385,0.031366466894499304,81.5129903494143,0.0,0.0,0.0,all-patient,True,segssl_barlow_all-patient_psd_finetune_seed1_pre20_proj32_mask0_03_noise0_02_mlp1_0_sup0_ssl_cache_10seed_locked,True
1,sub05,17,barlow,psd,16319,16,32,32,0.001,0.03,0.02,1.0,0.1,0.5165003094018674,0.4361321979001457,0.002330801066230325,0.7803730977078279,0.03158719700843315,80.90900191886752,0.0,0.0,0.0,all-patient,True,segssl_barlow_all-patient_psd_finetune_seed1_pre20_proj32_mask0_03_noise0_02_mlp1_0_sup0_ssl_cache_10seed_locked,True
1,sub05,18,barlow,psd,16319,16,32,32,0.001,0.03,0.02,1.0,0.1,0.5068839435776075,0.4264175434615098,0.002534540377411188,0.779318588679912,0.0293161603421265,79.42027839585846,0.0,0.0,0.0,all-patient,True,segssl_barlow_all-patient_psd_finetune_seed1_pre20_proj32_mask0_03_noise0_02_mlp1_0_sup0_ssl_cache_10seed_locked,True
1,sub05,19,barlow,psd,16319,16,32,32,0.001,0.03,0.02,1.0,0.1,0.5116138471107857,0.4312407211053605,0.0027417769619062834,0.7763134809101329,0.030016718506036946,80.24480247123569,0.0,0.0,0.0,all-patient,True,segssl_barlow_all-patient_psd_finetune_seed1_pre20_proj32_mask0_03_noise0_02_mlp1_0_sup0_ssl_cache_10seed_locked,True
1,sub05,20,barlow,psd,16319,16,32,32,0.001,0.03,0.02,1.0,0.1,0.5063086162887368,0.4258581520003431,0.0030543090081682394,0.7739615443874808,0.03056518710857513,79.05859466627533,0.0,0.0,0.0,all-patient,True,segssl_barlow_all-patient_psd_finetune_seed1_pre20_proj32_mask0_03_noise0_02_mlp1_0_sup0_ssl_cache_10seed_locked,True
2,sub07,1,barlow,psd,16316,16,32,32,0.001,0.03,0.02,1.0,0.1,1.0200769194200927,0.8682063927837447,0.060811765521180394,0.9105876167615254,0.06374321655991176,160.89263891332288,0.0,0.0,0.0,all-patient,True,segssl_barlow_all-patient_psd_finetune_seed1_pre20_proj32_mask0_03_noise0_02_mlp1_0_sup0_ssl_cache_10seed_locked,True
2,sub07,2,barlow,psd,16316,16,32,32,0.001,0.03,0.02,1.0,0.1,0.716424788797603,0.6255800622935389,0.0052657655641144396,0.8557896084060856,0.041462931865324064,116.82342843448414,0.0,0.0,0.0,all-patient,True,segssl_barlow_all-patient_psd_finetune_seed1_pre20_proj32_mask0_03_noise0_02_mlp1_0_sup0_ssl_cache_10seed_locked,True
2,sub07,3,barlow,psd,16316,16,32,32,0.001,0.03,0.02,1.0,0.1,0.6704713250199954,0.582656172239313,0.004052632579616472,0.8376251927485653,0.04002420415681805,108.52639597724466,0.0,0.0,0.0,all-patient,True,segssl_barlow_all-patient_psd_finetune_seed1_pre20_proj32_mask0_03_noise0_02_mlp1_0_sup0_ssl_cache_10seed_locked,True
2,sub07,4,barlow,psd,16316,16,32,32,0.001,0.03,0.02,1.0,0.1,0.6328115711609522,0.5461859885091875,0.00395172542216731,0.826738565458971,0.03701246904606438,101.83470627279843,0.0,0.0,0.0,all-patient,True,segssl_barlow_all-patient_psd_finetune_seed1_pre20_proj32_mask0_03_noise0_02_mlp1_0_sup0_ssl_cache_10seed_locked,True
2,sub07,5,barlow,psd,16316,16,32,32,0.001,0.03,0.02,1.0,0.1,0.6134217524061016,0.5265447289628141,0.004637314759048761,0.8223970723794956,0.03922934216200648,97.46307964698941,0.0,0.0,0.0,all-patient,True,segssl_barlow_all-patient_psd_finetune_seed1_pre20_proj32_mask0_03_noise0_02_mlp1_0_sup0_ssl_cache_10seed_locked,True
2,sub07,6,barlow,psd,16316,16,32,32,0.001,0.03,0.02,1.0,0.1,0.5891901022078945,0.5031533587797016,0.004256069075827505,0.8178067407479473,0.03733283038840027,93.1641077378217,0.0,0.0,0.0,all-patient,True,segssl_barlow_all-patient_psd_finetune_seed1_pre20_proj32_mask0_03_noise0_02_mlp1_0_sup0_ssl_cache_10seed_locked,True
2,sub07,7,barlow,psd,16316,16,32,32,0.001,0.03,0.02,1.0,0.1,0.5739850869657946,0.4885999483805077,0.003849130868911743,0.8153600745633537,0.03633053794608214,90.45388427435184,0.0,0.0,0.0,all-patient,True,segssl_barlow_all-patient_psd_finetune_seed1_pre20_proj32_mask0_03_noise0_02_mlp1_0_sup0_ssl_cache_10seed_locked,True
2,sub07,8,barlow,psd,16316,16,32,32,0.001,0.03,0.02,1.0,0.1,0.5690393190757901,0.4840254201024186,0.0038866893917906516,0.8112720966046931,0.03634732450796839,89.53562102972292,0.0,0.0,0.0,all-patient,True,segssl_barlow_all-patient_psd_finetune_seed1_pre20_proj32_mask0_03_noise0_02_mlp1_0_sup0_ssl_cache_10seed_locked,True
2,sub07,9,barlow,psd,16316,16,32,32,0.001,0.03,0.02,1.0,0.1,0.5585815134878253,0.4737532574756473,0.0041516583339840755,0.8067659686009089,0.03610809107274548,87.52903531392415,0.0,0.0,0.0,all-patient,True,segssl_barlow_all-patient_psd_finetune_seed1_pre20_proj32_mask0_03_noise0_02_mlp1_0_sup0_ssl_cache_10seed_locked,True
2,sub07,10,barlow,psd,16316,16,32,32,0.001,0.03,0.02,1.0,0.1,0.5481690064364788,0.46384306310438644,0.00396960926990883,0.803563334339974,0.03388603837046699,85.99140667634852,0.0,0.0,0.0,all-patient,True,segssl_barlow_all-patient_psd_finetune_seed1_pre20_proj32_mask0_03_noise0_02_mlp1_0_sup0_ssl_cache_10seed_locked,True
2,sub07,11,barlow,psd,16316,16,32,32,0.001,0.03,0.02,1.0,0.1,0.5489555923669946,0.4642423667451915,0.004541264094558416,0.8017196061272247,0.035791180462476015,85.6902391022327,0.0,0.0,0.0,all-patient,True,segssl_barlow_all-patient_psd_finetune_seed1_pre20_proj32_mask0_03_noise0_02_mlp1_0_sup0_ssl_cache_10seed_locked,True
2,sub07,12,barlow,psd,16316,16,32,32,0.001,0.03,0.02,1.0,0.1,0.5462382652888111,0.46230820978389064,0.004181133064569211,0.7974892234101015,0.03600398329675526,85.26084721135159,0.0,0.0,0.0,all-patient,True,segssl_barlow_all-patient_psd_finetune_seed1_pre20_proj32_mask0_03_noise0_02_mlp1_0_sup0_ssl_cache_10seed_locked,True
2,sub07,13,barlow,psd,16316,16,32,32,0.001,0.03,0.02,1.0,0.1,0.5377591853048287,0.4544250110785166,0.0038365098775601856,0.7949766442764039,0.034271002937035236,84.03080340366738,0.0,0.0,0.0,all-patient,True,segssl_barlow_all-patient_psd_finetune_seed1_pre20_proj32_mask0_03_noise0_02_mlp1_0_sup0_ssl_cache_10seed_locked,True
2,sub07,14,barlow,psd,16316,16,32,32,0.001,0.03,0.02,1.0,0.1,0.5367662737766902,0.45390734468020644,0.003678318565967036,0.7918060918941218,0.033732750303312846,84.03492084577972,0.0,0.0,0.0,all-patient,True,segssl_barlow_all-patient_psd_finetune_seed1_pre20_proj32_mask0_03_noise0_02_mlp1_0_sup0_ssl_cache_10seed_locked,True
2,sub07,15,barlow,psd,16316,16,32,32,0.001,0.03,0.02,1.0,0.1,0.5359644532788034,0.4532905332598032,0.0036794647282245114,0.7899445525279232,0.034249595037716275,83.80818958656461,0.0,0.0,0.0,all-patient,True,segssl_barlow_all-patient_psd_finetune_seed1_pre20_proj32_mask0_03_noise0_02_mlp1_0_sup0_ssl_cache_10seed_locked,True
2,sub07,16,barlow,psd,16316,16,32,32,0.001,0.03,0.02,1.0,0.1,0.5292499259406445,0.4467998164833761,0.0036454933531144085,0.7880461597267319,0.03283563901387228,82.79283737481809,0.0,0.0,0.0,all-patient,True,segssl_barlow_all-patient_psd_finetune_seed1_pre20_proj32_mask0_03_noise0_02_mlp1_0_sup0_ssl_cache_10seed_locked,True
2,sub07,17,barlow,psd,16316,16,32,32,0.001,0.03,0.02,1.0,0.1,0.5265458926558495,0.44426730383260576,0.0037151628849553127,0.7856342507051487,0.03292014293495894,82.2694340724571,0.0,0.0,0.0,all-patient,True,segssl_barlow_all-patient_psd_finetune_seed1_pre20_proj32_mask0_03_noise0_02_mlp1_0_sup0_ssl_cache_10seed_locked,True
2,sub07,18,barlow,psd,16316,16,32,32,0.001,0.03,0.02,1.0,0.1,0.5228972426816529,0.4411759191576172,0.0035772099214441636,0.7814411276403596,0.033367235863617825,81.56173853406719,0.0,0.0,0.0,all-patient,True,segssl_barlow_all-patient_psd_finetune_seed1_pre20_proj32_mask0_03_noise0_02_mlp1_0_sup0_ssl_cache_10seed_locked,True
2,sub07,19,barlow,psd,16316,16,32,32,0.001,0.03,0.02,1.0,0.1,0.5204688426034123,0.43867325166276855,0.003542383628733018,0.7825320626298586,0.031928132257113856,81.34902571883856,0.0,0.0,0.0,all-patient,True,segssl_barlow_all-patient_psd_finetune_seed1_pre20_proj32_mask0_03_noise0_02_mlp1_0_sup0_ssl_cache_10seed_locked,True
2,sub07,20,barlow,psd,16316,16,32,32,0.001,0.03,0.02,1.0,0.1,0.5175110843543913,0.4363298094447921,0.003526521780911614,0.7765475191029848,0.030284546848213044,81.20905433729583,0.0,0.0,0.0,all-patient,True,segssl_barlow_all-patient_psd_finetune_seed1_pre20_proj32_mask0_03_noise0_02_mlp1_0_sup0_ssl_cache_10seed_locked,True
3,sub08,1,barlow,psd,16371,16,32,32,0.001,0.03,0.02,1.0,0.1,1.0424112703185529,0.8992837016703561,0.055369368055835366,0.8775820143637247,0.07410614283151062,165.0355153158307,0.0,0.0,0.0,all-patient,True,segssl_barlow_all-patient_psd_finetune_seed1_pre20_proj32_mask0_03_noise0_02_mlp1_0_sup0_ssl_cache_10seed_locked,True
3,sub08,2,barlow,psd,16371,16,32,32,0.001,0.03,0.02,1.0,0.1,0.7736838592682034,0.6843788057158235,0.005937637411989272,0.8336741571256425,0.052180169936946186,126.43973007053137,0.0,0.0,0.0,all-patient,True,segssl_barlow_all-patient_psd_finetune_seed1_pre20_proj32_mask0_03_noise0_02_mlp1_0_sup0_ssl_cache_10seed_locked,True
3,sub08,3,barlow,psd,16371,16,32,32,0.001,0.03,0.02,1.0,0.1,0.7377711279550567,0.6509909050073475,0.004283961141481996,0.824962611310184,0.050714035214014075,120.05537642538548,0.0,0.0,0.0,all-patient,True,segssl_barlow_all-patient_psd_finetune_seed1_pre20_proj32_mask0_03_noise0_02_mlp1_0_sup0_ssl_cache_10seed_locked,True
3,sub08,4,barlow,psd,16371,16,32,32,0.001,0.03,0.02,1.0,0.1,0.6530863102525473,0.5674125905788969,0.004208649741485715,0.8146506915509235,0.037961349285069446,105.89025054126978,0.0,0.0,0.0,all-patient,True,segssl_barlow_all-patient_psd_finetune_seed1_pre20_proj32_mask0_03_noise0_02_mlp1_0_sup0_ssl_cache_10seed_locked,True
3,sub08,5,barlow,psd,16371,16,32,32,0.001,0.03,0.02,1.0,0.1,0.6782722645730246,0.5927887623838615,0.004351328359916806,0.8113217351783533,0.03978266518015516,110.60122196376324,0.0,0.0,0.0,all-patient,True,segssl_barlow_all-patient_psd_finetune_seed1_pre20_proj32_mask0_03_noise0_02_mlp1_0_sup0_ssl_cache_10seed_locked,True
3,sub08,6,barlow,psd,16371,16,32,32,0.001,0.03,0.02,1.0,0.1,0.6240160448942333,0.5401433249353431,0.0036522208247333765,0.802204988169251,0.041956205936003244,99.63742576539516,0.0,0.0,0.0,all-patient,True,segssl_barlow_all-patient_psd_finetune_seed1_pre20_proj32_mask0_03_noise0_02_mlp1_0_sup0_ssl_cache_10seed_locked,True
3,sub08,7,barlow,psd,16371,16,32,32,0.001,0.03,0.02,1.0,0.1,0.6777412887313403,0.59207011203398,0.004728357773274183,0.8094281702651642,0.040902225363424805,110.23357972502708,0.0,0.0,0.0,all-patient,True,segssl_barlow_all-patient_psd_finetune_seed1_pre20_proj32_mask0_03_noise0_02_mlp1_0_sup0_ssl_cache_10seed_locked,True
3,sub08,8,barlow,psd,16371,16,32,32,0.001,0.03,0.02,1.0,0.1,0.6123990958731156,0.5285556254093535,0.003666063188575208,0.8017740646901075,0.040812092962369206,97.54870884120464,0.0,0.0,0.0,all-patient,True,segssl_barlow_all-patient_psd_finetune_seed1_pre20_proj32_mask0_03_noise0_02_mlp1_0_sup0_ssl_cache_10seed_locked,True
3,sub08,9,barlow,psd,16371,16,32,32,0.001,0.03,0.02,1.0,0.1,0.7778983851894736,0.6895671703387052,0.005010035703890026,0.8332117909158114,0.05100715679679979,127.7120054513216,0.0,0.0,0.0,all-patient,True,segssl_barlow_all-patient_psd_finetune_seed1_pre20_proj32_mask0_03_noise0_02_mlp1_0_sup0_ssl_cache_10seed_locked,True
3,sub08,10,barlow,psd,16371,16,32,32,0.001,0.03,0.02,1.0,0.1,0.690227140148636,0.6058687089534942,0.004088285844773054,0.8027014517574571,0.060042110741505894,109.16532216221094,0.0,0.0,0.0,all-patient,True,segssl_barlow_all-patient_psd_finetune_seed1_pre20_proj32_mask0_03_noise0_02_mlp1_0_sup0_ssl_cache_10seed_locked,True
3,sub08,11,barlow,psd,16371,16,32,32,0.001,0.03,0.02,1.0,0.1,0.6179274483001791,0.5342754793236963,0.003996060928329825,0.7965590812673327,0.04255724098493374,98.34364981204271,0.0,0.0,0.0,all-patient,True,segssl_barlow_all-patient_psd_finetune_seed1_pre20_proj32_mask0_03_noise0_02_mlp1_0_sup0_ssl_cache_10seed_locked,True
3,sub08,12,barlow,psd,16371,16,32,32,0.001,0.03,0.02,1.0,0.1,0.7506760502001271,0.6646570108423475,0.0033192229457199574,0.826998158445349,0.04243298690857955,124.44480719417334,0.0,0.0,0.0,all-patient,True,segssl_barlow_all-patient_psd_finetune_seed1_pre20_proj32_mask0_03_noise0_02_mlp1_0_sup0_ssl_cache_10seed_locked,True
3,sub08,13,barlow,psd,16371,16,32,32,0.001,0.03,0.02,1.0,0.1,0.6984760671912227,0.6133462827419862,0.003580181277357042,0.8154960323590785,0.04245604394463953,114.17805045843124,0.0,0.0,0.0,all-patient,True,segssl_barlow_all-patient_psd_finetune_seed1_pre20_proj32_mask0_03_noise0_02_mlp1_0_sup0_ssl_cache_10seed_locked,True
3,sub08,14,barlow,psd,16371,16,32,32,0.001,0.03,0.02,1.0,0.1,0.6297597099619452,0.5456912194786128,0.0032084202393889427,0.8086006957746577,0.042493078143252205,100.63963047415018,0.0,0.0,0.0,all-patient,True,segssl_barlow_all-patient_psd_finetune_seed1_pre20_proj32_mask0_03_noise0_02_mlp1_0_sup0_ssl_cache_10seed_locked,True
3,sub08,15,barlow,psd,16371,16,32,32,0.001,0.03,0.02,1.0,0.1,0.681908368394943,0.5972868666576687,0.0035371865378692746,0.8108431545406347,0.04708108778550013,110.04115807265043,0.0,0.0,0.0,all-patient,True,segssl_barlow_all-patient_psd_finetune_seed1_pre20_proj32_mask0_03_noise0_02_mlp1_0_sup0_ssl_cache_10seed_locked,True
3,sub08,16,barlow,psd,16371,16,32,32,0.001,0.03,0.02,1.0,0.1,0.7198155745863914,0.6342370238853619,0.004386705695651472,0.8119184496754315,0.04930926544375325,116.98555439710617,0.0,0.0,0.0,all-patient,True,segssl_barlow_all-patient_psd_finetune_seed1_pre20_proj32_mask0_03_noise0_02_mlp1_0_sup0_ssl_cache_10seed_locked,True
3,sub08,17,barlow,psd,16371,16,32,32,0.001,0.03,0.02,1.0,0.1,0.7218497694120742,0.6373850516392849,0.003313145716674626,0.811515712790424,0.03452564116741996,120.5718849748373,0.0,0.0,0.0,all-patient,True,segssl_barlow_all-patient_psd_finetune_seed1_pre20_proj32_mask0_03_noise0_02_mlp1_0_sup0_ssl_cache_10seed_locked,True
3,sub08,18,barlow,psd,16371,16,32,32,0.001,0.03,0.02,1.0,0.1,0.6486925347999204,0.5646541921014432,0.003663148614577949,0.8037519244244322,0.039668666646889506,104.99710758030415,0.0,0.0,0.0,all-patient,True,segssl_barlow_all-patient_psd_finetune_seed1_pre20_proj32_mask0_03_noise0_02_mlp1_0_sup0_ssl_cache_10seed_locked,True
3,sub08,19,barlow,psd,16371,16,32,32,0.001,0.03,0.02,1.0,0.1,0.6043514402699657,0.5201588585914578,0.0035556022776290774,0.806369788973825,0.04066978413129618,95.89781702309847,0.0,0.0,0.0,all-patient,True,segssl_barlow_all-patient_psd_finetune_seed1_pre20_proj32_mask0_03_noise0_02_mlp1_0_sup0_ssl_cache_10seed_locked,True
3,sub08,20,barlow,psd,16371,16,32,32,0.001,0.03,0.02,1.0,0.1,0.7198524057748728,0.6345113030693028,0.003944861236959696,0.8139623942261096,0.05865033211875925,115.17219675332308,0.0,0.0,0.0,all-patient,True,segssl_barlow_all-patient_psd_finetune_seed1_pre20_proj32_mask0_03_noise0_02_mlp1_0_sup0_ssl_cache_10seed_locked,True
4,sub09,1,barlow,psd,16494,16,32,32,0.001,0.03,0.02,1.0,0.1,0.9668233802778761,0.8227411171513547,0.053643580435781546,0.9043868181199037,0.06384662877669817,151.77890141928347,0.0,0.0,0.0,all-patient,True,segssl_barlow_all-patient_psd_finetune_seed1_pre20_proj32_mask0_03_noise0_02_mlp1_0_sup0_ssl_cache_10seed_locked,True
4,sub09,2,barlow,psd,16494,16,32,32,0.001,0.03,0.02,1.0,0.1,0.6865765918642427,0.5935042337464778,0.007702904806682834,0.8536945247858271,0.03994006853393495,110.71283558383945,0.0,0.0,0.0,all-patient,True,segssl_barlow_all-patient_psd_finetune_seed1_pre20_proj32_mask0_03_noise0_02_mlp1_0_sup0_ssl_cache_10seed_locked,True
4,sub09,3,barlow,psd,16494,16,32,32,0.001,0.03,0.02,1.0,0.1,0.6326083261682268,0.5433549324825594,0.005418659065905182,0.838347340242939,0.03668632216852747,101.33372453898625,0.0,0.0,0.0,all-patient,True,segssl_barlow_all-patient_psd_finetune_seed1_pre20_proj32_mask0_03_noise0_02_mlp1_0_sup0_ssl_cache_10seed_locked,True
4,sub09,4,barlow,psd,16494,16,32,32,0.001,0.03,0.02,1.0,0.1,0.6126154296671038,0.5248520219360707,0.004783696508546343,0.8297970954303483,0.0375342224424237,97.46356218191863,0.0,0.0,0.0,all-patient,True,segssl_barlow_all-patient_psd_finetune_seed1_pre20_proj32_mask0_03_noise0_02_mlp1_0_sup0_ssl_cache_10seed_locked,True
4,sub09,5,barlow,psd,16494,16,32,32,0.001,0.03,0.02,1.0,0.1,0.5879775324744235,0.5005055505251214,0.0049892824674323275,0.8248269828804249,0.03592701393466851,92.91570930221957,0.0,0.0,0.0,all-patient,True,segssl_barlow_all-patient_psd_finetune_seed1_pre20_proj32_mask0_03_noise0_02_mlp1_0_sup0_ssl_cache_10seed_locked,True
4,sub09,6,barlow,psd,16494,16,32,32,0.001,0.03,0.02,1.0,0.1,0.573046290331044,0.4853800199889767,0.005604719560662019,0.8206154994601538,0.035568205887568295,89.96236475177695,0.0,0.0,0.0,all-patient,True,segssl_barlow_all-patient_psd_finetune_seed1_pre20_proj32_mask0_03_noise0_02_mlp1_0_sup0_ssl_cache_10seed_locked,True
4,sub09,7,barlow,psd,16494,16,32,32,0.001,0.03,0.02,1.0,0.1,0.5759449413571973,0.4886261792465047,0.005822230148500429,0.8149653123664579,0.04079679762140625,89.56587826407846,0.0,0.0,0.0,all-patient,True,segssl_barlow_all-patient_psd_finetune_seed1_pre20_proj32_mask0_03_noise0_02_mlp1_0_sup0_ssl_cache_10seed_locked,True
4,sub09,8,barlow,psd,16494,16,32,32,0.001,0.03,0.02,1.0,0.1,0.5582896744187427,0.4711718450866777,0.0059917252926313105,0.811261023224036,0.0356409935606779,87.10617227489571,0.0,0.0,0.0,all-patient,True,segssl_barlow_all-patient_psd_finetune_seed1_pre20_proj32_mask0_03_noise0_02_mlp1_0_sup0_ssl_cache_10seed_locked,True
4,sub09,9,barlow,psd,16494,16,32,32,0.001,0.03,0.02,1.0,0.1,0.5432855251284043,0.45650350449156923,0.006261737917836261,0.8052028256868645,0.03447733288084335,84.40523614522674,0.0,0.0,0.0,all-patient,True,segssl_barlow_all-patient_psd_finetune_seed1_pre20_proj32_mask0_03_noise0_02_mlp1_0_sup0_ssl_cache_10seed_locked,True
4,sub09,10,barlow,psd,16494,16,32,32,0.001,0.03,0.02,1.0,0.1,0.5455696929379878,0.4586984935197636,0.00651077306120287,0.8036042590030297,0.037206796631144734,84.29834120164902,0.0,0.0,0.0,all-patient,True,segssl_barlow_all-patient_psd_finetune_seed1_pre20_proj32_mask0_03_noise0_02_mlp1_0_sup0_ssl_cache_10seed_locked,True
4,sub09,11,barlow,psd,16494,16,32,32,0.001,0.03,0.02,1.0,0.1,0.5348822246409526,0.44881311012748143,0.0064761336860323735,0.7959297996314258,0.03472090965822505,82.81844203294075,0.0,0.0,0.0,all-patient,True,segssl_barlow_all-patient_psd_finetune_seed1_pre20_proj32_mask0_03_noise0_02_mlp1_0_sup0_ssl_cache_10seed_locked,True
4,sub09,12,barlow,psd,16494,16,32,32,0.001,0.03,0.02,1.0,0.1,0.5323213578195507,0.44651350312505844,0.0063542258265409275,0.7945362762353816,0.03647903382559564,82.00689568505717,0.0,0.0,0.0,all-patient,True,segssl_barlow_all-patient_psd_finetune_seed1_pre20_proj32_mask0_03_noise0_02_mlp1_0_sup0_ssl_cache_10seed_locked,True
4,sub09,13,barlow,psd,16494,16,32,32,0.001,0.03,0.02,1.0,0.1,0.5273739802212998,0.4419941876145038,0.006472321416890008,0.7890746978506316,0.035302961554566165,81.33824704574452,0.0,0.0,0.0,all-patient,True,segssl_barlow_all-patient_psd_finetune_seed1_pre20_proj32_mask0_03_noise0_02_mlp1_0_sup0_ssl_cache_10seed_locked,True
4,sub09,14,barlow,psd,16494,16,32,32,0.001,0.03,0.02,1.0,0.1,0.5234672645708522,0.43771742967930266,0.0070886259282479346,0.7866120796748207,0.034461249458259395,80.65123769869282,0.0,0.0,0.0,all-patient,True,segssl_barlow_all-patient_psd_finetune_seed1_pre20_proj32_mask0_03_noise0_02_mlp1_0_sup0_ssl_cache_10seed_locked,True
4,sub09,15,barlow,psd,16494,16,32,32,0.001,0.03,0.02,1.0,0.1,0.5165852430546666,0.4316481768680243,0.006662822486588842,0.7827424261606977,0.03330125497738992,79.66938625598394,0.0,0.0,0.0,all-patient,True,segssl_barlow_all-patient_psd_finetune_seed1_pre20_proj32_mask0_03_noise0_02_mlp1_0_sup0_ssl_cache_10seed_locked,True
4,sub09,16,barlow,psd,16494,16,32,32,0.001,0.03,0.02,1.0,0.1,0.5161104495668735,0.431541417693768,0.006860841488398821,0.7770818937876985,0.03350540491522883,79.60720440025588,0.0,0.0,0.0,all-patient,True,segssl_barlow_all-patient_psd_finetune_seed1_pre20_proj32_mask0_03_noise0_02_mlp1_0_sup0_ssl_cache_10seed_locked,True
4,sub09,17,barlow,psd,16494,16,32,32,0.001,0.03,0.02,1.0,0.1,0.5140094807087855,0.4292773250580759,0.007240946262814719,0.7749120845422366,0.03395886097471912,79.06369479204358,0.0,0.0,0.0,all-patient,True,segssl_barlow_all-patient_psd_finetune_seed1_pre20_proj32_mask0_03_noise0_02_mlp1_0_sup0_ssl_cache_10seed_locked,True
4,sub09,18,barlow,psd,16494,16,32,32,0.001,0.03,0.02,1.0,0.1,0.5099901474007811,0.4253593271907155,0.007449336588440533,0.7718148241045404,0.03284982861124456,78.50190152483698,0.0,0.0,0.0,all-patient,True,segssl_barlow_all-patient_psd_finetune_seed1_pre20_proj32_mask0_03_noise0_02_mlp1_0_sup0_ssl_cache_10seed_locked,True
4,sub09,19,barlow,psd,16494,16,32,32,0.001,0.03,0.02,1.0,0.1,0.5081522986509636,0.42333888605771774,0.007909946945775029,0.769034651531743,0.03190339655456405,78.28709968840694,0.0,0.0,0.0,all-patient,True,segssl_barlow_all-patient_psd_finetune_seed1_pre20_proj32_mask0_03_noise0_02_mlp1_0_sup0_ssl_cache_10seed_locked,True
4,sub09,20,barlow,psd,16494,16,32,32,0.001,0.03,0.02,1.0,0.1,0.5071167196034229,0.4225499342357384,0.008016995500292626,0.7654978845676789,0.03196589313027432,78.1168099966706,0.0,0.0,0.0,all-patient,True,segssl_barlow_all-patient_psd_finetune_seed1_pre20_proj32_mask0_03_noise0_02_mlp1_0_sup0_ssl_cache_10seed_locked,True
5,sub10,1,barlow,psd,16426,16,32,32,0.001,0.03,0.02,1.0,0.1,1.0287445250249303,0.8853969253026522,0.05453256936245095,0.8881502913813512,0.05850068083318166,165.37925236598892,0.0,0.0,0.0,all-patient,True,segssl_barlow_all-patient_psd_finetune_seed1_pre20_proj32_mask0_03_noise0_02_mlp1_0_sup0_ssl_cache_10seed_locked,True
5,sub10,2,barlow,psd,16426,16,32,32,0.001,0.03,0.02,1.0,0.1,0.7045058420593574,0.6131137800135422,0.0066365431903515956,0.8475551822575529,0.04033253651643725,114.55625097614649,0.0,0.0,0.0,all-patient,True,segssl_barlow_all-patient_psd_finetune_seed1_pre20_proj32_mask0_03_noise0_02_mlp1_0_sup0_ssl_cache_10seed_locked,True
5,sub10,3,barlow,psd,16426,16,32,32,0.001,0.03,0.02,1.0,0.1,0.6502698503485441,0.5624878320919156,0.004077304651581673,0.83704712377551,0.036353281218043466,105.22691268698034,0.0,0.0,0.0,all-patient,True,segssl_barlow_all-patient_psd_finetune_seed1_pre20_proj32_mask0_03_noise0_02_mlp1_0_sup0_ssl_cache_10seed_locked,True
5,sub10,4,barlow,psd,16426,16,32,32,0.001,0.03,0.02,1.0,0.1,0.637089175833235,0.5504606327562509,0.003715638060416544,0.8291290402412415,0.037991083524540836,102.49391212946252,0.0,0.0,0.0,all-patient,True,segssl_barlow_all-patient_psd_finetune_seed1_pre20_proj32_mask0_03_noise0_02_mlp1_0_sup0_ssl_cache_10seed_locked,True
5,sub10,5,barlow,psd,16426,16,32,32,0.001,0.03,0.02,1.0,0.1,0.6092691331550465,0.5231707488724412,0.0040136705703141045,0.8208471322477502,0.03936554165670381,96.76104350029668,0.0,0.0,0.0,all-patient,True,segssl_barlow_all-patient_psd_finetune_seed1_pre20_proj32_mask0_03_noise0_02_mlp1_0_sup0_ssl_cache_10seed_locked,True
5,sub10,6,barlow,psd,16426,16,32,32,0.001,0.03,0.02,1.0,0.1,0.587225524510938,0.5019676090447557,0.004288785877803516,0.8096912947230352,0.03751906331994923,92.88971121842812,0.0,0.0,0.0,all-patient,True,segssl_barlow_all-patient_psd_finetune_seed1_pre20_proj32_mask0_03_noise0_02_mlp1_0_sup0_ssl_cache_10seed_locked,True
5,sub10,7,barlow,psd,16426,16,32,32,0.001,0.03,0.02,1.0,0.1,0.5761912159817593,0.49079232424236435,0.004682248964281834,0.807166425980983,0.03782467079052326,90.59353269968896,0.0,0.0,0.0,all-patient,True,segssl_barlow_all-patient_psd_finetune_seed1_pre20_proj32_mask0_03_noise0_02_mlp1_0_sup0_ssl_cache_10seed_locked,True
5,sub10,8,barlow,psd,16426,16,32,32,0.001,0.03,0.02,1.0,0.1,0.5713580222011425,0.48607890579229207,0.005070615882650671,0.8020849888083301,0.038531059099537225,89.50957135402007,0.0,0.0,0.0,all-patient,True,segssl_barlow_all-patient_psd_finetune_seed1_pre20_proj32_mask0_03_noise0_02_mlp1_0_sup0_ssl_cache_10seed_locked,True
5,sub10,9,barlow,psd,16426,16,32,32,0.001,0.03,0.02,1.0,0.1,0.5639403165547502,0.47883857602385954,0.005380493640435358,0.7972124616208304,0.03501718516435253,88.7642800647769,0.0,0.0,0.0,all-patient,True,segssl_barlow_all-patient_psd_finetune_seed1_pre20_proj32_mask0_03_noise0_02_mlp1_0_sup0_ssl_cache_10seed_locked,True
5,sub10,10,barlow,psd,16426,16,32,32,0.001,0.03,0.02,1.0,0.1,0.5574071050967074,0.4724082675451429,0.005540644994845293,0.7945819197199012,0.03797053849912215,86.88754772420288,0.0,0.0,0.0,all-patient,True,segssl_barlow_all-patient_psd_finetune_seed1_pre20_proj32_mask0_03_noise0_02_mlp1_0_sup0_ssl_cache_10seed_locked,True
5,sub10,11,barlow,psd,16426,16,32,32,0.001,0.03,0.02,1.0,0.1,0.55505895884499,0.46975693269156665,0.006115308406870692,0.7918671633333635,0.03643250274571691,86.66488796780149,0.0,0.0,0.0,all-patient,True,segssl_barlow_all-patient_psd_finetune_seed1_pre20_proj32_mask0_03_noise0_02_mlp1_0_sup0_ssl_cache_10seed_locked,True
5,sub10,12,barlow,psd,16426,16,32,32,0.001,0.03,0.02,1.0,0.1,0.5528029708342288,0.4677860891807393,0.0059945536913402825,0.7902232759651214,0.03648054521955267,86.26111072365705,0.0,0.0,0.0,all-patient,True,segssl_barlow_all-patient_psd_finetune_seed1_pre20_proj32_mask0_03_noise0_02_mlp1_0_sup0_ssl_cache_10seed_locked,True
5,sub10,13,barlow,psd,16426,16,32,32,0.001,0.03,0.02,1.0,0.1,0.5463984321363945,0.4615389434539123,0.006276772108143005,0.7858271652500725,0.03439534843120336,85.42872091068614,0.0,0.0,0.0,all-patient,True,segssl_barlow_all-patient_psd_finetune_seed1_pre20_proj32_mask0_03_noise0_02_mlp1_0_sup0_ssl_cache_10seed_locked,True
5,sub10,14,barlow,psd,16426,16,32,32,0.001,0.03,0.02,1.0,0.1,0.5371786524571601,0.4517179642239007,0.007020560652743064,0.7844012658517108,0.032486818338623734,83.84623102041391,0.0,0.0,0.0,all-patient,True,segssl_barlow_all-patient_psd_finetune_seed1_pre20_proj32_mask0_03_noise0_02_mlp1_0_sup0_ssl_cache_10seed_locked,True
5,sub10,15,barlow,psd,16426,16,32,32,0.001,0.03,0.02,1.0,0.1,0.5330753449745976,0.44704197464690354,0.00776572283194151,0.7826764695890458,0.03257985851303933,82.89242507280835,0.0,0.0,0.0,all-patient,True,segssl_barlow_all-patient_psd_finetune_seed1_pre20_proj32_mask0_03_noise0_02_mlp1_0_sup0_ssl_cache_10seed_locked,True
5,sub10,16,barlow,psd,16426,16,32,32,0.001,0.03,0.02,1.0,0.1,0.5361980268008056,0.4512689011470717,0.006918130622054029,0.7801099348207527,0.03476832783440928,83.30011658636018,0.0,0.0,0.0,all-patient,True,segssl_barlow_all-patient_psd_finetune_seed1_pre20_proj32_mask0_03_noise0_02_mlp1_0_sup0_ssl_cache_10seed_locked,True
5,sub10,17,barlow,psd,16426,16,32,32,0.001,0.03,0.02,1.0,0.1,0.5286033116680041,0.44426520239877376,0.006471652947475058,0.778664561041142,0.03422725661644148,82.00759092069067,0.0,0.0,0.0,all-patient,True,segssl_barlow_all-patient_psd_finetune_seed1_pre20_proj32_mask0_03_noise0_02_mlp1_0_sup0_ssl_cache_10seed_locked,True
5,sub10,18,barlow,psd,16426,16,32,32,0.001,0.03,0.02,1.0,0.1,0.5226896624892456,0.43839442802496986,0.006645532522600837,0.776497010304842,0.031147323040511123,81.44942281216005,0.0,0.0,0.0,all-patient,True,segssl_barlow_all-patient_psd_finetune_seed1_pre20_proj32_mask0_03_noise0_02_mlp1_0_sup0_ssl_cache_10seed_locked,True
5,sub10,19,barlow,psd,16426,16,32,32,0.001,0.03,0.02,1.0,0.1,0.5174415630398149,0.43299097385703644,0.007031768415315474,0.7741881999556255,0.030336940865791397,80.53080842371925,0.0,0.0,0.0,all-patient,True,segssl_barlow_all-patient_psd_finetune_seed1_pre20_proj32_mask0_03_noise0_02_mlp1_0_sup0_ssl_cache_10seed_locked,True
5,sub10,20,barlow,psd,16426,16,32,32,0.001,0.03,0.02,1.0,0.1,0.5170866413497182,0.4327920262339981,0.0072778213801843634,0.7701679265313395,0.031186623169615242,80.3210824113974,0.0,0.0,0.0,all-patient,True,segssl_barlow_all-patient_psd_finetune_seed1_pre20_proj32_mask0_03_noise0_02_mlp1_0_sup0_ssl_cache_10seed_locked,True
6,sub11,1,barlow,psd,16420,16,32,32,0.001,0.03,0.02,1.0,0.1,1.1501145134185746,0.9660158275745395,0.09470501011047067,0.8939367670279282,0.07976423256859154,177.25032307180015,0.0,0.0,0.0,all-patient,True,segssl_barlow_all-patient_psd_finetune_seed1_pre20_proj32_mask0_03_noise0_02_mlp1_0_sup0_ssl_cache_10seed_locked,True
6,sub11,2,barlow,psd,16420,16,32,32,0.001,0.03,0.02,1.0,0.1,0.9016857824515925,0.8075376968420933,0.00902838205525102,0.8511970271270254,0.05322397102310731,150.86274875986308,0.0,0.0,0.0,all-patient,True,segssl_barlow_all-patient_psd_finetune_seed1_pre20_proj32_mask0_03_noise0_02_mlp1_0_sup0_ssl_cache_10seed_locked,True
6,sub11,3,barlow,psd,16420,16,32,32,0.001,0.03,0.02,1.0,0.1,0.7291193790770087,0.6394843767309143,0.0059622370627978065,0.8367276509612538,0.05448776193619674,116.99932584976152,0.0,0.0,0.0,all-patient,True,segssl_barlow_all-patient_psd_finetune_seed1_pre20_proj32_mask0_03_noise0_02_mlp1_0_sup0_ssl_cache_10seed_locked,True
6,sub11,4,barlow,psd,16420,16,32,32,0.001,0.03,0.02,1.0,0.1,0.7127427292195128,0.624317154360839,0.005251094452246022,0.8317447858985002,0.04893770925596378,115.07589152632345,0.0,0.0,0.0,all-patient,True,segssl_barlow_all-patient_psd_finetune_seed1_pre20_proj32_mask0_03_noise0_02_mlp1_0_sup0_ssl_cache_10seed_locked,True
6,sub11,5,barlow,psd,16420,16,32,32,0.001,0.03,0.02,1.0,0.1,0.6320909295945693,0.5455393244194079,0.0037898062034614362,0.8276179835650102,0.039668251860056146,101.17421680810737,0.0,0.0,0.0,all-patient,True,segssl_barlow_all-patient_psd_finetune_seed1_pre20_proj32_mask0_03_noise0_02_mlp1_0_sup0_ssl_cache_10seed_locked,True
6,sub11,6,barlow,psd,16420,16,32,32,0.001,0.03,0.02,1.0,0.1,0.6129626359250088,0.5271808933375989,0.003646181644227976,0.8213556056013358,0.0395191222068354,97.53235636621046,0.0,0.0,0.0,all-patient,True,segssl_barlow_all-patient_psd_finetune_seed1_pre20_proj32_mask0_03_noise0_02_mlp1_0_sup0_ssl_cache_10seed_locked,True
6,sub11,7,barlow,psd,16420,16,32,32,0.001,0.03,0.02,1.0,0.1,0.6034243944905401,0.518434992783722,0.003754151598736281,0.8123524966699587,0.04006191284668713,95.67461816477567,0.0,0.0,0.0,all-patient,True,segssl_barlow_all-patient_psd_finetune_seed1_pre20_proj32_mask0_03_noise0_02_mlp1_0_sup0_ssl_cache_10seed_locked,True
6,sub11,8,barlow,psd,16420,16,32,32,0.001,0.03,0.02,1.0,0.1,0.5830291901092102,0.49890017657456404,0.003563336411376775,0.8056567637168212,0.04068319614525039,91.64339834805705,0.0,0.0,0.0,all-patient,True,segssl_barlow_all-patient_psd_finetune_seed1_pre20_proj32_mask0_03_noise0_02_mlp1_0_sup0_ssl_cache_10seed_locked,True
6,sub11,9,barlow,psd,16420,16,32,32,0.001,0.03,0.02,1.0,0.1,0.6426838240291499,0.5571979772673146,0.004128185196071428,0.8135766015254766,0.03723897837658305,103.99180216728887,0.0,0.0,0.0,all-patient,True,segssl_barlow_all-patient_psd_finetune_seed1_pre20_proj32_mask0_03_noise0_02_mlp1_0_sup0_ssl_cache_10seed_locked,True
6,sub11,10,barlow,psd,16420,16,32,32,0.001,0.03,0.02,1.0,0.1,0.5806805309209294,0.4964926432611415,0.00378913737782717,0.8039874974801454,0.039882270328178204,91.32207659876451,0.0,0.0,0.0,all-patient,True,segssl_barlow_all-patient_psd_finetune_seed1_pre20_proj32_mask0_03_noise0_02_mlp1_0_sup0_ssl_cache_10seed_locked,True
6,sub11,11,barlow,psd,16420,16,32,32,0.001,0.03,0.02,1.0,0.1,0.5815032150636281,0.4970644484070051,0.0039037534533596318,0.8053501173781327,0.038145139881436,91.78386380679419,0.0,0.0,0.0,all-patient,True,segssl_barlow_all-patient_psd_finetune_seed1_pre20_proj32_mask0_03_noise0_02_mlp1_0_sup0_ssl_cache_10seed_locked,True
6,sub11,12,barlow,psd,16420,16,32,32,0.001,0.03,0.02,1.0,0.1,0.6303573694468241,0.5455262991794709,0.0036854464216148726,0.8114562354974645,0.046263822266186326,99.85249750570058,0.0,0.0,0.0,all-patient,True,segssl_barlow_all-patient_psd_finetune_seed1_pre20_proj32_mask0_03_noise0_02_mlp1_0_sup0_ssl_cache_10seed_locked,True
6,sub11,13,barlow,psd,16420,16,32,32,0.001,0.03,0.02,1.0,0.1,0.5662409853563801,0.48304731019399877,0.003303786795930946,0.7988988820684687,0.039783481601444314,88.6527676382687,0.0,0.0,0.0,all-patient,True,segssl_barlow_all-patient_psd_finetune_seed1_pre20_proj32_mask0_03_noise0_02_mlp1_0_sup0_ssl_cache_10seed_locked,True
6,sub11,14,barlow,psd,16420,16,32,32,0.001,0.03,0.02,1.0,0.1,0.5556173258422064,0.47248682092436334,0.003416228085437095,0.7971427569196659,0.03871177314388898,86.75501154646089,0.0,0.0,0.0,all-patient,True,segssl_barlow_all-patient_psd_finetune_seed1_pre20_proj32_mask0_03_noise0_02_mlp1_0_sup0_ssl_cache_10seed_locked,True
6,sub11,15,barlow,psd,16420,16,32,32,0.001,0.03,0.02,1.0,0.1,0.5670657022380086,0.48385744729780295,0.0036327802914375225,0.7957547318621991,0.034269993964713266,89.91749271886839,0.0,0.0,0.0,all-patient,True,segssl_barlow_all-patient_psd_finetune_seed1_pre20_proj32_mask0_03_noise0_02_mlp1_0_sup0_ssl_cache_10seed_locked,True
6,sub11,16,barlow,psd,16420,16,32,32,0.001,0.03,0.02,1.0,0.1,0.5463644212443733,0.4641283846005957,0.0034254413268582384,0.7881059430996654,0.03749574520493683,85.3265296616596,0.0,0.0,0.0,all-patient,True,segssl_barlow_all-patient_psd_finetune_seed1_pre20_proj32_mask0_03_noise0_02_mlp1_0_sup0_ssl_cache_10seed_locked,True
6,sub11,17,barlow,psd,16420,16,32,32,0.001,0.03,0.02,1.0,0.1,0.5373052535351899,0.45523484200674463,0.003686184079876893,0.7838422667376602,0.03564573504110506,83.91782316005451,0.0,0.0,0.0,all-patient,True,segssl_barlow_all-patient_psd_finetune_seed1_pre20_proj32_mask0_03_noise0_02_mlp1_0_sup0_ssl_cache_10seed_locked,True
6,sub11,18,barlow,psd,16420,16,32,32,0.001,0.03,0.02,1.0,0.1,0.5374864592582365,0.45509782392883485,0.004171992578664332,0.782166420571876,0.0368595633877055,83.6476541164439,0.0,0.0,0.0,all-patient,True,segssl_barlow_all-patient_psd_finetune_seed1_pre20_proj32_mask0_03_noise0_02_mlp1_0_sup0_ssl_cache_10seed_locked,True
6,sub11,19,barlow,psd,16420,16,32,32,0.001,0.03,0.02,1.0,0.1,0.533524049175749,0.45109912065359264,0.004410649924570769,0.780142773700898,0.03612059868528474,82.99570621464477,0.0,0.0,0.0,all-patient,True,segssl_barlow_all-patient_psd_finetune_seed1_pre20_proj32_mask0_03_noise0_02_mlp1_0_sup0_ssl_cache_10seed_locked,True
6,sub11,20,barlow,psd,16420,16,32,32,0.001,0.03,0.02,1.0,0.1,0.5845881588212936,0.5023098927219748,0.00347279678185007,0.7880546944224962,0.0433997000724498,91.78204060065131,0.0,0.0,0.0,all-patient,True,segssl_barlow_all-patient_psd_finetune_seed1_pre20_proj32_mask0_03_noise0_02_mlp1_0_sup0_ssl_cache_10seed_locked,True
7,sub13,1,barlow,psd,16452,16,32,32,0.001,0.03,0.02,1.0,0.1,1.1163269508452642,0.9702420545157237,0.05776412795190097,0.8832076461831845,0.08347088150364194,177.35423830438285,0.0,0.0,0.0,all-patient,True,segssl_barlow_all-patient_psd_finetune_seed1_pre20_proj32_mask0_03_noise0_02_mlp1_0_sup0_ssl_cache_10seed_locked,True
7,sub13,2,barlow,psd,16452,16,32,32,0.001,0.03,0.02,1.0,0.1,0.83602356603704,0.747215341172019,0.004680875438990468,0.8412734972434327,0.05651986315340506,138.13909871330299,0.0,0.0,0.0,all-patient,True,segssl_barlow_all-patient_psd_finetune_seed1_pre20_proj32_mask0_03_noise0_02_mlp1_0_sup0_ssl_cache_10seed_locked,True
7,sub13,3,barlow,psd,16452,16,32,32,0.001,0.03,0.02,1.0,0.1,0.8911089801000552,0.804604355922825,0.0031094983205619195,0.833951261723586,0.04887925298428353,151.14502400953407,0.0,0.0,0.0,all-patient,True,segssl_barlow_all-patient_psd_finetune_seed1_pre20_proj32_mask0_03_noise0_02_mlp1_0_sup0_ssl_cache_10seed_locked,True
7,sub13,4,barlow,psd,16452,16,32,32,0.001,0.03,0.02,1.0,0.1,0.7254096234273401,0.6403890210407468,0.0023311634916374125,0.8268943798843231,0.03882550336741838,120.3127064755869,0.0,0.0,0.0,all-patient,True,segssl_barlow_all-patient_psd_finetune_seed1_pre20_proj32_mask0_03_noise0_02_mlp1_0_sup0_ssl_cache_10seed_locked,True
7,sub13,5,barlow,psd,16452,16,32,32,0.001,0.03,0.02,1.0,0.1,0.6709422542993251,0.5866652514253344,0.0022244036371436827,0.8205259881978827,0.03872289040792947,109.5884749150253,0.0,0.0,0.0,all-patient,True,segssl_barlow_all-patient_psd_finetune_seed1_pre20_proj32_mask0_03_noise0_02_mlp1_0_sup0_ssl_cache_10seed_locked,True
7,sub13,6,barlow,psd,16452,16,32,32,0.001,0.03,0.02,1.0,0.1,0.6328221074114504,0.5491152366929198,0.002040118818959643,0.8166675129425653,0.03699347815106182,102.42435405645936,0.0,0.0,0.0,all-patient,True,segssl_barlow_all-patient_psd_finetune_seed1_pre20_proj32_mask0_03_noise0_02_mlp1_0_sup0_ssl_cache_10seed_locked,True
7,sub13,7,barlow,psd,16452,16,32,32,0.001,0.03,0.02,1.0,0.1,0.6199640779963271,0.5369760850543994,0.0020595475003137766,0.809284449173943,0.038098380623966366,99.77554298304491,0.0,0.0,0.0,all-patient,True,segssl_barlow_all-patient_psd_finetune_seed1_pre20_proj32_mask0_03_noise0_02_mlp1_0_sup0_ssl_cache_10seed_locked,True
7,sub13,8,barlow,psd,16452,16,32,32,0.001,0.03,0.02,1.0,0.1,0.601609017689096,0.5194383412744376,0.002041305235222315,0.8012937055964048,0.03692402555295008,96.5028654270895,0.0,0.0,0.0,all-patient,True,segssl_barlow_all-patient_psd_finetune_seed1_pre20_proj32_mask0_03_noise0_02_mlp1_0_sup0_ssl_cache_10seed_locked,True
7,sub13,9,barlow,psd,16452,16,32,32,0.001,0.03,0.02,1.0,0.1,0.5908698512004115,0.5091270910407641,0.002080659824627134,0.7966209958778989,0.03748607454890253,94.32820538668173,0.0,0.0,0.0,all-patient,True,segssl_barlow_all-patient_psd_finetune_seed1_pre20_proj32_mask0_03_noise0_02_mlp1_0_sup0_ssl_cache_10seed_locked,True
7,sub13,10,barlow,psd,16452,16,32,32,0.001,0.03,0.02,1.0,0.1,0.5833216294776594,0.5020093777089355,0.0020358530031580504,0.7927639792275961,0.03665921635666918,93.07003431996752,0.0,0.0,0.0,all-patient,True,segssl_barlow_all-patient_psd_finetune_seed1_pre20_proj32_mask0_03_noise0_02_mlp1_0_sup0_ssl_cache_10seed_locked,True
7,sub13,11,barlow,psd,16452,16,32,32,0.001,0.03,0.02,1.0,0.1,0.5732961985471761,0.49208100764234747,0.0021754513676590544,0.7903973975149142,0.034576224607114105,91.50095861970625,0.0,0.0,0.0,all-patient,True,segssl_barlow_all-patient_psd_finetune_seed1_pre20_proj32_mask0_03_noise0_02_mlp1_0_sup0_ssl_cache_10seed_locked,True
7,sub13,12,barlow,psd,16452,16,32,32,0.001,0.03,0.02,1.0,0.1,0.5707625142571067,0.48959591335990804,0.002335689853301201,0.7883091047913039,0.03460666734975943,90.99785134303443,0.0,0.0,0.0,all-patient,True,segssl_barlow_all-patient_psd_finetune_seed1_pre20_proj32_mask0_03_noise0_02_mlp1_0_sup0_ssl_cache_10seed_locked,True
7,sub13,13,barlow,psd,16452,16,32,32,0.001,0.03,0.02,1.0,0.1,0.5618706920751677,0.4808399287152916,0.002508395962395404,0.7852236601307742,0.03362064474928433,89.4438587333301,0.0,0.0,0.0,all-patient,True,segssl_barlow_all-patient_psd_finetune_seed1_pre20_proj32_mask0_03_noise0_02_mlp1_0_sup0_ssl_cache_10seed_locked,True
7,sub13,14,barlow,psd,16452,16,32,32,0.001,0.03,0.02,1.0,0.1,0.559666567948168,0.47866597247424925,0.0027605655473685008,0.7824002873040266,0.035723050864842384,88.58858634570598,0.0,0.0,0.0,all-patient,True,segssl_barlow_all-patient_psd_finetune_seed1_pre20_proj32_mask0_03_noise0_02_mlp1_0_sup0_ssl_cache_10seed_locked,True
7,sub13,15,barlow,psd,16452,16,32,32,0.001,0.03,0.02,1.0,0.1,0.549104080950901,0.468154012114244,0.002905654374318174,0.7804441326329498,0.033300711199518135,86.97066205676258,0.0,0.0,0.0,all-patient,True,segssl_barlow_all-patient_psd_finetune_seed1_pre20_proj32_mask0_03_noise0_02_mlp1_0_sup0_ssl_cache_10seed_locked,True
7,sub13,16,barlow,psd,16452,16,32,32,0.001,0.03,0.02,1.0,0.1,0.5467939168012061,0.465927806638536,0.0031868062978583243,0.7767930303648679,0.0344370157924907,86.2981603602047,0.0,0.0,0.0,all-patient,True,segssl_barlow_all-patient_psd_finetune_seed1_pre20_proj32_mask0_03_noise0_02_mlp1_0_sup0_ssl_cache_10seed_locked,True
7,sub13,17,barlow,psd,16452,16,32,32,0.001,0.03,0.02,1.0,0.1,0.5428745021972989,0.4618055518097502,0.003342301435442777,0.7772664916932409,0.03242000778100704,85.87711089554055,0.0,0.0,0.0,all-patient,True,segssl_barlow_all-patient_psd_finetune_seed1_pre20_proj32_mask0_03_noise0_02_mlp1_0_sup0_ssl_cache_10seed_locked,True
7,sub13,18,barlow,psd,16452,16,32,32,0.001,0.03,0.02,1.0,0.1,0.5593127593528425,0.4779183344138955,0.0029250857202142507,0.7846933762580012,0.03280801613443143,89.02206553615797,0.0,0.0,0.0,all-patient,True,segssl_barlow_all-patient_psd_finetune_seed1_pre20_proj32_mask0_03_noise0_02_mlp1_0_sup0_ssl_cache_10seed_locked,True
7,sub13,19,barlow,psd,16452,16,32,32,0.001,0.03,0.02,1.0,0.1,0.5370063484873554,0.4561439289469761,0.0033279317924417955,0.7753448678059295,0.032557216103652996,84.71734437488374,0.0,0.0,0.0,all-patient,True,segssl_barlow_all-patient_psd_finetune_seed1_pre20_proj32_mask0_03_noise0_02_mlp1_0_sup0_ssl_cache_10seed_locked,True
7,sub13,20,barlow,psd,16452,16,32,32,0.001,0.03,0.02,1.0,0.1,0.5563494698646813,0.4752067857511537,0.0036518635161300675,0.774908202701222,0.034102393835565785,88.22088049544769,0.0,0.0,0.0,all-patient,True,segssl_barlow_all-patient_psd_finetune_seed1_pre20_proj32_mask0_03_noise0_02_mlp1_0_sup0_ssl_cache_10seed_locked,True
8,sub14,1,barlow,psd,16443,16,32,32,0.001,0.03,0.02,1.0,0.1,1.0388723719676645,0.8345738697492658,0.11487566381113075,0.8942283905375792,0.06752626501227156,153.4095247246412,0.0,0.0,0.0,all-patient,True,segssl_barlow_all-patient_psd_finetune_seed1_pre20_proj32_mask0_03_noise0_02_mlp1_0_sup0_ssl_cache_10seed_locked,True
8,sub14,2,barlow,psd,16443,16,32,32,0.001,0.03,0.02,1.0,0.1,0.6776038541346209,0.5827460007212969,0.009488648361732988,0.8536920440799995,0.043529188510026885,107.84336479721367,0.0,0.0,0.0,all-patient,True,segssl_barlow_all-patient_psd_finetune_seed1_pre20_proj32_mask0_03_noise0_02_mlp1_0_sup0_ssl_cache_10seed_locked,True
8,sub14,3,barlow,psd,16443,16,32,32,0.001,0.03,0.02,1.0,0.1,0.6428815932067452,0.5524670031458023,0.006562447849414692,0.8385214272176246,0.043449815983951076,101.8034396858067,0.0,0.0,0.0,all-patient,True,segssl_barlow_all-patient_psd_finetune_seed1_pre20_proj32_mask0_03_noise0_02_mlp1_0_sup0_ssl_cache_10seed_locked,True
8,sub14,4,barlow,psd,16443,16,32,32,0.001,0.03,0.02,1.0,0.1,0.6131202733354346,0.5253035033607297,0.00533274152399501,0.824840274940205,0.04236126080126382,96.58845043553453,0.0,0.0,0.0,all-patient,True,segssl_barlow_all-patient_psd_finetune_seed1_pre20_proj32_mask0_03_noise0_02_mlp1_0_sup0_ssl_cache_10seed_locked,True
8,sub14,5,barlow,psd,16443,16,32,32,0.001,0.03,0.02,1.0,0.1,0.5950543802188064,0.5085827084366913,0.00530169573739345,0.8116997520979277,0.03975202464240382,93.76613888573554,0.0,0.0,0.0,all-patient,True,segssl_barlow_all-patient_psd_finetune_seed1_pre20_proj32_mask0_03_noise0_02_mlp1_0_sup0_ssl_cache_10seed_locked,True
8,sub14,6,barlow,psd,16443,16,32,32,0.001,0.03,0.02,1.0,0.1,0.5773829833136922,0.4916380996080224,0.005241142056795409,0.8050374063420388,0.041462336321259896,90.03515471373086,0.0,0.0,0.0,all-patient,True,segssl_barlow_all-patient_psd_finetune_seed1_pre20_proj32_mask0_03_noise0_02_mlp1_0_sup0_ssl_cache_10seed_locked,True
8,sub14,7,barlow,psd,16443,16,32,32,0.001,0.03,0.02,1.0,0.1,0.5665606958103088,0.4814554009050247,0.0054278388793366425,0.7967745476775596,0.03903519326833653,88.48404352210375,0.0,0.0,0.0,all-patient,True,segssl_barlow_all-patient_psd_finetune_seed1_pre20_proj32_mask0_03_noise0_02_mlp1_0_sup0_ssl_cache_10seed_locked,True
8,sub14,8,barlow,psd,16443,16,32,32,0.001,0.03,0.02,1.0,0.1,0.5646204406011429,0.4796548720579667,0.005944531251484318,0.7902103611322461,0.03822278146018684,88.28642005029819,0.0,0.0,0.0,all-patient,True,segssl_barlow_all-patient_psd_finetune_seed1_pre20_proj32_mask0_03_noise0_02_mlp1_0_sup0_ssl_cache_10seed_locked,True
8,sub14,9,barlow,psd,16443,16,32,32,0.001,0.03,0.02,1.0,0.1,0.5490612548265011,0.46393258634824236,0.0065121973071116885,0.7861647062612415,0.0372489452926471,85.33673021487225,0.0,0.0,0.0,all-patient,True,segssl_barlow_all-patient_psd_finetune_seed1_pre20_proj32_mask0_03_noise0_02_mlp1_0_sup0_ssl_cache_10seed_locked,True
8,sub14,10,barlow,psd,16443,16,32,32,0.001,0.03,0.02,1.0,0.1,0.5505430722746868,0.46602612670061655,0.006273067646917202,0.7824387772131987,0.03776793021813818,85.65164128908387,0.0,0.0,0.0,all-patient,True,segssl_barlow_all-patient_psd_finetune_seed1_pre20_proj32_mask0_03_noise0_02_mlp1_0_sup0_ssl_cache_10seed_locked,True
8,sub14,11,barlow,psd,16443,16,32,32,0.001,0.03,0.02,1.0,0.1,0.5409779321358825,0.45724705931393556,0.006140780935955418,0.7759009068288228,0.037852143490567425,83.87898498564843,0.0,0.0,0.0,all-patient,True,segssl_barlow_all-patient_psd_finetune_seed1_pre20_proj32_mask0_03_noise0_02_mlp1_0_sup0_ssl_cache_10seed_locked,True
8,sub14,12,barlow,psd,16443,16,32,32,0.001,0.03,0.02,1.0,0.1,0.5309289109092278,0.4476247077322192,0.006257053131259369,0.7704714903977594,0.034037170413490164,82.71750934764106,0.0,0.0,0.0,all-patient,True,segssl_barlow_all-patient_psd_finetune_seed1_pre20_proj32_mask0_03_noise0_02_mlp1_0_sup0_ssl_cache_10seed_locked,True
8,sub14,13,barlow,psd,16443,16,32,32,0.001,0.03,0.02,1.0,0.1,0.5286001280124085,0.444941652540103,0.006895201447408951,0.7676327236663507,0.035104442690861506,81.96744381500126,0.0,0.0,0.0,all-patient,True,segssl_barlow_all-patient_psd_finetune_seed1_pre20_proj32_mask0_03_noise0_02_mlp1_0_sup0_ssl_cache_10seed_locked,True
8,sub14,14,barlow,psd,16443,16,32,32,0.001,0.03,0.02,1.0,0.1,0.5218250612050642,0.4383946250732771,0.00689617947381758,0.7653425505189116,0.03376656185843754,80.92561451655881,0.0,0.0,0.0,all-patient,True,segssl_barlow_all-patient_psd_finetune_seed1_pre20_proj32_mask0_03_noise0_02_mlp1_0_sup0_ssl_cache_10seed_locked,True
8,sub14,15,barlow,psd,16443,16,32,32,0.001,0.03,0.02,1.0,0.1,0.518698862293583,0.435353650338223,0.007179693721147826,0.7616551798779213,0.03293784721872266,80.48316233074618,0.0,0.0,0.0,all-patient,True,segssl_barlow_all-patient_psd_finetune_seed1_pre20_proj32_mask0_03_noise0_02_mlp1_0_sup0_ssl_cache_10seed_locked,True
8,sub14,16,barlow,psd,16443,16,32,32,0.001,0.03,0.02,1.0,0.1,0.5198044995505522,0.4366841271867548,0.00712960633786272,0.7599076549250792,0.033923605506322875,80.55210617080273,0.0,0.0,0.0,all-patient,True,segssl_barlow_all-patient_psd_finetune_seed1_pre20_proj32_mask0_03_noise0_02_mlp1_0_sup0_ssl_cache_10seed_locked,True
8,sub14,17,barlow,psd,16443,16,32,32,0.001,0.03,0.02,1.0,0.1,0.5105685558068613,0.4280346861029413,0.006448542213625481,0.7608532696266582,0.030766895612980807,79.45355983095874,0.0,0.0,0.0,all-patient,True,segssl_barlow_all-patient_psd_finetune_seed1_pre20_proj32_mask0_03_noise0_02_mlp1_0_sup0_ssl_cache_10seed_locked,True
8,sub14,18,barlow,psd,16443,16,32,32,0.001,0.03,0.02,1.0,0.1,0.5144623942122385,0.43266687156625294,0.006216301992245685,0.7557922010291875,0.03423744682716351,79.68588669105263,0.0,0.0,0.0,all-patient,True,segssl_barlow_all-patient_psd_finetune_seed1_pre20_proj32_mask0_03_noise0_02_mlp1_0_sup0_ssl_cache_10seed_locked,True
8,sub14,19,barlow,psd,16443,16,32,32,0.001,0.03,0.02,1.0,0.1,0.5038793716971048,0.422657592171361,0.005801013587513787,0.7542076573819502,0.03221297633502603,78.08892512043163,0.0,0.0,0.0,all-patient,True,segssl_barlow_all-patient_psd_finetune_seed1_pre20_proj32_mask0_03_noise0_02_mlp1_0_sup0_ssl_cache_10seed_locked,True
8,sub14,20,barlow,psd,16443,16,32,32,0.001,0.03,0.02,1.0,0.1,0.5029033126766116,0.4216407285242229,0.006134786030661735,0.7512779742595287,0.03208338658226625,77.91147001244215,0.0,0.0,0.0,all-patient,True,segssl_barlow_all-patient_psd_finetune_seed1_pre20_proj32_mask0_03_noise0_02_mlp1_0_sup0_ssl_cache_10seed_locked,True
9,sub15,1,barlow,psd,16361,16,32,32,0.001,0.03,0.02,1.0,0.1,1.022036892169848,0.8832969493064247,0.04945199720321163,0.8928794690707329,0.07727746323469338,161.2039009981724,0.0,0.0,0.0,all-patient,True,segssl_barlow_all-patient_psd_finetune_seed1_pre20_proj32_mask0_03_noise0_02_mlp1_0_sup0_ssl_cache_10seed_locked,True
9,sub15,2,barlow,psd,16361,16,32,32,0.001,0.03,0.02,1.0,0.1,0.68855051018975,0.5980794354909094,0.005802499933326699,0.8466857345456136,0.036290593667889885,112.35777086573029,0.0,0.0,0.0,all-patient,True,segssl_barlow_all-patient_psd_finetune_seed1_pre20_proj32_mask0_03_noise0_02_mlp1_0_sup0_ssl_cache_10seed_locked,True
9,sub15,3,barlow,psd,16361,16,32,32,0.001,0.03,0.02,1.0,0.1,0.6357620797490561,0.5477169045080538,0.004191086322564417,0.8385408719963342,0.033725647327926225,102.79825369796679,0.0,0.0,0.0,all-patient,True,segssl_barlow_all-patient_psd_finetune_seed1_pre20_proj32_mask0_03_noise0_02_mlp1_0_sup0_ssl_cache_10seed_locked,True
9,sub15,4,barlow,psd,16361,16,32,32,0.001,0.03,0.02,1.0,0.1,0.6226430602029388,0.5351655274367403,0.004076337068544688,0.8340119567143486,0.03860463975347899,99.31217978170774,0.0,0.0,0.0,all-patient,True,segssl_barlow_all-patient_psd_finetune_seed1_pre20_proj32_mask0_03_noise0_02_mlp1_0_sup0_ssl_cache_10seed_locked,True
9,sub15,5,barlow,psd,16361,16,32,32,0.001,0.03,0.02,1.0,0.1,0.6029627152144151,0.5163984550117631,0.003786165576759555,0.8277809449188404,0.03628698064975681,96.02229700619874,0.0,0.0,0.0,all-patient,True,segssl_barlow_all-patient_psd_finetune_seed1_pre20_proj32_mask0_03_noise0_02_mlp1_0_sup0_ssl_cache_10seed_locked,True
9,sub15,6,barlow,psd,16361,16,32,32,0.001,0.03,0.02,1.0,0.1,0.5889617493658355,0.5033092460907332,0.0034404750676681802,0.8221202718489098,0.0377524461061671,93.11136222235268,0.0,0.0,0.0,all-patient,True,segssl_barlow_all-patient_psd_finetune_seed1_pre20_proj32_mask0_03_noise0_02_mlp1_0_sup0_ssl_cache_10seed_locked,True
9,sub15,7,barlow,psd,16361,16,32,32,0.001,0.03,0.02,1.0,0.1,0.5730649099147215,0.4882196981827651,0.003375643043107884,0.814695677828346,0.03736819743196082,90.17030226706527,0.0,0.0,0.0,all-patient,True,segssl_barlow_all-patient_psd_finetune_seed1_pre20_proj32_mask0_03_noise0_02_mlp1_0_sup0_ssl_cache_10seed_locked,True
9,sub15,8,barlow,psd,16361,16,32,32,0.001,0.03,0.02,1.0,0.1,0.5684292549495007,0.48397211895077574,0.0035744934604081706,0.8088264145459597,0.03899569225493902,88.9952872267916,0.0,0.0,0.0,all-patient,True,segssl_barlow_all-patient_psd_finetune_seed1_pre20_proj32_mask0_03_noise0_02_mlp1_0_sup0_ssl_cache_10seed_locked,True
9,sub15,9,barlow,psd,16361,16,32,32,0.001,0.03,0.02,1.0,0.1,0.5587678236171297,0.47444843302024775,0.0037499421502837685,0.8056944683849637,0.03868846230815189,87.15199597863041,0.0,0.0,0.0,all-patient,True,segssl_barlow_all-patient_psd_finetune_seed1_pre20_proj32_mask0_03_noise0_02_mlp1_0_sup0_ssl_cache_10seed_locked,True
9,sub15,10,barlow,psd,16361,16,32,32,0.001,0.03,0.02,1.0,0.1,0.5508231964046072,0.46710511634193674,0.0038040981264757623,0.7991398250718736,0.0393810406821586,85.5448168011588,0.0,0.0,0.0,all-patient,True,segssl_barlow_all-patient_psd_finetune_seed1_pre20_proj32_mask0_03_noise0_02_mlp1_0_sup0_ssl_cache_10seed_locked,True
9,sub15,11,barlow,psd,16361,16,32,32,0.001,0.03,0.02,1.0,0.1,0.5429924071009907,0.45937432111300097,0.003938265443430851,0.796798199531736,0.03702032733581166,84.47080056944667,0.0,0.0,0.0,all-patient,True,segssl_barlow_all-patient_psd_finetune_seed1_pre20_proj32_mask0_03_noise0_02_mlp1_0_sup0_ssl_cache_10seed_locked,True
9,sub15,12,barlow,psd,16361,16,32,32,0.001,0.03,0.02,1.0,0.1,0.5377511214009711,0.45451306737413155,0.00390675119174424,0.7933130220001161,0.03798644835418882,83.30532581109338,0.0,0.0,0.0,all-patient,True,segssl_barlow_all-patient_psd_finetune_seed1_pre20_proj32_mask0_03_noise0_02_mlp1_0_sup0_ssl_cache_10seed_locked,True
9,sub15,13,barlow,psd,16361,16,32,32,0.001,0.03,0.02,1.0,0.1,0.5321573701597029,0.4496715788967099,0.003754538408355862,0.7873125189327191,0.035317684574059975,82.87078077702229,0.0,0.0,0.0,all-patient,True,segssl_barlow_all-patient_psd_finetune_seed1_pre20_proj32_mask0_03_noise0_02_mlp1_0_sup0_ssl_cache_10seed_locked,True
9,sub15,14,barlow,psd,16361,16,32,32,0.001,0.03,0.02,1.0,0.1,0.5298097208215111,0.4472710531594583,0.0037667688386531168,0.7877189910306959,0.036170131121311455,82.22018634352399,0.0,0.0,0.0,all-patient,True,segssl_barlow_all-patient_psd_finetune_seed1_pre20_proj32_mask0_03_noise0_02_mlp1_0_sup0_ssl_cache_10seed_locked,True
9,sub15,15,barlow,psd,16361,16,32,32,0.001,0.03,0.02,1.0,0.1,0.5293149360813354,0.4472414912075125,0.00372555481956385,0.7834788900841017,0.037563678402251555,81.93556438233496,0.0,0.0,0.0,all-patient,True,segssl_barlow_all-patient_psd_finetune_seed1_pre20_proj32_mask0_03_noise0_02_mlp1_0_sup0_ssl_cache_10seed_locked,True
9,sub15,16,barlow,psd,16361,16,32,32,0.001,0.03,0.02,1.0,0.1,0.5339861598415692,0.45157868742127105,0.003936428478386395,0.7847104231924372,0.039531058780229916,82.40952766396083,0.0,0.0,0.0,all-patient,True,segssl_barlow_all-patient_psd_finetune_seed1_pre20_proj32_mask0_03_noise0_02_mlp1_0_sup0_ssl_cache_10seed_locked,True
9,sub15,17,barlow,psd,16361,16,32,32,0.001,0.03,0.02,1.0,0.1,0.5239595140413338,0.44237750060747094,0.0037748434909511057,0.7780716910098888,0.03570266135077002,81.33496955133253,0.0,0.0,0.0,all-patient,True,segssl_barlow_all-patient_psd_finetune_seed1_pre20_proj32_mask0_03_noise0_02_mlp1_0_sup0_ssl_cache_10seed_locked,True
9,sub15,18,barlow,psd,16361,16,32,32,0.001,0.03,0.02,1.0,0.1,0.5183460542009024,0.4367418350945004,0.0039081966189461834,0.7769602173001652,0.03439736834937526,80.46889518596093,0.0,0.0,0.0,all-patient,True,segssl_barlow_all-patient_psd_finetune_seed1_pre20_proj32_mask0_03_noise0_02_mlp1_0_sup0_ssl_cache_10seed_locked,True
9,sub15,19,barlow,psd,16361,16,32,32,0.001,0.03,0.02,1.0,0.1,0.5151894162477286,0.4333492890073174,0.004238392017920113,0.7760173430773752,0.03492461734124526,79.68493614308645,0.0,0.0,0.0,all-patient,True,segssl_barlow_all-patient_psd_finetune_seed1_pre20_proj32_mask0_03_noise0_02_mlp1_0_sup0_ssl_cache_10seed_locked,True
9,sub15,20,barlow,psd,16361,16,32,32,0.001,0.03,0.02,1.0,0.1,0.5213798132460138,0.4397201595476529,0.004269636737752637,0.7739001599632983,0.036572641480481026,80.62950551917709,0.0,0.0,0.0,all-patient,True,segssl_barlow_all-patient_psd_finetune_seed1_pre20_proj32_mask0_03_noise0_02_mlp1_0_sup0_ssl_cache_10seed_locked,True
10,sub16,1,barlow,psd,16355,16,32,32,0.001,0.03,0.02,1.0,0.1,0.9631729796601647,0.7942632428595281,0.07656335947217596,0.9234637718571246,0.06625044020848715,145.6025640015961,0.0,0.0,0.0,all-patient,True,segssl_barlow_all-patient_psd_finetune_seed1_pre20_proj32_mask0_03_noise0_02_mlp1_0_sup0_ssl_cache_10seed_locked,True
10,sub16,2,barlow,psd,16355,16,32,32,0.001,0.03,0.02,1.0,0.1,0.7376095235988658,0.6429074935666044,0.006547036641737117,0.8815499119977681,0.04884269007072872,118.81296317062304,0.0,0.0,0.0,all-patient,True,segssl_barlow_all-patient_psd_finetune_seed1_pre20_proj32_mask0_03_noise0_02_mlp1_0_sup0_ssl_cache_10seed_locked,True
10,sub16,3,barlow,psd,16355,16,32,32,0.001,0.03,0.02,1.0,0.1,0.6994760341483477,0.6041872396497083,0.006568551762712317,0.8872024118900299,0.0483029955713113,111.17685129682107,0.0,0.0,0.0,all-patient,True,segssl_barlow_all-patient_psd_finetune_seed1_pre20_proj32_mask0_03_noise0_02_mlp1_0_sup0_ssl_cache_10seed_locked,True
10,sub16,4,barlow,psd,16355,16,32,32,0.001,0.03,0.02,1.0,0.1,0.655613907766715,0.5635549438605677,0.004623482653822018,0.8743548140381322,0.0438514652694753,103.94069793939823,0.0,0.0,0.0,all-patient,True,segssl_barlow_all-patient_psd_finetune_seed1_pre20_proj32_mask0_03_noise0_02_mlp1_0_sup0_ssl_cache_10seed_locked,True
10,sub16,5,barlow,psd,16355,16,32,32,0.001,0.03,0.02,1.0,0.1,0.6622020207192542,0.5718121182242679,0.003690731257404167,0.866991716250413,0.04429782204646781,105.50286161957831,0.0,0.0,0.0,all-patient,True,segssl_barlow_all-patient_psd_finetune_seed1_pre20_proj32_mask0_03_noise0_02_mlp1_0_sup0_ssl_cache_10seed_locked,True
10,sub16,6,barlow,psd,16355,16,32,32,0.001,0.03,0.02,1.0,0.1,0.6136640547424235,0.5249747101687267,0.0031699750896539624,0.8551936890431047,0.055114695050354,93.9720053574906,0.0,0.0,0.0,all-patient,True,segssl_barlow_all-patient_psd_finetune_seed1_pre20_proj32_mask0_03_noise0_02_mlp1_0_sup0_ssl_cache_10seed_locked,True
10,sub16,7,barlow,psd,16355,16,32,32,0.001,0.03,0.02,1.0,0.1,0.774652947428639,0.6849235268282401,0.0028918335980800355,0.868375869964924,0.04199469438480907,128.58576931025857,0.0,0.0,0.0,all-patient,True,segssl_barlow_all-patient_psd_finetune_seed1_pre20_proj32_mask0_03_noise0_02_mlp1_0_sup0_ssl_cache_10seed_locked,True
10,sub16,8,barlow,psd,16355,16,32,32,0.001,0.03,0.02,1.0,0.1,0.7508193892176434,0.6622818088776206,0.002779548585356622,0.8575803191198049,0.05490266773913453,121.47583079407991,0.0,0.0,0.0,all-patient,True,segssl_barlow_all-patient_psd_finetune_seed1_pre20_proj32_mask0_03_noise0_02_mlp1_0_sup0_ssl_cache_10seed_locked,True
10,sub16,9,barlow,psd,16355,16,32,32,0.001,0.03,0.02,1.0,0.1,0.7364940999889653,0.6476745231701598,0.00311967005128385,0.8569990594307815,0.03833906529794465,121.86709436619853,0.0,0.0,0.0,all-patient,True,segssl_barlow_all-patient_psd_finetune_seed1_pre20_proj32_mask0_03_noise0_02_mlp1_0_sup0_ssl_cache_10seed_locked,True
10,sub16,10,barlow,psd,16355,16,32,32,0.001,0.03,0.02,1.0,0.1,0.6362272991870739,0.5486125577812904,0.002949883511339115,0.8466485749533216,0.04202552897790092,101.31740808719996,0.0,0.0,0.0,all-patient,True,segssl_barlow_all-patient_psd_finetune_seed1_pre20_proj32_mask0_03_noise0_02_mlp1_0_sup0_ssl_cache_10seed_locked,True
10,sub16,11,barlow,psd,16355,16,32,32,0.001,0.03,0.02,1.0,0.1,0.6109876518783215,0.5231131413989752,0.0036017446107761836,0.8427276502082075,0.03974076216191032,96.67447810019216,0.0,0.0,0.0,all-patient,True,segssl_barlow_all-patient_psd_finetune_seed1_pre20_proj32_mask0_03_noise0_02_mlp1_0_sup0_ssl_cache_10seed_locked,True
10,sub16,12,barlow,psd,16355,16,32,32,0.001,0.03,0.02,1.0,0.1,0.5912953306677754,0.5040464830654924,0.0034617424477346947,0.8378710389020739,0.03950006025547448,92.90928670038576,0.0,0.0,0.0,all-patient,True,segssl_barlow_all-patient_psd_finetune_seed1_pre20_proj32_mask0_03_noise0_02_mlp1_0_sup0_ssl_cache_10seed_locked,True
10,sub16,13,barlow,psd,16355,16,32,32,0.001,0.03,0.02,1.0,0.1,0.569137004172231,0.4819034490359261,0.0037981248437950455,0.8343543039738608,0.039647514215157977,88.45118905046003,0.0,0.0,0.0,all-patient,True,segssl_barlow_all-patient_psd_finetune_seed1_pre20_proj32_mask0_03_noise0_02_mlp1_0_sup0_ssl_cache_10seed_locked,True
10,sub16,14,barlow,psd,16355,16,32,32,0.001,0.03,0.02,1.0,0.1,0.6026349025737505,0.5151289508314776,0.0037632332286294022,0.8374271744448885,0.04176803509079335,94.67218547086445,0.0,0.0,0.0,all-patient,True,segssl_barlow_all-patient_psd_finetune_seed1_pre20_proj32_mask0_03_noise0_02_mlp1_0_sup0_ssl_cache_10seed_locked,True
10,sub16,15,barlow,psd,16355,16,32,32,0.001,0.03,0.02,1.0,0.1,0.6074087101226912,0.5200825129377994,0.003745453332060127,0.8358074328183894,0.04204400737391182,95.60770327511187,0.0,0.0,0.0,all-patient,True,segssl_barlow_all-patient_psd_finetune_seed1_pre20_proj32_mask0_03_noise0_02_mlp1_0_sup0_ssl_cache_10seed_locked,True
10,sub16,16,barlow,psd,16355,16,32,32,0.001,0.03,0.02,1.0,0.1,0.5549446919155494,0.46845699941424446,0.003908562520382341,0.8257912980904211,0.0370319915247147,86.28500335633696,0.0,0.0,0.0,all-patient,True,segssl_barlow_all-patient_psd_finetune_seed1_pre20_proj32_mask0_03_noise0_02_mlp1_0_sup0_ssl_cache_10seed_locked,True
10,sub16,17,barlow,psd,16355,16,32,32,0.001,0.03,0.02,1.0,0.1,0.550051974673425,0.46341369765012264,0.004145671894823001,0.8249260490998728,0.03947824670683742,84.78709203919591,0.0,0.0,0.0,all-patient,True,segssl_barlow_all-patient_psd_finetune_seed1_pre20_proj32_mask0_03_noise0_02_mlp1_0_sup0_ssl_cache_10seed_locked,True
10,sub16,18,barlow,psd,16355,16,32,32,0.001,0.03,0.02,1.0,0.1,0.6250264563052419,0.536729792083813,0.00396402606982756,0.8433263754564996,0.03586303013925853,100.17335462523579,0.0,0.0,0.0,all-patient,True,segssl_barlow_all-patient_psd_finetune_seed1_pre20_proj32_mask0_03_noise0_02_mlp1_0_sup0_ssl_cache_10seed_locked,True
10,sub16,19,barlow,psd,16355,16,32,32,0.001,0.03,0.02,1.0,0.1,0.5735874179521264,0.4865995018305084,0.0037075443118664993,0.8328037084547306,0.03643601004012432,90.03270052465176,0.0,0.0,0.0,all-patient,True,segssl_barlow_all-patient_psd_finetune_seed1_pre20_proj32_mask0_03_noise0_02_mlp1_0_sup0_ssl_cache_10seed_locked,True
10,sub16,20,barlow,psd,16355,16,32,32,0.001,0.03,0.02,1.0,0.1,0.5523586539753721,0.4661470727661838,0.004175124163734831,0.8203645599960465,0.04319917773172434,84.58958094234224,0.0,0.0,0.0,all-patient,True,segssl_barlow_all-patient_psd_finetune_seed1_pre20_proj32_mask0_03_noise0_02_mlp1_0_sup0_ssl_cache_10seed_locked,True
11,sub17,1,barlow,psd,16322,16,32,32,0.001,0.03,0.02,1.0,0.1,1.0738426846224929,0.8999011403900169,0.08525314445476924,0.8868840096571303,0.07131487583307147,165.7172564918451,0.0,0.0,0.0,all-patient,True,segssl_barlow_all-patient_psd_finetune_seed1_pre20_proj32_mask0_03_noise0_02_mlp1_0_sup0_ssl_cache_10seed_locked,True
11,sub17,2,barlow,psd,16322,16,32,32,0.001,0.03,0.02,1.0,0.1,0.7493849101309444,0.6575263797886575,0.006422842634763354,0.8543568675886989,0.04599327998154639,122.30662276579046,0.0,0.0,0.0,all-patient,True,segssl_barlow_all-patient_psd_finetune_seed1_pre20_proj32_mask0_03_noise0_02_mlp1_0_sup0_ssl_cache_10seed_locked,True
11,sub17,3,barlow,psd,16322,16,32,32,0.001,0.03,0.02,1.0,0.1,0.7056583777347344,0.6166695926728841,0.00413557574751328,0.8485320818470928,0.0651122086684162,110.31147934243914,0.0,0.0,0.0,all-patient,True,segssl_barlow_all-patient_psd_finetune_seed1_pre20_proj32_mask0_03_noise0_02_mlp1_0_sup0_ssl_cache_10seed_locked,True
11,sub17,4,barlow,psd,16322,16,32,32,0.001,0.03,0.02,1.0,0.1,0.6452579185965012,0.55832896106507,0.0030637542834828346,0.838652021737804,0.04384667665609154,102.89645928990946,0.0,0.0,0.0,all-patient,True,segssl_barlow_all-patient_psd_finetune_seed1_pre20_proj32_mask0_03_noise0_02_mlp1_0_sup0_ssl_cache_10seed_locked,True
11,sub17,5,barlow,psd,16322,16,32,32,0.001,0.03,0.02,1.0,0.1,0.6152437600169429,0.5302679444153325,0.002268933292467377,0.827068816275718,0.046140741618226094,96.82544281573767,0.0,0.0,0.0,all-patient,True,segssl_barlow_all-patient_psd_finetune_seed1_pre20_proj32_mask0_03_noise0_02_mlp1_0_sup0_ssl_cache_10seed_locked,True
11,sub17,6,barlow,psd,16322,16,32,32,0.001,0.03,0.02,1.0,0.1,0.5900629527655218,0.5060302423099813,0.0019024872055950408,0.8213022186637041,0.03623885000978505,93.9582805428052,0.0,0.0,0.0,all-patient,True,segssl_barlow_all-patient_psd_finetune_seed1_pre20_proj32_mask0_03_noise0_02_mlp1_0_sup0_ssl_cache_10seed_locked,True
11,sub17,7,barlow,psd,16322,16,32,32,0.001,0.03,0.02,1.0,0.1,0.5935005888299073,0.5099343456087103,0.001974859036848197,0.8159138360639977,0.04047467784014741,93.89193566422271,0.0,0.0,0.0,all-patient,True,segssl_barlow_all-patient_psd_finetune_seed1_pre20_proj32_mask0_03_noise0_02_mlp1_0_sup0_ssl_cache_10seed_locked,True
11,sub17,8,barlow,psd,16322,16,32,32,0.001,0.03,0.02,1.0,0.1,0.5871524267285391,0.5039458233684331,0.0020364986460776335,0.8117010429662075,0.04776156613084211,91.23685325301243,0.0,0.0,0.0,all-patient,True,segssl_barlow_all-patient_psd_finetune_seed1_pre20_proj32_mask0_03_noise0_02_mlp1_0_sup0_ssl_cache_10seed_locked,True
11,sub17,9,barlow,psd,16322,16,32,32,0.001,0.03,0.02,1.0,0.1,0.5748914949282142,0.49207049762934124,0.002016699979634523,0.8080429699523676,0.043628324951108154,89.68843642037716,0.0,0.0,0.0,all-patient,True,segssl_barlow_all-patient_psd_finetune_seed1_pre20_proj32_mask0_03_noise0_02_mlp1_0_sup0_ssl_cache_10seed_locked,True
11,sub17,10,barlow,psd,16322,16,32,32,0.001,0.03,0.02,1.0,0.1,0.6046339687357687,0.5224495977017368,0.0019653310504879704,0.8021903800742517,0.07393605461896896,89.70271013579335,0.0,0.0,0.0,all-patient,True,segssl_barlow_all-patient_psd_finetune_seed1_pre20_proj32_mask0_03_noise0_02_mlp1_0_sup0_ssl_cache_10seed_locked,True
11,sub17,11,barlow,psd,16322,16,32,32,0.001,0.03,0.02,1.0,0.1,0.5691958931470829,0.48713350313534115,0.00204573427194713,0.800166557762812,0.04181613510015743,89.06347558360609,0.0,0.0,0.0,all-patient,True,segssl_barlow_all-patient_psd_finetune_seed1_pre20_proj32_mask0_03_noise0_02_mlp1_0_sup0_ssl_cache_10seed_locked,True
11,sub17,12,barlow,psd,16322,16,32,32,0.001,0.03,0.02,1.0,0.1,0.5582899730305947,0.47647563416974203,0.0021405840013449854,0.796737540568007,0.037831143912312876,87.72889987075014,0.0,0.0,0.0,all-patient,True,segssl_barlow_all-patient_psd_finetune_seed1_pre20_proj32_mask0_03_noise0_02_mlp1_0_sup0_ssl_cache_10seed_locked,True
11,sub17,13,barlow,psd,16322,16,32,32,0.001,0.03,0.02,1.0,0.1,0.5747602025337014,0.4930483169933958,0.0021368098188917738,0.7957507505297777,0.05407200639394279,87.79526392743357,0.0,0.0,0.0,all-patient,True,segssl_barlow_all-patient_psd_finetune_seed1_pre20_proj32_mask0_03_noise0_02_mlp1_0_sup0_ssl_cache_10seed_locked,True
11,sub17,14,barlow,psd,16322,16,32,32,0.001,0.03,0.02,1.0,0.1,0.5667721974160832,0.48524518499294994,0.0022485248022051448,0.7927848606805493,0.04949634081098442,87.14977079086977,0.0,0.0,0.0,all-patient,True,segssl_barlow_all-patient_psd_finetune_seed1_pre20_proj32_mask0_03_noise0_02_mlp1_0_sup0_ssl_cache_10seed_locked,True
11,sub17,15,barlow,psd,16322,16,32,32,0.001,0.03,0.02,1.0,0.1,0.5460524470285384,0.4650711988725578,0.0022063151395986407,0.7877493247054116,0.03507294579514874,85.99965269441819,0.0,0.0,0.0,all-patient,True,segssl_barlow_all-patient_psd_finetune_seed1_pre20_proj32_mask0_03_noise0_02_mlp1_0_sup0_ssl_cache_10seed_locked,True
11,sub17,16,barlow,psd,16322,16,32,32,0.001,0.03,0.02,1.0,0.1,0.6117404565346463,0.5304601383956475,0.002329735751250115,0.7895057929075897,0.09921688594409318,86.24865284022108,0.0,0.0,0.0,all-patient,True,segssl_barlow_all-patient_psd_finetune_seed1_pre20_proj32_mask0_03_noise0_02_mlp1_0_sup0_ssl_cache_10seed_locked,True
11,sub17,17,barlow,psd,16322,16,32,32,0.001,0.03,0.02,1.0,0.1,0.5471293990455575,0.4662645745230702,0.0023389774485036044,0.7852584611073531,0.036151552768962335,86.02260621357618,0.0,0.0,0.0,all-patient,True,segssl_barlow_all-patient_psd_finetune_seed1_pre20_proj32_mask0_03_noise0_02_mlp1_0_sup0_ssl_cache_10seed_locked,True
11,sub17,18,barlow,psd,16322,16,32,32,0.001,0.03,0.02,1.0,0.1,0.5586619564239939,0.4780255249618433,0.0023125469626222137,0.7832388411131008,0.052393543168885975,85.12639835368874,0.0,0.0,0.0,all-patient,True,segssl_barlow_all-patient_psd_finetune_seed1_pre20_proj32_mask0_03_noise0_02_mlp1_0_sup0_ssl_cache_10seed_locked,True
11,sub17,19,barlow,psd,16322,16,32,32,0.001,0.03,0.02,1.0,0.1,0.5415272672134328,0.4614211091448815,0.0022172006640681793,0.7788895656674896,0.043537212113405596,83.5767813410745,0.0,0.0,0.0,all-patient,True,segssl_barlow_all-patient_psd_finetune_seed1_pre20_proj32_mask0_03_noise0_02_mlp1_0_sup0_ssl_cache_10seed_locked,True
11,sub17,20,barlow,psd,16322,16,32,32,0.001,0.03,0.02,1.0,0.1,0.5377595325700216,0.45761191123963335,0.002239684983869024,0.7790793559051518,0.03652031667303407,84.21832093062294,0.0,0.0,0.0,all-patient,True,segssl_barlow_all-patient_psd_finetune_seed1_pre20_proj32_mask0_03_noise0_02_mlp1_0_sup0_ssl_cache_10seed_locked,True
12,sub18,1,barlow,psd,16392,16,32,32,0.001,0.03,0.02,1.0,0.1,1.0000737321086046,0.8151356466805063,0.09410876320629585,0.9082932199792164,0.07014661815880639,148.9978090686333,0.0,0.0,0.0,all-patient,True,segssl_barlow_all-patient_psd_finetune_seed1_pre20_proj32_mask0_03_noise0_02_mlp1_0_sup0_ssl_cache_10seed_locked,True
12,sub18,2,barlow,psd,16392,16,32,32,0.001,0.03,0.02,1.0,0.1,0.6986331430877127,0.603278567849136,0.0091311446631827,0.8622342882505277,0.04472884625060166,111.70994675799113,0.0,0.0,0.0,all-patient,True,segssl_barlow_all-patient_psd_finetune_seed1_pre20_proj32_mask0_03_noise0_02_mlp1_0_sup0_ssl_cache_10seed_locked,True
12,sub18,3,barlow,psd,16392,16,32,32,0.001,0.03,0.02,1.0,0.1,0.6379658920008962,0.5465430259123081,0.006418758601677127,0.8500410695483045,0.041821824279500215,100.94424269513387,0.0,0.0,0.0,all-patient,True,segssl_barlow_all-patient_psd_finetune_seed1_pre20_proj32_mask0_03_noise0_02_mlp1_0_sup0_ssl_cache_10seed_locked,True
12,sub18,4,barlow,psd,16392,16,32,32,0.001,0.03,0.02,1.0,0.1,0.6007712400541073,0.5117204478019621,0.005255247092828518,0.8379554439463267,0.041584583791427134,94.02717483148342,0.0,0.0,0.0,all-patient,True,segssl_barlow_all-patient_psd_finetune_seed1_pre20_proj32_mask0_03_noise0_02_mlp1_0_sup0_ssl_cache_10seed_locked,True
12,sub18,5,barlow,psd,16392,16,32,32,0.001,0.03,0.02,1.0,0.1,0.5869627195451318,0.4992532299495325,0.004744776283822408,0.8296471236391766,0.040826694792727145,91.68530891232375,0.0,0.0,0.0,all-patient,True,segssl_barlow_all-patient_psd_finetune_seed1_pre20_proj32_mask0_03_noise0_02_mlp1_0_sup0_ssl_cache_10seed_locked,True
12,sub18,6,barlow,psd,16392,16,32,32,0.001,0.03,0.02,1.0,0.1,0.5838891197413933,0.4965621546128901,0.0045341029981287514,0.8279286108365873,0.04331479115956804,90.64947462872762,0.0,0.0,0.0,all-patient,True,segssl_barlow_all-patient_psd_finetune_seed1_pre20_proj32_mask0_03_noise0_02_mlp1_0_sup0_ssl_cache_10seed_locked,True
12,sub18,7,barlow,psd,16392,16,32,32,0.001,0.03,0.02,1.0,0.1,0.5707667085019553,0.48470248533458243,0.004141816278783287,0.8192240657457491,0.04328062976506062,88.28437299774914,0.0,0.0,0.0,all-patient,True,segssl_barlow_all-patient_psd_finetune_seed1_pre20_proj32_mask0_03_noise0_02_mlp1_0_sup0_ssl_cache_10seed_locked,True
12,sub18,8,barlow,psd,16392,16,32,32,0.001,0.03,0.02,1.0,0.1,0.5637363823739494,0.47829907280642814,0.003912376543370689,0.8152493299216759,0.04342618771533414,86.97457890952505,0.0,0.0,0.0,all-patient,True,segssl_barlow_all-patient_psd_finetune_seed1_pre20_proj32_mask0_03_noise0_02_mlp1_0_sup0_ssl_cache_10seed_locked,True
12,sub18,9,barlow,psd,16392,16,32,32,0.001,0.03,0.02,1.0,0.1,0.5455600948159287,0.4604526445923782,0.004122116972760457,0.8098533145392813,0.039740504352148716,84.14242981701362,0.0,0.0,0.0,all-patient,True,segssl_barlow_all-patient_psd_finetune_seed1_pre20_proj32_mask0_03_noise0_02_mlp1_0_sup0_ssl_cache_10seed_locked,True
12,sub18,10,barlow,psd,16392,16,32,32,0.001,0.03,0.02,1.0,0.1,0.5505781953509261,0.46589215764185277,0.004227251425022032,0.8045878537689767,0.0410374346481091,84.97094639475753,0.0,0.0,0.0,all-patient,True,segssl_barlow_all-patient_psd_finetune_seed1_pre20_proj32_mask0_03_noise0_02_mlp1_0_sup0_ssl_cache_10seed_locked,True
12,sub18,11,barlow,psd,16392,16,32,32,0.001,0.03,0.02,1.0,0.1,0.5417043526870449,0.4572885071649784,0.004226990676507717,0.8018885455480436,0.039454161038213385,83.56687109970466,0.0,0.0,0.0,all-patient,True,segssl_barlow_all-patient_psd_finetune_seed1_pre20_proj32_mask0_03_noise0_02_mlp1_0_sup0_ssl_cache_10seed_locked,True
12,sub18,12,barlow,psd,16392,16,32,32,0.001,0.03,0.02,1.0,0.1,0.5361822098057445,0.45196451245284663,0.004261779436251012,0.7995591652684095,0.039417069939124146,82.50949048670327,0.0,0.0,0.0,all-patient,True,segssl_barlow_all-patient_psd_finetune_seed1_pre20_proj32_mask0_03_noise0_02_mlp1_0_sup0_ssl_cache_10seed_locked,True
12,sub18,13,barlow,psd,16392,16,32,32,0.001,0.03,0.02,1.0,0.1,0.5310295756851755,0.44700200857185735,0.004507036906916921,0.7952052940682667,0.03829628612618984,81.74114639654393,0.0,0.0,0.0,all-patient,True,segssl_barlow_all-patient_psd_finetune_seed1_pre20_proj32_mask0_03_noise0_02_mlp1_0_sup0_ssl_cache_10seed_locked,True
12,sub18,14,barlow,psd,16392,16,32,32,0.001,0.03,0.02,1.0,0.1,0.5358337444212379,0.45207209683046107,0.004575637375436178,0.7918600881535832,0.03882159702025536,82.65010192126762,0.0,0.0,0.0,all-patient,True,segssl_barlow_all-patient_psd_finetune_seed1_pre20_proj32_mask0_03_noise0_02_mlp1_0_sup0_ssl_cache_10seed_locked,True
12,sub18,15,barlow,psd,16392,16,32,32,0.001,0.03,0.02,1.0,0.1,0.5238962561909746,0.44047163050349164,0.004527687561221239,0.7889693716677224,0.0373143777603329,80.63145236131622,0.0,0.0,0.0,all-patient,True,segssl_barlow_all-patient_psd_finetune_seed1_pre20_proj32_mask0_03_noise0_02_mlp1_0_sup0_ssl_cache_10seed_locked,True
12,sub18,16,barlow,psd,16392,16,32,32,0.001,0.03,0.02,1.0,0.1,0.5223544448468743,0.4388490168641253,0.004686229636029499,0.7881919787278989,0.035000866131357306,80.76963185007979,0.0,0.0,0.0,all-patient,True,segssl_barlow_all-patient_psd_finetune_seed1_pre20_proj32_mask0_03_noise0_02_mlp1_0_sup0_ssl_cache_10seed_locked,True
12,sub18,17,barlow,psd,16392,16,32,32,0.001,0.03,0.02,1.0,0.1,0.5212154612017841,0.4380274036163237,0.004611286419193919,0.7857676990730007,0.036298536512682715,80.34577525069074,0.0,0.0,0.0,all-patient,True,segssl_barlow_all-patient_psd_finetune_seed1_pre20_proj32_mask0_03_noise0_02_mlp1_0_sup0_ssl_cache_10seed_locked,True
12,sub18,18,barlow,psd,16392,16,32,32,0.001,0.03,0.02,1.0,0.1,0.5112610329360496,0.42866894660926447,0.0044369756884691195,0.7815510981548123,0.03431059991918141,78.87167117979469,0.0,0.0,0.0,all-patient,True,segssl_barlow_all-patient_psd_finetune_seed1_pre20_proj32_mask0_03_noise0_02_mlp1_0_sup0_ssl_cache_10seed_locked,True
12,sub18,19,barlow,psd,16392,16,32,32,0.001,0.03,0.02,1.0,0.1,0.5143825848218871,0.43160603023156885,0.00470430909133539,0.7807224468777819,0.03494942117505139,79.33132340966202,0.0,0.0,0.0,all-patient,True,segssl_barlow_all-patient_psd_finetune_seed1_pre20_proj32_mask0_03_noise0_02_mlp1_0_sup0_ssl_cache_10seed_locked,True
12,sub18,20,barlow,psd,16392,16,32,32,0.001,0.03,0.02,1.0,0.1,0.5119114175947701,0.4290630629295256,0.00479742119951946,0.7805093205556637,0.03432596079732587,78.94742210946431,0.0,0.0,0.0,all-patient,True,segssl_barlow_all-patient_psd_finetune_seed1_pre20_proj32_mask0_03_noise0_02_mlp1_0_sup0_ssl_cache_10seed_locked,True
13,sub20,1,barlow,psd,16432,16,32,32,0.001,0.03,0.02,1.0,0.1,0.9943859631734326,0.8660405360619304,0.037110058683267236,0.912353673081087,0.057621496604635815,161.68381154804175,0.0,0.0,0.0,all-patient,True,segssl_barlow_all-patient_psd_finetune_seed1_pre20_proj32_mask0_03_noise0_02_mlp1_0_sup0_ssl_cache_10seed_locked,True
13,sub20,2,barlow,psd,16432,16,32,32,0.001,0.03,0.02,1.0,0.1,0.7087058692503114,0.6196065292038031,0.0032966943655413335,0.858026450193381,0.04422655054154972,115.07599853099612,0.0,0.0,0.0,all-patient,True,segssl_barlow_all-patient_psd_finetune_seed1_pre20_proj32_mask0_03_noise0_02_mlp1_0_sup0_ssl_cache_10seed_locked,True
13,sub20,3,barlow,psd,16432,16,32,32,0.001,0.03,0.02,1.0,0.1,0.655684351688931,0.5691837996911864,0.002398414412166963,0.841021361694596,0.03986063450479657,105.86463539695553,0.0,0.0,0.0,all-patient,True,segssl_barlow_all-patient_psd_finetune_seed1_pre20_proj32_mask0_03_noise0_02_mlp1_0_sup0_ssl_cache_10seed_locked,True
13,sub20,4,barlow,psd,16432,16,32,32,0.001,0.03,0.02,1.0,0.1,0.6507488809518712,0.565762292154808,0.0020191031050194553,0.8296748475473603,0.04687992791339624,103.77647515791881,0.0,0.0,0.0,all-patient,True,segssl_barlow_all-patient_psd_finetune_seed1_pre20_proj32_mask0_03_noise0_02_mlp1_0_sup0_ssl_cache_10seed_locked,True
13,sub20,5,barlow,psd,16432,16,32,32,0.001,0.03,0.02,1.0,0.1,0.6216594716706317,0.5379605332159137,0.0015693882075813984,0.8212954999467298,0.04000958156438242,99.59019258493574,0.0,0.0,0.0,all-patient,True,segssl_barlow_all-patient_psd_finetune_seed1_pre20_proj32_mask0_03_noise0_02_mlp1_0_sup0_ssl_cache_10seed_locked,True
13,sub20,6,barlow,psd,16432,16,32,32,0.001,0.03,0.02,1.0,0.1,0.6025399014049054,0.5194546102664951,0.0014709034588227833,0.8161438695992096,0.0397007791806074,95.9507684456919,0.0,0.0,0.0,all-patient,True,segssl_barlow_all-patient_psd_finetune_seed1_pre20_proj32_mask0_03_noise0_02_mlp1_0_sup0_ssl_cache_10seed_locked,True
13,sub20,7,barlow,psd,16432,16,32,32,0.001,0.03,0.02,1.0,0.1,0.5882978073693993,0.5060583793258017,0.0015403293472186035,0.806990973557098,0.03715630176571445,93.78041772740261,0.0,0.0,0.0,all-patient,True,segssl_barlow_all-patient_psd_finetune_seed1_pre20_proj32_mask0_03_noise0_02_mlp1_0_sup0_ssl_cache_10seed_locked,True
13,sub20,8,barlow,psd,16432,16,32,32,0.001,0.03,0.02,1.0,0.1,0.5735903468777398,0.4919710825283548,0.00145598035940525,0.8016328355469745,0.03600631589514313,91.19295517309499,0.0,0.0,0.0,all-patient,True,segssl_barlow_all-patient_psd_finetune_seed1_pre20_proj32_mask0_03_noise0_02_mlp1_0_sup0_ssl_cache_10seed_locked,True
13,sub20,9,barlow,psd,16432,16,32,32,0.001,0.03,0.02,1.0,0.1,0.5763389896510754,0.4950409937276348,0.0015465292749525625,0.7975146621320589,0.0396307266417967,91.08205552737228,0.0,0.0,0.0,all-patient,True,segssl_barlow_all-patient_psd_finetune_seed1_pre20_proj32_mask0_03_noise0_02_mlp1_0_sup0_ssl_cache_10seed_locked,True
13,sub20,10,barlow,psd,16432,16,32,32,0.001,0.03,0.02,1.0,0.1,0.5693230463560043,0.4882325120306526,0.0016113726282537622,0.7947916031290052,0.03955048539434553,89.73640703388871,0.0,0.0,0.0,all-patient,True,segssl_barlow_all-patient_psd_finetune_seed1_pre20_proj32_mask0_03_noise0_02_mlp1_0_sup0_ssl_cache_10seed_locked,True
13,sub20,11,barlow,psd,16432,16,32,32,0.001,0.03,0.02,1.0,0.1,0.5537790857190167,0.4731799109885152,0.0016330630312643823,0.789661112146229,0.03687253392717738,87.2614774917558,0.0,0.0,0.0,all-patient,True,segssl_barlow_all-patient_psd_finetune_seed1_pre20_proj32_mask0_03_noise0_02_mlp1_0_sup0_ssl_cache_10seed_locked,True
13,sub20,12,barlow,psd,16432,16,32,32,0.001,0.03,0.02,1.0,0.1,0.5534951325574892,0.4734275307662299,0.0016685964534206075,0.7839900416838044,0.03787181132401411,87.11114577727054,0.0,0.0,0.0,all-patient,True,segssl_barlow_all-patient_psd_finetune_seed1_pre20_proj32_mask0_03_noise0_02_mlp1_0_sup0_ssl_cache_10seed_locked,True
13,sub20,13,barlow,psd,16432,16,32,32,0.001,0.03,0.02,1.0,0.1,0.5435686705465326,0.46391855419668737,0.0016562184201011174,0.7799389704757215,0.03518843733612176,85.74602517459502,0.0,0.0,0.0,all-patient,True,segssl_barlow_all-patient_psd_finetune_seed1_pre20_proj32_mask0_03_noise0_02_mlp1_0_sup0_ssl_cache_10seed_locked,True
13,sub20,14,barlow,psd,16432,16,32,32,0.001,0.03,0.02,1.0,0.1,0.5373709042209265,0.45781544271671554,0.0016655245217283374,0.778899366284531,0.035076840673215114,84.54772224537702,0.0,0.0,0.0,all-patient,True,segssl_barlow_all-patient_psd_finetune_seed1_pre20_proj32_mask0_03_noise0_02_mlp1_0_sup0_ssl_cache_10seed_locked,True
13,sub20,15,barlow,psd,16432,16,32,32,0.001,0.03,0.02,1.0,0.1,0.5343390861644021,0.4549258011225484,0.0017290025978496963,0.7768428083055787,0.034813273033832706,84.02250737503185,0.0,0.0,0.0,all-patient,True,segssl_barlow_all-patient_psd_finetune_seed1_pre20_proj32_mask0_03_noise0_02_mlp1_0_sup0_ssl_cache_10seed_locked,True
13,sub20,16,barlow,psd,16432,16,32,32,0.001,0.03,0.02,1.0,0.1,0.5269653457339342,0.4476740941216674,0.001806408544129963,0.7748484198573502,0.03340749206028683,82.8533222677645,0.0,0.0,0.0,all-patient,True,segssl_barlow_all-patient_psd_finetune_seed1_pre20_proj32_mask0_03_noise0_02_mlp1_0_sup0_ssl_cache_10seed_locked,True
13,sub20,17,barlow,psd,16432,16,32,32,0.001,0.03,0.02,1.0,0.1,0.5258988535508673,0.4468587230394042,0.0018713903752134746,0.7716873882169732,0.033349095801337686,82.70192729649084,0.0,0.0,0.0,all-patient,True,segssl_barlow_all-patient_psd_finetune_seed1_pre20_proj32_mask0_03_noise0_02_mlp1_0_sup0_ssl_cache_10seed_locked,True
13,sub20,18,barlow,psd,16432,16,32,32,0.001,0.03,0.02,1.0,0.1,0.5266821968288478,0.4474932097529715,0.001969142921247176,0.7721984346688316,0.03466294205429245,82.56605550585843,0.0,0.0,0.0,all-patient,True,segssl_barlow_all-patient_psd_finetune_seed1_pre20_proj32_mask0_03_noise0_02_mlp1_0_sup0_ssl_cache_10seed_locked,True
13,sub20,19,barlow,psd,16432,16,32,32,0.001,0.03,0.02,1.0,0.1,0.5183336872901285,0.4392947035441728,0.0020429337036296244,0.7699604915435033,0.032441053325500784,81.37073184034725,0.0,0.0,0.0,all-patient,True,segssl_barlow_all-patient_psd_finetune_seed1_pre20_proj32_mask0_03_noise0_02_mlp1_0_sup0_ssl_cache_10seed_locked,True
13,sub20,20,barlow,psd,16432,16,32,32,0.001,0.03,0.02,1.0,0.1,0.5195317185087585,0.4406129151089398,0.0020974910479789814,0.7682131171342577,0.033031950759163674,81.51619463793375,0.0,0.0,0.0,all-patient,True,segssl_barlow_all-patient_psd_finetune_seed1_pre20_proj32_mask0_03_noise0_02_mlp1_0_sup0_ssl_cache_10seed_locked,True
14,sub22,1,barlow,psd,16411,16,32,32,0.001,0.03,0.02,1.0,0.1,1.0366854036760609,0.8442083030183878,0.10260743716074477,0.8986966186448148,0.05653613010572531,157.5344379343252,0.0,0.0,0.0,all-patient,True,segssl_barlow_all-patient_psd_finetune_seed1_pre20_proj32_mask0_03_noise0_02_mlp1_0_sup0_ssl_cache_10seed_locked,True
14,sub22,2,barlow,psd,16411,16,32,32,0.001,0.03,0.02,1.0,0.1,0.7046975609619482,0.6105030881382568,0.008490273710812277,0.8570419822403794,0.044261589161842904,113.24830242997257,0.0,0.0,0.0,all-patient,True,segssl_barlow_all-patient_psd_finetune_seed1_pre20_proj32_mask0_03_noise0_02_mlp1_0_sup0_ssl_cache_10seed_locked,True
14,sub22,3,barlow,psd,16411,16,32,32,0.001,0.03,0.02,1.0,0.1,0.6395305863075089,0.5495262679010339,0.005990701112133717,0.8401361688477719,0.038245070999811386,102.25624207167597,0.0,0.0,0.0,all-patient,True,segssl_barlow_all-patient_psd_finetune_seed1_pre20_proj32_mask0_03_noise0_02_mlp1_0_sup0_ssl_cache_10seed_locked,True
14,sub22,4,barlow,psd,16411,16,32,32,0.001,0.03,0.02,1.0,0.1,0.6045536930159053,0.5169110973211292,0.004729932511759083,0.8291266243941138,0.03798231711024763,95.78575810958534,0.0,0.0,0.0,all-patient,True,segssl_barlow_all-patient_psd_finetune_seed1_pre20_proj32_mask0_03_noise0_02_mlp1_0_sup0_ssl_cache_10seed_locked,True
14,sub22,5,barlow,psd,16411,16,32,32,0.001,0.03,0.02,1.0,0.1,0.588681236519451,0.5021251594578778,0.004099388103968451,0.8245668831275917,0.03943863472303096,92.53730701052422,0.0,0.0,0.0,all-patient,True,segssl_barlow_all-patient_psd_finetune_seed1_pre20_proj32_mask0_03_noise0_02_mlp1_0_sup0_ssl_cache_10seed_locked,True
14,sub22,6,barlow,psd,16411,16,32,32,0.001,0.03,0.02,1.0,0.1,0.5702672399159295,0.48473238785248285,0.0036627207583154156,0.8187213158107873,0.039855286097072326,88.97542246322186,0.0,0.0,0.0,all-patient,True,segssl_barlow_all-patient_psd_finetune_seed1_pre20_proj32_mask0_03_noise0_02_mlp1_0_sup0_ssl_cache_10seed_locked,True
14,sub22,7,barlow,psd,16411,16,32,32,0.001,0.03,0.02,1.0,0.1,0.5587554887140471,0.473789454174553,0.003728710884703995,0.8123732353860175,0.039237501873538534,86.91039243404396,0.0,0.0,0.0,all-patient,True,segssl_barlow_all-patient_psd_finetune_seed1_pre20_proj32_mask0_03_noise0_02_mlp1_0_sup0_ssl_cache_10seed_locked,True
14,sub22,8,barlow,psd,16411,16,32,32,0.001,0.03,0.02,1.0,0.1,0.5494617919417617,0.46448103926683726,0.003943726798014799,0.8103702488059421,0.038043924834720834,85.2874248274121,0.0,0.0,0.0,all-patient,True,segssl_barlow_all-patient_psd_finetune_seed1_pre20_proj32_mask0_03_noise0_02_mlp1_0_sup0_ssl_cache_10seed_locked,True
14,sub22,9,barlow,psd,16411,16,32,32,0.001,0.03,0.02,1.0,0.1,0.5433330490575199,0.4586989413983176,0.004357189346707588,0.8027691740332059,0.037730745031483846,84.19364100078857,0.0,0.0,0.0,all-patient,True,segssl_barlow_all-patient_psd_finetune_seed1_pre20_proj32_mask0_03_noise0_02_mlp1_0_sup0_ssl_cache_10seed_locked,True
14,sub22,10,barlow,psd,16411,16,32,32,0.001,0.03,0.02,1.0,0.1,0.5432877211194289,0.4589922595732858,0.004299103284207469,0.7999635795403642,0.034228522031882064,84.95274944193879,0.0,0.0,0.0,all-patient,True,segssl_barlow_all-patient_psd_finetune_seed1_pre20_proj32_mask0_03_noise0_02_mlp1_0_sup0_ssl_cache_10seed_locked,True
14,sub22,11,barlow,psd,16411,16,32,32,0.001,0.03,0.02,1.0,0.1,0.5320841342385052,0.44759247520281326,0.004730810315055922,0.7976084852892521,0.03519180612493357,82.48013580798174,0.0,0.0,0.0,all-patient,True,segssl_barlow_all-patient_psd_finetune_seed1_pre20_proj32_mask0_03_noise0_02_mlp1_0_sup0_ssl_cache_10seed_locked,True
14,sub22,12,barlow,psd,16411,16,32,32,0.001,0.03,0.02,1.0,0.1,0.529232145546705,0.44518405315239296,0.004712399334935417,0.7933569182777962,0.03553694266722434,81.92942394383005,0.0,0.0,0.0,all-patient,True,segssl_barlow_all-patient_psd_finetune_seed1_pre20_proj32_mask0_03_noise0_02_mlp1_0_sup0_ssl_cache_10seed_locked,True
14,sub22,13,barlow,psd,16411,16,32,32,0.001,0.03,0.02,1.0,0.1,0.5252615857077854,0.44160346872741485,0.004729225970151131,0.7892888958110215,0.03430150803378248,81.46039398000022,0.0,0.0,0.0,all-patient,True,segssl_barlow_all-patient_psd_finetune_seed1_pre20_proj32_mask0_03_noise0_02_mlp1_0_sup0_ssl_cache_10seed_locked,True
14,sub22,14,barlow,psd,16411,16,32,32,0.001,0.03,0.02,1.0,0.1,0.5172025015828206,0.4338727121697067,0.004825489679042823,0.7850429852861642,0.03474428938278751,79.8256862521404,0.0,0.0,0.0,all-patient,True,segssl_barlow_all-patient_psd_finetune_seed1_pre20_proj32_mask0_03_noise0_02_mlp1_0_sup0_ssl_cache_10seed_locked,True
14,sub22,15,barlow,psd,16411,16,32,32,0.001,0.03,0.02,1.0,0.1,0.5167178148821315,0.4336694054901019,0.00476759335218582,0.7828081569127869,0.03338855983949036,80.05617090786642,0.0,0.0,0.0,all-patient,True,segssl_barlow_all-patient_psd_finetune_seed1_pre20_proj32_mask0_03_noise0_02_mlp1_0_sup0_ssl_cache_10seed_locked,True
14,sub22,16,barlow,psd,16411,16,32,32,0.001,0.03,0.02,1.0,0.1,0.5136161371339367,0.43023946651822176,0.0052467806529812875,0.7812988908551125,0.0346158365247005,79.12472768415485,0.0,0.0,0.0,all-patient,True,segssl_barlow_all-patient_psd_finetune_seed1_pre20_proj32_mask0_03_noise0_02_mlp1_0_sup0_ssl_cache_10seed_locked,True
14,sub22,17,barlow,psd,16411,16,32,32,0.001,0.03,0.02,1.0,0.1,0.5151406106254046,0.4314475186154624,0.005493993531426026,0.7819909704649425,0.035300800078920655,79.22934553730093,0.0,0.0,0.0,all-patient,True,segssl_barlow_all-patient_psd_finetune_seed1_pre20_proj32_mask0_03_noise0_02_mlp1_0_sup0_ssl_cache_10seed_locked,True
14,sub22,18,barlow,psd,16411,16,32,32,0.001,0.03,0.02,1.0,0.1,0.5053350859218173,0.4224226928477631,0.005366582154762907,0.7754580971674148,0.031874241669785745,78.10969211437084,0.0,0.0,0.0,all-patient,True,segssl_barlow_all-patient_psd_finetune_seed1_pre20_proj32_mask0_03_noise0_02_mlp1_0_sup0_ssl_cache_10seed_locked,True
14,sub22,19,barlow,psd,16411,16,32,32,0.001,0.03,0.02,1.0,0.1,0.507182106579024,0.4242661153828656,0.0053552751652678554,0.7756071427063636,0.035443442675319535,77.76453633522198,0.0,0.0,0.0,all-patient,True,segssl_barlow_all-patient_psd_finetune_seed1_pre20_proj32_mask0_03_noise0_02_mlp1_0_sup0_ssl_cache_10seed_locked,True
14,sub22,20,barlow,psd,16411,16,32,32,0.001,0.03,0.02,1.0,0.1,0.49898886712554835,0.4165472030407272,0.0052024923105221275,0.7723917034808655,0.031146095532807748,77.08022322849921,0.0,0.0,0.0,all-patient,True,segssl_barlow_all-patient_psd_finetune_seed1_pre20_proj32_mask0_03_noise0_02_mlp1_0_sup0_ssl_cache_10seed_locked,True
15,sub24,1,barlow,psd,16385,16,32,32,0.001,0.03,0.02,1.0,0.1,1.0215005166356157,0.872022942159234,0.06086910747900242,0.8860846773589529,0.06518606637990693,161.3673790610709,0.0,0.0,0.0,all-patient,True,segssl_barlow_all-patient_psd_finetune_seed1_pre20_proj32_mask0_03_noise0_02_mlp1_0_sup0_ssl_cache_10seed_locked,True
15,sub24,2,barlow,psd,16385,16,32,32,0.001,0.03,0.02,1.0,0.1,0.6825196294268457,0.591622633934021,0.006965826546273581,0.8393116776245396,0.04324382171761699,109.67576526176639,0.0,0.0,0.0,all-patient,True,segssl_barlow_all-patient_psd_finetune_seed1_pre20_proj32_mask0_03_noise0_02_mlp1_0_sup0_ssl_cache_10seed_locked,True
15,sub24,3,barlow,psd,16385,16,32,32,0.001,0.03,0.02,1.0,0.1,0.6347281316649623,0.5469185852713702,0.005099177476836414,0.8271036843264975,0.038334424653794705,101.71683432974467,0.0,0.0,0.0,all-patient,True,segssl_barlow_all-patient_psd_finetune_seed1_pre20_proj32_mask0_03_noise0_02_mlp1_0_sup0_ssl_cache_10seed_locked,True
15,sub24,4,barlow,psd,16385,16,32,32,0.001,0.03,0.02,1.0,0.1,0.6135146567443522,0.5267990286175798,0.0043743164946393265,0.8234131166702363,0.038837299063892626,97.5923481936571,0.0,0.0,0.0,all-patient,True,segssl_barlow_all-patient_psd_finetune_seed1_pre20_proj32_mask0_03_noise0_02_mlp1_0_sup0_ssl_cache_10seed_locked,True
15,sub24,5,barlow,psd,16385,16,32,32,0.001,0.03,0.02,1.0,0.1,0.5900641587667349,0.5043264607685368,0.004137409024122285,0.8160028917324252,0.03694092910350641,93.47710825105993,0.0,0.0,0.0,all-patient,True,segssl_barlow_all-patient_psd_finetune_seed1_pre20_proj32_mask0_03_noise0_02_mlp1_0_sup0_ssl_cache_10seed_locked,True
15,sub24,6,barlow,psd,16385,16,32,32,0.001,0.03,0.02,1.0,0.1,0.576512062887593,0.491503515359832,0.004064101591342833,0.809444453774429,0.03638428070037285,91.023848921613,0.0,0.0,0.0,all-patient,True,segssl_barlow_all-patient_psd_finetune_seed1_pre20_proj32_mask0_03_noise0_02_mlp1_0_sup0_ssl_cache_10seed_locked,True
15,sub24,7,barlow,psd,16385,16,32,32,0.001,0.03,0.02,1.0,0.1,0.5691177081880046,0.4846586740598446,0.004123023428568026,0.8033600964778808,0.03687908501159854,89.55591973281489,0.0,0.0,0.0,all-patient,True,segssl_barlow_all-patient_psd_finetune_seed1_pre20_proj32_mask0_03_noise0_02_mlp1_0_sup0_ssl_cache_10seed_locked,True
15,sub24,8,barlow,psd,16385,16,32,32,0.001,0.03,0.02,1.0,0.1,0.5549919820195292,0.47069920243286506,0.004286537751918886,0.8000624140879004,0.037976990057518936,86.54444437166539,0.0,0.0,0.0,all-patient,True,segssl_barlow_all-patient_psd_finetune_seed1_pre20_proj32_mask0_03_noise0_02_mlp1_0_sup0_ssl_cache_10seed_locked,True
15,sub24,9,barlow,psd,16385,16,32,32,0.001,0.03,0.02,1.0,0.1,0.551311250941419,0.4669479031679107,0.0048337345588498,0.7952961227806603,0.035559293721779815,86.27772396180688,0.0,0.0,0.0,all-patient,True,segssl_barlow_all-patient_psd_finetune_seed1_pre20_proj32_mask0_03_noise0_02_mlp1_0_sup0_ssl_cache_10seed_locked,True
15,sub24,10,barlow,psd,16385,16,32,32,0.001,0.03,0.02,1.0,0.1,0.5422587992796084,0.4584350387643023,0.005033350223448218,0.7879040899218582,0.03544788497636413,84.59743263802878,0.0,0.0,0.0,all-patient,True,segssl_barlow_all-patient_psd_finetune_seed1_pre20_proj32_mask0_03_noise0_02_mlp1_0_sup0_ssl_cache_10seed_locked,True
15,sub24,11,barlow,psd,16385,16,32,32,0.001,0.03,0.02,1.0,0.1,0.5370411390793033,0.4531347282921396,0.005172526894546137,0.7873388300000167,0.03389172735828452,83.84860219815883,0.0,0.0,0.0,all-patient,True,segssl_barlow_all-patient_psd_finetune_seed1_pre20_proj32_mask0_03_noise0_02_mlp1_0_sup0_ssl_cache_10seed_locked,True
15,sub24,12,barlow,psd,16385,16,32,32,0.001,0.03,0.02,1.0,0.1,0.5332231584881864,0.44966923923027224,0.0052677922132538585,0.7828612619202312,0.03352050980098727,83.22974779826839,0.0,0.0,0.0,all-patient,True,segssl_barlow_all-patient_psd_finetune_seed1_pre20_proj32_mask0_03_noise0_02_mlp1_0_sup0_ssl_cache_10seed_locked,True
15,sub24,13,barlow,psd,16385,16,32,32,0.001,0.03,0.02,1.0,0.1,0.5259406397764276,0.44247007399070554,0.0056347991199028205,0.7783576592294181,0.032994232061546204,81.89517030297256,0.0,0.0,0.0,all-patient,True,segssl_barlow_all-patient_psd_finetune_seed1_pre20_proj32_mask0_03_noise0_02_mlp1_0_sup0_ssl_cache_10seed_locked,True
15,sub24,14,barlow,psd,16385,16,32,32,0.001,0.03,0.02,1.0,0.1,0.5244540419865672,0.4410674425450767,0.005798437420914813,0.7758816168657163,0.032813991625089106,81.6506919004859,0.0,0.0,0.0,all-patient,True,segssl_barlow_all-patient_psd_finetune_seed1_pre20_proj32_mask0_03_noise0_02_mlp1_0_sup0_ssl_cache_10seed_locked,True
15,sub24,15,barlow,psd,16385,16,32,32,0.001,0.03,0.02,1.0,0.1,0.5180763524988803,0.4345739656541406,0.005974282287969822,0.7752810339229863,0.03304920086841576,80.30495477071622,0.0,0.0,0.0,all-patient,True,segssl_barlow_all-patient_psd_finetune_seed1_pre20_proj32_mask0_03_noise0_02_mlp1_0_sup0_ssl_cache_10seed_locked,True
15,sub24,16,barlow,psd,16385,16,32,32,0.001,0.03,0.02,1.0,0.1,0.516114993560605,0.43214156040331214,0.0065525502693362355,0.7742088157956193,0.030622368456068926,80.3038401087319,0.0,0.0,0.0,all-patient,True,segssl_barlow_all-patient_psd_finetune_seed1_pre20_proj32_mask0_03_noise0_02_mlp1_0_sup0_ssl_cache_10seed_locked,True
15,sub24,17,barlow,psd,16385,16,32,32,0.001,0.03,0.02,1.0,0.1,0.5122767954119822,0.4292024962495013,0.00614961845118825,0.7692467971836648,0.03219932307557362,79.40063620218416,0.0,0.0,0.0,all-patient,True,segssl_barlow_all-patient_psd_finetune_seed1_pre20_proj32_mask0_03_noise0_02_mlp1_0_sup0_ssl_cache_10seed_locked,True
15,sub24,18,barlow,psd,16385,16,32,32,0.001,0.03,0.02,1.0,0.1,0.5112635010062921,0.428345488426162,0.0062655116290580935,0.7665249964522153,0.03268032203314871,79.13303497314453,0.0,0.0,0.0,all-patient,True,segssl_barlow_all-patient_psd_finetune_seed1_pre20_proj32_mask0_03_noise0_02_mlp1_0_sup0_ssl_cache_10seed_locked,True
15,sub24,19,barlow,psd,16385,16,32,32,0.001,0.03,0.02,1.0,0.1,0.5072296788252708,0.42455814943080994,0.0061933103421839275,0.7647821843333361,0.031097733521402427,78.69208493860756,0.0,0.0,0.0,all-patient,True,segssl_barlow_all-patient_psd_finetune_seed1_pre20_proj32_mask0_03_noise0_02_mlp1_0_sup0_ssl_cache_10seed_locked,True
15,sub24,20,barlow,psd,16385,16,32,32,0.001,0.03,0.02,1.0,0.1,0.5064784416901629,0.423489609869515,0.006348704826541063,0.7664012638824742,0.03208124072427248,78.2816755304104,0.0,0.0,0.0,all-patient,True,segssl_barlow_all-patient_psd_finetune_seed1_pre20_proj32_mask0_03_noise0_02_mlp1_0_sup0_ssl_cache_10seed_locked,True
16,sub27,1,barlow,psd,16299,16,32,32,0.001,0.03,0.02,1.0,0.1,1.0102807224323285,0.8513116094853155,0.06884000626583679,0.9012910496147388,0.07353584033092511,155.5551575725282,0.0,0.0,0.0,all-patient,True,segssl_barlow_all-patient_psd_finetune_seed1_pre20_proj32_mask0_03_noise0_02_mlp1_0_sup0_ssl_cache_10seed_locked,True
16,sub27,2,barlow,psd,16299,16,32,32,0.001,0.03,0.02,1.0,0.1,0.7032406252897523,0.6127154200070037,0.005046070265465793,0.8547913438263071,0.04511662631915284,113.51976135223957,0.0,0.0,0.0,all-patient,True,segssl_barlow_all-patient_psd_finetune_seed1_pre20_proj32_mask0_03_noise0_02_mlp1_0_sup0_ssl_cache_10seed_locked,True
16,sub27,3,barlow,psd,16299,16,32,32,0.001,0.03,0.02,1.0,0.1,0.6449541253301885,0.5570275364142054,0.0036552491670033883,0.8427133909385501,0.040421423897324484,103.32122489771969,0.0,0.0,0.0,all-patient,True,segssl_barlow_all-patient_psd_finetune_seed1_pre20_proj32_mask0_03_noise0_02_mlp1_0_sup0_ssl_cache_10seed_locked,True
16,sub27,4,barlow,psd,16299,16,32,32,0.001,0.03,0.02,1.0,0.1,0.617698873341142,0.5310372842130296,0.0033180561571055705,0.8334353178359342,0.04052623418882723,98.10221212160599,0.0,0.0,0.0,all-patient,True,segssl_barlow_all-patient_psd_finetune_seed1_pre20_proj32_mask0_03_noise0_02_mlp1_0_sup0_ssl_cache_10seed_locked,True
16,sub27,5,barlow,psd,16299,16,32,32,0.001,0.03,0.02,1.0,0.1,0.5968210954252006,0.5109197949520856,0.0033752183567904398,0.8252608223916036,0.03942386150475266,94.29918874304475,0.0,0.0,0.0,all-patient,True,segssl_barlow_all-patient_psd_finetune_seed1_pre20_proj32_mask0_03_noise0_02_mlp1_0_sup0_ssl_cache_10seed_locked,True
16,sub27,6,barlow,psd,16299,16,32,32,0.001,0.03,0.02,1.0,0.1,0.5892272057254836,0.5036590576932287,0.0034368944823215475,0.8213125197646428,0.039240101095968975,92.88379359221904,0.0,0.0,0.0,all-patient,True,segssl_barlow_all-patient_psd_finetune_seed1_pre20_proj32_mask0_03_noise0_02_mlp1_0_sup0_ssl_cache_10seed_locked,True
16,sub27,7,barlow,psd,16299,16,32,32,0.001,0.03,0.02,1.0,0.1,0.5747280234326558,0.48992231973722006,0.0034970674477334813,0.8130863510415879,0.03655328070292463,90.67380961679265,0.0,0.0,0.0,all-patient,True,segssl_barlow_all-patient_psd_finetune_seed1_pre20_proj32_mask0_03_noise0_02_mlp1_0_sup0_ssl_cache_10seed_locked,True
16,sub27,8,barlow,psd,16299,16,32,32,0.001,0.03,0.02,1.0,0.1,0.5602994370507305,0.47603153913365026,0.0035101160099976665,0.8075778122563592,0.032680740760926294,88.67016162816161,0.0,0.0,0.0,all-patient,True,segssl_barlow_all-patient_psd_finetune_seed1_pre20_proj32_mask0_03_noise0_02_mlp1_0_sup0_ssl_cache_10seed_locked,True
16,sub27,9,barlow,psd,16299,16,32,32,0.001,0.03,0.02,1.0,0.1,0.547465316476017,0.4630269762695245,0.0038193308687069698,0.806190079982896,0.032821415161295366,86.04111404718431,0.0,0.0,0.0,all-patient,True,segssl_barlow_all-patient_psd_finetune_seed1_pre20_proj32_mask0_03_noise0_02_mlp1_0_sup0_ssl_cache_10seed_locked,True
16,sub27,10,barlow,psd,16299,16,32,32,0.001,0.03,0.02,1.0,0.1,0.5477369769281681,0.46350706647258977,0.003932457442840486,0.802974528314087,0.03447648884785216,85.8061174125035,0.0,0.0,0.0,all-patient,True,segssl_barlow_all-patient_psd_finetune_seed1_pre20_proj32_mask0_03_noise0_02_mlp1_0_sup0_ssl_cache_10seed_locked,True
16,sub27,11,barlow,psd,16299,16,32,32,0.001,0.03,0.02,1.0,0.1,0.543486494925586,0.4589897168688732,0.004511451112861371,0.7998532585587655,0.03240315254889173,85.31731469451036,0.0,0.0,0.0,all-patient,True,segssl_barlow_all-patient_psd_finetune_seed1_pre20_proj32_mask0_03_noise0_02_mlp1_0_sup0_ssl_cache_10seed_locked,True
16,sub27,12,barlow,psd,16299,16,32,32,0.001,0.03,0.02,1.0,0.1,0.5366004192443077,0.4520992121939804,0.00483078296799889,0.7967042380740996,0.03291858166275259,83.83612798030056,0.0,0.0,0.0,all-patient,True,segssl_barlow_all-patient_psd_finetune_seed1_pre20_proj32_mask0_03_noise0_02_mlp1_0_sup0_ssl_cache_10seed_locked,True
16,sub27,13,barlow,psd,16299,16,32,32,0.001,0.03,0.02,1.0,0.1,0.540041860730421,0.45499581481687457,0.005760472819896395,0.7928557181264748,0.033843097574707263,84.2305452910209,0.0,0.0,0.0,all-patient,True,segssl_barlow_all-patient_psd_finetune_seed1_pre20_proj32_mask0_03_noise0_02_mlp1_0_sup0_ssl_cache_10seed_locked,True
16,sub27,14,barlow,psd,16299,16,32,32,0.001,0.03,0.02,1.0,0.1,0.5381507125698666,0.4525803822998444,0.006430215877686446,0.7914011367579321,0.030653220370148653,84.38543436875872,0.0,0.0,0.0,all-patient,True,segssl_barlow_all-patient_psd_finetune_seed1_pre20_proj32_mask0_03_noise0_02_mlp1_0_sup0_ssl_cache_10seed_locked,True
16,sub27,15,barlow,psd,16299,16,32,32,0.001,0.03,0.02,1.0,0.1,0.5285836952181864,0.4436290402173762,0.006429132582277966,0.7852552118724883,0.03153661737365646,82.41848646319299,0.0,0.0,0.0,all-patient,True,segssl_barlow_all-patient_psd_finetune_seed1_pre20_proj32_mask0_03_noise0_02_mlp1_0_sup0_ssl_cache_10seed_locked,True
16,sub27,16,barlow,psd,16299,16,32,32,0.001,0.03,0.02,1.0,0.1,0.5306512840362714,0.4456400530846009,0.006481742952475955,0.7852948770672814,0.031241914918655356,82.87962960120623,0.0,0.0,0.0,all-patient,True,segssl_barlow_all-patient_psd_finetune_seed1_pre20_proj32_mask0_03_noise0_02_mlp1_0_sup0_ssl_cache_10seed_locked,True
16,sub27,17,barlow,psd,16299,16,32,32,0.001,0.03,0.02,1.0,0.1,0.5152219995139743,0.4305362300444632,0.006336178583064655,0.78349589663937,0.02786706720814255,80.53383435070573,0.0,0.0,0.0,all-patient,True,segssl_barlow_all-patient_psd_finetune_seed1_pre20_proj32_mask0_03_noise0_02_mlp1_0_sup0_ssl_cache_10seed_locked,True
16,sub27,18,barlow,psd,16299,16,32,32,0.001,0.03,0.02,1.0,0.1,0.5201351639976445,0.4347625284129434,0.006941161165059607,0.7843147351592048,0.031090156085399858,80.73447628227136,0.0,0.0,0.0,all-patient,True,segssl_barlow_all-patient_psd_finetune_seed1_pre20_proj32_mask0_03_noise0_02_mlp1_0_sup0_ssl_cache_10seed_locked,True
16,sub27,19,barlow,psd,16299,16,32,32,0.001,0.03,0.02,1.0,0.1,0.5178319621425381,0.4323328765615514,0.0074427323205665235,0.7805635246491175,0.03093162923228723,80.2802512119282,0.0,0.0,0.0,all-patient,True,segssl_barlow_all-patient_psd_finetune_seed1_pre20_proj32_mask0_03_noise0_02_mlp1_0_sup0_ssl_cache_10seed_locked,True
16,sub27,20,barlow,psd,16299,16,32,32,0.001,0.03,0.02,1.0,0.1,0.5105378980491533,0.4250633337839312,0.007746918278657653,0.7772764444819142,0.029000584063073574,79.21255159612025,0.0,0.0,0.0,all-patient,True,segssl_barlow_all-patient_psd_finetune_seed1_pre20_proj32_mask0_03_noise0_02_mlp1_0_sup0_ssl_cache_10seed_locked,True
17,sub28,1,barlow,psd,16344,16,32,32,0.001,0.03,0.02,1.0,0.1,0.9909139015436639,0.8408854364940564,0.06047306508700675,0.895553998080485,0.06069443585422189,156.03820359590236,0.0,0.0,0.0,all-patient,True,segssl_barlow_all-patient_psd_finetune_seed1_pre20_proj32_mask0_03_noise0_02_mlp1_0_sup0_ssl_cache_10seed_locked,True
17,sub28,2,barlow,psd,16344,16,32,32,0.001,0.03,0.02,1.0,0.1,0.6762597156714086,0.5864446054699369,0.006168312639172996,0.8364679709572614,0.043738545381524205,108.5412142580036,0.0,0.0,0.0,all-patient,True,segssl_barlow_all-patient_psd_finetune_seed1_pre20_proj32_mask0_03_noise0_02_mlp1_0_sup0_ssl_cache_10seed_locked,True
17,sub28,3,barlow,psd,16344,16,32,32,0.001,0.03,0.02,1.0,0.1,0.6155641090613289,0.5285875623181842,0.004064168482144051,0.8291237805104302,0.04006860567550238,97.70379357235306,0.0,0.0,0.0,all-patient,True,segssl_barlow_all-patient_psd_finetune_seed1_pre20_proj32_mask0_03_noise0_02_mlp1_0_sup0_ssl_cache_10seed_locked,True
17,sub28,4,barlow,psd,16344,16,32,32,0.001,0.03,0.02,1.0,0.1,0.5890356906764428,0.5031433825156927,0.003921683170557489,0.8197062252319023,0.03994474165713863,92.63973019594316,0.0,0.0,0.0,all-patient,True,segssl_barlow_all-patient_psd_finetune_seed1_pre20_proj32_mask0_03_noise0_02_mlp1_0_sup0_ssl_cache_10seed_locked,True
17,sub28,5,barlow,psd,16344,16,32,32,0.001,0.03,0.02,1.0,0.1,0.5717769309499259,0.4869870138728222,0.0034450713669017335,0.8134484491702861,0.04082789592246239,89.23182560273112,0.0,0.0,0.0,all-patient,True,segssl_barlow_all-patient_psd_finetune_seed1_pre20_proj32_mask0_03_noise0_02_mlp1_0_sup0_ssl_cache_10seed_locked,True
17,sub28,6,barlow,psd,16344,16,32,32,0.001,0.03,0.02,1.0,0.1,0.5577821463579767,0.47358807714368034,0.0033886095549029147,0.8080545847546564,0.037493056198946564,87.21900603262645,0.0,0.0,0.0,all-patient,True,segssl_barlow_all-patient_psd_finetune_seed1_pre20_proj32_mask0_03_noise0_02_mlp1_0_sup0_ssl_cache_10seed_locked,True
17,sub28,7,barlow,psd,16344,16,32,32,0.001,0.03,0.02,1.0,0.1,0.5542526595921432,0.47045997009701923,0.0034329521446078725,0.8035973580499451,0.03903256511564481,86.28548285079329,0.0,0.0,0.0,all-patient,True,segssl_barlow_all-patient_psd_finetune_seed1_pre20_proj32_mask0_03_noise0_02_mlp1_0_sup0_ssl_cache_10seed_locked,True
17,sub28,8,barlow,psd,16344,16,32,32,0.001,0.03,0.02,1.0,0.1,0.5415859693650397,0.45838699779981734,0.003187773978873475,0.8001119769132767,0.035862803970164676,84.5048405596888,0.0,0.0,0.0,all-patient,True,segssl_barlow_all-patient_psd_finetune_seed1_pre20_proj32_mask0_03_noise0_02_mlp1_0_sup0_ssl_cache_10seed_locked,True
17,sub28,9,barlow,psd,16344,16,32,32,0.001,0.03,0.02,1.0,0.1,0.539178597687975,0.45658782107022877,0.0032949735740392875,0.7929580277834386,0.036069954677125884,84.10357491704116,0.0,0.0,0.0,all-patient,True,segssl_barlow_all-patient_psd_finetune_seed1_pre20_proj32_mask0_03_noise0_02_mlp1_0_sup0_ssl_cache_10seed_locked,True
17,sub28,10,barlow,psd,16344,16,32,32,0.001,0.03,0.02,1.0,0.1,0.5278148874786269,0.44576866633154877,0.003298860123479436,0.7874736029166298,0.03376503442500676,82.40072821824285,0.0,0.0,0.0,all-patient,True,segssl_barlow_all-patient_psd_finetune_seed1_pre20_proj32_mask0_03_noise0_02_mlp1_0_sup0_ssl_cache_10seed_locked,True
17,sub28,11,barlow,psd,16344,16,32,32,0.001,0.03,0.02,1.0,0.1,0.5256427897690793,0.4438525500712796,0.0033562850578890387,0.7843395346764716,0.033304898009531625,82.1095322610814,0.0,0.0,0.0,all-patient,True,segssl_barlow_all-patient_psd_finetune_seed1_pre20_proj32_mask0_03_noise0_02_mlp1_0_sup0_ssl_cache_10seed_locked,True
17,sub28,12,barlow,psd,16344,16,32,32,0.001,0.03,0.02,1.0,0.1,0.5234645941894348,0.4420391655364848,0.0035348406276590905,0.7789058621149008,0.03233541086600426,81.94075269008569,0.0,0.0,0.0,all-patient,True,segssl_barlow_all-patient_psd_finetune_seed1_pre20_proj32_mask0_03_noise0_02_mlp1_0_sup0_ssl_cache_10seed_locked,True
17,sub28,13,barlow,psd,16344,16,32,32,0.001,0.03,0.02,1.0,0.1,0.5179293365919426,0.4369050756009358,0.0036680747384894383,0.7735618531354019,0.03233475386166905,80.91406622884791,0.0,0.0,0.0,all-patient,True,segssl_barlow_all-patient_psd_finetune_seed1_pre20_proj32_mask0_03_noise0_02_mlp1_0_sup0_ssl_cache_10seed_locked,True
17,sub28,14,barlow,psd,16344,16,32,32,0.001,0.03,0.02,1.0,0.1,0.5152988097905646,0.4344777847164531,0.0035935422212410345,0.7722748177100535,0.03255767202498701,80.38402446888664,0.0,0.0,0.0,all-patient,True,segssl_barlow_all-patient_psd_finetune_seed1_pre20_proj32_mask0_03_noise0_02_mlp1_0_sup0_ssl_cache_10seed_locked,True
17,sub28,15,barlow,psd,16344,16,32,32,0.001,0.03,0.02,1.0,0.1,0.5103029315952219,0.4296858667335865,0.003757884940989097,0.7685917908373178,0.03154897349139351,79.62738038975665,0.0,0.0,0.0,all-patient,True,segssl_barlow_all-patient_psd_finetune_seed1_pre20_proj32_mask0_03_noise0_02_mlp1_0_sup0_ssl_cache_10seed_locked,True
17,sub28,16,barlow,psd,16344,16,32,32,0.001,0.03,0.02,1.0,0.1,0.5092170827542732,0.4286565055994138,0.003668339285132003,0.7689223707655405,0.03192919787108796,79.34546322085386,0.0,0.0,0.0,all-patient,True,segssl_barlow_all-patient_psd_finetune_seed1_pre20_proj32_mask0_03_noise0_02_mlp1_0_sup0_ssl_cache_10seed_locked,True
17,sub28,17,barlow,psd,16344,16,32,32,0.001,0.03,0.02,1.0,0.1,0.5063722608665664,0.42587065801695134,0.0037168172240957123,0.7678478422288558,0.03289130644293214,78.59587210638416,0.0,0.0,0.0,all-patient,True,segssl_barlow_all-patient_psd_finetune_seed1_pre20_proj32_mask0_03_noise0_02_mlp1_0_sup0_ssl_cache_10seed_locked,True
17,sub28,18,barlow,psd,16344,16,32,32,0.001,0.03,0.02,1.0,0.1,0.5080252788421459,0.4278613666032392,0.003851462600282494,0.7631244871131128,0.03030865818035193,79.51054329321576,0.0,0.0,0.0,all-patient,True,segssl_barlow_all-patient_psd_finetune_seed1_pre20_proj32_mask0_03_noise0_02_mlp1_0_sup0_ssl_cache_10seed_locked,True
17,sub28,19,barlow,psd,16344,16,32,32,0.001,0.03,0.02,1.0,0.1,0.5017430920248629,0.42141912028980816,0.003912919538128399,0.7641105109464865,0.032180827878071125,77.84766009082533,0.0,0.0,0.0,all-patient,True,segssl_barlow_all-patient_psd_finetune_seed1_pre20_proj32_mask0_03_noise0_02_mlp1_0_sup0_ssl_cache_10seed_locked,True
17,sub28,20,barlow,psd,16344,16,32,32,0.001,0.03,0.02,1.0,0.1,0.4971364379337389,0.41726523792323766,0.003991298829506055,0.7587989997957084,0.029985071118208424,77.4560351511737,0.0,0.0,0.0,all-patient,True,segssl_barlow_all-patient_psd_finetune_seed1_pre20_proj32_mask0_03_noise0_02_mlp1_0_sup0_ssl_cache_10seed_locked,True
18,sub29,1,barlow,psd,16460,16,32,32,0.001,0.03,0.02,1.0,0.1,1.039841523844716,0.8998737795707435,0.05036907803097086,0.8959866575643319,0.07800597238623193,164.3735652141367,0.0,0.0,0.0,all-patient,True,segssl_barlow_all-patient_psd_finetune_seed1_pre20_proj32_mask0_03_noise0_02_mlp1_0_sup0_ssl_cache_10seed_locked,True
18,sub29,2,barlow,psd,16460,16,32,32,0.001,0.03,0.02,1.0,0.1,0.7269486596100069,0.6368971153065577,0.005059450198656384,0.8499209377462129,0.040933826419889595,119.19266036972476,0.0,0.0,0.0,all-patient,True,segssl_barlow_all-patient_psd_finetune_seed1_pre20_proj32_mask0_03_noise0_02_mlp1_0_sup0_ssl_cache_10seed_locked,True
18,sub29,3,barlow,psd,16460,16,32,32,0.001,0.03,0.02,1.0,0.1,0.6664397968495205,0.5793834743393175,0.003402257799754685,0.8365406370545267,0.03693745216396361,108.48920667553782,0.0,0.0,0.0,all-patient,True,segssl_barlow_all-patient_psd_finetune_seed1_pre20_proj32_mask0_03_noise0_02_mlp1_0_sup0_ssl_cache_10seed_locked,True
18,sub29,4,barlow,psd,16460,16,32,32,0.001,0.03,0.02,1.0,0.1,0.6497666511985141,0.563915324744029,0.003109821656934258,0.827415044210395,0.03704208779362355,105.37464994499125,0.0,0.0,0.0,all-patient,True,segssl_barlow_all-patient_psd_finetune_seed1_pre20_proj32_mask0_03_noise0_02_mlp1_0_sup0_ssl_cache_10seed_locked,True
18,sub29,5,barlow,psd,16460,16,32,32,0.001,0.03,0.02,1.0,0.1,0.631992532948595,0.5471098688010224,0.0028505291720984397,0.8203213452945298,0.03751012190101185,101.9199516066541,0.0,0.0,0.0,all-patient,True,segssl_barlow_all-patient_psd_finetune_seed1_pre20_proj32_mask0_03_noise0_02_mlp1_0_sup0_ssl_cache_10seed_locked,True
18,sub29,6,barlow,psd,16460,16,32,32,0.001,0.03,0.02,1.0,0.1,0.6104673033089633,0.5264657302546895,0.0025537010532078867,0.8144787156662974,0.035059896448900445,98.28116896826741,0.0,0.0,0.0,all-patient,True,segssl_barlow_all-patient_psd_finetune_seed1_pre20_proj32_mask0_03_noise0_02_mlp1_0_sup0_ssl_cache_10seed_locked,True
18,sub29,7,barlow,psd,16460,16,32,32,0.001,0.03,0.02,1.0,0.1,0.5962017766472434,0.5125973456628816,0.002387128372118239,0.8121730104248076,0.032933494641804895,95.93277261509724,0.0,0.0,0.0,all-patient,True,segssl_barlow_all-patient_psd_finetune_seed1_pre20_proj32_mask0_03_noise0_02_mlp1_0_sup0_ssl_cache_10seed_locked,True
18,sub29,8,barlow,psd,16460,16,32,32,0.001,0.03,0.02,1.0,0.1,0.594867474483679,0.5118854493337192,0.002322465036538646,0.8065955906208565,0.03387386451495234,95.60231927810536,0.0,0.0,0.0,all-patient,True,segssl_barlow_all-patient_psd_finetune_seed1_pre20_proj32_mask0_03_noise0_02_mlp1_0_sup0_ssl_cache_10seed_locked,True
18,sub29,9,barlow,psd,16460,16,32,32,0.001,0.03,0.02,1.0,0.1,0.5895772090053187,0.5067305601952259,0.002349715770391496,0.8049693301653144,0.03428962585503603,94.48818892617035,0.0,0.0,0.0,all-patient,True,segssl_barlow_all-patient_psd_finetune_seed1_pre20_proj32_mask0_03_noise0_02_mlp1_0_sup0_ssl_cache_10seed_locked,True
18,sub29,10,barlow,psd,16460,16,32,32,0.001,0.03,0.02,1.0,0.1,0.5861164301315248,0.504125263183527,0.0022674474586434914,0.7972371900568203,0.035875579517151875,93.64993863712826,0.0,0.0,0.0,all-patient,True,segssl_barlow_all-patient_psd_finetune_seed1_pre20_proj32_mask0_03_noise0_02_mlp1_0_sup0_ssl_cache_10seed_locked,True
18,sub29,11,barlow,psd,16460,16,32,32,0.001,0.03,0.02,1.0,0.1,0.5704086547748225,0.48830626373504177,0.0023134647931023866,0.7978892598891282,0.03352559973898482,90.95613489623668,0.0,0.0,0.0,all-patient,True,segssl_barlow_all-patient_psd_finetune_seed1_pre20_proj32_mask0_03_noise0_02_mlp1_0_sup0_ssl_cache_10seed_locked,True
18,sub29,12,barlow,psd,16460,16,32,32,0.001,0.03,0.02,1.0,0.1,0.5625615309637884,0.48062488115216134,0.002368026734325235,0.795686224343362,0.03318702281055387,89.48757374784805,0.0,0.0,0.0,all-patient,True,segssl_barlow_all-patient_psd_finetune_seed1_pre20_proj32_mask0_03_noise0_02_mlp1_0_sup0_ssl_cache_10seed_locked,True
18,sub29,13,barlow,psd,16460,16,32,32,0.001,0.03,0.02,1.0,0.1,0.5584025296977241,0.47668725900909525,0.0024606364809041815,0.792546340252614,0.033452609970267826,88.64693184751579,0.0,0.0,0.0,all-patient,True,segssl_barlow_all-patient_psd_finetune_seed1_pre20_proj32_mask0_03_noise0_02_mlp1_0_sup0_ssl_cache_10seed_locked,True
18,sub29,14,barlow,psd,16460,16,32,32,0.001,0.03,0.02,1.0,0.1,0.5551821588311413,0.4736342419977902,0.0024269264339821447,0.7912098847336857,0.03161270755041749,88.40430880473353,0.0,0.0,0.0,all-patient,True,segssl_barlow_all-patient_psd_finetune_seed1_pre20_proj32_mask0_03_noise0_02_mlp1_0_sup0_ssl_cache_10seed_locked,True
18,sub29,15,barlow,psd,16460,16,32,32,0.001,0.03,0.02,1.0,0.1,0.5525996086664635,0.4714527908346975,0.0023444326788158065,0.788023848633261,0.03415981002275961,87.4585981860221,0.0,0.0,0.0,all-patient,True,segssl_barlow_all-patient_psd_finetune_seed1_pre20_proj32_mask0_03_noise0_02_mlp1_0_sup0_ssl_cache_10seed_locked,True
18,sub29,16,barlow,psd,16460,16,32,32,0.001,0.03,0.02,1.0,0.1,0.5447854835565399,0.4637631013685343,0.0024546638522134233,0.7856771817360257,0.031243151476909023,86.50399189347544,0.0,0.0,0.0,all-patient,True,segssl_barlow_all-patient_psd_finetune_seed1_pre20_proj32_mask0_03_noise0_02_mlp1_0_sup0_ssl_cache_10seed_locked,True
18,sub29,17,barlow,psd,16460,16,32,32,0.001,0.03,0.02,1.0,0.1,0.5449183266700415,0.46370893713915895,0.002558290668780417,0.7865109771808684,0.03298860565787299,86.14406820729128,0.0,0.0,0.0,all-patient,True,segssl_barlow_all-patient_psd_finetune_seed1_pre20_proj32_mask0_03_noise0_02_mlp1_0_sup0_ssl_cache_10seed_locked,True
18,sub29,18,barlow,psd,16460,16,32,32,0.001,0.03,0.02,1.0,0.1,0.5389966427179305,0.45802475258606634,0.002724261163390876,0.7824762808511974,0.03081913528327203,85.44112539337722,0.0,0.0,0.0,all-patient,True,segssl_barlow_all-patient_psd_finetune_seed1_pre20_proj32_mask0_03_noise0_02_mlp1_0_sup0_ssl_cache_10seed_locked,True
18,sub29,19,barlow,psd,16460,16,32,32,0.001,0.03,0.02,1.0,0.1,0.5431671643917484,0.4623249070927052,0.002759574337765589,0.7808268187808342,0.03188955805249027,86.08707188123401,0.0,0.0,0.0,all-patient,True,segssl_barlow_all-patient_psd_finetune_seed1_pre20_proj32_mask0_03_noise0_02_mlp1_0_sup0_ssl_cache_10seed_locked,True
18,sub29,20,barlow,psd,16460,16,32,32,0.001,0.03,0.02,1.0,0.1,0.5379952576637731,0.45760311642471624,0.0026645760031089377,0.7772756458139743,0.031546801421203016,85.21126508944468,0.0,0.0,0.0,all-patient,True,segssl_barlow_all-patient_psd_finetune_seed1_pre20_proj32_mask0_03_noise0_02_mlp1_0_sup0_ssl_cache_10seed_locked,True
