model,fold_index,test_subject_id,fit_subject_ids,val_subject_ids,epoch,train_loss,val_loss,learning_rate,weight_decay,positive_class_weight,negative_class_weight,is_best_epoch,stopped_early,architecture,feature_kind,fusion,encoder_kind,pretrained,pretrained_transfer_mode,run_name,segment_ssl,segment_ssl_objective,segment_ssl_feature_kind,ssl_data_scope,historical_unlabeled_pretraining,seed,lambda_latent,lambda_local,ssl_projection_dim,ssl_feature_mask_prob,ssl_noise_std
multimodal_psd-fc-wpli_gated_cnn,0,sub01,sub07;sub08;sub09;sub10;sub11;sub13;sub14;sub15;sub16;sub17;sub18;sub20;sub22;sub24;sub27;sub28;sub29,sub05,1,0.6987658739089966,0.6906344294548035,0.002,1e-05,1.0,1.0,True,False,multimodal,psd-fc-wpli,gated,cnn,True,finetune,segssl_barlow_all-patient_fc-wpli_finetune_seed13_pre20_proj32_mask0_03_noise0_02_mlp1_0_sup100,True,barlow,fc-wpli,all-patient,True,13,1.0,0.1,32,0.03,0.02
multimodal_psd-fc-wpli_gated_cnn,0,sub01,sub07;sub08;sub09;sub10;sub11;sub13;sub14;sub15;sub16;sub17;sub18;sub20;sub22;sub24;sub27;sub28;sub29,sub05,2,0.68857342004776,0.698334276676178,0.002,1e-05,1.0,1.0,False,False,multimodal,psd-fc-wpli,gated,cnn,True,finetune,segssl_barlow_all-patient_fc-wpli_finetune_seed13_pre20_proj32_mask0_03_noise0_02_mlp1_0_sup100,True,barlow,fc-wpli,all-patient,True,13,1.0,0.1,32,0.03,0.02
multimodal_psd-fc-wpli_gated_cnn,0,sub01,sub07;sub08;sub09;sub10;sub11;sub13;sub14;sub15;sub16;sub17;sub18;sub20;sub22;sub24;sub27;sub28;sub29,sub05,3,0.6810498833656311,0.7066709399223328,0.002,1e-05,1.0,1.0,False,False,multimodal,psd-fc-wpli,gated,cnn,True,finetune,segssl_barlow_all-patient_fc-wpli_finetune_seed13_pre20_proj32_mask0_03_noise0_02_mlp1_0_sup100,True,barlow,fc-wpli,all-patient,True,13,1.0,0.1,32,0.03,0.02
multimodal_psd-fc-wpli_gated_cnn,0,sub01,sub07;sub08;sub09;sub10;sub11;sub13;sub14;sub15;sub16;sub17;sub18;sub20;sub22;sub24;sub27;sub28;sub29,sub05,4,0.6738780736923218,0.7145928740501404,0.002,1e-05,1.0,1.0,False,False,multimodal,psd-fc-wpli,gated,cnn,True,finetune,segssl_barlow_all-patient_fc-wpli_finetune_seed13_pre20_proj32_mask0_03_noise0_02_mlp1_0_sup100,True,barlow,fc-wpli,all-patient,True,13,1.0,0.1,32,0.03,0.02
multimodal_psd-fc-wpli_gated_cnn,0,sub01,sub07;sub08;sub09;sub10;sub11;sub13;sub14;sub15;sub16;sub17;sub18;sub20;sub22;sub24;sub27;sub28;sub29,sub05,5,0.666485071182251,0.7226905822753906,0.002,1e-05,1.0,1.0,False,False,multimodal,psd-fc-wpli,gated,cnn,True,finetune,segssl_barlow_all-patient_fc-wpli_finetune_seed13_pre20_proj32_mask0_03_noise0_02_mlp1_0_sup100,True,barlow,fc-wpli,all-patient,True,13,1.0,0.1,32,0.03,0.02
multimodal_psd-fc-wpli_gated_cnn,0,sub01,sub07;sub08;sub09;sub10;sub11;sub13;sub14;sub15;sub16;sub17;sub18;sub20;sub22;sub24;sub27;sub28;sub29,sub05,6,0.6585887670516968,0.7341015338897705,0.002,1e-05,1.0,1.0,False,False,multimodal,psd-fc-wpli,gated,cnn,True,finetune,segssl_barlow_all-patient_fc-wpli_finetune_seed13_pre20_proj32_mask0_03_noise0_02_mlp1_0_sup100,True,barlow,fc-wpli,all-patient,True,13,1.0,0.1,32,0.03,0.02
multimodal_psd-fc-wpli_gated_cnn,0,sub01,sub07;sub08;sub09;sub10;sub11;sub13;sub14;sub15;sub16;sub17;sub18;sub20;sub22;sub24;sub27;sub28;sub29,sub05,7,0.6504039764404297,0.7512803077697754,0.002,1e-05,1.0,1.0,False,False,multimodal,psd-fc-wpli,gated,cnn,True,finetune,segssl_barlow_all-patient_fc-wpli_finetune_seed13_pre20_proj32_mask0_03_noise0_02_mlp1_0_sup100,True,barlow,fc-wpli,all-patient,True,13,1.0,0.1,32,0.03,0.02
multimodal_psd-fc-wpli_gated_cnn,0,sub01,sub07;sub08;sub09;sub10;sub11;sub13;sub14;sub15;sub16;sub17;sub18;sub20;sub22;sub24;sub27;sub28;sub29,sub05,8,0.6417256593704224,0.7711353302001953,0.002,1e-05,1.0,1.0,False,False,multimodal,psd-fc-wpli,gated,cnn,True,finetune,segssl_barlow_all-patient_fc-wpli_finetune_seed13_pre20_proj32_mask0_03_noise0_02_mlp1_0_sup100,True,barlow,fc-wpli,all-patient,True,13,1.0,0.1,32,0.03,0.02
multimodal_psd-fc-wpli_gated_cnn,0,sub01,sub07;sub08;sub09;sub10;sub11;sub13;sub14;sub15;sub16;sub17;sub18;sub20;sub22;sub24;sub27;sub28;sub29,sub05,9,0.6321579217910767,0.7934972047805786,0.002,1e-05,1.0,1.0,False,False,multimodal,psd-fc-wpli,gated,cnn,True,finetune,segssl_barlow_all-patient_fc-wpli_finetune_seed13_pre20_proj32_mask0_03_noise0_02_mlp1_0_sup100,True,barlow,fc-wpli,all-patient,True,13,1.0,0.1,32,0.03,0.02
multimodal_psd-fc-wpli_gated_cnn,0,sub01,sub07;sub08;sub09;sub10;sub11;sub13;sub14;sub15;sub16;sub17;sub18;sub20;sub22;sub24;sub27;sub28;sub29,sub05,10,0.6216188073158264,0.8162081241607666,0.002,1e-05,1.0,1.0,False,False,multimodal,psd-fc-wpli,gated,cnn,True,finetune,segssl_barlow_all-patient_fc-wpli_finetune_seed13_pre20_proj32_mask0_03_noise0_02_mlp1_0_sup100,True,barlow,fc-wpli,all-patient,True,13,1.0,0.1,32,0.03,0.02
multimodal_psd-fc-wpli_gated_cnn,0,sub01,sub07;sub08;sub09;sub10;sub11;sub13;sub14;sub15;sub16;sub17;sub18;sub20;sub22;sub24;sub27;sub28;sub29,sub05,11,0.6097817420959473,0.8390734195709229,0.002,1e-05,1.0,1.0,False,False,multimodal,psd-fc-wpli,gated,cnn,True,finetune,segssl_barlow_all-patient_fc-wpli_finetune_seed13_pre20_proj32_mask0_03_noise0_02_mlp1_0_sup100,True,barlow,fc-wpli,all-patient,True,13,1.0,0.1,32,0.03,0.02
multimodal_psd-fc-wpli_gated_cnn,0,sub01,sub07;sub08;sub09;sub10;sub11;sub13;sub14;sub15;sub16;sub17;sub18;sub20;sub22;sub24;sub27;sub28;sub29,sub05,12,0.5968279838562012,0.8633714914321899,0.002,1e-05,1.0,1.0,False,False,multimodal,psd-fc-wpli,gated,cnn,True,finetune,segssl_barlow_all-patient_fc-wpli_finetune_seed13_pre20_proj32_mask0_03_noise0_02_mlp1_0_sup100,True,barlow,fc-wpli,all-patient,True,13,1.0,0.1,32,0.03,0.02
multimodal_psd-fc-wpli_gated_cnn,0,sub01,sub07;sub08;sub09;sub10;sub11;sub13;sub14;sub15;sub16;sub17;sub18;sub20;sub22;sub24;sub27;sub28;sub29,sub05,13,0.5827558636665344,0.8857128024101257,0.002,1e-05,1.0,1.0,False,False,multimodal,psd-fc-wpli,gated,cnn,True,finetune,segssl_barlow_all-patient_fc-wpli_finetune_seed13_pre20_proj32_mask0_03_noise0_02_mlp1_0_sup100,True,barlow,fc-wpli,all-patient,True,13,1.0,0.1,32,0.03,0.02
multimodal_psd-fc-wpli_gated_cnn,0,sub01,sub07;sub08;sub09;sub10;sub11;sub13;sub14;sub15;sub16;sub17;sub18;sub20;sub22;sub24;sub27;sub28;sub29,sub05,14,0.5671291351318359,0.905170738697052,0.002,1e-05,1.0,1.0,False,False,multimodal,psd-fc-wpli,gated,cnn,True,finetune,segssl_barlow_all-patient_fc-wpli_finetune_seed13_pre20_proj32_mask0_03_noise0_02_mlp1_0_sup100,True,barlow,fc-wpli,all-patient,True,13,1.0,0.1,32,0.03,0.02
multimodal_psd-fc-wpli_gated_cnn,0,sub01,sub07;sub08;sub09;sub10;sub11;sub13;sub14;sub15;sub16;sub17;sub18;sub20;sub22;sub24;sub27;sub28;sub29,sub05,15,0.5499249696731567,0.9205955862998962,0.002,1e-05,1.0,1.0,False,False,multimodal,psd-fc-wpli,gated,cnn,True,finetune,segssl_barlow_all-patient_fc-wpli_finetune_seed13_pre20_proj32_mask0_03_noise0_02_mlp1_0_sup100,True,barlow,fc-wpli,all-patient,True,13,1.0,0.1,32,0.03,0.02
multimodal_psd-fc-wpli_gated_cnn,0,sub01,sub07;sub08;sub09;sub10;sub11;sub13;sub14;sub15;sub16;sub17;sub18;sub20;sub22;sub24;sub27;sub28;sub29,sub05,16,0.5310836434364319,0.9274502992630005,0.002,1e-05,1.0,1.0,False,False,multimodal,psd-fc-wpli,gated,cnn,True,finetune,segssl_barlow_all-patient_fc-wpli_finetune_seed13_pre20_proj32_mask0_03_noise0_02_mlp1_0_sup100,True,barlow,fc-wpli,all-patient,True,13,1.0,0.1,32,0.03,0.02
multimodal_psd-fc-wpli_gated_cnn,0,sub01,sub07;sub08;sub09;sub10;sub11;sub13;sub14;sub15;sub16;sub17;sub18;sub20;sub22;sub24;sub27;sub28;sub29,sub05,17,0.5108179450035095,0.9283475875854492,0.002,1e-05,1.0,1.0,False,False,multimodal,psd-fc-wpli,gated,cnn,True,finetune,segssl_barlow_all-patient_fc-wpli_finetune_seed13_pre20_proj32_mask0_03_noise0_02_mlp1_0_sup100,True,barlow,fc-wpli,all-patient,True,13,1.0,0.1,32,0.03,0.02
multimodal_psd-fc-wpli_gated_cnn,0,sub01,sub07;sub08;sub09;sub10;sub11;sub13;sub14;sub15;sub16;sub17;sub18;sub20;sub22;sub24;sub27;sub28;sub29,sub05,18,0.4893260896205902,0.9217180609703064,0.002,1e-05,1.0,1.0,False,False,multimodal,psd-fc-wpli,gated,cnn,True,finetune,segssl_barlow_all-patient_fc-wpli_finetune_seed13_pre20_proj32_mask0_03_noise0_02_mlp1_0_sup100,True,barlow,fc-wpli,all-patient,True,13,1.0,0.1,32,0.03,0.02
multimodal_psd-fc-wpli_gated_cnn,0,sub01,sub07;sub08;sub09;sub10;sub11;sub13;sub14;sub15;sub16;sub17;sub18;sub20;sub22;sub24;sub27;sub28;sub29,sub05,19,0.4667363464832306,0.9102896451950073,0.002,1e-05,1.0,1.0,False,False,multimodal,psd-fc-wpli,gated,cnn,True,finetune,segssl_barlow_all-patient_fc-wpli_finetune_seed13_pre20_proj32_mask0_03_noise0_02_mlp1_0_sup100,True,barlow,fc-wpli,all-patient,True,13,1.0,0.1,32,0.03,0.02
multimodal_psd-fc-wpli_gated_cnn,0,sub01,sub07;sub08;sub09;sub10;sub11;sub13;sub14;sub15;sub16;sub17;sub18;sub20;sub22;sub24;sub27;sub28;sub29,sub05,20,0.44288933277130127,0.8998475074768066,0.002,1e-05,1.0,1.0,False,False,multimodal,psd-fc-wpli,gated,cnn,True,finetune,segssl_barlow_all-patient_fc-wpli_finetune_seed13_pre20_proj32_mask0_03_noise0_02_mlp1_0_sup100,True,barlow,fc-wpli,all-patient,True,13,1.0,0.1,32,0.03,0.02
multimodal_psd-fc-wpli_gated_cnn,0,sub01,sub07;sub08;sub09;sub10;sub11;sub13;sub14;sub15;sub16;sub17;sub18;sub20;sub22;sub24;sub27;sub28;sub29,sub05,21,0.4179641008377075,0.8913160562515259,0.002,1e-05,1.0,1.0,False,False,multimodal,psd-fc-wpli,gated,cnn,True,finetune,segssl_barlow_all-patient_fc-wpli_finetune_seed13_pre20_proj32_mask0_03_noise0_02_mlp1_0_sup100,True,barlow,fc-wpli,all-patient,True,13,1.0,0.1,32,0.03,0.02
multimodal_psd-fc-wpli_gated_cnn,0,sub01,sub07;sub08;sub09;sub10;sub11;sub13;sub14;sub15;sub16;sub17;sub18;sub20;sub22;sub24;sub27;sub28;sub29,sub05,22,0.3919050991535187,0.8888567686080933,0.002,1e-05,1.0,1.0,False,False,multimodal,psd-fc-wpli,gated,cnn,True,finetune,segssl_barlow_all-patient_fc-wpli_finetune_seed13_pre20_proj32_mask0_03_noise0_02_mlp1_0_sup100,True,barlow,fc-wpli,all-patient,True,13,1.0,0.1,32,0.03,0.02
multimodal_psd-fc-wpli_gated_cnn,0,sub01,sub07;sub08;sub09;sub10;sub11;sub13;sub14;sub15;sub16;sub17;sub18;sub20;sub22;sub24;sub27;sub28;sub29,sub05,23,0.36495283246040344,0.8935917019844055,0.002,1e-05,1.0,1.0,False,False,multimodal,psd-fc-wpli,gated,cnn,True,finetune,segssl_barlow_all-patient_fc-wpli_finetune_seed13_pre20_proj32_mask0_03_noise0_02_mlp1_0_sup100,True,barlow,fc-wpli,all-patient,True,13,1.0,0.1,32,0.03,0.02
multimodal_psd-fc-wpli_gated_cnn,0,sub01,sub07;sub08;sub09;sub10;sub11;sub13;sub14;sub15;sub16;sub17;sub18;sub20;sub22;sub24;sub27;sub28;sub29,sub05,24,0.33743393421173096,0.9066596031188965,0.002,1e-05,1.0,1.0,False,False,multimodal,psd-fc-wpli,gated,cnn,True,finetune,segssl_barlow_all-patient_fc-wpli_finetune_seed13_pre20_proj32_mask0_03_noise0_02_mlp1_0_sup100,True,barlow,fc-wpli,all-patient,True,13,1.0,0.1,32,0.03,0.02
multimodal_psd-fc-wpli_gated_cnn,0,sub01,sub07;sub08;sub09;sub10;sub11;sub13;sub14;sub15;sub16;sub17;sub18;sub20;sub22;sub24;sub27;sub28;sub29,sub05,25,0.3097344934940338,0.9254629611968994,0.002,1e-05,1.0,1.0,False,False,multimodal,psd-fc-wpli,gated,cnn,True,finetune,segssl_barlow_all-patient_fc-wpli_finetune_seed13_pre20_proj32_mask0_03_noise0_02_mlp1_0_sup100,True,barlow,fc-wpli,all-patient,True,13,1.0,0.1,32,0.03,0.02
multimodal_psd-fc-wpli_gated_cnn,0,sub01,sub07;sub08;sub09;sub10;sub11;sub13;sub14;sub15;sub16;sub17;sub18;sub20;sub22;sub24;sub27;sub28;sub29,sub05,26,0.28217270970344543,0.948131799697876,0.002,1e-05,1.0,1.0,False,False,multimodal,psd-fc-wpli,gated,cnn,True,finetune,segssl_barlow_all-patient_fc-wpli_finetune_seed13_pre20_proj32_mask0_03_noise0_02_mlp1_0_sup100,True,barlow,fc-wpli,all-patient,True,13,1.0,0.1,32,0.03,0.02
multimodal_psd-fc-wpli_gated_cnn,0,sub01,sub07;sub08;sub09;sub10;sub11;sub13;sub14;sub15;sub16;sub17;sub18;sub20;sub22;sub24;sub27;sub28;sub29,sub05,27,0.25515714287757874,0.975770115852356,0.002,1e-05,1.0,1.0,False,False,multimodal,psd-fc-wpli,gated,cnn,True,finetune,segssl_barlow_all-patient_fc-wpli_finetune_seed13_pre20_proj32_mask0_03_noise0_02_mlp1_0_sup100,True,barlow,fc-wpli,all-patient,True,13,1.0,0.1,32,0.03,0.02
multimodal_psd-fc-wpli_gated_cnn,0,sub01,sub07;sub08;sub09;sub10;sub11;sub13;sub14;sub15;sub16;sub17;sub18;sub20;sub22;sub24;sub27;sub28;sub29,sub05,28,0.22904565930366516,1.0106821060180664,0.002,1e-05,1.0,1.0,False,False,multimodal,psd-fc-wpli,gated,cnn,True,finetune,segssl_barlow_all-patient_fc-wpli_finetune_seed13_pre20_proj32_mask0_03_noise0_02_mlp1_0_sup100,True,barlow,fc-wpli,all-patient,True,13,1.0,0.1,32,0.03,0.02
multimodal_psd-fc-wpli_gated_cnn,0,sub01,sub07;sub08;sub09;sub10;sub11;sub13;sub14;sub15;sub16;sub17;sub18;sub20;sub22;sub24;sub27;sub28;sub29,sub05,29,0.20406776666641235,1.0540626049041748,0.002,1e-05,1.0,1.0,False,False,multimodal,psd-fc-wpli,gated,cnn,True,finetune,segssl_barlow_all-patient_fc-wpli_finetune_seed13_pre20_proj32_mask0_03_noise0_02_mlp1_0_sup100,True,barlow,fc-wpli,all-patient,True,13,1.0,0.1,32,0.03,0.02
multimodal_psd-fc-wpli_gated_cnn,0,sub01,sub07;sub08;sub09;sub10;sub11;sub13;sub14;sub15;sub16;sub17;sub18;sub20;sub22;sub24;sub27;sub28;sub29,sub05,30,0.18042780458927155,1.1073808670043945,0.002,1e-05,1.0,1.0,False,False,multimodal,psd-fc-wpli,gated,cnn,True,finetune,segssl_barlow_all-patient_fc-wpli_finetune_seed13_pre20_proj32_mask0_03_noise0_02_mlp1_0_sup100,True,barlow,fc-wpli,all-patient,True,13,1.0,0.1,32,0.03,0.02
multimodal_psd-fc-wpli_gated_cnn,0,sub01,sub07;sub08;sub09;sub10;sub11;sub13;sub14;sub15;sub16;sub17;sub18;sub20;sub22;sub24;sub27;sub28;sub29,sub05,31,0.1581607460975647,1.1719624996185303,0.002,1e-05,1.0,1.0,False,False,multimodal,psd-fc-wpli,gated,cnn,True,finetune,segssl_barlow_all-patient_fc-wpli_finetune_seed13_pre20_proj32_mask0_03_noise0_02_mlp1_0_sup100,True,barlow,fc-wpli,all-patient,True,13,1.0,0.1,32,0.03,0.02
multimodal_psd-fc-wpli_gated_cnn,0,sub01,sub07;sub08;sub09;sub10;sub11;sub13;sub14;sub15;sub16;sub17;sub18;sub20;sub22;sub24;sub27;sub28;sub29,sub05,32,0.1375083476305008,1.2476317882537842,0.002,1e-05,1.0,1.0,False,False,multimodal,psd-fc-wpli,gated,cnn,True,finetune,segssl_barlow_all-patient_fc-wpli_finetune_seed13_pre20_proj32_mask0_03_noise0_02_mlp1_0_sup100,True,barlow,fc-wpli,all-patient,True,13,1.0,0.1,32,0.03,0.02
multimodal_psd-fc-wpli_gated_cnn,0,sub01,sub07;sub08;sub09;sub10;sub11;sub13;sub14;sub15;sub16;sub17;sub18;sub20;sub22;sub24;sub27;sub28;sub29,sub05,33,0.11863621324300766,1.3287664651870728,0.002,1e-05,1.0,1.0,False,False,multimodal,psd-fc-wpli,gated,cnn,True,finetune,segssl_barlow_all-patient_fc-wpli_finetune_seed13_pre20_proj32_mask0_03_noise0_02_mlp1_0_sup100,True,barlow,fc-wpli,all-patient,True,13,1.0,0.1,32,0.03,0.02
multimodal_psd-fc-wpli_gated_cnn,0,sub01,sub07;sub08;sub09;sub10;sub11;sub13;sub14;sub15;sub16;sub17;sub18;sub20;sub22;sub24;sub27;sub28;sub29,sub05,34,0.1016729325056076,1.4116727113723755,0.002,1e-05,1.0,1.0,False,False,multimodal,psd-fc-wpli,gated,cnn,True,finetune,segssl_barlow_all-patient_fc-wpli_finetune_seed13_pre20_proj32_mask0_03_noise0_02_mlp1_0_sup100,True,barlow,fc-wpli,all-patient,True,13,1.0,0.1,32,0.03,0.02
multimodal_psd-fc-wpli_gated_cnn,0,sub01,sub07;sub08;sub09;sub10;sub11;sub13;sub14;sub15;sub16;sub17;sub18;sub20;sub22;sub24;sub27;sub28;sub29,sub05,35,0.08658594638109207,1.4948828220367432,0.002,1e-05,1.0,1.0,False,False,multimodal,psd-fc-wpli,gated,cnn,True,finetune,segssl_barlow_all-patient_fc-wpli_finetune_seed13_pre20_proj32_mask0_03_noise0_02_mlp1_0_sup100,True,barlow,fc-wpli,all-patient,True,13,1.0,0.1,32,0.03,0.02
multimodal_psd-fc-wpli_gated_cnn,0,sub01,sub07;sub08;sub09;sub10;sub11;sub13;sub14;sub15;sub16;sub17;sub18;sub20;sub22;sub24;sub27;sub28;sub29,sub05,36,0.07339873164892197,1.5910086631774902,0.002,1e-05,1.0,1.0,False,False,multimodal,psd-fc-wpli,gated,cnn,True,finetune,segssl_barlow_all-patient_fc-wpli_finetune_seed13_pre20_proj32_mask0_03_noise0_02_mlp1_0_sup100,True,barlow,fc-wpli,all-patient,True,13,1.0,0.1,32,0.03,0.02
multimodal_psd-fc-wpli_gated_cnn,0,sub01,sub07;sub08;sub09;sub10;sub11;sub13;sub14;sub15;sub16;sub17;sub18;sub20;sub22;sub24;sub27;sub28;sub29,sub05,37,0.061961714178323746,1.7016997337341309,0.002,1e-05,1.0,1.0,False,False,multimodal,psd-fc-wpli,gated,cnn,True,finetune,segssl_barlow_all-patient_fc-wpli_finetune_seed13_pre20_proj32_mask0_03_noise0_02_mlp1_0_sup100,True,barlow,fc-wpli,all-patient,True,13,1.0,0.1,32,0.03,0.02
multimodal_psd-fc-wpli_gated_cnn,0,sub01,sub07;sub08;sub09;sub10;sub11;sub13;sub14;sub15;sub16;sub17;sub18;sub20;sub22;sub24;sub27;sub28;sub29,sub05,38,0.05211414024233818,1.8224825859069824,0.002,1e-05,1.0,1.0,False,False,multimodal,psd-fc-wpli,gated,cnn,True,finetune,segssl_barlow_all-patient_fc-wpli_finetune_seed13_pre20_proj32_mask0_03_noise0_02_mlp1_0_sup100,True,barlow,fc-wpli,all-patient,True,13,1.0,0.1,32,0.03,0.02
multimodal_psd-fc-wpli_gated_cnn,0,sub01,sub07;sub08;sub09;sub10;sub11;sub13;sub14;sub15;sub16;sub17;sub18;sub20;sub22;sub24;sub27;sub28;sub29,sub05,39,0.043763160705566406,1.9496933221817017,0.002,1e-05,1.0,1.0,False,False,multimodal,psd-fc-wpli,gated,cnn,True,finetune,segssl_barlow_all-patient_fc-wpli_finetune_seed13_pre20_proj32_mask0_03_noise0_02_mlp1_0_sup100,True,barlow,fc-wpli,all-patient,True,13,1.0,0.1,32,0.03,0.02
multimodal_psd-fc-wpli_gated_cnn,0,sub01,sub07;sub08;sub09;sub10;sub11;sub13;sub14;sub15;sub16;sub17;sub18;sub20;sub22;sub24;sub27;sub28;sub29,sub05,40,0.03669863939285278,2.0796828269958496,0.002,1e-05,1.0,1.0,False,False,multimodal,psd-fc-wpli,gated,cnn,True,finetune,segssl_barlow_all-patient_fc-wpli_finetune_seed13_pre20_proj32_mask0_03_noise0_02_mlp1_0_sup100,True,barlow,fc-wpli,all-patient,True,13,1.0,0.1,32,0.03,0.02
multimodal_psd-fc-wpli_gated_cnn,0,sub01,sub07;sub08;sub09;sub10;sub11;sub13;sub14;sub15;sub16;sub17;sub18;sub20;sub22;sub24;sub27;sub28;sub29,sub05,41,0.030742593109607697,2.200153112411499,0.002,1e-05,1.0,1.0,False,False,multimodal,psd-fc-wpli,gated,cnn,True,finetune,segssl_barlow_all-patient_fc-wpli_finetune_seed13_pre20_proj32_mask0_03_noise0_02_mlp1_0_sup100,True,barlow,fc-wpli,all-patient,True,13,1.0,0.1,32,0.03,0.02
multimodal_psd-fc-wpli_gated_cnn,0,sub01,sub07;sub08;sub09;sub10;sub11;sub13;sub14;sub15;sub16;sub17;sub18;sub20;sub22;sub24;sub27;sub28;sub29,sub05,42,0.025750206783413887,2.3068161010742188,0.002,1e-05,1.0,1.0,False,False,multimodal,psd-fc-wpli,gated,cnn,True,finetune,segssl_barlow_all-patient_fc-wpli_finetune_seed13_pre20_proj32_mask0_03_noise0_02_mlp1_0_sup100,True,barlow,fc-wpli,all-patient,True,13,1.0,0.1,32,0.03,0.02
multimodal_psd-fc-wpli_gated_cnn,0,sub01,sub07;sub08;sub09;sub10;sub11;sub13;sub14;sub15;sub16;sub17;sub18;sub20;sub22;sub24;sub27;sub28;sub29,sub05,43,0.021571803838014603,2.402148723602295,0.002,1e-05,1.0,1.0,False,False,multimodal,psd-fc-wpli,gated,cnn,True,finetune,segssl_barlow_all-patient_fc-wpli_finetune_seed13_pre20_proj32_mask0_03_noise0_02_mlp1_0_sup100,True,barlow,fc-wpli,all-patient,True,13,1.0,0.1,32,0.03,0.02
multimodal_psd-fc-wpli_gated_cnn,0,sub01,sub07;sub08;sub09;sub10;sub11;sub13;sub14;sub15;sub16;sub17;sub18;sub20;sub22;sub24;sub27;sub28;sub29,sub05,44,0.018115177750587463,2.4800641536712646,0.002,1e-05,1.0,1.0,False,False,multimodal,psd-fc-wpli,gated,cnn,True,finetune,segssl_barlow_all-patient_fc-wpli_finetune_seed13_pre20_proj32_mask0_03_noise0_02_mlp1_0_sup100,True,barlow,fc-wpli,all-patient,True,13,1.0,0.1,32,0.03,0.02
multimodal_psd-fc-wpli_gated_cnn,0,sub01,sub07;sub08;sub09;sub10;sub11;sub13;sub14;sub15;sub16;sub17;sub18;sub20;sub22;sub24;sub27;sub28;sub29,sub05,45,0.01526179350912571,2.540100336074829,0.002,1e-05,1.0,1.0,False,False,multimodal,psd-fc-wpli,gated,cnn,True,finetune,segssl_barlow_all-patient_fc-wpli_finetune_seed13_pre20_proj32_mask0_03_noise0_02_mlp1_0_sup100,True,barlow,fc-wpli,all-patient,True,13,1.0,0.1,32,0.03,0.02
multimodal_psd-fc-wpli_gated_cnn,0,sub01,sub07;sub08;sub09;sub10;sub11;sub13;sub14;sub15;sub16;sub17;sub18;sub20;sub22;sub24;sub27;sub28;sub29,sub05,46,0.012909906916320324,2.583740234375,0.002,1e-05,1.0,1.0,False,False,multimodal,psd-fc-wpli,gated,cnn,True,finetune,segssl_barlow_all-patient_fc-wpli_finetune_seed13_pre20_proj32_mask0_03_noise0_02_mlp1_0_sup100,True,barlow,fc-wpli,all-patient,True,13,1.0,0.1,32,0.03,0.02
multimodal_psd-fc-wpli_gated_cnn,0,sub01,sub07;sub08;sub09;sub10;sub11;sub13;sub14;sub15;sub16;sub17;sub18;sub20;sub22;sub24;sub27;sub28;sub29,sub05,47,0.010978154838085175,2.6130638122558594,0.002,1e-05,1.0,1.0,False,False,multimodal,psd-fc-wpli,gated,cnn,True,finetune,segssl_barlow_all-patient_fc-wpli_finetune_seed13_pre20_proj32_mask0_03_noise0_02_mlp1_0_sup100,True,barlow,fc-wpli,all-patient,True,13,1.0,0.1,32,0.03,0.02
multimodal_psd-fc-wpli_gated_cnn,0,sub01,sub07;sub08;sub09;sub10;sub11;sub13;sub14;sub15;sub16;sub17;sub18;sub20;sub22;sub24;sub27;sub28;sub29,sub05,48,0.009389066137373447,2.629206418991089,0.002,1e-05,1.0,1.0,False,False,multimodal,psd-fc-wpli,gated,cnn,True,finetune,segssl_barlow_all-patient_fc-wpli_finetune_seed13_pre20_proj32_mask0_03_noise0_02_mlp1_0_sup100,True,barlow,fc-wpli,all-patient,True,13,1.0,0.1,32,0.03,0.02
multimodal_psd-fc-wpli_gated_cnn,0,sub01,sub07;sub08;sub09;sub10;sub11;sub13;sub14;sub15;sub16;sub17;sub18;sub20;sub22;sub24;sub27;sub28;sub29,sub05,49,0.008074509911239147,2.632035493850708,0.002,1e-05,1.0,1.0,False,False,multimodal,psd-fc-wpli,gated,cnn,True,finetune,segssl_barlow_all-patient_fc-wpli_finetune_seed13_pre20_proj32_mask0_03_noise0_02_mlp1_0_sup100,True,barlow,fc-wpli,all-patient,True,13,1.0,0.1,32,0.03,0.02
multimodal_psd-fc-wpli_gated_cnn,0,sub01,sub07;sub08;sub09;sub10;sub11;sub13;sub14;sub15;sub16;sub17;sub18;sub20;sub22;sub24;sub27;sub28;sub29,sub05,50,0.006987639237195253,2.6247708797454834,0.002,1e-05,1.0,1.0,False,False,multimodal,psd-fc-wpli,gated,cnn,True,finetune,segssl_barlow_all-patient_fc-wpli_finetune_seed13_pre20_proj32_mask0_03_noise0_02_mlp1_0_sup100,True,barlow,fc-wpli,all-patient,True,13,1.0,0.1,32,0.03,0.02
multimodal_psd-fc-wpli_gated_cnn,0,sub01,sub07;sub08;sub09;sub10;sub11;sub13;sub14;sub15;sub16;sub17;sub18;sub20;sub22;sub24;sub27;sub28;sub29,sub05,51,0.006083404179662466,2.611222267150879,0.002,1e-05,1.0,1.0,False,False,multimodal,psd-fc-wpli,gated,cnn,True,finetune,segssl_barlow_all-patient_fc-wpli_finetune_seed13_pre20_proj32_mask0_03_noise0_02_mlp1_0_sup100,True,barlow,fc-wpli,all-patient,True,13,1.0,0.1,32,0.03,0.02
multimodal_psd-fc-wpli_gated_cnn,0,sub01,sub07;sub08;sub09;sub10;sub11;sub13;sub14;sub15;sub16;sub17;sub18;sub20;sub22;sub24;sub27;sub28;sub29,sub05,52,0.005327960476279259,2.5937845706939697,0.001,1e-05,1.0,1.0,False,False,multimodal,psd-fc-wpli,gated,cnn,True,finetune,segssl_barlow_all-patient_fc-wpli_finetune_seed13_pre20_proj32_mask0_03_noise0_02_mlp1_0_sup100,True,barlow,fc-wpli,all-patient,True,13,1.0,0.1,32,0.03,0.02
multimodal_psd-fc-wpli_gated_cnn,0,sub01,sub07;sub08;sub09;sub10;sub11;sub13;sub14;sub15;sub16;sub17;sub18;sub20;sub22;sub24;sub27;sub28;sub29,sub05,53,0.004692843183875084,2.5577552318573,0.001,1e-05,1.0,1.0,False,False,multimodal,psd-fc-wpli,gated,cnn,True,finetune,segssl_barlow_all-patient_fc-wpli_finetune_seed13_pre20_proj32_mask0_03_noise0_02_mlp1_0_sup100,True,barlow,fc-wpli,all-patient,True,13,1.0,0.1,32,0.03,0.02
multimodal_psd-fc-wpli_gated_cnn,0,sub01,sub07;sub08;sub09;sub10;sub11;sub13;sub14;sub15;sub16;sub17;sub18;sub20;sub22;sub24;sub27;sub28;sub29,sub05,54,0.004417784046381712,2.5265920162200928,0.001,1e-05,1.0,1.0,False,False,multimodal,psd-fc-wpli,gated,cnn,True,finetune,segssl_barlow_all-patient_fc-wpli_finetune_seed13_pre20_proj32_mask0_03_noise0_02_mlp1_0_sup100,True,barlow,fc-wpli,all-patient,True,13,1.0,0.1,32,0.03,0.02
multimodal_psd-fc-wpli_gated_cnn,0,sub01,sub07;sub08;sub09;sub10;sub11;sub13;sub14;sub15;sub16;sub17;sub18;sub20;sub22;sub24;sub27;sub28;sub29,sub05,55,0.004172088578343391,2.4997494220733643,0.001,1e-05,1.0,1.0,False,False,multimodal,psd-fc-wpli,gated,cnn,True,finetune,segssl_barlow_all-patient_fc-wpli_finetune_seed13_pre20_proj32_mask0_03_noise0_02_mlp1_0_sup100,True,barlow,fc-wpli,all-patient,True,13,1.0,0.1,32,0.03,0.02
multimodal_psd-fc-wpli_gated_cnn,0,sub01,sub07;sub08;sub09;sub10;sub11;sub13;sub14;sub15;sub16;sub17;sub18;sub20;sub22;sub24;sub27;sub28;sub29,sub05,56,0.003951979801058769,2.4768102169036865,0.001,1e-05,1.0,1.0,False,False,multimodal,psd-fc-wpli,gated,cnn,True,finetune,segssl_barlow_all-patient_fc-wpli_finetune_seed13_pre20_proj32_mask0_03_noise0_02_mlp1_0_sup100,True,barlow,fc-wpli,all-patient,True,13,1.0,0.1,32,0.03,0.02
multimodal_psd-fc-wpli_gated_cnn,0,sub01,sub07;sub08;sub09;sub10;sub11;sub13;sub14;sub15;sub16;sub17;sub18;sub20;sub22;sub24;sub27;sub28;sub29,sub05,57,0.003754029283300042,2.457695245742798,0.001,1e-05,1.0,1.0,False,False,multimodal,psd-fc-wpli,gated,cnn,True,finetune,segssl_barlow_all-patient_fc-wpli_finetune_seed13_pre20_proj32_mask0_03_noise0_02_mlp1_0_sup100,True,barlow,fc-wpli,all-patient,True,13,1.0,0.1,32,0.03,0.02
multimodal_psd-fc-wpli_gated_cnn,0,sub01,sub07;sub08;sub09;sub10;sub11;sub13;sub14;sub15;sub16;sub17;sub18;sub20;sub22;sub24;sub27;sub28;sub29,sub05,58,0.003575294278562069,2.4424543380737305,0.001,1e-05,1.0,1.0,False,False,multimodal,psd-fc-wpli,gated,cnn,True,finetune,segssl_barlow_all-patient_fc-wpli_finetune_seed13_pre20_proj32_mask0_03_noise0_02_mlp1_0_sup100,True,barlow,fc-wpli,all-patient,True,13,1.0,0.1,32,0.03,0.02
multimodal_psd-fc-wpli_gated_cnn,0,sub01,sub07;sub08;sub09;sub10;sub11;sub13;sub14;sub15;sub16;sub17;sub18;sub20;sub22;sub24;sub27;sub28;sub29,sub05,59,0.003413313999772072,2.4307360649108887,0.001,1e-05,1.0,1.0,False,False,multimodal,psd-fc-wpli,gated,cnn,True,finetune,segssl_barlow_all-patient_fc-wpli_finetune_seed13_pre20_proj32_mask0_03_noise0_02_mlp1_0_sup100,True,barlow,fc-wpli,all-patient,True,13,1.0,0.1,32,0.03,0.02
multimodal_psd-fc-wpli_gated_cnn,0,sub01,sub07;sub08;sub09;sub10;sub11;sub13;sub14;sub15;sub16;sub17;sub18;sub20;sub22;sub24;sub27;sub28;sub29,sub05,60,0.0032659638673067093,2.4222326278686523,0.001,1e-05,1.0,1.0,False,False,multimodal,psd-fc-wpli,gated,cnn,True,finetune,segssl_barlow_all-patient_fc-wpli_finetune_seed13_pre20_proj32_mask0_03_noise0_02_mlp1_0_sup100,True,barlow,fc-wpli,all-patient,True,13,1.0,0.1,32,0.03,0.02
multimodal_psd-fc-wpli_gated_cnn,0,sub01,sub07;sub08;sub09;sub10;sub11;sub13;sub14;sub15;sub16;sub17;sub18;sub20;sub22;sub24;sub27;sub28;sub29,sub05,61,0.0031316792592406273,2.416870594024658,0.001,1e-05,1.0,1.0,False,False,multimodal,psd-fc-wpli,gated,cnn,True,finetune,segssl_barlow_all-patient_fc-wpli_finetune_seed13_pre20_proj32_mask0_03_noise0_02_mlp1_0_sup100,True,barlow,fc-wpli,all-patient,True,13,1.0,0.1,32,0.03,0.02
multimodal_psd-fc-wpli_gated_cnn,0,sub01,sub07;sub08;sub09;sub10;sub11;sub13;sub14;sub15;sub16;sub17;sub18;sub20;sub22;sub24;sub27;sub28;sub29,sub05,62,0.0030087728518992662,2.414299964904785,0.001,1e-05,1.0,1.0,False,False,multimodal,psd-fc-wpli,gated,cnn,True,finetune,segssl_barlow_all-patient_fc-wpli_finetune_seed13_pre20_proj32_mask0_03_noise0_02_mlp1_0_sup100,True,barlow,fc-wpli,all-patient,True,13,1.0,0.1,32,0.03,0.02
multimodal_psd-fc-wpli_gated_cnn,0,sub01,sub07;sub08;sub09;sub10;sub11;sub13;sub14;sub15;sub16;sub17;sub18;sub20;sub22;sub24;sub27;sub28;sub29,sub05,63,0.00289607304148376,2.414944648742676,0.001,1e-05,1.0,1.0,False,False,multimodal,psd-fc-wpli,gated,cnn,True,finetune,segssl_barlow_all-patient_fc-wpli_finetune_seed13_pre20_proj32_mask0_03_noise0_02_mlp1_0_sup100,True,barlow,fc-wpli,all-patient,True,13,1.0,0.1,32,0.03,0.02
multimodal_psd-fc-wpli_gated_cnn,0,sub01,sub07;sub08;sub09;sub10;sub11;sub13;sub14;sub15;sub16;sub17;sub18;sub20;sub22;sub24;sub27;sub28;sub29,sub05,64,0.0027922356966882944,2.4183285236358643,0.001,1e-05,1.0,1.0,False,False,multimodal,psd-fc-wpli,gated,cnn,True,finetune,segssl_barlow_all-patient_fc-wpli_finetune_seed13_pre20_proj32_mask0_03_noise0_02_mlp1_0_sup100,True,barlow,fc-wpli,all-patient,True,13,1.0,0.1,32,0.03,0.02
multimodal_psd-fc-wpli_gated_cnn,0,sub01,sub07;sub08;sub09;sub10;sub11;sub13;sub14;sub15;sub16;sub17;sub18;sub20;sub22;sub24;sub27;sub28;sub29,sub05,65,0.0026962694246321917,2.423990249633789,0.001,1e-05,1.0,1.0,False,False,multimodal,psd-fc-wpli,gated,cnn,True,finetune,segssl_barlow_all-patient_fc-wpli_finetune_seed13_pre20_proj32_mask0_03_noise0_02_mlp1_0_sup100,True,barlow,fc-wpli,all-patient,True,13,1.0,0.1,32,0.03,0.02
multimodal_psd-fc-wpli_gated_cnn,0,sub01,sub07;sub08;sub09;sub10;sub11;sub13;sub14;sub15;sub16;sub17;sub18;sub20;sub22;sub24;sub27;sub28;sub29,sub05,66,0.002607347210869193,2.4315245151519775,0.001,1e-05,1.0,1.0,False,False,multimodal,psd-fc-wpli,gated,cnn,True,finetune,segssl_barlow_all-patient_fc-wpli_finetune_seed13_pre20_proj32_mask0_03_noise0_02_mlp1_0_sup100,True,barlow,fc-wpli,all-patient,True,13,1.0,0.1,32,0.03,0.02
multimodal_psd-fc-wpli_gated_cnn,0,sub01,sub07;sub08;sub09;sub10;sub11;sub13;sub14;sub15;sub16;sub17;sub18;sub20;sub22;sub24;sub27;sub28;sub29,sub05,67,0.0025247707962989807,2.440584421157837,0.001,1e-05,1.0,1.0,False,False,multimodal,psd-fc-wpli,gated,cnn,True,finetune,segssl_barlow_all-patient_fc-wpli_finetune_seed13_pre20_proj32_mask0_03_noise0_02_mlp1_0_sup100,True,barlow,fc-wpli,all-patient,True,13,1.0,0.1,32,0.03,0.02
multimodal_psd-fc-wpli_gated_cnn,0,sub01,sub07;sub08;sub09;sub10;sub11;sub13;sub14;sub15;sub16;sub17;sub18;sub20;sub22;sub24;sub27;sub28;sub29,sub05,68,0.0024478905834257603,2.450641393661499,0.001,1e-05,1.0,1.0,False,False,multimodal,psd-fc-wpli,gated,cnn,True,finetune,segssl_barlow_all-patient_fc-wpli_finetune_seed13_pre20_proj32_mask0_03_noise0_02_mlp1_0_sup100,True,barlow,fc-wpli,all-patient,True,13,1.0,0.1,32,0.03,0.02
multimodal_psd-fc-wpli_gated_cnn,0,sub01,sub07;sub08;sub09;sub10;sub11;sub13;sub14;sub15;sub16;sub17;sub18;sub20;sub22;sub24;sub27;sub28;sub29,sub05,69,0.00237622600980103,2.461393356323242,0.001,1e-05,1.0,1.0,False,False,multimodal,psd-fc-wpli,gated,cnn,True,finetune,segssl_barlow_all-patient_fc-wpli_finetune_seed13_pre20_proj32_mask0_03_noise0_02_mlp1_0_sup100,True,barlow,fc-wpli,all-patient,True,13,1.0,0.1,32,0.03,0.02
multimodal_psd-fc-wpli_gated_cnn,0,sub01,sub07;sub08;sub09;sub10;sub11;sub13;sub14;sub15;sub16;sub17;sub18;sub20;sub22;sub24;sub27;sub28;sub29,sub05,70,0.002309234580025077,2.472686529159546,0.001,1e-05,1.0,1.0,False,False,multimodal,psd-fc-wpli,gated,cnn,True,finetune,segssl_barlow_all-patient_fc-wpli_finetune_seed13_pre20_proj32_mask0_03_noise0_02_mlp1_0_sup100,True,barlow,fc-wpli,all-patient,True,13,1.0,0.1,32,0.03,0.02
multimodal_psd-fc-wpli_gated_cnn,0,sub01,sub07;sub08;sub09;sub10;sub11;sub13;sub14;sub15;sub16;sub17;sub18;sub20;sub22;sub24;sub27;sub28;sub29,sub05,71,0.0022464022040367126,2.484287738800049,0.001,1e-05,1.0,1.0,False,False,multimodal,psd-fc-wpli,gated,cnn,True,finetune,segssl_barlow_all-patient_fc-wpli_finetune_seed13_pre20_proj32_mask0_03_noise0_02_mlp1_0_sup100,True,barlow,fc-wpli,all-patient,True,13,1.0,0.1,32,0.03,0.02
multimodal_psd-fc-wpli_gated_cnn,0,sub01,sub07;sub08;sub09;sub10;sub11;sub13;sub14;sub15;sub16;sub17;sub18;sub20;sub22;sub24;sub27;sub28;sub29,sub05,72,0.0021874024532735348,2.49597430229187,0.001,1e-05,1.0,1.0,False,False,multimodal,psd-fc-wpli,gated,cnn,True,finetune,segssl_barlow_all-patient_fc-wpli_finetune_seed13_pre20_proj32_mask0_03_noise0_02_mlp1_0_sup100,True,barlow,fc-wpli,all-patient,True,13,1.0,0.1,32,0.03,0.02
multimodal_psd-fc-wpli_gated_cnn,0,sub01,sub07;sub08;sub09;sub10;sub11;sub13;sub14;sub15;sub16;sub17;sub18;sub20;sub22;sub24;sub27;sub28;sub29,sub05,73,0.002131787594407797,2.507578134536743,0.001,1e-05,1.0,1.0,False,False,multimodal,psd-fc-wpli,gated,cnn,True,finetune,segssl_barlow_all-patient_fc-wpli_finetune_seed13_pre20_proj32_mask0_03_noise0_02_mlp1_0_sup100,True,barlow,fc-wpli,all-patient,True,13,1.0,0.1,32,0.03,0.02
multimodal_psd-fc-wpli_gated_cnn,0,sub01,sub07;sub08;sub09;sub10;sub11;sub13;sub14;sub15;sub16;sub17;sub18;sub20;sub22;sub24;sub27;sub28;sub29,sub05,74,0.002079241443425417,2.51908278465271,0.001,1e-05,1.0,1.0,False,False,multimodal,psd-fc-wpli,gated,cnn,True,finetune,segssl_barlow_all-patient_fc-wpli_finetune_seed13_pre20_proj32_mask0_03_noise0_02_mlp1_0_sup100,True,barlow,fc-wpli,all-patient,True,13,1.0,0.1,32,0.03,0.02
multimodal_psd-fc-wpli_gated_cnn,0,sub01,sub07;sub08;sub09;sub10;sub11;sub13;sub14;sub15;sub16;sub17;sub18;sub20;sub22;sub24;sub27;sub28;sub29,sub05,75,0.0020294839050620794,2.530272960662842,0.001,1e-05,1.0,1.0,False,False,multimodal,psd-fc-wpli,gated,cnn,True,finetune,segssl_barlow_all-patient_fc-wpli_finetune_seed13_pre20_proj32_mask0_03_noise0_02_mlp1_0_sup100,True,barlow,fc-wpli,all-patient,True,13,1.0,0.1,32,0.03,0.02
multimodal_psd-fc-wpli_gated_cnn,0,sub01,sub07;sub08;sub09;sub10;sub11;sub13;sub14;sub15;sub16;sub17;sub18;sub20;sub22;sub24;sub27;sub28;sub29,sub05,76,0.0019822826143354177,2.540739059448242,0.001,1e-05,1.0,1.0,False,False,multimodal,psd-fc-wpli,gated,cnn,True,finetune,segssl_barlow_all-patient_fc-wpli_finetune_seed13_pre20_proj32_mask0_03_noise0_02_mlp1_0_sup100,True,barlow,fc-wpli,all-patient,True,13,1.0,0.1,32,0.03,0.02
multimodal_psd-fc-wpli_gated_cnn,0,sub01,sub07;sub08;sub09;sub10;sub11;sub13;sub14;sub15;sub16;sub17;sub18;sub20;sub22;sub24;sub27;sub28;sub29,sub05,77,0.0019374459516257048,2.5505154132843018,0.001,1e-05,1.0,1.0,False,False,multimodal,psd-fc-wpli,gated,cnn,True,finetune,segssl_barlow_all-patient_fc-wpli_finetune_seed13_pre20_proj32_mask0_03_noise0_02_mlp1_0_sup100,True,barlow,fc-wpli,all-patient,True,13,1.0,0.1,32,0.03,0.02
multimodal_psd-fc-wpli_gated_cnn,0,sub01,sub07;sub08;sub09;sub10;sub11;sub13;sub14;sub15;sub16;sub17;sub18;sub20;sub22;sub24;sub27;sub28;sub29,sub05,78,0.0018947847420349717,2.5595624446868896,0.001,1e-05,1.0,1.0,False,False,multimodal,psd-fc-wpli,gated,cnn,True,finetune,segssl_barlow_all-patient_fc-wpli_finetune_seed13_pre20_proj32_mask0_03_noise0_02_mlp1_0_sup100,True,barlow,fc-wpli,all-patient,True,13,1.0,0.1,32,0.03,0.02
multimodal_psd-fc-wpli_gated_cnn,0,sub01,sub07;sub08;sub09;sub10;sub11;sub13;sub14;sub15;sub16;sub17;sub18;sub20;sub22;sub24;sub27;sub28;sub29,sub05,79,0.001854048459790647,2.567682981491089,0.001,1e-05,1.0,1.0,False,False,multimodal,psd-fc-wpli,gated,cnn,True,finetune,segssl_barlow_all-patient_fc-wpli_finetune_seed13_pre20_proj32_mask0_03_noise0_02_mlp1_0_sup100,True,barlow,fc-wpli,all-patient,True,13,1.0,0.1,32,0.03,0.02
multimodal_psd-fc-wpli_gated_cnn,0,sub01,sub07;sub08;sub09;sub10;sub11;sub13;sub14;sub15;sub16;sub17;sub18;sub20;sub22;sub24;sub27;sub28;sub29,sub05,80,0.0018151459516957402,2.5751988887786865,0.001,1e-05,1.0,1.0,False,False,multimodal,psd-fc-wpli,gated,cnn,True,finetune,segssl_barlow_all-patient_fc-wpli_finetune_seed13_pre20_proj32_mask0_03_noise0_02_mlp1_0_sup100,True,barlow,fc-wpli,all-patient,True,13,1.0,0.1,32,0.03,0.02
multimodal_psd-fc-wpli_gated_cnn,0,sub01,sub07;sub08;sub09;sub10;sub11;sub13;sub14;sub15;sub16;sub17;sub18;sub20;sub22;sub24;sub27;sub28;sub29,sub05,81,0.0017778923502191901,2.5818982124328613,0.001,1e-05,1.0,1.0,False,False,multimodal,psd-fc-wpli,gated,cnn,True,finetune,segssl_barlow_all-patient_fc-wpli_finetune_seed13_pre20_proj32_mask0_03_noise0_02_mlp1_0_sup100,True,barlow,fc-wpli,all-patient,True,13,1.0,0.1,32,0.03,0.02
multimodal_psd-fc-wpli_gated_cnn,0,sub01,sub07;sub08;sub09;sub10;sub11;sub13;sub14;sub15;sub16;sub17;sub18;sub20;sub22;sub24;sub27;sub28;sub29,sub05,82,0.001742123276926577,2.5880184173583984,0.001,1e-05,1.0,1.0,False,False,multimodal,psd-fc-wpli,gated,cnn,True,finetune,segssl_barlow_all-patient_fc-wpli_finetune_seed13_pre20_proj32_mask0_03_noise0_02_mlp1_0_sup100,True,barlow,fc-wpli,all-patient,True,13,1.0,0.1,32,0.03,0.02
multimodal_psd-fc-wpli_gated_cnn,0,sub01,sub07;sub08;sub09;sub10;sub11;sub13;sub14;sub15;sub16;sub17;sub18;sub20;sub22;sub24;sub27;sub28;sub29,sub05,83,0.0017077381489798427,2.5935556888580322,0.001,1e-05,1.0,1.0,False,False,multimodal,psd-fc-wpli,gated,cnn,True,finetune,segssl_barlow_all-patient_fc-wpli_finetune_seed13_pre20_proj32_mask0_03_noise0_02_mlp1_0_sup100,True,barlow,fc-wpli,all-patient,True,13,1.0,0.1,32,0.03,0.02
multimodal_psd-fc-wpli_gated_cnn,0,sub01,sub07;sub08;sub09;sub10;sub11;sub13;sub14;sub15;sub16;sub17;sub18;sub20;sub22;sub24;sub27;sub28;sub29,sub05,84,0.0016746541950851679,2.5986173152923584,0.001,1e-05,1.0,1.0,False,False,multimodal,psd-fc-wpli,gated,cnn,True,finetune,segssl_barlow_all-patient_fc-wpli_finetune_seed13_pre20_proj32_mask0_03_noise0_02_mlp1_0_sup100,True,barlow,fc-wpli,all-patient,True,13,1.0,0.1,32,0.03,0.02
multimodal_psd-fc-wpli_gated_cnn,0,sub01,sub07;sub08;sub09;sub10;sub11;sub13;sub14;sub15;sub16;sub17;sub18;sub20;sub22;sub24;sub27;sub28;sub29,sub05,85,0.001642744173295796,2.6030797958374023,0.001,1e-05,1.0,1.0,False,False,multimodal,psd-fc-wpli,gated,cnn,True,finetune,segssl_barlow_all-patient_fc-wpli_finetune_seed13_pre20_proj32_mask0_03_noise0_02_mlp1_0_sup100,True,barlow,fc-wpli,all-patient,True,13,1.0,0.1,32,0.03,0.02
multimodal_psd-fc-wpli_gated_cnn,0,sub01,sub07;sub08;sub09;sub10;sub11;sub13;sub14;sub15;sub16;sub17;sub18;sub20;sub22;sub24;sub27;sub28;sub29,sub05,86,0.0016119328793138266,2.607036828994751,0.001,1e-05,1.0,1.0,False,False,multimodal,psd-fc-wpli,gated,cnn,True,finetune,segssl_barlow_all-patient_fc-wpli_finetune_seed13_pre20_proj32_mask0_03_noise0_02_mlp1_0_sup100,True,barlow,fc-wpli,all-patient,True,13,1.0,0.1,32,0.03,0.02
multimodal_psd-fc-wpli_gated_cnn,0,sub01,sub07;sub08;sub09;sub10;sub11;sub13;sub14;sub15;sub16;sub17;sub18;sub20;sub22;sub24;sub27;sub28;sub29,sub05,87,0.0015821895794942975,2.6106584072113037,0.001,1e-05,1.0,1.0,False,False,multimodal,psd-fc-wpli,gated,cnn,True,finetune,segssl_barlow_all-patient_fc-wpli_finetune_seed13_pre20_proj32_mask0_03_noise0_02_mlp1_0_sup100,True,barlow,fc-wpli,all-patient,True,13,1.0,0.1,32,0.03,0.02
multimodal_psd-fc-wpli_gated_cnn,0,sub01,sub07;sub08;sub09;sub10;sub11;sub13;sub14;sub15;sub16;sub17;sub18;sub20;sub22;sub24;sub27;sub28;sub29,sub05,88,0.0015533800469711423,2.614072322845459,0.001,1e-05,1.0,1.0,False,False,multimodal,psd-fc-wpli,gated,cnn,True,finetune,segssl_barlow_all-patient_fc-wpli_finetune_seed13_pre20_proj32_mask0_03_noise0_02_mlp1_0_sup100,True,barlow,fc-wpli,all-patient,True,13,1.0,0.1,32,0.03,0.02
multimodal_psd-fc-wpli_gated_cnn,0,sub01,sub07;sub08;sub09;sub10;sub11;sub13;sub14;sub15;sub16;sub17;sub18;sub20;sub22;sub24;sub27;sub28;sub29,sub05,89,0.0015254446770995855,2.6172516345977783,0.001,1e-05,1.0,1.0,False,False,multimodal,psd-fc-wpli,gated,cnn,True,finetune,segssl_barlow_all-patient_fc-wpli_finetune_seed13_pre20_proj32_mask0_03_noise0_02_mlp1_0_sup100,True,barlow,fc-wpli,all-patient,True,13,1.0,0.1,32,0.03,0.02
multimodal_psd-fc-wpli_gated_cnn,0,sub01,sub07;sub08;sub09;sub10;sub11;sub13;sub14;sub15;sub16;sub17;sub18;sub20;sub22;sub24;sub27;sub28;sub29,sub05,90,0.001498344005085528,2.6203582286834717,0.001,1e-05,1.0,1.0,False,False,multimodal,psd-fc-wpli,gated,cnn,True,finetune,segssl_barlow_all-patient_fc-wpli_finetune_seed13_pre20_proj32_mask0_03_noise0_02_mlp1_0_sup100,True,barlow,fc-wpli,all-patient,True,13,1.0,0.1,32,0.03,0.02
multimodal_psd-fc-wpli_gated_cnn,0,sub01,sub07;sub08;sub09;sub10;sub11;sub13;sub14;sub15;sub16;sub17;sub18;sub20;sub22;sub24;sub27;sub28;sub29,sub05,91,0.0014719913015142083,2.623420238494873,0.001,1e-05,1.0,1.0,False,False,multimodal,psd-fc-wpli,gated,cnn,True,finetune,segssl_barlow_all-patient_fc-wpli_finetune_seed13_pre20_proj32_mask0_03_noise0_02_mlp1_0_sup100,True,barlow,fc-wpli,all-patient,True,13,1.0,0.1,32,0.03,0.02
multimodal_psd-fc-wpli_gated_cnn,0,sub01,sub07;sub08;sub09;sub10;sub11;sub13;sub14;sub15;sub16;sub17;sub18;sub20;sub22;sub24;sub27;sub28;sub29,sub05,92,0.0014464070554822683,2.6269078254699707,0.001,1e-05,1.0,1.0,False,False,multimodal,psd-fc-wpli,gated,cnn,True,finetune,segssl_barlow_all-patient_fc-wpli_finetune_seed13_pre20_proj32_mask0_03_noise0_02_mlp1_0_sup100,True,barlow,fc-wpli,all-patient,True,13,1.0,0.1,32,0.03,0.02
multimodal_psd-fc-wpli_gated_cnn,0,sub01,sub07;sub08;sub09;sub10;sub11;sub13;sub14;sub15;sub16;sub17;sub18;sub20;sub22;sub24;sub27;sub28;sub29,sub05,93,0.0014215306146070361,2.6309456825256348,0.001,1e-05,1.0,1.0,False,False,multimodal,psd-fc-wpli,gated,cnn,True,finetune,segssl_barlow_all-patient_fc-wpli_finetune_seed13_pre20_proj32_mask0_03_noise0_02_mlp1_0_sup100,True,barlow,fc-wpli,all-patient,True,13,1.0,0.1,32,0.03,0.02
multimodal_psd-fc-wpli_gated_cnn,0,sub01,sub07;sub08;sub09;sub10;sub11;sub13;sub14;sub15;sub16;sub17;sub18;sub20;sub22;sub24;sub27;sub28;sub29,sub05,94,0.001397309941239655,2.635505199432373,0.001,1e-05,1.0,1.0,False,False,multimodal,psd-fc-wpli,gated,cnn,True,finetune,segssl_barlow_all-patient_fc-wpli_finetune_seed13_pre20_proj32_mask0_03_noise0_02_mlp1_0_sup100,True,barlow,fc-wpli,all-patient,True,13,1.0,0.1,32,0.03,0.02
multimodal_psd-fc-wpli_gated_cnn,0,sub01,sub07;sub08;sub09;sub10;sub11;sub13;sub14;sub15;sub16;sub17;sub18;sub20;sub22;sub24;sub27;sub28;sub29,sub05,95,0.0013737912522628903,2.640381336212158,0.001,1e-05,1.0,1.0,False,False,multimodal,psd-fc-wpli,gated,cnn,True,finetune,segssl_barlow_all-patient_fc-wpli_finetune_seed13_pre20_proj32_mask0_03_noise0_02_mlp1_0_sup100,True,barlow,fc-wpli,all-patient,True,13,1.0,0.1,32,0.03,0.02
multimodal_psd-fc-wpli_gated_cnn,0,sub01,sub07;sub08;sub09;sub10;sub11;sub13;sub14;sub15;sub16;sub17;sub18;sub20;sub22;sub24;sub27;sub28;sub29,sub05,96,0.0013507994590327144,2.645594596862793,0.001,1e-05,1.0,1.0,False,False,multimodal,psd-fc-wpli,gated,cnn,True,finetune,segssl_barlow_all-patient_fc-wpli_finetune_seed13_pre20_proj32_mask0_03_noise0_02_mlp1_0_sup100,True,barlow,fc-wpli,all-patient,True,13,1.0,0.1,32,0.03,0.02
multimodal_psd-fc-wpli_gated_cnn,0,sub01,sub07;sub08;sub09;sub10;sub11;sub13;sub14;sub15;sub16;sub17;sub18;sub20;sub22;sub24;sub27;sub28;sub29,sub05,97,0.0013283664593473077,2.6509814262390137,0.001,1e-05,1.0,1.0,False,False,multimodal,psd-fc-wpli,gated,cnn,True,finetune,segssl_barlow_all-patient_fc-wpli_finetune_seed13_pre20_proj32_mask0_03_noise0_02_mlp1_0_sup100,True,barlow,fc-wpli,all-patient,True,13,1.0,0.1,32,0.03,0.02
multimodal_psd-fc-wpli_gated_cnn,0,sub01,sub07;sub08;sub09;sub10;sub11;sub13;sub14;sub15;sub16;sub17;sub18;sub20;sub22;sub24;sub27;sub28;sub29,sub05,98,0.00130646419711411,2.656303882598877,0.001,1e-05,1.0,1.0,False,False,multimodal,psd-fc-wpli,gated,cnn,True,finetune,segssl_barlow_all-patient_fc-wpli_finetune_seed13_pre20_proj32_mask0_03_noise0_02_mlp1_0_sup100,True,barlow,fc-wpli,all-patient,True,13,1.0,0.1,32,0.03,0.02
multimodal_psd-fc-wpli_gated_cnn,0,sub01,sub07;sub08;sub09;sub10;sub11;sub13;sub14;sub15;sub16;sub17;sub18;sub20;sub22;sub24;sub27;sub28;sub29,sub05,99,0.0012851235223934054,2.6618289947509766,0.001,1e-05,1.0,1.0,False,False,multimodal,psd-fc-wpli,gated,cnn,True,finetune,segssl_barlow_all-patient_fc-wpli_finetune_seed13_pre20_proj32_mask0_03_noise0_02_mlp1_0_sup100,True,barlow,fc-wpli,all-patient,True,13,1.0,0.1,32,0.03,0.02
multimodal_psd-fc-wpli_gated_cnn,0,sub01,sub07;sub08;sub09;sub10;sub11;sub13;sub14;sub15;sub16;sub17;sub18;sub20;sub22;sub24;sub27;sub28;sub29,sub05,100,0.001264232792891562,2.668002128601074,0.001,1e-05,1.0,1.0,False,False,multimodal,psd-fc-wpli,gated,cnn,True,finetune,segssl_barlow_all-patient_fc-wpli_finetune_seed13_pre20_proj32_mask0_03_noise0_02_mlp1_0_sup100,True,barlow,fc-wpli,all-patient,True,13,1.0,0.1,32,0.03,0.02
multimodal_psd-fc-wpli_gated_cnn,1,sub05,sub01;sub08;sub09;sub10;sub11;sub13;sub14;sub15;sub16;sub17;sub18;sub20;sub22;sub24;sub27;sub28;sub29,sub07,1,0.6892528533935547,0.7180590033531189,0.002,1e-05,1.0,1.0,True,False,multimodal,psd-fc-wpli,gated,cnn,True,finetune,segssl_barlow_all-patient_fc-wpli_finetune_seed13_pre20_proj32_mask0_03_noise0_02_mlp1_0_sup100,True,barlow,fc-wpli,all-patient,True,13,1.0,0.1,32,0.03,0.02
multimodal_psd-fc-wpli_gated_cnn,1,sub05,sub01;sub08;sub09;sub10;sub11;sub13;sub14;sub15;sub16;sub17;sub18;sub20;sub22;sub24;sub27;sub28;sub29,sub07,2,0.6803221106529236,0.7207809090614319,0.002,1e-05,1.0,1.0,False,False,multimodal,psd-fc-wpli,gated,cnn,True,finetune,segssl_barlow_all-patient_fc-wpli_finetune_seed13_pre20_proj32_mask0_03_noise0_02_mlp1_0_sup100,True,barlow,fc-wpli,all-patient,True,13,1.0,0.1,32,0.03,0.02
multimodal_psd-fc-wpli_gated_cnn,1,sub05,sub01;sub08;sub09;sub10;sub11;sub13;sub14;sub15;sub16;sub17;sub18;sub20;sub22;sub24;sub27;sub28;sub29,sub07,3,0.6729804873466492,0.7243310809135437,0.002,1e-05,1.0,1.0,False,False,multimodal,psd-fc-wpli,gated,cnn,True,finetune,segssl_barlow_all-patient_fc-wpli_finetune_seed13_pre20_proj32_mask0_03_noise0_02_mlp1_0_sup100,True,barlow,fc-wpli,all-patient,True,13,1.0,0.1,32,0.03,0.02
multimodal_psd-fc-wpli_gated_cnn,1,sub05,sub01;sub08;sub09;sub10;sub11;sub13;sub14;sub15;sub16;sub17;sub18;sub20;sub22;sub24;sub27;sub28;sub29,sub07,4,0.6661509275436401,0.7290365099906921,0.002,1e-05,1.0,1.0,False,False,multimodal,psd-fc-wpli,gated,cnn,True,finetune,segssl_barlow_all-patient_fc-wpli_finetune_seed13_pre20_proj32_mask0_03_noise0_02_mlp1_0_sup100,True,barlow,fc-wpli,all-patient,True,13,1.0,0.1,32,0.03,0.02
multimodal_psd-fc-wpli_gated_cnn,1,sub05,sub01;sub08;sub09;sub10;sub11;sub13;sub14;sub15;sub16;sub17;sub18;sub20;sub22;sub24;sub27;sub28;sub29,sub07,5,0.6585867404937744,0.7335978150367737,0.002,1e-05,1.0,1.0,False,False,multimodal,psd-fc-wpli,gated,cnn,True,finetune,segssl_barlow_all-patient_fc-wpli_finetune_seed13_pre20_proj32_mask0_03_noise0_02_mlp1_0_sup100,True,barlow,fc-wpli,all-patient,True,13,1.0,0.1,32,0.03,0.02
multimodal_psd-fc-wpli_gated_cnn,1,sub05,sub01;sub08;sub09;sub10;sub11;sub13;sub14;sub15;sub16;sub17;sub18;sub20;sub22;sub24;sub27;sub28;sub29,sub07,6,0.650763213634491,0.7391415238380432,0.002,1e-05,1.0,1.0,False,False,multimodal,psd-fc-wpli,gated,cnn,True,finetune,segssl_barlow_all-patient_fc-wpli_finetune_seed13_pre20_proj32_mask0_03_noise0_02_mlp1_0_sup100,True,barlow,fc-wpli,all-patient,True,13,1.0,0.1,32,0.03,0.02
multimodal_psd-fc-wpli_gated_cnn,1,sub05,sub01;sub08;sub09;sub10;sub11;sub13;sub14;sub15;sub16;sub17;sub18;sub20;sub22;sub24;sub27;sub28;sub29,sub07,7,0.642473578453064,0.7450695633888245,0.002,1e-05,1.0,1.0,False,False,multimodal,psd-fc-wpli,gated,cnn,True,finetune,segssl_barlow_all-patient_fc-wpli_finetune_seed13_pre20_proj32_mask0_03_noise0_02_mlp1_0_sup100,True,barlow,fc-wpli,all-patient,True,13,1.0,0.1,32,0.03,0.02
multimodal_psd-fc-wpli_gated_cnn,1,sub05,sub01;sub08;sub09;sub10;sub11;sub13;sub14;sub15;sub16;sub17;sub18;sub20;sub22;sub24;sub27;sub28;sub29,sub07,8,0.6340827345848083,0.7501236200332642,0.002,1e-05,1.0,1.0,False,False,multimodal,psd-fc-wpli,gated,cnn,True,finetune,segssl_barlow_all-patient_fc-wpli_finetune_seed13_pre20_proj32_mask0_03_noise0_02_mlp1_0_sup100,True,barlow,fc-wpli,all-patient,True,13,1.0,0.1,32,0.03,0.02
multimodal_psd-fc-wpli_gated_cnn,1,sub05,sub01;sub08;sub09;sub10;sub11;sub13;sub14;sub15;sub16;sub17;sub18;sub20;sub22;sub24;sub27;sub28;sub29,sub07,9,0.625357449054718,0.7533948421478271,0.002,1e-05,1.0,1.0,False,False,multimodal,psd-fc-wpli,gated,cnn,True,finetune,segssl_barlow_all-patient_fc-wpli_finetune_seed13_pre20_proj32_mask0_03_noise0_02_mlp1_0_sup100,True,barlow,fc-wpli,all-patient,True,13,1.0,0.1,32,0.03,0.02
multimodal_psd-fc-wpli_gated_cnn,1,sub05,sub01;sub08;sub09;sub10;sub11;sub13;sub14;sub15;sub16;sub17;sub18;sub20;sub22;sub24;sub27;sub28;sub29,sub07,10,0.616204559803009,0.7547284960746765,0.002,1e-05,1.0,1.0,False,False,multimodal,psd-fc-wpli,gated,cnn,True,finetune,segssl_barlow_all-patient_fc-wpli_finetune_seed13_pre20_proj32_mask0_03_noise0_02_mlp1_0_sup100,True,barlow,fc-wpli,all-patient,True,13,1.0,0.1,32,0.03,0.02
multimodal_psd-fc-wpli_gated_cnn,1,sub05,sub01;sub08;sub09;sub10;sub11;sub13;sub14;sub15;sub16;sub17;sub18;sub20;sub22;sub24;sub27;sub28;sub29,sub07,11,0.6067094206809998,0.7540860176086426,0.002,1e-05,1.0,1.0,False,False,multimodal,psd-fc-wpli,gated,cnn,True,finetune,segssl_barlow_all-patient_fc-wpli_finetune_seed13_pre20_proj32_mask0_03_noise0_02_mlp1_0_sup100,True,barlow,fc-wpli,all-patient,True,13,1.0,0.1,32,0.03,0.02
multimodal_psd-fc-wpli_gated_cnn,1,sub05,sub01;sub08;sub09;sub10;sub11;sub13;sub14;sub15;sub16;sub17;sub18;sub20;sub22;sub24;sub27;sub28;sub29,sub07,12,0.5968051552772522,0.7515535950660706,0.002,1e-05,1.0,1.0,False,False,multimodal,psd-fc-wpli,gated,cnn,True,finetune,segssl_barlow_all-patient_fc-wpli_finetune_seed13_pre20_proj32_mask0_03_noise0_02_mlp1_0_sup100,True,barlow,fc-wpli,all-patient,True,13,1.0,0.1,32,0.03,0.02
multimodal_psd-fc-wpli_gated_cnn,1,sub05,sub01;sub08;sub09;sub10;sub11;sub13;sub14;sub15;sub16;sub17;sub18;sub20;sub22;sub24;sub27;sub28;sub29,sub07,13,0.5865479707717896,0.7479636669158936,0.002,1e-05,1.0,1.0,False,False,multimodal,psd-fc-wpli,gated,cnn,True,finetune,segssl_barlow_all-patient_fc-wpli_finetune_seed13_pre20_proj32_mask0_03_noise0_02_mlp1_0_sup100,True,barlow,fc-wpli,all-patient,True,13,1.0,0.1,32,0.03,0.02
multimodal_psd-fc-wpli_gated_cnn,1,sub05,sub01;sub08;sub09;sub10;sub11;sub13;sub14;sub15;sub16;sub17;sub18;sub20;sub22;sub24;sub27;sub28;sub29,sub07,14,0.5757774114608765,0.7427986860275269,0.002,1e-05,1.0,1.0,False,False,multimodal,psd-fc-wpli,gated,cnn,True,finetune,segssl_barlow_all-patient_fc-wpli_finetune_seed13_pre20_proj32_mask0_03_noise0_02_mlp1_0_sup100,True,barlow,fc-wpli,all-patient,True,13,1.0,0.1,32,0.03,0.02
multimodal_psd-fc-wpli_gated_cnn,1,sub05,sub01;sub08;sub09;sub10;sub11;sub13;sub14;sub15;sub16;sub17;sub18;sub20;sub22;sub24;sub27;sub28;sub29,sub07,15,0.5644180774688721,0.7364692091941833,0.002,1e-05,1.0,1.0,False,False,multimodal,psd-fc-wpli,gated,cnn,True,finetune,segssl_barlow_all-patient_fc-wpli_finetune_seed13_pre20_proj32_mask0_03_noise0_02_mlp1_0_sup100,True,barlow,fc-wpli,all-patient,True,13,1.0,0.1,32,0.03,0.02
multimodal_psd-fc-wpli_gated_cnn,1,sub05,sub01;sub08;sub09;sub10;sub11;sub13;sub14;sub15;sub16;sub17;sub18;sub20;sub22;sub24;sub27;sub28;sub29,sub07,16,0.552506148815155,0.7311738729476929,0.002,1e-05,1.0,1.0,False,False,multimodal,psd-fc-wpli,gated,cnn,True,finetune,segssl_barlow_all-patient_fc-wpli_finetune_seed13_pre20_proj32_mask0_03_noise0_02_mlp1_0_sup100,True,barlow,fc-wpli,all-patient,True,13,1.0,0.1,32,0.03,0.02
multimodal_psd-fc-wpli_gated_cnn,1,sub05,sub01;sub08;sub09;sub10;sub11;sub13;sub14;sub15;sub16;sub17;sub18;sub20;sub22;sub24;sub27;sub28;sub29,sub07,17,0.5400304198265076,0.7259582877159119,0.002,1e-05,1.0,1.0,False,False,multimodal,psd-fc-wpli,gated,cnn,True,finetune,segssl_barlow_all-patient_fc-wpli_finetune_seed13_pre20_proj32_mask0_03_noise0_02_mlp1_0_sup100,True,barlow,fc-wpli,all-patient,True,13,1.0,0.1,32,0.03,0.02
multimodal_psd-fc-wpli_gated_cnn,1,sub05,sub01;sub08;sub09;sub10;sub11;sub13;sub14;sub15;sub16;sub17;sub18;sub20;sub22;sub24;sub27;sub28;sub29,sub07,18,0.5270166993141174,0.7215138077735901,0.002,1e-05,1.0,1.0,False,False,multimodal,psd-fc-wpli,gated,cnn,True,finetune,segssl_barlow_all-patient_fc-wpli_finetune_seed13_pre20_proj32_mask0_03_noise0_02_mlp1_0_sup100,True,barlow,fc-wpli,all-patient,True,13,1.0,0.1,32,0.03,0.02
multimodal_psd-fc-wpli_gated_cnn,1,sub05,sub01;sub08;sub09;sub10;sub11;sub13;sub14;sub15;sub16;sub17;sub18;sub20;sub22;sub24;sub27;sub28;sub29,sub07,19,0.5136154294013977,0.7187668681144714,0.002,1e-05,1.0,1.0,False,False,multimodal,psd-fc-wpli,gated,cnn,True,finetune,segssl_barlow_all-patient_fc-wpli_finetune_seed13_pre20_proj32_mask0_03_noise0_02_mlp1_0_sup100,True,barlow,fc-wpli,all-patient,True,13,1.0,0.1,32,0.03,0.02
multimodal_psd-fc-wpli_gated_cnn,1,sub05,sub01;sub08;sub09;sub10;sub11;sub13;sub14;sub15;sub16;sub17;sub18;sub20;sub22;sub24;sub27;sub28;sub29,sub07,20,0.4997629225254059,0.7212425470352173,0.002,1e-05,1.0,1.0,False,False,multimodal,psd-fc-wpli,gated,cnn,True,finetune,segssl_barlow_all-patient_fc-wpli_finetune_seed13_pre20_proj32_mask0_03_noise0_02_mlp1_0_sup100,True,barlow,fc-wpli,all-patient,True,13,1.0,0.1,32,0.03,0.02
multimodal_psd-fc-wpli_gated_cnn,1,sub05,sub01;sub08;sub09;sub10;sub11;sub13;sub14;sub15;sub16;sub17;sub18;sub20;sub22;sub24;sub27;sub28;sub29,sub07,21,0.4852202832698822,0.7287297248840332,0.002,1e-05,1.0,1.0,False,False,multimodal,psd-fc-wpli,gated,cnn,True,finetune,segssl_barlow_all-patient_fc-wpli_finetune_seed13_pre20_proj32_mask0_03_noise0_02_mlp1_0_sup100,True,barlow,fc-wpli,all-patient,True,13,1.0,0.1,32,0.03,0.02
multimodal_psd-fc-wpli_gated_cnn,1,sub05,sub01;sub08;sub09;sub10;sub11;sub13;sub14;sub15;sub16;sub17;sub18;sub20;sub22;sub24;sub27;sub28;sub29,sub07,22,0.47014331817626953,0.7388392686843872,0.002,1e-05,1.0,1.0,False,False,multimodal,psd-fc-wpli,gated,cnn,True,finetune,segssl_barlow_all-patient_fc-wpli_finetune_seed13_pre20_proj32_mask0_03_noise0_02_mlp1_0_sup100,True,barlow,fc-wpli,all-patient,True,13,1.0,0.1,32,0.03,0.02
multimodal_psd-fc-wpli_gated_cnn,1,sub05,sub01;sub08;sub09;sub10;sub11;sub13;sub14;sub15;sub16;sub17;sub18;sub20;sub22;sub24;sub27;sub28;sub29,sub07,23,0.4545247554779053,0.7540509104728699,0.002,1e-05,1.0,1.0,False,False,multimodal,psd-fc-wpli,gated,cnn,True,finetune,segssl_barlow_all-patient_fc-wpli_finetune_seed13_pre20_proj32_mask0_03_noise0_02_mlp1_0_sup100,True,barlow,fc-wpli,all-patient,True,13,1.0,0.1,32,0.03,0.02
multimodal_psd-fc-wpli_gated_cnn,1,sub05,sub01;sub08;sub09;sub10;sub11;sub13;sub14;sub15;sub16;sub17;sub18;sub20;sub22;sub24;sub27;sub28;sub29,sub07,24,0.43837806582450867,0.7758850455284119,0.002,1e-05,1.0,1.0,False,False,multimodal,psd-fc-wpli,gated,cnn,True,finetune,segssl_barlow_all-patient_fc-wpli_finetune_seed13_pre20_proj32_mask0_03_noise0_02_mlp1_0_sup100,True,barlow,fc-wpli,all-patient,True,13,1.0,0.1,32,0.03,0.02
multimodal_psd-fc-wpli_gated_cnn,1,sub05,sub01;sub08;sub09;sub10;sub11;sub13;sub14;sub15;sub16;sub17;sub18;sub20;sub22;sub24;sub27;sub28;sub29,sub07,25,0.42175740003585815,0.7988787889480591,0.002,1e-05,1.0,1.0,False,False,multimodal,psd-fc-wpli,gated,cnn,True,finetune,segssl_barlow_all-patient_fc-wpli_finetune_seed13_pre20_proj32_mask0_03_noise0_02_mlp1_0_sup100,True,barlow,fc-wpli,all-patient,True,13,1.0,0.1,32,0.03,0.02
multimodal_psd-fc-wpli_gated_cnn,1,sub05,sub01;sub08;sub09;sub10;sub11;sub13;sub14;sub15;sub16;sub17;sub18;sub20;sub22;sub24;sub27;sub28;sub29,sub07,26,0.4047657549381256,0.8207728862762451,0.002,1e-05,1.0,1.0,False,False,multimodal,psd-fc-wpli,gated,cnn,True,finetune,segssl_barlow_all-patient_fc-wpli_finetune_seed13_pre20_proj32_mask0_03_noise0_02_mlp1_0_sup100,True,barlow,fc-wpli,all-patient,True,13,1.0,0.1,32,0.03,0.02
multimodal_psd-fc-wpli_gated_cnn,1,sub05,sub01;sub08;sub09;sub10;sub11;sub13;sub14;sub15;sub16;sub17;sub18;sub20;sub22;sub24;sub27;sub28;sub29,sub07,27,0.3871973156929016,0.8420789241790771,0.002,1e-05,1.0,1.0,False,False,multimodal,psd-fc-wpli,gated,cnn,True,finetune,segssl_barlow_all-patient_fc-wpli_finetune_seed13_pre20_proj32_mask0_03_noise0_02_mlp1_0_sup100,True,barlow,fc-wpli,all-patient,True,13,1.0,0.1,32,0.03,0.02
multimodal_psd-fc-wpli_gated_cnn,1,sub05,sub01;sub08;sub09;sub10;sub11;sub13;sub14;sub15;sub16;sub17;sub18;sub20;sub22;sub24;sub27;sub28;sub29,sub07,28,0.36916598677635193,0.8592853546142578,0.002,1e-05,1.0,1.0,False,False,multimodal,psd-fc-wpli,gated,cnn,True,finetune,segssl_barlow_all-patient_fc-wpli_finetune_seed13_pre20_proj32_mask0_03_noise0_02_mlp1_0_sup100,True,barlow,fc-wpli,all-patient,True,13,1.0,0.1,32,0.03,0.02
multimodal_psd-fc-wpli_gated_cnn,1,sub05,sub01;sub08;sub09;sub10;sub11;sub13;sub14;sub15;sub16;sub17;sub18;sub20;sub22;sub24;sub27;sub28;sub29,sub07,29,0.35077622532844543,0.8723286390304565,0.002,1e-05,1.0,1.0,False,False,multimodal,psd-fc-wpli,gated,cnn,True,finetune,segssl_barlow_all-patient_fc-wpli_finetune_seed13_pre20_proj32_mask0_03_noise0_02_mlp1_0_sup100,True,barlow,fc-wpli,all-patient,True,13,1.0,0.1,32,0.03,0.02
multimodal_psd-fc-wpli_gated_cnn,1,sub05,sub01;sub08;sub09;sub10;sub11;sub13;sub14;sub15;sub16;sub17;sub18;sub20;sub22;sub24;sub27;sub28;sub29,sub07,30,0.3320908546447754,0.8782709836959839,0.002,1e-05,1.0,1.0,False,False,multimodal,psd-fc-wpli,gated,cnn,True,finetune,segssl_barlow_all-patient_fc-wpli_finetune_seed13_pre20_proj32_mask0_03_noise0_02_mlp1_0_sup100,True,barlow,fc-wpli,all-patient,True,13,1.0,0.1,32,0.03,0.02
multimodal_psd-fc-wpli_gated_cnn,1,sub05,sub01;sub08;sub09;sub10;sub11;sub13;sub14;sub15;sub16;sub17;sub18;sub20;sub22;sub24;sub27;sub28;sub29,sub07,31,0.3144742250442505,0.8685481548309326,0.002,1e-05,1.0,1.0,False,False,multimodal,psd-fc-wpli,gated,cnn,True,finetune,segssl_barlow_all-patient_fc-wpli_finetune_seed13_pre20_proj32_mask0_03_noise0_02_mlp1_0_sup100,True,barlow,fc-wpli,all-patient,True,13,1.0,0.1,32,0.03,0.02
multimodal_psd-fc-wpli_gated_cnn,1,sub05,sub01;sub08;sub09;sub10;sub11;sub13;sub14;sub15;sub16;sub17;sub18;sub20;sub22;sub24;sub27;sub28;sub29,sub07,32,0.2973974347114563,0.8400886058807373,0.002,1e-05,1.0,1.0,False,False,multimodal,psd-fc-wpli,gated,cnn,True,finetune,segssl_barlow_all-patient_fc-wpli_finetune_seed13_pre20_proj32_mask0_03_noise0_02_mlp1_0_sup100,True,barlow,fc-wpli,all-patient,True,13,1.0,0.1,32,0.03,0.02
multimodal_psd-fc-wpli_gated_cnn,1,sub05,sub01;sub08;sub09;sub10;sub11;sub13;sub14;sub15;sub16;sub17;sub18;sub20;sub22;sub24;sub27;sub28;sub29,sub07,33,0.2803429663181305,0.7993050217628479,0.002,1e-05,1.0,1.0,False,False,multimodal,psd-fc-wpli,gated,cnn,True,finetune,segssl_barlow_all-patient_fc-wpli_finetune_seed13_pre20_proj32_mask0_03_noise0_02_mlp1_0_sup100,True,barlow,fc-wpli,all-patient,True,13,1.0,0.1,32,0.03,0.02
multimodal_psd-fc-wpli_gated_cnn,1,sub05,sub01;sub08;sub09;sub10;sub11;sub13;sub14;sub15;sub16;sub17;sub18;sub20;sub22;sub24;sub27;sub28;sub29,sub07,34,0.2631421983242035,0.7510019540786743,0.002,1e-05,1.0,1.0,False,False,multimodal,psd-fc-wpli,gated,cnn,True,finetune,segssl_barlow_all-patient_fc-wpli_finetune_seed13_pre20_proj32_mask0_03_noise0_02_mlp1_0_sup100,True,barlow,fc-wpli,all-patient,True,13,1.0,0.1,32,0.03,0.02
multimodal_psd-fc-wpli_gated_cnn,1,sub05,sub01;sub08;sub09;sub10;sub11;sub13;sub14;sub15;sub16;sub17;sub18;sub20;sub22;sub24;sub27;sub28;sub29,sub07,35,0.24646927416324615,0.7007951140403748,0.002,1e-05,1.0,1.0,True,False,multimodal,psd-fc-wpli,gated,cnn,True,finetune,segssl_barlow_all-patient_fc-wpli_finetune_seed13_pre20_proj32_mask0_03_noise0_02_mlp1_0_sup100,True,barlow,fc-wpli,all-patient,True,13,1.0,0.1,32,0.03,0.02
multimodal_psd-fc-wpli_gated_cnn,1,sub05,sub01;sub08;sub09;sub10;sub11;sub13;sub14;sub15;sub16;sub17;sub18;sub20;sub22;sub24;sub27;sub28;sub29,sub07,36,0.23061148822307587,0.6550260186195374,0.002,1e-05,1.0,1.0,True,False,multimodal,psd-fc-wpli,gated,cnn,True,finetune,segssl_barlow_all-patient_fc-wpli_finetune_seed13_pre20_proj32_mask0_03_noise0_02_mlp1_0_sup100,True,barlow,fc-wpli,all-patient,True,13,1.0,0.1,32,0.03,0.02
multimodal_psd-fc-wpli_gated_cnn,1,sub05,sub01;sub08;sub09;sub10;sub11;sub13;sub14;sub15;sub16;sub17;sub18;sub20;sub22;sub24;sub27;sub28;sub29,sub07,37,0.21536681056022644,0.613621711730957,0.002,1e-05,1.0,1.0,True,False,multimodal,psd-fc-wpli,gated,cnn,True,finetune,segssl_barlow_all-patient_fc-wpli_finetune_seed13_pre20_proj32_mask0_03_noise0_02_mlp1_0_sup100,True,barlow,fc-wpli,all-patient,True,13,1.0,0.1,32,0.03,0.02
multimodal_psd-fc-wpli_gated_cnn,1,sub05,sub01;sub08;sub09;sub10;sub11;sub13;sub14;sub15;sub16;sub17;sub18;sub20;sub22;sub24;sub27;sub28;sub29,sub07,38,0.200211301445961,0.5776137709617615,0.002,1e-05,1.0,1.0,True,False,multimodal,psd-fc-wpli,gated,cnn,True,finetune,segssl_barlow_all-patient_fc-wpli_finetune_seed13_pre20_proj32_mask0_03_noise0_02_mlp1_0_sup100,True,barlow,fc-wpli,all-patient,True,13,1.0,0.1,32,0.03,0.02
multimodal_psd-fc-wpli_gated_cnn,1,sub05,sub01;sub08;sub09;sub10;sub11;sub13;sub14;sub15;sub16;sub17;sub18;sub20;sub22;sub24;sub27;sub28;sub29,sub07,39,0.18507978320121765,0.5362905263900757,0.002,1e-05,1.0,1.0,True,False,multimodal,psd-fc-wpli,gated,cnn,True,finetune,segssl_barlow_all-patient_fc-wpli_finetune_seed13_pre20_proj32_mask0_03_noise0_02_mlp1_0_sup100,True,barlow,fc-wpli,all-patient,True,13,1.0,0.1,32,0.03,0.02
multimodal_psd-fc-wpli_gated_cnn,1,sub05,sub01;sub08;sub09;sub10;sub11;sub13;sub14;sub15;sub16;sub17;sub18;sub20;sub22;sub24;sub27;sub28;sub29,sub07,40,0.17054703831672668,0.4920037090778351,0.002,1e-05,1.0,1.0,True,False,multimodal,psd-fc-wpli,gated,cnn,True,finetune,segssl_barlow_all-patient_fc-wpli_finetune_seed13_pre20_proj32_mask0_03_noise0_02_mlp1_0_sup100,True,barlow,fc-wpli,all-patient,True,13,1.0,0.1,32,0.03,0.02
multimodal_psd-fc-wpli_gated_cnn,1,sub05,sub01;sub08;sub09;sub10;sub11;sub13;sub14;sub15;sub16;sub17;sub18;sub20;sub22;sub24;sub27;sub28;sub29,sub07,41,0.15671886503696442,0.4446585476398468,0.002,1e-05,1.0,1.0,True,False,multimodal,psd-fc-wpli,gated,cnn,True,finetune,segssl_barlow_all-patient_fc-wpli_finetune_seed13_pre20_proj32_mask0_03_noise0_02_mlp1_0_sup100,True,barlow,fc-wpli,all-patient,True,13,1.0,0.1,32,0.03,0.02
multimodal_psd-fc-wpli_gated_cnn,1,sub05,sub01;sub08;sub09;sub10;sub11;sub13;sub14;sub15;sub16;sub17;sub18;sub20;sub22;sub24;sub27;sub28;sub29,sub07,42,0.1431737095117569,0.39898520708084106,0.002,1e-05,1.0,1.0,True,False,multimodal,psd-fc-wpli,gated,cnn,True,finetune,segssl_barlow_all-patient_fc-wpli_finetune_seed13_pre20_proj32_mask0_03_noise0_02_mlp1_0_sup100,True,barlow,fc-wpli,all-patient,True,13,1.0,0.1,32,0.03,0.02
multimodal_psd-fc-wpli_gated_cnn,1,sub05,sub01;sub08;sub09;sub10;sub11;sub13;sub14;sub15;sub16;sub17;sub18;sub20;sub22;sub24;sub27;sub28;sub29,sub07,43,0.12974627315998077,0.35159826278686523,0.002,1e-05,1.0,1.0,True,False,multimodal,psd-fc-wpli,gated,cnn,True,finetune,segssl_barlow_all-patient_fc-wpli_finetune_seed13_pre20_proj32_mask0_03_noise0_02_mlp1_0_sup100,True,barlow,fc-wpli,all-patient,True,13,1.0,0.1,32,0.03,0.02
multimodal_psd-fc-wpli_gated_cnn,1,sub05,sub01;sub08;sub09;sub10;sub11;sub13;sub14;sub15;sub16;sub17;sub18;sub20;sub22;sub24;sub27;sub28;sub29,sub07,44,0.11635138094425201,0.3078031539916992,0.002,1e-05,1.0,1.0,True,False,multimodal,psd-fc-wpli,gated,cnn,True,finetune,segssl_barlow_all-patient_fc-wpli_finetune_seed13_pre20_proj32_mask0_03_noise0_02_mlp1_0_sup100,True,barlow,fc-wpli,all-patient,True,13,1.0,0.1,32,0.03,0.02
multimodal_psd-fc-wpli_gated_cnn,1,sub05,sub01;sub08;sub09;sub10;sub11;sub13;sub14;sub15;sub16;sub17;sub18;sub20;sub22;sub24;sub27;sub28;sub29,sub07,45,0.10331816226243973,0.2656862139701843,0.002,1e-05,1.0,1.0,True,False,multimodal,psd-fc-wpli,gated,cnn,True,finetune,segssl_barlow_all-patient_fc-wpli_finetune_seed13_pre20_proj32_mask0_03_noise0_02_mlp1_0_sup100,True,barlow,fc-wpli,all-patient,True,13,1.0,0.1,32,0.03,0.02
multimodal_psd-fc-wpli_gated_cnn,1,sub05,sub01;sub08;sub09;sub10;sub11;sub13;sub14;sub15;sub16;sub17;sub18;sub20;sub22;sub24;sub27;sub28;sub29,sub07,46,0.09077157825231552,0.22536826133728027,0.002,1e-05,1.0,1.0,True,False,multimodal,psd-fc-wpli,gated,cnn,True,finetune,segssl_barlow_all-patient_fc-wpli_finetune_seed13_pre20_proj32_mask0_03_noise0_02_mlp1_0_sup100,True,barlow,fc-wpli,all-patient,True,13,1.0,0.1,32,0.03,0.02
multimodal_psd-fc-wpli_gated_cnn,1,sub05,sub01;sub08;sub09;sub10;sub11;sub13;sub14;sub15;sub16;sub17;sub18;sub20;sub22;sub24;sub27;sub28;sub29,sub07,47,0.07884273678064346,0.1883658617734909,0.002,1e-05,1.0,1.0,True,False,multimodal,psd-fc-wpli,gated,cnn,True,finetune,segssl_barlow_all-patient_fc-wpli_finetune_seed13_pre20_proj32_mask0_03_noise0_02_mlp1_0_sup100,True,barlow,fc-wpli,all-patient,True,13,1.0,0.1,32,0.03,0.02
multimodal_psd-fc-wpli_gated_cnn,1,sub05,sub01;sub08;sub09;sub10;sub11;sub13;sub14;sub15;sub16;sub17;sub18;sub20;sub22;sub24;sub27;sub28;sub29,sub07,48,0.06763625890016556,0.15534713864326477,0.002,1e-05,1.0,1.0,True,False,multimodal,psd-fc-wpli,gated,cnn,True,finetune,segssl_barlow_all-patient_fc-wpli_finetune_seed13_pre20_proj32_mask0_03_noise0_02_mlp1_0_sup100,True,barlow,fc-wpli,all-patient,True,13,1.0,0.1,32,0.03,0.02
multimodal_psd-fc-wpli_gated_cnn,1,sub05,sub01;sub08;sub09;sub10;sub11;sub13;sub14;sub15;sub16;sub17;sub18;sub20;sub22;sub24;sub27;sub28;sub29,sub07,49,0.05751514434814453,0.12584011256694794,0.002,1e-05,1.0,1.0,True,False,multimodal,psd-fc-wpli,gated,cnn,True,finetune,segssl_barlow_all-patient_fc-wpli_finetune_seed13_pre20_proj32_mask0_03_noise0_02_mlp1_0_sup100,True,barlow,fc-wpli,all-patient,True,13,1.0,0.1,32,0.03,0.02
multimodal_psd-fc-wpli_gated_cnn,1,sub05,sub01;sub08;sub09;sub10;sub11;sub13;sub14;sub15;sub16;sub17;sub18;sub20;sub22;sub24;sub27;sub28;sub29,sub07,50,0.048617083579301834,0.10110808908939362,0.002,1e-05,1.0,1.0,True,False,multimodal,psd-fc-wpli,gated,cnn,True,finetune,segssl_barlow_all-patient_fc-wpli_finetune_seed13_pre20_proj32_mask0_03_noise0_02_mlp1_0_sup100,True,barlow,fc-wpli,all-patient,True,13,1.0,0.1,32,0.03,0.02
multimodal_psd-fc-wpli_gated_cnn,1,sub05,sub01;sub08;sub09;sub10;sub11;sub13;sub14;sub15;sub16;sub17;sub18;sub20;sub22;sub24;sub27;sub28;sub29,sub07,51,0.0409134216606617,0.08185774087905884,0.002,1e-05,1.0,1.0,True,False,multimodal,psd-fc-wpli,gated,cnn,True,finetune,segssl_barlow_all-patient_fc-wpli_finetune_seed13_pre20_proj32_mask0_03_noise0_02_mlp1_0_sup100,True,barlow,fc-wpli,all-patient,True,13,1.0,0.1,32,0.03,0.02
multimodal_psd-fc-wpli_gated_cnn,1,sub05,sub01;sub08;sub09;sub10;sub11;sub13;sub14;sub15;sub16;sub17;sub18;sub20;sub22;sub24;sub27;sub28;sub29,sub07,52,0.034257207065820694,0.06532513350248337,0.002,1e-05,1.0,1.0,True,False,multimodal,psd-fc-wpli,gated,cnn,True,finetune,segssl_barlow_all-patient_fc-wpli_finetune_seed13_pre20_proj32_mask0_03_noise0_02_mlp1_0_sup100,True,barlow,fc-wpli,all-patient,True,13,1.0,0.1,32,0.03,0.02
multimodal_psd-fc-wpli_gated_cnn,1,sub05,sub01;sub08;sub09;sub10;sub11;sub13;sub14;sub15;sub16;sub17;sub18;sub20;sub22;sub24;sub27;sub28;sub29,sub07,53,0.028578273952007294,0.05163414403796196,0.002,1e-05,1.0,1.0,True,False,multimodal,psd-fc-wpli,gated,cnn,True,finetune,segssl_barlow_all-patient_fc-wpli_finetune_seed13_pre20_proj32_mask0_03_noise0_02_mlp1_0_sup100,True,barlow,fc-wpli,all-patient,True,13,1.0,0.1,32,0.03,0.02
multimodal_psd-fc-wpli_gated_cnn,1,sub05,sub01;sub08;sub09;sub10;sub11;sub13;sub14;sub15;sub16;sub17;sub18;sub20;sub22;sub24;sub27;sub28;sub29,sub07,54,0.02382695861160755,0.04057198017835617,0.002,1e-05,1.0,1.0,True,False,multimodal,psd-fc-wpli,gated,cnn,True,finetune,segssl_barlow_all-patient_fc-wpli_finetune_seed13_pre20_proj32_mask0_03_noise0_02_mlp1_0_sup100,True,barlow,fc-wpli,all-patient,True,13,1.0,0.1,32,0.03,0.02
multimodal_psd-fc-wpli_gated_cnn,1,sub05,sub01;sub08;sub09;sub10;sub11;sub13;sub14;sub15;sub16;sub17;sub18;sub20;sub22;sub24;sub27;sub28;sub29,sub07,55,0.019931085407733917,0.03173999860882759,0.002,1e-05,1.0,1.0,True,False,multimodal,psd-fc-wpli,gated,cnn,True,finetune,segssl_barlow_all-patient_fc-wpli_finetune_seed13_pre20_proj32_mask0_03_noise0_02_mlp1_0_sup100,True,barlow,fc-wpli,all-patient,True,13,1.0,0.1,32,0.03,0.02
multimodal_psd-fc-wpli_gated_cnn,1,sub05,sub01;sub08;sub09;sub10;sub11;sub13;sub14;sub15;sub16;sub17;sub18;sub20;sub22;sub24;sub27;sub28;sub29,sub07,56,0.016733765602111816,0.024868307635188103,0.002,1e-05,1.0,1.0,True,False,multimodal,psd-fc-wpli,gated,cnn,True,finetune,segssl_barlow_all-patient_fc-wpli_finetune_seed13_pre20_proj32_mask0_03_noise0_02_mlp1_0_sup100,True,barlow,fc-wpli,all-patient,True,13,1.0,0.1,32,0.03,0.02
multimodal_psd-fc-wpli_gated_cnn,1,sub05,sub01;sub08;sub09;sub10;sub11;sub13;sub14;sub15;sub16;sub17;sub18;sub20;sub22;sub24;sub27;sub28;sub29,sub07,57,0.01410312857478857,0.019583845511078835,0.002,1e-05,1.0,1.0,True,False,multimodal,psd-fc-wpli,gated,cnn,True,finetune,segssl_barlow_all-patient_fc-wpli_finetune_seed13_pre20_proj32_mask0_03_noise0_02_mlp1_0_sup100,True,barlow,fc-wpli,all-patient,True,13,1.0,0.1,32,0.03,0.02
multimodal_psd-fc-wpli_gated_cnn,1,sub05,sub01;sub08;sub09;sub10;sub11;sub13;sub14;sub15;sub16;sub17;sub18;sub20;sub22;sub24;sub27;sub28;sub29,sub07,58,0.011925731785595417,0.015533990226686,0.002,1e-05,1.0,1.0,True,False,multimodal,psd-fc-wpli,gated,cnn,True,finetune,segssl_barlow_all-patient_fc-wpli_finetune_seed13_pre20_proj32_mask0_03_noise0_02_mlp1_0_sup100,True,barlow,fc-wpli,all-patient,True,13,1.0,0.1,32,0.03,0.02
multimodal_psd-fc-wpli_gated_cnn,1,sub05,sub01;sub08;sub09;sub10;sub11;sub13;sub14;sub15;sub16;sub17;sub18;sub20;sub22;sub24;sub27;sub28;sub29,sub07,59,0.010120519436895847,0.012404130771756172,0.002,1e-05,1.0,1.0,True,False,multimodal,psd-fc-wpli,gated,cnn,True,finetune,segssl_barlow_all-patient_fc-wpli_finetune_seed13_pre20_proj32_mask0_03_noise0_02_mlp1_0_sup100,True,barlow,fc-wpli,all-patient,True,13,1.0,0.1,32,0.03,0.02
multimodal_psd-fc-wpli_gated_cnn,1,sub05,sub01;sub08;sub09;sub10;sub11;sub13;sub14;sub15;sub16;sub17;sub18;sub20;sub22;sub24;sub27;sub28;sub29,sub07,60,0.008619180880486965,0.00999648217111826,0.002,1e-05,1.0,1.0,True,False,multimodal,psd-fc-wpli,gated,cnn,True,finetune,segssl_barlow_all-patient_fc-wpli_finetune_seed13_pre20_proj32_mask0_03_noise0_02_mlp1_0_sup100,True,barlow,fc-wpli,all-patient,True,13,1.0,0.1,32,0.03,0.02
multimodal_psd-fc-wpli_gated_cnn,1,sub05,sub01;sub08;sub09;sub10;sub11;sub13;sub14;sub15;sub16;sub17;sub18;sub20;sub22;sub24;sub27;sub28;sub29,sub07,61,0.0073682814836502075,0.008139783516526222,0.002,1e-05,1.0,1.0,True,False,multimodal,psd-fc-wpli,gated,cnn,True,finetune,segssl_barlow_all-patient_fc-wpli_finetune_seed13_pre20_proj32_mask0_03_noise0_02_mlp1_0_sup100,True,barlow,fc-wpli,all-patient,True,13,1.0,0.1,32,0.03,0.02
multimodal_psd-fc-wpli_gated_cnn,1,sub05,sub01;sub08;sub09;sub10;sub11;sub13;sub14;sub15;sub16;sub17;sub18;sub20;sub22;sub24;sub27;sub28;sub29,sub07,62,0.006321234628558159,0.006692507769912481,0.002,1e-05,1.0,1.0,True,False,multimodal,psd-fc-wpli,gated,cnn,True,finetune,segssl_barlow_all-patient_fc-wpli_finetune_seed13_pre20_proj32_mask0_03_noise0_02_mlp1_0_sup100,True,barlow,fc-wpli,all-patient,True,13,1.0,0.1,32,0.03,0.02
multimodal_psd-fc-wpli_gated_cnn,1,sub05,sub01;sub08;sub09;sub10;sub11;sub13;sub14;sub15;sub16;sub17;sub18;sub20;sub22;sub24;sub27;sub28;sub29,sub07,63,0.005440664477646351,0.005554622504860163,0.002,1e-05,1.0,1.0,True,False,multimodal,psd-fc-wpli,gated,cnn,True,finetune,segssl_barlow_all-patient_fc-wpli_finetune_seed13_pre20_proj32_mask0_03_noise0_02_mlp1_0_sup100,True,barlow,fc-wpli,all-patient,True,13,1.0,0.1,32,0.03,0.02
multimodal_psd-fc-wpli_gated_cnn,1,sub05,sub01;sub08;sub09;sub10;sub11;sub13;sub14;sub15;sub16;sub17;sub18;sub20;sub22;sub24;sub27;sub28;sub29,sub07,64,0.004705832339823246,0.0046502891927957535,0.002,1e-05,1.0,1.0,True,False,multimodal,psd-fc-wpli,gated,cnn,True,finetune,segssl_barlow_all-patient_fc-wpli_finetune_seed13_pre20_proj32_mask0_03_noise0_02_mlp1_0_sup100,True,barlow,fc-wpli,all-patient,True,13,1.0,0.1,32,0.03,0.02
multimodal_psd-fc-wpli_gated_cnn,1,sub05,sub01;sub08;sub09;sub10;sub11;sub13;sub14;sub15;sub16;sub17;sub18;sub20;sub22;sub24;sub27;sub28;sub29,sub07,65,0.0040885224007070065,0.003922905772924423,0.002,1e-05,1.0,1.0,True,False,multimodal,psd-fc-wpli,gated,cnn,True,finetune,segssl_barlow_all-patient_fc-wpli_finetune_seed13_pre20_proj32_mask0_03_noise0_02_mlp1_0_sup100,True,barlow,fc-wpli,all-patient,True,13,1.0,0.1,32,0.03,0.02
multimodal_psd-fc-wpli_gated_cnn,1,sub05,sub01;sub08;sub09;sub10;sub11;sub13;sub14;sub15;sub16;sub17;sub18;sub20;sub22;sub24;sub27;sub28;sub29,sub07,66,0.003568335436284542,0.003333228174597025,0.002,1e-05,1.0,1.0,True,False,multimodal,psd-fc-wpli,gated,cnn,True,finetune,segssl_barlow_all-patient_fc-wpli_finetune_seed13_pre20_proj32_mask0_03_noise0_02_mlp1_0_sup100,True,barlow,fc-wpli,all-patient,True,13,1.0,0.1,32,0.03,0.02
multimodal_psd-fc-wpli_gated_cnn,1,sub05,sub01;sub08;sub09;sub10;sub11;sub13;sub14;sub15;sub16;sub17;sub18;sub20;sub22;sub24;sub27;sub28;sub29,sub07,67,0.00312936888076365,0.0028515877202153206,0.002,1e-05,1.0,1.0,True,False,multimodal,psd-fc-wpli,gated,cnn,True,finetune,segssl_barlow_all-patient_fc-wpli_finetune_seed13_pre20_proj32_mask0_03_noise0_02_mlp1_0_sup100,True,barlow,fc-wpli,all-patient,True,13,1.0,0.1,32,0.03,0.02
multimodal_psd-fc-wpli_gated_cnn,1,sub05,sub01;sub08;sub09;sub10;sub11;sub13;sub14;sub15;sub16;sub17;sub18;sub20;sub22;sub24;sub27;sub28;sub29,sub07,68,0.0027580338064581156,0.002451574895530939,0.002,1e-05,1.0,1.0,True,False,multimodal,psd-fc-wpli,gated,cnn,True,finetune,segssl_barlow_all-patient_fc-wpli_finetune_seed13_pre20_proj32_mask0_03_noise0_02_mlp1_0_sup100,True,barlow,fc-wpli,all-patient,True,13,1.0,0.1,32,0.03,0.02
multimodal_psd-fc-wpli_gated_cnn,1,sub05,sub01;sub08;sub09;sub10;sub11;sub13;sub14;sub15;sub16;sub17;sub18;sub20;sub22;sub24;sub27;sub28;sub29,sub07,69,0.00244412524625659,0.002116635674610734,0.002,1e-05,1.0,1.0,True,False,multimodal,psd-fc-wpli,gated,cnn,True,finetune,segssl_barlow_all-patient_fc-wpli_finetune_seed13_pre20_proj32_mask0_03_noise0_02_mlp1_0_sup100,True,barlow,fc-wpli,all-patient,True,13,1.0,0.1,32,0.03,0.02
multimodal_psd-fc-wpli_gated_cnn,1,sub05,sub01;sub08;sub09;sub10;sub11;sub13;sub14;sub15;sub16;sub17;sub18;sub20;sub22;sub24;sub27;sub28;sub29,sub07,70,0.002177184447646141,0.0018416143720969558,0.002,1e-05,1.0,1.0,True,False,multimodal,psd-fc-wpli,gated,cnn,True,finetune,segssl_barlow_all-patient_fc-wpli_finetune_seed13_pre20_proj32_mask0_03_noise0_02_mlp1_0_sup100,True,barlow,fc-wpli,all-patient,True,13,1.0,0.1,32,0.03,0.02
multimodal_psd-fc-wpli_gated_cnn,1,sub05,sub01;sub08;sub09;sub10;sub11;sub13;sub14;sub15;sub16;sub17;sub18;sub20;sub22;sub24;sub27;sub28;sub29,sub07,71,0.0019487320678308606,0.0016144899418577552,0.002,1e-05,1.0,1.0,True,False,multimodal,psd-fc-wpli,gated,cnn,True,finetune,segssl_barlow_all-patient_fc-wpli_finetune_seed13_pre20_proj32_mask0_03_noise0_02_mlp1_0_sup100,True,barlow,fc-wpli,all-patient,True,13,1.0,0.1,32,0.03,0.02
multimodal_psd-fc-wpli_gated_cnn,1,sub05,sub01;sub08;sub09;sub10;sub11;sub13;sub14;sub15;sub16;sub17;sub18;sub20;sub22;sub24;sub27;sub28;sub29,sub07,72,0.0017528166063129902,0.0014233362162485719,0.002,1e-05,1.0,1.0,True,False,multimodal,psd-fc-wpli,gated,cnn,True,finetune,segssl_barlow_all-patient_fc-wpli_finetune_seed13_pre20_proj32_mask0_03_noise0_02_mlp1_0_sup100,True,barlow,fc-wpli,all-patient,True,13,1.0,0.1,32,0.03,0.02
multimodal_psd-fc-wpli_gated_cnn,1,sub05,sub01;sub08;sub09;sub10;sub11;sub13;sub14;sub15;sub16;sub17;sub18;sub20;sub22;sub24;sub27;sub28;sub29,sub07,73,0.001583516364917159,0.0012614623410627246,0.002,1e-05,1.0,1.0,True,False,multimodal,psd-fc-wpli,gated,cnn,True,finetune,segssl_barlow_all-patient_fc-wpli_finetune_seed13_pre20_proj32_mask0_03_noise0_02_mlp1_0_sup100,True,barlow,fc-wpli,all-patient,True,13,1.0,0.1,32,0.03,0.02
multimodal_psd-fc-wpli_gated_cnn,1,sub05,sub01;sub08;sub09;sub10;sub11;sub13;sub14;sub15;sub16;sub17;sub18;sub20;sub22;sub24;sub27;sub28;sub29,sub07,74,0.0014365207171067595,0.0011236733989790082,0.002,1e-05,1.0,1.0,True,False,multimodal,psd-fc-wpli,gated,cnn,True,finetune,segssl_barlow_all-patient_fc-wpli_finetune_seed13_pre20_proj32_mask0_03_noise0_02_mlp1_0_sup100,True,barlow,fc-wpli,all-patient,True,13,1.0,0.1,32,0.03,0.02
multimodal_psd-fc-wpli_gated_cnn,1,sub05,sub01;sub08;sub09;sub10;sub11;sub13;sub14;sub15;sub16;sub17;sub18;sub20;sub22;sub24;sub27;sub28;sub29,sub07,75,0.0013084032107144594,0.0010056823957711458,0.002,1e-05,1.0,1.0,True,False,multimodal,psd-fc-wpli,gated,cnn,True,finetune,segssl_barlow_all-patient_fc-wpli_finetune_seed13_pre20_proj32_mask0_03_noise0_02_mlp1_0_sup100,True,barlow,fc-wpli,all-patient,True,13,1.0,0.1,32,0.03,0.02
multimodal_psd-fc-wpli_gated_cnn,1,sub05,sub01;sub08;sub09;sub10;sub11;sub13;sub14;sub15;sub16;sub17;sub18;sub20;sub22;sub24;sub27;sub28;sub29,sub07,76,0.0011962507851421833,0.0009040976874530315,0.002,1e-05,1.0,1.0,True,False,multimodal,psd-fc-wpli,gated,cnn,True,finetune,segssl_barlow_all-patient_fc-wpli_finetune_seed13_pre20_proj32_mask0_03_noise0_02_mlp1_0_sup100,True,barlow,fc-wpli,all-patient,True,13,1.0,0.1,32,0.03,0.02
multimodal_psd-fc-wpli_gated_cnn,1,sub05,sub01;sub08;sub09;sub10;sub11;sub13;sub14;sub15;sub16;sub17;sub18;sub20;sub22;sub24;sub27;sub28;sub29,sub07,77,0.0010977141791954637,0.0008166034240275621,0.002,1e-05,1.0,1.0,True,False,multimodal,psd-fc-wpli,gated,cnn,True,finetune,segssl_barlow_all-patient_fc-wpli_finetune_seed13_pre20_proj32_mask0_03_noise0_02_mlp1_0_sup100,True,barlow,fc-wpli,all-patient,True,13,1.0,0.1,32,0.03,0.02
multimodal_psd-fc-wpli_gated_cnn,1,sub05,sub01;sub08;sub09;sub10;sub11;sub13;sub14;sub15;sub16;sub17;sub18;sub20;sub22;sub24;sub27;sub28;sub29,sub07,78,0.001010729232802987,0.0007407068624161184,0.002,1e-05,1.0,1.0,True,False,multimodal,psd-fc-wpli,gated,cnn,True,finetune,segssl_barlow_all-patient_fc-wpli_finetune_seed13_pre20_proj32_mask0_03_noise0_02_mlp1_0_sup100,True,barlow,fc-wpli,all-patient,True,13,1.0,0.1,32,0.03,0.02
multimodal_psd-fc-wpli_gated_cnn,1,sub05,sub01;sub08;sub09;sub10;sub11;sub13;sub14;sub15;sub16;sub17;sub18;sub20;sub22;sub24;sub27;sub28;sub29,sub07,79,0.0009338731761090457,0.0006745783030055463,0.002,1e-05,1.0,1.0,True,False,multimodal,psd-fc-wpli,gated,cnn,True,finetune,segssl_barlow_all-patient_fc-wpli_finetune_seed13_pre20_proj32_mask0_03_noise0_02_mlp1_0_sup100,True,barlow,fc-wpli,all-patient,True,13,1.0,0.1,32,0.03,0.02
multimodal_psd-fc-wpli_gated_cnn,1,sub05,sub01;sub08;sub09;sub10;sub11;sub13;sub14;sub15;sub16;sub17;sub18;sub20;sub22;sub24;sub27;sub28;sub29,sub07,80,0.0008651668904349208,0.0006167358951643109,0.002,1e-05,1.0,1.0,True,False,multimodal,psd-fc-wpli,gated,cnn,True,finetune,segssl_barlow_all-patient_fc-wpli_finetune_seed13_pre20_proj32_mask0_03_noise0_02_mlp1_0_sup100,True,barlow,fc-wpli,all-patient,True,13,1.0,0.1,32,0.03,0.02
multimodal_psd-fc-wpli_gated_cnn,1,sub05,sub01;sub08;sub09;sub10;sub11;sub13;sub14;sub15;sub16;sub17;sub18;sub20;sub22;sub24;sub27;sub28;sub29,sub07,81,0.0008034897036850452,0.0005658961017616093,0.002,1e-05,1.0,1.0,True,False,multimodal,psd-fc-wpli,gated,cnn,True,finetune,segssl_barlow_all-patient_fc-wpli_finetune_seed13_pre20_proj32_mask0_03_noise0_02_mlp1_0_sup100,True,barlow,fc-wpli,all-patient,True,13,1.0,0.1,32,0.03,0.02
multimodal_psd-fc-wpli_gated_cnn,1,sub05,sub01;sub08;sub09;sub10;sub11;sub13;sub14;sub15;sub16;sub17;sub18;sub20;sub22;sub24;sub27;sub28;sub29,sub07,82,0.000748168327845633,0.0005210172384977341,0.002,1e-05,1.0,1.0,True,False,multimodal,psd-fc-wpli,gated,cnn,True,finetune,segssl_barlow_all-patient_fc-wpli_finetune_seed13_pre20_proj32_mask0_03_noise0_02_mlp1_0_sup100,True,barlow,fc-wpli,all-patient,True,13,1.0,0.1,32,0.03,0.02
multimodal_psd-fc-wpli_gated_cnn,1,sub05,sub01;sub08;sub09;sub10;sub11;sub13;sub14;sub15;sub16;sub17;sub18;sub20;sub22;sub24;sub27;sub28;sub29,sub07,83,0.0006982960621826351,0.00048132590018212795,0.002,1e-05,1.0,1.0,True,False,multimodal,psd-fc-wpli,gated,cnn,True,finetune,segssl_barlow_all-patient_fc-wpli_finetune_seed13_pre20_proj32_mask0_03_noise0_02_mlp1_0_sup100,True,barlow,fc-wpli,all-patient,True,13,1.0,0.1,32,0.03,0.02
multimodal_psd-fc-wpli_gated_cnn,1,sub05,sub01;sub08;sub09;sub10;sub11;sub13;sub14;sub15;sub16;sub17;sub18;sub20;sub22;sub24;sub27;sub28;sub29,sub07,84,0.0006531073013320565,0.0004460556956473738,0.002,1e-05,1.0,1.0,True,False,multimodal,psd-fc-wpli,gated,cnn,True,finetune,segssl_barlow_all-patient_fc-wpli_finetune_seed13_pre20_proj32_mask0_03_noise0_02_mlp1_0_sup100,True,barlow,fc-wpli,all-patient,True,13,1.0,0.1,32,0.03,0.02
multimodal_psd-fc-wpli_gated_cnn,1,sub05,sub01;sub08;sub09;sub10;sub11;sub13;sub14;sub15;sub16;sub17;sub18;sub20;sub22;sub24;sub27;sub28;sub29,sub07,85,0.000612039992120117,0.0004145655839238316,0.002,1e-05,1.0,1.0,True,False,multimodal,psd-fc-wpli,gated,cnn,True,finetune,segssl_barlow_all-patient_fc-wpli_finetune_seed13_pre20_proj32_mask0_03_noise0_02_mlp1_0_sup100,True,barlow,fc-wpli,all-patient,True,13,1.0,0.1,32,0.03,0.02
multimodal_psd-fc-wpli_gated_cnn,1,sub05,sub01;sub08;sub09;sub10;sub11;sub13;sub14;sub15;sub16;sub17;sub18;sub20;sub22;sub24;sub27;sub28;sub29,sub07,86,0.0005746642709709704,0.00038634566590189934,0.002,1e-05,1.0,1.0,True,False,multimodal,psd-fc-wpli,gated,cnn,True,finetune,segssl_barlow_all-patient_fc-wpli_finetune_seed13_pre20_proj32_mask0_03_noise0_02_mlp1_0_sup100,True,barlow,fc-wpli,all-patient,True,13,1.0,0.1,32,0.03,0.02
multimodal_psd-fc-wpli_gated_cnn,1,sub05,sub01;sub08;sub09;sub10;sub11;sub13;sub14;sub15;sub16;sub17;sub18;sub20;sub22;sub24;sub27;sub28;sub29,sub07,87,0.0005404231487773359,0.00036094506504014134,0.002,1e-05,1.0,1.0,True,False,multimodal,psd-fc-wpli,gated,cnn,True,finetune,segssl_barlow_all-patient_fc-wpli_finetune_seed13_pre20_proj32_mask0_03_noise0_02_mlp1_0_sup100,True,barlow,fc-wpli,all-patient,True,13,1.0,0.1,32,0.03,0.02
multimodal_psd-fc-wpli_gated_cnn,1,sub05,sub01;sub08;sub09;sub10;sub11;sub13;sub14;sub15;sub16;sub17;sub18;sub20;sub22;sub24;sub27;sub28;sub29,sub07,88,0.0005091489292681217,0.00033799977973103523,0.002,1e-05,1.0,1.0,True,False,multimodal,psd-fc-wpli,gated,cnn,True,finetune,segssl_barlow_all-patient_fc-wpli_finetune_seed13_pre20_proj32_mask0_03_noise0_02_mlp1_0_sup100,True,barlow,fc-wpli,all-patient,True,13,1.0,0.1,32,0.03,0.02
multimodal_psd-fc-wpli_gated_cnn,1,sub05,sub01;sub08;sub09;sub10;sub11;sub13;sub14;sub15;sub16;sub17;sub18;sub20;sub22;sub24;sub27;sub28;sub29,sub07,89,0.0004804646014235914,0.0003172190336044878,0.002,1e-05,1.0,1.0,True,False,multimodal,psd-fc-wpli,gated,cnn,True,finetune,segssl_barlow_all-patient_fc-wpli_finetune_seed13_pre20_proj32_mask0_03_noise0_02_mlp1_0_sup100,True,barlow,fc-wpli,all-patient,True,13,1.0,0.1,32,0.03,0.02
multimodal_psd-fc-wpli_gated_cnn,1,sub05,sub01;sub08;sub09;sub10;sub11;sub13;sub14;sub15;sub16;sub17;sub18;sub20;sub22;sub24;sub27;sub28;sub29,sub07,90,0.0004540898953564465,0.00029836565954610705,0.002,1e-05,1.0,1.0,True,False,multimodal,psd-fc-wpli,gated,cnn,True,finetune,segssl_barlow_all-patient_fc-wpli_finetune_seed13_pre20_proj32_mask0_03_noise0_02_mlp1_0_sup100,True,barlow,fc-wpli,all-patient,True,13,1.0,0.1,32,0.03,0.02
multimodal_psd-fc-wpli_gated_cnn,1,sub05,sub01;sub08;sub09;sub10;sub11;sub13;sub14;sub15;sub16;sub17;sub18;sub20;sub22;sub24;sub27;sub28;sub29,sub07,91,0.00042975705582648516,0.00028116966132074594,0.002,1e-05,1.0,1.0,True,False,multimodal,psd-fc-wpli,gated,cnn,True,finetune,segssl_barlow_all-patient_fc-wpli_finetune_seed13_pre20_proj32_mask0_03_noise0_02_mlp1_0_sup100,True,barlow,fc-wpli,all-patient,True,13,1.0,0.1,32,0.03,0.02
multimodal_psd-fc-wpli_gated_cnn,1,sub05,sub01;sub08;sub09;sub10;sub11;sub13;sub14;sub15;sub16;sub17;sub18;sub20;sub22;sub24;sub27;sub28;sub29,sub07,92,0.00040728578460402787,0.0002654737327247858,0.002,1e-05,1.0,1.0,True,False,multimodal,psd-fc-wpli,gated,cnn,True,finetune,segssl_barlow_all-patient_fc-wpli_finetune_seed13_pre20_proj32_mask0_03_noise0_02_mlp1_0_sup100,True,barlow,fc-wpli,all-patient,True,13,1.0,0.1,32,0.03,0.02
multimodal_psd-fc-wpli_gated_cnn,1,sub05,sub01;sub08;sub09;sub10;sub11;sub13;sub14;sub15;sub16;sub17;sub18;sub20;sub22;sub24;sub27;sub28;sub29,sub07,93,0.00038643975858576596,0.0002510820922907442,0.002,1e-05,1.0,1.0,True,False,multimodal,psd-fc-wpli,gated,cnn,True,finetune,segssl_barlow_all-patient_fc-wpli_finetune_seed13_pre20_proj32_mask0_03_noise0_02_mlp1_0_sup100,True,barlow,fc-wpli,all-patient,True,13,1.0,0.1,32,0.03,0.02
multimodal_psd-fc-wpli_gated_cnn,1,sub05,sub01;sub08;sub09;sub10;sub11;sub13;sub14;sub15;sub16;sub17;sub18;sub20;sub22;sub24;sub27;sub28;sub29,sub07,94,0.0003670825681183487,0.0002378462377237156,0.002,1e-05,1.0,1.0,True,False,multimodal,psd-fc-wpli,gated,cnn,True,finetune,segssl_barlow_all-patient_fc-wpli_finetune_seed13_pre20_proj32_mask0_03_noise0_02_mlp1_0_sup100,True,barlow,fc-wpli,all-patient,True,13,1.0,0.1,32,0.03,0.02
multimodal_psd-fc-wpli_gated_cnn,1,sub05,sub01;sub08;sub09;sub10;sub11;sub13;sub14;sub15;sub16;sub17;sub18;sub20;sub22;sub24;sub27;sub28;sub29,sub07,95,0.00034900137688964605,0.0002256409206893295,0.002,1e-05,1.0,1.0,True,False,multimodal,psd-fc-wpli,gated,cnn,True,finetune,segssl_barlow_all-patient_fc-wpli_finetune_seed13_pre20_proj32_mask0_03_noise0_02_mlp1_0_sup100,True,barlow,fc-wpli,all-patient,True,13,1.0,0.1,32,0.03,0.02
multimodal_psd-fc-wpli_gated_cnn,1,sub05,sub01;sub08;sub09;sub10;sub11;sub13;sub14;sub15;sub16;sub17;sub18;sub20;sub22;sub24;sub27;sub28;sub29,sub07,96,0.0003321286349091679,0.0002145054459106177,0.002,1e-05,1.0,1.0,True,False,multimodal,psd-fc-wpli,gated,cnn,True,finetune,segssl_barlow_all-patient_fc-wpli_finetune_seed13_pre20_proj32_mask0_03_noise0_02_mlp1_0_sup100,True,barlow,fc-wpli,all-patient,True,13,1.0,0.1,32,0.03,0.02
multimodal_psd-fc-wpli_gated_cnn,1,sub05,sub01;sub08;sub09;sub10;sub11;sub13;sub14;sub15;sub16;sub17;sub18;sub20;sub22;sub24;sub27;sub28;sub29,sub07,97,0.0003163935034535825,0.00020397876505739987,0.002,1e-05,1.0,1.0,True,False,multimodal,psd-fc-wpli,gated,cnn,True,finetune,segssl_barlow_all-patient_fc-wpli_finetune_seed13_pre20_proj32_mask0_03_noise0_02_mlp1_0_sup100,True,barlow,fc-wpli,all-patient,True,13,1.0,0.1,32,0.03,0.02
multimodal_psd-fc-wpli_gated_cnn,1,sub05,sub01;sub08;sub09;sub10;sub11;sub13;sub14;sub15;sub16;sub17;sub18;sub20;sub22;sub24;sub27;sub28;sub29,sub07,98,0.0003015895199496299,0.00019418126612436026,0.002,1e-05,1.0,1.0,True,False,multimodal,psd-fc-wpli,gated,cnn,True,finetune,segssl_barlow_all-patient_fc-wpli_finetune_seed13_pre20_proj32_mask0_03_noise0_02_mlp1_0_sup100,True,barlow,fc-wpli,all-patient,True,13,1.0,0.1,32,0.03,0.02
multimodal_psd-fc-wpli_gated_cnn,1,sub05,sub01;sub08;sub09;sub10;sub11;sub13;sub14;sub15;sub16;sub17;sub18;sub20;sub22;sub24;sub27;sub28;sub29,sub07,99,0.00028769392520189285,0.0001851236738730222,0.002,1e-05,1.0,1.0,True,False,multimodal,psd-fc-wpli,gated,cnn,True,finetune,segssl_barlow_all-patient_fc-wpli_finetune_seed13_pre20_proj32_mask0_03_noise0_02_mlp1_0_sup100,True,barlow,fc-wpli,all-patient,True,13,1.0,0.1,32,0.03,0.02
multimodal_psd-fc-wpli_gated_cnn,1,sub05,sub01;sub08;sub09;sub10;sub11;sub13;sub14;sub15;sub16;sub17;sub18;sub20;sub22;sub24;sub27;sub28;sub29,sub07,100,0.0002746159734670073,0.00017666823987383395,0.002,1e-05,1.0,1.0,True,False,multimodal,psd-fc-wpli,gated,cnn,True,finetune,segssl_barlow_all-patient_fc-wpli_finetune_seed13_pre20_proj32_mask0_03_noise0_02_mlp1_0_sup100,True,barlow,fc-wpli,all-patient,True,13,1.0,0.1,32,0.03,0.02
multimodal_psd-fc-wpli_gated_cnn,2,sub07,sub01;sub05;sub09;sub10;sub11;sub13;sub14;sub15;sub16;sub17;sub18;sub20;sub22;sub24;sub27;sub28;sub29,sub08,1,0.714239776134491,0.6258699297904968,0.002,1e-05,1.0,1.0,True,False,multimodal,psd-fc-wpli,gated,cnn,True,finetune,segssl_barlow_all-patient_fc-wpli_finetune_seed13_pre20_proj32_mask0_03_noise0_02_mlp1_0_sup100,True,barlow,fc-wpli,all-patient,True,13,1.0,0.1,32,0.03,0.02
multimodal_psd-fc-wpli_gated_cnn,2,sub07,sub01;sub05;sub09;sub10;sub11;sub13;sub14;sub15;sub16;sub17;sub18;sub20;sub22;sub24;sub27;sub28;sub29,sub08,2,0.7051129937171936,0.6341300010681152,0.002,1e-05,1.0,1.0,False,False,multimodal,psd-fc-wpli,gated,cnn,True,finetune,segssl_barlow_all-patient_fc-wpli_finetune_seed13_pre20_proj32_mask0_03_noise0_02_mlp1_0_sup100,True,barlow,fc-wpli,all-patient,True,13,1.0,0.1,32,0.03,0.02
multimodal_psd-fc-wpli_gated_cnn,2,sub07,sub01;sub05;sub09;sub10;sub11;sub13;sub14;sub15;sub16;sub17;sub18;sub20;sub22;sub24;sub27;sub28;sub29,sub08,3,0.6963337063789368,0.6428341865539551,0.002,1e-05,1.0,1.0,False,False,multimodal,psd-fc-wpli,gated,cnn,True,finetune,segssl_barlow_all-patient_fc-wpli_finetune_seed13_pre20_proj32_mask0_03_noise0_02_mlp1_0_sup100,True,barlow,fc-wpli,all-patient,True,13,1.0,0.1,32,0.03,0.02
multimodal_psd-fc-wpli_gated_cnn,2,sub07,sub01;sub05;sub09;sub10;sub11;sub13;sub14;sub15;sub16;sub17;sub18;sub20;sub22;sub24;sub27;sub28;sub29,sub08,4,0.6876506209373474,0.6512575149536133,0.002,1e-05,1.0,1.0,False,False,multimodal,psd-fc-wpli,gated,cnn,True,finetune,segssl_barlow_all-patient_fc-wpli_finetune_seed13_pre20_proj32_mask0_03_noise0_02_mlp1_0_sup100,True,barlow,fc-wpli,all-patient,True,13,1.0,0.1,32,0.03,0.02
multimodal_psd-fc-wpli_gated_cnn,2,sub07,sub01;sub05;sub09;sub10;sub11;sub13;sub14;sub15;sub16;sub17;sub18;sub20;sub22;sub24;sub27;sub28;sub29,sub08,5,0.6789974570274353,0.6572459936141968,0.002,1e-05,1.0,1.0,False,False,multimodal,psd-fc-wpli,gated,cnn,True,finetune,segssl_barlow_all-patient_fc-wpli_finetune_seed13_pre20_proj32_mask0_03_noise0_02_mlp1_0_sup100,True,barlow,fc-wpli,all-patient,True,13,1.0,0.1,32,0.03,0.02
multimodal_psd-fc-wpli_gated_cnn,2,sub07,sub01;sub05;sub09;sub10;sub11;sub13;sub14;sub15;sub16;sub17;sub18;sub20;sub22;sub24;sub27;sub28;sub29,sub08,6,0.6701253652572632,0.6616060137748718,0.002,1e-05,1.0,1.0,False,False,multimodal,psd-fc-wpli,gated,cnn,True,finetune,segssl_barlow_all-patient_fc-wpli_finetune_seed13_pre20_proj32_mask0_03_noise0_02_mlp1_0_sup100,True,barlow,fc-wpli,all-patient,True,13,1.0,0.1,32,0.03,0.02
multimodal_psd-fc-wpli_gated_cnn,2,sub07,sub01;sub05;sub09;sub10;sub11;sub13;sub14;sub15;sub16;sub17;sub18;sub20;sub22;sub24;sub27;sub28;sub29,sub08,7,0.660568118095398,0.6610550880432129,0.002,1e-05,1.0,1.0,False,False,multimodal,psd-fc-wpli,gated,cnn,True,finetune,segssl_barlow_all-patient_fc-wpli_finetune_seed13_pre20_proj32_mask0_03_noise0_02_mlp1_0_sup100,True,barlow,fc-wpli,all-patient,True,13,1.0,0.1,32,0.03,0.02
multimodal_psd-fc-wpli_gated_cnn,2,sub07,sub01;sub05;sub09;sub10;sub11;sub13;sub14;sub15;sub16;sub17;sub18;sub20;sub22;sub24;sub27;sub28;sub29,sub08,8,0.6502342224121094,0.6523216366767883,0.002,1e-05,1.0,1.0,False,False,multimodal,psd-fc-wpli,gated,cnn,True,finetune,segssl_barlow_all-patient_fc-wpli_finetune_seed13_pre20_proj32_mask0_03_noise0_02_mlp1_0_sup100,True,barlow,fc-wpli,all-patient,True,13,1.0,0.1,32,0.03,0.02
multimodal_psd-fc-wpli_gated_cnn,2,sub07,sub01;sub05;sub09;sub10;sub11;sub13;sub14;sub15;sub16;sub17;sub18;sub20;sub22;sub24;sub27;sub28;sub29,sub08,9,0.6391388773918152,0.6365553736686707,0.002,1e-05,1.0,1.0,False,False,multimodal,psd-fc-wpli,gated,cnn,True,finetune,segssl_barlow_all-patient_fc-wpli_finetune_seed13_pre20_proj32_mask0_03_noise0_02_mlp1_0_sup100,True,barlow,fc-wpli,all-patient,True,13,1.0,0.1,32,0.03,0.02
multimodal_psd-fc-wpli_gated_cnn,2,sub07,sub01;sub05;sub09;sub10;sub11;sub13;sub14;sub15;sub16;sub17;sub18;sub20;sub22;sub24;sub27;sub28;sub29,sub08,10,0.6272200345993042,0.6170377135276794,0.002,1e-05,1.0,1.0,True,False,multimodal,psd-fc-wpli,gated,cnn,True,finetune,segssl_barlow_all-patient_fc-wpli_finetune_seed13_pre20_proj32_mask0_03_noise0_02_mlp1_0_sup100,True,barlow,fc-wpli,all-patient,True,13,1.0,0.1,32,0.03,0.02
multimodal_psd-fc-wpli_gated_cnn,2,sub07,sub01;sub05;sub09;sub10;sub11;sub13;sub14;sub15;sub16;sub17;sub18;sub20;sub22;sub24;sub27;sub28;sub29,sub08,11,0.6146888732910156,0.5988633632659912,0.002,1e-05,1.0,1.0,True,False,multimodal,psd-fc-wpli,gated,cnn,True,finetune,segssl_barlow_all-patient_fc-wpli_finetune_seed13_pre20_proj32_mask0_03_noise0_02_mlp1_0_sup100,True,barlow,fc-wpli,all-patient,True,13,1.0,0.1,32,0.03,0.02
multimodal_psd-fc-wpli_gated_cnn,2,sub07,sub01;sub05;sub09;sub10;sub11;sub13;sub14;sub15;sub16;sub17;sub18;sub20;sub22;sub24;sub27;sub28;sub29,sub08,12,0.6010982394218445,0.5821545720100403,0.002,1e-05,1.0,1.0,True,False,multimodal,psd-fc-wpli,gated,cnn,True,finetune,segssl_barlow_all-patient_fc-wpli_finetune_seed13_pre20_proj32_mask0_03_noise0_02_mlp1_0_sup100,True,barlow,fc-wpli,all-patient,True,13,1.0,0.1,32,0.03,0.02
multimodal_psd-fc-wpli_gated_cnn,2,sub07,sub01;sub05;sub09;sub10;sub11;sub13;sub14;sub15;sub16;sub17;sub18;sub20;sub22;sub24;sub27;sub28;sub29,sub08,13,0.5863083004951477,0.5686686635017395,0.002,1e-05,1.0,1.0,True,False,multimodal,psd-fc-wpli,gated,cnn,True,finetune,segssl_barlow_all-patient_fc-wpli_finetune_seed13_pre20_proj32_mask0_03_noise0_02_mlp1_0_sup100,True,barlow,fc-wpli,all-patient,True,13,1.0,0.1,32,0.03,0.02
multimodal_psd-fc-wpli_gated_cnn,2,sub07,sub01;sub05;sub09;sub10;sub11;sub13;sub14;sub15;sub16;sub17;sub18;sub20;sub22;sub24;sub27;sub28;sub29,sub08,14,0.5703420042991638,0.5586186647415161,0.002,1e-05,1.0,1.0,True,False,multimodal,psd-fc-wpli,gated,cnn,True,finetune,segssl_barlow_all-patient_fc-wpli_finetune_seed13_pre20_proj32_mask0_03_noise0_02_mlp1_0_sup100,True,barlow,fc-wpli,all-patient,True,13,1.0,0.1,32,0.03,0.02
multimodal_psd-fc-wpli_gated_cnn,2,sub07,sub01;sub05;sub09;sub10;sub11;sub13;sub14;sub15;sub16;sub17;sub18;sub20;sub22;sub24;sub27;sub28;sub29,sub08,15,0.5529956817626953,0.5505630970001221,0.002,1e-05,1.0,1.0,True,False,multimodal,psd-fc-wpli,gated,cnn,True,finetune,segssl_barlow_all-patient_fc-wpli_finetune_seed13_pre20_proj32_mask0_03_noise0_02_mlp1_0_sup100,True,barlow,fc-wpli,all-patient,True,13,1.0,0.1,32,0.03,0.02
multimodal_psd-fc-wpli_gated_cnn,2,sub07,sub01;sub05;sub09;sub10;sub11;sub13;sub14;sub15;sub16;sub17;sub18;sub20;sub22;sub24;sub27;sub28;sub29,sub08,16,0.5343119502067566,0.5447514653205872,0.002,1e-05,1.0,1.0,True,False,multimodal,psd-fc-wpli,gated,cnn,True,finetune,segssl_barlow_all-patient_fc-wpli_finetune_seed13_pre20_proj32_mask0_03_noise0_02_mlp1_0_sup100,True,barlow,fc-wpli,all-patient,True,13,1.0,0.1,32,0.03,0.02
multimodal_psd-fc-wpli_gated_cnn,2,sub07,sub01;sub05;sub09;sub10;sub11;sub13;sub14;sub15;sub16;sub17;sub18;sub20;sub22;sub24;sub27;sub28;sub29,sub08,17,0.5142960548400879,0.541030764579773,0.002,1e-05,1.0,1.0,True,False,multimodal,psd-fc-wpli,gated,cnn,True,finetune,segssl_barlow_all-patient_fc-wpli_finetune_seed13_pre20_proj32_mask0_03_noise0_02_mlp1_0_sup100,True,barlow,fc-wpli,all-patient,True,13,1.0,0.1,32,0.03,0.02
multimodal_psd-fc-wpli_gated_cnn,2,sub07,sub01;sub05;sub09;sub10;sub11;sub13;sub14;sub15;sub16;sub17;sub18;sub20;sub22;sub24;sub27;sub28;sub29,sub08,18,0.49303868412971497,0.5393790006637573,0.002,1e-05,1.0,1.0,True,False,multimodal,psd-fc-wpli,gated,cnn,True,finetune,segssl_barlow_all-patient_fc-wpli_finetune_seed13_pre20_proj32_mask0_03_noise0_02_mlp1_0_sup100,True,barlow,fc-wpli,all-patient,True,13,1.0,0.1,32,0.03,0.02
multimodal_psd-fc-wpli_gated_cnn,2,sub07,sub01;sub05;sub09;sub10;sub11;sub13;sub14;sub15;sub16;sub17;sub18;sub20;sub22;sub24;sub27;sub28;sub29,sub08,19,0.47088029980659485,0.5470333099365234,0.002,1e-05,1.0,1.0,False,False,multimodal,psd-fc-wpli,gated,cnn,True,finetune,segssl_barlow_all-patient_fc-wpli_finetune_seed13_pre20_proj32_mask0_03_noise0_02_mlp1_0_sup100,True,barlow,fc-wpli,all-patient,True,13,1.0,0.1,32,0.03,0.02
multimodal_psd-fc-wpli_gated_cnn,2,sub07,sub01;sub05;sub09;sub10;sub11;sub13;sub14;sub15;sub16;sub17;sub18;sub20;sub22;sub24;sub27;sub28;sub29,sub08,20,0.44768664240837097,0.5621287822723389,0.002,1e-05,1.0,1.0,False,False,multimodal,psd-fc-wpli,gated,cnn,True,finetune,segssl_barlow_all-patient_fc-wpli_finetune_seed13_pre20_proj32_mask0_03_noise0_02_mlp1_0_sup100,True,barlow,fc-wpli,all-patient,True,13,1.0,0.1,32,0.03,0.02
multimodal_psd-fc-wpli_gated_cnn,2,sub07,sub01;sub05;sub09;sub10;sub11;sub13;sub14;sub15;sub16;sub17;sub18;sub20;sub22;sub24;sub27;sub28;sub29,sub08,21,0.42373740673065186,0.5870820879936218,0.002,1e-05,1.0,1.0,False,False,multimodal,psd-fc-wpli,gated,cnn,True,finetune,segssl_barlow_all-patient_fc-wpli_finetune_seed13_pre20_proj32_mask0_03_noise0_02_mlp1_0_sup100,True,barlow,fc-wpli,all-patient,True,13,1.0,0.1,32,0.03,0.02
multimodal_psd-fc-wpli_gated_cnn,2,sub07,sub01;sub05;sub09;sub10;sub11;sub13;sub14;sub15;sub16;sub17;sub18;sub20;sub22;sub24;sub27;sub28;sub29,sub08,22,0.39899495244026184,0.6230736970901489,0.002,1e-05,1.0,1.0,False,False,multimodal,psd-fc-wpli,gated,cnn,True,finetune,segssl_barlow_all-patient_fc-wpli_finetune_seed13_pre20_proj32_mask0_03_noise0_02_mlp1_0_sup100,True,barlow,fc-wpli,all-patient,True,13,1.0,0.1,32,0.03,0.02
multimodal_psd-fc-wpli_gated_cnn,2,sub07,sub01;sub05;sub09;sub10;sub11;sub13;sub14;sub15;sub16;sub17;sub18;sub20;sub22;sub24;sub27;sub28;sub29,sub08,23,0.3736320436000824,0.6652908325195312,0.002,1e-05,1.0,1.0,False,False,multimodal,psd-fc-wpli,gated,cnn,True,finetune,segssl_barlow_all-patient_fc-wpli_finetune_seed13_pre20_proj32_mask0_03_noise0_02_mlp1_0_sup100,True,barlow,fc-wpli,all-patient,True,13,1.0,0.1,32,0.03,0.02
multimodal_psd-fc-wpli_gated_cnn,2,sub07,sub01;sub05;sub09;sub10;sub11;sub13;sub14;sub15;sub16;sub17;sub18;sub20;sub22;sub24;sub27;sub28;sub29,sub08,24,0.34781143069267273,0.7098913788795471,0.002,1e-05,1.0,1.0,False,False,multimodal,psd-fc-wpli,gated,cnn,True,finetune,segssl_barlow_all-patient_fc-wpli_finetune_seed13_pre20_proj32_mask0_03_noise0_02_mlp1_0_sup100,True,barlow,fc-wpli,all-patient,True,13,1.0,0.1,32,0.03,0.02
multimodal_psd-fc-wpli_gated_cnn,2,sub07,sub01;sub05;sub09;sub10;sub11;sub13;sub14;sub15;sub16;sub17;sub18;sub20;sub22;sub24;sub27;sub28;sub29,sub08,25,0.3213566541671753,0.7598498463630676,0.002,1e-05,1.0,1.0,False,False,multimodal,psd-fc-wpli,gated,cnn,True,finetune,segssl_barlow_all-patient_fc-wpli_finetune_seed13_pre20_proj32_mask0_03_noise0_02_mlp1_0_sup100,True,barlow,fc-wpli,all-patient,True,13,1.0,0.1,32,0.03,0.02
multimodal_psd-fc-wpli_gated_cnn,2,sub07,sub01;sub05;sub09;sub10;sub11;sub13;sub14;sub15;sub16;sub17;sub18;sub20;sub22;sub24;sub27;sub28;sub29,sub08,26,0.294770747423172,0.8097810745239258,0.002,1e-05,1.0,1.0,False,False,multimodal,psd-fc-wpli,gated,cnn,True,finetune,segssl_barlow_all-patient_fc-wpli_finetune_seed13_pre20_proj32_mask0_03_noise0_02_mlp1_0_sup100,True,barlow,fc-wpli,all-patient,True,13,1.0,0.1,32,0.03,0.02
multimodal_psd-fc-wpli_gated_cnn,2,sub07,sub01;sub05;sub09;sub10;sub11;sub13;sub14;sub15;sub16;sub17;sub18;sub20;sub22;sub24;sub27;sub28;sub29,sub08,27,0.26843661069869995,0.8570841550827026,0.002,1e-05,1.0,1.0,False,False,multimodal,psd-fc-wpli,gated,cnn,True,finetune,segssl_barlow_all-patient_fc-wpli_finetune_seed13_pre20_proj32_mask0_03_noise0_02_mlp1_0_sup100,True,barlow,fc-wpli,all-patient,True,13,1.0,0.1,32,0.03,0.02
multimodal_psd-fc-wpli_gated_cnn,2,sub07,sub01;sub05;sub09;sub10;sub11;sub13;sub14;sub15;sub16;sub17;sub18;sub20;sub22;sub24;sub27;sub28;sub29,sub08,28,0.242874875664711,0.879947304725647,0.002,1e-05,1.0,1.0,False,False,multimodal,psd-fc-wpli,gated,cnn,True,finetune,segssl_barlow_all-patient_fc-wpli_finetune_seed13_pre20_proj32_mask0_03_noise0_02_mlp1_0_sup100,True,barlow,fc-wpli,all-patient,True,13,1.0,0.1,32,0.03,0.02
multimodal_psd-fc-wpli_gated_cnn,2,sub07,sub01;sub05;sub09;sub10;sub11;sub13;sub14;sub15;sub16;sub17;sub18;sub20;sub22;sub24;sub27;sub28;sub29,sub08,29,0.21842755377292633,0.8631434440612793,0.002,1e-05,1.0,1.0,False,False,multimodal,psd-fc-wpli,gated,cnn,True,finetune,segssl_barlow_all-patient_fc-wpli_finetune_seed13_pre20_proj32_mask0_03_noise0_02_mlp1_0_sup100,True,barlow,fc-wpli,all-patient,True,13,1.0,0.1,32,0.03,0.02
multimodal_psd-fc-wpli_gated_cnn,2,sub07,sub01;sub05;sub09;sub10;sub11;sub13;sub14;sub15;sub16;sub17;sub18;sub20;sub22;sub24;sub27;sub28;sub29,sub08,30,0.19517631828784943,0.8289997577667236,0.002,1e-05,1.0,1.0,False,False,multimodal,psd-fc-wpli,gated,cnn,True,finetune,segssl_barlow_all-patient_fc-wpli_finetune_seed13_pre20_proj32_mask0_03_noise0_02_mlp1_0_sup100,True,barlow,fc-wpli,all-patient,True,13,1.0,0.1,32,0.03,0.02
multimodal_psd-fc-wpli_gated_cnn,2,sub07,sub01;sub05;sub09;sub10;sub11;sub13;sub14;sub15;sub16;sub17;sub18;sub20;sub22;sub24;sub27;sub28;sub29,sub08,31,0.17337025701999664,0.7940093874931335,0.002,1e-05,1.0,1.0,False,False,multimodal,psd-fc-wpli,gated,cnn,True,finetune,segssl_barlow_all-patient_fc-wpli_finetune_seed13_pre20_proj32_mask0_03_noise0_02_mlp1_0_sup100,True,barlow,fc-wpli,all-patient,True,13,1.0,0.1,32,0.03,0.02
multimodal_psd-fc-wpli_gated_cnn,2,sub07,sub01;sub05;sub09;sub10;sub11;sub13;sub14;sub15;sub16;sub17;sub18;sub20;sub22;sub24;sub27;sub28;sub29,sub08,32,0.1529654711484909,0.7591354250907898,0.002,1e-05,1.0,1.0,False,False,multimodal,psd-fc-wpli,gated,cnn,True,finetune,segssl_barlow_all-patient_fc-wpli_finetune_seed13_pre20_proj32_mask0_03_noise0_02_mlp1_0_sup100,True,barlow,fc-wpli,all-patient,True,13,1.0,0.1,32,0.03,0.02
multimodal_psd-fc-wpli_gated_cnn,2,sub07,sub01;sub05;sub09;sub10;sub11;sub13;sub14;sub15;sub16;sub17;sub18;sub20;sub22;sub24;sub27;sub28;sub29,sub08,33,0.13402687013149261,0.6989951133728027,0.002,1e-05,1.0,1.0,False,False,multimodal,psd-fc-wpli,gated,cnn,True,finetune,segssl_barlow_all-patient_fc-wpli_finetune_seed13_pre20_proj32_mask0_03_noise0_02_mlp1_0_sup100,True,barlow,fc-wpli,all-patient,True,13,1.0,0.1,32,0.03,0.02
multimodal_psd-fc-wpli_gated_cnn,2,sub07,sub01;sub05;sub09;sub10;sub11;sub13;sub14;sub15;sub16;sub17;sub18;sub20;sub22;sub24;sub27;sub28;sub29,sub08,34,0.11646970361471176,0.6149208545684814,0.002,1e-05,1.0,1.0,False,False,multimodal,psd-fc-wpli,gated,cnn,True,finetune,segssl_barlow_all-patient_fc-wpli_finetune_seed13_pre20_proj32_mask0_03_noise0_02_mlp1_0_sup100,True,barlow,fc-wpli,all-patient,True,13,1.0,0.1,32,0.03,0.02
multimodal_psd-fc-wpli_gated_cnn,2,sub07,sub01;sub05;sub09;sub10;sub11;sub13;sub14;sub15;sub16;sub17;sub18;sub20;sub22;sub24;sub27;sub28;sub29,sub08,35,0.10045880824327469,0.5420039892196655,0.002,1e-05,1.0,1.0,False,False,multimodal,psd-fc-wpli,gated,cnn,True,finetune,segssl_barlow_all-patient_fc-wpli_finetune_seed13_pre20_proj32_mask0_03_noise0_02_mlp1_0_sup100,True,barlow,fc-wpli,all-patient,True,13,1.0,0.1,32,0.03,0.02
multimodal_psd-fc-wpli_gated_cnn,2,sub07,sub01;sub05;sub09;sub10;sub11;sub13;sub14;sub15;sub16;sub17;sub18;sub20;sub22;sub24;sub27;sub28;sub29,sub08,36,0.08614648133516312,0.5736037492752075,0.002,1e-05,1.0,1.0,False,False,multimodal,psd-fc-wpli,gated,cnn,True,finetune,segssl_barlow_all-patient_fc-wpli_finetune_seed13_pre20_proj32_mask0_03_noise0_02_mlp1_0_sup100,True,barlow,fc-wpli,all-patient,True,13,1.0,0.1,32,0.03,0.02
multimodal_psd-fc-wpli_gated_cnn,2,sub07,sub01;sub05;sub09;sub10;sub11;sub13;sub14;sub15;sub16;sub17;sub18;sub20;sub22;sub24;sub27;sub28;sub29,sub08,37,0.07325500249862671,0.6453872323036194,0.002,1e-05,1.0,1.0,False,False,multimodal,psd-fc-wpli,gated,cnn,True,finetune,segssl_barlow_all-patient_fc-wpli_finetune_seed13_pre20_proj32_mask0_03_noise0_02_mlp1_0_sup100,True,barlow,fc-wpli,all-patient,True,13,1.0,0.1,32,0.03,0.02
multimodal_psd-fc-wpli_gated_cnn,2,sub07,sub01;sub05;sub09;sub10;sub11;sub13;sub14;sub15;sub16;sub17;sub18;sub20;sub22;sub24;sub27;sub28;sub29,sub08,38,0.061990149319171906,0.6786768436431885,0.002,1e-05,1.0,1.0,False,False,multimodal,psd-fc-wpli,gated,cnn,True,finetune,segssl_barlow_all-patient_fc-wpli_finetune_seed13_pre20_proj32_mask0_03_noise0_02_mlp1_0_sup100,True,barlow,fc-wpli,all-patient,True,13,1.0,0.1,32,0.03,0.02
multimodal_psd-fc-wpli_gated_cnn,2,sub07,sub01;sub05;sub09;sub10;sub11;sub13;sub14;sub15;sub16;sub17;sub18;sub20;sub22;sub24;sub27;sub28;sub29,sub08,39,0.052262693643569946,0.6390281319618225,0.002,1e-05,1.0,1.0,False,False,multimodal,psd-fc-wpli,gated,cnn,True,finetune,segssl_barlow_all-patient_fc-wpli_finetune_seed13_pre20_proj32_mask0_03_noise0_02_mlp1_0_sup100,True,barlow,fc-wpli,all-patient,True,13,1.0,0.1,32,0.03,0.02
multimodal_psd-fc-wpli_gated_cnn,2,sub07,sub01;sub05;sub09;sub10;sub11;sub13;sub14;sub15;sub16;sub17;sub18;sub20;sub22;sub24;sub27;sub28;sub29,sub08,40,0.04383218288421631,0.5553495287895203,0.002,1e-05,1.0,1.0,False,False,multimodal,psd-fc-wpli,gated,cnn,True,finetune,segssl_barlow_all-patient_fc-wpli_finetune_seed13_pre20_proj32_mask0_03_noise0_02_mlp1_0_sup100,True,barlow,fc-wpli,all-patient,True,13,1.0,0.1,32,0.03,0.02
multimodal_psd-fc-wpli_gated_cnn,2,sub07,sub01;sub05;sub09;sub10;sub11;sub13;sub14;sub15;sub16;sub17;sub18;sub20;sub22;sub24;sub27;sub28;sub29,sub08,41,0.03659861162304878,0.4732707142829895,0.002,1e-05,1.0,1.0,True,False,multimodal,psd-fc-wpli,gated,cnn,True,finetune,segssl_barlow_all-patient_fc-wpli_finetune_seed13_pre20_proj32_mask0_03_noise0_02_mlp1_0_sup100,True,barlow,fc-wpli,all-patient,True,13,1.0,0.1,32,0.03,0.02
multimodal_psd-fc-wpli_gated_cnn,2,sub07,sub01;sub05;sub09;sub10;sub11;sub13;sub14;sub15;sub16;sub17;sub18;sub20;sub22;sub24;sub27;sub28;sub29,sub08,42,0.030527612194418907,0.4173455536365509,0.002,1e-05,1.0,1.0,True,False,multimodal,psd-fc-wpli,gated,cnn,True,finetune,segssl_barlow_all-patient_fc-wpli_finetune_seed13_pre20_proj32_mask0_03_noise0_02_mlp1_0_sup100,True,barlow,fc-wpli,all-patient,True,13,1.0,0.1,32,0.03,0.02
multimodal_psd-fc-wpli_gated_cnn,2,sub07,sub01;sub05;sub09;sub10;sub11;sub13;sub14;sub15;sub16;sub17;sub18;sub20;sub22;sub24;sub27;sub28;sub29,sub08,43,0.025430070236325264,0.3889959454536438,0.002,1e-05,1.0,1.0,True,False,multimodal,psd-fc-wpli,gated,cnn,True,finetune,segssl_barlow_all-patient_fc-wpli_finetune_seed13_pre20_proj32_mask0_03_noise0_02_mlp1_0_sup100,True,barlow,fc-wpli,all-patient,True,13,1.0,0.1,32,0.03,0.02
multimodal_psd-fc-wpli_gated_cnn,2,sub07,sub01;sub05;sub09;sub10;sub11;sub13;sub14;sub15;sub16;sub17;sub18;sub20;sub22;sub24;sub27;sub28;sub29,sub08,44,0.02115590311586857,0.3759257197380066,0.002,1e-05,1.0,1.0,True,False,multimodal,psd-fc-wpli,gated,cnn,True,finetune,segssl_barlow_all-patient_fc-wpli_finetune_seed13_pre20_proj32_mask0_03_noise0_02_mlp1_0_sup100,True,barlow,fc-wpli,all-patient,True,13,1.0,0.1,32,0.03,0.02
multimodal_psd-fc-wpli_gated_cnn,2,sub07,sub01;sub05;sub09;sub10;sub11;sub13;sub14;sub15;sub16;sub17;sub18;sub20;sub22;sub24;sub27;sub28;sub29,sub08,45,0.017608515918254852,0.3674086034297943,0.002,1e-05,1.0,1.0,True,False,multimodal,psd-fc-wpli,gated,cnn,True,finetune,segssl_barlow_all-patient_fc-wpli_finetune_seed13_pre20_proj32_mask0_03_noise0_02_mlp1_0_sup100,True,barlow,fc-wpli,all-patient,True,13,1.0,0.1,32,0.03,0.02
multimodal_psd-fc-wpli_gated_cnn,2,sub07,sub01;sub05;sub09;sub10;sub11;sub13;sub14;sub15;sub16;sub17;sub18;sub20;sub22;sub24;sub27;sub28;sub29,sub08,46,0.0147095937281847,0.34803611040115356,0.002,1e-05,1.0,1.0,True,False,multimodal,psd-fc-wpli,gated,cnn,True,finetune,segssl_barlow_all-patient_fc-wpli_finetune_seed13_pre20_proj32_mask0_03_noise0_02_mlp1_0_sup100,True,barlow,fc-wpli,all-patient,True,13,1.0,0.1,32,0.03,0.02
multimodal_psd-fc-wpli_gated_cnn,2,sub07,sub01;sub05;sub09;sub10;sub11;sub13;sub14;sub15;sub16;sub17;sub18;sub20;sub22;sub24;sub27;sub28;sub29,sub08,47,0.012329069897532463,0.3151843547821045,0.002,1e-05,1.0,1.0,True,False,multimodal,psd-fc-wpli,gated,cnn,True,finetune,segssl_barlow_all-patient_fc-wpli_finetune_seed13_pre20_proj32_mask0_03_noise0_02_mlp1_0_sup100,True,barlow,fc-wpli,all-patient,True,13,1.0,0.1,32,0.03,0.02
multimodal_psd-fc-wpli_gated_cnn,2,sub07,sub01;sub05;sub09;sub10;sub11;sub13;sub14;sub15;sub16;sub17;sub18;sub20;sub22;sub24;sub27;sub28;sub29,sub08,48,0.010355116799473763,0.2734220027923584,0.002,1e-05,1.0,1.0,True,False,multimodal,psd-fc-wpli,gated,cnn,True,finetune,segssl_barlow_all-patient_fc-wpli_finetune_seed13_pre20_proj32_mask0_03_noise0_02_mlp1_0_sup100,True,barlow,fc-wpli,all-patient,True,13,1.0,0.1,32,0.03,0.02
multimodal_psd-fc-wpli_gated_cnn,2,sub07,sub01;sub05;sub09;sub10;sub11;sub13;sub14;sub15;sub16;sub17;sub18;sub20;sub22;sub24;sub27;sub28;sub29,sub08,49,0.008718530647456646,0.23902307450771332,0.002,1e-05,1.0,1.0,True,False,multimodal,psd-fc-wpli,gated,cnn,True,finetune,segssl_barlow_all-patient_fc-wpli_finetune_seed13_pre20_proj32_mask0_03_noise0_02_mlp1_0_sup100,True,barlow,fc-wpli,all-patient,True,13,1.0,0.1,32,0.03,0.02
multimodal_psd-fc-wpli_gated_cnn,2,sub07,sub01;sub05;sub09;sub10;sub11;sub13;sub14;sub15;sub16;sub17;sub18;sub20;sub22;sub24;sub27;sub28;sub29,sub08,50,0.007384704425930977,0.21736875176429749,0.002,1e-05,1.0,1.0,True,False,multimodal,psd-fc-wpli,gated,cnn,True,finetune,segssl_barlow_all-patient_fc-wpli_finetune_seed13_pre20_proj32_mask0_03_noise0_02_mlp1_0_sup100,True,barlow,fc-wpli,all-patient,True,13,1.0,0.1,32,0.03,0.02
multimodal_psd-fc-wpli_gated_cnn,2,sub07,sub01;sub05;sub09;sub10;sub11;sub13;sub14;sub15;sub16;sub17;sub18;sub20;sub22;sub24;sub27;sub28;sub29,sub08,51,0.006291547790169716,0.20826087892055511,0.002,1e-05,1.0,1.0,True,False,multimodal,psd-fc-wpli,gated,cnn,True,finetune,segssl_barlow_all-patient_fc-wpli_finetune_seed13_pre20_proj32_mask0_03_noise0_02_mlp1_0_sup100,True,barlow,fc-wpli,all-patient,True,13,1.0,0.1,32,0.03,0.02
multimodal_psd-fc-wpli_gated_cnn,2,sub07,sub01;sub05;sub09;sub10;sub11;sub13;sub14;sub15;sub16;sub17;sub18;sub20;sub22;sub24;sub27;sub28;sub29,sub08,52,0.005389845464378595,0.21144606173038483,0.002,1e-05,1.0,1.0,False,False,multimodal,psd-fc-wpli,gated,cnn,True,finetune,segssl_barlow_all-patient_fc-wpli_finetune_seed13_pre20_proj32_mask0_03_noise0_02_mlp1_0_sup100,True,barlow,fc-wpli,all-patient,True,13,1.0,0.1,32,0.03,0.02
multimodal_psd-fc-wpli_gated_cnn,2,sub07,sub01;sub05;sub09;sub10;sub11;sub13;sub14;sub15;sub16;sub17;sub18;sub20;sub22;sub24;sub27;sub28;sub29,sub08,53,0.004634177312254906,0.21919959783554077,0.002,1e-05,1.0,1.0,False,False,multimodal,psd-fc-wpli,gated,cnn,True,finetune,segssl_barlow_all-patient_fc-wpli_finetune_seed13_pre20_proj32_mask0_03_noise0_02_mlp1_0_sup100,True,barlow,fc-wpli,all-patient,True,13,1.0,0.1,32,0.03,0.02
multimodal_psd-fc-wpli_gated_cnn,2,sub07,sub01;sub05;sub09;sub10;sub11;sub13;sub14;sub15;sub16;sub17;sub18;sub20;sub22;sub24;sub27;sub28;sub29,sub08,54,0.004012336954474449,0.22396603226661682,0.002,1e-05,1.0,1.0,False,False,multimodal,psd-fc-wpli,gated,cnn,True,finetune,segssl_barlow_all-patient_fc-wpli_finetune_seed13_pre20_proj32_mask0_03_noise0_02_mlp1_0_sup100,True,barlow,fc-wpli,all-patient,True,13,1.0,0.1,32,0.03,0.02
multimodal_psd-fc-wpli_gated_cnn,2,sub07,sub01;sub05;sub09;sub10;sub11;sub13;sub14;sub15;sub16;sub17;sub18;sub20;sub22;sub24;sub27;sub28;sub29,sub08,55,0.003504315624013543,0.22160695493221283,0.002,1e-05,1.0,1.0,False,False,multimodal,psd-fc-wpli,gated,cnn,True,finetune,segssl_barlow_all-patient_fc-wpli_finetune_seed13_pre20_proj32_mask0_03_noise0_02_mlp1_0_sup100,True,barlow,fc-wpli,all-patient,True,13,1.0,0.1,32,0.03,0.02
multimodal_psd-fc-wpli_gated_cnn,2,sub07,sub01;sub05;sub09;sub10;sub11;sub13;sub14;sub15;sub16;sub17;sub18;sub20;sub22;sub24;sub27;sub28;sub29,sub08,56,0.0030831124167889357,0.21343062818050385,0.002,1e-05,1.0,1.0,False,False,multimodal,psd-fc-wpli,gated,cnn,True,finetune,segssl_barlow_all-patient_fc-wpli_finetune_seed13_pre20_proj32_mask0_03_noise0_02_mlp1_0_sup100,True,barlow,fc-wpli,all-patient,True,13,1.0,0.1,32,0.03,0.02
multimodal_psd-fc-wpli_gated_cnn,2,sub07,sub01;sub05;sub09;sub10;sub11;sub13;sub14;sub15;sub16;sub17;sub18;sub20;sub22;sub24;sub27;sub28;sub29,sub08,57,0.002726419363170862,0.20220312476158142,0.002,1e-05,1.0,1.0,True,False,multimodal,psd-fc-wpli,gated,cnn,True,finetune,segssl_barlow_all-patient_fc-wpli_finetune_seed13_pre20_proj32_mask0_03_noise0_02_mlp1_0_sup100,True,barlow,fc-wpli,all-patient,True,13,1.0,0.1,32,0.03,0.02
multimodal_psd-fc-wpli_gated_cnn,2,sub07,sub01;sub05;sub09;sub10;sub11;sub13;sub14;sub15;sub16;sub17;sub18;sub20;sub22;sub24;sub27;sub28;sub29,sub08,58,0.0024246603716164827,0.19166123867034912,0.002,1e-05,1.0,1.0,True,False,multimodal,psd-fc-wpli,gated,cnn,True,finetune,segssl_barlow_all-patient_fc-wpli_finetune_seed13_pre20_proj32_mask0_03_noise0_02_mlp1_0_sup100,True,barlow,fc-wpli,all-patient,True,13,1.0,0.1,32,0.03,0.02
multimodal_psd-fc-wpli_gated_cnn,2,sub07,sub01;sub05;sub09;sub10;sub11;sub13;sub14;sub15;sub16;sub17;sub18;sub20;sub22;sub24;sub27;sub28;sub29,sub08,59,0.0021717220079153776,0.1845577210187912,0.002,1e-05,1.0,1.0,True,False,multimodal,psd-fc-wpli,gated,cnn,True,finetune,segssl_barlow_all-patient_fc-wpli_finetune_seed13_pre20_proj32_mask0_03_noise0_02_mlp1_0_sup100,True,barlow,fc-wpli,all-patient,True,13,1.0,0.1,32,0.03,0.02
multimodal_psd-fc-wpli_gated_cnn,2,sub07,sub01;sub05;sub09;sub10;sub11;sub13;sub14;sub15;sub16;sub17;sub18;sub20;sub22;sub24;sub27;sub28;sub29,sub08,60,0.0019586191046983004,0.18174180388450623,0.002,1e-05,1.0,1.0,True,False,multimodal,psd-fc-wpli,gated,cnn,True,finetune,segssl_barlow_all-patient_fc-wpli_finetune_seed13_pre20_proj32_mask0_03_noise0_02_mlp1_0_sup100,True,barlow,fc-wpli,all-patient,True,13,1.0,0.1,32,0.03,0.02
multimodal_psd-fc-wpli_gated_cnn,2,sub07,sub01;sub05;sub09;sub10;sub11;sub13;sub14;sub15;sub16;sub17;sub18;sub20;sub22;sub24;sub27;sub28;sub29,sub08,61,0.0017782971262931824,0.18483003973960876,0.002,1e-05,1.0,1.0,False,False,multimodal,psd-fc-wpli,gated,cnn,True,finetune,segssl_barlow_all-patient_fc-wpli_finetune_seed13_pre20_proj32_mask0_03_noise0_02_mlp1_0_sup100,True,barlow,fc-wpli,all-patient,True,13,1.0,0.1,32,0.03,0.02
multimodal_psd-fc-wpli_gated_cnn,2,sub07,sub01;sub05;sub09;sub10;sub11;sub13;sub14;sub15;sub16;sub17;sub18;sub20;sub22;sub24;sub27;sub28;sub29,sub08,62,0.0016224555438384414,0.1930019110441208,0.002,1e-05,1.0,1.0,False,False,multimodal,psd-fc-wpli,gated,cnn,True,finetune,segssl_barlow_all-patient_fc-wpli_finetune_seed13_pre20_proj32_mask0_03_noise0_02_mlp1_0_sup100,True,barlow,fc-wpli,all-patient,True,13,1.0,0.1,32,0.03,0.02
multimodal_psd-fc-wpli_gated_cnn,2,sub07,sub01;sub05;sub09;sub10;sub11;sub13;sub14;sub15;sub16;sub17;sub18;sub20;sub22;sub24;sub27;sub28;sub29,sub08,63,0.0014857088681310415,0.20345041155815125,0.002,1e-05,1.0,1.0,False,False,multimodal,psd-fc-wpli,gated,cnn,True,finetune,segssl_barlow_all-patient_fc-wpli_finetune_seed13_pre20_proj32_mask0_03_noise0_02_mlp1_0_sup100,True,barlow,fc-wpli,all-patient,True,13,1.0,0.1,32,0.03,0.02
multimodal_psd-fc-wpli_gated_cnn,2,sub07,sub01;sub05;sub09;sub10;sub11;sub13;sub14;sub15;sub16;sub17;sub18;sub20;sub22;sub24;sub27;sub28;sub29,sub08,64,0.001367300283163786,0.21465270221233368,0.002,1e-05,1.0,1.0,False,False,multimodal,psd-fc-wpli,gated,cnn,True,finetune,segssl_barlow_all-patient_fc-wpli_finetune_seed13_pre20_proj32_mask0_03_noise0_02_mlp1_0_sup100,True,barlow,fc-wpli,all-patient,True,13,1.0,0.1,32,0.03,0.02
multimodal_psd-fc-wpli_gated_cnn,2,sub07,sub01;sub05;sub09;sub10;sub11;sub13;sub14;sub15;sub16;sub17;sub18;sub20;sub22;sub24;sub27;sub28;sub29,sub08,65,0.0012647395487874746,0.22439013421535492,0.002,1e-05,1.0,1.0,False,False,multimodal,psd-fc-wpli,gated,cnn,True,finetune,segssl_barlow_all-patient_fc-wpli_finetune_seed13_pre20_proj32_mask0_03_noise0_02_mlp1_0_sup100,True,barlow,fc-wpli,all-patient,True,13,1.0,0.1,32,0.03,0.02
multimodal_psd-fc-wpli_gated_cnn,2,sub07,sub01;sub05;sub09;sub10;sub11;sub13;sub14;sub15;sub16;sub17;sub18;sub20;sub22;sub24;sub27;sub28;sub29,sub08,66,0.0011760821798816323,0.23154306411743164,0.002,1e-05,1.0,1.0,False,False,multimodal,psd-fc-wpli,gated,cnn,True,finetune,segssl_barlow_all-patient_fc-wpli_finetune_seed13_pre20_proj32_mask0_03_noise0_02_mlp1_0_sup100,True,barlow,fc-wpli,all-patient,True,13,1.0,0.1,32,0.03,0.02
multimodal_psd-fc-wpli_gated_cnn,2,sub07,sub01;sub05;sub09;sub10;sub11;sub13;sub14;sub15;sub16;sub17;sub18;sub20;sub22;sub24;sub27;sub28;sub29,sub08,67,0.0010981184896081686,0.23565815389156342,0.002,1e-05,1.0,1.0,False,False,multimodal,psd-fc-wpli,gated,cnn,True,finetune,segssl_barlow_all-patient_fc-wpli_finetune_seed13_pre20_proj32_mask0_03_noise0_02_mlp1_0_sup100,True,barlow,fc-wpli,all-patient,True,13,1.0,0.1,32,0.03,0.02
multimodal_psd-fc-wpli_gated_cnn,2,sub07,sub01;sub05;sub09;sub10;sub11;sub13;sub14;sub15;sub16;sub17;sub18;sub20;sub22;sub24;sub27;sub28;sub29,sub08,68,0.0010286186588928103,0.2371360808610916,0.002,1e-05,1.0,1.0,False,False,multimodal,psd-fc-wpli,gated,cnn,True,finetune,segssl_barlow_all-patient_fc-wpli_finetune_seed13_pre20_proj32_mask0_03_noise0_02_mlp1_0_sup100,True,barlow,fc-wpli,all-patient,True,13,1.0,0.1,32,0.03,0.02
multimodal_psd-fc-wpli_gated_cnn,2,sub07,sub01;sub05;sub09;sub10;sub11;sub13;sub14;sub15;sub16;sub17;sub18;sub20;sub22;sub24;sub27;sub28;sub29,sub08,69,0.0009660907089710236,0.23694244027137756,0.002,1e-05,1.0,1.0,False,False,multimodal,psd-fc-wpli,gated,cnn,True,finetune,segssl_barlow_all-patient_fc-wpli_finetune_seed13_pre20_proj32_mask0_03_noise0_02_mlp1_0_sup100,True,barlow,fc-wpli,all-patient,True,13,1.0,0.1,32,0.03,0.02
multimodal_psd-fc-wpli_gated_cnn,2,sub07,sub01;sub05;sub09;sub10;sub11;sub13;sub14;sub15;sub16;sub17;sub18;sub20;sub22;sub24;sub27;sub28;sub29,sub08,70,0.0009099654853343964,0.23596440255641937,0.002,1e-05,1.0,1.0,False,False,multimodal,psd-fc-wpli,gated,cnn,True,finetune,segssl_barlow_all-patient_fc-wpli_finetune_seed13_pre20_proj32_mask0_03_noise0_02_mlp1_0_sup100,True,barlow,fc-wpli,all-patient,True,13,1.0,0.1,32,0.03,0.02
multimodal_psd-fc-wpli_gated_cnn,2,sub07,sub01;sub05;sub09;sub10;sub11;sub13;sub14;sub15;sub16;sub17;sub18;sub20;sub22;sub24;sub27;sub28;sub29,sub08,71,0.0008599022985436022,0.23569037020206451,0.002,1e-05,1.0,1.0,False,False,multimodal,psd-fc-wpli,gated,cnn,True,finetune,segssl_barlow_all-patient_fc-wpli_finetune_seed13_pre20_proj32_mask0_03_noise0_02_mlp1_0_sup100,True,barlow,fc-wpli,all-patient,True,13,1.0,0.1,32,0.03,0.02
multimodal_psd-fc-wpli_gated_cnn,2,sub07,sub01;sub05;sub09;sub10;sub11;sub13;sub14;sub15;sub16;sub17;sub18;sub20;sub22;sub24;sub27;sub28;sub29,sub08,72,0.0008155606337822974,0.23682384192943573,0.002,1e-05,1.0,1.0,False,False,multimodal,psd-fc-wpli,gated,cnn,True,finetune,segssl_barlow_all-patient_fc-wpli_finetune_seed13_pre20_proj32_mask0_03_noise0_02_mlp1_0_sup100,True,barlow,fc-wpli,all-patient,True,13,1.0,0.1,32,0.03,0.02
multimodal_psd-fc-wpli_gated_cnn,2,sub07,sub01;sub05;sub09;sub10;sub11;sub13;sub14;sub15;sub16;sub17;sub18;sub20;sub22;sub24;sub27;sub28;sub29,sub08,73,0.0007759669097140431,0.23990245163440704,0.002,1e-05,1.0,1.0,False,False,multimodal,psd-fc-wpli,gated,cnn,True,finetune,segssl_barlow_all-patient_fc-wpli_finetune_seed13_pre20_proj32_mask0_03_noise0_02_mlp1_0_sup100,True,barlow,fc-wpli,all-patient,True,13,1.0,0.1,32,0.03,0.02
multimodal_psd-fc-wpli_gated_cnn,2,sub07,sub01;sub05;sub09;sub10;sub11;sub13;sub14;sub15;sub16;sub17;sub18;sub20;sub22;sub24;sub27;sub28;sub29,sub08,74,0.0007402892806567252,0.24489270150661469,0.002,1e-05,1.0,1.0,False,False,multimodal,psd-fc-wpli,gated,cnn,True,finetune,segssl_barlow_all-patient_fc-wpli_finetune_seed13_pre20_proj32_mask0_03_noise0_02_mlp1_0_sup100,True,barlow,fc-wpli,all-patient,True,13,1.0,0.1,32,0.03,0.02
multimodal_psd-fc-wpli_gated_cnn,2,sub07,sub01;sub05;sub09;sub10;sub11;sub13;sub14;sub15;sub16;sub17;sub18;sub20;sub22;sub24;sub27;sub28;sub29,sub08,75,0.000707747065462172,0.2514401376247406,0.002,1e-05,1.0,1.0,False,False,multimodal,psd-fc-wpli,gated,cnn,True,finetune,segssl_barlow_all-patient_fc-wpli_finetune_seed13_pre20_proj32_mask0_03_noise0_02_mlp1_0_sup100,True,barlow,fc-wpli,all-patient,True,13,1.0,0.1,32,0.03,0.02
multimodal_psd-fc-wpli_gated_cnn,2,sub07,sub01;sub05;sub09;sub10;sub11;sub13;sub14;sub15;sub16;sub17;sub18;sub20;sub22;sub24;sub27;sub28;sub29,sub08,76,0.0006779800751246512,0.25864100456237793,0.002,1e-05,1.0,1.0,False,False,multimodal,psd-fc-wpli,gated,cnn,True,finetune,segssl_barlow_all-patient_fc-wpli_finetune_seed13_pre20_proj32_mask0_03_noise0_02_mlp1_0_sup100,True,barlow,fc-wpli,all-patient,True,13,1.0,0.1,32,0.03,0.02
multimodal_psd-fc-wpli_gated_cnn,2,sub07,sub01;sub05;sub09;sub10;sub11;sub13;sub14;sub15;sub16;sub17;sub18;sub20;sub22;sub24;sub27;sub28;sub29,sub08,77,0.0006508025689981878,0.2660145163536072,0.002,1e-05,1.0,1.0,False,False,multimodal,psd-fc-wpli,gated,cnn,True,finetune,segssl_barlow_all-patient_fc-wpli_finetune_seed13_pre20_proj32_mask0_03_noise0_02_mlp1_0_sup100,True,barlow,fc-wpli,all-patient,True,13,1.0,0.1,32,0.03,0.02
multimodal_psd-fc-wpli_gated_cnn,2,sub07,sub01;sub05;sub09;sub10;sub11;sub13;sub14;sub15;sub16;sub17;sub18;sub20;sub22;sub24;sub27;sub28;sub29,sub08,78,0.0006259360816329718,0.2731176018714905,0.002,1e-05,1.0,1.0,False,False,multimodal,psd-fc-wpli,gated,cnn,True,finetune,segssl_barlow_all-patient_fc-wpli_finetune_seed13_pre20_proj32_mask0_03_noise0_02_mlp1_0_sup100,True,barlow,fc-wpli,all-patient,True,13,1.0,0.1,32,0.03,0.02
multimodal_psd-fc-wpli_gated_cnn,2,sub07,sub01;sub05;sub09;sub10;sub11;sub13;sub14;sub15;sub16;sub17;sub18;sub20;sub22;sub24;sub27;sub28;sub29,sub08,79,0.0006032304954715073,0.2793182134628296,0.002,1e-05,1.0,1.0,False,False,multimodal,psd-fc-wpli,gated,cnn,True,finetune,segssl_barlow_all-patient_fc-wpli_finetune_seed13_pre20_proj32_mask0_03_noise0_02_mlp1_0_sup100,True,barlow,fc-wpli,all-patient,True,13,1.0,0.1,32,0.03,0.02
multimodal_psd-fc-wpli_gated_cnn,2,sub07,sub01;sub05;sub09;sub10;sub11;sub13;sub14;sub15;sub16;sub17;sub18;sub20;sub22;sub24;sub27;sub28;sub29,sub08,80,0.0005825514090247452,0.2840122878551483,0.002,1e-05,1.0,1.0,False,False,multimodal,psd-fc-wpli,gated,cnn,True,finetune,segssl_barlow_all-patient_fc-wpli_finetune_seed13_pre20_proj32_mask0_03_noise0_02_mlp1_0_sup100,True,barlow,fc-wpli,all-patient,True,13,1.0,0.1,32,0.03,0.02
multimodal_psd-fc-wpli_gated_cnn,2,sub07,sub01;sub05;sub09;sub10;sub11;sub13;sub14;sub15;sub16;sub17;sub18;sub20;sub22;sub24;sub27;sub28;sub29,sub08,81,0.0005636201822198927,0.2870886027812958,0.002,1e-05,1.0,1.0,False,False,multimodal,psd-fc-wpli,gated,cnn,True,finetune,segssl_barlow_all-patient_fc-wpli_finetune_seed13_pre20_proj32_mask0_03_noise0_02_mlp1_0_sup100,True,barlow,fc-wpli,all-patient,True,13,1.0,0.1,32,0.03,0.02
multimodal_psd-fc-wpli_gated_cnn,2,sub07,sub01;sub05;sub09;sub10;sub11;sub13;sub14;sub15;sub16;sub17;sub18;sub20;sub22;sub24;sub27;sub28;sub29,sub08,82,0.0005461256951093674,0.2887209355831146,0.002,1e-05,1.0,1.0,False,False,multimodal,psd-fc-wpli,gated,cnn,True,finetune,segssl_barlow_all-patient_fc-wpli_finetune_seed13_pre20_proj32_mask0_03_noise0_02_mlp1_0_sup100,True,barlow,fc-wpli,all-patient,True,13,1.0,0.1,32,0.03,0.02
multimodal_psd-fc-wpli_gated_cnn,2,sub07,sub01;sub05;sub09;sub10;sub11;sub13;sub14;sub15;sub16;sub17;sub18;sub20;sub22;sub24;sub27;sub28;sub29,sub08,83,0.0005298616015352309,0.2893092632293701,0.002,1e-05,1.0,1.0,False,False,multimodal,psd-fc-wpli,gated,cnn,True,finetune,segssl_barlow_all-patient_fc-wpli_finetune_seed13_pre20_proj32_mask0_03_noise0_02_mlp1_0_sup100,True,barlow,fc-wpli,all-patient,True,13,1.0,0.1,32,0.03,0.02
multimodal_psd-fc-wpli_gated_cnn,2,sub07,sub01;sub05;sub09;sub10;sub11;sub13;sub14;sub15;sub16;sub17;sub18;sub20;sub22;sub24;sub27;sub28;sub29,sub08,84,0.0005147201009094715,0.28920596837997437,0.002,1e-05,1.0,1.0,False,False,multimodal,psd-fc-wpli,gated,cnn,True,finetune,segssl_barlow_all-patient_fc-wpli_finetune_seed13_pre20_proj32_mask0_03_noise0_02_mlp1_0_sup100,True,barlow,fc-wpli,all-patient,True,13,1.0,0.1,32,0.03,0.02
multimodal_psd-fc-wpli_gated_cnn,2,sub07,sub01;sub05;sub09;sub10;sub11;sub13;sub14;sub15;sub16;sub17;sub18;sub20;sub22;sub24;sub27;sub28;sub29,sub08,85,0.0005005800630897284,0.2886747121810913,0.002,1e-05,1.0,1.0,False,False,multimodal,psd-fc-wpli,gated,cnn,True,finetune,segssl_barlow_all-patient_fc-wpli_finetune_seed13_pre20_proj32_mask0_03_noise0_02_mlp1_0_sup100,True,barlow,fc-wpli,all-patient,True,13,1.0,0.1,32,0.03,0.02
multimodal_psd-fc-wpli_gated_cnn,2,sub07,sub01;sub05;sub09;sub10;sub11;sub13;sub14;sub15;sub16;sub17;sub18;sub20;sub22;sub24;sub27;sub28;sub29,sub08,86,0.00048734413576312363,0.28809380531311035,0.002,1e-05,1.0,1.0,False,False,multimodal,psd-fc-wpli,gated,cnn,True,finetune,segssl_barlow_all-patient_fc-wpli_finetune_seed13_pre20_proj32_mask0_03_noise0_02_mlp1_0_sup100,True,barlow,fc-wpli,all-patient,True,13,1.0,0.1,32,0.03,0.02
multimodal_psd-fc-wpli_gated_cnn,2,sub07,sub01;sub05;sub09;sub10;sub11;sub13;sub14;sub15;sub16;sub17;sub18;sub20;sub22;sub24;sub27;sub28;sub29,sub08,87,0.0004749336512759328,0.28769782185554504,0.002,1e-05,1.0,1.0,False,False,multimodal,psd-fc-wpli,gated,cnn,True,finetune,segssl_barlow_all-patient_fc-wpli_finetune_seed13_pre20_proj32_mask0_03_noise0_02_mlp1_0_sup100,True,barlow,fc-wpli,all-patient,True,13,1.0,0.1,32,0.03,0.02
multimodal_psd-fc-wpli_gated_cnn,2,sub07,sub01;sub05;sub09;sub10;sub11;sub13;sub14;sub15;sub16;sub17;sub18;sub20;sub22;sub24;sub27;sub28;sub29,sub08,88,0.00046329834731295705,0.28807246685028076,0.002,1e-05,1.0,1.0,False,False,multimodal,psd-fc-wpli,gated,cnn,True,finetune,segssl_barlow_all-patient_fc-wpli_finetune_seed13_pre20_proj32_mask0_03_noise0_02_mlp1_0_sup100,True,barlow,fc-wpli,all-patient,True,13,1.0,0.1,32,0.03,0.02
multimodal_psd-fc-wpli_gated_cnn,2,sub07,sub01;sub05;sub09;sub10;sub11;sub13;sub14;sub15;sub16;sub17;sub18;sub20;sub22;sub24;sub27;sub28;sub29,sub08,89,0.0004524415417108685,0.28971555829048157,0.002,1e-05,1.0,1.0,False,False,multimodal,psd-fc-wpli,gated,cnn,True,finetune,segssl_barlow_all-patient_fc-wpli_finetune_seed13_pre20_proj32_mask0_03_noise0_02_mlp1_0_sup100,True,barlow,fc-wpli,all-patient,True,13,1.0,0.1,32,0.03,0.02
multimodal_psd-fc-wpli_gated_cnn,2,sub07,sub01;sub05;sub09;sub10;sub11;sub13;sub14;sub15;sub16;sub17;sub18;sub20;sub22;sub24;sub27;sub28;sub29,sub08,90,0.0004422785132192075,0.2926071584224701,0.002,1e-05,1.0,1.0,False,False,multimodal,psd-fc-wpli,gated,cnn,True,finetune,segssl_barlow_all-patient_fc-wpli_finetune_seed13_pre20_proj32_mask0_03_noise0_02_mlp1_0_sup100,True,barlow,fc-wpli,all-patient,True,13,1.0,0.1,32,0.03,0.02
multimodal_psd-fc-wpli_gated_cnn,2,sub07,sub01;sub05;sub09;sub10;sub11;sub13;sub14;sub15;sub16;sub17;sub18;sub20;sub22;sub24;sub27;sub28;sub29,sub08,91,0.0004325607151258737,0.2965167164802551,0.002,1e-05,1.0,1.0,False,False,multimodal,psd-fc-wpli,gated,cnn,True,finetune,segssl_barlow_all-patient_fc-wpli_finetune_seed13_pre20_proj32_mask0_03_noise0_02_mlp1_0_sup100,True,barlow,fc-wpli,all-patient,True,13,1.0,0.1,32,0.03,0.02
multimodal_psd-fc-wpli_gated_cnn,2,sub07,sub01;sub05;sub09;sub10;sub11;sub13;sub14;sub15;sub16;sub17;sub18;sub20;sub22;sub24;sub27;sub28;sub29,sub08,92,0.0004232451901771128,0.30116790533065796,0.002,1e-05,1.0,1.0,False,False,multimodal,psd-fc-wpli,gated,cnn,True,finetune,segssl_barlow_all-patient_fc-wpli_finetune_seed13_pre20_proj32_mask0_03_noise0_02_mlp1_0_sup100,True,barlow,fc-wpli,all-patient,True,13,1.0,0.1,32,0.03,0.02
multimodal_psd-fc-wpli_gated_cnn,2,sub07,sub01;sub05;sub09;sub10;sub11;sub13;sub14;sub15;sub16;sub17;sub18;sub20;sub22;sub24;sub27;sub28;sub29,sub08,93,0.00041428132681176066,0.3061448931694031,0.002,1e-05,1.0,1.0,False,False,multimodal,psd-fc-wpli,gated,cnn,True,finetune,segssl_barlow_all-patient_fc-wpli_finetune_seed13_pre20_proj32_mask0_03_noise0_02_mlp1_0_sup100,True,barlow,fc-wpli,all-patient,True,13,1.0,0.1,32,0.03,0.02
multimodal_psd-fc-wpli_gated_cnn,2,sub07,sub01;sub05;sub09;sub10;sub11;sub13;sub14;sub15;sub16;sub17;sub18;sub20;sub22;sub24;sub27;sub28;sub29,sub08,94,0.00040570931741967797,0.31110021471977234,0.002,1e-05,1.0,1.0,False,False,multimodal,psd-fc-wpli,gated,cnn,True,finetune,segssl_barlow_all-patient_fc-wpli_finetune_seed13_pre20_proj32_mask0_03_noise0_02_mlp1_0_sup100,True,barlow,fc-wpli,all-patient,True,13,1.0,0.1,32,0.03,0.02
multimodal_psd-fc-wpli_gated_cnn,2,sub07,sub01;sub05;sub09;sub10;sub11;sub13;sub14;sub15;sub16;sub17;sub18;sub20;sub22;sub24;sub27;sub28;sub29,sub08,95,0.00039748134440742433,0.31551796197891235,0.002,1e-05,1.0,1.0,False,False,multimodal,psd-fc-wpli,gated,cnn,True,finetune,segssl_barlow_all-patient_fc-wpli_finetune_seed13_pre20_proj32_mask0_03_noise0_02_mlp1_0_sup100,True,barlow,fc-wpli,all-patient,True,13,1.0,0.1,32,0.03,0.02
multimodal_psd-fc-wpli_gated_cnn,2,sub07,sub01;sub05;sub09;sub10;sub11;sub13;sub14;sub15;sub16;sub17;sub18;sub20;sub22;sub24;sub27;sub28;sub29,sub08,96,0.00038960546953603625,0.3192928731441498,0.002,1e-05,1.0,1.0,False,False,multimodal,psd-fc-wpli,gated,cnn,True,finetune,segssl_barlow_all-patient_fc-wpli_finetune_seed13_pre20_proj32_mask0_03_noise0_02_mlp1_0_sup100,True,barlow,fc-wpli,all-patient,True,13,1.0,0.1,32,0.03,0.02
multimodal_psd-fc-wpli_gated_cnn,2,sub07,sub01;sub05;sub09;sub10;sub11;sub13;sub14;sub15;sub16;sub17;sub18;sub20;sub22;sub24;sub27;sub28;sub29,sub08,97,0.00038201635470613837,0.32215139269828796,0.002,1e-05,1.0,1.0,False,False,multimodal,psd-fc-wpli,gated,cnn,True,finetune,segssl_barlow_all-patient_fc-wpli_finetune_seed13_pre20_proj32_mask0_03_noise0_02_mlp1_0_sup100,True,barlow,fc-wpli,all-patient,True,13,1.0,0.1,32,0.03,0.02
multimodal_psd-fc-wpli_gated_cnn,2,sub07,sub01;sub05;sub09;sub10;sub11;sub13;sub14;sub15;sub16;sub17;sub18;sub20;sub22;sub24;sub27;sub28;sub29,sub08,98,0.0003747188311535865,0.3244291841983795,0.002,1e-05,1.0,1.0,False,False,multimodal,psd-fc-wpli,gated,cnn,True,finetune,segssl_barlow_all-patient_fc-wpli_finetune_seed13_pre20_proj32_mask0_03_noise0_02_mlp1_0_sup100,True,barlow,fc-wpli,all-patient,True,13,1.0,0.1,32,0.03,0.02
multimodal_psd-fc-wpli_gated_cnn,2,sub07,sub01;sub05;sub09;sub10;sub11;sub13;sub14;sub15;sub16;sub17;sub18;sub20;sub22;sub24;sub27;sub28;sub29,sub08,99,0.00036770899896509945,0.326238214969635,0.002,1e-05,1.0,1.0,False,False,multimodal,psd-fc-wpli,gated,cnn,True,finetune,segssl_barlow_all-patient_fc-wpli_finetune_seed13_pre20_proj32_mask0_03_noise0_02_mlp1_0_sup100,True,barlow,fc-wpli,all-patient,True,13,1.0,0.1,32,0.03,0.02
multimodal_psd-fc-wpli_gated_cnn,2,sub07,sub01;sub05;sub09;sub10;sub11;sub13;sub14;sub15;sub16;sub17;sub18;sub20;sub22;sub24;sub27;sub28;sub29,sub08,100,0.0003609423292800784,0.3277803957462311,0.002,1e-05,1.0,1.0,False,False,multimodal,psd-fc-wpli,gated,cnn,True,finetune,segssl_barlow_all-patient_fc-wpli_finetune_seed13_pre20_proj32_mask0_03_noise0_02_mlp1_0_sup100,True,barlow,fc-wpli,all-patient,True,13,1.0,0.1,32,0.03,0.02
multimodal_psd-fc-wpli_gated_cnn,3,sub08,sub01;sub05;sub07;sub10;sub11;sub13;sub14;sub15;sub16;sub17;sub18;sub20;sub22;sub24;sub27;sub28;sub29,sub09,1,0.7170577645301819,0.6274704933166504,0.002,1e-05,1.0,1.0,True,False,multimodal,psd-fc-wpli,gated,cnn,True,finetune,segssl_barlow_all-patient_fc-wpli_finetune_seed13_pre20_proj32_mask0_03_noise0_02_mlp1_0_sup100,True,barlow,fc-wpli,all-patient,True,13,1.0,0.1,32,0.03,0.02
multimodal_psd-fc-wpli_gated_cnn,3,sub08,sub01;sub05;sub07;sub10;sub11;sub13;sub14;sub15;sub16;sub17;sub18;sub20;sub22;sub24;sub27;sub28;sub29,sub09,2,0.7072732448577881,0.6367520689964294,0.002,1e-05,1.0,1.0,False,False,multimodal,psd-fc-wpli,gated,cnn,True,finetune,segssl_barlow_all-patient_fc-wpli_finetune_seed13_pre20_proj32_mask0_03_noise0_02_mlp1_0_sup100,True,barlow,fc-wpli,all-patient,True,13,1.0,0.1,32,0.03,0.02
multimodal_psd-fc-wpli_gated_cnn,3,sub08,sub01;sub05;sub07;sub10;sub11;sub13;sub14;sub15;sub16;sub17;sub18;sub20;sub22;sub24;sub27;sub28;sub29,sub09,3,0.6981061100959778,0.6462367177009583,0.002,1e-05,1.0,1.0,False,False,multimodal,psd-fc-wpli,gated,cnn,True,finetune,segssl_barlow_all-patient_fc-wpli_finetune_seed13_pre20_proj32_mask0_03_noise0_02_mlp1_0_sup100,True,barlow,fc-wpli,all-patient,True,13,1.0,0.1,32,0.03,0.02
multimodal_psd-fc-wpli_gated_cnn,3,sub08,sub01;sub05;sub07;sub10;sub11;sub13;sub14;sub15;sub16;sub17;sub18;sub20;sub22;sub24;sub27;sub28;sub29,sub09,4,0.6905494332313538,0.654213011264801,0.002,1e-05,1.0,1.0,False,False,multimodal,psd-fc-wpli,gated,cnn,True,finetune,segssl_barlow_all-patient_fc-wpli_finetune_seed13_pre20_proj32_mask0_03_noise0_02_mlp1_0_sup100,True,barlow,fc-wpli,all-patient,True,13,1.0,0.1,32,0.03,0.02
multimodal_psd-fc-wpli_gated_cnn,3,sub08,sub01;sub05;sub07;sub10;sub11;sub13;sub14;sub15;sub16;sub17;sub18;sub20;sub22;sub24;sub27;sub28;sub29,sub09,5,0.683667004108429,0.6591619253158569,0.002,1e-05,1.0,1.0,False,False,multimodal,psd-fc-wpli,gated,cnn,True,finetune,segssl_barlow_all-patient_fc-wpli_finetune_seed13_pre20_proj32_mask0_03_noise0_02_mlp1_0_sup100,True,barlow,fc-wpli,all-patient,True,13,1.0,0.1,32,0.03,0.02
multimodal_psd-fc-wpli_gated_cnn,3,sub08,sub01;sub05;sub07;sub10;sub11;sub13;sub14;sub15;sub16;sub17;sub18;sub20;sub22;sub24;sub27;sub28;sub29,sub09,6,0.6766709089279175,0.6624755859375,0.002,1e-05,1.0,1.0,False,False,multimodal,psd-fc-wpli,gated,cnn,True,finetune,segssl_barlow_all-patient_fc-wpli_finetune_seed13_pre20_proj32_mask0_03_noise0_02_mlp1_0_sup100,True,barlow,fc-wpli,all-patient,True,13,1.0,0.1,32,0.03,0.02
multimodal_psd-fc-wpli_gated_cnn,3,sub08,sub01;sub05;sub07;sub10;sub11;sub13;sub14;sub15;sub16;sub17;sub18;sub20;sub22;sub24;sub27;sub28;sub29,sub09,7,0.669571042060852,0.663564145565033,0.002,1e-05,1.0,1.0,False,False,multimodal,psd-fc-wpli,gated,cnn,True,finetune,segssl_barlow_all-patient_fc-wpli_finetune_seed13_pre20_proj32_mask0_03_noise0_02_mlp1_0_sup100,True,barlow,fc-wpli,all-patient,True,13,1.0,0.1,32,0.03,0.02
multimodal_psd-fc-wpli_gated_cnn,3,sub08,sub01;sub05;sub07;sub10;sub11;sub13;sub14;sub15;sub16;sub17;sub18;sub20;sub22;sub24;sub27;sub28;sub29,sub09,8,0.6621437668800354,0.6632702946662903,0.002,1e-05,1.0,1.0,False,False,multimodal,psd-fc-wpli,gated,cnn,True,finetune,segssl_barlow_all-patient_fc-wpli_finetune_seed13_pre20_proj32_mask0_03_noise0_02_mlp1_0_sup100,True,barlow,fc-wpli,all-patient,True,13,1.0,0.1,32,0.03,0.02
multimodal_psd-fc-wpli_gated_cnn,3,sub08,sub01;sub05;sub07;sub10;sub11;sub13;sub14;sub15;sub16;sub17;sub18;sub20;sub22;sub24;sub27;sub28;sub29,sub09,9,0.6542525887489319,0.6626183986663818,0.002,1e-05,1.0,1.0,False,False,multimodal,psd-fc-wpli,gated,cnn,True,finetune,segssl_barlow_all-patient_fc-wpli_finetune_seed13_pre20_proj32_mask0_03_noise0_02_mlp1_0_sup100,True,barlow,fc-wpli,all-patient,True,13,1.0,0.1,32,0.03,0.02
multimodal_psd-fc-wpli_gated_cnn,3,sub08,sub01;sub05;sub07;sub10;sub11;sub13;sub14;sub15;sub16;sub17;sub18;sub20;sub22;sub24;sub27;sub28;sub29,sub09,10,0.6458624601364136,0.6632805466651917,0.002,1e-05,1.0,1.0,False,False,multimodal,psd-fc-wpli,gated,cnn,True,finetune,segssl_barlow_all-patient_fc-wpli_finetune_seed13_pre20_proj32_mask0_03_noise0_02_mlp1_0_sup100,True,barlow,fc-wpli,all-patient,True,13,1.0,0.1,32,0.03,0.02
multimodal_psd-fc-wpli_gated_cnn,3,sub08,sub01;sub05;sub07;sub10;sub11;sub13;sub14;sub15;sub16;sub17;sub18;sub20;sub22;sub24;sub27;sub28;sub29,sub09,11,0.6364259719848633,0.6664676070213318,0.002,1e-05,1.0,1.0,False,False,multimodal,psd-fc-wpli,gated,cnn,True,finetune,segssl_barlow_all-patient_fc-wpli_finetune_seed13_pre20_proj32_mask0_03_noise0_02_mlp1_0_sup100,True,barlow,fc-wpli,all-patient,True,13,1.0,0.1,32,0.03,0.02
multimodal_psd-fc-wpli_gated_cnn,3,sub08,sub01;sub05;sub07;sub10;sub11;sub13;sub14;sub15;sub16;sub17;sub18;sub20;sub22;sub24;sub27;sub28;sub29,sub09,12,0.6258963346481323,0.6716777682304382,0.002,1e-05,1.0,1.0,False,False,multimodal,psd-fc-wpli,gated,cnn,True,finetune,segssl_barlow_all-patient_fc-wpli_finetune_seed13_pre20_proj32_mask0_03_noise0_02_mlp1_0_sup100,True,barlow,fc-wpli,all-patient,True,13,1.0,0.1,32,0.03,0.02
multimodal_psd-fc-wpli_gated_cnn,3,sub08,sub01;sub05;sub07;sub10;sub11;sub13;sub14;sub15;sub16;sub17;sub18;sub20;sub22;sub24;sub27;sub28;sub29,sub09,13,0.6142390966415405,0.6787853837013245,0.002,1e-05,1.0,1.0,False,False,multimodal,psd-fc-wpli,gated,cnn,True,finetune,segssl_barlow_all-patient_fc-wpli_finetune_seed13_pre20_proj32_mask0_03_noise0_02_mlp1_0_sup100,True,barlow,fc-wpli,all-patient,True,13,1.0,0.1,32,0.03,0.02
multimodal_psd-fc-wpli_gated_cnn,3,sub08,sub01;sub05;sub07;sub10;sub11;sub13;sub14;sub15;sub16;sub17;sub18;sub20;sub22;sub24;sub27;sub28;sub29,sub09,14,0.6014800667762756,0.6869616508483887,0.002,1e-05,1.0,1.0,False,False,multimodal,psd-fc-wpli,gated,cnn,True,finetune,segssl_barlow_all-patient_fc-wpli_finetune_seed13_pre20_proj32_mask0_03_noise0_02_mlp1_0_sup100,True,barlow,fc-wpli,all-patient,True,13,1.0,0.1,32,0.03,0.02
multimodal_psd-fc-wpli_gated_cnn,3,sub08,sub01;sub05;sub07;sub10;sub11;sub13;sub14;sub15;sub16;sub17;sub18;sub20;sub22;sub24;sub27;sub28;sub29,sub09,15,0.5876548886299133,0.6969705820083618,0.002,1e-05,1.0,1.0,False,False,multimodal,psd-fc-wpli,gated,cnn,True,finetune,segssl_barlow_all-patient_fc-wpli_finetune_seed13_pre20_proj32_mask0_03_noise0_02_mlp1_0_sup100,True,barlow,fc-wpli,all-patient,True,13,1.0,0.1,32,0.03,0.02
multimodal_psd-fc-wpli_gated_cnn,3,sub08,sub01;sub05;sub07;sub10;sub11;sub13;sub14;sub15;sub16;sub17;sub18;sub20;sub22;sub24;sub27;sub28;sub29,sub09,16,0.5723719000816345,0.7093961834907532,0.002,1e-05,1.0,1.0,False,False,multimodal,psd-fc-wpli,gated,cnn,True,finetune,segssl_barlow_all-patient_fc-wpli_finetune_seed13_pre20_proj32_mask0_03_noise0_02_mlp1_0_sup100,True,barlow,fc-wpli,all-patient,True,13,1.0,0.1,32,0.03,0.02
multimodal_psd-fc-wpli_gated_cnn,3,sub08,sub01;sub05;sub07;sub10;sub11;sub13;sub14;sub15;sub16;sub17;sub18;sub20;sub22;sub24;sub27;sub28;sub29,sub09,17,0.5557257533073425,0.7238514423370361,0.002,1e-05,1.0,1.0,False,False,multimodal,psd-fc-wpli,gated,cnn,True,finetune,segssl_barlow_all-patient_fc-wpli_finetune_seed13_pre20_proj32_mask0_03_noise0_02_mlp1_0_sup100,True,barlow,fc-wpli,all-patient,True,13,1.0,0.1,32,0.03,0.02
multimodal_psd-fc-wpli_gated_cnn,3,sub08,sub01;sub05;sub07;sub10;sub11;sub13;sub14;sub15;sub16;sub17;sub18;sub20;sub22;sub24;sub27;sub28;sub29,sub09,18,0.5375439524650574,0.7413823008537292,0.002,1e-05,1.0,1.0,False,False,multimodal,psd-fc-wpli,gated,cnn,True,finetune,segssl_barlow_all-patient_fc-wpli_finetune_seed13_pre20_proj32_mask0_03_noise0_02_mlp1_0_sup100,True,barlow,fc-wpli,all-patient,True,13,1.0,0.1,32,0.03,0.02
multimodal_psd-fc-wpli_gated_cnn,3,sub08,sub01;sub05;sub07;sub10;sub11;sub13;sub14;sub15;sub16;sub17;sub18;sub20;sub22;sub24;sub27;sub28;sub29,sub09,19,0.5179201364517212,0.7617713212966919,0.002,1e-05,1.0,1.0,False,False,multimodal,psd-fc-wpli,gated,cnn,True,finetune,segssl_barlow_all-patient_fc-wpli_finetune_seed13_pre20_proj32_mask0_03_noise0_02_mlp1_0_sup100,True,barlow,fc-wpli,all-patient,True,13,1.0,0.1,32,0.03,0.02
multimodal_psd-fc-wpli_gated_cnn,3,sub08,sub01;sub05;sub07;sub10;sub11;sub13;sub14;sub15;sub16;sub17;sub18;sub20;sub22;sub24;sub27;sub28;sub29,sub09,20,0.496895968914032,0.7859691381454468,0.002,1e-05,1.0,1.0,False,False,multimodal,psd-fc-wpli,gated,cnn,True,finetune,segssl_barlow_all-patient_fc-wpli_finetune_seed13_pre20_proj32_mask0_03_noise0_02_mlp1_0_sup100,True,barlow,fc-wpli,all-patient,True,13,1.0,0.1,32,0.03,0.02
multimodal_psd-fc-wpli_gated_cnn,3,sub08,sub01;sub05;sub07;sub10;sub11;sub13;sub14;sub15;sub16;sub17;sub18;sub20;sub22;sub24;sub27;sub28;sub29,sub09,21,0.4746524691581726,0.8132990598678589,0.002,1e-05,1.0,1.0,False,False,multimodal,psd-fc-wpli,gated,cnn,True,finetune,segssl_barlow_all-patient_fc-wpli_finetune_seed13_pre20_proj32_mask0_03_noise0_02_mlp1_0_sup100,True,barlow,fc-wpli,all-patient,True,13,1.0,0.1,32,0.03,0.02
multimodal_psd-fc-wpli_gated_cnn,3,sub08,sub01;sub05;sub07;sub10;sub11;sub13;sub14;sub15;sub16;sub17;sub18;sub20;sub22;sub24;sub27;sub28;sub29,sub09,22,0.4509885013103485,0.8408687710762024,0.002,1e-05,1.0,1.0,False,False,multimodal,psd-fc-wpli,gated,cnn,True,finetune,segssl_barlow_all-patient_fc-wpli_finetune_seed13_pre20_proj32_mask0_03_noise0_02_mlp1_0_sup100,True,barlow,fc-wpli,all-patient,True,13,1.0,0.1,32,0.03,0.02
multimodal_psd-fc-wpli_gated_cnn,3,sub08,sub01;sub05;sub07;sub10;sub11;sub13;sub14;sub15;sub16;sub17;sub18;sub20;sub22;sub24;sub27;sub28;sub29,sub09,23,0.42607980966567993,0.8718203902244568,0.002,1e-05,1.0,1.0,False,False,multimodal,psd-fc-wpli,gated,cnn,True,finetune,segssl_barlow_all-patient_fc-wpli_finetune_seed13_pre20_proj32_mask0_03_noise0_02_mlp1_0_sup100,True,barlow,fc-wpli,all-patient,True,13,1.0,0.1,32,0.03,0.02
multimodal_psd-fc-wpli_gated_cnn,3,sub08,sub01;sub05;sub07;sub10;sub11;sub13;sub14;sub15;sub16;sub17;sub18;sub20;sub22;sub24;sub27;sub28;sub29,sub09,24,0.40006670355796814,0.904462456703186,0.002,1e-05,1.0,1.0,False,False,multimodal,psd-fc-wpli,gated,cnn,True,finetune,segssl_barlow_all-patient_fc-wpli_finetune_seed13_pre20_proj32_mask0_03_noise0_02_mlp1_0_sup100,True,barlow,fc-wpli,all-patient,True,13,1.0,0.1,32,0.03,0.02
multimodal_psd-fc-wpli_gated_cnn,3,sub08,sub01;sub05;sub07;sub10;sub11;sub13;sub14;sub15;sub16;sub17;sub18;sub20;sub22;sub24;sub27;sub28;sub29,sub09,25,0.37307605147361755,0.9376769065856934,0.002,1e-05,1.0,1.0,False,False,multimodal,psd-fc-wpli,gated,cnn,True,finetune,segssl_barlow_all-patient_fc-wpli_finetune_seed13_pre20_proj32_mask0_03_noise0_02_mlp1_0_sup100,True,barlow,fc-wpli,all-patient,True,13,1.0,0.1,32,0.03,0.02
multimodal_psd-fc-wpli_gated_cnn,3,sub08,sub01;sub05;sub07;sub10;sub11;sub13;sub14;sub15;sub16;sub17;sub18;sub20;sub22;sub24;sub27;sub28;sub29,sub09,26,0.3452684283256531,0.9728999733924866,0.002,1e-05,1.0,1.0,False,False,multimodal,psd-fc-wpli,gated,cnn,True,finetune,segssl_barlow_all-patient_fc-wpli_finetune_seed13_pre20_proj32_mask0_03_noise0_02_mlp1_0_sup100,True,barlow,fc-wpli,all-patient,True,13,1.0,0.1,32,0.03,0.02
multimodal_psd-fc-wpli_gated_cnn,3,sub08,sub01;sub05;sub07;sub10;sub11;sub13;sub14;sub15;sub16;sub17;sub18;sub20;sub22;sub24;sub27;sub28;sub29,sub09,27,0.31697386503219604,1.0120227336883545,0.002,1e-05,1.0,1.0,False,False,multimodal,psd-fc-wpli,gated,cnn,True,finetune,segssl_barlow_all-patient_fc-wpli_finetune_seed13_pre20_proj32_mask0_03_noise0_02_mlp1_0_sup100,True,barlow,fc-wpli,all-patient,True,13,1.0,0.1,32,0.03,0.02
multimodal_psd-fc-wpli_gated_cnn,3,sub08,sub01;sub05;sub07;sub10;sub11;sub13;sub14;sub15;sub16;sub17;sub18;sub20;sub22;sub24;sub27;sub28;sub29,sub09,28,0.288328617811203,1.0577117204666138,0.002,1e-05,1.0,1.0,False,False,multimodal,psd-fc-wpli,gated,cnn,True,finetune,segssl_barlow_all-patient_fc-wpli_finetune_seed13_pre20_proj32_mask0_03_noise0_02_mlp1_0_sup100,True,barlow,fc-wpli,all-patient,True,13,1.0,0.1,32,0.03,0.02
multimodal_psd-fc-wpli_gated_cnn,3,sub08,sub01;sub05;sub07;sub10;sub11;sub13;sub14;sub15;sub16;sub17;sub18;sub20;sub22;sub24;sub27;sub28;sub29,sub09,29,0.2597496807575226,1.1074528694152832,0.002,1e-05,1.0,1.0,False,False,multimodal,psd-fc-wpli,gated,cnn,True,finetune,segssl_barlow_all-patient_fc-wpli_finetune_seed13_pre20_proj32_mask0_03_noise0_02_mlp1_0_sup100,True,barlow,fc-wpli,all-patient,True,13,1.0,0.1,32,0.03,0.02
multimodal_psd-fc-wpli_gated_cnn,3,sub08,sub01;sub05;sub07;sub10;sub11;sub13;sub14;sub15;sub16;sub17;sub18;sub20;sub22;sub24;sub27;sub28;sub29,sub09,30,0.23176813125610352,1.159658670425415,0.002,1e-05,1.0,1.0,False,False,multimodal,psd-fc-wpli,gated,cnn,True,finetune,segssl_barlow_all-patient_fc-wpli_finetune_seed13_pre20_proj32_mask0_03_noise0_02_mlp1_0_sup100,True,barlow,fc-wpli,all-patient,True,13,1.0,0.1,32,0.03,0.02
multimodal_psd-fc-wpli_gated_cnn,3,sub08,sub01;sub05;sub07;sub10;sub11;sub13;sub14;sub15;sub16;sub17;sub18;sub20;sub22;sub24;sub27;sub28;sub29,sub09,31,0.2047702819108963,1.205151081085205,0.002,1e-05,1.0,1.0,False,False,multimodal,psd-fc-wpli,gated,cnn,True,finetune,segssl_barlow_all-patient_fc-wpli_finetune_seed13_pre20_proj32_mask0_03_noise0_02_mlp1_0_sup100,True,barlow,fc-wpli,all-patient,True,13,1.0,0.1,32,0.03,0.02
multimodal_psd-fc-wpli_gated_cnn,3,sub08,sub01;sub05;sub07;sub10;sub11;sub13;sub14;sub15;sub16;sub17;sub18;sub20;sub22;sub24;sub27;sub28;sub29,sub09,32,0.17906604707241058,1.2420462369918823,0.002,1e-05,1.0,1.0,False,False,multimodal,psd-fc-wpli,gated,cnn,True,finetune,segssl_barlow_all-patient_fc-wpli_finetune_seed13_pre20_proj32_mask0_03_noise0_02_mlp1_0_sup100,True,barlow,fc-wpli,all-patient,True,13,1.0,0.1,32,0.03,0.02
multimodal_psd-fc-wpli_gated_cnn,3,sub08,sub01;sub05;sub07;sub10;sub11;sub13;sub14;sub15;sub16;sub17;sub18;sub20;sub22;sub24;sub27;sub28;sub29,sub09,33,0.15503568947315216,1.277539849281311,0.002,1e-05,1.0,1.0,False,False,multimodal,psd-fc-wpli,gated,cnn,True,finetune,segssl_barlow_all-patient_fc-wpli_finetune_seed13_pre20_proj32_mask0_03_noise0_02_mlp1_0_sup100,True,barlow,fc-wpli,all-patient,True,13,1.0,0.1,32,0.03,0.02
multimodal_psd-fc-wpli_gated_cnn,3,sub08,sub01;sub05;sub07;sub10;sub11;sub13;sub14;sub15;sub16;sub17;sub18;sub20;sub22;sub24;sub27;sub28;sub29,sub09,34,0.13299383223056793,1.3122135400772095,0.002,1e-05,1.0,1.0,False,False,multimodal,psd-fc-wpli,gated,cnn,True,finetune,segssl_barlow_all-patient_fc-wpli_finetune_seed13_pre20_proj32_mask0_03_noise0_02_mlp1_0_sup100,True,barlow,fc-wpli,all-patient,True,13,1.0,0.1,32,0.03,0.02
multimodal_psd-fc-wpli_gated_cnn,3,sub08,sub01;sub05;sub07;sub10;sub11;sub13;sub14;sub15;sub16;sub17;sub18;sub20;sub22;sub24;sub27;sub28;sub29,sub09,35,0.11305154114961624,1.3416005373001099,0.002,1e-05,1.0,1.0,False,False,multimodal,psd-fc-wpli,gated,cnn,True,finetune,segssl_barlow_all-patient_fc-wpli_finetune_seed13_pre20_proj32_mask0_03_noise0_02_mlp1_0_sup100,True,barlow,fc-wpli,all-patient,True,13,1.0,0.1,32,0.03,0.02
multimodal_psd-fc-wpli_gated_cnn,3,sub08,sub01;sub05;sub07;sub10;sub11;sub13;sub14;sub15;sub16;sub17;sub18;sub20;sub22;sub24;sub27;sub28;sub29,sub09,36,0.09528808295726776,1.3759970664978027,0.002,1e-05,1.0,1.0,False,False,multimodal,psd-fc-wpli,gated,cnn,True,finetune,segssl_barlow_all-patient_fc-wpli_finetune_seed13_pre20_proj32_mask0_03_noise0_02_mlp1_0_sup100,True,barlow,fc-wpli,all-patient,True,13,1.0,0.1,32,0.03,0.02
multimodal_psd-fc-wpli_gated_cnn,3,sub08,sub01;sub05;sub07;sub10;sub11;sub13;sub14;sub15;sub16;sub17;sub18;sub20;sub22;sub24;sub27;sub28;sub29,sub09,37,0.07979896664619446,1.4260843992233276,0.002,1e-05,1.0,1.0,False,False,multimodal,psd-fc-wpli,gated,cnn,True,finetune,segssl_barlow_all-patient_fc-wpli_finetune_seed13_pre20_proj32_mask0_03_noise0_02_mlp1_0_sup100,True,barlow,fc-wpli,all-patient,True,13,1.0,0.1,32,0.03,0.02
multimodal_psd-fc-wpli_gated_cnn,3,sub08,sub01;sub05;sub07;sub10;sub11;sub13;sub14;sub15;sub16;sub17;sub18;sub20;sub22;sub24;sub27;sub28;sub29,sub09,38,0.06646201014518738,1.4901530742645264,0.002,1e-05,1.0,1.0,False,False,multimodal,psd-fc-wpli,gated,cnn,True,finetune,segssl_barlow_all-patient_fc-wpli_finetune_seed13_pre20_proj32_mask0_03_noise0_02_mlp1_0_sup100,True,barlow,fc-wpli,all-patient,True,13,1.0,0.1,32,0.03,0.02
multimodal_psd-fc-wpli_gated_cnn,3,sub08,sub01;sub05;sub07;sub10;sub11;sub13;sub14;sub15;sub16;sub17;sub18;sub20;sub22;sub24;sub27;sub28;sub29,sub09,39,0.05511820316314697,1.5562143325805664,0.002,1e-05,1.0,1.0,False,False,multimodal,psd-fc-wpli,gated,cnn,True,finetune,segssl_barlow_all-patient_fc-wpli_finetune_seed13_pre20_proj32_mask0_03_noise0_02_mlp1_0_sup100,True,barlow,fc-wpli,all-patient,True,13,1.0,0.1,32,0.03,0.02
multimodal_psd-fc-wpli_gated_cnn,3,sub08,sub01;sub05;sub07;sub10;sub11;sub13;sub14;sub15;sub16;sub17;sub18;sub20;sub22;sub24;sub27;sub28;sub29,sub09,40,0.04555315896868706,1.6303038597106934,0.002,1e-05,1.0,1.0,False,False,multimodal,psd-fc-wpli,gated,cnn,True,finetune,segssl_barlow_all-patient_fc-wpli_finetune_seed13_pre20_proj32_mask0_03_noise0_02_mlp1_0_sup100,True,barlow,fc-wpli,all-patient,True,13,1.0,0.1,32,0.03,0.02
multimodal_psd-fc-wpli_gated_cnn,3,sub08,sub01;sub05;sub07;sub10;sub11;sub13;sub14;sub15;sub16;sub17;sub18;sub20;sub22;sub24;sub27;sub28;sub29,sub09,41,0.037554703652858734,1.7075483798980713,0.002,1e-05,1.0,1.0,False,False,multimodal,psd-fc-wpli,gated,cnn,True,finetune,segssl_barlow_all-patient_fc-wpli_finetune_seed13_pre20_proj32_mask0_03_noise0_02_mlp1_0_sup100,True,barlow,fc-wpli,all-patient,True,13,1.0,0.1,32,0.03,0.02
multimodal_psd-fc-wpli_gated_cnn,3,sub08,sub01;sub05;sub07;sub10;sub11;sub13;sub14;sub15;sub16;sub17;sub18;sub20;sub22;sub24;sub27;sub28;sub29,sub09,42,0.030934320762753487,1.7795259952545166,0.002,1e-05,1.0,1.0,False,False,multimodal,psd-fc-wpli,gated,cnn,True,finetune,segssl_barlow_all-patient_fc-wpli_finetune_seed13_pre20_proj32_mask0_03_noise0_02_mlp1_0_sup100,True,barlow,fc-wpli,all-patient,True,13,1.0,0.1,32,0.03,0.02
multimodal_psd-fc-wpli_gated_cnn,3,sub08,sub01;sub05;sub07;sub10;sub11;sub13;sub14;sub15;sub16;sub17;sub18;sub20;sub22;sub24;sub27;sub28;sub29,sub09,43,0.02553439699113369,1.8225412368774414,0.002,1e-05,1.0,1.0,False,False,multimodal,psd-fc-wpli,gated,cnn,True,finetune,segssl_barlow_all-patient_fc-wpli_finetune_seed13_pre20_proj32_mask0_03_noise0_02_mlp1_0_sup100,True,barlow,fc-wpli,all-patient,True,13,1.0,0.1,32,0.03,0.02
multimodal_psd-fc-wpli_gated_cnn,3,sub08,sub01;sub05;sub07;sub10;sub11;sub13;sub14;sub15;sub16;sub17;sub18;sub20;sub22;sub24;sub27;sub28;sub29,sub09,44,0.021126264706254005,1.8493205308914185,0.002,1e-05,1.0,1.0,False,False,multimodal,psd-fc-wpli,gated,cnn,True,finetune,segssl_barlow_all-patient_fc-wpli_finetune_seed13_pre20_proj32_mask0_03_noise0_02_mlp1_0_sup100,True,barlow,fc-wpli,all-patient,True,13,1.0,0.1,32,0.03,0.02
multimodal_psd-fc-wpli_gated_cnn,3,sub08,sub01;sub05;sub07;sub10;sub11;sub13;sub14;sub15;sub16;sub17;sub18;sub20;sub22;sub24;sub27;sub28;sub29,sub09,45,0.017547190189361572,1.8568867444992065,0.002,1e-05,1.0,1.0,False,False,multimodal,psd-fc-wpli,gated,cnn,True,finetune,segssl_barlow_all-patient_fc-wpli_finetune_seed13_pre20_proj32_mask0_03_noise0_02_mlp1_0_sup100,True,barlow,fc-wpli,all-patient,True,13,1.0,0.1,32,0.03,0.02
multimodal_psd-fc-wpli_gated_cnn,3,sub08,sub01;sub05;sub07;sub10;sub11;sub13;sub14;sub15;sub16;sub17;sub18;sub20;sub22;sub24;sub27;sub28;sub29,sub09,46,0.01464421022683382,1.8632757663726807,0.002,1e-05,1.0,1.0,False,False,multimodal,psd-fc-wpli,gated,cnn,True,finetune,segssl_barlow_all-patient_fc-wpli_finetune_seed13_pre20_proj32_mask0_03_noise0_02_mlp1_0_sup100,True,barlow,fc-wpli,all-patient,True,13,1.0,0.1,32,0.03,0.02
multimodal_psd-fc-wpli_gated_cnn,3,sub08,sub01;sub05;sub07;sub10;sub11;sub13;sub14;sub15;sub16;sub17;sub18;sub20;sub22;sub24;sub27;sub28;sub29,sub09,47,0.012289660982787609,1.8804305791854858,0.002,1e-05,1.0,1.0,False,False,multimodal,psd-fc-wpli,gated,cnn,True,finetune,segssl_barlow_all-patient_fc-wpli_finetune_seed13_pre20_proj32_mask0_03_noise0_02_mlp1_0_sup100,True,barlow,fc-wpli,all-patient,True,13,1.0,0.1,32,0.03,0.02
multimodal_psd-fc-wpli_gated_cnn,3,sub08,sub01;sub05;sub07;sub10;sub11;sub13;sub14;sub15;sub16;sub17;sub18;sub20;sub22;sub24;sub27;sub28;sub29,sub09,48,0.010375285521149635,1.9101895093917847,0.002,1e-05,1.0,1.0,False,False,multimodal,psd-fc-wpli,gated,cnn,True,finetune,segssl_barlow_all-patient_fc-wpli_finetune_seed13_pre20_proj32_mask0_03_noise0_02_mlp1_0_sup100,True,barlow,fc-wpli,all-patient,True,13,1.0,0.1,32,0.03,0.02
multimodal_psd-fc-wpli_gated_cnn,3,sub08,sub01;sub05;sub07;sub10;sub11;sub13;sub14;sub15;sub16;sub17;sub18;sub20;sub22;sub24;sub27;sub28;sub29,sub09,49,0.008816075511276722,1.9370265007019043,0.002,1e-05,1.0,1.0,False,False,multimodal,psd-fc-wpli,gated,cnn,True,finetune,segssl_barlow_all-patient_fc-wpli_finetune_seed13_pre20_proj32_mask0_03_noise0_02_mlp1_0_sup100,True,barlow,fc-wpli,all-patient,True,13,1.0,0.1,32,0.03,0.02
multimodal_psd-fc-wpli_gated_cnn,3,sub08,sub01;sub05;sub07;sub10;sub11;sub13;sub14;sub15;sub16;sub17;sub18;sub20;sub22;sub24;sub27;sub28;sub29,sub09,50,0.007542049046605825,1.9575741291046143,0.002,1e-05,1.0,1.0,False,False,multimodal,psd-fc-wpli,gated,cnn,True,finetune,segssl_barlow_all-patient_fc-wpli_finetune_seed13_pre20_proj32_mask0_03_noise0_02_mlp1_0_sup100,True,barlow,fc-wpli,all-patient,True,13,1.0,0.1,32,0.03,0.02
multimodal_psd-fc-wpli_gated_cnn,3,sub08,sub01;sub05;sub07;sub10;sub11;sub13;sub14;sub15;sub16;sub17;sub18;sub20;sub22;sub24;sub27;sub28;sub29,sub09,51,0.006492937449365854,1.9732080698013306,0.002,1e-05,1.0,1.0,False,False,multimodal,psd-fc-wpli,gated,cnn,True,finetune,segssl_barlow_all-patient_fc-wpli_finetune_seed13_pre20_proj32_mask0_03_noise0_02_mlp1_0_sup100,True,barlow,fc-wpli,all-patient,True,13,1.0,0.1,32,0.03,0.02
multimodal_psd-fc-wpli_gated_cnn,3,sub08,sub01;sub05;sub07;sub10;sub11;sub13;sub14;sub15;sub16;sub17;sub18;sub20;sub22;sub24;sub27;sub28;sub29,sub09,52,0.005623884033411741,1.9859099388122559,0.001,1e-05,1.0,1.0,False,False,multimodal,psd-fc-wpli,gated,cnn,True,finetune,segssl_barlow_all-patient_fc-wpli_finetune_seed13_pre20_proj32_mask0_03_noise0_02_mlp1_0_sup100,True,barlow,fc-wpli,all-patient,True,13,1.0,0.1,32,0.03,0.02
multimodal_psd-fc-wpli_gated_cnn,3,sub08,sub01;sub05;sub07;sub10;sub11;sub13;sub14;sub15;sub16;sub17;sub18;sub20;sub22;sub24;sub27;sub28;sub29,sub09,53,0.004902482498437166,1.9584943056106567,0.001,1e-05,1.0,1.0,False,False,multimodal,psd-fc-wpli,gated,cnn,True,finetune,segssl_barlow_all-patient_fc-wpli_finetune_seed13_pre20_proj32_mask0_03_noise0_02_mlp1_0_sup100,True,barlow,fc-wpli,all-patient,True,13,1.0,0.1,32,0.03,0.02
multimodal_psd-fc-wpli_gated_cnn,3,sub08,sub01;sub05;sub07;sub10;sub11;sub13;sub14;sub15;sub16;sub17;sub18;sub20;sub22;sub24;sub27;sub28;sub29,sub09,54,0.004593756981194019,1.936643123626709,0.001,1e-05,1.0,1.0,False,False,multimodal,psd-fc-wpli,gated,cnn,True,finetune,segssl_barlow_all-patient_fc-wpli_finetune_seed13_pre20_proj32_mask0_03_noise0_02_mlp1_0_sup100,True,barlow,fc-wpli,all-patient,True,13,1.0,0.1,32,0.03,0.02
multimodal_psd-fc-wpli_gated_cnn,3,sub08,sub01;sub05;sub07;sub10;sub11;sub13;sub14;sub15;sub16;sub17;sub18;sub20;sub22;sub24;sub27;sub28;sub29,sub09,55,0.004319905303418636,1.920815348625183,0.001,1e-05,1.0,1.0,False,False,multimodal,psd-fc-wpli,gated,cnn,True,finetune,segssl_barlow_all-patient_fc-wpli_finetune_seed13_pre20_proj32_mask0_03_noise0_02_mlp1_0_sup100,True,barlow,fc-wpli,all-patient,True,13,1.0,0.1,32,0.03,0.02
multimodal_psd-fc-wpli_gated_cnn,3,sub08,sub01;sub05;sub07;sub10;sub11;sub13;sub14;sub15;sub16;sub17;sub18;sub20;sub22;sub24;sub27;sub28;sub29,sub09,56,0.004076135344803333,1.9107710123062134,0.001,1e-05,1.0,1.0,False,False,multimodal,psd-fc-wpli,gated,cnn,True,finetune,segssl_barlow_all-patient_fc-wpli_finetune_seed13_pre20_proj32_mask0_03_noise0_02_mlp1_0_sup100,True,barlow,fc-wpli,all-patient,True,13,1.0,0.1,32,0.03,0.02
multimodal_psd-fc-wpli_gated_cnn,3,sub08,sub01;sub05;sub07;sub10;sub11;sub13;sub14;sub15;sub16;sub17;sub18;sub20;sub22;sub24;sub27;sub28;sub29,sub09,57,0.003858269192278385,1.9052510261535645,0.001,1e-05,1.0,1.0,False,False,multimodal,psd-fc-wpli,gated,cnn,True,finetune,segssl_barlow_all-patient_fc-wpli_finetune_seed13_pre20_proj32_mask0_03_noise0_02_mlp1_0_sup100,True,barlow,fc-wpli,all-patient,True,13,1.0,0.1,32,0.03,0.02
multimodal_psd-fc-wpli_gated_cnn,3,sub08,sub01;sub05;sub07;sub10;sub11;sub13;sub14;sub15;sub16;sub17;sub18;sub20;sub22;sub24;sub27;sub28;sub29,sub09,58,0.0036632290575653315,1.9029197692871094,0.001,1e-05,1.0,1.0,False,False,multimodal,psd-fc-wpli,gated,cnn,True,finetune,segssl_barlow_all-patient_fc-wpli_finetune_seed13_pre20_proj32_mask0_03_noise0_02_mlp1_0_sup100,True,barlow,fc-wpli,all-patient,True,13,1.0,0.1,32,0.03,0.02
multimodal_psd-fc-wpli_gated_cnn,3,sub08,sub01;sub05;sub07;sub10;sub11;sub13;sub14;sub15;sub16;sub17;sub18;sub20;sub22;sub24;sub27;sub28;sub29,sub09,59,0.0034880314487963915,1.902487874031067,0.001,1e-05,1.0,1.0,False,False,multimodal,psd-fc-wpli,gated,cnn,True,finetune,segssl_barlow_all-patient_fc-wpli_finetune_seed13_pre20_proj32_mask0_03_noise0_02_mlp1_0_sup100,True,barlow,fc-wpli,all-patient,True,13,1.0,0.1,32,0.03,0.02
multimodal_psd-fc-wpli_gated_cnn,3,sub08,sub01;sub05;sub07;sub10;sub11;sub13;sub14;sub15;sub16;sub17;sub18;sub20;sub22;sub24;sub27;sub28;sub29,sub09,60,0.003330146661028266,1.903134822845459,0.001,1e-05,1.0,1.0,False,False,multimodal,psd-fc-wpli,gated,cnn,True,finetune,segssl_barlow_all-patient_fc-wpli_finetune_seed13_pre20_proj32_mask0_03_noise0_02_mlp1_0_sup100,True,barlow,fc-wpli,all-patient,True,13,1.0,0.1,32,0.03,0.02
multimodal_psd-fc-wpli_gated_cnn,3,sub08,sub01;sub05;sub07;sub10;sub11;sub13;sub14;sub15;sub16;sub17;sub18;sub20;sub22;sub24;sub27;sub28;sub29,sub09,61,0.00318736769258976,1.9042712450027466,0.001,1e-05,1.0,1.0,False,False,multimodal,psd-fc-wpli,gated,cnn,True,finetune,segssl_barlow_all-patient_fc-wpli_finetune_seed13_pre20_proj32_mask0_03_noise0_02_mlp1_0_sup100,True,barlow,fc-wpli,all-patient,True,13,1.0,0.1,32,0.03,0.02
multimodal_psd-fc-wpli_gated_cnn,3,sub08,sub01;sub05;sub07;sub10;sub11;sub13;sub14;sub15;sub16;sub17;sub18;sub20;sub22;sub24;sub27;sub28;sub29,sub09,62,0.0030581061728298664,1.9046742916107178,0.001,1e-05,1.0,1.0,False,False,multimodal,psd-fc-wpli,gated,cnn,True,finetune,segssl_barlow_all-patient_fc-wpli_finetune_seed13_pre20_proj32_mask0_03_noise0_02_mlp1_0_sup100,True,barlow,fc-wpli,all-patient,True,13,1.0,0.1,32,0.03,0.02
multimodal_psd-fc-wpli_gated_cnn,3,sub08,sub01;sub05;sub07;sub10;sub11;sub13;sub14;sub15;sub16;sub17;sub18;sub20;sub22;sub24;sub27;sub28;sub29,sub09,63,0.0029404181987047195,1.9041491746902466,0.001,1e-05,1.0,1.0,False,False,multimodal,psd-fc-wpli,gated,cnn,True,finetune,segssl_barlow_all-patient_fc-wpli_finetune_seed13_pre20_proj32_mask0_03_noise0_02_mlp1_0_sup100,True,barlow,fc-wpli,all-patient,True,13,1.0,0.1,32,0.03,0.02
multimodal_psd-fc-wpli_gated_cnn,3,sub08,sub01;sub05;sub07;sub10;sub11;sub13;sub14;sub15;sub16;sub17;sub18;sub20;sub22;sub24;sub27;sub28;sub29,sub09,64,0.002833080245181918,1.9024865627288818,0.001,1e-05,1.0,1.0,False,False,multimodal,psd-fc-wpli,gated,cnn,True,finetune,segssl_barlow_all-patient_fc-wpli_finetune_seed13_pre20_proj32_mask0_03_noise0_02_mlp1_0_sup100,True,barlow,fc-wpli,all-patient,True,13,1.0,0.1,32,0.03,0.02
multimodal_psd-fc-wpli_gated_cnn,3,sub08,sub01;sub05;sub07;sub10;sub11;sub13;sub14;sub15;sub16;sub17;sub18;sub20;sub22;sub24;sub27;sub28;sub29,sub09,65,0.002734902547672391,1.899977684020996,0.001,1e-05,1.0,1.0,False,False,multimodal,psd-fc-wpli,gated,cnn,True,finetune,segssl_barlow_all-patient_fc-wpli_finetune_seed13_pre20_proj32_mask0_03_noise0_02_mlp1_0_sup100,True,barlow,fc-wpli,all-patient,True,13,1.0,0.1,32,0.03,0.02
multimodal_psd-fc-wpli_gated_cnn,3,sub08,sub01;sub05;sub07;sub10;sub11;sub13;sub14;sub15;sub16;sub17;sub18;sub20;sub22;sub24;sub27;sub28;sub29,sub09,66,0.0026447842828929424,1.8971081972122192,0.001,1e-05,1.0,1.0,False,False,multimodal,psd-fc-wpli,gated,cnn,True,finetune,segssl_barlow_all-patient_fc-wpli_finetune_seed13_pre20_proj32_mask0_03_noise0_02_mlp1_0_sup100,True,barlow,fc-wpli,all-patient,True,13,1.0,0.1,32,0.03,0.02
multimodal_psd-fc-wpli_gated_cnn,3,sub08,sub01;sub05;sub07;sub10;sub11;sub13;sub14;sub15;sub16;sub17;sub18;sub20;sub22;sub24;sub27;sub28;sub29,sub09,67,0.0025618693325668573,1.8946880102157593,0.001,1e-05,1.0,1.0,False,False,multimodal,psd-fc-wpli,gated,cnn,True,finetune,segssl_barlow_all-patient_fc-wpli_finetune_seed13_pre20_proj32_mask0_03_noise0_02_mlp1_0_sup100,True,barlow,fc-wpli,all-patient,True,13,1.0,0.1,32,0.03,0.02
multimodal_psd-fc-wpli_gated_cnn,3,sub08,sub01;sub05;sub07;sub10;sub11;sub13;sub14;sub15;sub16;sub17;sub18;sub20;sub22;sub24;sub27;sub28;sub29,sub09,68,0.002485414035618305,1.8923919200897217,0.001,1e-05,1.0,1.0,False,False,multimodal,psd-fc-wpli,gated,cnn,True,finetune,segssl_barlow_all-patient_fc-wpli_finetune_seed13_pre20_proj32_mask0_03_noise0_02_mlp1_0_sup100,True,barlow,fc-wpli,all-patient,True,13,1.0,0.1,32,0.03,0.02
multimodal_psd-fc-wpli_gated_cnn,3,sub08,sub01;sub05;sub07;sub10;sub11;sub13;sub14;sub15;sub16;sub17;sub18;sub20;sub22;sub24;sub27;sub28;sub29,sub09,69,0.0024148058146238327,1.8907678127288818,0.001,1e-05,1.0,1.0,False,False,multimodal,psd-fc-wpli,gated,cnn,True,finetune,segssl_barlow_all-patient_fc-wpli_finetune_seed13_pre20_proj32_mask0_03_noise0_02_mlp1_0_sup100,True,barlow,fc-wpli,all-patient,True,13,1.0,0.1,32,0.03,0.02
multimodal_psd-fc-wpli_gated_cnn,3,sub08,sub01;sub05;sub07;sub10;sub11;sub13;sub14;sub15;sub16;sub17;sub18;sub20;sub22;sub24;sub27;sub28;sub29,sub09,70,0.0023493412882089615,1.8896814584732056,0.001,1e-05,1.0,1.0,False,False,multimodal,psd-fc-wpli,gated,cnn,True,finetune,segssl_barlow_all-patient_fc-wpli_finetune_seed13_pre20_proj32_mask0_03_noise0_02_mlp1_0_sup100,True,barlow,fc-wpli,all-patient,True,13,1.0,0.1,32,0.03,0.02
multimodal_psd-fc-wpli_gated_cnn,3,sub08,sub01;sub05;sub07;sub10;sub11;sub13;sub14;sub15;sub16;sub17;sub18;sub20;sub22;sub24;sub27;sub28;sub29,sub09,71,0.0022884286008775234,1.8889436721801758,0.001,1e-05,1.0,1.0,False,False,multimodal,psd-fc-wpli,gated,cnn,True,finetune,segssl_barlow_all-patient_fc-wpli_finetune_seed13_pre20_proj32_mask0_03_noise0_02_mlp1_0_sup100,True,barlow,fc-wpli,all-patient,True,13,1.0,0.1,32,0.03,0.02
multimodal_psd-fc-wpli_gated_cnn,3,sub08,sub01;sub05;sub07;sub10;sub11;sub13;sub14;sub15;sub16;sub17;sub18;sub20;sub22;sub24;sub27;sub28;sub29,sub09,72,0.0022316179238259792,1.8883905410766602,0.001,1e-05,1.0,1.0,False,False,multimodal,psd-fc-wpli,gated,cnn,True,finetune,segssl_barlow_all-patient_fc-wpli_finetune_seed13_pre20_proj32_mask0_03_noise0_02_mlp1_0_sup100,True,barlow,fc-wpli,all-patient,True,13,1.0,0.1,32,0.03,0.02
multimodal_psd-fc-wpli_gated_cnn,3,sub08,sub01;sub05;sub07;sub10;sub11;sub13;sub14;sub15;sub16;sub17;sub18;sub20;sub22;sub24;sub27;sub28;sub29,sub09,73,0.00217858306132257,1.8872594833374023,0.001,1e-05,1.0,1.0,False,False,multimodal,psd-fc-wpli,gated,cnn,True,finetune,segssl_barlow_all-patient_fc-wpli_finetune_seed13_pre20_proj32_mask0_03_noise0_02_mlp1_0_sup100,True,barlow,fc-wpli,all-patient,True,13,1.0,0.1,32,0.03,0.02
multimodal_psd-fc-wpli_gated_cnn,3,sub08,sub01;sub05;sub07;sub10;sub11;sub13;sub14;sub15;sub16;sub17;sub18;sub20;sub22;sub24;sub27;sub28;sub29,sub09,74,0.0021291065495461226,1.8852901458740234,0.001,1e-05,1.0,1.0,False,False,multimodal,psd-fc-wpli,gated,cnn,True,finetune,segssl_barlow_all-patient_fc-wpli_finetune_seed13_pre20_proj32_mask0_03_noise0_02_mlp1_0_sup100,True,barlow,fc-wpli,all-patient,True,13,1.0,0.1,32,0.03,0.02
multimodal_psd-fc-wpli_gated_cnn,3,sub08,sub01;sub05;sub07;sub10;sub11;sub13;sub14;sub15;sub16;sub17;sub18;sub20;sub22;sub24;sub27;sub28;sub29,sub09,75,0.0020827383268624544,1.8827393054962158,0.001,1e-05,1.0,1.0,False,False,multimodal,psd-fc-wpli,gated,cnn,True,finetune,segssl_barlow_all-patient_fc-wpli_finetune_seed13_pre20_proj32_mask0_03_noise0_02_mlp1_0_sup100,True,barlow,fc-wpli,all-patient,True,13,1.0,0.1,32,0.03,0.02
multimodal_psd-fc-wpli_gated_cnn,3,sub08,sub01;sub05;sub07;sub10;sub11;sub13;sub14;sub15;sub16;sub17;sub18;sub20;sub22;sub24;sub27;sub28;sub29,sub09,76,0.0020391291473060846,1.8797664642333984,0.001,1e-05,1.0,1.0,False,False,multimodal,psd-fc-wpli,gated,cnn,True,finetune,segssl_barlow_all-patient_fc-wpli_finetune_seed13_pre20_proj32_mask0_03_noise0_02_mlp1_0_sup100,True,barlow,fc-wpli,all-patient,True,13,1.0,0.1,32,0.03,0.02
multimodal_psd-fc-wpli_gated_cnn,3,sub08,sub01;sub05;sub07;sub10;sub11;sub13;sub14;sub15;sub16;sub17;sub18;sub20;sub22;sub24;sub27;sub28;sub29,sub09,77,0.0019980252254754305,1.87650465965271,0.001,1e-05,1.0,1.0,False,False,multimodal,psd-fc-wpli,gated,cnn,True,finetune,segssl_barlow_all-patient_fc-wpli_finetune_seed13_pre20_proj32_mask0_03_noise0_02_mlp1_0_sup100,True,barlow,fc-wpli,all-patient,True,13,1.0,0.1,32,0.03,0.02
multimodal_psd-fc-wpli_gated_cnn,3,sub08,sub01;sub05;sub07;sub10;sub11;sub13;sub14;sub15;sub16;sub17;sub18;sub20;sub22;sub24;sub27;sub28;sub29,sub09,78,0.0019591706804931164,1.87300443649292,0.001,1e-05,1.0,1.0,False,False,multimodal,psd-fc-wpli,gated,cnn,True,finetune,segssl_barlow_all-patient_fc-wpli_finetune_seed13_pre20_proj32_mask0_03_noise0_02_mlp1_0_sup100,True,barlow,fc-wpli,all-patient,True,13,1.0,0.1,32,0.03,0.02
multimodal_psd-fc-wpli_gated_cnn,3,sub08,sub01;sub05;sub07;sub10;sub11;sub13;sub14;sub15;sub16;sub17;sub18;sub20;sub22;sub24;sub27;sub28;sub29,sub09,79,0.0019223883282393217,1.8691414594650269,0.001,1e-05,1.0,1.0,False,False,multimodal,psd-fc-wpli,gated,cnn,True,finetune,segssl_barlow_all-patient_fc-wpli_finetune_seed13_pre20_proj32_mask0_03_noise0_02_mlp1_0_sup100,True,barlow,fc-wpli,all-patient,True,13,1.0,0.1,32,0.03,0.02
multimodal_psd-fc-wpli_gated_cnn,3,sub08,sub01;sub05;sub07;sub10;sub11;sub13;sub14;sub15;sub16;sub17;sub18;sub20;sub22;sub24;sub27;sub28;sub29,sub09,80,0.001887506921775639,1.8649550676345825,0.001,1e-05,1.0,1.0,False,False,multimodal,psd-fc-wpli,gated,cnn,True,finetune,segssl_barlow_all-patient_fc-wpli_finetune_seed13_pre20_proj32_mask0_03_noise0_02_mlp1_0_sup100,True,barlow,fc-wpli,all-patient,True,13,1.0,0.1,32,0.03,0.02
multimodal_psd-fc-wpli_gated_cnn,3,sub08,sub01;sub05;sub07;sub10;sub11;sub13;sub14;sub15;sub16;sub17;sub18;sub20;sub22;sub24;sub27;sub28;sub29,sub09,81,0.0018543401965871453,1.8607436418533325,0.001,1e-05,1.0,1.0,False,False,multimodal,psd-fc-wpli,gated,cnn,True,finetune,segssl_barlow_all-patient_fc-wpli_finetune_seed13_pre20_proj32_mask0_03_noise0_02_mlp1_0_sup100,True,barlow,fc-wpli,all-patient,True,13,1.0,0.1,32,0.03,0.02
multimodal_psd-fc-wpli_gated_cnn,3,sub08,sub01;sub05;sub07;sub10;sub11;sub13;sub14;sub15;sub16;sub17;sub18;sub20;sub22;sub24;sub27;sub28;sub29,sub09,82,0.0018227839609608054,1.8566066026687622,0.001,1e-05,1.0,1.0,False,False,multimodal,psd-fc-wpli,gated,cnn,True,finetune,segssl_barlow_all-patient_fc-wpli_finetune_seed13_pre20_proj32_mask0_03_noise0_02_mlp1_0_sup100,True,barlow,fc-wpli,all-patient,True,13,1.0,0.1,32,0.03,0.02
multimodal_psd-fc-wpli_gated_cnn,3,sub08,sub01;sub05;sub07;sub10;sub11;sub13;sub14;sub15;sub16;sub17;sub18;sub20;sub22;sub24;sub27;sub28;sub29,sub09,83,0.0017927022418007255,1.8527576923370361,0.001,1e-05,1.0,1.0,False,False,multimodal,psd-fc-wpli,gated,cnn,True,finetune,segssl_barlow_all-patient_fc-wpli_finetune_seed13_pre20_proj32_mask0_03_noise0_02_mlp1_0_sup100,True,barlow,fc-wpli,all-patient,True,13,1.0,0.1,32,0.03,0.02
multimodal_psd-fc-wpli_gated_cnn,3,sub08,sub01;sub05;sub07;sub10;sub11;sub13;sub14;sub15;sub16;sub17;sub18;sub20;sub22;sub24;sub27;sub28;sub29,sub09,84,0.0017639151774346828,1.8491826057434082,0.001,1e-05,1.0,1.0,False,False,multimodal,psd-fc-wpli,gated,cnn,True,finetune,segssl_barlow_all-patient_fc-wpli_finetune_seed13_pre20_proj32_mask0_03_noise0_02_mlp1_0_sup100,True,barlow,fc-wpli,all-patient,True,13,1.0,0.1,32,0.03,0.02
multimodal_psd-fc-wpli_gated_cnn,3,sub08,sub01;sub05;sub07;sub10;sub11;sub13;sub14;sub15;sub16;sub17;sub18;sub20;sub22;sub24;sub27;sub28;sub29,sub09,85,0.0017363748047500849,1.845427393913269,0.001,1e-05,1.0,1.0,False,False,multimodal,psd-fc-wpli,gated,cnn,True,finetune,segssl_barlow_all-patient_fc-wpli_finetune_seed13_pre20_proj32_mask0_03_noise0_02_mlp1_0_sup100,True,barlow,fc-wpli,all-patient,True,13,1.0,0.1,32,0.03,0.02
multimodal_psd-fc-wpli_gated_cnn,3,sub08,sub01;sub05;sub07;sub10;sub11;sub13;sub14;sub15;sub16;sub17;sub18;sub20;sub22;sub24;sub27;sub28;sub29,sub09,86,0.0017099003307521343,1.8416715860366821,0.001,1e-05,1.0,1.0,False,False,multimodal,psd-fc-wpli,gated,cnn,True,finetune,segssl_barlow_all-patient_fc-wpli_finetune_seed13_pre20_proj32_mask0_03_noise0_02_mlp1_0_sup100,True,barlow,fc-wpli,all-patient,True,13,1.0,0.1,32,0.03,0.02
multimodal_psd-fc-wpli_gated_cnn,3,sub08,sub01;sub05;sub07;sub10;sub11;sub13;sub14;sub15;sub16;sub17;sub18;sub20;sub22;sub24;sub27;sub28;sub29,sub09,87,0.0016844789497554302,1.8376628160476685,0.001,1e-05,1.0,1.0,False,False,multimodal,psd-fc-wpli,gated,cnn,True,finetune,segssl_barlow_all-patient_fc-wpli_finetune_seed13_pre20_proj32_mask0_03_noise0_02_mlp1_0_sup100,True,barlow,fc-wpli,all-patient,True,13,1.0,0.1,32,0.03,0.02
multimodal_psd-fc-wpli_gated_cnn,3,sub08,sub01;sub05;sub07;sub10;sub11;sub13;sub14;sub15;sub16;sub17;sub18;sub20;sub22;sub24;sub27;sub28;sub29,sub09,88,0.001660048495978117,1.8336726427078247,0.001,1e-05,1.0,1.0,False,False,multimodal,psd-fc-wpli,gated,cnn,True,finetune,segssl_barlow_all-patient_fc-wpli_finetune_seed13_pre20_proj32_mask0_03_noise0_02_mlp1_0_sup100,True,barlow,fc-wpli,all-patient,True,13,1.0,0.1,32,0.03,0.02
multimodal_psd-fc-wpli_gated_cnn,3,sub08,sub01;sub05;sub07;sub10;sub11;sub13;sub14;sub15;sub16;sub17;sub18;sub20;sub22;sub24;sub27;sub28;sub29,sub09,89,0.0016364612383767962,1.8299435377120972,0.001,1e-05,1.0,1.0,False,False,multimodal,psd-fc-wpli,gated,cnn,True,finetune,segssl_barlow_all-patient_fc-wpli_finetune_seed13_pre20_proj32_mask0_03_noise0_02_mlp1_0_sup100,True,barlow,fc-wpli,all-patient,True,13,1.0,0.1,32,0.03,0.02
multimodal_psd-fc-wpli_gated_cnn,3,sub08,sub01;sub05;sub07;sub10;sub11;sub13;sub14;sub15;sub16;sub17;sub18;sub20;sub22;sub24;sub27;sub28;sub29,sub09,90,0.0016136708436533809,1.826625943183899,0.001,1e-05,1.0,1.0,False,False,multimodal,psd-fc-wpli,gated,cnn,True,finetune,segssl_barlow_all-patient_fc-wpli_finetune_seed13_pre20_proj32_mask0_03_noise0_02_mlp1_0_sup100,True,barlow,fc-wpli,all-patient,True,13,1.0,0.1,32,0.03,0.02
multimodal_psd-fc-wpli_gated_cnn,3,sub08,sub01;sub05;sub07;sub10;sub11;sub13;sub14;sub15;sub16;sub17;sub18;sub20;sub22;sub24;sub27;sub28;sub29,sub09,91,0.0015916073461994529,1.824126124382019,0.001,1e-05,1.0,1.0,False,False,multimodal,psd-fc-wpli,gated,cnn,True,finetune,segssl_barlow_all-patient_fc-wpli_finetune_seed13_pre20_proj32_mask0_03_noise0_02_mlp1_0_sup100,True,barlow,fc-wpli,all-patient,True,13,1.0,0.1,32,0.03,0.02
multimodal_psd-fc-wpli_gated_cnn,3,sub08,sub01;sub05;sub07;sub10;sub11;sub13;sub14;sub15;sub16;sub17;sub18;sub20;sub22;sub24;sub27;sub28;sub29,sub09,92,0.0015701914671808481,1.8228551149368286,0.001,1e-05,1.0,1.0,False,False,multimodal,psd-fc-wpli,gated,cnn,True,finetune,segssl_barlow_all-patient_fc-wpli_finetune_seed13_pre20_proj32_mask0_03_noise0_02_mlp1_0_sup100,True,barlow,fc-wpli,all-patient,True,13,1.0,0.1,32,0.03,0.02
multimodal_psd-fc-wpli_gated_cnn,3,sub08,sub01;sub05;sub07;sub10;sub11;sub13;sub14;sub15;sub16;sub17;sub18;sub20;sub22;sub24;sub27;sub28;sub29,sub09,93,0.0015493474202230573,1.8224968910217285,0.001,1e-05,1.0,1.0,False,False,multimodal,psd-fc-wpli,gated,cnn,True,finetune,segssl_barlow_all-patient_fc-wpli_finetune_seed13_pre20_proj32_mask0_03_noise0_02_mlp1_0_sup100,True,barlow,fc-wpli,all-patient,True,13,1.0,0.1,32,0.03,0.02
multimodal_psd-fc-wpli_gated_cnn,3,sub08,sub01;sub05;sub07;sub10;sub11;sub13;sub14;sub15;sub16;sub17;sub18;sub20;sub22;sub24;sub27;sub28;sub29,sub09,94,0.0015289874281734228,1.8231000900268555,0.001,1e-05,1.0,1.0,False,False,multimodal,psd-fc-wpli,gated,cnn,True,finetune,segssl_barlow_all-patient_fc-wpli_finetune_seed13_pre20_proj32_mask0_03_noise0_02_mlp1_0_sup100,True,barlow,fc-wpli,all-patient,True,13,1.0,0.1,32,0.03,0.02
multimodal_psd-fc-wpli_gated_cnn,3,sub08,sub01;sub05;sub07;sub10;sub11;sub13;sub14;sub15;sub16;sub17;sub18;sub20;sub22;sub24;sub27;sub28;sub29,sub09,95,0.0015090240631252527,1.8243869543075562,0.001,1e-05,1.0,1.0,False,False,multimodal,psd-fc-wpli,gated,cnn,True,finetune,segssl_barlow_all-patient_fc-wpli_finetune_seed13_pre20_proj32_mask0_03_noise0_02_mlp1_0_sup100,True,barlow,fc-wpli,all-patient,True,13,1.0,0.1,32,0.03,0.02
multimodal_psd-fc-wpli_gated_cnn,3,sub08,sub01;sub05;sub07;sub10;sub11;sub13;sub14;sub15;sub16;sub17;sub18;sub20;sub22;sub24;sub27;sub28;sub29,sub09,96,0.0014893792103976011,1.8262968063354492,0.001,1e-05,1.0,1.0,False,False,multimodal,psd-fc-wpli,gated,cnn,True,finetune,segssl_barlow_all-patient_fc-wpli_finetune_seed13_pre20_proj32_mask0_03_noise0_02_mlp1_0_sup100,True,barlow,fc-wpli,all-patient,True,13,1.0,0.1,32,0.03,0.02
multimodal_psd-fc-wpli_gated_cnn,3,sub08,sub01;sub05;sub07;sub10;sub11;sub13;sub14;sub15;sub16;sub17;sub18;sub20;sub22;sub24;sub27;sub28;sub29,sub09,97,0.0014701099134981632,1.8286373615264893,0.001,1e-05,1.0,1.0,False,False,multimodal,psd-fc-wpli,gated,cnn,True,finetune,segssl_barlow_all-patient_fc-wpli_finetune_seed13_pre20_proj32_mask0_03_noise0_02_mlp1_0_sup100,True,barlow,fc-wpli,all-patient,True,13,1.0,0.1,32,0.03,0.02
multimodal_psd-fc-wpli_gated_cnn,3,sub08,sub01;sub05;sub07;sub10;sub11;sub13;sub14;sub15;sub16;sub17;sub18;sub20;sub22;sub24;sub27;sub28;sub29,sub09,98,0.0014511649496853352,1.8311667442321777,0.001,1e-05,1.0,1.0,False,False,multimodal,psd-fc-wpli,gated,cnn,True,finetune,segssl_barlow_all-patient_fc-wpli_finetune_seed13_pre20_proj32_mask0_03_noise0_02_mlp1_0_sup100,True,barlow,fc-wpli,all-patient,True,13,1.0,0.1,32,0.03,0.02
multimodal_psd-fc-wpli_gated_cnn,3,sub08,sub01;sub05;sub07;sub10;sub11;sub13;sub14;sub15;sub16;sub17;sub18;sub20;sub22;sub24;sub27;sub28;sub29,sub09,99,0.0014325185911729932,1.832980751991272,0.001,1e-05,1.0,1.0,False,False,multimodal,psd-fc-wpli,gated,cnn,True,finetune,segssl_barlow_all-patient_fc-wpli_finetune_seed13_pre20_proj32_mask0_03_noise0_02_mlp1_0_sup100,True,barlow,fc-wpli,all-patient,True,13,1.0,0.1,32,0.03,0.02
multimodal_psd-fc-wpli_gated_cnn,3,sub08,sub01;sub05;sub07;sub10;sub11;sub13;sub14;sub15;sub16;sub17;sub18;sub20;sub22;sub24;sub27;sub28;sub29,sub09,100,0.0014141984283924103,1.834411382675171,0.001,1e-05,1.0,1.0,False,False,multimodal,psd-fc-wpli,gated,cnn,True,finetune,segssl_barlow_all-patient_fc-wpli_finetune_seed13_pre20_proj32_mask0_03_noise0_02_mlp1_0_sup100,True,barlow,fc-wpli,all-patient,True,13,1.0,0.1,32,0.03,0.02
multimodal_psd-fc-wpli_gated_cnn,4,sub09,sub01;sub05;sub07;sub08;sub11;sub13;sub14;sub15;sub16;sub17;sub18;sub20;sub22;sub24;sub27;sub28;sub29,sub10,1,0.6924529075622559,0.631773829460144,0.002,1e-05,1.0,1.0,True,False,multimodal,psd-fc-wpli,gated,cnn,True,finetune,segssl_barlow_all-patient_fc-wpli_finetune_seed13_pre20_proj32_mask0_03_noise0_02_mlp1_0_sup100,True,barlow,fc-wpli,all-patient,True,13,1.0,0.1,32,0.03,0.02
multimodal_psd-fc-wpli_gated_cnn,4,sub09,sub01;sub05;sub07;sub08;sub11;sub13;sub14;sub15;sub16;sub17;sub18;sub20;sub22;sub24;sub27;sub28;sub29,sub10,2,0.683517575263977,0.6275408864021301,0.002,1e-05,1.0,1.0,True,False,multimodal,psd-fc-wpli,gated,cnn,True,finetune,segssl_barlow_all-patient_fc-wpli_finetune_seed13_pre20_proj32_mask0_03_noise0_02_mlp1_0_sup100,True,barlow,fc-wpli,all-patient,True,13,1.0,0.1,32,0.03,0.02
multimodal_psd-fc-wpli_gated_cnn,4,sub09,sub01;sub05;sub07;sub08;sub11;sub13;sub14;sub15;sub16;sub17;sub18;sub20;sub22;sub24;sub27;sub28;sub29,sub10,3,0.6759985685348511,0.6225448846817017,0.002,1e-05,1.0,1.0,True,False,multimodal,psd-fc-wpli,gated,cnn,True,finetune,segssl_barlow_all-patient_fc-wpli_finetune_seed13_pre20_proj32_mask0_03_noise0_02_mlp1_0_sup100,True,barlow,fc-wpli,all-patient,True,13,1.0,0.1,32,0.03,0.02
multimodal_psd-fc-wpli_gated_cnn,4,sub09,sub01;sub05;sub07;sub08;sub11;sub13;sub14;sub15;sub16;sub17;sub18;sub20;sub22;sub24;sub27;sub28;sub29,sub10,4,0.6689094305038452,0.6167223453521729,0.002,1e-05,1.0,1.0,True,False,multimodal,psd-fc-wpli,gated,cnn,True,finetune,segssl_barlow_all-patient_fc-wpli_finetune_seed13_pre20_proj32_mask0_03_noise0_02_mlp1_0_sup100,True,barlow,fc-wpli,all-patient,True,13,1.0,0.1,32,0.03,0.02
multimodal_psd-fc-wpli_gated_cnn,4,sub09,sub01;sub05;sub07;sub08;sub11;sub13;sub14;sub15;sub16;sub17;sub18;sub20;sub22;sub24;sub27;sub28;sub29,sub10,5,0.6618741154670715,0.6101347208023071,0.002,1e-05,1.0,1.0,True,False,multimodal,psd-fc-wpli,gated,cnn,True,finetune,segssl_barlow_all-patient_fc-wpli_finetune_seed13_pre20_proj32_mask0_03_noise0_02_mlp1_0_sup100,True,barlow,fc-wpli,all-patient,True,13,1.0,0.1,32,0.03,0.02
multimodal_psd-fc-wpli_gated_cnn,4,sub09,sub01;sub05;sub07;sub08;sub11;sub13;sub14;sub15;sub16;sub17;sub18;sub20;sub22;sub24;sub27;sub28;sub29,sub10,6,0.6547595858573914,0.6037541031837463,0.002,1e-05,1.0,1.0,True,False,multimodal,psd-fc-wpli,gated,cnn,True,finetune,segssl_barlow_all-patient_fc-wpli_finetune_seed13_pre20_proj32_mask0_03_noise0_02_mlp1_0_sup100,True,barlow,fc-wpli,all-patient,True,13,1.0,0.1,32,0.03,0.02
multimodal_psd-fc-wpli_gated_cnn,4,sub09,sub01;sub05;sub07;sub08;sub11;sub13;sub14;sub15;sub16;sub17;sub18;sub20;sub22;sub24;sub27;sub28;sub29,sub10,7,0.6469373106956482,0.5950615406036377,0.002,1e-05,1.0,1.0,True,False,multimodal,psd-fc-wpli,gated,cnn,True,finetune,segssl_barlow_all-patient_fc-wpli_finetune_seed13_pre20_proj32_mask0_03_noise0_02_mlp1_0_sup100,True,barlow,fc-wpli,all-patient,True,13,1.0,0.1,32,0.03,0.02
multimodal_psd-fc-wpli_gated_cnn,4,sub09,sub01;sub05;sub07;sub08;sub11;sub13;sub14;sub15;sub16;sub17;sub18;sub20;sub22;sub24;sub27;sub28;sub29,sub10,8,0.6382182240486145,0.5838848352432251,0.002,1e-05,1.0,1.0,True,False,multimodal,psd-fc-wpli,gated,cnn,True,finetune,segssl_barlow_all-patient_fc-wpli_finetune_seed13_pre20_proj32_mask0_03_noise0_02_mlp1_0_sup100,True,barlow,fc-wpli,all-patient,True,13,1.0,0.1,32,0.03,0.02
multimodal_psd-fc-wpli_gated_cnn,4,sub09,sub01;sub05;sub07;sub08;sub11;sub13;sub14;sub15;sub16;sub17;sub18;sub20;sub22;sub24;sub27;sub28;sub29,sub10,9,0.6286449432373047,0.5720348954200745,0.002,1e-05,1.0,1.0,True,False,multimodal,psd-fc-wpli,gated,cnn,True,finetune,segssl_barlow_all-patient_fc-wpli_finetune_seed13_pre20_proj32_mask0_03_noise0_02_mlp1_0_sup100,True,barlow,fc-wpli,all-patient,True,13,1.0,0.1,32,0.03,0.02
multimodal_psd-fc-wpli_gated_cnn,4,sub09,sub01;sub05;sub07;sub08;sub11;sub13;sub14;sub15;sub16;sub17;sub18;sub20;sub22;sub24;sub27;sub28;sub29,sub10,10,0.618072509765625,0.5586749315261841,0.002,1e-05,1.0,1.0,True,False,multimodal,psd-fc-wpli,gated,cnn,True,finetune,segssl_barlow_all-patient_fc-wpli_finetune_seed13_pre20_proj32_mask0_03_noise0_02_mlp1_0_sup100,True,barlow,fc-wpli,all-patient,True,13,1.0,0.1,32,0.03,0.02
multimodal_psd-fc-wpli_gated_cnn,4,sub09,sub01;sub05;sub07;sub08;sub11;sub13;sub14;sub15;sub16;sub17;sub18;sub20;sub22;sub24;sub27;sub28;sub29,sub10,11,0.6067033410072327,0.5437588095664978,0.002,1e-05,1.0,1.0,True,False,multimodal,psd-fc-wpli,gated,cnn,True,finetune,segssl_barlow_all-patient_fc-wpli_finetune_seed13_pre20_proj32_mask0_03_noise0_02_mlp1_0_sup100,True,barlow,fc-wpli,all-patient,True,13,1.0,0.1,32,0.03,0.02
multimodal_psd-fc-wpli_gated_cnn,4,sub09,sub01;sub05;sub07;sub08;sub11;sub13;sub14;sub15;sub16;sub17;sub18;sub20;sub22;sub24;sub27;sub28;sub29,sub10,12,0.5942375659942627,0.5272565484046936,0.002,1e-05,1.0,1.0,True,False,multimodal,psd-fc-wpli,gated,cnn,True,finetune,segssl_barlow_all-patient_fc-wpli_finetune_seed13_pre20_proj32_mask0_03_noise0_02_mlp1_0_sup100,True,barlow,fc-wpli,all-patient,True,13,1.0,0.1,32,0.03,0.02
multimodal_psd-fc-wpli_gated_cnn,4,sub09,sub01;sub05;sub07;sub08;sub11;sub13;sub14;sub15;sub16;sub17;sub18;sub20;sub22;sub24;sub27;sub28;sub29,sub10,13,0.5806627869606018,0.509562075138092,0.002,1e-05,1.0,1.0,True,False,multimodal,psd-fc-wpli,gated,cnn,True,finetune,segssl_barlow_all-patient_fc-wpli_finetune_seed13_pre20_proj32_mask0_03_noise0_02_mlp1_0_sup100,True,barlow,fc-wpli,all-patient,True,13,1.0,0.1,32,0.03,0.02
multimodal_psd-fc-wpli_gated_cnn,4,sub09,sub01;sub05;sub07;sub08;sub11;sub13;sub14;sub15;sub16;sub17;sub18;sub20;sub22;sub24;sub27;sub28;sub29,sub10,14,0.5659224390983582,0.4898553490638733,0.002,1e-05,1.0,1.0,True,False,multimodal,psd-fc-wpli,gated,cnn,True,finetune,segssl_barlow_all-patient_fc-wpli_finetune_seed13_pre20_proj32_mask0_03_noise0_02_mlp1_0_sup100,True,barlow,fc-wpli,all-patient,True,13,1.0,0.1,32,0.03,0.02
multimodal_psd-fc-wpli_gated_cnn,4,sub09,sub01;sub05;sub07;sub08;sub11;sub13;sub14;sub15;sub16;sub17;sub18;sub20;sub22;sub24;sub27;sub28;sub29,sub10,15,0.5503793358802795,0.46840283274650574,0.002,1e-05,1.0,1.0,True,False,multimodal,psd-fc-wpli,gated,cnn,True,finetune,segssl_barlow_all-patient_fc-wpli_finetune_seed13_pre20_proj32_mask0_03_noise0_02_mlp1_0_sup100,True,barlow,fc-wpli,all-patient,True,13,1.0,0.1,32,0.03,0.02
multimodal_psd-fc-wpli_gated_cnn,4,sub09,sub01;sub05;sub07;sub08;sub11;sub13;sub14;sub15;sub16;sub17;sub18;sub20;sub22;sub24;sub27;sub28;sub29,sub10,16,0.5336943864822388,0.44623690843582153,0.002,1e-05,1.0,1.0,True,False,multimodal,psd-fc-wpli,gated,cnn,True,finetune,segssl_barlow_all-patient_fc-wpli_finetune_seed13_pre20_proj32_mask0_03_noise0_02_mlp1_0_sup100,True,barlow,fc-wpli,all-patient,True,13,1.0,0.1,32,0.03,0.02
multimodal_psd-fc-wpli_gated_cnn,4,sub09,sub01;sub05;sub07;sub08;sub11;sub13;sub14;sub15;sub16;sub17;sub18;sub20;sub22;sub24;sub27;sub28;sub29,sub10,17,0.5157576203346252,0.423810750246048,0.002,1e-05,1.0,1.0,True,False,multimodal,psd-fc-wpli,gated,cnn,True,finetune,segssl_barlow_all-patient_fc-wpli_finetune_seed13_pre20_proj32_mask0_03_noise0_02_mlp1_0_sup100,True,barlow,fc-wpli,all-patient,True,13,1.0,0.1,32,0.03,0.02
multimodal_psd-fc-wpli_gated_cnn,4,sub09,sub01;sub05;sub07;sub08;sub11;sub13;sub14;sub15;sub16;sub17;sub18;sub20;sub22;sub24;sub27;sub28;sub29,sub10,18,0.49641159176826477,0.40106308460235596,0.002,1e-05,1.0,1.0,True,False,multimodal,psd-fc-wpli,gated,cnn,True,finetune,segssl_barlow_all-patient_fc-wpli_finetune_seed13_pre20_proj32_mask0_03_noise0_02_mlp1_0_sup100,True,barlow,fc-wpli,all-patient,True,13,1.0,0.1,32,0.03,0.02
multimodal_psd-fc-wpli_gated_cnn,4,sub09,sub01;sub05;sub07;sub08;sub11;sub13;sub14;sub15;sub16;sub17;sub18;sub20;sub22;sub24;sub27;sub28;sub29,sub10,19,0.47581806778907776,0.3780133128166199,0.002,1e-05,1.0,1.0,True,False,multimodal,psd-fc-wpli,gated,cnn,True,finetune,segssl_barlow_all-patient_fc-wpli_finetune_seed13_pre20_proj32_mask0_03_noise0_02_mlp1_0_sup100,True,barlow,fc-wpli,all-patient,True,13,1.0,0.1,32,0.03,0.02
multimodal_psd-fc-wpli_gated_cnn,4,sub09,sub01;sub05;sub07;sub08;sub11;sub13;sub14;sub15;sub16;sub17;sub18;sub20;sub22;sub24;sub27;sub28;sub29,sub10,20,0.45384588837623596,0.3544659912586212,0.002,1e-05,1.0,1.0,True,False,multimodal,psd-fc-wpli,gated,cnn,True,finetune,segssl_barlow_all-patient_fc-wpli_finetune_seed13_pre20_proj32_mask0_03_noise0_02_mlp1_0_sup100,True,barlow,fc-wpli,all-patient,True,13,1.0,0.1,32,0.03,0.02
multimodal_psd-fc-wpli_gated_cnn,4,sub09,sub01;sub05;sub07;sub08;sub11;sub13;sub14;sub15;sub16;sub17;sub18;sub20;sub22;sub24;sub27;sub28;sub29,sub10,21,0.4308547377586365,0.33268940448760986,0.002,1e-05,1.0,1.0,True,False,multimodal,psd-fc-wpli,gated,cnn,True,finetune,segssl_barlow_all-patient_fc-wpli_finetune_seed13_pre20_proj32_mask0_03_noise0_02_mlp1_0_sup100,True,barlow,fc-wpli,all-patient,True,13,1.0,0.1,32,0.03,0.02
multimodal_psd-fc-wpli_gated_cnn,4,sub09,sub01;sub05;sub07;sub08;sub11;sub13;sub14;sub15;sub16;sub17;sub18;sub20;sub22;sub24;sub27;sub28;sub29,sub10,22,0.4069710075855255,0.3108532428741455,0.002,1e-05,1.0,1.0,True,False,multimodal,psd-fc-wpli,gated,cnn,True,finetune,segssl_barlow_all-patient_fc-wpli_finetune_seed13_pre20_proj32_mask0_03_noise0_02_mlp1_0_sup100,True,barlow,fc-wpli,all-patient,True,13,1.0,0.1,32,0.03,0.02
multimodal_psd-fc-wpli_gated_cnn,4,sub09,sub01;sub05;sub07;sub08;sub11;sub13;sub14;sub15;sub16;sub17;sub18;sub20;sub22;sub24;sub27;sub28;sub29,sub10,23,0.3822510242462158,0.2902378439903259,0.002,1e-05,1.0,1.0,True,False,multimodal,psd-fc-wpli,gated,cnn,True,finetune,segssl_barlow_all-patient_fc-wpli_finetune_seed13_pre20_proj32_mask0_03_noise0_02_mlp1_0_sup100,True,barlow,fc-wpli,all-patient,True,13,1.0,0.1,32,0.03,0.02
multimodal_psd-fc-wpli_gated_cnn,4,sub09,sub01;sub05;sub07;sub08;sub11;sub13;sub14;sub15;sub16;sub17;sub18;sub20;sub22;sub24;sub27;sub28;sub29,sub10,24,0.35709884762763977,0.26932457089424133,0.002,1e-05,1.0,1.0,True,False,multimodal,psd-fc-wpli,gated,cnn,True,finetune,segssl_barlow_all-patient_fc-wpli_finetune_seed13_pre20_proj32_mask0_03_noise0_02_mlp1_0_sup100,True,barlow,fc-wpli,all-patient,True,13,1.0,0.1,32,0.03,0.02
multimodal_psd-fc-wpli_gated_cnn,4,sub09,sub01;sub05;sub07;sub08;sub11;sub13;sub14;sub15;sub16;sub17;sub18;sub20;sub22;sub24;sub27;sub28;sub29,sub10,25,0.3314906358718872,0.24719171226024628,0.002,1e-05,1.0,1.0,True,False,multimodal,psd-fc-wpli,gated,cnn,True,finetune,segssl_barlow_all-patient_fc-wpli_finetune_seed13_pre20_proj32_mask0_03_noise0_02_mlp1_0_sup100,True,barlow,fc-wpli,all-patient,True,13,1.0,0.1,32,0.03,0.02
multimodal_psd-fc-wpli_gated_cnn,4,sub09,sub01;sub05;sub07;sub08;sub11;sub13;sub14;sub15;sub16;sub17;sub18;sub20;sub22;sub24;sub27;sub28;sub29,sub10,26,0.3056334853172302,0.22468818724155426,0.002,1e-05,1.0,1.0,True,False,multimodal,psd-fc-wpli,gated,cnn,True,finetune,segssl_barlow_all-patient_fc-wpli_finetune_seed13_pre20_proj32_mask0_03_noise0_02_mlp1_0_sup100,True,barlow,fc-wpli,all-patient,True,13,1.0,0.1,32,0.03,0.02
multimodal_psd-fc-wpli_gated_cnn,4,sub09,sub01;sub05;sub07;sub08;sub11;sub13;sub14;sub15;sub16;sub17;sub18;sub20;sub22;sub24;sub27;sub28;sub29,sub10,27,0.27995461225509644,0.2033088058233261,0.002,1e-05,1.0,1.0,True,False,multimodal,psd-fc-wpli,gated,cnn,True,finetune,segssl_barlow_all-patient_fc-wpli_finetune_seed13_pre20_proj32_mask0_03_noise0_02_mlp1_0_sup100,True,barlow,fc-wpli,all-patient,True,13,1.0,0.1,32,0.03,0.02
multimodal_psd-fc-wpli_gated_cnn,4,sub09,sub01;sub05;sub07;sub08;sub11;sub13;sub14;sub15;sub16;sub17;sub18;sub20;sub22;sub24;sub27;sub28;sub29,sub10,28,0.25486889481544495,0.18340227007865906,0.002,1e-05,1.0,1.0,True,False,multimodal,psd-fc-wpli,gated,cnn,True,finetune,segssl_barlow_all-patient_fc-wpli_finetune_seed13_pre20_proj32_mask0_03_noise0_02_mlp1_0_sup100,True,barlow,fc-wpli,all-patient,True,13,1.0,0.1,32,0.03,0.02
multimodal_psd-fc-wpli_gated_cnn,4,sub09,sub01;sub05;sub07;sub08;sub11;sub13;sub14;sub15;sub16;sub17;sub18;sub20;sub22;sub24;sub27;sub28;sub29,sub10,29,0.23026320338249207,0.16550569236278534,0.002,1e-05,1.0,1.0,True,False,multimodal,psd-fc-wpli,gated,cnn,True,finetune,segssl_barlow_all-patient_fc-wpli_finetune_seed13_pre20_proj32_mask0_03_noise0_02_mlp1_0_sup100,True,barlow,fc-wpli,all-patient,True,13,1.0,0.1,32,0.03,0.02
multimodal_psd-fc-wpli_gated_cnn,4,sub09,sub01;sub05;sub07;sub08;sub11;sub13;sub14;sub15;sub16;sub17;sub18;sub20;sub22;sub24;sub27;sub28;sub29,sub10,30,0.20660817623138428,0.14717541635036469,0.002,1e-05,1.0,1.0,True,False,multimodal,psd-fc-wpli,gated,cnn,True,finetune,segssl_barlow_all-patient_fc-wpli_finetune_seed13_pre20_proj32_mask0_03_noise0_02_mlp1_0_sup100,True,barlow,fc-wpli,all-patient,True,13,1.0,0.1,32,0.03,0.02
multimodal_psd-fc-wpli_gated_cnn,4,sub09,sub01;sub05;sub07;sub08;sub11;sub13;sub14;sub15;sub16;sub17;sub18;sub20;sub22;sub24;sub27;sub28;sub29,sub10,31,0.1839037537574768,0.12824033200740814,0.002,1e-05,1.0,1.0,True,False,multimodal,psd-fc-wpli,gated,cnn,True,finetune,segssl_barlow_all-patient_fc-wpli_finetune_seed13_pre20_proj32_mask0_03_noise0_02_mlp1_0_sup100,True,barlow,fc-wpli,all-patient,True,13,1.0,0.1,32,0.03,0.02
multimodal_psd-fc-wpli_gated_cnn,4,sub09,sub01;sub05;sub07;sub08;sub11;sub13;sub14;sub15;sub16;sub17;sub18;sub20;sub22;sub24;sub27;sub28;sub29,sub10,32,0.1623508185148239,0.10898171365261078,0.002,1e-05,1.0,1.0,True,False,multimodal,psd-fc-wpli,gated,cnn,True,finetune,segssl_barlow_all-patient_fc-wpli_finetune_seed13_pre20_proj32_mask0_03_noise0_02_mlp1_0_sup100,True,barlow,fc-wpli,all-patient,True,13,1.0,0.1,32,0.03,0.02
multimodal_psd-fc-wpli_gated_cnn,4,sub09,sub01;sub05;sub07;sub08;sub11;sub13;sub14;sub15;sub16;sub17;sub18;sub20;sub22;sub24;sub27;sub28;sub29,sub10,33,0.14219601452350616,0.09037428349256516,0.002,1e-05,1.0,1.0,True,False,multimodal,psd-fc-wpli,gated,cnn,True,finetune,segssl_barlow_all-patient_fc-wpli_finetune_seed13_pre20_proj32_mask0_03_noise0_02_mlp1_0_sup100,True,barlow,fc-wpli,all-patient,True,13,1.0,0.1,32,0.03,0.02
multimodal_psd-fc-wpli_gated_cnn,4,sub09,sub01;sub05;sub07;sub08;sub11;sub13;sub14;sub15;sub16;sub17;sub18;sub20;sub22;sub24;sub27;sub28;sub29,sub10,34,0.12350542098283768,0.07408585399389267,0.002,1e-05,1.0,1.0,True,False,multimodal,psd-fc-wpli,gated,cnn,True,finetune,segssl_barlow_all-patient_fc-wpli_finetune_seed13_pre20_proj32_mask0_03_noise0_02_mlp1_0_sup100,True,barlow,fc-wpli,all-patient,True,13,1.0,0.1,32,0.03,0.02
multimodal_psd-fc-wpli_gated_cnn,4,sub09,sub01;sub05;sub07;sub08;sub11;sub13;sub14;sub15;sub16;sub17;sub18;sub20;sub22;sub24;sub27;sub28;sub29,sub10,35,0.10655854642391205,0.06159137189388275,0.002,1e-05,1.0,1.0,True,False,multimodal,psd-fc-wpli,gated,cnn,True,finetune,segssl_barlow_all-patient_fc-wpli_finetune_seed13_pre20_proj32_mask0_03_noise0_02_mlp1_0_sup100,True,barlow,fc-wpli,all-patient,True,13,1.0,0.1,32,0.03,0.02
multimodal_psd-fc-wpli_gated_cnn,4,sub09,sub01;sub05;sub07;sub08;sub11;sub13;sub14;sub15;sub16;sub17;sub18;sub20;sub22;sub24;sub27;sub28;sub29,sub10,36,0.09138958901166916,0.05181514099240303,0.002,1e-05,1.0,1.0,True,False,multimodal,psd-fc-wpli,gated,cnn,True,finetune,segssl_barlow_all-patient_fc-wpli_finetune_seed13_pre20_proj32_mask0_03_noise0_02_mlp1_0_sup100,True,barlow,fc-wpli,all-patient,True,13,1.0,0.1,32,0.03,0.02
multimodal_psd-fc-wpli_gated_cnn,4,sub09,sub01;sub05;sub07;sub08;sub11;sub13;sub14;sub15;sub16;sub17;sub18;sub20;sub22;sub24;sub27;sub28;sub29,sub10,37,0.07781992107629776,0.04423872381448746,0.002,1e-05,1.0,1.0,True,False,multimodal,psd-fc-wpli,gated,cnn,True,finetune,segssl_barlow_all-patient_fc-wpli_finetune_seed13_pre20_proj32_mask0_03_noise0_02_mlp1_0_sup100,True,barlow,fc-wpli,all-patient,True,13,1.0,0.1,32,0.03,0.02
multimodal_psd-fc-wpli_gated_cnn,4,sub09,sub01;sub05;sub07;sub08;sub11;sub13;sub14;sub15;sub16;sub17;sub18;sub20;sub22;sub24;sub27;sub28;sub29,sub10,38,0.0659375861287117,0.038287874311208725,0.002,1e-05,1.0,1.0,True,False,multimodal,psd-fc-wpli,gated,cnn,True,finetune,segssl_barlow_all-patient_fc-wpli_finetune_seed13_pre20_proj32_mask0_03_noise0_02_mlp1_0_sup100,True,barlow,fc-wpli,all-patient,True,13,1.0,0.1,32,0.03,0.02
multimodal_psd-fc-wpli_gated_cnn,4,sub09,sub01;sub05;sub07;sub08;sub11;sub13;sub14;sub15;sub16;sub17;sub18;sub20;sub22;sub24;sub27;sub28;sub29,sub10,39,0.05568714812397957,0.032877933233976364,0.002,1e-05,1.0,1.0,True,False,multimodal,psd-fc-wpli,gated,cnn,True,finetune,segssl_barlow_all-patient_fc-wpli_finetune_seed13_pre20_proj32_mask0_03_noise0_02_mlp1_0_sup100,True,barlow,fc-wpli,all-patient,True,13,1.0,0.1,32,0.03,0.02
multimodal_psd-fc-wpli_gated_cnn,4,sub09,sub01;sub05;sub07;sub08;sub11;sub13;sub14;sub15;sub16;sub17;sub18;sub20;sub22;sub24;sub27;sub28;sub29,sub10,40,0.04684552922844887,0.02819204144179821,0.002,1e-05,1.0,1.0,True,False,multimodal,psd-fc-wpli,gated,cnn,True,finetune,segssl_barlow_all-patient_fc-wpli_finetune_seed13_pre20_proj32_mask0_03_noise0_02_mlp1_0_sup100,True,barlow,fc-wpli,all-patient,True,13,1.0,0.1,32,0.03,0.02
multimodal_psd-fc-wpli_gated_cnn,4,sub09,sub01;sub05;sub07;sub08;sub11;sub13;sub14;sub15;sub16;sub17;sub18;sub20;sub22;sub24;sub27;sub28;sub29,sub10,41,0.0392974354326725,0.024545788764953613,0.002,1e-05,1.0,1.0,True,False,multimodal,psd-fc-wpli,gated,cnn,True,finetune,segssl_barlow_all-patient_fc-wpli_finetune_seed13_pre20_proj32_mask0_03_noise0_02_mlp1_0_sup100,True,barlow,fc-wpli,all-patient,True,13,1.0,0.1,32,0.03,0.02
multimodal_psd-fc-wpli_gated_cnn,4,sub09,sub01;sub05;sub07;sub08;sub11;sub13;sub14;sub15;sub16;sub17;sub18;sub20;sub22;sub24;sub27;sub28;sub29,sub10,42,0.032965533435344696,0.021971285343170166,0.002,1e-05,1.0,1.0,True,False,multimodal,psd-fc-wpli,gated,cnn,True,finetune,segssl_barlow_all-patient_fc-wpli_finetune_seed13_pre20_proj32_mask0_03_noise0_02_mlp1_0_sup100,True,barlow,fc-wpli,all-patient,True,13,1.0,0.1,32,0.03,0.02
multimodal_psd-fc-wpli_gated_cnn,4,sub09,sub01;sub05;sub07;sub08;sub11;sub13;sub14;sub15;sub16;sub17;sub18;sub20;sub22;sub24;sub27;sub28;sub29,sub10,43,0.027675064280629158,0.020039154216647148,0.002,1e-05,1.0,1.0,True,False,multimodal,psd-fc-wpli,gated,cnn,True,finetune,segssl_barlow_all-patient_fc-wpli_finetune_seed13_pre20_proj32_mask0_03_noise0_02_mlp1_0_sup100,True,barlow,fc-wpli,all-patient,True,13,1.0,0.1,32,0.03,0.02
multimodal_psd-fc-wpli_gated_cnn,4,sub09,sub01;sub05;sub07;sub08;sub11;sub13;sub14;sub15;sub16;sub17;sub18;sub20;sub22;sub24;sub27;sub28;sub29,sub10,44,0.023255158215761185,0.018472185358405113,0.002,1e-05,1.0,1.0,True,False,multimodal,psd-fc-wpli,gated,cnn,True,finetune,segssl_barlow_all-patient_fc-wpli_finetune_seed13_pre20_proj32_mask0_03_noise0_02_mlp1_0_sup100,True,barlow,fc-wpli,all-patient,True,13,1.0,0.1,32,0.03,0.02
multimodal_psd-fc-wpli_gated_cnn,4,sub09,sub01;sub05;sub07;sub08;sub11;sub13;sub14;sub15;sub16;sub17;sub18;sub20;sub22;sub24;sub27;sub28;sub29,sub10,45,0.01958657056093216,0.017066748812794685,0.002,1e-05,1.0,1.0,True,False,multimodal,psd-fc-wpli,gated,cnn,True,finetune,segssl_barlow_all-patient_fc-wpli_finetune_seed13_pre20_proj32_mask0_03_noise0_02_mlp1_0_sup100,True,barlow,fc-wpli,all-patient,True,13,1.0,0.1,32,0.03,0.02
multimodal_psd-fc-wpli_gated_cnn,4,sub09,sub01;sub05;sub07;sub08;sub11;sub13;sub14;sub15;sub16;sub17;sub18;sub20;sub22;sub24;sub27;sub28;sub29,sub10,46,0.01656242273747921,0.015755562111735344,0.002,1e-05,1.0,1.0,True,False,multimodal,psd-fc-wpli,gated,cnn,True,finetune,segssl_barlow_all-patient_fc-wpli_finetune_seed13_pre20_proj32_mask0_03_noise0_02_mlp1_0_sup100,True,barlow,fc-wpli,all-patient,True,13,1.0,0.1,32,0.03,0.02
multimodal_psd-fc-wpli_gated_cnn,4,sub09,sub01;sub05;sub07;sub08;sub11;sub13;sub14;sub15;sub16;sub17;sub18;sub20;sub22;sub24;sub27;sub28;sub29,sub10,47,0.014043278992176056,0.014647786505520344,0.002,1e-05,1.0,1.0,True,False,multimodal,psd-fc-wpli,gated,cnn,True,finetune,segssl_barlow_all-patient_fc-wpli_finetune_seed13_pre20_proj32_mask0_03_noise0_02_mlp1_0_sup100,True,barlow,fc-wpli,all-patient,True,13,1.0,0.1,32,0.03,0.02
multimodal_psd-fc-wpli_gated_cnn,4,sub09,sub01;sub05;sub07;sub08;sub11;sub13;sub14;sub15;sub16;sub17;sub18;sub20;sub22;sub24;sub27;sub28;sub29,sub10,48,0.011954013258218765,0.01383925974369049,0.002,1e-05,1.0,1.0,True,False,multimodal,psd-fc-wpli,gated,cnn,True,finetune,segssl_barlow_all-patient_fc-wpli_finetune_seed13_pre20_proj32_mask0_03_noise0_02_mlp1_0_sup100,True,barlow,fc-wpli,all-patient,True,13,1.0,0.1,32,0.03,0.02
multimodal_psd-fc-wpli_gated_cnn,4,sub09,sub01;sub05;sub07;sub08;sub11;sub13;sub14;sub15;sub16;sub17;sub18;sub20;sub22;sub24;sub27;sub28;sub29,sub10,49,0.010224121622741222,0.013240042142570019,0.002,1e-05,1.0,1.0,True,False,multimodal,psd-fc-wpli,gated,cnn,True,finetune,segssl_barlow_all-patient_fc-wpli_finetune_seed13_pre20_proj32_mask0_03_noise0_02_mlp1_0_sup100,True,barlow,fc-wpli,all-patient,True,13,1.0,0.1,32,0.03,0.02
multimodal_psd-fc-wpli_gated_cnn,4,sub09,sub01;sub05;sub07;sub08;sub11;sub13;sub14;sub15;sub16;sub17;sub18;sub20;sub22;sub24;sub27;sub28;sub29,sub10,50,0.00879074539989233,0.012772541493177414,0.002,1e-05,1.0,1.0,True,False,multimodal,psd-fc-wpli,gated,cnn,True,finetune,segssl_barlow_all-patient_fc-wpli_finetune_seed13_pre20_proj32_mask0_03_noise0_02_mlp1_0_sup100,True,barlow,fc-wpli,all-patient,True,13,1.0,0.1,32,0.03,0.02
multimodal_psd-fc-wpli_gated_cnn,4,sub09,sub01;sub05;sub07;sub08;sub11;sub13;sub14;sub15;sub16;sub17;sub18;sub20;sub22;sub24;sub27;sub28;sub29,sub10,51,0.007599161006510258,0.012386424466967583,0.002,1e-05,1.0,1.0,True,False,multimodal,psd-fc-wpli,gated,cnn,True,finetune,segssl_barlow_all-patient_fc-wpli_finetune_seed13_pre20_proj32_mask0_03_noise0_02_mlp1_0_sup100,True,barlow,fc-wpli,all-patient,True,13,1.0,0.1,32,0.03,0.02
multimodal_psd-fc-wpli_gated_cnn,4,sub09,sub01;sub05;sub07;sub08;sub11;sub13;sub14;sub15;sub16;sub17;sub18;sub20;sub22;sub24;sub27;sub28;sub29,sub10,52,0.006605472881346941,0.012017708271741867,0.002,1e-05,1.0,1.0,True,False,multimodal,psd-fc-wpli,gated,cnn,True,finetune,segssl_barlow_all-patient_fc-wpli_finetune_seed13_pre20_proj32_mask0_03_noise0_02_mlp1_0_sup100,True,barlow,fc-wpli,all-patient,True,13,1.0,0.1,32,0.03,0.02
multimodal_psd-fc-wpli_gated_cnn,4,sub09,sub01;sub05;sub07;sub08;sub11;sub13;sub14;sub15;sub16;sub17;sub18;sub20;sub22;sub24;sub27;sub28;sub29,sub10,53,0.005779959727078676,0.011609269306063652,0.002,1e-05,1.0,1.0,True,False,multimodal,psd-fc-wpli,gated,cnn,True,finetune,segssl_barlow_all-patient_fc-wpli_finetune_seed13_pre20_proj32_mask0_03_noise0_02_mlp1_0_sup100,True,barlow,fc-wpli,all-patient,True,13,1.0,0.1,32,0.03,0.02
multimodal_psd-fc-wpli_gated_cnn,4,sub09,sub01;sub05;sub07;sub08;sub11;sub13;sub14;sub15;sub16;sub17;sub18;sub20;sub22;sub24;sub27;sub28;sub29,sub10,54,0.005088562611490488,0.011178151704370975,0.002,1e-05,1.0,1.0,True,False,multimodal,psd-fc-wpli,gated,cnn,True,finetune,segssl_barlow_all-patient_fc-wpli_finetune_seed13_pre20_proj32_mask0_03_noise0_02_mlp1_0_sup100,True,barlow,fc-wpli,all-patient,True,13,1.0,0.1,32,0.03,0.02
multimodal_psd-fc-wpli_gated_cnn,4,sub09,sub01;sub05;sub07;sub08;sub11;sub13;sub14;sub15;sub16;sub17;sub18;sub20;sub22;sub24;sub27;sub28;sub29,sub10,55,0.004504230339080095,0.010762283578515053,0.002,1e-05,1.0,1.0,True,False,multimodal,psd-fc-wpli,gated,cnn,True,finetune,segssl_barlow_all-patient_fc-wpli_finetune_seed13_pre20_proj32_mask0_03_noise0_02_mlp1_0_sup100,True,barlow,fc-wpli,all-patient,True,13,1.0,0.1,32,0.03,0.02
multimodal_psd-fc-wpli_gated_cnn,4,sub09,sub01;sub05;sub07;sub08;sub11;sub13;sub14;sub15;sub16;sub17;sub18;sub20;sub22;sub24;sub27;sub28;sub29,sub10,56,0.004009926225990057,0.010368268005549908,0.002,1e-05,1.0,1.0,True,False,multimodal,psd-fc-wpli,gated,cnn,True,finetune,segssl_barlow_all-patient_fc-wpli_finetune_seed13_pre20_proj32_mask0_03_noise0_02_mlp1_0_sup100,True,barlow,fc-wpli,all-patient,True,13,1.0,0.1,32,0.03,0.02
multimodal_psd-fc-wpli_gated_cnn,4,sub09,sub01;sub05;sub07;sub08;sub11;sub13;sub14;sub15;sub16;sub17;sub18;sub20;sub22;sub24;sub27;sub28;sub29,sub10,57,0.0035933167673647404,0.01005526352673769,0.002,1e-05,1.0,1.0,True,False,multimodal,psd-fc-wpli,gated,cnn,True,finetune,segssl_barlow_all-patient_fc-wpli_finetune_seed13_pre20_proj32_mask0_03_noise0_02_mlp1_0_sup100,True,barlow,fc-wpli,all-patient,True,13,1.0,0.1,32,0.03,0.02
multimodal_psd-fc-wpli_gated_cnn,4,sub09,sub01;sub05;sub07;sub08;sub11;sub13;sub14;sub15;sub16;sub17;sub18;sub20;sub22;sub24;sub27;sub28;sub29,sub10,58,0.0032387771643698215,0.009816932491958141,0.002,1e-05,1.0,1.0,True,False,multimodal,psd-fc-wpli,gated,cnn,True,finetune,segssl_barlow_all-patient_fc-wpli_finetune_seed13_pre20_proj32_mask0_03_noise0_02_mlp1_0_sup100,True,barlow,fc-wpli,all-patient,True,13,1.0,0.1,32,0.03,0.02
multimodal_psd-fc-wpli_gated_cnn,4,sub09,sub01;sub05;sub07;sub08;sub11;sub13;sub14;sub15;sub16;sub17;sub18;sub20;sub22;sub24;sub27;sub28;sub29,sub10,59,0.0029337939340621233,0.00963203702121973,0.002,1e-05,1.0,1.0,True,False,multimodal,psd-fc-wpli,gated,cnn,True,finetune,segssl_barlow_all-patient_fc-wpli_finetune_seed13_pre20_proj32_mask0_03_noise0_02_mlp1_0_sup100,True,barlow,fc-wpli,all-patient,True,13,1.0,0.1,32,0.03,0.02
multimodal_psd-fc-wpli_gated_cnn,4,sub09,sub01;sub05;sub07;sub08;sub11;sub13;sub14;sub15;sub16;sub17;sub18;sub20;sub22;sub24;sub27;sub28;sub29,sub10,60,0.0026703670155256987,0.009477502666413784,0.002,1e-05,1.0,1.0,True,False,multimodal,psd-fc-wpli,gated,cnn,True,finetune,segssl_barlow_all-patient_fc-wpli_finetune_seed13_pre20_proj32_mask0_03_noise0_02_mlp1_0_sup100,True,barlow,fc-wpli,all-patient,True,13,1.0,0.1,32,0.03,0.02
multimodal_psd-fc-wpli_gated_cnn,4,sub09,sub01;sub05;sub07;sub08;sub11;sub13;sub14;sub15;sub16;sub17;sub18;sub20;sub22;sub24;sub27;sub28;sub29,sub10,61,0.0024450873024761677,0.00927684921771288,0.002,1e-05,1.0,1.0,True,False,multimodal,psd-fc-wpli,gated,cnn,True,finetune,segssl_barlow_all-patient_fc-wpli_finetune_seed13_pre20_proj32_mask0_03_noise0_02_mlp1_0_sup100,True,barlow,fc-wpli,all-patient,True,13,1.0,0.1,32,0.03,0.02
multimodal_psd-fc-wpli_gated_cnn,4,sub09,sub01;sub05;sub07;sub08;sub11;sub13;sub14;sub15;sub16;sub17;sub18;sub20;sub22;sub24;sub27;sub28;sub29,sub10,62,0.0022513566073030233,0.00901735108345747,0.002,1e-05,1.0,1.0,True,False,multimodal,psd-fc-wpli,gated,cnn,True,finetune,segssl_barlow_all-patient_fc-wpli_finetune_seed13_pre20_proj32_mask0_03_noise0_02_mlp1_0_sup100,True,barlow,fc-wpli,all-patient,True,13,1.0,0.1,32,0.03,0.02
multimodal_psd-fc-wpli_gated_cnn,4,sub09,sub01;sub05;sub07;sub08;sub11;sub13;sub14;sub15;sub16;sub17;sub18;sub20;sub22;sub24;sub27;sub28;sub29,sub10,63,0.0020811811555176973,0.008714990690350533,0.002,1e-05,1.0,1.0,True,False,multimodal,psd-fc-wpli,gated,cnn,True,finetune,segssl_barlow_all-patient_fc-wpli_finetune_seed13_pre20_proj32_mask0_03_noise0_02_mlp1_0_sup100,True,barlow,fc-wpli,all-patient,True,13,1.0,0.1,32,0.03,0.02
multimodal_psd-fc-wpli_gated_cnn,4,sub09,sub01;sub05;sub07;sub08;sub11;sub13;sub14;sub15;sub16;sub17;sub18;sub20;sub22;sub24;sub27;sub28;sub29,sub10,64,0.0019314894452691078,0.008412059396505356,0.002,1e-05,1.0,1.0,True,False,multimodal,psd-fc-wpli,gated,cnn,True,finetune,segssl_barlow_all-patient_fc-wpli_finetune_seed13_pre20_proj32_mask0_03_noise0_02_mlp1_0_sup100,True,barlow,fc-wpli,all-patient,True,13,1.0,0.1,32,0.03,0.02
multimodal_psd-fc-wpli_gated_cnn,4,sub09,sub01;sub05;sub07;sub08;sub11;sub13;sub14;sub15;sub16;sub17;sub18;sub20;sub22;sub24;sub27;sub28;sub29,sub10,65,0.0018003593431785703,0.008155490271747112,0.002,1e-05,1.0,1.0,True,False,multimodal,psd-fc-wpli,gated,cnn,True,finetune,segssl_barlow_all-patient_fc-wpli_finetune_seed13_pre20_proj32_mask0_03_noise0_02_mlp1_0_sup100,True,barlow,fc-wpli,all-patient,True,13,1.0,0.1,32,0.03,0.02
multimodal_psd-fc-wpli_gated_cnn,4,sub09,sub01;sub05;sub07;sub08;sub11;sub13;sub14;sub15;sub16;sub17;sub18;sub20;sub22;sub24;sub27;sub28;sub29,sub10,66,0.0016853687120601535,0.007951857522130013,0.002,1e-05,1.0,1.0,True,False,multimodal,psd-fc-wpli,gated,cnn,True,finetune,segssl_barlow_all-patient_fc-wpli_finetune_seed13_pre20_proj32_mask0_03_noise0_02_mlp1_0_sup100,True,barlow,fc-wpli,all-patient,True,13,1.0,0.1,32,0.03,0.02
multimodal_psd-fc-wpli_gated_cnn,4,sub09,sub01;sub05;sub07;sub08;sub11;sub13;sub14;sub15;sub16;sub17;sub18;sub20;sub22;sub24;sub27;sub28;sub29,sub10,67,0.001583627425134182,0.00780010549351573,0.002,1e-05,1.0,1.0,True,False,multimodal,psd-fc-wpli,gated,cnn,True,finetune,segssl_barlow_all-patient_fc-wpli_finetune_seed13_pre20_proj32_mask0_03_noise0_02_mlp1_0_sup100,True,barlow,fc-wpli,all-patient,True,13,1.0,0.1,32,0.03,0.02
multimodal_psd-fc-wpli_gated_cnn,4,sub09,sub01;sub05;sub07;sub08;sub11;sub13;sub14;sub15;sub16;sub17;sub18;sub20;sub22;sub24;sub27;sub28;sub29,sub10,68,0.0014927178854122758,0.007676365785300732,0.002,1e-05,1.0,1.0,True,False,multimodal,psd-fc-wpli,gated,cnn,True,finetune,segssl_barlow_all-patient_fc-wpli_finetune_seed13_pre20_proj32_mask0_03_noise0_02_mlp1_0_sup100,True,barlow,fc-wpli,all-patient,True,13,1.0,0.1,32,0.03,0.02
multimodal_psd-fc-wpli_gated_cnn,4,sub09,sub01;sub05;sub07;sub08;sub11;sub13;sub14;sub15;sub16;sub17;sub18;sub20;sub22;sub24;sub27;sub28;sub29,sub10,69,0.0014112861827015877,0.007571319583803415,0.002,1e-05,1.0,1.0,True,False,multimodal,psd-fc-wpli,gated,cnn,True,finetune,segssl_barlow_all-patient_fc-wpli_finetune_seed13_pre20_proj32_mask0_03_noise0_02_mlp1_0_sup100,True,barlow,fc-wpli,all-patient,True,13,1.0,0.1,32,0.03,0.02
multimodal_psd-fc-wpli_gated_cnn,4,sub09,sub01;sub05;sub07;sub08;sub11;sub13;sub14;sub15;sub16;sub17;sub18;sub20;sub22;sub24;sub27;sub28;sub29,sub10,70,0.0013381815515458584,0.007466884795576334,0.002,1e-05,1.0,1.0,True,False,multimodal,psd-fc-wpli,gated,cnn,True,finetune,segssl_barlow_all-patient_fc-wpli_finetune_seed13_pre20_proj32_mask0_03_noise0_02_mlp1_0_sup100,True,barlow,fc-wpli,all-patient,True,13,1.0,0.1,32,0.03,0.02
multimodal_psd-fc-wpli_gated_cnn,4,sub09,sub01;sub05;sub07;sub08;sub11;sub13;sub14;sub15;sub16;sub17;sub18;sub20;sub22;sub24;sub27;sub28;sub29,sub10,71,0.0012725982815027237,0.007356336340308189,0.002,1e-05,1.0,1.0,True,False,multimodal,psd-fc-wpli,gated,cnn,True,finetune,segssl_barlow_all-patient_fc-wpli_finetune_seed13_pre20_proj32_mask0_03_noise0_02_mlp1_0_sup100,True,barlow,fc-wpli,all-patient,True,13,1.0,0.1,32,0.03,0.02
multimodal_psd-fc-wpli_gated_cnn,4,sub09,sub01;sub05;sub07;sub08;sub11;sub13;sub14;sub15;sub16;sub17;sub18;sub20;sub22;sub24;sub27;sub28;sub29,sub10,72,0.0012136281002312899,0.007226648274809122,0.002,1e-05,1.0,1.0,True,False,multimodal,psd-fc-wpli,gated,cnn,True,finetune,segssl_barlow_all-patient_fc-wpli_finetune_seed13_pre20_proj32_mask0_03_noise0_02_mlp1_0_sup100,True,barlow,fc-wpli,all-patient,True,13,1.0,0.1,32,0.03,0.02
multimodal_psd-fc-wpli_gated_cnn,4,sub09,sub01;sub05;sub07;sub08;sub11;sub13;sub14;sub15;sub16;sub17;sub18;sub20;sub22;sub24;sub27;sub28;sub29,sub10,73,0.001160567393526435,0.007086171768605709,0.002,1e-05,1.0,1.0,True,False,multimodal,psd-fc-wpli,gated,cnn,True,finetune,segssl_barlow_all-patient_fc-wpli_finetune_seed13_pre20_proj32_mask0_03_noise0_02_mlp1_0_sup100,True,barlow,fc-wpli,all-patient,True,13,1.0,0.1,32,0.03,0.02
multimodal_psd-fc-wpli_gated_cnn,4,sub09,sub01;sub05;sub07;sub08;sub11;sub13;sub14;sub15;sub16;sub17;sub18;sub20;sub22;sub24;sub27;sub28;sub29,sub10,74,0.0011125722667202353,0.006923147477209568,0.002,1e-05,1.0,1.0,True,False,multimodal,psd-fc-wpli,gated,cnn,True,finetune,segssl_barlow_all-patient_fc-wpli_finetune_seed13_pre20_proj32_mask0_03_noise0_02_mlp1_0_sup100,True,barlow,fc-wpli,all-patient,True,13,1.0,0.1,32,0.03,0.02
multimodal_psd-fc-wpli_gated_cnn,4,sub09,sub01;sub05;sub07;sub08;sub11;sub13;sub14;sub15;sub16;sub17;sub18;sub20;sub22;sub24;sub27;sub28;sub29,sub10,75,0.0010687082540243864,0.006746707949787378,0.002,1e-05,1.0,1.0,True,False,multimodal,psd-fc-wpli,gated,cnn,True,finetune,segssl_barlow_all-patient_fc-wpli_finetune_seed13_pre20_proj32_mask0_03_noise0_02_mlp1_0_sup100,True,barlow,fc-wpli,all-patient,True,13,1.0,0.1,32,0.03,0.02
multimodal_psd-fc-wpli_gated_cnn,4,sub09,sub01;sub05;sub07;sub08;sub11;sub13;sub14;sub15;sub16;sub17;sub18;sub20;sub22;sub24;sub27;sub28;sub29,sub10,76,0.0010284597519785166,0.006573479622602463,0.002,1e-05,1.0,1.0,True,False,multimodal,psd-fc-wpli,gated,cnn,True,finetune,segssl_barlow_all-patient_fc-wpli_finetune_seed13_pre20_proj32_mask0_03_noise0_02_mlp1_0_sup100,True,barlow,fc-wpli,all-patient,True,13,1.0,0.1,32,0.03,0.02
multimodal_psd-fc-wpli_gated_cnn,4,sub09,sub01;sub05;sub07;sub08;sub11;sub13;sub14;sub15;sub16;sub17;sub18;sub20;sub22;sub24;sub27;sub28;sub29,sub10,77,0.0009916414273902774,0.006410718895494938,0.002,1e-05,1.0,1.0,True,False,multimodal,psd-fc-wpli,gated,cnn,True,finetune,segssl_barlow_all-patient_fc-wpli_finetune_seed13_pre20_proj32_mask0_03_noise0_02_mlp1_0_sup100,True,barlow,fc-wpli,all-patient,True,13,1.0,0.1,32,0.03,0.02
multimodal_psd-fc-wpli_gated_cnn,4,sub09,sub01;sub05;sub07;sub08;sub11;sub13;sub14;sub15;sub16;sub17;sub18;sub20;sub22;sub24;sub27;sub28;sub29,sub10,78,0.000957967946305871,0.006271796301007271,0.002,1e-05,1.0,1.0,True,False,multimodal,psd-fc-wpli,gated,cnn,True,finetune,segssl_barlow_all-patient_fc-wpli_finetune_seed13_pre20_proj32_mask0_03_noise0_02_mlp1_0_sup100,True,barlow,fc-wpli,all-patient,True,13,1.0,0.1,32,0.03,0.02
multimodal_psd-fc-wpli_gated_cnn,4,sub09,sub01;sub05;sub07;sub08;sub11;sub13;sub14;sub15;sub16;sub17;sub18;sub20;sub22;sub24;sub27;sub28;sub29,sub10,79,0.0009272303432226181,0.006154602859169245,0.002,1e-05,1.0,1.0,True,False,multimodal,psd-fc-wpli,gated,cnn,True,finetune,segssl_barlow_all-patient_fc-wpli_finetune_seed13_pre20_proj32_mask0_03_noise0_02_mlp1_0_sup100,True,barlow,fc-wpli,all-patient,True,13,1.0,0.1,32,0.03,0.02
multimodal_psd-fc-wpli_gated_cnn,4,sub09,sub01;sub05;sub07;sub08;sub11;sub13;sub14;sub15;sub16;sub17;sub18;sub20;sub22;sub24;sub27;sub28;sub29,sub10,80,0.000898787344340235,0.006054873578250408,0.002,1e-05,1.0,1.0,True,False,multimodal,psd-fc-wpli,gated,cnn,True,finetune,segssl_barlow_all-patient_fc-wpli_finetune_seed13_pre20_proj32_mask0_03_noise0_02_mlp1_0_sup100,True,barlow,fc-wpli,all-patient,True,13,1.0,0.1,32,0.03,0.02
multimodal_psd-fc-wpli_gated_cnn,4,sub09,sub01;sub05;sub07;sub08;sub11;sub13;sub14;sub15;sub16;sub17;sub18;sub20;sub22;sub24;sub27;sub28;sub29,sub10,81,0.0008723794016987085,0.005972302984446287,0.002,1e-05,1.0,1.0,True,False,multimodal,psd-fc-wpli,gated,cnn,True,finetune,segssl_barlow_all-patient_fc-wpli_finetune_seed13_pre20_proj32_mask0_03_noise0_02_mlp1_0_sup100,True,barlow,fc-wpli,all-patient,True,13,1.0,0.1,32,0.03,0.02
multimodal_psd-fc-wpli_gated_cnn,4,sub09,sub01;sub05;sub07;sub08;sub11;sub13;sub14;sub15;sub16;sub17;sub18;sub20;sub22;sub24;sub27;sub28;sub29,sub10,82,0.0008477750816382468,0.0058950153179466724,0.002,1e-05,1.0,1.0,True,False,multimodal,psd-fc-wpli,gated,cnn,True,finetune,segssl_barlow_all-patient_fc-wpli_finetune_seed13_pre20_proj32_mask0_03_noise0_02_mlp1_0_sup100,True,barlow,fc-wpli,all-patient,True,13,1.0,0.1,32,0.03,0.02
multimodal_psd-fc-wpli_gated_cnn,4,sub09,sub01;sub05;sub07;sub08;sub11;sub13;sub14;sub15;sub16;sub17;sub18;sub20;sub22;sub24;sub27;sub28;sub29,sub10,83,0.0008248891099356115,0.005807062145322561,0.002,1e-05,1.0,1.0,True,False,multimodal,psd-fc-wpli,gated,cnn,True,finetune,segssl_barlow_all-patient_fc-wpli_finetune_seed13_pre20_proj32_mask0_03_noise0_02_mlp1_0_sup100,True,barlow,fc-wpli,all-patient,True,13,1.0,0.1,32,0.03,0.02
multimodal_psd-fc-wpli_gated_cnn,4,sub09,sub01;sub05;sub07;sub08;sub11;sub13;sub14;sub15;sub16;sub17;sub18;sub20;sub22;sub24;sub27;sub28;sub29,sub10,84,0.000803736736997962,0.005703830160200596,0.002,1e-05,1.0,1.0,True,False,multimodal,psd-fc-wpli,gated,cnn,True,finetune,segssl_barlow_all-patient_fc-wpli_finetune_seed13_pre20_proj32_mask0_03_noise0_02_mlp1_0_sup100,True,barlow,fc-wpli,all-patient,True,13,1.0,0.1,32,0.03,0.02
multimodal_psd-fc-wpli_gated_cnn,4,sub09,sub01;sub05;sub07;sub08;sub11;sub13;sub14;sub15;sub16;sub17;sub18;sub20;sub22;sub24;sub27;sub28;sub29,sub10,85,0.000784058531280607,0.005582687444984913,0.002,1e-05,1.0,1.0,True,False,multimodal,psd-fc-wpli,gated,cnn,True,finetune,segssl_barlow_all-patient_fc-wpli_finetune_seed13_pre20_proj32_mask0_03_noise0_02_mlp1_0_sup100,True,barlow,fc-wpli,all-patient,True,13,1.0,0.1,32,0.03,0.02
multimodal_psd-fc-wpli_gated_cnn,4,sub09,sub01;sub05;sub07;sub08;sub11;sub13;sub14;sub15;sub16;sub17;sub18;sub20;sub22;sub24;sub27;sub28;sub29,sub10,86,0.0007654773653484881,0.005451670847833157,0.002,1e-05,1.0,1.0,True,False,multimodal,psd-fc-wpli,gated,cnn,True,finetune,segssl_barlow_all-patient_fc-wpli_finetune_seed13_pre20_proj32_mask0_03_noise0_02_mlp1_0_sup100,True,barlow,fc-wpli,all-patient,True,13,1.0,0.1,32,0.03,0.02
multimodal_psd-fc-wpli_gated_cnn,4,sub09,sub01;sub05;sub07;sub08;sub11;sub13;sub14;sub15;sub16;sub17;sub18;sub20;sub22;sub24;sub27;sub28;sub29,sub10,87,0.0007479389314539731,0.005327083170413971,0.002,1e-05,1.0,1.0,True,False,multimodal,psd-fc-wpli,gated,cnn,True,finetune,segssl_barlow_all-patient_fc-wpli_finetune_seed13_pre20_proj32_mask0_03_noise0_02_mlp1_0_sup100,True,barlow,fc-wpli,all-patient,True,13,1.0,0.1,32,0.03,0.02
multimodal_psd-fc-wpli_gated_cnn,4,sub09,sub01;sub05;sub07;sub08;sub11;sub13;sub14;sub15;sub16;sub17;sub18;sub20;sub22;sub24;sub27;sub28;sub29,sub10,88,0.0007315053953789175,0.005209461320191622,0.002,1e-05,1.0,1.0,True,False,multimodal,psd-fc-wpli,gated,cnn,True,finetune,segssl_barlow_all-patient_fc-wpli_finetune_seed13_pre20_proj32_mask0_03_noise0_02_mlp1_0_sup100,True,barlow,fc-wpli,all-patient,True,13,1.0,0.1,32,0.03,0.02
multimodal_psd-fc-wpli_gated_cnn,4,sub09,sub01;sub05;sub07;sub08;sub11;sub13;sub14;sub15;sub16;sub17;sub18;sub20;sub22;sub24;sub27;sub28;sub29,sub10,89,0.0007160534732975066,0.005107549484819174,0.002,1e-05,1.0,1.0,True,False,multimodal,psd-fc-wpli,gated,cnn,True,finetune,segssl_barlow_all-patient_fc-wpli_finetune_seed13_pre20_proj32_mask0_03_noise0_02_mlp1_0_sup100,True,barlow,fc-wpli,all-patient,True,13,1.0,0.1,32,0.03,0.02
multimodal_psd-fc-wpli_gated_cnn,4,sub09,sub01;sub05;sub07;sub08;sub11;sub13;sub14;sub15;sub16;sub17;sub18;sub20;sub22;sub24;sub27;sub28;sub29,sub10,90,0.0007015058072283864,0.0050217024981975555,0.002,1e-05,1.0,1.0,True,False,multimodal,psd-fc-wpli,gated,cnn,True,finetune,segssl_barlow_all-patient_fc-wpli_finetune_seed13_pre20_proj32_mask0_03_noise0_02_mlp1_0_sup100,True,barlow,fc-wpli,all-patient,True,13,1.0,0.1,32,0.03,0.02
multimodal_psd-fc-wpli_gated_cnn,4,sub09,sub01;sub05;sub07;sub08;sub11;sub13;sub14;sub15;sub16;sub17;sub18;sub20;sub22;sub24;sub27;sub28;sub29,sub10,91,0.0006876621628180146,0.0049483818002045155,0.002,1e-05,1.0,1.0,True,False,multimodal,psd-fc-wpli,gated,cnn,True,finetune,segssl_barlow_all-patient_fc-wpli_finetune_seed13_pre20_proj32_mask0_03_noise0_02_mlp1_0_sup100,True,barlow,fc-wpli,all-patient,True,13,1.0,0.1,32,0.03,0.02
multimodal_psd-fc-wpli_gated_cnn,4,sub09,sub01;sub05;sub07;sub08;sub11;sub13;sub14;sub15;sub16;sub17;sub18;sub20;sub22;sub24;sub27;sub28;sub29,sub10,92,0.0006744958809576929,0.004883751273155212,0.002,1e-05,1.0,1.0,True,False,multimodal,psd-fc-wpli,gated,cnn,True,finetune,segssl_barlow_all-patient_fc-wpli_finetune_seed13_pre20_proj32_mask0_03_noise0_02_mlp1_0_sup100,True,barlow,fc-wpli,all-patient,True,13,1.0,0.1,32,0.03,0.02
multimodal_psd-fc-wpli_gated_cnn,4,sub09,sub01;sub05;sub07;sub08;sub11;sub13;sub14;sub15;sub16;sub17;sub18;sub20;sub22;sub24;sub27;sub28;sub29,sub10,93,0.0006619622581638396,0.004821700509637594,0.002,1e-05,1.0,1.0,True,False,multimodal,psd-fc-wpli,gated,cnn,True,finetune,segssl_barlow_all-patient_fc-wpli_finetune_seed13_pre20_proj32_mask0_03_noise0_02_mlp1_0_sup100,True,barlow,fc-wpli,all-patient,True,13,1.0,0.1,32,0.03,0.02
multimodal_psd-fc-wpli_gated_cnn,4,sub09,sub01;sub05;sub07;sub08;sub11;sub13;sub14;sub15;sub16;sub17;sub18;sub20;sub22;sub24;sub27;sub28;sub29,sub10,94,0.0006500321323983371,0.0047570182941854,0.002,1e-05,1.0,1.0,True,False,multimodal,psd-fc-wpli,gated,cnn,True,finetune,segssl_barlow_all-patient_fc-wpli_finetune_seed13_pre20_proj32_mask0_03_noise0_02_mlp1_0_sup100,True,barlow,fc-wpli,all-patient,True,13,1.0,0.1,32,0.03,0.02
multimodal_psd-fc-wpli_gated_cnn,4,sub09,sub01;sub05;sub07;sub08;sub11;sub13;sub14;sub15;sub16;sub17;sub18;sub20;sub22;sub24;sub27;sub28;sub29,sub10,95,0.0006386626046150923,0.004688926972448826,0.002,1e-05,1.0,1.0,True,False,multimodal,psd-fc-wpli,gated,cnn,True,finetune,segssl_barlow_all-patient_fc-wpli_finetune_seed13_pre20_proj32_mask0_03_noise0_02_mlp1_0_sup100,True,barlow,fc-wpli,all-patient,True,13,1.0,0.1,32,0.03,0.02
multimodal_psd-fc-wpli_gated_cnn,4,sub09,sub01;sub05;sub07;sub08;sub11;sub13;sub14;sub15;sub16;sub17;sub18;sub20;sub22;sub24;sub27;sub28;sub29,sub10,96,0.0006277566426433623,0.004619522951543331,0.002,1e-05,1.0,1.0,True,False,multimodal,psd-fc-wpli,gated,cnn,True,finetune,segssl_barlow_all-patient_fc-wpli_finetune_seed13_pre20_proj32_mask0_03_noise0_02_mlp1_0_sup100,True,barlow,fc-wpli,all-patient,True,13,1.0,0.1,32,0.03,0.02
multimodal_psd-fc-wpli_gated_cnn,4,sub09,sub01;sub05;sub07;sub08;sub11;sub13;sub14;sub15;sub16;sub17;sub18;sub20;sub22;sub24;sub27;sub28;sub29,sub10,97,0.0006172697176225483,0.004553417209535837,0.002,1e-05,1.0,1.0,True,False,multimodal,psd-fc-wpli,gated,cnn,True,finetune,segssl_barlow_all-patient_fc-wpli_finetune_seed13_pre20_proj32_mask0_03_noise0_02_mlp1_0_sup100,True,barlow,fc-wpli,all-patient,True,13,1.0,0.1,32,0.03,0.02
multimodal_psd-fc-wpli_gated_cnn,4,sub09,sub01;sub05;sub07;sub08;sub11;sub13;sub14;sub15;sub16;sub17;sub18;sub20;sub22;sub24;sub27;sub28;sub29,sub10,98,0.000607216265052557,0.004490668419748545,0.002,1e-05,1.0,1.0,True,False,multimodal,psd-fc-wpli,gated,cnn,True,finetune,segssl_barlow_all-patient_fc-wpli_finetune_seed13_pre20_proj32_mask0_03_noise0_02_mlp1_0_sup100,True,barlow,fc-wpli,all-patient,True,13,1.0,0.1,32,0.03,0.02
multimodal_psd-fc-wpli_gated_cnn,4,sub09,sub01;sub05;sub07;sub08;sub11;sub13;sub14;sub15;sub16;sub17;sub18;sub20;sub22;sub24;sub27;sub28;sub29,sub10,99,0.0005975595558993518,0.0044341497123241425,0.002,1e-05,1.0,1.0,True,False,multimodal,psd-fc-wpli,gated,cnn,True,finetune,segssl_barlow_all-patient_fc-wpli_finetune_seed13_pre20_proj32_mask0_03_noise0_02_mlp1_0_sup100,True,barlow,fc-wpli,all-patient,True,13,1.0,0.1,32,0.03,0.02
multimodal_psd-fc-wpli_gated_cnn,4,sub09,sub01;sub05;sub07;sub08;sub11;sub13;sub14;sub15;sub16;sub17;sub18;sub20;sub22;sub24;sub27;sub28;sub29,sub10,100,0.0005882636178284883,0.004382902756333351,0.002,1e-05,1.0,1.0,True,False,multimodal,psd-fc-wpli,gated,cnn,True,finetune,segssl_barlow_all-patient_fc-wpli_finetune_seed13_pre20_proj32_mask0_03_noise0_02_mlp1_0_sup100,True,barlow,fc-wpli,all-patient,True,13,1.0,0.1,32,0.03,0.02
multimodal_psd-fc-wpli_gated_cnn,5,sub10,sub01;sub05;sub07;sub08;sub09;sub13;sub14;sub15;sub16;sub17;sub18;sub20;sub22;sub24;sub27;sub28;sub29,sub11,1,0.6947734355926514,0.7132526636123657,0.002,1e-05,1.0,1.0,True,False,multimodal,psd-fc-wpli,gated,cnn,True,finetune,segssl_barlow_all-patient_fc-wpli_finetune_seed13_pre20_proj32_mask0_03_noise0_02_mlp1_0_sup100,True,barlow,fc-wpli,all-patient,True,13,1.0,0.1,32,0.03,0.02
multimodal_psd-fc-wpli_gated_cnn,5,sub10,sub01;sub05;sub07;sub08;sub09;sub13;sub14;sub15;sub16;sub17;sub18;sub20;sub22;sub24;sub27;sub28;sub29,sub11,2,0.6870393753051758,0.7136256694793701,0.002,1e-05,1.0,1.0,False,False,multimodal,psd-fc-wpli,gated,cnn,True,finetune,segssl_barlow_all-patient_fc-wpli_finetune_seed13_pre20_proj32_mask0_03_noise0_02_mlp1_0_sup100,True,barlow,fc-wpli,all-patient,True,13,1.0,0.1,32,0.03,0.02
multimodal_psd-fc-wpli_gated_cnn,5,sub10,sub01;sub05;sub07;sub08;sub09;sub13;sub14;sub15;sub16;sub17;sub18;sub20;sub22;sub24;sub27;sub28;sub29,sub11,3,0.6790307760238647,0.7127375602722168,0.002,1e-05,1.0,1.0,True,False,multimodal,psd-fc-wpli,gated,cnn,True,finetune,segssl_barlow_all-patient_fc-wpli_finetune_seed13_pre20_proj32_mask0_03_noise0_02_mlp1_0_sup100,True,barlow,fc-wpli,all-patient,True,13,1.0,0.1,32,0.03,0.02
multimodal_psd-fc-wpli_gated_cnn,5,sub10,sub01;sub05;sub07;sub08;sub09;sub13;sub14;sub15;sub16;sub17;sub18;sub20;sub22;sub24;sub27;sub28;sub29,sub11,4,0.6720757484436035,0.7107003927230835,0.002,1e-05,1.0,1.0,True,False,multimodal,psd-fc-wpli,gated,cnn,True,finetune,segssl_barlow_all-patient_fc-wpli_finetune_seed13_pre20_proj32_mask0_03_noise0_02_mlp1_0_sup100,True,barlow,fc-wpli,all-patient,True,13,1.0,0.1,32,0.03,0.02
multimodal_psd-fc-wpli_gated_cnn,5,sub10,sub01;sub05;sub07;sub08;sub09;sub13;sub14;sub15;sub16;sub17;sub18;sub20;sub22;sub24;sub27;sub28;sub29,sub11,5,0.6648823022842407,0.7081978917121887,0.002,1e-05,1.0,1.0,True,False,multimodal,psd-fc-wpli,gated,cnn,True,finetune,segssl_barlow_all-patient_fc-wpli_finetune_seed13_pre20_proj32_mask0_03_noise0_02_mlp1_0_sup100,True,barlow,fc-wpli,all-patient,True,13,1.0,0.1,32,0.03,0.02
multimodal_psd-fc-wpli_gated_cnn,5,sub10,sub01;sub05;sub07;sub08;sub09;sub13;sub14;sub15;sub16;sub17;sub18;sub20;sub22;sub24;sub27;sub28;sub29,sub11,6,0.6566404700279236,0.7044047713279724,0.002,1e-05,1.0,1.0,True,False,multimodal,psd-fc-wpli,gated,cnn,True,finetune,segssl_barlow_all-patient_fc-wpli_finetune_seed13_pre20_proj32_mask0_03_noise0_02_mlp1_0_sup100,True,barlow,fc-wpli,all-patient,True,13,1.0,0.1,32,0.03,0.02
multimodal_psd-fc-wpli_gated_cnn,5,sub10,sub01;sub05;sub07;sub08;sub09;sub13;sub14;sub15;sub16;sub17;sub18;sub20;sub22;sub24;sub27;sub28;sub29,sub11,7,0.647807776927948,0.6983428001403809,0.002,1e-05,1.0,1.0,True,False,multimodal,psd-fc-wpli,gated,cnn,True,finetune,segssl_barlow_all-patient_fc-wpli_finetune_seed13_pre20_proj32_mask0_03_noise0_02_mlp1_0_sup100,True,barlow,fc-wpli,all-patient,True,13,1.0,0.1,32,0.03,0.02
multimodal_psd-fc-wpli_gated_cnn,5,sub10,sub01;sub05;sub07;sub08;sub09;sub13;sub14;sub15;sub16;sub17;sub18;sub20;sub22;sub24;sub27;sub28;sub29,sub11,8,0.6383195519447327,0.6900991797447205,0.002,1e-05,1.0,1.0,True,False,multimodal,psd-fc-wpli,gated,cnn,True,finetune,segssl_barlow_all-patient_fc-wpli_finetune_seed13_pre20_proj32_mask0_03_noise0_02_mlp1_0_sup100,True,barlow,fc-wpli,all-patient,True,13,1.0,0.1,32,0.03,0.02
multimodal_psd-fc-wpli_gated_cnn,5,sub10,sub01;sub05;sub07;sub08;sub09;sub13;sub14;sub15;sub16;sub17;sub18;sub20;sub22;sub24;sub27;sub28;sub29,sub11,9,0.6277137994766235,0.6800223588943481,0.002,1e-05,1.0,1.0,True,False,multimodal,psd-fc-wpli,gated,cnn,True,finetune,segssl_barlow_all-patient_fc-wpli_finetune_seed13_pre20_proj32_mask0_03_noise0_02_mlp1_0_sup100,True,barlow,fc-wpli,all-patient,True,13,1.0,0.1,32,0.03,0.02
multimodal_psd-fc-wpli_gated_cnn,5,sub10,sub01;sub05;sub07;sub08;sub09;sub13;sub14;sub15;sub16;sub17;sub18;sub20;sub22;sub24;sub27;sub28;sub29,sub11,10,0.6156830191612244,0.6691585183143616,0.002,1e-05,1.0,1.0,True,False,multimodal,psd-fc-wpli,gated,cnn,True,finetune,segssl_barlow_all-patient_fc-wpli_finetune_seed13_pre20_proj32_mask0_03_noise0_02_mlp1_0_sup100,True,barlow,fc-wpli,all-patient,True,13,1.0,0.1,32,0.03,0.02
multimodal_psd-fc-wpli_gated_cnn,5,sub10,sub01;sub05;sub07;sub08;sub09;sub13;sub14;sub15;sub16;sub17;sub18;sub20;sub22;sub24;sub27;sub28;sub29,sub11,11,0.6023496985435486,0.6582318544387817,0.002,1e-05,1.0,1.0,True,False,multimodal,psd-fc-wpli,gated,cnn,True,finetune,segssl_barlow_all-patient_fc-wpli_finetune_seed13_pre20_proj32_mask0_03_noise0_02_mlp1_0_sup100,True,barlow,fc-wpli,all-patient,True,13,1.0,0.1,32,0.03,0.02
multimodal_psd-fc-wpli_gated_cnn,5,sub10,sub01;sub05;sub07;sub08;sub09;sub13;sub14;sub15;sub16;sub17;sub18;sub20;sub22;sub24;sub27;sub28;sub29,sub11,12,0.5878257155418396,0.6469223499298096,0.002,1e-05,1.0,1.0,True,False,multimodal,psd-fc-wpli,gated,cnn,True,finetune,segssl_barlow_all-patient_fc-wpli_finetune_seed13_pre20_proj32_mask0_03_noise0_02_mlp1_0_sup100,True,barlow,fc-wpli,all-patient,True,13,1.0,0.1,32,0.03,0.02
multimodal_psd-fc-wpli_gated_cnn,5,sub10,sub01;sub05;sub07;sub08;sub09;sub13;sub14;sub15;sub16;sub17;sub18;sub20;sub22;sub24;sub27;sub28;sub29,sub11,13,0.572291910648346,0.6362977027893066,0.002,1e-05,1.0,1.0,True,False,multimodal,psd-fc-wpli,gated,cnn,True,finetune,segssl_barlow_all-patient_fc-wpli_finetune_seed13_pre20_proj32_mask0_03_noise0_02_mlp1_0_sup100,True,barlow,fc-wpli,all-patient,True,13,1.0,0.1,32,0.03,0.02
multimodal_psd-fc-wpli_gated_cnn,5,sub10,sub01;sub05;sub07;sub08;sub09;sub13;sub14;sub15;sub16;sub17;sub18;sub20;sub22;sub24;sub27;sub28;sub29,sub11,14,0.5560348629951477,0.6255667209625244,0.002,1e-05,1.0,1.0,True,False,multimodal,psd-fc-wpli,gated,cnn,True,finetune,segssl_barlow_all-patient_fc-wpli_finetune_seed13_pre20_proj32_mask0_03_noise0_02_mlp1_0_sup100,True,barlow,fc-wpli,all-patient,True,13,1.0,0.1,32,0.03,0.02
multimodal_psd-fc-wpli_gated_cnn,5,sub10,sub01;sub05;sub07;sub08;sub09;sub13;sub14;sub15;sub16;sub17;sub18;sub20;sub22;sub24;sub27;sub28;sub29,sub11,15,0.5383750200271606,0.6145967245101929,0.002,1e-05,1.0,1.0,True,False,multimodal,psd-fc-wpli,gated,cnn,True,finetune,segssl_barlow_all-patient_fc-wpli_finetune_seed13_pre20_proj32_mask0_03_noise0_02_mlp1_0_sup100,True,barlow,fc-wpli,all-patient,True,13,1.0,0.1,32,0.03,0.02
multimodal_psd-fc-wpli_gated_cnn,5,sub10,sub01;sub05;sub07;sub08;sub09;sub13;sub14;sub15;sub16;sub17;sub18;sub20;sub22;sub24;sub27;sub28;sub29,sub11,16,0.519159197807312,0.6040229797363281,0.002,1e-05,1.0,1.0,True,False,multimodal,psd-fc-wpli,gated,cnn,True,finetune,segssl_barlow_all-patient_fc-wpli_finetune_seed13_pre20_proj32_mask0_03_noise0_02_mlp1_0_sup100,True,barlow,fc-wpli,all-patient,True,13,1.0,0.1,32,0.03,0.02
multimodal_psd-fc-wpli_gated_cnn,5,sub10,sub01;sub05;sub07;sub08;sub09;sub13;sub14;sub15;sub16;sub17;sub18;sub20;sub22;sub24;sub27;sub28;sub29,sub11,17,0.4983917772769928,0.5932446718215942,0.002,1e-05,1.0,1.0,True,False,multimodal,psd-fc-wpli,gated,cnn,True,finetune,segssl_barlow_all-patient_fc-wpli_finetune_seed13_pre20_proj32_mask0_03_noise0_02_mlp1_0_sup100,True,barlow,fc-wpli,all-patient,True,13,1.0,0.1,32,0.03,0.02
multimodal_psd-fc-wpli_gated_cnn,5,sub10,sub01;sub05;sub07;sub08;sub09;sub13;sub14;sub15;sub16;sub17;sub18;sub20;sub22;sub24;sub27;sub28;sub29,sub11,18,0.47612425684928894,0.5799767971038818,0.002,1e-05,1.0,1.0,True,False,multimodal,psd-fc-wpli,gated,cnn,True,finetune,segssl_barlow_all-patient_fc-wpli_finetune_seed13_pre20_proj32_mask0_03_noise0_02_mlp1_0_sup100,True,barlow,fc-wpli,all-patient,True,13,1.0,0.1,32,0.03,0.02
multimodal_psd-fc-wpli_gated_cnn,5,sub10,sub01;sub05;sub07;sub08;sub09;sub13;sub14;sub15;sub16;sub17;sub18;sub20;sub22;sub24;sub27;sub28;sub29,sub11,19,0.4525158703327179,0.5644120573997498,0.002,1e-05,1.0,1.0,True,False,multimodal,psd-fc-wpli,gated,cnn,True,finetune,segssl_barlow_all-patient_fc-wpli_finetune_seed13_pre20_proj32_mask0_03_noise0_02_mlp1_0_sup100,True,barlow,fc-wpli,all-patient,True,13,1.0,0.1,32,0.03,0.02
multimodal_psd-fc-wpli_gated_cnn,5,sub10,sub01;sub05;sub07;sub08;sub09;sub13;sub14;sub15;sub16;sub17;sub18;sub20;sub22;sub24;sub27;sub28;sub29,sub11,20,0.42787742614746094,0.5449181199073792,0.002,1e-05,1.0,1.0,True,False,multimodal,psd-fc-wpli,gated,cnn,True,finetune,segssl_barlow_all-patient_fc-wpli_finetune_seed13_pre20_proj32_mask0_03_noise0_02_mlp1_0_sup100,True,barlow,fc-wpli,all-patient,True,13,1.0,0.1,32,0.03,0.02
multimodal_psd-fc-wpli_gated_cnn,5,sub10,sub01;sub05;sub07;sub08;sub09;sub13;sub14;sub15;sub16;sub17;sub18;sub20;sub22;sub24;sub27;sub28;sub29,sub11,21,0.40223217010498047,0.5220000147819519,0.002,1e-05,1.0,1.0,True,False,multimodal,psd-fc-wpli,gated,cnn,True,finetune,segssl_barlow_all-patient_fc-wpli_finetune_seed13_pre20_proj32_mask0_03_noise0_02_mlp1_0_sup100,True,barlow,fc-wpli,all-patient,True,13,1.0,0.1,32,0.03,0.02
multimodal_psd-fc-wpli_gated_cnn,5,sub10,sub01;sub05;sub07;sub08;sub09;sub13;sub14;sub15;sub16;sub17;sub18;sub20;sub22;sub24;sub27;sub28;sub29,sub11,22,0.3756512403488159,0.4957408010959625,0.002,1e-05,1.0,1.0,True,False,multimodal,psd-fc-wpli,gated,cnn,True,finetune,segssl_barlow_all-patient_fc-wpli_finetune_seed13_pre20_proj32_mask0_03_noise0_02_mlp1_0_sup100,True,barlow,fc-wpli,all-patient,True,13,1.0,0.1,32,0.03,0.02
multimodal_psd-fc-wpli_gated_cnn,5,sub10,sub01;sub05;sub07;sub08;sub09;sub13;sub14;sub15;sub16;sub17;sub18;sub20;sub22;sub24;sub27;sub28;sub29,sub11,23,0.34851497411727905,0.46586889028549194,0.002,1e-05,1.0,1.0,True,False,multimodal,psd-fc-wpli,gated,cnn,True,finetune,segssl_barlow_all-patient_fc-wpli_finetune_seed13_pre20_proj32_mask0_03_noise0_02_mlp1_0_sup100,True,barlow,fc-wpli,all-patient,True,13,1.0,0.1,32,0.03,0.02
multimodal_psd-fc-wpli_gated_cnn,5,sub10,sub01;sub05;sub07;sub08;sub09;sub13;sub14;sub15;sub16;sub17;sub18;sub20;sub22;sub24;sub27;sub28;sub29,sub11,24,0.32093027234077454,0.43526673316955566,0.002,1e-05,1.0,1.0,True,False,multimodal,psd-fc-wpli,gated,cnn,True,finetune,segssl_barlow_all-patient_fc-wpli_finetune_seed13_pre20_proj32_mask0_03_noise0_02_mlp1_0_sup100,True,barlow,fc-wpli,all-patient,True,13,1.0,0.1,32,0.03,0.02
multimodal_psd-fc-wpli_gated_cnn,5,sub10,sub01;sub05;sub07;sub08;sub09;sub13;sub14;sub15;sub16;sub17;sub18;sub20;sub22;sub24;sub27;sub28;sub29,sub11,25,0.2930864691734314,0.4062540531158447,0.002,1e-05,1.0,1.0,True,False,multimodal,psd-fc-wpli,gated,cnn,True,finetune,segssl_barlow_all-patient_fc-wpli_finetune_seed13_pre20_proj32_mask0_03_noise0_02_mlp1_0_sup100,True,barlow,fc-wpli,all-patient,True,13,1.0,0.1,32,0.03,0.02
multimodal_psd-fc-wpli_gated_cnn,5,sub10,sub01;sub05;sub07;sub08;sub09;sub13;sub14;sub15;sub16;sub17;sub18;sub20;sub22;sub24;sub27;sub28;sub29,sub11,26,0.2653510570526123,0.37876325845718384,0.002,1e-05,1.0,1.0,True,False,multimodal,psd-fc-wpli,gated,cnn,True,finetune,segssl_barlow_all-patient_fc-wpli_finetune_seed13_pre20_proj32_mask0_03_noise0_02_mlp1_0_sup100,True,barlow,fc-wpli,all-patient,True,13,1.0,0.1,32,0.03,0.02
multimodal_psd-fc-wpli_gated_cnn,5,sub10,sub01;sub05;sub07;sub08;sub09;sub13;sub14;sub15;sub16;sub17;sub18;sub20;sub22;sub24;sub27;sub28;sub29,sub11,27,0.2380152940750122,0.3542276918888092,0.002,1e-05,1.0,1.0,True,False,multimodal,psd-fc-wpli,gated,cnn,True,finetune,segssl_barlow_all-patient_fc-wpli_finetune_seed13_pre20_proj32_mask0_03_noise0_02_mlp1_0_sup100,True,barlow,fc-wpli,all-patient,True,13,1.0,0.1,32,0.03,0.02
multimodal_psd-fc-wpli_gated_cnn,5,sub10,sub01;sub05;sub07;sub08;sub09;sub13;sub14;sub15;sub16;sub17;sub18;sub20;sub22;sub24;sub27;sub28;sub29,sub11,28,0.2116127759218216,0.33269646763801575,0.002,1e-05,1.0,1.0,True,False,multimodal,psd-fc-wpli,gated,cnn,True,finetune,segssl_barlow_all-patient_fc-wpli_finetune_seed13_pre20_proj32_mask0_03_noise0_02_mlp1_0_sup100,True,barlow,fc-wpli,all-patient,True,13,1.0,0.1,32,0.03,0.02
multimodal_psd-fc-wpli_gated_cnn,5,sub10,sub01;sub05;sub07;sub08;sub09;sub13;sub14;sub15;sub16;sub17;sub18;sub20;sub22;sub24;sub27;sub28;sub29,sub11,29,0.18640047311782837,0.31452077627182007,0.002,1e-05,1.0,1.0,True,False,multimodal,psd-fc-wpli,gated,cnn,True,finetune,segssl_barlow_all-patient_fc-wpli_finetune_seed13_pre20_proj32_mask0_03_noise0_02_mlp1_0_sup100,True,barlow,fc-wpli,all-patient,True,13,1.0,0.1,32,0.03,0.02
multimodal_psd-fc-wpli_gated_cnn,5,sub10,sub01;sub05;sub07;sub08;sub09;sub13;sub14;sub15;sub16;sub17;sub18;sub20;sub22;sub24;sub27;sub28;sub29,sub11,30,0.1628042608499527,0.29870182275772095,0.002,1e-05,1.0,1.0,True,False,multimodal,psd-fc-wpli,gated,cnn,True,finetune,segssl_barlow_all-patient_fc-wpli_finetune_seed13_pre20_proj32_mask0_03_noise0_02_mlp1_0_sup100,True,barlow,fc-wpli,all-patient,True,13,1.0,0.1,32,0.03,0.02
multimodal_psd-fc-wpli_gated_cnn,5,sub10,sub01;sub05;sub07;sub08;sub09;sub13;sub14;sub15;sub16;sub17;sub18;sub20;sub22;sub24;sub27;sub28;sub29,sub11,31,0.14087732136249542,0.28702688217163086,0.002,1e-05,1.0,1.0,True,False,multimodal,psd-fc-wpli,gated,cnn,True,finetune,segssl_barlow_all-patient_fc-wpli_finetune_seed13_pre20_proj32_mask0_03_noise0_02_mlp1_0_sup100,True,barlow,fc-wpli,all-patient,True,13,1.0,0.1,32,0.03,0.02
multimodal_psd-fc-wpli_gated_cnn,5,sub10,sub01;sub05;sub07;sub08;sub09;sub13;sub14;sub15;sub16;sub17;sub18;sub20;sub22;sub24;sub27;sub28;sub29,sub11,32,0.12094157189130783,0.28090450167655945,0.002,1e-05,1.0,1.0,True,False,multimodal,psd-fc-wpli,gated,cnn,True,finetune,segssl_barlow_all-patient_fc-wpli_finetune_seed13_pre20_proj32_mask0_03_noise0_02_mlp1_0_sup100,True,barlow,fc-wpli,all-patient,True,13,1.0,0.1,32,0.03,0.02
multimodal_psd-fc-wpli_gated_cnn,5,sub10,sub01;sub05;sub07;sub08;sub09;sub13;sub14;sub15;sub16;sub17;sub18;sub20;sub22;sub24;sub27;sub28;sub29,sub11,33,0.10306134074926376,0.27958837151527405,0.002,1e-05,1.0,1.0,True,False,multimodal,psd-fc-wpli,gated,cnn,True,finetune,segssl_barlow_all-patient_fc-wpli_finetune_seed13_pre20_proj32_mask0_03_noise0_02_mlp1_0_sup100,True,barlow,fc-wpli,all-patient,True,13,1.0,0.1,32,0.03,0.02
multimodal_psd-fc-wpli_gated_cnn,5,sub10,sub01;sub05;sub07;sub08;sub09;sub13;sub14;sub15;sub16;sub17;sub18;sub20;sub22;sub24;sub27;sub28;sub29,sub11,34,0.08720146864652634,0.2812153995037079,0.002,1e-05,1.0,1.0,False,False,multimodal,psd-fc-wpli,gated,cnn,True,finetune,segssl_barlow_all-patient_fc-wpli_finetune_seed13_pre20_proj32_mask0_03_noise0_02_mlp1_0_sup100,True,barlow,fc-wpli,all-patient,True,13,1.0,0.1,32,0.03,0.02
multimodal_psd-fc-wpli_gated_cnn,5,sub10,sub01;sub05;sub07;sub08;sub09;sub13;sub14;sub15;sub16;sub17;sub18;sub20;sub22;sub24;sub27;sub28;sub29,sub11,35,0.07332921028137207,0.2853298783302307,0.002,1e-05,1.0,1.0,False,False,multimodal,psd-fc-wpli,gated,cnn,True,finetune,segssl_barlow_all-patient_fc-wpli_finetune_seed13_pre20_proj32_mask0_03_noise0_02_mlp1_0_sup100,True,barlow,fc-wpli,all-patient,True,13,1.0,0.1,32,0.03,0.02
multimodal_psd-fc-wpli_gated_cnn,5,sub10,sub01;sub05;sub07;sub08;sub09;sub13;sub14;sub15;sub16;sub17;sub18;sub20;sub22;sub24;sub27;sub28;sub29,sub11,36,0.06142605096101761,0.2938653826713562,0.002,1e-05,1.0,1.0,False,False,multimodal,psd-fc-wpli,gated,cnn,True,finetune,segssl_barlow_all-patient_fc-wpli_finetune_seed13_pre20_proj32_mask0_03_noise0_02_mlp1_0_sup100,True,barlow,fc-wpli,all-patient,True,13,1.0,0.1,32,0.03,0.02
multimodal_psd-fc-wpli_gated_cnn,5,sub10,sub01;sub05;sub07;sub08;sub09;sub13;sub14;sub15;sub16;sub17;sub18;sub20;sub22;sub24;sub27;sub28;sub29,sub11,37,0.05127545818686485,0.3051597476005554,0.002,1e-05,1.0,1.0,False,False,multimodal,psd-fc-wpli,gated,cnn,True,finetune,segssl_barlow_all-patient_fc-wpli_finetune_seed13_pre20_proj32_mask0_03_noise0_02_mlp1_0_sup100,True,barlow,fc-wpli,all-patient,True,13,1.0,0.1,32,0.03,0.02
multimodal_psd-fc-wpli_gated_cnn,5,sub10,sub01;sub05;sub07;sub08;sub09;sub13;sub14;sub15;sub16;sub17;sub18;sub20;sub22;sub24;sub27;sub28;sub29,sub11,38,0.04265131801366806,0.3171877861022949,0.002,1e-05,1.0,1.0,False,False,multimodal,psd-fc-wpli,gated,cnn,True,finetune,segssl_barlow_all-patient_fc-wpli_finetune_seed13_pre20_proj32_mask0_03_noise0_02_mlp1_0_sup100,True,barlow,fc-wpli,all-patient,True,13,1.0,0.1,32,0.03,0.02
multimodal_psd-fc-wpli_gated_cnn,5,sub10,sub01;sub05;sub07;sub08;sub09;sub13;sub14;sub15;sub16;sub17;sub18;sub20;sub22;sub24;sub27;sub28;sub29,sub11,39,0.03537214547395706,0.3276636600494385,0.002,1e-05,1.0,1.0,False,False,multimodal,psd-fc-wpli,gated,cnn,True,finetune,segssl_barlow_all-patient_fc-wpli_finetune_seed13_pre20_proj32_mask0_03_noise0_02_mlp1_0_sup100,True,barlow,fc-wpli,all-patient,True,13,1.0,0.1,32,0.03,0.02
multimodal_psd-fc-wpli_gated_cnn,5,sub10,sub01;sub05;sub07;sub08;sub09;sub13;sub14;sub15;sub16;sub17;sub18;sub20;sub22;sub24;sub27;sub28;sub29,sub11,40,0.029285991564393044,0.33551478385925293,0.002,1e-05,1.0,1.0,False,False,multimodal,psd-fc-wpli,gated,cnn,True,finetune,segssl_barlow_all-patient_fc-wpli_finetune_seed13_pre20_proj32_mask0_03_noise0_02_mlp1_0_sup100,True,barlow,fc-wpli,all-patient,True,13,1.0,0.1,32,0.03,0.02
multimodal_psd-fc-wpli_gated_cnn,5,sub10,sub01;sub05;sub07;sub08;sub09;sub13;sub14;sub15;sub16;sub17;sub18;sub20;sub22;sub24;sub27;sub28;sub29,sub11,41,0.024236703291535378,0.3408259451389313,0.002,1e-05,1.0,1.0,False,False,multimodal,psd-fc-wpli,gated,cnn,True,finetune,segssl_barlow_all-patient_fc-wpli_finetune_seed13_pre20_proj32_mask0_03_noise0_02_mlp1_0_sup100,True,barlow,fc-wpli,all-patient,True,13,1.0,0.1,32,0.03,0.02
multimodal_psd-fc-wpli_gated_cnn,5,sub10,sub01;sub05;sub07;sub08;sub09;sub13;sub14;sub15;sub16;sub17;sub18;sub20;sub22;sub24;sub27;sub28;sub29,sub11,42,0.02007022500038147,0.3432144224643707,0.002,1e-05,1.0,1.0,False,False,multimodal,psd-fc-wpli,gated,cnn,True,finetune,segssl_barlow_all-patient_fc-wpli_finetune_seed13_pre20_proj32_mask0_03_noise0_02_mlp1_0_sup100,True,barlow,fc-wpli,all-patient,True,13,1.0,0.1,32,0.03,0.02
multimodal_psd-fc-wpli_gated_cnn,5,sub10,sub01;sub05;sub07;sub08;sub09;sub13;sub14;sub15;sub16;sub17;sub18;sub20;sub22;sub24;sub27;sub28;sub29,sub11,43,0.016644878312945366,0.3435676395893097,0.002,1e-05,1.0,1.0,False,False,multimodal,psd-fc-wpli,gated,cnn,True,finetune,segssl_barlow_all-patient_fc-wpli_finetune_seed13_pre20_proj32_mask0_03_noise0_02_mlp1_0_sup100,True,barlow,fc-wpli,all-patient,True,13,1.0,0.1,32,0.03,0.02
multimodal_psd-fc-wpli_gated_cnn,5,sub10,sub01;sub05;sub07;sub08;sub09;sub13;sub14;sub15;sub16;sub17;sub18;sub20;sub22;sub24;sub27;sub28;sub29,sub11,44,0.013834752142429352,0.3431418538093567,0.002,1e-05,1.0,1.0,False,False,multimodal,psd-fc-wpli,gated,cnn,True,finetune,segssl_barlow_all-patient_fc-wpli_finetune_seed13_pre20_proj32_mask0_03_noise0_02_mlp1_0_sup100,True,barlow,fc-wpli,all-patient,True,13,1.0,0.1,32,0.03,0.02
multimodal_psd-fc-wpli_gated_cnn,5,sub10,sub01;sub05;sub07;sub08;sub09;sub13;sub14;sub15;sub16;sub17;sub18;sub20;sub22;sub24;sub27;sub28;sub29,sub11,45,0.011537575162947178,0.3430340588092804,0.002,1e-05,1.0,1.0,False,False,multimodal,psd-fc-wpli,gated,cnn,True,finetune,segssl_barlow_all-patient_fc-wpli_finetune_seed13_pre20_proj32_mask0_03_noise0_02_mlp1_0_sup100,True,barlow,fc-wpli,all-patient,True,13,1.0,0.1,32,0.03,0.02
multimodal_psd-fc-wpli_gated_cnn,5,sub10,sub01;sub05;sub07;sub08;sub09;sub13;sub14;sub15;sub16;sub17;sub18;sub20;sub22;sub24;sub27;sub28;sub29,sub11,46,0.009674656204879284,0.3451211452484131,0.002,1e-05,1.0,1.0,False,False,multimodal,psd-fc-wpli,gated,cnn,True,finetune,segssl_barlow_all-patient_fc-wpli_finetune_seed13_pre20_proj32_mask0_03_noise0_02_mlp1_0_sup100,True,barlow,fc-wpli,all-patient,True,13,1.0,0.1,32,0.03,0.02
multimodal_psd-fc-wpli_gated_cnn,5,sub10,sub01;sub05;sub07;sub08;sub09;sub13;sub14;sub15;sub16;sub17;sub18;sub20;sub22;sub24;sub27;sub28;sub29,sub11,47,0.008167737163603306,0.34948116540908813,0.002,1e-05,1.0,1.0,False,False,multimodal,psd-fc-wpli,gated,cnn,True,finetune,segssl_barlow_all-patient_fc-wpli_finetune_seed13_pre20_proj32_mask0_03_noise0_02_mlp1_0_sup100,True,barlow,fc-wpli,all-patient,True,13,1.0,0.1,32,0.03,0.02
multimodal_psd-fc-wpli_gated_cnn,5,sub10,sub01;sub05;sub07;sub08;sub09;sub13;sub14;sub15;sub16;sub17;sub18;sub20;sub22;sub24;sub27;sub28;sub29,sub11,48,0.006937479600310326,0.3544207513332367,0.002,1e-05,1.0,1.0,False,False,multimodal,psd-fc-wpli,gated,cnn,True,finetune,segssl_barlow_all-patient_fc-wpli_finetune_seed13_pre20_proj32_mask0_03_noise0_02_mlp1_0_sup100,True,barlow,fc-wpli,all-patient,True,13,1.0,0.1,32,0.03,0.02
multimodal_psd-fc-wpli_gated_cnn,5,sub10,sub01;sub05;sub07;sub08;sub09;sub13;sub14;sub15;sub16;sub17;sub18;sub20;sub22;sub24;sub27;sub28;sub29,sub11,49,0.005928216502070427,0.3586632311344147,0.002,1e-05,1.0,1.0,False,False,multimodal,psd-fc-wpli,gated,cnn,True,finetune,segssl_barlow_all-patient_fc-wpli_finetune_seed13_pre20_proj32_mask0_03_noise0_02_mlp1_0_sup100,True,barlow,fc-wpli,all-patient,True,13,1.0,0.1,32,0.03,0.02
multimodal_psd-fc-wpli_gated_cnn,5,sub10,sub01;sub05;sub07;sub08;sub09;sub13;sub14;sub15;sub16;sub17;sub18;sub20;sub22;sub24;sub27;sub28;sub29,sub11,50,0.005097046960145235,0.3610561490058899,0.002,1e-05,1.0,1.0,False,False,multimodal,psd-fc-wpli,gated,cnn,True,finetune,segssl_barlow_all-patient_fc-wpli_finetune_seed13_pre20_proj32_mask0_03_noise0_02_mlp1_0_sup100,True,barlow,fc-wpli,all-patient,True,13,1.0,0.1,32,0.03,0.02
multimodal_psd-fc-wpli_gated_cnn,5,sub10,sub01;sub05;sub07;sub08;sub09;sub13;sub14;sub15;sub16;sub17;sub18;sub20;sub22;sub24;sub27;sub28;sub29,sub11,51,0.004416210576891899,0.3608778715133667,0.002,1e-05,1.0,1.0,False,False,multimodal,psd-fc-wpli,gated,cnn,True,finetune,segssl_barlow_all-patient_fc-wpli_finetune_seed13_pre20_proj32_mask0_03_noise0_02_mlp1_0_sup100,True,barlow,fc-wpli,all-patient,True,13,1.0,0.1,32,0.03,0.02
multimodal_psd-fc-wpli_gated_cnn,5,sub10,sub01;sub05;sub07;sub08;sub09;sub13;sub14;sub15;sub16;sub17;sub18;sub20;sub22;sub24;sub27;sub28;sub29,sub11,52,0.003858159529045224,0.35797110199928284,0.002,1e-05,1.0,1.0,False,False,multimodal,psd-fc-wpli,gated,cnn,True,finetune,segssl_barlow_all-patient_fc-wpli_finetune_seed13_pre20_proj32_mask0_03_noise0_02_mlp1_0_sup100,True,barlow,fc-wpli,all-patient,True,13,1.0,0.1,32,0.03,0.02
multimodal_psd-fc-wpli_gated_cnn,5,sub10,sub01;sub05;sub07;sub08;sub09;sub13;sub14;sub15;sub16;sub17;sub18;sub20;sub22;sub24;sub27;sub28;sub29,sub11,53,0.00339462305419147,0.3531407415866852,0.002,1e-05,1.0,1.0,False,False,multimodal,psd-fc-wpli,gated,cnn,True,finetune,segssl_barlow_all-patient_fc-wpli_finetune_seed13_pre20_proj32_mask0_03_noise0_02_mlp1_0_sup100,True,barlow,fc-wpli,all-patient,True,13,1.0,0.1,32,0.03,0.02
multimodal_psd-fc-wpli_gated_cnn,5,sub10,sub01;sub05;sub07;sub08;sub09;sub13;sub14;sub15;sub16;sub17;sub18;sub20;sub22;sub24;sub27;sub28;sub29,sub11,54,0.0030071286018937826,0.34768226742744446,0.002,1e-05,1.0,1.0,False,False,multimodal,psd-fc-wpli,gated,cnn,True,finetune,segssl_barlow_all-patient_fc-wpli_finetune_seed13_pre20_proj32_mask0_03_noise0_02_mlp1_0_sup100,True,barlow,fc-wpli,all-patient,True,13,1.0,0.1,32,0.03,0.02
multimodal_psd-fc-wpli_gated_cnn,5,sub10,sub01;sub05;sub07;sub08;sub09;sub13;sub14;sub15;sub16;sub17;sub18;sub20;sub22;sub24;sub27;sub28;sub29,sub11,55,0.00268049375154078,0.3416534662246704,0.002,1e-05,1.0,1.0,False,False,multimodal,psd-fc-wpli,gated,cnn,True,finetune,segssl_barlow_all-patient_fc-wpli_finetune_seed13_pre20_proj32_mask0_03_noise0_02_mlp1_0_sup100,True,barlow,fc-wpli,all-patient,True,13,1.0,0.1,32,0.03,0.02
multimodal_psd-fc-wpli_gated_cnn,5,sub10,sub01;sub05;sub07;sub08;sub09;sub13;sub14;sub15;sub16;sub17;sub18;sub20;sub22;sub24;sub27;sub28;sub29,sub11,56,0.0024033396039158106,0.33545053005218506,0.002,1e-05,1.0,1.0,False,False,multimodal,psd-fc-wpli,gated,cnn,True,finetune,segssl_barlow_all-patient_fc-wpli_finetune_seed13_pre20_proj32_mask0_03_noise0_02_mlp1_0_sup100,True,barlow,fc-wpli,all-patient,True,13,1.0,0.1,32,0.03,0.02
multimodal_psd-fc-wpli_gated_cnn,5,sub10,sub01;sub05;sub07;sub08;sub09;sub13;sub14;sub15;sub16;sub17;sub18;sub20;sub22;sub24;sub27;sub28;sub29,sub11,57,0.0021668639965355396,0.3286454677581787,0.002,1e-05,1.0,1.0,False,False,multimodal,psd-fc-wpli,gated,cnn,True,finetune,segssl_barlow_all-patient_fc-wpli_finetune_seed13_pre20_proj32_mask0_03_noise0_02_mlp1_0_sup100,True,barlow,fc-wpli,all-patient,True,13,1.0,0.1,32,0.03,0.02
multimodal_psd-fc-wpli_gated_cnn,5,sub10,sub01;sub05;sub07;sub08;sub09;sub13;sub14;sub15;sub16;sub17;sub18;sub20;sub22;sub24;sub27;sub28;sub29,sub11,58,0.001963931368663907,0.32188674807548523,0.002,1e-05,1.0,1.0,False,False,multimodal,psd-fc-wpli,gated,cnn,True,finetune,segssl_barlow_all-patient_fc-wpli_finetune_seed13_pre20_proj32_mask0_03_noise0_02_mlp1_0_sup100,True,barlow,fc-wpli,all-patient,True,13,1.0,0.1,32,0.03,0.02
multimodal_psd-fc-wpli_gated_cnn,5,sub10,sub01;sub05;sub07;sub08;sub09;sub13;sub14;sub15;sub16;sub17;sub18;sub20;sub22;sub24;sub27;sub28;sub29,sub11,59,0.0017898693913593888,0.3156563341617584,0.002,1e-05,1.0,1.0,False,False,multimodal,psd-fc-wpli,gated,cnn,True,finetune,segssl_barlow_all-patient_fc-wpli_finetune_seed13_pre20_proj32_mask0_03_noise0_02_mlp1_0_sup100,True,barlow,fc-wpli,all-patient,True,13,1.0,0.1,32,0.03,0.02
multimodal_psd-fc-wpli_gated_cnn,5,sub10,sub01;sub05;sub07;sub08;sub09;sub13;sub14;sub15;sub16;sub17;sub18;sub20;sub22;sub24;sub27;sub28;sub29,sub11,60,0.0016401223838329315,0.3109740614891052,0.002,1e-05,1.0,1.0,False,False,multimodal,psd-fc-wpli,gated,cnn,True,finetune,segssl_barlow_all-patient_fc-wpli_finetune_seed13_pre20_proj32_mask0_03_noise0_02_mlp1_0_sup100,True,barlow,fc-wpli,all-patient,True,13,1.0,0.1,32,0.03,0.02
multimodal_psd-fc-wpli_gated_cnn,5,sub10,sub01;sub05;sub07;sub08;sub09;sub13;sub14;sub15;sub16;sub17;sub18;sub20;sub22;sub24;sub27;sub28;sub29,sub11,61,0.0015104436315596104,0.307466059923172,0.002,1e-05,1.0,1.0,False,False,multimodal,psd-fc-wpli,gated,cnn,True,finetune,segssl_barlow_all-patient_fc-wpli_finetune_seed13_pre20_proj32_mask0_03_noise0_02_mlp1_0_sup100,True,barlow,fc-wpli,all-patient,True,13,1.0,0.1,32,0.03,0.02
multimodal_psd-fc-wpli_gated_cnn,5,sub10,sub01;sub05;sub07;sub08;sub09;sub13;sub14;sub15;sub16;sub17;sub18;sub20;sub22;sub24;sub27;sub28;sub29,sub11,62,0.0013975228648632765,0.3051398992538452,0.002,1e-05,1.0,1.0,False,False,multimodal,psd-fc-wpli,gated,cnn,True,finetune,segssl_barlow_all-patient_fc-wpli_finetune_seed13_pre20_proj32_mask0_03_noise0_02_mlp1_0_sup100,True,barlow,fc-wpli,all-patient,True,13,1.0,0.1,32,0.03,0.02
multimodal_psd-fc-wpli_gated_cnn,5,sub10,sub01;sub05;sub07;sub08;sub09;sub13;sub14;sub15;sub16;sub17;sub18;sub20;sub22;sub24;sub27;sub28;sub29,sub11,63,0.0012988108210265636,0.3040401041507721,0.002,1e-05,1.0,1.0,False,False,multimodal,psd-fc-wpli,gated,cnn,True,finetune,segssl_barlow_all-patient_fc-wpli_finetune_seed13_pre20_proj32_mask0_03_noise0_02_mlp1_0_sup100,True,barlow,fc-wpli,all-patient,True,13,1.0,0.1,32,0.03,0.02
multimodal_psd-fc-wpli_gated_cnn,5,sub10,sub01;sub05;sub07;sub08;sub09;sub13;sub14;sub15;sub16;sub17;sub18;sub20;sub22;sub24;sub27;sub28;sub29,sub11,64,0.001211450551636517,0.3041907548904419,0.002,1e-05,1.0,1.0,False,False,multimodal,psd-fc-wpli,gated,cnn,True,finetune,segssl_barlow_all-patient_fc-wpli_finetune_seed13_pre20_proj32_mask0_03_noise0_02_mlp1_0_sup100,True,barlow,fc-wpli,all-patient,True,13,1.0,0.1,32,0.03,0.02
multimodal_psd-fc-wpli_gated_cnn,5,sub10,sub01;sub05;sub07;sub08;sub09;sub13;sub14;sub15;sub16;sub17;sub18;sub20;sub22;sub24;sub27;sub28;sub29,sub11,65,0.0011338621843606234,0.3055359721183777,0.002,1e-05,1.0,1.0,False,False,multimodal,psd-fc-wpli,gated,cnn,True,finetune,segssl_barlow_all-patient_fc-wpli_finetune_seed13_pre20_proj32_mask0_03_noise0_02_mlp1_0_sup100,True,barlow,fc-wpli,all-patient,True,13,1.0,0.1,32,0.03,0.02
multimodal_psd-fc-wpli_gated_cnn,5,sub10,sub01;sub05;sub07;sub08;sub09;sub13;sub14;sub15;sub16;sub17;sub18;sub20;sub22;sub24;sub27;sub28;sub29,sub11,66,0.0010645970469340682,0.30791613459587097,0.002,1e-05,1.0,1.0,False,False,multimodal,psd-fc-wpli,gated,cnn,True,finetune,segssl_barlow_all-patient_fc-wpli_finetune_seed13_pre20_proj32_mask0_03_noise0_02_mlp1_0_sup100,True,barlow,fc-wpli,all-patient,True,13,1.0,0.1,32,0.03,0.02
multimodal_psd-fc-wpli_gated_cnn,5,sub10,sub01;sub05;sub07;sub08;sub09;sub13;sub14;sub15;sub16;sub17;sub18;sub20;sub22;sub24;sub27;sub28;sub29,sub11,67,0.0010025992523878813,0.31109893321990967,0.002,1e-05,1.0,1.0,False,False,multimodal,psd-fc-wpli,gated,cnn,True,finetune,segssl_barlow_all-patient_fc-wpli_finetune_seed13_pre20_proj32_mask0_03_noise0_02_mlp1_0_sup100,True,barlow,fc-wpli,all-patient,True,13,1.0,0.1,32,0.03,0.02
multimodal_psd-fc-wpli_gated_cnn,5,sub10,sub01;sub05;sub07;sub08;sub09;sub13;sub14;sub15;sub16;sub17;sub18;sub20;sub22;sub24;sub27;sub28;sub29,sub11,68,0.0009467908530496061,0.31491583585739136,0.002,1e-05,1.0,1.0,False,False,multimodal,psd-fc-wpli,gated,cnn,True,finetune,segssl_barlow_all-patient_fc-wpli_finetune_seed13_pre20_proj32_mask0_03_noise0_02_mlp1_0_sup100,True,barlow,fc-wpli,all-patient,True,13,1.0,0.1,32,0.03,0.02
multimodal_psd-fc-wpli_gated_cnn,5,sub10,sub01;sub05;sub07;sub08;sub09;sub13;sub14;sub15;sub16;sub17;sub18;sub20;sub22;sub24;sub27;sub28;sub29,sub11,69,0.0008963760337792337,0.3191545009613037,0.002,1e-05,1.0,1.0,False,False,multimodal,psd-fc-wpli,gated,cnn,True,finetune,segssl_barlow_all-patient_fc-wpli_finetune_seed13_pre20_proj32_mask0_03_noise0_02_mlp1_0_sup100,True,barlow,fc-wpli,all-patient,True,13,1.0,0.1,32,0.03,0.02
multimodal_psd-fc-wpli_gated_cnn,5,sub10,sub01;sub05;sub07;sub08;sub09;sub13;sub14;sub15;sub16;sub17;sub18;sub20;sub22;sub24;sub27;sub28;sub29,sub11,70,0.0008507550810463727,0.323667049407959,0.002,1e-05,1.0,1.0,False,False,multimodal,psd-fc-wpli,gated,cnn,True,finetune,segssl_barlow_all-patient_fc-wpli_finetune_seed13_pre20_proj32_mask0_03_noise0_02_mlp1_0_sup100,True,barlow,fc-wpli,all-patient,True,13,1.0,0.1,32,0.03,0.02
multimodal_psd-fc-wpli_gated_cnn,5,sub10,sub01;sub05;sub07;sub08;sub09;sub13;sub14;sub15;sub16;sub17;sub18;sub20;sub22;sub24;sub27;sub28;sub29,sub11,71,0.0008093904471024871,0.3281919062137604,0.002,1e-05,1.0,1.0,False,False,multimodal,psd-fc-wpli,gated,cnn,True,finetune,segssl_barlow_all-patient_fc-wpli_finetune_seed13_pre20_proj32_mask0_03_noise0_02_mlp1_0_sup100,True,barlow,fc-wpli,all-patient,True,13,1.0,0.1,32,0.03,0.02
multimodal_psd-fc-wpli_gated_cnn,5,sub10,sub01;sub05;sub07;sub08;sub09;sub13;sub14;sub15;sub16;sub17;sub18;sub20;sub22;sub24;sub27;sub28;sub29,sub11,72,0.0007721902220509946,0.33225154876708984,0.002,1e-05,1.0,1.0,False,False,multimodal,psd-fc-wpli,gated,cnn,True,finetune,segssl_barlow_all-patient_fc-wpli_finetune_seed13_pre20_proj32_mask0_03_noise0_02_mlp1_0_sup100,True,barlow,fc-wpli,all-patient,True,13,1.0,0.1,32,0.03,0.02
multimodal_psd-fc-wpli_gated_cnn,5,sub10,sub01;sub05;sub07;sub08;sub09;sub13;sub14;sub15;sub16;sub17;sub18;sub20;sub22;sub24;sub27;sub28;sub29,sub11,73,0.0007384810596704483,0.33577531576156616,0.002,1e-05,1.0,1.0,False,False,multimodal,psd-fc-wpli,gated,cnn,True,finetune,segssl_barlow_all-patient_fc-wpli_finetune_seed13_pre20_proj32_mask0_03_noise0_02_mlp1_0_sup100,True,barlow,fc-wpli,all-patient,True,13,1.0,0.1,32,0.03,0.02
multimodal_psd-fc-wpli_gated_cnn,5,sub10,sub01;sub05;sub07;sub08;sub09;sub13;sub14;sub15;sub16;sub17;sub18;sub20;sub22;sub24;sub27;sub28;sub29,sub11,74,0.0007077851332724094,0.3386886715888977,0.002,1e-05,1.0,1.0,False,False,multimodal,psd-fc-wpli,gated,cnn,True,finetune,segssl_barlow_all-patient_fc-wpli_finetune_seed13_pre20_proj32_mask0_03_noise0_02_mlp1_0_sup100,True,barlow,fc-wpli,all-patient,True,13,1.0,0.1,32,0.03,0.02
multimodal_psd-fc-wpli_gated_cnn,5,sub10,sub01;sub05;sub07;sub08;sub09;sub13;sub14;sub15;sub16;sub17;sub18;sub20;sub22;sub24;sub27;sub28;sub29,sub11,75,0.0006798255490139127,0.34096142649650574,0.002,1e-05,1.0,1.0,False,False,multimodal,psd-fc-wpli,gated,cnn,True,finetune,segssl_barlow_all-patient_fc-wpli_finetune_seed13_pre20_proj32_mask0_03_noise0_02_mlp1_0_sup100,True,barlow,fc-wpli,all-patient,True,13,1.0,0.1,32,0.03,0.02
multimodal_psd-fc-wpli_gated_cnn,5,sub10,sub01;sub05;sub07;sub08;sub09;sub13;sub14;sub15;sub16;sub17;sub18;sub20;sub22;sub24;sub27;sub28;sub29,sub11,76,0.0006541510228998959,0.34269848465919495,0.002,1e-05,1.0,1.0,False,False,multimodal,psd-fc-wpli,gated,cnn,True,finetune,segssl_barlow_all-patient_fc-wpli_finetune_seed13_pre20_proj32_mask0_03_noise0_02_mlp1_0_sup100,True,barlow,fc-wpli,all-patient,True,13,1.0,0.1,32,0.03,0.02
multimodal_psd-fc-wpli_gated_cnn,5,sub10,sub01;sub05;sub07;sub08;sub09;sub13;sub14;sub15;sub16;sub17;sub18;sub20;sub22;sub24;sub27;sub28;sub29,sub11,77,0.0006304259295575321,0.34389278292655945,0.002,1e-05,1.0,1.0,False,False,multimodal,psd-fc-wpli,gated,cnn,True,finetune,segssl_barlow_all-patient_fc-wpli_finetune_seed13_pre20_proj32_mask0_03_noise0_02_mlp1_0_sup100,True,barlow,fc-wpli,all-patient,True,13,1.0,0.1,32,0.03,0.02
multimodal_psd-fc-wpli_gated_cnn,5,sub10,sub01;sub05;sub07;sub08;sub09;sub13;sub14;sub15;sub16;sub17;sub18;sub20;sub22;sub24;sub27;sub28;sub29,sub11,78,0.0006084793712943792,0.344558984041214,0.002,1e-05,1.0,1.0,False,False,multimodal,psd-fc-wpli,gated,cnn,True,finetune,segssl_barlow_all-patient_fc-wpli_finetune_seed13_pre20_proj32_mask0_03_noise0_02_mlp1_0_sup100,True,barlow,fc-wpli,all-patient,True,13,1.0,0.1,32,0.03,0.02
multimodal_psd-fc-wpli_gated_cnn,5,sub10,sub01;sub05;sub07;sub08;sub09;sub13;sub14;sub15;sub16;sub17;sub18;sub20;sub22;sub24;sub27;sub28;sub29,sub11,79,0.000588050635997206,0.3447573482990265,0.002,1e-05,1.0,1.0,False,False,multimodal,psd-fc-wpli,gated,cnn,True,finetune,segssl_barlow_all-patient_fc-wpli_finetune_seed13_pre20_proj32_mask0_03_noise0_02_mlp1_0_sup100,True,barlow,fc-wpli,all-patient,True,13,1.0,0.1,32,0.03,0.02
multimodal_psd-fc-wpli_gated_cnn,5,sub10,sub01;sub05;sub07;sub08;sub09;sub13;sub14;sub15;sub16;sub17;sub18;sub20;sub22;sub24;sub27;sub28;sub29,sub11,80,0.0005690413527190685,0.3448249399662018,0.002,1e-05,1.0,1.0,False,False,multimodal,psd-fc-wpli,gated,cnn,True,finetune,segssl_barlow_all-patient_fc-wpli_finetune_seed13_pre20_proj32_mask0_03_noise0_02_mlp1_0_sup100,True,barlow,fc-wpli,all-patient,True,13,1.0,0.1,32,0.03,0.02
multimodal_psd-fc-wpli_gated_cnn,5,sub10,sub01;sub05;sub07;sub08;sub09;sub13;sub14;sub15;sub16;sub17;sub18;sub20;sub22;sub24;sub27;sub28;sub29,sub11,81,0.0005513826035894454,0.3447439968585968,0.002,1e-05,1.0,1.0,False,False,multimodal,psd-fc-wpli,gated,cnn,True,finetune,segssl_barlow_all-patient_fc-wpli_finetune_seed13_pre20_proj32_mask0_03_noise0_02_mlp1_0_sup100,True,barlow,fc-wpli,all-patient,True,13,1.0,0.1,32,0.03,0.02
multimodal_psd-fc-wpli_gated_cnn,5,sub10,sub01;sub05;sub07;sub08;sub09;sub13;sub14;sub15;sub16;sub17;sub18;sub20;sub22;sub24;sub27;sub28;sub29,sub11,82,0.0005348792765289545,0.3445693850517273,0.002,1e-05,1.0,1.0,False,False,multimodal,psd-fc-wpli,gated,cnn,True,finetune,segssl_barlow_all-patient_fc-wpli_finetune_seed13_pre20_proj32_mask0_03_noise0_02_mlp1_0_sup100,True,barlow,fc-wpli,all-patient,True,13,1.0,0.1,32,0.03,0.02
multimodal_psd-fc-wpli_gated_cnn,5,sub10,sub01;sub05;sub07;sub08;sub09;sub13;sub14;sub15;sub16;sub17;sub18;sub20;sub22;sub24;sub27;sub28;sub29,sub11,83,0.0005193398683331907,0.3443071246147156,0.002,1e-05,1.0,1.0,False,False,multimodal,psd-fc-wpli,gated,cnn,True,finetune,segssl_barlow_all-patient_fc-wpli_finetune_seed13_pre20_proj32_mask0_03_noise0_02_mlp1_0_sup100,True,barlow,fc-wpli,all-patient,True,13,1.0,0.1,32,0.03,0.02
multimodal_psd-fc-wpli_gated_cnn,5,sub10,sub01;sub05;sub07;sub08;sub09;sub13;sub14;sub15;sub16;sub17;sub18;sub20;sub22;sub24;sub27;sub28;sub29,sub11,84,0.000504795229062438,0.3440898656845093,0.001,1e-05,1.0,1.0,False,False,multimodal,psd-fc-wpli,gated,cnn,True,finetune,segssl_barlow_all-patient_fc-wpli_finetune_seed13_pre20_proj32_mask0_03_noise0_02_mlp1_0_sup100,True,barlow,fc-wpli,all-patient,True,13,1.0,0.1,32,0.03,0.02
multimodal_psd-fc-wpli_gated_cnn,5,sub10,sub01;sub05;sub07;sub08;sub09;sub13;sub14;sub15;sub16;sub17;sub18;sub20;sub22;sub24;sub27;sub28;sub29,sub11,85,0.0004911148571409285,0.3436421751976013,0.001,1e-05,1.0,1.0,False,False,multimodal,psd-fc-wpli,gated,cnn,True,finetune,segssl_barlow_all-patient_fc-wpli_finetune_seed13_pre20_proj32_mask0_03_noise0_02_mlp1_0_sup100,True,barlow,fc-wpli,all-patient,True,13,1.0,0.1,32,0.03,0.02
multimodal_psd-fc-wpli_gated_cnn,5,sub10,sub01;sub05;sub07;sub08;sub09;sub13;sub14;sub15;sub16;sub17;sub18;sub20;sub22;sub24;sub27;sub28;sub29,sub11,86,0.0004846395750064403,0.34328293800354004,0.001,1e-05,1.0,1.0,False,False,multimodal,psd-fc-wpli,gated,cnn,True,finetune,segssl_barlow_all-patient_fc-wpli_finetune_seed13_pre20_proj32_mask0_03_noise0_02_mlp1_0_sup100,True,barlow,fc-wpli,all-patient,True,13,1.0,0.1,32,0.03,0.02
multimodal_psd-fc-wpli_gated_cnn,5,sub10,sub01;sub05;sub07;sub08;sub09;sub13;sub14;sub15;sub16;sub17;sub18;sub20;sub22;sub24;sub27;sub28;sub29,sub11,87,0.00047844299115240574,0.34300974011421204,0.001,1e-05,1.0,1.0,False,False,multimodal,psd-fc-wpli,gated,cnn,True,finetune,segssl_barlow_all-patient_fc-wpli_finetune_seed13_pre20_proj32_mask0_03_noise0_02_mlp1_0_sup100,True,barlow,fc-wpli,all-patient,True,13,1.0,0.1,32,0.03,0.02
multimodal_psd-fc-wpli_gated_cnn,5,sub10,sub01;sub05;sub07;sub08;sub09;sub13;sub14;sub15;sub16;sub17;sub18;sub20;sub22;sub24;sub27;sub28;sub29,sub11,88,0.0004725093604065478,0.34284472465515137,0.001,1e-05,1.0,1.0,False,False,multimodal,psd-fc-wpli,gated,cnn,True,finetune,segssl_barlow_all-patient_fc-wpli_finetune_seed13_pre20_proj32_mask0_03_noise0_02_mlp1_0_sup100,True,barlow,fc-wpli,all-patient,True,13,1.0,0.1,32,0.03,0.02
multimodal_psd-fc-wpli_gated_cnn,5,sub10,sub01;sub05;sub07;sub08;sub09;sub13;sub14;sub15;sub16;sub17;sub18;sub20;sub22;sub24;sub27;sub28;sub29,sub11,89,0.0004667768953368068,0.34276703000068665,0.001,1e-05,1.0,1.0,False,False,multimodal,psd-fc-wpli,gated,cnn,True,finetune,segssl_barlow_all-patient_fc-wpli_finetune_seed13_pre20_proj32_mask0_03_noise0_02_mlp1_0_sup100,True,barlow,fc-wpli,all-patient,True,13,1.0,0.1,32,0.03,0.02
multimodal_psd-fc-wpli_gated_cnn,5,sub10,sub01;sub05;sub07;sub08;sub09;sub13;sub14;sub15;sub16;sub17;sub18;sub20;sub22;sub24;sub27;sub28;sub29,sub11,90,0.0004612920747604221,0.34275537729263306,0.001,1e-05,1.0,1.0,False,False,multimodal,psd-fc-wpli,gated,cnn,True,finetune,segssl_barlow_all-patient_fc-wpli_finetune_seed13_pre20_proj32_mask0_03_noise0_02_mlp1_0_sup100,True,barlow,fc-wpli,all-patient,True,13,1.0,0.1,32,0.03,0.02
multimodal_psd-fc-wpli_gated_cnn,5,sub10,sub01;sub05;sub07;sub08;sub09;sub13;sub14;sub15;sub16;sub17;sub18;sub20;sub22;sub24;sub27;sub28;sub29,sub11,91,0.0004559694498311728,0.3428003489971161,0.001,1e-05,1.0,1.0,False,False,multimodal,psd-fc-wpli,gated,cnn,True,finetune,segssl_barlow_all-patient_fc-wpli_finetune_seed13_pre20_proj32_mask0_03_noise0_02_mlp1_0_sup100,True,barlow,fc-wpli,all-patient,True,13,1.0,0.1,32,0.03,0.02
multimodal_psd-fc-wpli_gated_cnn,5,sub10,sub01;sub05;sub07;sub08;sub09;sub13;sub14;sub15;sub16;sub17;sub18;sub20;sub22;sub24;sub27;sub28;sub29,sub11,92,0.0004508132115006447,0.3428815007209778,0.001,1e-05,1.0,1.0,False,False,multimodal,psd-fc-wpli,gated,cnn,True,finetune,segssl_barlow_all-patient_fc-wpli_finetune_seed13_pre20_proj32_mask0_03_noise0_02_mlp1_0_sup100,True,barlow,fc-wpli,all-patient,True,13,1.0,0.1,32,0.03,0.02
multimodal_psd-fc-wpli_gated_cnn,5,sub10,sub01;sub05;sub07;sub08;sub09;sub13;sub14;sub15;sub16;sub17;sub18;sub20;sub22;sub24;sub27;sub28;sub29,sub11,93,0.00044586422154679894,0.3429839313030243,0.001,1e-05,1.0,1.0,False,False,multimodal,psd-fc-wpli,gated,cnn,True,finetune,segssl_barlow_all-patient_fc-wpli_finetune_seed13_pre20_proj32_mask0_03_noise0_02_mlp1_0_sup100,True,barlow,fc-wpli,all-patient,True,13,1.0,0.1,32,0.03,0.02
multimodal_psd-fc-wpli_gated_cnn,5,sub10,sub01;sub05;sub07;sub08;sub09;sub13;sub14;sub15;sub16;sub17;sub18;sub20;sub22;sub24;sub27;sub28;sub29,sub11,94,0.0004410271067172289,0.34305959939956665,0.001,1e-05,1.0,1.0,False,False,multimodal,psd-fc-wpli,gated,cnn,True,finetune,segssl_barlow_all-patient_fc-wpli_finetune_seed13_pre20_proj32_mask0_03_noise0_02_mlp1_0_sup100,True,barlow,fc-wpli,all-patient,True,13,1.0,0.1,32,0.03,0.02
multimodal_psd-fc-wpli_gated_cnn,5,sub10,sub01;sub05;sub07;sub08;sub09;sub13;sub14;sub15;sub16;sub17;sub18;sub20;sub22;sub24;sub27;sub28;sub29,sub11,95,0.0004363371117506176,0.3431050181388855,0.001,1e-05,1.0,1.0,False,False,multimodal,psd-fc-wpli,gated,cnn,True,finetune,segssl_barlow_all-patient_fc-wpli_finetune_seed13_pre20_proj32_mask0_03_noise0_02_mlp1_0_sup100,True,barlow,fc-wpli,all-patient,True,13,1.0,0.1,32,0.03,0.02
multimodal_psd-fc-wpli_gated_cnn,5,sub10,sub01;sub05;sub07;sub08;sub09;sub13;sub14;sub15;sub16;sub17;sub18;sub20;sub22;sub24;sub27;sub28;sub29,sub11,96,0.0004317582643125206,0.34311428666114807,0.001,1e-05,1.0,1.0,False,False,multimodal,psd-fc-wpli,gated,cnn,True,finetune,segssl_barlow_all-patient_fc-wpli_finetune_seed13_pre20_proj32_mask0_03_noise0_02_mlp1_0_sup100,True,barlow,fc-wpli,all-patient,True,13,1.0,0.1,32,0.03,0.02
multimodal_psd-fc-wpli_gated_cnn,5,sub10,sub01;sub05;sub07;sub08;sub09;sub13;sub14;sub15;sub16;sub17;sub18;sub20;sub22;sub24;sub27;sub28;sub29,sub11,97,0.0004272761580068618,0.3430895507335663,0.001,1e-05,1.0,1.0,False,False,multimodal,psd-fc-wpli,gated,cnn,True,finetune,segssl_barlow_all-patient_fc-wpli_finetune_seed13_pre20_proj32_mask0_03_noise0_02_mlp1_0_sup100,True,barlow,fc-wpli,all-patient,True,13,1.0,0.1,32,0.03,0.02
multimodal_psd-fc-wpli_gated_cnn,5,sub10,sub01;sub05;sub07;sub08;sub09;sub13;sub14;sub15;sub16;sub17;sub18;sub20;sub22;sub24;sub27;sub28;sub29,sub11,98,0.00042292129364795983,0.3430267870426178,0.001,1e-05,1.0,1.0,False,False,multimodal,psd-fc-wpli,gated,cnn,True,finetune,segssl_barlow_all-patient_fc-wpli_finetune_seed13_pre20_proj32_mask0_03_noise0_02_mlp1_0_sup100,True,barlow,fc-wpli,all-patient,True,13,1.0,0.1,32,0.03,0.02
multimodal_psd-fc-wpli_gated_cnn,5,sub10,sub01;sub05;sub07;sub08;sub09;sub13;sub14;sub15;sub16;sub17;sub18;sub20;sub22;sub24;sub27;sub28;sub29,sub11,99,0.00041865932871587574,0.34292173385620117,0.001,1e-05,1.0,1.0,False,False,multimodal,psd-fc-wpli,gated,cnn,True,finetune,segssl_barlow_all-patient_fc-wpli_finetune_seed13_pre20_proj32_mask0_03_noise0_02_mlp1_0_sup100,True,barlow,fc-wpli,all-patient,True,13,1.0,0.1,32,0.03,0.02
multimodal_psd-fc-wpli_gated_cnn,5,sub10,sub01;sub05;sub07;sub08;sub09;sub13;sub14;sub15;sub16;sub17;sub18;sub20;sub22;sub24;sub27;sub28;sub29,sub11,100,0.0004145049024373293,0.3427777886390686,0.001,1e-05,1.0,1.0,False,False,multimodal,psd-fc-wpli,gated,cnn,True,finetune,segssl_barlow_all-patient_fc-wpli_finetune_seed13_pre20_proj32_mask0_03_noise0_02_mlp1_0_sup100,True,barlow,fc-wpli,all-patient,True,13,1.0,0.1,32,0.03,0.02
multimodal_psd-fc-wpli_gated_cnn,6,sub11,sub01;sub05;sub07;sub08;sub09;sub10;sub14;sub15;sub16;sub17;sub18;sub20;sub22;sub24;sub27;sub28;sub29,sub13,1,0.7066876888275146,0.6172412633895874,0.002,1e-05,1.0,1.0,True,False,multimodal,psd-fc-wpli,gated,cnn,True,finetune,segssl_barlow_all-patient_fc-wpli_finetune_seed13_pre20_proj32_mask0_03_noise0_02_mlp1_0_sup100,True,barlow,fc-wpli,all-patient,True,13,1.0,0.1,32,0.03,0.02
multimodal_psd-fc-wpli_gated_cnn,6,sub11,sub01;sub05;sub07;sub08;sub09;sub10;sub14;sub15;sub16;sub17;sub18;sub20;sub22;sub24;sub27;sub28;sub29,sub13,2,0.6958520412445068,0.6250849366188049,0.002,1e-05,1.0,1.0,False,False,multimodal,psd-fc-wpli,gated,cnn,True,finetune,segssl_barlow_all-patient_fc-wpli_finetune_seed13_pre20_proj32_mask0_03_noise0_02_mlp1_0_sup100,True,barlow,fc-wpli,all-patient,True,13,1.0,0.1,32,0.03,0.02
multimodal_psd-fc-wpli_gated_cnn,6,sub11,sub01;sub05;sub07;sub08;sub09;sub10;sub14;sub15;sub16;sub17;sub18;sub20;sub22;sub24;sub27;sub28;sub29,sub13,3,0.6850266456604004,0.6274300813674927,0.002,1e-05,1.0,1.0,False,False,multimodal,psd-fc-wpli,gated,cnn,True,finetune,segssl_barlow_all-patient_fc-wpli_finetune_seed13_pre20_proj32_mask0_03_noise0_02_mlp1_0_sup100,True,barlow,fc-wpli,all-patient,True,13,1.0,0.1,32,0.03,0.02
multimodal_psd-fc-wpli_gated_cnn,6,sub11,sub01;sub05;sub07;sub08;sub09;sub10;sub14;sub15;sub16;sub17;sub18;sub20;sub22;sub24;sub27;sub28;sub29,sub13,4,0.6746073365211487,0.6222471594810486,0.002,1e-05,1.0,1.0,False,False,multimodal,psd-fc-wpli,gated,cnn,True,finetune,segssl_barlow_all-patient_fc-wpli_finetune_seed13_pre20_proj32_mask0_03_noise0_02_mlp1_0_sup100,True,barlow,fc-wpli,all-patient,True,13,1.0,0.1,32,0.03,0.02
multimodal_psd-fc-wpli_gated_cnn,6,sub11,sub01;sub05;sub07;sub08;sub09;sub10;sub14;sub15;sub16;sub17;sub18;sub20;sub22;sub24;sub27;sub28;sub29,sub13,5,0.6648736000061035,0.6050410866737366,0.002,1e-05,1.0,1.0,True,False,multimodal,psd-fc-wpli,gated,cnn,True,finetune,segssl_barlow_all-patient_fc-wpli_finetune_seed13_pre20_proj32_mask0_03_noise0_02_mlp1_0_sup100,True,barlow,fc-wpli,all-patient,True,13,1.0,0.1,32,0.03,0.02
multimodal_psd-fc-wpli_gated_cnn,6,sub11,sub01;sub05;sub07;sub08;sub09;sub10;sub14;sub15;sub16;sub17;sub18;sub20;sub22;sub24;sub27;sub28;sub29,sub13,6,0.6545825600624084,0.5768030881881714,0.002,1e-05,1.0,1.0,True,False,multimodal,psd-fc-wpli,gated,cnn,True,finetune,segssl_barlow_all-patient_fc-wpli_finetune_seed13_pre20_proj32_mask0_03_noise0_02_mlp1_0_sup100,True,barlow,fc-wpli,all-patient,True,13,1.0,0.1,32,0.03,0.02
multimodal_psd-fc-wpli_gated_cnn,6,sub11,sub01;sub05;sub07;sub08;sub09;sub10;sub14;sub15;sub16;sub17;sub18;sub20;sub22;sub24;sub27;sub28;sub29,sub13,7,0.6436766982078552,0.5399700999259949,0.002,1e-05,1.0,1.0,True,False,multimodal,psd-fc-wpli,gated,cnn,True,finetune,segssl_barlow_all-patient_fc-wpli_finetune_seed13_pre20_proj32_mask0_03_noise0_02_mlp1_0_sup100,True,barlow,fc-wpli,all-patient,True,13,1.0,0.1,32,0.03,0.02
multimodal_psd-fc-wpli_gated_cnn,6,sub11,sub01;sub05;sub07;sub08;sub09;sub10;sub14;sub15;sub16;sub17;sub18;sub20;sub22;sub24;sub27;sub28;sub29,sub13,8,0.6323209404945374,0.49777063727378845,0.002,1e-05,1.0,1.0,True,False,multimodal,psd-fc-wpli,gated,cnn,True,finetune,segssl_barlow_all-patient_fc-wpli_finetune_seed13_pre20_proj32_mask0_03_noise0_02_mlp1_0_sup100,True,barlow,fc-wpli,all-patient,True,13,1.0,0.1,32,0.03,0.02
multimodal_psd-fc-wpli_gated_cnn,6,sub11,sub01;sub05;sub07;sub08;sub09;sub10;sub14;sub15;sub16;sub17;sub18;sub20;sub22;sub24;sub27;sub28;sub29,sub13,9,0.6202741265296936,0.45563533902168274,0.002,1e-05,1.0,1.0,True,False,multimodal,psd-fc-wpli,gated,cnn,True,finetune,segssl_barlow_all-patient_fc-wpli_finetune_seed13_pre20_proj32_mask0_03_noise0_02_mlp1_0_sup100,True,barlow,fc-wpli,all-patient,True,13,1.0,0.1,32,0.03,0.02
multimodal_psd-fc-wpli_gated_cnn,6,sub11,sub01;sub05;sub07;sub08;sub09;sub10;sub14;sub15;sub16;sub17;sub18;sub20;sub22;sub24;sub27;sub28;sub29,sub13,10,0.6076516509056091,0.41434356570243835,0.002,1e-05,1.0,1.0,True,False,multimodal,psd-fc-wpli,gated,cnn,True,finetune,segssl_barlow_all-patient_fc-wpli_finetune_seed13_pre20_proj32_mask0_03_noise0_02_mlp1_0_sup100,True,barlow,fc-wpli,all-patient,True,13,1.0,0.1,32,0.03,0.02
multimodal_psd-fc-wpli_gated_cnn,6,sub11,sub01;sub05;sub07;sub08;sub09;sub10;sub14;sub15;sub16;sub17;sub18;sub20;sub22;sub24;sub27;sub28;sub29,sub13,11,0.594454824924469,0.3756633400917053,0.002,1e-05,1.0,1.0,True,False,multimodal,psd-fc-wpli,gated,cnn,True,finetune,segssl_barlow_all-patient_fc-wpli_finetune_seed13_pre20_proj32_mask0_03_noise0_02_mlp1_0_sup100,True,barlow,fc-wpli,all-patient,True,13,1.0,0.1,32,0.03,0.02
multimodal_psd-fc-wpli_gated_cnn,6,sub11,sub01;sub05;sub07;sub08;sub09;sub10;sub14;sub15;sub16;sub17;sub18;sub20;sub22;sub24;sub27;sub28;sub29,sub13,12,0.5806360840797424,0.342012494802475,0.002,1e-05,1.0,1.0,True,False,multimodal,psd-fc-wpli,gated,cnn,True,finetune,segssl_barlow_all-patient_fc-wpli_finetune_seed13_pre20_proj32_mask0_03_noise0_02_mlp1_0_sup100,True,barlow,fc-wpli,all-patient,True,13,1.0,0.1,32,0.03,0.02
multimodal_psd-fc-wpli_gated_cnn,6,sub11,sub01;sub05;sub07;sub08;sub09;sub10;sub14;sub15;sub16;sub17;sub18;sub20;sub22;sub24;sub27;sub28;sub29,sub13,13,0.5658723711967468,0.3128359615802765,0.002,1e-05,1.0,1.0,True,False,multimodal,psd-fc-wpli,gated,cnn,True,finetune,segssl_barlow_all-patient_fc-wpli_finetune_seed13_pre20_proj32_mask0_03_noise0_02_mlp1_0_sup100,True,barlow,fc-wpli,all-patient,True,13,1.0,0.1,32,0.03,0.02
multimodal_psd-fc-wpli_gated_cnn,6,sub11,sub01;sub05;sub07;sub08;sub09;sub10;sub14;sub15;sub16;sub17;sub18;sub20;sub22;sub24;sub27;sub28;sub29,sub13,14,0.5500279068946838,0.287893682718277,0.002,1e-05,1.0,1.0,True,False,multimodal,psd-fc-wpli,gated,cnn,True,finetune,segssl_barlow_all-patient_fc-wpli_finetune_seed13_pre20_proj32_mask0_03_noise0_02_mlp1_0_sup100,True,barlow,fc-wpli,all-patient,True,13,1.0,0.1,32,0.03,0.02
multimodal_psd-fc-wpli_gated_cnn,6,sub11,sub01;sub05;sub07;sub08;sub09;sub10;sub14;sub15;sub16;sub17;sub18;sub20;sub22;sub24;sub27;sub28;sub29,sub13,15,0.5332643985748291,0.2671234607696533,0.002,1e-05,1.0,1.0,True,False,multimodal,psd-fc-wpli,gated,cnn,True,finetune,segssl_barlow_all-patient_fc-wpli_finetune_seed13_pre20_proj32_mask0_03_noise0_02_mlp1_0_sup100,True,barlow,fc-wpli,all-patient,True,13,1.0,0.1,32,0.03,0.02
multimodal_psd-fc-wpli_gated_cnn,6,sub11,sub01;sub05;sub07;sub08;sub09;sub10;sub14;sub15;sub16;sub17;sub18;sub20;sub22;sub24;sub27;sub28;sub29,sub13,16,0.5156201720237732,0.24905511736869812,0.002,1e-05,1.0,1.0,True,False,multimodal,psd-fc-wpli,gated,cnn,True,finetune,segssl_barlow_all-patient_fc-wpli_finetune_seed13_pre20_proj32_mask0_03_noise0_02_mlp1_0_sup100,True,barlow,fc-wpli,all-patient,True,13,1.0,0.1,32,0.03,0.02
multimodal_psd-fc-wpli_gated_cnn,6,sub11,sub01;sub05;sub07;sub08;sub09;sub10;sub14;sub15;sub16;sub17;sub18;sub20;sub22;sub24;sub27;sub28;sub29,sub13,17,0.49701085686683655,0.23289087414741516,0.002,1e-05,1.0,1.0,True,False,multimodal,psd-fc-wpli,gated,cnn,True,finetune,segssl_barlow_all-patient_fc-wpli_finetune_seed13_pre20_proj32_mask0_03_noise0_02_mlp1_0_sup100,True,barlow,fc-wpli,all-patient,True,13,1.0,0.1,32,0.03,0.02
multimodal_psd-fc-wpli_gated_cnn,6,sub11,sub01;sub05;sub07;sub08;sub09;sub10;sub14;sub15;sub16;sub17;sub18;sub20;sub22;sub24;sub27;sub28;sub29,sub13,18,0.477230966091156,0.2182770073413849,0.002,1e-05,1.0,1.0,True,False,multimodal,psd-fc-wpli,gated,cnn,True,finetune,segssl_barlow_all-patient_fc-wpli_finetune_seed13_pre20_proj32_mask0_03_noise0_02_mlp1_0_sup100,True,barlow,fc-wpli,all-patient,True,13,1.0,0.1,32,0.03,0.02
multimodal_psd-fc-wpli_gated_cnn,6,sub11,sub01;sub05;sub07;sub08;sub09;sub10;sub14;sub15;sub16;sub17;sub18;sub20;sub22;sub24;sub27;sub28;sub29,sub13,19,0.4561249911785126,0.2046179622411728,0.002,1e-05,1.0,1.0,True,False,multimodal,psd-fc-wpli,gated,cnn,True,finetune,segssl_barlow_all-patient_fc-wpli_finetune_seed13_pre20_proj32_mask0_03_noise0_02_mlp1_0_sup100,True,barlow,fc-wpli,all-patient,True,13,1.0,0.1,32,0.03,0.02
multimodal_psd-fc-wpli_gated_cnn,6,sub11,sub01;sub05;sub07;sub08;sub09;sub10;sub14;sub15;sub16;sub17;sub18;sub20;sub22;sub24;sub27;sub28;sub29,sub13,20,0.4340335726737976,0.1902058720588684,0.002,1e-05,1.0,1.0,True,False,multimodal,psd-fc-wpli,gated,cnn,True,finetune,segssl_barlow_all-patient_fc-wpli_finetune_seed13_pre20_proj32_mask0_03_noise0_02_mlp1_0_sup100,True,barlow,fc-wpli,all-patient,True,13,1.0,0.1,32,0.03,0.02
multimodal_psd-fc-wpli_gated_cnn,6,sub11,sub01;sub05;sub07;sub08;sub09;sub10;sub14;sub15;sub16;sub17;sub18;sub20;sub22;sub24;sub27;sub28;sub29,sub13,21,0.4108022451400757,0.17349685728549957,0.002,1e-05,1.0,1.0,True,False,multimodal,psd-fc-wpli,gated,cnn,True,finetune,segssl_barlow_all-patient_fc-wpli_finetune_seed13_pre20_proj32_mask0_03_noise0_02_mlp1_0_sup100,True,barlow,fc-wpli,all-patient,True,13,1.0,0.1,32,0.03,0.02
multimodal_psd-fc-wpli_gated_cnn,6,sub11,sub01;sub05;sub07;sub08;sub09;sub10;sub14;sub15;sub16;sub17;sub18;sub20;sub22;sub24;sub27;sub28;sub29,sub13,22,0.38670670986175537,0.15327763557434082,0.002,1e-05,1.0,1.0,True,False,multimodal,psd-fc-wpli,gated,cnn,True,finetune,segssl_barlow_all-patient_fc-wpli_finetune_seed13_pre20_proj32_mask0_03_noise0_02_mlp1_0_sup100,True,barlow,fc-wpli,all-patient,True,13,1.0,0.1,32,0.03,0.02
multimodal_psd-fc-wpli_gated_cnn,6,sub11,sub01;sub05;sub07;sub08;sub09;sub10;sub14;sub15;sub16;sub17;sub18;sub20;sub22;sub24;sub27;sub28;sub29,sub13,23,0.3622719347476959,0.1288793981075287,0.002,1e-05,1.0,1.0,True,False,multimodal,psd-fc-wpli,gated,cnn,True,finetune,segssl_barlow_all-patient_fc-wpli_finetune_seed13_pre20_proj32_mask0_03_noise0_02_mlp1_0_sup100,True,barlow,fc-wpli,all-patient,True,13,1.0,0.1,32,0.03,0.02
multimodal_psd-fc-wpli_gated_cnn,6,sub11,sub01;sub05;sub07;sub08;sub09;sub10;sub14;sub15;sub16;sub17;sub18;sub20;sub22;sub24;sub27;sub28;sub29,sub13,24,0.33708512783050537,0.10265573114156723,0.002,1e-05,1.0,1.0,True,False,multimodal,psd-fc-wpli,gated,cnn,True,finetune,segssl_barlow_all-patient_fc-wpli_finetune_seed13_pre20_proj32_mask0_03_noise0_02_mlp1_0_sup100,True,barlow,fc-wpli,all-patient,True,13,1.0,0.1,32,0.03,0.02
multimodal_psd-fc-wpli_gated_cnn,6,sub11,sub01;sub05;sub07;sub08;sub09;sub10;sub14;sub15;sub16;sub17;sub18;sub20;sub22;sub24;sub27;sub28;sub29,sub13,25,0.31180331110954285,0.07893621176481247,0.002,1e-05,1.0,1.0,True,False,multimodal,psd-fc-wpli,gated,cnn,True,finetune,segssl_barlow_all-patient_fc-wpli_finetune_seed13_pre20_proj32_mask0_03_noise0_02_mlp1_0_sup100,True,barlow,fc-wpli,all-patient,True,13,1.0,0.1,32,0.03,0.02
multimodal_psd-fc-wpli_gated_cnn,6,sub11,sub01;sub05;sub07;sub08;sub09;sub10;sub14;sub15;sub16;sub17;sub18;sub20;sub22;sub24;sub27;sub28;sub29,sub13,26,0.28666043281555176,0.06350459903478622,0.002,1e-05,1.0,1.0,True,False,multimodal,psd-fc-wpli,gated,cnn,True,finetune,segssl_barlow_all-patient_fc-wpli_finetune_seed13_pre20_proj32_mask0_03_noise0_02_mlp1_0_sup100,True,barlow,fc-wpli,all-patient,True,13,1.0,0.1,32,0.03,0.02
multimodal_psd-fc-wpli_gated_cnn,6,sub11,sub01;sub05;sub07;sub08;sub09;sub10;sub14;sub15;sub16;sub17;sub18;sub20;sub22;sub24;sub27;sub28;sub29,sub13,27,0.261787474155426,0.05498075485229492,0.002,1e-05,1.0,1.0,True,False,multimodal,psd-fc-wpli,gated,cnn,True,finetune,segssl_barlow_all-patient_fc-wpli_finetune_seed13_pre20_proj32_mask0_03_noise0_02_mlp1_0_sup100,True,barlow,fc-wpli,all-patient,True,13,1.0,0.1,32,0.03,0.02
multimodal_psd-fc-wpli_gated_cnn,6,sub11,sub01;sub05;sub07;sub08;sub09;sub10;sub14;sub15;sub16;sub17;sub18;sub20;sub22;sub24;sub27;sub28;sub29,sub13,28,0.2372887283563614,0.0498325452208519,0.002,1e-05,1.0,1.0,True,False,multimodal,psd-fc-wpli,gated,cnn,True,finetune,segssl_barlow_all-patient_fc-wpli_finetune_seed13_pre20_proj32_mask0_03_noise0_02_mlp1_0_sup100,True,barlow,fc-wpli,all-patient,True,13,1.0,0.1,32,0.03,0.02
multimodal_psd-fc-wpli_gated_cnn,6,sub11,sub01;sub05;sub07;sub08;sub09;sub10;sub14;sub15;sub16;sub17;sub18;sub20;sub22;sub24;sub27;sub28;sub29,sub13,29,0.21343223750591278,0.04466867446899414,0.002,1e-05,1.0,1.0,True,False,multimodal,psd-fc-wpli,gated,cnn,True,finetune,segssl_barlow_all-patient_fc-wpli_finetune_seed13_pre20_proj32_mask0_03_noise0_02_mlp1_0_sup100,True,barlow,fc-wpli,all-patient,True,13,1.0,0.1,32,0.03,0.02
multimodal_psd-fc-wpli_gated_cnn,6,sub11,sub01;sub05;sub07;sub08;sub09;sub10;sub14;sub15;sub16;sub17;sub18;sub20;sub22;sub24;sub27;sub28;sub29,sub13,30,0.1905902624130249,0.039122164249420166,0.002,1e-05,1.0,1.0,True,False,multimodal,psd-fc-wpli,gated,cnn,True,finetune,segssl_barlow_all-patient_fc-wpli_finetune_seed13_pre20_proj32_mask0_03_noise0_02_mlp1_0_sup100,True,barlow,fc-wpli,all-patient,True,13,1.0,0.1,32,0.03,0.02
multimodal_psd-fc-wpli_gated_cnn,6,sub11,sub01;sub05;sub07;sub08;sub09;sub10;sub14;sub15;sub16;sub17;sub18;sub20;sub22;sub24;sub27;sub28;sub29,sub13,31,0.1690063178539276,0.03236112743616104,0.002,1e-05,1.0,1.0,True,False,multimodal,psd-fc-wpli,gated,cnn,True,finetune,segssl_barlow_all-patient_fc-wpli_finetune_seed13_pre20_proj32_mask0_03_noise0_02_mlp1_0_sup100,True,barlow,fc-wpli,all-patient,True,13,1.0,0.1,32,0.03,0.02
multimodal_psd-fc-wpli_gated_cnn,6,sub11,sub01;sub05;sub07;sub08;sub09;sub10;sub14;sub15;sub16;sub17;sub18;sub20;sub22;sub24;sub27;sub28;sub29,sub13,32,0.1486671268939972,0.02576906606554985,0.002,1e-05,1.0,1.0,True,False,multimodal,psd-fc-wpli,gated,cnn,True,finetune,segssl_barlow_all-patient_fc-wpli_finetune_seed13_pre20_proj32_mask0_03_noise0_02_mlp1_0_sup100,True,barlow,fc-wpli,all-patient,True,13,1.0,0.1,32,0.03,0.02
multimodal_psd-fc-wpli_gated_cnn,6,sub11,sub01;sub05;sub07;sub08;sub09;sub10;sub14;sub15;sub16;sub17;sub18;sub20;sub22;sub24;sub27;sub28;sub29,sub13,33,0.12979264557361603,0.020596230402588844,0.002,1e-05,1.0,1.0,True,False,multimodal,psd-fc-wpli,gated,cnn,True,finetune,segssl_barlow_all-patient_fc-wpli_finetune_seed13_pre20_proj32_mask0_03_noise0_02_mlp1_0_sup100,True,barlow,fc-wpli,all-patient,True,13,1.0,0.1,32,0.03,0.02
multimodal_psd-fc-wpli_gated_cnn,6,sub11,sub01;sub05;sub07;sub08;sub09;sub10;sub14;sub15;sub16;sub17;sub18;sub20;sub22;sub24;sub27;sub28;sub29,sub13,34,0.11252749711275101,0.01677546091377735,0.002,1e-05,1.0,1.0,True,False,multimodal,psd-fc-wpli,gated,cnn,True,finetune,segssl_barlow_all-patient_fc-wpli_finetune_seed13_pre20_proj32_mask0_03_noise0_02_mlp1_0_sup100,True,barlow,fc-wpli,all-patient,True,13,1.0,0.1,32,0.03,0.02
multimodal_psd-fc-wpli_gated_cnn,6,sub11,sub01;sub05;sub07;sub08;sub09;sub10;sub14;sub15;sub16;sub17;sub18;sub20;sub22;sub24;sub27;sub28;sub29,sub13,35,0.09691900759935379,0.014064145274460316,0.002,1e-05,1.0,1.0,True,False,multimodal,psd-fc-wpli,gated,cnn,True,finetune,segssl_barlow_all-patient_fc-wpli_finetune_seed13_pre20_proj32_mask0_03_noise0_02_mlp1_0_sup100,True,barlow,fc-wpli,all-patient,True,13,1.0,0.1,32,0.03,0.02
multimodal_psd-fc-wpli_gated_cnn,6,sub11,sub01;sub05;sub07;sub08;sub09;sub10;sub14;sub15;sub16;sub17;sub18;sub20;sub22;sub24;sub27;sub28;sub29,sub13,36,0.0829550251364708,0.011920124292373657,0.002,1e-05,1.0,1.0,True,False,multimodal,psd-fc-wpli,gated,cnn,True,finetune,segssl_barlow_all-patient_fc-wpli_finetune_seed13_pre20_proj32_mask0_03_noise0_02_mlp1_0_sup100,True,barlow,fc-wpli,all-patient,True,13,1.0,0.1,32,0.03,0.02
multimodal_psd-fc-wpli_gated_cnn,6,sub11,sub01;sub05;sub07;sub08;sub09;sub10;sub14;sub15;sub16;sub17;sub18;sub20;sub22;sub24;sub27;sub28;sub29,sub13,37,0.0706304982304573,0.009911743924021721,0.002,1e-05,1.0,1.0,True,False,multimodal,psd-fc-wpli,gated,cnn,True,finetune,segssl_barlow_all-patient_fc-wpli_finetune_seed13_pre20_proj32_mask0_03_noise0_02_mlp1_0_sup100,True,barlow,fc-wpli,all-patient,True,13,1.0,0.1,32,0.03,0.02
multimodal_psd-fc-wpli_gated_cnn,6,sub11,sub01;sub05;sub07;sub08;sub09;sub10;sub14;sub15;sub16;sub17;sub18;sub20;sub22;sub24;sub27;sub28;sub29,sub13,38,0.059898607432842255,0.008314603939652443,0.002,1e-05,1.0,1.0,True,False,multimodal,psd-fc-wpli,gated,cnn,True,finetune,segssl_barlow_all-patient_fc-wpli_finetune_seed13_pre20_proj32_mask0_03_noise0_02_mlp1_0_sup100,True,barlow,fc-wpli,all-patient,True,13,1.0,0.1,32,0.03,0.02
multimodal_psd-fc-wpli_gated_cnn,6,sub11,sub01;sub05;sub07;sub08;sub09;sub10;sub14;sub15;sub16;sub17;sub18;sub20;sub22;sub24;sub27;sub28;sub29,sub13,39,0.050648339092731476,0.00729335704818368,0.002,1e-05,1.0,1.0,True,False,multimodal,psd-fc-wpli,gated,cnn,True,finetune,segssl_barlow_all-patient_fc-wpli_finetune_seed13_pre20_proj32_mask0_03_noise0_02_mlp1_0_sup100,True,barlow,fc-wpli,all-patient,True,13,1.0,0.1,32,0.03,0.02
multimodal_psd-fc-wpli_gated_cnn,6,sub11,sub01;sub05;sub07;sub08;sub09;sub10;sub14;sub15;sub16;sub17;sub18;sub20;sub22;sub24;sub27;sub28;sub29,sub13,40,0.04271886125206947,0.005883423611521721,0.002,1e-05,1.0,1.0,True,False,multimodal,psd-fc-wpli,gated,cnn,True,finetune,segssl_barlow_all-patient_fc-wpli_finetune_seed13_pre20_proj32_mask0_03_noise0_02_mlp1_0_sup100,True,barlow,fc-wpli,all-patient,True,13,1.0,0.1,32,0.03,0.02
multimodal_psd-fc-wpli_gated_cnn,6,sub11,sub01;sub05;sub07;sub08;sub09;sub10;sub14;sub15;sub16;sub17;sub18;sub20;sub22;sub24;sub27;sub28;sub29,sub13,41,0.03596746176481247,0.0041967350989580154,0.002,1e-05,1.0,1.0,True,False,multimodal,psd-fc-wpli,gated,cnn,True,finetune,segssl_barlow_all-patient_fc-wpli_finetune_seed13_pre20_proj32_mask0_03_noise0_02_mlp1_0_sup100,True,barlow,fc-wpli,all-patient,True,13,1.0,0.1,32,0.03,0.02
multimodal_psd-fc-wpli_gated_cnn,6,sub11,sub01;sub05;sub07;sub08;sub09;sub10;sub14;sub15;sub16;sub17;sub18;sub20;sub22;sub24;sub27;sub28;sub29,sub13,42,0.030293213203549385,0.003227014560252428,0.002,1e-05,1.0,1.0,True,False,multimodal,psd-fc-wpli,gated,cnn,True,finetune,segssl_barlow_all-patient_fc-wpli_finetune_seed13_pre20_proj32_mask0_03_noise0_02_mlp1_0_sup100,True,barlow,fc-wpli,all-patient,True,13,1.0,0.1,32,0.03,0.02
multimodal_psd-fc-wpli_gated_cnn,6,sub11,sub01;sub05;sub07;sub08;sub09;sub10;sub14;sub15;sub16;sub17;sub18;sub20;sub22;sub24;sub27;sub28;sub29,sub13,43,0.025565026327967644,0.0024024148005992174,0.002,1e-05,1.0,1.0,True,False,multimodal,psd-fc-wpli,gated,cnn,True,finetune,segssl_barlow_all-patient_fc-wpli_finetune_seed13_pre20_proj32_mask0_03_noise0_02_mlp1_0_sup100,True,barlow,fc-wpli,all-patient,True,13,1.0,0.1,32,0.03,0.02
multimodal_psd-fc-wpli_gated_cnn,6,sub11,sub01;sub05;sub07;sub08;sub09;sub10;sub14;sub15;sub16;sub17;sub18;sub20;sub22;sub24;sub27;sub28;sub29,sub13,44,0.021633140742778778,0.0014689136296510696,0.002,1e-05,1.0,1.0,True,False,multimodal,psd-fc-wpli,gated,cnn,True,finetune,segssl_barlow_all-patient_fc-wpli_finetune_seed13_pre20_proj32_mask0_03_noise0_02_mlp1_0_sup100,True,barlow,fc-wpli,all-patient,True,13,1.0,0.1,32,0.03,0.02
multimodal_psd-fc-wpli_gated_cnn,6,sub11,sub01;sub05;sub07;sub08;sub09;sub10;sub14;sub15;sub16;sub17;sub18;sub20;sub22;sub24;sub27;sub28;sub29,sub13,45,0.018327418714761734,0.0008942855638451874,0.002,1e-05,1.0,1.0,True,False,multimodal,psd-fc-wpli,gated,cnn,True,finetune,segssl_barlow_all-patient_fc-wpli_finetune_seed13_pre20_proj32_mask0_03_noise0_02_mlp1_0_sup100,True,barlow,fc-wpli,all-patient,True,13,1.0,0.1,32,0.03,0.02
multimodal_psd-fc-wpli_gated_cnn,6,sub11,sub01;sub05;sub07;sub08;sub09;sub10;sub14;sub15;sub16;sub17;sub18;sub20;sub22;sub24;sub27;sub28;sub29,sub13,46,0.015590711496770382,0.0005917460657656193,0.002,1e-05,1.0,1.0,True,False,multimodal,psd-fc-wpli,gated,cnn,True,finetune,segssl_barlow_all-patient_fc-wpli_finetune_seed13_pre20_proj32_mask0_03_noise0_02_mlp1_0_sup100,True,barlow,fc-wpli,all-patient,True,13,1.0,0.1,32,0.03,0.02
multimodal_psd-fc-wpli_gated_cnn,6,sub11,sub01;sub05;sub07;sub08;sub09;sub10;sub14;sub15;sub16;sub17;sub18;sub20;sub22;sub24;sub27;sub28;sub29,sub13,47,0.013303754851222038,0.0003941687464248389,0.002,1e-05,1.0,1.0,True,False,multimodal,psd-fc-wpli,gated,cnn,True,finetune,segssl_barlow_all-patient_fc-wpli_finetune_seed13_pre20_proj32_mask0_03_noise0_02_mlp1_0_sup100,True,barlow,fc-wpli,all-patient,True,13,1.0,0.1,32,0.03,0.02
multimodal_psd-fc-wpli_gated_cnn,6,sub11,sub01;sub05;sub07;sub08;sub09;sub10;sub14;sub15;sub16;sub17;sub18;sub20;sub22;sub24;sub27;sub28;sub29,sub13,48,0.01141188945621252,0.00024245814711321145,0.002,1e-05,1.0,1.0,True,False,multimodal,psd-fc-wpli,gated,cnn,True,finetune,segssl_barlow_all-patient_fc-wpli_finetune_seed13_pre20_proj32_mask0_03_noise0_02_mlp1_0_sup100,True,barlow,fc-wpli,all-patient,True,13,1.0,0.1,32,0.03,0.02
multimodal_psd-fc-wpli_gated_cnn,6,sub11,sub01;sub05;sub07;sub08;sub09;sub10;sub14;sub15;sub16;sub17;sub18;sub20;sub22;sub24;sub27;sub28;sub29,sub13,49,0.009827639907598495,0.0001506301632616669,0.002,1e-05,1.0,1.0,True,False,multimodal,psd-fc-wpli,gated,cnn,True,finetune,segssl_barlow_all-patient_fc-wpli_finetune_seed13_pre20_proj32_mask0_03_noise0_02_mlp1_0_sup100,True,barlow,fc-wpli,all-patient,True,13,1.0,0.1,32,0.03,0.02
multimodal_psd-fc-wpli_gated_cnn,6,sub11,sub01;sub05;sub07;sub08;sub09;sub10;sub14;sub15;sub16;sub17;sub18;sub20;sub22;sub24;sub27;sub28;sub29,sub13,50,0.008516118861734867,0.0001096107080229558,0.002,1e-05,1.0,1.0,True,False,multimodal,psd-fc-wpli,gated,cnn,True,finetune,segssl_barlow_all-patient_fc-wpli_finetune_seed13_pre20_proj32_mask0_03_noise0_02_mlp1_0_sup100,True,barlow,fc-wpli,all-patient,True,13,1.0,0.1,32,0.03,0.02
multimodal_psd-fc-wpli_gated_cnn,6,sub11,sub01;sub05;sub07;sub08;sub09;sub10;sub14;sub15;sub16;sub17;sub18;sub20;sub22;sub24;sub27;sub28;sub29,sub13,51,0.00741545669734478,9.07490320969373e-05,0.002,1e-05,1.0,1.0,True,False,multimodal,psd-fc-wpli,gated,cnn,True,finetune,segssl_barlow_all-patient_fc-wpli_finetune_seed13_pre20_proj32_mask0_03_noise0_02_mlp1_0_sup100,True,barlow,fc-wpli,all-patient,True,13,1.0,0.1,32,0.03,0.02
multimodal_psd-fc-wpli_gated_cnn,6,sub11,sub01;sub05;sub07;sub08;sub09;sub10;sub14;sub15;sub16;sub17;sub18;sub20;sub22;sub24;sub27;sub28;sub29,sub13,52,0.00649538217112422,7.325605838559568e-05,0.002,1e-05,1.0,1.0,True,False,multimodal,psd-fc-wpli,gated,cnn,True,finetune,segssl_barlow_all-patient_fc-wpli_finetune_seed13_pre20_proj32_mask0_03_noise0_02_mlp1_0_sup100,True,barlow,fc-wpli,all-patient,True,13,1.0,0.1,32,0.03,0.02
multimodal_psd-fc-wpli_gated_cnn,6,sub11,sub01;sub05;sub07;sub08;sub09;sub10;sub14;sub15;sub16;sub17;sub18;sub20;sub22;sub24;sub27;sub28;sub29,sub13,53,0.005722914356738329,5.696078733308241e-05,0.002,1e-05,1.0,1.0,True,False,multimodal,psd-fc-wpli,gated,cnn,True,finetune,segssl_barlow_all-patient_fc-wpli_finetune_seed13_pre20_proj32_mask0_03_noise0_02_mlp1_0_sup100,True,barlow,fc-wpli,all-patient,True,13,1.0,0.1,32,0.03,0.02
multimodal_psd-fc-wpli_gated_cnn,6,sub11,sub01;sub05;sub07;sub08;sub09;sub10;sub14;sub15;sub16;sub17;sub18;sub20;sub22;sub24;sub27;sub28;sub29,sub13,54,0.005063882563263178,4.428788088262081e-05,0.002,1e-05,1.0,1.0,True,False,multimodal,psd-fc-wpli,gated,cnn,True,finetune,segssl_barlow_all-patient_fc-wpli_finetune_seed13_pre20_proj32_mask0_03_noise0_02_mlp1_0_sup100,True,barlow,fc-wpli,all-patient,True,13,1.0,0.1,32,0.03,0.02
multimodal_psd-fc-wpli_gated_cnn,6,sub11,sub01;sub05;sub07;sub08;sub09;sub10;sub14;sub15;sub16;sub17;sub18;sub20;sub22;sub24;sub27;sub28;sub29,sub13,55,0.004506339784711599,3.6955869290977716e-05,0.002,1e-05,1.0,1.0,True,False,multimodal,psd-fc-wpli,gated,cnn,True,finetune,segssl_barlow_all-patient_fc-wpli_finetune_seed13_pre20_proj32_mask0_03_noise0_02_mlp1_0_sup100,True,barlow,fc-wpli,all-patient,True,13,1.0,0.1,32,0.03,0.02
multimodal_psd-fc-wpli_gated_cnn,6,sub11,sub01;sub05;sub07;sub08;sub09;sub10;sub14;sub15;sub16;sub17;sub18;sub20;sub22;sub24;sub27;sub28;sub29,sub13,56,0.0040316591039299965,3.2894069590838626e-05,0.002,1e-05,1.0,1.0,True,False,multimodal,psd-fc-wpli,gated,cnn,True,finetune,segssl_barlow_all-patient_fc-wpli_finetune_seed13_pre20_proj32_mask0_03_noise0_02_mlp1_0_sup100,True,barlow,fc-wpli,all-patient,True,13,1.0,0.1,32,0.03,0.02
multimodal_psd-fc-wpli_gated_cnn,6,sub11,sub01;sub05;sub07;sub08;sub09;sub10;sub14;sub15;sub16;sub17;sub18;sub20;sub22;sub24;sub27;sub28;sub29,sub13,57,0.003622350748628378,2.994632268382702e-05,0.002,1e-05,1.0,1.0,True,False,multimodal,psd-fc-wpli,gated,cnn,True,finetune,segssl_barlow_all-patient_fc-wpli_finetune_seed13_pre20_proj32_mask0_03_noise0_02_mlp1_0_sup100,True,barlow,fc-wpli,all-patient,True,13,1.0,0.1,32,0.03,0.02
multimodal_psd-fc-wpli_gated_cnn,6,sub11,sub01;sub05;sub07;sub08;sub09;sub10;sub14;sub15;sub16;sub17;sub18;sub20;sub22;sub24;sub27;sub28;sub29,sub13,58,0.0032713001128286123,2.674009374459274e-05,0.002,1e-05,1.0,1.0,True,False,multimodal,psd-fc-wpli,gated,cnn,True,finetune,segssl_barlow_all-patient_fc-wpli_finetune_seed13_pre20_proj32_mask0_03_noise0_02_mlp1_0_sup100,True,barlow,fc-wpli,all-patient,True,13,1.0,0.1,32,0.03,0.02
multimodal_psd-fc-wpli_gated_cnn,6,sub11,sub01;sub05;sub07;sub08;sub09;sub10;sub14;sub15;sub16;sub17;sub18;sub20;sub22;sub24;sub27;sub28;sub29,sub13,59,0.002968782326206565,2.3073502234183252e-05,0.002,1e-05,1.0,1.0,True,False,multimodal,psd-fc-wpli,gated,cnn,True,finetune,segssl_barlow_all-patient_fc-wpli_finetune_seed13_pre20_proj32_mask0_03_noise0_02_mlp1_0_sup100,True,barlow,fc-wpli,all-patient,True,13,1.0,0.1,32,0.03,0.02
multimodal_psd-fc-wpli_gated_cnn,6,sub11,sub01;sub05;sub07;sub08;sub09;sub10;sub14;sub15;sub16;sub17;sub18;sub20;sub22;sub24;sub27;sub28;sub29,sub13,60,0.0027044126763939857,1.9552797311916947e-05,0.002,1e-05,1.0,1.0,True,False,multimodal,psd-fc-wpli,gated,cnn,True,finetune,segssl_barlow_all-patient_fc-wpli_finetune_seed13_pre20_proj32_mask0_03_noise0_02_mlp1_0_sup100,True,barlow,fc-wpli,all-patient,True,13,1.0,0.1,32,0.03,0.02
multimodal_psd-fc-wpli_gated_cnn,6,sub11,sub01;sub05;sub07;sub08;sub09;sub10;sub14;sub15;sub16;sub17;sub18;sub20;sub22;sub24;sub27;sub28;sub29,sub13,61,0.002473175060003996,1.680140667303931e-05,0.002,1e-05,1.0,1.0,True,False,multimodal,psd-fc-wpli,gated,cnn,True,finetune,segssl_barlow_all-patient_fc-wpli_finetune_seed13_pre20_proj32_mask0_03_noise0_02_mlp1_0_sup100,True,barlow,fc-wpli,all-patient,True,13,1.0,0.1,32,0.03,0.02
multimodal_psd-fc-wpli_gated_cnn,6,sub11,sub01;sub05;sub07;sub08;sub09;sub10;sub14;sub15;sub16;sub17;sub18;sub20;sub22;sub24;sub27;sub28;sub29,sub13,62,0.0022710850462317467,1.4865106095385272e-05,0.002,1e-05,1.0,1.0,True,False,multimodal,psd-fc-wpli,gated,cnn,True,finetune,segssl_barlow_all-patient_fc-wpli_finetune_seed13_pre20_proj32_mask0_03_noise0_02_mlp1_0_sup100,True,barlow,fc-wpli,all-patient,True,13,1.0,0.1,32,0.03,0.02
multimodal_psd-fc-wpli_gated_cnn,6,sub11,sub01;sub05;sub07;sub08;sub09;sub10;sub14;sub15;sub16;sub17;sub18;sub20;sub22;sub24;sub27;sub28;sub29,sub13,63,0.002093004062771797,1.366189189866418e-05,0.002,1e-05,1.0,1.0,True,False,multimodal,psd-fc-wpli,gated,cnn,True,finetune,segssl_barlow_all-patient_fc-wpli_finetune_seed13_pre20_proj32_mask0_03_noise0_02_mlp1_0_sup100,True,barlow,fc-wpli,all-patient,True,13,1.0,0.1,32,0.03,0.02
multimodal_psd-fc-wpli_gated_cnn,6,sub11,sub01;sub05;sub07;sub08;sub09;sub10;sub14;sub15;sub16;sub17;sub18;sub20;sub22;sub24;sub27;sub28;sub29,sub13,64,0.0019348625792190433,1.2647029507206753e-05,0.002,1e-05,1.0,1.0,True,False,multimodal,psd-fc-wpli,gated,cnn,True,finetune,segssl_barlow_all-patient_fc-wpli_finetune_seed13_pre20_proj32_mask0_03_noise0_02_mlp1_0_sup100,True,barlow,fc-wpli,all-patient,True,13,1.0,0.1,32,0.03,0.02
multimodal_psd-fc-wpli_gated_cnn,6,sub11,sub01;sub05;sub07;sub08;sub09;sub10;sub14;sub15;sub16;sub17;sub18;sub20;sub22;sub24;sub27;sub28;sub29,sub13,65,0.0017952228663489223,1.1451695172581822e-05,0.002,1e-05,1.0,1.0,True,False,multimodal,psd-fc-wpli,gated,cnn,True,finetune,segssl_barlow_all-patient_fc-wpli_finetune_seed13_pre20_proj32_mask0_03_noise0_02_mlp1_0_sup100,True,barlow,fc-wpli,all-patient,True,13,1.0,0.1,32,0.03,0.02
multimodal_psd-fc-wpli_gated_cnn,6,sub11,sub01;sub05;sub07;sub08;sub09;sub10;sub14;sub15;sub16;sub17;sub18;sub20;sub22;sub24;sub27;sub28;sub29,sub13,66,0.0016713510267436504,1.0190874490945134e-05,0.002,1e-05,1.0,1.0,True,False,multimodal,psd-fc-wpli,gated,cnn,True,finetune,segssl_barlow_all-patient_fc-wpli_finetune_seed13_pre20_proj32_mask0_03_noise0_02_mlp1_0_sup100,True,barlow,fc-wpli,all-patient,True,13,1.0,0.1,32,0.03,0.02
multimodal_psd-fc-wpli_gated_cnn,6,sub11,sub01;sub05;sub07;sub08;sub09;sub10;sub14;sub15;sub16;sub17;sub18;sub20;sub22;sub24;sub27;sub28;sub29,sub13,67,0.0015599863836541772,9.010101166495588e-06,0.002,1e-05,1.0,1.0,True,False,multimodal,psd-fc-wpli,gated,cnn,True,finetune,segssl_barlow_all-patient_fc-wpli_finetune_seed13_pre20_proj32_mask0_03_noise0_02_mlp1_0_sup100,True,barlow,fc-wpli,all-patient,True,13,1.0,0.1,32,0.03,0.02
multimodal_psd-fc-wpli_gated_cnn,6,sub11,sub01;sub05;sub07;sub08;sub09;sub10;sub14;sub15;sub16;sub17;sub18;sub20;sub22;sub24;sub27;sub28;sub29,sub13,68,0.0014598353300243616,8.154232091328595e-06,0.002,1e-05,1.0,1.0,True,False,multimodal,psd-fc-wpli,gated,cnn,True,finetune,segssl_barlow_all-patient_fc-wpli_finetune_seed13_pre20_proj32_mask0_03_noise0_02_mlp1_0_sup100,True,barlow,fc-wpli,all-patient,True,13,1.0,0.1,32,0.03,0.02
multimodal_psd-fc-wpli_gated_cnn,6,sub11,sub01;sub05;sub07;sub08;sub09;sub10;sub14;sub15;sub16;sub17;sub18;sub20;sub22;sub24;sub27;sub28;sub29,sub13,69,0.0013700174167752266,7.61552837502677e-06,0.002,1e-05,1.0,1.0,True,False,multimodal,psd-fc-wpli,gated,cnn,True,finetune,segssl_barlow_all-patient_fc-wpli_finetune_seed13_pre20_proj32_mask0_03_noise0_02_mlp1_0_sup100,True,barlow,fc-wpli,all-patient,True,13,1.0,0.1,32,0.03,0.02
multimodal_psd-fc-wpli_gated_cnn,6,sub11,sub01;sub05;sub07;sub08;sub09;sub10;sub14;sub15;sub16;sub17;sub18;sub20;sub22;sub24;sub27;sub28;sub29,sub13,70,0.0012888306519016623,7.33897559257457e-06,0.002,1e-05,1.0,1.0,True,False,multimodal,psd-fc-wpli,gated,cnn,True,finetune,segssl_barlow_all-patient_fc-wpli_finetune_seed13_pre20_proj32_mask0_03_noise0_02_mlp1_0_sup100,True,barlow,fc-wpli,all-patient,True,13,1.0,0.1,32,0.03,0.02
multimodal_psd-fc-wpli_gated_cnn,6,sub11,sub01;sub05;sub07;sub08;sub09;sub10;sub14;sub15;sub16;sub17;sub18;sub20;sub22;sub24;sub27;sub28;sub29,sub13,71,0.001215300289914012,7.150505552999675e-06,0.002,1e-05,1.0,1.0,True,False,multimodal,psd-fc-wpli,gated,cnn,True,finetune,segssl_barlow_all-patient_fc-wpli_finetune_seed13_pre20_proj32_mask0_03_noise0_02_mlp1_0_sup100,True,barlow,fc-wpli,all-patient,True,13,1.0,0.1,32,0.03,0.02
multimodal_psd-fc-wpli_gated_cnn,6,sub11,sub01;sub05;sub07;sub08;sub09;sub10;sub14;sub15;sub16;sub17;sub18;sub20;sub22;sub24;sub27;sub28;sub29,sub13,72,0.0011481262044981122,6.919420229678508e-06,0.002,1e-05,1.0,1.0,True,False,multimodal,psd-fc-wpli,gated,cnn,True,finetune,segssl_barlow_all-patient_fc-wpli_finetune_seed13_pre20_proj32_mask0_03_noise0_02_mlp1_0_sup100,True,barlow,fc-wpli,all-patient,True,13,1.0,0.1,32,0.03,0.02
multimodal_psd-fc-wpli_gated_cnn,6,sub11,sub01;sub05;sub07;sub08;sub09;sub10;sub14;sub15;sub16;sub17;sub18;sub20;sub22;sub24;sub27;sub28;sub29,sub13,73,0.0010866998927667737,6.610913260374218e-06,0.002,1e-05,1.0,1.0,True,False,multimodal,psd-fc-wpli,gated,cnn,True,finetune,segssl_barlow_all-patient_fc-wpli_finetune_seed13_pre20_proj32_mask0_03_noise0_02_mlp1_0_sup100,True,barlow,fc-wpli,all-patient,True,13,1.0,0.1,32,0.03,0.02
multimodal_psd-fc-wpli_gated_cnn,6,sub11,sub01;sub05;sub07;sub08;sub09;sub10;sub14;sub15;sub16;sub17;sub18;sub20;sub22;sub24;sub27;sub28;sub29,sub13,74,0.0010302821174263954,6.183388904901221e-06,0.002,1e-05,1.0,1.0,True,False,multimodal,psd-fc-wpli,gated,cnn,True,finetune,segssl_barlow_all-patient_fc-wpli_finetune_seed13_pre20_proj32_mask0_03_noise0_02_mlp1_0_sup100,True,barlow,fc-wpli,all-patient,True,13,1.0,0.1,32,0.03,0.02
multimodal_psd-fc-wpli_gated_cnn,6,sub11,sub01;sub05;sub07;sub08;sub09;sub10;sub14;sub15;sub16;sub17;sub18;sub20;sub22;sub24;sub27;sub28;sub29,sub13,75,0.000978127121925354,5.693897037417628e-06,0.002,1e-05,1.0,1.0,True,False,multimodal,psd-fc-wpli,gated,cnn,True,finetune,segssl_barlow_all-patient_fc-wpli_finetune_seed13_pre20_proj32_mask0_03_noise0_02_mlp1_0_sup100,True,barlow,fc-wpli,all-patient,True,13,1.0,0.1,32,0.03,0.02
multimodal_psd-fc-wpli_gated_cnn,6,sub11,sub01;sub05;sub07;sub08;sub09;sub10;sub14;sub15;sub16;sub17;sub18;sub20;sub22;sub24;sub27;sub28;sub29,sub13,76,0.0009300369420088828,5.245464762992924e-06,0.002,1e-05,1.0,1.0,True,False,multimodal,psd-fc-wpli,gated,cnn,True,finetune,segssl_barlow_all-patient_fc-wpli_finetune_seed13_pre20_proj32_mask0_03_noise0_02_mlp1_0_sup100,True,barlow,fc-wpli,all-patient,True,13,1.0,0.1,32,0.03,0.02
multimodal_psd-fc-wpli_gated_cnn,6,sub11,sub01;sub05;sub07;sub08;sub09;sub10;sub14;sub15;sub16;sub17;sub18;sub20;sub22;sub24;sub27;sub28;sub29,sub13,77,0.0008858056389726698,4.863668891630368e-06,0.002,1e-05,1.0,1.0,True,False,multimodal,psd-fc-wpli,gated,cnn,True,finetune,segssl_barlow_all-patient_fc-wpli_finetune_seed13_pre20_proj32_mask0_03_noise0_02_mlp1_0_sup100,True,barlow,fc-wpli,all-patient,True,13,1.0,0.1,32,0.03,0.02
multimodal_psd-fc-wpli_gated_cnn,6,sub11,sub01;sub05;sub07;sub08;sub09;sub10;sub14;sub15;sub16;sub17;sub18;sub20;sub22;sub24;sub27;sub28;sub29,sub13,78,0.0008446971769444644,4.549545792542631e-06,0.002,1e-05,1.0,1.0,True,False,multimodal,psd-fc-wpli,gated,cnn,True,finetune,segssl_barlow_all-patient_fc-wpli_finetune_seed13_pre20_proj32_mask0_03_noise0_02_mlp1_0_sup100,True,barlow,fc-wpli,all-patient,True,13,1.0,0.1,32,0.03,0.02
multimodal_psd-fc-wpli_gated_cnn,6,sub11,sub01;sub05;sub07;sub08;sub09;sub10;sub14;sub15;sub16;sub17;sub18;sub20;sub22;sub24;sub27;sub28;sub29,sub13,79,0.0008064201683737338,4.322176209825557e-06,0.002,1e-05,1.0,1.0,True,False,multimodal,psd-fc-wpli,gated,cnn,True,finetune,segssl_barlow_all-patient_fc-wpli_finetune_seed13_pre20_proj32_mask0_03_noise0_02_mlp1_0_sup100,True,barlow,fc-wpli,all-patient,True,13,1.0,0.1,32,0.03,0.02
multimodal_psd-fc-wpli_gated_cnn,6,sub11,sub01;sub05;sub07;sub08;sub09;sub10;sub14;sub15;sub16;sub17;sub18;sub20;sub22;sub24;sub27;sub28;sub29,sub13,80,0.0007705108728259802,4.141477802477311e-06,0.002,1e-05,1.0,1.0,True,False,multimodal,psd-fc-wpli,gated,cnn,True,finetune,segssl_barlow_all-patient_fc-wpli_finetune_seed13_pre20_proj32_mask0_03_noise0_02_mlp1_0_sup100,True,barlow,fc-wpli,all-patient,True,13,1.0,0.1,32,0.03,0.02
multimodal_psd-fc-wpli_gated_cnn,6,sub11,sub01;sub05;sub07;sub08;sub09;sub10;sub14;sub15;sub16;sub17;sub18;sub20;sub22;sub24;sub27;sub28;sub29,sub13,81,0.0007368428050540388,3.9446035771106835e-06,0.002,1e-05,1.0,1.0,True,False,multimodal,psd-fc-wpli,gated,cnn,True,finetune,segssl_barlow_all-patient_fc-wpli_finetune_seed13_pre20_proj32_mask0_03_noise0_02_mlp1_0_sup100,True,barlow,fc-wpli,all-patient,True,13,1.0,0.1,32,0.03,0.02
multimodal_psd-fc-wpli_gated_cnn,6,sub11,sub01;sub05;sub07;sub08;sub09;sub10;sub14;sub15;sub16;sub17;sub18;sub20;sub22;sub24;sub27;sub28;sub29,sub13,82,0.0007053919252939522,3.6942299175279913e-06,0.002,1e-05,1.0,1.0,True,False,multimodal,psd-fc-wpli,gated,cnn,True,finetune,segssl_barlow_all-patient_fc-wpli_finetune_seed13_pre20_proj32_mask0_03_noise0_02_mlp1_0_sup100,True,barlow,fc-wpli,all-patient,True,13,1.0,0.1,32,0.03,0.02
multimodal_psd-fc-wpli_gated_cnn,6,sub11,sub01;sub05;sub07;sub08;sub09;sub10;sub14;sub15;sub16;sub17;sub18;sub20;sub22;sub24;sub27;sub28;sub29,sub13,83,0.0006756889051757753,3.4156764741055667e-06,0.002,1e-05,1.0,1.0,True,False,multimodal,psd-fc-wpli,gated,cnn,True,finetune,segssl_barlow_all-patient_fc-wpli_finetune_seed13_pre20_proj32_mask0_03_noise0_02_mlp1_0_sup100,True,barlow,fc-wpli,all-patient,True,13,1.0,0.1,32,0.03,0.02
multimodal_psd-fc-wpli_gated_cnn,6,sub11,sub01;sub05;sub07;sub08;sub09;sub10;sub14;sub15;sub16;sub17;sub18;sub20;sub22;sub24;sub27;sub28;sub29,sub13,84,0.0006474396213889122,3.1426322948391316e-06,0.002,1e-05,1.0,1.0,True,False,multimodal,psd-fc-wpli,gated,cnn,True,finetune,segssl_barlow_all-patient_fc-wpli_finetune_seed13_pre20_proj32_mask0_03_noise0_02_mlp1_0_sup100,True,barlow,fc-wpli,all-patient,True,13,1.0,0.1,32,0.03,0.02
multimodal_psd-fc-wpli_gated_cnn,6,sub11,sub01;sub05;sub07;sub08;sub09;sub10;sub14;sub15;sub16;sub17;sub18;sub20;sub22;sub24;sub27;sub28;sub29,sub13,85,0.0006207478581927717,2.9245632049423875e-06,0.002,1e-05,1.0,1.0,True,False,multimodal,psd-fc-wpli,gated,cnn,True,finetune,segssl_barlow_all-patient_fc-wpli_finetune_seed13_pre20_proj32_mask0_03_noise0_02_mlp1_0_sup100,True,barlow,fc-wpli,all-patient,True,13,1.0,0.1,32,0.03,0.02
multimodal_psd-fc-wpli_gated_cnn,6,sub11,sub01;sub05;sub07;sub08;sub09;sub10;sub14;sub15;sub16;sub17;sub18;sub20;sub22;sub24;sub27;sub28;sub29,sub13,86,0.0005955808446742594,2.7668752409226727e-06,0.002,1e-05,1.0,1.0,True,False,multimodal,psd-fc-wpli,gated,cnn,True,finetune,segssl_barlow_all-patient_fc-wpli_finetune_seed13_pre20_proj32_mask0_03_noise0_02_mlp1_0_sup100,True,barlow,fc-wpli,all-patient,True,13,1.0,0.1,32,0.03,0.02
multimodal_psd-fc-wpli_gated_cnn,6,sub11,sub01;sub05;sub07;sub08;sub09;sub10;sub14;sub15;sub16;sub17;sub18;sub20;sub22;sub24;sub27;sub28;sub29,sub13,87,0.0005717577878385782,2.6340671865909826e-06,0.002,1e-05,1.0,1.0,True,False,multimodal,psd-fc-wpli,gated,cnn,True,finetune,segssl_barlow_all-patient_fc-wpli_finetune_seed13_pre20_proj32_mask0_03_noise0_02_mlp1_0_sup100,True,barlow,fc-wpli,all-patient,True,13,1.0,0.1,32,0.03,0.02
multimodal_psd-fc-wpli_gated_cnn,6,sub11,sub01;sub05;sub07;sub08;sub09;sub10;sub14;sub15;sub16;sub17;sub18;sub20;sub22;sub24;sub27;sub28;sub29,sub13,88,0.0005490156472660601,2.5263880161219276e-06,0.002,1e-05,1.0,1.0,True,False,multimodal,psd-fc-wpli,gated,cnn,True,finetune,segssl_barlow_all-patient_fc-wpli_finetune_seed13_pre20_proj32_mask0_03_noise0_02_mlp1_0_sup100,True,barlow,fc-wpli,all-patient,True,13,1.0,0.1,32,0.03,0.02
multimodal_psd-fc-wpli_gated_cnn,6,sub11,sub01;sub05;sub07;sub08;sub09;sub10;sub14;sub15;sub16;sub17;sub18;sub20;sub22;sub24;sub27;sub28;sub29,sub13,89,0.0005271818372420967,2.426568016744568e-06,0.002,1e-05,1.0,1.0,True,False,multimodal,psd-fc-wpli,gated,cnn,True,finetune,segssl_barlow_all-patient_fc-wpli_finetune_seed13_pre20_proj32_mask0_03_noise0_02_mlp1_0_sup100,True,barlow,fc-wpli,all-patient,True,13,1.0,0.1,32,0.03,0.02
multimodal_psd-fc-wpli_gated_cnn,6,sub11,sub01;sub05;sub07;sub08;sub09;sub10;sub14;sub15;sub16;sub17;sub18;sub20;sub22;sub24;sub27;sub28;sub29,sub13,90,0.0005062954733148217,2.3091345155989984e-06,0.002,1e-05,1.0,1.0,True,False,multimodal,psd-fc-wpli,gated,cnn,True,finetune,segssl_barlow_all-patient_fc-wpli_finetune_seed13_pre20_proj32_mask0_03_noise0_02_mlp1_0_sup100,True,barlow,fc-wpli,all-patient,True,13,1.0,0.1,32,0.03,0.02
multimodal_psd-fc-wpli_gated_cnn,6,sub11,sub01;sub05;sub07;sub08;sub09;sub10;sub14;sub15;sub16;sub17;sub18;sub20;sub22;sub24;sub27;sub28;sub29,sub13,91,0.0004863192734774202,2.160982148780022e-06,0.002,1e-05,1.0,1.0,True,False,multimodal,psd-fc-wpli,gated,cnn,True,finetune,segssl_barlow_all-patient_fc-wpli_finetune_seed13_pre20_proj32_mask0_03_noise0_02_mlp1_0_sup100,True,barlow,fc-wpli,all-patient,True,13,1.0,0.1,32,0.03,0.02
multimodal_psd-fc-wpli_gated_cnn,6,sub11,sub01;sub05;sub07;sub08;sub09;sub10;sub14;sub15;sub16;sub17;sub18;sub20;sub22;sub24;sub27;sub28;sub29,sub13,92,0.00046715655480511487,1.9918784346373286e-06,0.002,1e-05,1.0,1.0,True,False,multimodal,psd-fc-wpli,gated,cnn,True,finetune,segssl_barlow_all-patient_fc-wpli_finetune_seed13_pre20_proj32_mask0_03_noise0_02_mlp1_0_sup100,True,barlow,fc-wpli,all-patient,True,13,1.0,0.1,32,0.03,0.02
multimodal_psd-fc-wpli_gated_cnn,6,sub11,sub01;sub05;sub07;sub08;sub09;sub10;sub14;sub15;sub16;sub17;sub18;sub20;sub22;sub24;sub27;sub28;sub29,sub13,93,0.0004487831029109657,1.8077635104418732e-06,0.002,1e-05,1.0,1.0,True,False,multimodal,psd-fc-wpli,gated,cnn,True,finetune,segssl_barlow_all-patient_fc-wpli_finetune_seed13_pre20_proj32_mask0_03_noise0_02_mlp1_0_sup100,True,barlow,fc-wpli,all-patient,True,13,1.0,0.1,32,0.03,0.02
multimodal_psd-fc-wpli_gated_cnn,6,sub11,sub01;sub05;sub07;sub08;sub09;sub10;sub14;sub15;sub16;sub17;sub18;sub20;sub22;sub24;sub27;sub28;sub29,sub13,94,0.0004310907970648259,1.624211677153653e-06,0.002,1e-05,1.0,1.0,True,False,multimodal,psd-fc-wpli,gated,cnn,True,finetune,segssl_barlow_all-patient_fc-wpli_finetune_seed13_pre20_proj32_mask0_03_noise0_02_mlp1_0_sup100,True,barlow,fc-wpli,all-patient,True,13,1.0,0.1,32,0.03,0.02
multimodal_psd-fc-wpli_gated_cnn,6,sub11,sub01;sub05;sub07;sub08;sub09;sub10;sub14;sub15;sub16;sub17;sub18;sub20;sub22;sub24;sub27;sub28;sub29,sub13,95,0.000414152949815616,1.4623029755966854e-06,0.002,1e-05,1.0,1.0,True,False,multimodal,psd-fc-wpli,gated,cnn,True,finetune,segssl_barlow_all-patient_fc-wpli_finetune_seed13_pre20_proj32_mask0_03_noise0_02_mlp1_0_sup100,True,barlow,fc-wpli,all-patient,True,13,1.0,0.1,32,0.03,0.02
multimodal_psd-fc-wpli_gated_cnn,6,sub11,sub01;sub05;sub07;sub08;sub09;sub10;sub14;sub15;sub16;sub17;sub18;sub20;sub22;sub24;sub27;sub28;sub29,sub13,96,0.0003980457840953022,1.3280713346830453e-06,0.002,1e-05,1.0,1.0,True,False,multimodal,psd-fc-wpli,gated,cnn,True,finetune,segssl_barlow_all-patient_fc-wpli_finetune_seed13_pre20_proj32_mask0_03_noise0_02_mlp1_0_sup100,True,barlow,fc-wpli,all-patient,True,13,1.0,0.1,32,0.03,0.02
multimodal_psd-fc-wpli_gated_cnn,6,sub11,sub01;sub05;sub07;sub08;sub09;sub10;sub14;sub15;sub16;sub17;sub18;sub20;sub22;sub24;sub27;sub28;sub29,sub13,97,0.00038255410618148744,1.2001706863884465e-06,0.002,1e-05,1.0,1.0,True,False,multimodal,psd-fc-wpli,gated,cnn,True,finetune,segssl_barlow_all-patient_fc-wpli_finetune_seed13_pre20_proj32_mask0_03_noise0_02_mlp1_0_sup100,True,barlow,fc-wpli,all-patient,True,13,1.0,0.1,32,0.03,0.02
multimodal_psd-fc-wpli_gated_cnn,6,sub11,sub01;sub05;sub07;sub08;sub09;sub10;sub14;sub15;sub16;sub17;sub18;sub20;sub22;sub24;sub27;sub28;sub29,sub13,98,0.00036763044772669673,1.0692788237065542e-06,0.002,1e-05,1.0,1.0,True,False,multimodal,psd-fc-wpli,gated,cnn,True,finetune,segssl_barlow_all-patient_fc-wpli_finetune_seed13_pre20_proj32_mask0_03_noise0_02_mlp1_0_sup100,True,barlow,fc-wpli,all-patient,True,13,1.0,0.1,32,0.03,0.02
multimodal_psd-fc-wpli_gated_cnn,6,sub11,sub01;sub05;sub07;sub08;sub09;sub10;sub14;sub15;sub16;sub17;sub18;sub20;sub22;sub24;sub27;sub28;sub29,sub13,99,0.00035322995972819626,9.413137149749673e-07,0.002,1e-05,1.0,1.0,True,False,multimodal,psd-fc-wpli,gated,cnn,True,finetune,segssl_barlow_all-patient_fc-wpli_finetune_seed13_pre20_proj32_mask0_03_noise0_02_mlp1_0_sup100,True,barlow,fc-wpli,all-patient,True,13,1.0,0.1,32,0.03,0.02
multimodal_psd-fc-wpli_gated_cnn,6,sub11,sub01;sub05;sub07;sub08;sub09;sub10;sub14;sub15;sub16;sub17;sub18;sub20;sub22;sub24;sub27;sub28;sub29,sub13,100,0.00033954798709601164,8.182745432350202e-07,0.002,1e-05,1.0,1.0,True,False,multimodal,psd-fc-wpli,gated,cnn,True,finetune,segssl_barlow_all-patient_fc-wpli_finetune_seed13_pre20_proj32_mask0_03_noise0_02_mlp1_0_sup100,True,barlow,fc-wpli,all-patient,True,13,1.0,0.1,32,0.03,0.02
multimodal_psd-fc-wpli_gated_cnn,7,sub13,sub01;sub05;sub07;sub08;sub09;sub10;sub11;sub15;sub16;sub17;sub18;sub20;sub22;sub24;sub27;sub28;sub29,sub14,1,0.697102963924408,0.6675389409065247,0.002,1e-05,1.0,1.0,True,False,multimodal,psd-fc-wpli,gated,cnn,True,finetune,segssl_barlow_all-patient_fc-wpli_finetune_seed13_pre20_proj32_mask0_03_noise0_02_mlp1_0_sup100,True,barlow,fc-wpli,all-patient,True,13,1.0,0.1,32,0.03,0.02
multimodal_psd-fc-wpli_gated_cnn,7,sub13,sub01;sub05;sub07;sub08;sub09;sub10;sub11;sub15;sub16;sub17;sub18;sub20;sub22;sub24;sub27;sub28;sub29,sub14,2,0.6848461031913757,0.6825200915336609,0.002,1e-05,1.0,1.0,False,False,multimodal,psd-fc-wpli,gated,cnn,True,finetune,segssl_barlow_all-patient_fc-wpli_finetune_seed13_pre20_proj32_mask0_03_noise0_02_mlp1_0_sup100,True,barlow,fc-wpli,all-patient,True,13,1.0,0.1,32,0.03,0.02
multimodal_psd-fc-wpli_gated_cnn,7,sub13,sub01;sub05;sub07;sub08;sub09;sub10;sub11;sub15;sub16;sub17;sub18;sub20;sub22;sub24;sub27;sub28;sub29,sub14,3,0.6747236847877502,0.6974449753761292,0.002,1e-05,1.0,1.0,False,False,multimodal,psd-fc-wpli,gated,cnn,True,finetune,segssl_barlow_all-patient_fc-wpli_finetune_seed13_pre20_proj32_mask0_03_noise0_02_mlp1_0_sup100,True,barlow,fc-wpli,all-patient,True,13,1.0,0.1,32,0.03,0.02
multimodal_psd-fc-wpli_gated_cnn,7,sub13,sub01;sub05;sub07;sub08;sub09;sub10;sub11;sub15;sub16;sub17;sub18;sub20;sub22;sub24;sub27;sub28;sub29,sub14,4,0.6658375859260559,0.7121540904045105,0.002,1e-05,1.0,1.0,False,False,multimodal,psd-fc-wpli,gated,cnn,True,finetune,segssl_barlow_all-patient_fc-wpli_finetune_seed13_pre20_proj32_mask0_03_noise0_02_mlp1_0_sup100,True,barlow,fc-wpli,all-patient,True,13,1.0,0.1,32,0.03,0.02
multimodal_psd-fc-wpli_gated_cnn,7,sub13,sub01;sub05;sub07;sub08;sub09;sub10;sub11;sub15;sub16;sub17;sub18;sub20;sub22;sub24;sub27;sub28;sub29,sub14,5,0.6568236947059631,0.7272825241088867,0.002,1e-05,1.0,1.0,False,False,multimodal,psd-fc-wpli,gated,cnn,True,finetune,segssl_barlow_all-patient_fc-wpli_finetune_seed13_pre20_proj32_mask0_03_noise0_02_mlp1_0_sup100,True,barlow,fc-wpli,all-patient,True,13,1.0,0.1,32,0.03,0.02
multimodal_psd-fc-wpli_gated_cnn,7,sub13,sub01;sub05;sub07;sub08;sub09;sub10;sub11;sub15;sub16;sub17;sub18;sub20;sub22;sub24;sub27;sub28;sub29,sub14,6,0.6469753384590149,0.7424207925796509,0.002,1e-05,1.0,1.0,False,False,multimodal,psd-fc-wpli,gated,cnn,True,finetune,segssl_barlow_all-patient_fc-wpli_finetune_seed13_pre20_proj32_mask0_03_noise0_02_mlp1_0_sup100,True,barlow,fc-wpli,all-patient,True,13,1.0,0.1,32,0.03,0.02
multimodal_psd-fc-wpli_gated_cnn,7,sub13,sub01;sub05;sub07;sub08;sub09;sub10;sub11;sub15;sub16;sub17;sub18;sub20;sub22;sub24;sub27;sub28;sub29,sub14,7,0.6361559629440308,0.7588617205619812,0.002,1e-05,1.0,1.0,False,False,multimodal,psd-fc-wpli,gated,cnn,True,finetune,segssl_barlow_all-patient_fc-wpli_finetune_seed13_pre20_proj32_mask0_03_noise0_02_mlp1_0_sup100,True,barlow,fc-wpli,all-patient,True,13,1.0,0.1,32,0.03,0.02
multimodal_psd-fc-wpli_gated_cnn,7,sub13,sub01;sub05;sub07;sub08;sub09;sub10;sub11;sub15;sub16;sub17;sub18;sub20;sub22;sub24;sub27;sub28;sub29,sub14,8,0.6247124075889587,0.7766702175140381,0.002,1e-05,1.0,1.0,False,False,multimodal,psd-fc-wpli,gated,cnn,True,finetune,segssl_barlow_all-patient_fc-wpli_finetune_seed13_pre20_proj32_mask0_03_noise0_02_mlp1_0_sup100,True,barlow,fc-wpli,all-patient,True,13,1.0,0.1,32,0.03,0.02
multimodal_psd-fc-wpli_gated_cnn,7,sub13,sub01;sub05;sub07;sub08;sub09;sub10;sub11;sub15;sub16;sub17;sub18;sub20;sub22;sub24;sub27;sub28;sub29,sub14,9,0.612368643283844,0.7974230051040649,0.002,1e-05,1.0,1.0,False,False,multimodal,psd-fc-wpli,gated,cnn,True,finetune,segssl_barlow_all-patient_fc-wpli_finetune_seed13_pre20_proj32_mask0_03_noise0_02_mlp1_0_sup100,True,barlow,fc-wpli,all-patient,True,13,1.0,0.1,32,0.03,0.02
multimodal_psd-fc-wpli_gated_cnn,7,sub13,sub01;sub05;sub07;sub08;sub09;sub10;sub11;sub15;sub16;sub17;sub18;sub20;sub22;sub24;sub27;sub28;sub29,sub14,10,0.5989875793457031,0.8221196532249451,0.002,1e-05,1.0,1.0,False,False,multimodal,psd-fc-wpli,gated,cnn,True,finetune,segssl_barlow_all-patient_fc-wpli_finetune_seed13_pre20_proj32_mask0_03_noise0_02_mlp1_0_sup100,True,barlow,fc-wpli,all-patient,True,13,1.0,0.1,32,0.03,0.02
multimodal_psd-fc-wpli_gated_cnn,7,sub13,sub01;sub05;sub07;sub08;sub09;sub10;sub11;sub15;sub16;sub17;sub18;sub20;sub22;sub24;sub27;sub28;sub29,sub14,11,0.5843809843063354,0.8511646389961243,0.002,1e-05,1.0,1.0,False,False,multimodal,psd-fc-wpli,gated,cnn,True,finetune,segssl_barlow_all-patient_fc-wpli_finetune_seed13_pre20_proj32_mask0_03_noise0_02_mlp1_0_sup100,True,barlow,fc-wpli,all-patient,True,13,1.0,0.1,32,0.03,0.02
multimodal_psd-fc-wpli_gated_cnn,7,sub13,sub01;sub05;sub07;sub08;sub09;sub10;sub11;sub15;sub16;sub17;sub18;sub20;sub22;sub24;sub27;sub28;sub29,sub14,12,0.5683952569961548,0.8843184113502502,0.002,1e-05,1.0,1.0,False,False,multimodal,psd-fc-wpli,gated,cnn,True,finetune,segssl_barlow_all-patient_fc-wpli_finetune_seed13_pre20_proj32_mask0_03_noise0_02_mlp1_0_sup100,True,barlow,fc-wpli,all-patient,True,13,1.0,0.1,32,0.03,0.02
multimodal_psd-fc-wpli_gated_cnn,7,sub13,sub01;sub05;sub07;sub08;sub09;sub10;sub11;sub15;sub16;sub17;sub18;sub20;sub22;sub24;sub27;sub28;sub29,sub14,13,0.550773024559021,0.9198935031890869,0.002,1e-05,1.0,1.0,False,False,multimodal,psd-fc-wpli,gated,cnn,True,finetune,segssl_barlow_all-patient_fc-wpli_finetune_seed13_pre20_proj32_mask0_03_noise0_02_mlp1_0_sup100,True,barlow,fc-wpli,all-patient,True,13,1.0,0.1,32,0.03,0.02
multimodal_psd-fc-wpli_gated_cnn,7,sub13,sub01;sub05;sub07;sub08;sub09;sub10;sub11;sub15;sub16;sub17;sub18;sub20;sub22;sub24;sub27;sub28;sub29,sub14,14,0.5317779183387756,0.9586895704269409,0.002,1e-05,1.0,1.0,False,False,multimodal,psd-fc-wpli,gated,cnn,True,finetune,segssl_barlow_all-patient_fc-wpli_finetune_seed13_pre20_proj32_mask0_03_noise0_02_mlp1_0_sup100,True,barlow,fc-wpli,all-patient,True,13,1.0,0.1,32,0.03,0.02
multimodal_psd-fc-wpli_gated_cnn,7,sub13,sub01;sub05;sub07;sub08;sub09;sub10;sub11;sub15;sub16;sub17;sub18;sub20;sub22;sub24;sub27;sub28;sub29,sub14,15,0.5115964412689209,0.999532163143158,0.002,1e-05,1.0,1.0,False,False,multimodal,psd-fc-wpli,gated,cnn,True,finetune,segssl_barlow_all-patient_fc-wpli_finetune_seed13_pre20_proj32_mask0_03_noise0_02_mlp1_0_sup100,True,barlow,fc-wpli,all-patient,True,13,1.0,0.1,32,0.03,0.02
multimodal_psd-fc-wpli_gated_cnn,7,sub13,sub01;sub05;sub07;sub08;sub09;sub10;sub11;sub15;sub16;sub17;sub18;sub20;sub22;sub24;sub27;sub28;sub29,sub14,16,0.4903436601161957,1.0413360595703125,0.002,1e-05,1.0,1.0,False,False,multimodal,psd-fc-wpli,gated,cnn,True,finetune,segssl_barlow_all-patient_fc-wpli_finetune_seed13_pre20_proj32_mask0_03_noise0_02_mlp1_0_sup100,True,barlow,fc-wpli,all-patient,True,13,1.0,0.1,32,0.03,0.02
multimodal_psd-fc-wpli_gated_cnn,7,sub13,sub01;sub05;sub07;sub08;sub09;sub10;sub11;sub15;sub16;sub17;sub18;sub20;sub22;sub24;sub27;sub28;sub29,sub14,17,0.4682181775569916,1.0857763290405273,0.002,1e-05,1.0,1.0,False,False,multimodal,psd-fc-wpli,gated,cnn,True,finetune,segssl_barlow_all-patient_fc-wpli_finetune_seed13_pre20_proj32_mask0_03_noise0_02_mlp1_0_sup100,True,barlow,fc-wpli,all-patient,True,13,1.0,0.1,32,0.03,0.02
multimodal_psd-fc-wpli_gated_cnn,7,sub13,sub01;sub05;sub07;sub08;sub09;sub10;sub11;sub15;sub16;sub17;sub18;sub20;sub22;sub24;sub27;sub28;sub29,sub14,18,0.44524863362312317,1.1352957487106323,0.002,1e-05,1.0,1.0,False,False,multimodal,psd-fc-wpli,gated,cnn,True,finetune,segssl_barlow_all-patient_fc-wpli_finetune_seed13_pre20_proj32_mask0_03_noise0_02_mlp1_0_sup100,True,barlow,fc-wpli,all-patient,True,13,1.0,0.1,32,0.03,0.02
multimodal_psd-fc-wpli_gated_cnn,7,sub13,sub01;sub05;sub07;sub08;sub09;sub10;sub11;sub15;sub16;sub17;sub18;sub20;sub22;sub24;sub27;sub28;sub29,sub14,19,0.4215907156467438,1.1866281032562256,0.002,1e-05,1.0,1.0,False,False,multimodal,psd-fc-wpli,gated,cnn,True,finetune,segssl_barlow_all-patient_fc-wpli_finetune_seed13_pre20_proj32_mask0_03_noise0_02_mlp1_0_sup100,True,barlow,fc-wpli,all-patient,True,13,1.0,0.1,32,0.03,0.02
multimodal_psd-fc-wpli_gated_cnn,7,sub13,sub01;sub05;sub07;sub08;sub09;sub10;sub11;sub15;sub16;sub17;sub18;sub20;sub22;sub24;sub27;sub28;sub29,sub14,20,0.39721837639808655,1.2402448654174805,0.002,1e-05,1.0,1.0,False,False,multimodal,psd-fc-wpli,gated,cnn,True,finetune,segssl_barlow_all-patient_fc-wpli_finetune_seed13_pre20_proj32_mask0_03_noise0_02_mlp1_0_sup100,True,barlow,fc-wpli,all-patient,True,13,1.0,0.1,32,0.03,0.02
multimodal_psd-fc-wpli_gated_cnn,7,sub13,sub01;sub05;sub07;sub08;sub09;sub10;sub11;sub15;sub16;sub17;sub18;sub20;sub22;sub24;sub27;sub28;sub29,sub14,21,0.37262070178985596,1.2892496585845947,0.002,1e-05,1.0,1.0,False,False,multimodal,psd-fc-wpli,gated,cnn,True,finetune,segssl_barlow_all-patient_fc-wpli_finetune_seed13_pre20_proj32_mask0_03_noise0_02_mlp1_0_sup100,True,barlow,fc-wpli,all-patient,True,13,1.0,0.1,32,0.03,0.02
multimodal_psd-fc-wpli_gated_cnn,7,sub13,sub01;sub05;sub07;sub08;sub09;sub10;sub11;sub15;sub16;sub17;sub18;sub20;sub22;sub24;sub27;sub28;sub29,sub14,22,0.34783706068992615,1.3291465044021606,0.002,1e-05,1.0,1.0,False,False,multimodal,psd-fc-wpli,gated,cnn,True,finetune,segssl_barlow_all-patient_fc-wpli_finetune_seed13_pre20_proj32_mask0_03_noise0_02_mlp1_0_sup100,True,barlow,fc-wpli,all-patient,True,13,1.0,0.1,32,0.03,0.02
multimodal_psd-fc-wpli_gated_cnn,7,sub13,sub01;sub05;sub07;sub08;sub09;sub10;sub11;sub15;sub16;sub17;sub18;sub20;sub22;sub24;sub27;sub28;sub29,sub14,23,0.3227737843990326,1.3553467988967896,0.002,1e-05,1.0,1.0,False,False,multimodal,psd-fc-wpli,gated,cnn,True,finetune,segssl_barlow_all-patient_fc-wpli_finetune_seed13_pre20_proj32_mask0_03_noise0_02_mlp1_0_sup100,True,barlow,fc-wpli,all-patient,True,13,1.0,0.1,32,0.03,0.02
multimodal_psd-fc-wpli_gated_cnn,7,sub13,sub01;sub05;sub07;sub08;sub09;sub10;sub11;sub15;sub16;sub17;sub18;sub20;sub22;sub24;sub27;sub28;sub29,sub14,24,0.29753321409225464,1.3806313276290894,0.002,1e-05,1.0,1.0,False,False,multimodal,psd-fc-wpli,gated,cnn,True,finetune,segssl_barlow_all-patient_fc-wpli_finetune_seed13_pre20_proj32_mask0_03_noise0_02_mlp1_0_sup100,True,barlow,fc-wpli,all-patient,True,13,1.0,0.1,32,0.03,0.02
multimodal_psd-fc-wpli_gated_cnn,7,sub13,sub01;sub05;sub07;sub08;sub09;sub10;sub11;sub15;sub16;sub17;sub18;sub20;sub22;sub24;sub27;sub28;sub29,sub14,25,0.2721359133720398,1.4232027530670166,0.002,1e-05,1.0,1.0,False,False,multimodal,psd-fc-wpli,gated,cnn,True,finetune,segssl_barlow_all-patient_fc-wpli_finetune_seed13_pre20_proj32_mask0_03_noise0_02_mlp1_0_sup100,True,barlow,fc-wpli,all-patient,True,13,1.0,0.1,32,0.03,0.02
multimodal_psd-fc-wpli_gated_cnn,7,sub13,sub01;sub05;sub07;sub08;sub09;sub10;sub11;sub15;sub16;sub17;sub18;sub20;sub22;sub24;sub27;sub28;sub29,sub14,26,0.24619731307029724,1.489729404449463,0.002,1e-05,1.0,1.0,False,False,multimodal,psd-fc-wpli,gated,cnn,True,finetune,segssl_barlow_all-patient_fc-wpli_finetune_seed13_pre20_proj32_mask0_03_noise0_02_mlp1_0_sup100,True,barlow,fc-wpli,all-patient,True,13,1.0,0.1,32,0.03,0.02
multimodal_psd-fc-wpli_gated_cnn,7,sub13,sub01;sub05;sub07;sub08;sub09;sub10;sub11;sub15;sub16;sub17;sub18;sub20;sub22;sub24;sub27;sub28;sub29,sub14,27,0.22026656568050385,1.5765527486801147,0.002,1e-05,1.0,1.0,False,False,multimodal,psd-fc-wpli,gated,cnn,True,finetune,segssl_barlow_all-patient_fc-wpli_finetune_seed13_pre20_proj32_mask0_03_noise0_02_mlp1_0_sup100,True,barlow,fc-wpli,all-patient,True,13,1.0,0.1,32,0.03,0.02
multimodal_psd-fc-wpli_gated_cnn,7,sub13,sub01;sub05;sub07;sub08;sub09;sub10;sub11;sub15;sub16;sub17;sub18;sub20;sub22;sub24;sub27;sub28;sub29,sub14,28,0.19492313265800476,1.6601933240890503,0.002,1e-05,1.0,1.0,False,False,multimodal,psd-fc-wpli,gated,cnn,True,finetune,segssl_barlow_all-patient_fc-wpli_finetune_seed13_pre20_proj32_mask0_03_noise0_02_mlp1_0_sup100,True,barlow,fc-wpli,all-patient,True,13,1.0,0.1,32,0.03,0.02
multimodal_psd-fc-wpli_gated_cnn,7,sub13,sub01;sub05;sub07;sub08;sub09;sub10;sub11;sub15;sub16;sub17;sub18;sub20;sub22;sub24;sub27;sub28;sub29,sub14,29,0.1706704944372177,1.7211111783981323,0.002,1e-05,1.0,1.0,False,False,multimodal,psd-fc-wpli,gated,cnn,True,finetune,segssl_barlow_all-patient_fc-wpli_finetune_seed13_pre20_proj32_mask0_03_noise0_02_mlp1_0_sup100,True,barlow,fc-wpli,all-patient,True,13,1.0,0.1,32,0.03,0.02
multimodal_psd-fc-wpli_gated_cnn,7,sub13,sub01;sub05;sub07;sub08;sub09;sub10;sub11;sub15;sub16;sub17;sub18;sub20;sub22;sub24;sub27;sub28;sub29,sub14,30,0.14789116382598877,1.7532317638397217,0.002,1e-05,1.0,1.0,False,False,multimodal,psd-fc-wpli,gated,cnn,True,finetune,segssl_barlow_all-patient_fc-wpli_finetune_seed13_pre20_proj32_mask0_03_noise0_02_mlp1_0_sup100,True,barlow,fc-wpli,all-patient,True,13,1.0,0.1,32,0.03,0.02
multimodal_psd-fc-wpli_gated_cnn,7,sub13,sub01;sub05;sub07;sub08;sub09;sub10;sub11;sub15;sub16;sub17;sub18;sub20;sub22;sub24;sub27;sub28;sub29,sub14,31,0.12693433463573456,1.760291337966919,0.002,1e-05,1.0,1.0,False,False,multimodal,psd-fc-wpli,gated,cnn,True,finetune,segssl_barlow_all-patient_fc-wpli_finetune_seed13_pre20_proj32_mask0_03_noise0_02_mlp1_0_sup100,True,barlow,fc-wpli,all-patient,True,13,1.0,0.1,32,0.03,0.02
multimodal_psd-fc-wpli_gated_cnn,7,sub13,sub01;sub05;sub07;sub08;sub09;sub10;sub11;sub15;sub16;sub17;sub18;sub20;sub22;sub24;sub27;sub28;sub29,sub14,32,0.10808068513870239,1.7943135499954224,0.002,1e-05,1.0,1.0,False,False,multimodal,psd-fc-wpli,gated,cnn,True,finetune,segssl_barlow_all-patient_fc-wpli_finetune_seed13_pre20_proj32_mask0_03_noise0_02_mlp1_0_sup100,True,barlow,fc-wpli,all-patient,True,13,1.0,0.1,32,0.03,0.02
multimodal_psd-fc-wpli_gated_cnn,7,sub13,sub01;sub05;sub07;sub08;sub09;sub10;sub11;sub15;sub16;sub17;sub18;sub20;sub22;sub24;sub27;sub28;sub29,sub14,33,0.0912712886929512,1.8637282848358154,0.002,1e-05,1.0,1.0,False,False,multimodal,psd-fc-wpli,gated,cnn,True,finetune,segssl_barlow_all-patient_fc-wpli_finetune_seed13_pre20_proj32_mask0_03_noise0_02_mlp1_0_sup100,True,barlow,fc-wpli,all-patient,True,13,1.0,0.1,32,0.03,0.02
multimodal_psd-fc-wpli_gated_cnn,7,sub13,sub01;sub05;sub07;sub08;sub09;sub10;sub11;sub15;sub16;sub17;sub18;sub20;sub22;sub24;sub27;sub28;sub29,sub14,34,0.0766492635011673,1.9551851749420166,0.002,1e-05,1.0,1.0,False,False,multimodal,psd-fc-wpli,gated,cnn,True,finetune,segssl_barlow_all-patient_fc-wpli_finetune_seed13_pre20_proj32_mask0_03_noise0_02_mlp1_0_sup100,True,barlow,fc-wpli,all-patient,True,13,1.0,0.1,32,0.03,0.02
multimodal_psd-fc-wpli_gated_cnn,7,sub13,sub01;sub05;sub07;sub08;sub09;sub10;sub11;sub15;sub16;sub17;sub18;sub20;sub22;sub24;sub27;sub28;sub29,sub14,35,0.06410760432481766,2.0583271980285645,0.002,1e-05,1.0,1.0,False,False,multimodal,psd-fc-wpli,gated,cnn,True,finetune,segssl_barlow_all-patient_fc-wpli_finetune_seed13_pre20_proj32_mask0_03_noise0_02_mlp1_0_sup100,True,barlow,fc-wpli,all-patient,True,13,1.0,0.1,32,0.03,0.02
multimodal_psd-fc-wpli_gated_cnn,7,sub13,sub01;sub05;sub07;sub08;sub09;sub10;sub11;sub15;sub16;sub17;sub18;sub20;sub22;sub24;sub27;sub28;sub29,sub14,36,0.05346183851361275,2.154109001159668,0.002,1e-05,1.0,1.0,False,False,multimodal,psd-fc-wpli,gated,cnn,True,finetune,segssl_barlow_all-patient_fc-wpli_finetune_seed13_pre20_proj32_mask0_03_noise0_02_mlp1_0_sup100,True,barlow,fc-wpli,all-patient,True,13,1.0,0.1,32,0.03,0.02
multimodal_psd-fc-wpli_gated_cnn,7,sub13,sub01;sub05;sub07;sub08;sub09;sub10;sub11;sub15;sub16;sub17;sub18;sub20;sub22;sub24;sub27;sub28;sub29,sub14,37,0.044432613998651505,2.2371444702148438,0.002,1e-05,1.0,1.0,False,False,multimodal,psd-fc-wpli,gated,cnn,True,finetune,segssl_barlow_all-patient_fc-wpli_finetune_seed13_pre20_proj32_mask0_03_noise0_02_mlp1_0_sup100,True,barlow,fc-wpli,all-patient,True,13,1.0,0.1,32,0.03,0.02
multimodal_psd-fc-wpli_gated_cnn,7,sub13,sub01;sub05;sub07;sub08;sub09;sub10;sub11;sub15;sub16;sub17;sub18;sub20;sub22;sub24;sub27;sub28;sub29,sub14,38,0.03687216714024544,2.2998011112213135,0.002,1e-05,1.0,1.0,False,False,multimodal,psd-fc-wpli,gated,cnn,True,finetune,segssl_barlow_all-patient_fc-wpli_finetune_seed13_pre20_proj32_mask0_03_noise0_02_mlp1_0_sup100,True,barlow,fc-wpli,all-patient,True,13,1.0,0.1,32,0.03,0.02
multimodal_psd-fc-wpli_gated_cnn,7,sub13,sub01;sub05;sub07;sub08;sub09;sub10;sub11;sub15;sub16;sub17;sub18;sub20;sub22;sub24;sub27;sub28;sub29,sub14,39,0.030555546283721924,2.328967571258545,0.002,1e-05,1.0,1.0,False,False,multimodal,psd-fc-wpli,gated,cnn,True,finetune,segssl_barlow_all-patient_fc-wpli_finetune_seed13_pre20_proj32_mask0_03_noise0_02_mlp1_0_sup100,True,barlow,fc-wpli,all-patient,True,13,1.0,0.1,32,0.03,0.02
multimodal_psd-fc-wpli_gated_cnn,7,sub13,sub01;sub05;sub07;sub08;sub09;sub10;sub11;sub15;sub16;sub17;sub18;sub20;sub22;sub24;sub27;sub28;sub29,sub14,40,0.025287030264735222,2.336965560913086,0.002,1e-05,1.0,1.0,False,False,multimodal,psd-fc-wpli,gated,cnn,True,finetune,segssl_barlow_all-patient_fc-wpli_finetune_seed13_pre20_proj32_mask0_03_noise0_02_mlp1_0_sup100,True,barlow,fc-wpli,all-patient,True,13,1.0,0.1,32,0.03,0.02
multimodal_psd-fc-wpli_gated_cnn,7,sub13,sub01;sub05;sub07;sub08;sub09;sub10;sub11;sub15;sub16;sub17;sub18;sub20;sub22;sub24;sub27;sub28;sub29,sub14,41,0.02090119943022728,2.3391332626342773,0.002,1e-05,1.0,1.0,False,False,multimodal,psd-fc-wpli,gated,cnn,True,finetune,segssl_barlow_all-patient_fc-wpli_finetune_seed13_pre20_proj32_mask0_03_noise0_02_mlp1_0_sup100,True,barlow,fc-wpli,all-patient,True,13,1.0,0.1,32,0.03,0.02
multimodal_psd-fc-wpli_gated_cnn,7,sub13,sub01;sub05;sub07;sub08;sub09;sub10;sub11;sub15;sub16;sub17;sub18;sub20;sub22;sub24;sub27;sub28;sub29,sub14,42,0.017310798168182373,2.3450255393981934,0.002,1e-05,1.0,1.0,False,False,multimodal,psd-fc-wpli,gated,cnn,True,finetune,segssl_barlow_all-patient_fc-wpli_finetune_seed13_pre20_proj32_mask0_03_noise0_02_mlp1_0_sup100,True,barlow,fc-wpli,all-patient,True,13,1.0,0.1,32,0.03,0.02
multimodal_psd-fc-wpli_gated_cnn,7,sub13,sub01;sub05;sub07;sub08;sub09;sub10;sub11;sub15;sub16;sub17;sub18;sub20;sub22;sub24;sub27;sub28;sub29,sub14,43,0.014411122538149357,2.372971534729004,0.002,1e-05,1.0,1.0,False,False,multimodal,psd-fc-wpli,gated,cnn,True,finetune,segssl_barlow_all-patient_fc-wpli_finetune_seed13_pre20_proj32_mask0_03_noise0_02_mlp1_0_sup100,True,barlow,fc-wpli,all-patient,True,13,1.0,0.1,32,0.03,0.02
multimodal_psd-fc-wpli_gated_cnn,7,sub13,sub01;sub05;sub07;sub08;sub09;sub10;sub11;sub15;sub16;sub17;sub18;sub20;sub22;sub24;sub27;sub28;sub29,sub14,44,0.01205237116664648,2.4166769981384277,0.002,1e-05,1.0,1.0,False,False,multimodal,psd-fc-wpli,gated,cnn,True,finetune,segssl_barlow_all-patient_fc-wpli_finetune_seed13_pre20_proj32_mask0_03_noise0_02_mlp1_0_sup100,True,barlow,fc-wpli,all-patient,True,13,1.0,0.1,32,0.03,0.02
multimodal_psd-fc-wpli_gated_cnn,7,sub13,sub01;sub05;sub07;sub08;sub09;sub10;sub11;sub15;sub16;sub17;sub18;sub20;sub22;sub24;sub27;sub28;sub29,sub14,45,0.010153193958103657,2.4774765968322754,0.002,1e-05,1.0,1.0,False,False,multimodal,psd-fc-wpli,gated,cnn,True,finetune,segssl_barlow_all-patient_fc-wpli_finetune_seed13_pre20_proj32_mask0_03_noise0_02_mlp1_0_sup100,True,barlow,fc-wpli,all-patient,True,13,1.0,0.1,32,0.03,0.02
multimodal_psd-fc-wpli_gated_cnn,7,sub13,sub01;sub05;sub07;sub08;sub09;sub10;sub11;sub15;sub16;sub17;sub18;sub20;sub22;sub24;sub27;sub28;sub29,sub14,46,0.00859235879033804,2.5497488975524902,0.002,1e-05,1.0,1.0,False,False,multimodal,psd-fc-wpli,gated,cnn,True,finetune,segssl_barlow_all-patient_fc-wpli_finetune_seed13_pre20_proj32_mask0_03_noise0_02_mlp1_0_sup100,True,barlow,fc-wpli,all-patient,True,13,1.0,0.1,32,0.03,0.02
multimodal_psd-fc-wpli_gated_cnn,7,sub13,sub01;sub05;sub07;sub08;sub09;sub10;sub11;sub15;sub16;sub17;sub18;sub20;sub22;sub24;sub27;sub28;sub29,sub14,47,0.007308418862521648,2.625563383102417,0.002,1e-05,1.0,1.0,False,False,multimodal,psd-fc-wpli,gated,cnn,True,finetune,segssl_barlow_all-patient_fc-wpli_finetune_seed13_pre20_proj32_mask0_03_noise0_02_mlp1_0_sup100,True,barlow,fc-wpli,all-patient,True,13,1.0,0.1,32,0.03,0.02
multimodal_psd-fc-wpli_gated_cnn,7,sub13,sub01;sub05;sub07;sub08;sub09;sub10;sub11;sub15;sub16;sub17;sub18;sub20;sub22;sub24;sub27;sub28;sub29,sub14,48,0.006251323968172073,2.69940185546875,0.002,1e-05,1.0,1.0,False,False,multimodal,psd-fc-wpli,gated,cnn,True,finetune,segssl_barlow_all-patient_fc-wpli_finetune_seed13_pre20_proj32_mask0_03_noise0_02_mlp1_0_sup100,True,barlow,fc-wpli,all-patient,True,13,1.0,0.1,32,0.03,0.02
multimodal_psd-fc-wpli_gated_cnn,7,sub13,sub01;sub05;sub07;sub08;sub09;sub10;sub11;sub15;sub16;sub17;sub18;sub20;sub22;sub24;sub27;sub28;sub29,sub14,49,0.0053786784410476685,2.7557427883148193,0.002,1e-05,1.0,1.0,False,False,multimodal,psd-fc-wpli,gated,cnn,True,finetune,segssl_barlow_all-patient_fc-wpli_finetune_seed13_pre20_proj32_mask0_03_noise0_02_mlp1_0_sup100,True,barlow,fc-wpli,all-patient,True,13,1.0,0.1,32,0.03,0.02
multimodal_psd-fc-wpli_gated_cnn,7,sub13,sub01;sub05;sub07;sub08;sub09;sub10;sub11;sub15;sub16;sub17;sub18;sub20;sub22;sub24;sub27;sub28;sub29,sub14,50,0.004668264649808407,2.7960922718048096,0.002,1e-05,1.0,1.0,False,False,multimodal,psd-fc-wpli,gated,cnn,True,finetune,segssl_barlow_all-patient_fc-wpli_finetune_seed13_pre20_proj32_mask0_03_noise0_02_mlp1_0_sup100,True,barlow,fc-wpli,all-patient,True,13,1.0,0.1,32,0.03,0.02
multimodal_psd-fc-wpli_gated_cnn,7,sub13,sub01;sub05;sub07;sub08;sub09;sub10;sub11;sub15;sub16;sub17;sub18;sub20;sub22;sub24;sub27;sub28;sub29,sub14,51,0.004081514663994312,2.832864999771118,0.002,1e-05,1.0,1.0,False,False,multimodal,psd-fc-wpli,gated,cnn,True,finetune,segssl_barlow_all-patient_fc-wpli_finetune_seed13_pre20_proj32_mask0_03_noise0_02_mlp1_0_sup100,True,barlow,fc-wpli,all-patient,True,13,1.0,0.1,32,0.03,0.02
multimodal_psd-fc-wpli_gated_cnn,7,sub13,sub01;sub05;sub07;sub08;sub09;sub10;sub11;sub15;sub16;sub17;sub18;sub20;sub22;sub24;sub27;sub28;sub29,sub14,52,0.0035952781327068806,2.8728456497192383,0.001,1e-05,1.0,1.0,False,False,multimodal,psd-fc-wpli,gated,cnn,True,finetune,segssl_barlow_all-patient_fc-wpli_finetune_seed13_pre20_proj32_mask0_03_noise0_02_mlp1_0_sup100,True,barlow,fc-wpli,all-patient,True,13,1.0,0.1,32,0.03,0.02
multimodal_psd-fc-wpli_gated_cnn,7,sub13,sub01;sub05;sub07;sub08;sub09;sub10;sub11;sub15;sub16;sub17;sub18;sub20;sub22;sub24;sub27;sub28;sub29,sub14,53,0.003187939990311861,2.9030425548553467,0.001,1e-05,1.0,1.0,False,False,multimodal,psd-fc-wpli,gated,cnn,True,finetune,segssl_barlow_all-patient_fc-wpli_finetune_seed13_pre20_proj32_mask0_03_noise0_02_mlp1_0_sup100,True,barlow,fc-wpli,all-patient,True,13,1.0,0.1,32,0.03,0.02
multimodal_psd-fc-wpli_gated_cnn,7,sub13,sub01;sub05;sub07;sub08;sub09;sub10;sub11;sub15;sub16;sub17;sub18;sub20;sub22;sub24;sub27;sub28;sub29,sub14,54,0.0030114625114947557,2.931654214859009,0.001,1e-05,1.0,1.0,False,False,multimodal,psd-fc-wpli,gated,cnn,True,finetune,segssl_barlow_all-patient_fc-wpli_finetune_seed13_pre20_proj32_mask0_03_noise0_02_mlp1_0_sup100,True,barlow,fc-wpli,all-patient,True,13,1.0,0.1,32,0.03,0.02
multimodal_psd-fc-wpli_gated_cnn,7,sub13,sub01;sub05;sub07;sub08;sub09;sub10;sub11;sub15;sub16;sub17;sub18;sub20;sub22;sub24;sub27;sub28;sub29,sub14,55,0.0028535639867186546,2.961137294769287,0.001,1e-05,1.0,1.0,False,False,multimodal,psd-fc-wpli,gated,cnn,True,finetune,segssl_barlow_all-patient_fc-wpli_finetune_seed13_pre20_proj32_mask0_03_noise0_02_mlp1_0_sup100,True,barlow,fc-wpli,all-patient,True,13,1.0,0.1,32,0.03,0.02
multimodal_psd-fc-wpli_gated_cnn,7,sub13,sub01;sub05;sub07;sub08;sub09;sub10;sub11;sub15;sub16;sub17;sub18;sub20;sub22;sub24;sub27;sub28;sub29,sub14,56,0.002711545443162322,2.9921798706054688,0.001,1e-05,1.0,1.0,False,False,multimodal,psd-fc-wpli,gated,cnn,True,finetune,segssl_barlow_all-patient_fc-wpli_finetune_seed13_pre20_proj32_mask0_03_noise0_02_mlp1_0_sup100,True,barlow,fc-wpli,all-patient,True,13,1.0,0.1,32,0.03,0.02
multimodal_psd-fc-wpli_gated_cnn,7,sub13,sub01;sub05;sub07;sub08;sub09;sub10;sub11;sub15;sub16;sub17;sub18;sub20;sub22;sub24;sub27;sub28;sub29,sub14,57,0.0025831246748566628,3.0248208045959473,0.001,1e-05,1.0,1.0,False,False,multimodal,psd-fc-wpli,gated,cnn,True,finetune,segssl_barlow_all-patient_fc-wpli_finetune_seed13_pre20_proj32_mask0_03_noise0_02_mlp1_0_sup100,True,barlow,fc-wpli,all-patient,True,13,1.0,0.1,32,0.03,0.02
multimodal_psd-fc-wpli_gated_cnn,7,sub13,sub01;sub05;sub07;sub08;sub09;sub10;sub11;sub15;sub16;sub17;sub18;sub20;sub22;sub24;sub27;sub28;sub29,sub14,58,0.0024665710516273975,3.0587942600250244,0.001,1e-05,1.0,1.0,False,False,multimodal,psd-fc-wpli,gated,cnn,True,finetune,segssl_barlow_all-patient_fc-wpli_finetune_seed13_pre20_proj32_mask0_03_noise0_02_mlp1_0_sup100,True,barlow,fc-wpli,all-patient,True,13,1.0,0.1,32,0.03,0.02
multimodal_psd-fc-wpli_gated_cnn,7,sub13,sub01;sub05;sub07;sub08;sub09;sub10;sub11;sub15;sub16;sub17;sub18;sub20;sub22;sub24;sub27;sub28;sub29,sub14,59,0.0023606775794178247,3.0942389965057373,0.001,1e-05,1.0,1.0,False,False,multimodal,psd-fc-wpli,gated,cnn,True,finetune,segssl_barlow_all-patient_fc-wpli_finetune_seed13_pre20_proj32_mask0_03_noise0_02_mlp1_0_sup100,True,barlow,fc-wpli,all-patient,True,13,1.0,0.1,32,0.03,0.02
multimodal_psd-fc-wpli_gated_cnn,7,sub13,sub01;sub05;sub07;sub08;sub09;sub10;sub11;sub15;sub16;sub17;sub18;sub20;sub22;sub24;sub27;sub28;sub29,sub14,60,0.0022643054835498333,3.1304445266723633,0.001,1e-05,1.0,1.0,False,False,multimodal,psd-fc-wpli,gated,cnn,True,finetune,segssl_barlow_all-patient_fc-wpli_finetune_seed13_pre20_proj32_mask0_03_noise0_02_mlp1_0_sup100,True,barlow,fc-wpli,all-patient,True,13,1.0,0.1,32,0.03,0.02
multimodal_psd-fc-wpli_gated_cnn,7,sub13,sub01;sub05;sub07;sub08;sub09;sub10;sub11;sub15;sub16;sub17;sub18;sub20;sub22;sub24;sub27;sub28;sub29,sub14,61,0.0021764375269412994,3.16715669631958,0.001,1e-05,1.0,1.0,False,False,multimodal,psd-fc-wpli,gated,cnn,True,finetune,segssl_barlow_all-patient_fc-wpli_finetune_seed13_pre20_proj32_mask0_03_noise0_02_mlp1_0_sup100,True,barlow,fc-wpli,all-patient,True,13,1.0,0.1,32,0.03,0.02
multimodal_psd-fc-wpli_gated_cnn,7,sub13,sub01;sub05;sub07;sub08;sub09;sub10;sub11;sub15;sub16;sub17;sub18;sub20;sub22;sub24;sub27;sub28;sub29,sub14,62,0.002095980802550912,3.2032930850982666,0.001,1e-05,1.0,1.0,False,False,multimodal,psd-fc-wpli,gated,cnn,True,finetune,segssl_barlow_all-patient_fc-wpli_finetune_seed13_pre20_proj32_mask0_03_noise0_02_mlp1_0_sup100,True,barlow,fc-wpli,all-patient,True,13,1.0,0.1,32,0.03,0.02
multimodal_psd-fc-wpli_gated_cnn,7,sub13,sub01;sub05;sub07;sub08;sub09;sub10;sub11;sub15;sub16;sub17;sub18;sub20;sub22;sub24;sub27;sub28;sub29,sub14,63,0.0020223825704306364,3.240507125854492,0.001,1e-05,1.0,1.0,False,False,multimodal,psd-fc-wpli,gated,cnn,True,finetune,segssl_barlow_all-patient_fc-wpli_finetune_seed13_pre20_proj32_mask0_03_noise0_02_mlp1_0_sup100,True,barlow,fc-wpli,all-patient,True,13,1.0,0.1,32,0.03,0.02
multimodal_psd-fc-wpli_gated_cnn,7,sub13,sub01;sub05;sub07;sub08;sub09;sub10;sub11;sub15;sub16;sub17;sub18;sub20;sub22;sub24;sub27;sub28;sub29,sub14,64,0.001954596024006605,3.278251886367798,0.001,1e-05,1.0,1.0,False,False,multimodal,psd-fc-wpli,gated,cnn,True,finetune,segssl_barlow_all-patient_fc-wpli_finetune_seed13_pre20_proj32_mask0_03_noise0_02_mlp1_0_sup100,True,barlow,fc-wpli,all-patient,True,13,1.0,0.1,32,0.03,0.02
multimodal_psd-fc-wpli_gated_cnn,7,sub13,sub01;sub05;sub07;sub08;sub09;sub10;sub11;sub15;sub16;sub17;sub18;sub20;sub22;sub24;sub27;sub28;sub29,sub14,65,0.0018920223228633404,3.316612482070923,0.001,1e-05,1.0,1.0,False,False,multimodal,psd-fc-wpli,gated,cnn,True,finetune,segssl_barlow_all-patient_fc-wpli_finetune_seed13_pre20_proj32_mask0_03_noise0_02_mlp1_0_sup100,True,barlow,fc-wpli,all-patient,True,13,1.0,0.1,32,0.03,0.02
multimodal_psd-fc-wpli_gated_cnn,7,sub13,sub01;sub05;sub07;sub08;sub09;sub10;sub11;sub15;sub16;sub17;sub18;sub20;sub22;sub24;sub27;sub28;sub29,sub14,66,0.001834307098761201,3.355454444885254,0.001,1e-05,1.0,1.0,False,False,multimodal,psd-fc-wpli,gated,cnn,True,finetune,segssl_barlow_all-patient_fc-wpli_finetune_seed13_pre20_proj32_mask0_03_noise0_02_mlp1_0_sup100,True,barlow,fc-wpli,all-patient,True,13,1.0,0.1,32,0.03,0.02
multimodal_psd-fc-wpli_gated_cnn,7,sub13,sub01;sub05;sub07;sub08;sub09;sub10;sub11;sub15;sub16;sub17;sub18;sub20;sub22;sub24;sub27;sub28;sub29,sub14,67,0.0017808196134865284,3.3954854011535645,0.001,1e-05,1.0,1.0,False,False,multimodal,psd-fc-wpli,gated,cnn,True,finetune,segssl_barlow_all-patient_fc-wpli_finetune_seed13_pre20_proj32_mask0_03_noise0_02_mlp1_0_sup100,True,barlow,fc-wpli,all-patient,True,13,1.0,0.1,32,0.03,0.02
multimodal_psd-fc-wpli_gated_cnn,7,sub13,sub01;sub05;sub07;sub08;sub09;sub10;sub11;sub15;sub16;sub17;sub18;sub20;sub22;sub24;sub27;sub28;sub29,sub14,68,0.0017311092233285308,3.433746099472046,0.001,1e-05,1.0,1.0,False,False,multimodal,psd-fc-wpli,gated,cnn,True,finetune,segssl_barlow_all-patient_fc-wpli_finetune_seed13_pre20_proj32_mask0_03_noise0_02_mlp1_0_sup100,True,barlow,fc-wpli,all-patient,True,13,1.0,0.1,32,0.03,0.02
multimodal_psd-fc-wpli_gated_cnn,7,sub13,sub01;sub05;sub07;sub08;sub09;sub10;sub11;sub15;sub16;sub17;sub18;sub20;sub22;sub24;sub27;sub28;sub29,sub14,69,0.001684677554294467,3.468918561935425,0.001,1e-05,1.0,1.0,False,False,multimodal,psd-fc-wpli,gated,cnn,True,finetune,segssl_barlow_all-patient_fc-wpli_finetune_seed13_pre20_proj32_mask0_03_noise0_02_mlp1_0_sup100,True,barlow,fc-wpli,all-patient,True,13,1.0,0.1,32,0.03,0.02
multimodal_psd-fc-wpli_gated_cnn,7,sub13,sub01;sub05;sub07;sub08;sub09;sub10;sub11;sub15;sub16;sub17;sub18;sub20;sub22;sub24;sub27;sub28;sub29,sub14,70,0.0016413531266152859,3.4993982315063477,0.001,1e-05,1.0,1.0,False,False,multimodal,psd-fc-wpli,gated,cnn,True,finetune,segssl_barlow_all-patient_fc-wpli_finetune_seed13_pre20_proj32_mask0_03_noise0_02_mlp1_0_sup100,True,barlow,fc-wpli,all-patient,True,13,1.0,0.1,32,0.03,0.02
multimodal_psd-fc-wpli_gated_cnn,7,sub13,sub01;sub05;sub07;sub08;sub09;sub10;sub11;sub15;sub16;sub17;sub18;sub20;sub22;sub24;sub27;sub28;sub29,sub14,71,0.001601089839823544,3.5237832069396973,0.001,1e-05,1.0,1.0,False,False,multimodal,psd-fc-wpli,gated,cnn,True,finetune,segssl_barlow_all-patient_fc-wpli_finetune_seed13_pre20_proj32_mask0_03_noise0_02_mlp1_0_sup100,True,barlow,fc-wpli,all-patient,True,13,1.0,0.1,32,0.03,0.02
multimodal_psd-fc-wpli_gated_cnn,7,sub13,sub01;sub05;sub07;sub08;sub09;sub10;sub11;sub15;sub16;sub17;sub18;sub20;sub22;sub24;sub27;sub28;sub29,sub14,72,0.0015632070135325193,3.542531967163086,0.001,1e-05,1.0,1.0,False,False,multimodal,psd-fc-wpli,gated,cnn,True,finetune,segssl_barlow_all-patient_fc-wpli_finetune_seed13_pre20_proj32_mask0_03_noise0_02_mlp1_0_sup100,True,barlow,fc-wpli,all-patient,True,13,1.0,0.1,32,0.03,0.02
multimodal_psd-fc-wpli_gated_cnn,7,sub13,sub01;sub05;sub07;sub08;sub09;sub10;sub11;sub15;sub16;sub17;sub18;sub20;sub22;sub24;sub27;sub28;sub29,sub14,73,0.0015274701872840524,3.555131196975708,0.001,1e-05,1.0,1.0,False,False,multimodal,psd-fc-wpli,gated,cnn,True,finetune,segssl_barlow_all-patient_fc-wpli_finetune_seed13_pre20_proj32_mask0_03_noise0_02_mlp1_0_sup100,True,barlow,fc-wpli,all-patient,True,13,1.0,0.1,32,0.03,0.02
multimodal_psd-fc-wpli_gated_cnn,7,sub13,sub01;sub05;sub07;sub08;sub09;sub10;sub11;sub15;sub16;sub17;sub18;sub20;sub22;sub24;sub27;sub28;sub29,sub14,74,0.0014937984524294734,3.5631704330444336,0.001,1e-05,1.0,1.0,False,False,multimodal,psd-fc-wpli,gated,cnn,True,finetune,segssl_barlow_all-patient_fc-wpli_finetune_seed13_pre20_proj32_mask0_03_noise0_02_mlp1_0_sup100,True,barlow,fc-wpli,all-patient,True,13,1.0,0.1,32,0.03,0.02
multimodal_psd-fc-wpli_gated_cnn,7,sub13,sub01;sub05;sub07;sub08;sub09;sub10;sub11;sub15;sub16;sub17;sub18;sub20;sub22;sub24;sub27;sub28;sub29,sub14,75,0.001462044776417315,3.5670740604400635,0.001,1e-05,1.0,1.0,False,False,multimodal,psd-fc-wpli,gated,cnn,True,finetune,segssl_barlow_all-patient_fc-wpli_finetune_seed13_pre20_proj32_mask0_03_noise0_02_mlp1_0_sup100,True,barlow,fc-wpli,all-patient,True,13,1.0,0.1,32,0.03,0.02
multimodal_psd-fc-wpli_gated_cnn,7,sub13,sub01;sub05;sub07;sub08;sub09;sub10;sub11;sub15;sub16;sub17;sub18;sub20;sub22;sub24;sub27;sub28;sub29,sub14,76,0.0014319464098662138,3.567185878753662,0.001,1e-05,1.0,1.0,False,False,multimodal,psd-fc-wpli,gated,cnn,True,finetune,segssl_barlow_all-patient_fc-wpli_finetune_seed13_pre20_proj32_mask0_03_noise0_02_mlp1_0_sup100,True,barlow,fc-wpli,all-patient,True,13,1.0,0.1,32,0.03,0.02
multimodal_psd-fc-wpli_gated_cnn,7,sub13,sub01;sub05;sub07;sub08;sub09;sub10;sub11;sub15;sub16;sub17;sub18;sub20;sub22;sub24;sub27;sub28;sub29,sub14,77,0.001403395552188158,3.564054012298584,0.001,1e-05,1.0,1.0,False,False,multimodal,psd-fc-wpli,gated,cnn,True,finetune,segssl_barlow_all-patient_fc-wpli_finetune_seed13_pre20_proj32_mask0_03_noise0_02_mlp1_0_sup100,True,barlow,fc-wpli,all-patient,True,13,1.0,0.1,32,0.03,0.02
multimodal_psd-fc-wpli_gated_cnn,7,sub13,sub01;sub05;sub07;sub08;sub09;sub10;sub11;sub15;sub16;sub17;sub18;sub20;sub22;sub24;sub27;sub28;sub29,sub14,78,0.0013763169990852475,3.557992696762085,0.001,1e-05,1.0,1.0,False,False,multimodal,psd-fc-wpli,gated,cnn,True,finetune,segssl_barlow_all-patient_fc-wpli_finetune_seed13_pre20_proj32_mask0_03_noise0_02_mlp1_0_sup100,True,barlow,fc-wpli,all-patient,True,13,1.0,0.1,32,0.03,0.02
multimodal_psd-fc-wpli_gated_cnn,7,sub13,sub01;sub05;sub07;sub08;sub09;sub10;sub11;sub15;sub16;sub17;sub18;sub20;sub22;sub24;sub27;sub28;sub29,sub14,79,0.0013506727991625667,3.548891544342041,0.001,1e-05,1.0,1.0,False,False,multimodal,psd-fc-wpli,gated,cnn,True,finetune,segssl_barlow_all-patient_fc-wpli_finetune_seed13_pre20_proj32_mask0_03_noise0_02_mlp1_0_sup100,True,barlow,fc-wpli,all-patient,True,13,1.0,0.1,32,0.03,0.02
multimodal_psd-fc-wpli_gated_cnn,7,sub13,sub01;sub05;sub07;sub08;sub09;sub10;sub11;sub15;sub16;sub17;sub18;sub20;sub22;sub24;sub27;sub28;sub29,sub14,80,0.0013261981075629592,3.5376152992248535,0.001,1e-05,1.0,1.0,False,False,multimodal,psd-fc-wpli,gated,cnn,True,finetune,segssl_barlow_all-patient_fc-wpli_finetune_seed13_pre20_proj32_mask0_03_noise0_02_mlp1_0_sup100,True,barlow,fc-wpli,all-patient,True,13,1.0,0.1,32,0.03,0.02
multimodal_psd-fc-wpli_gated_cnn,7,sub13,sub01;sub05;sub07;sub08;sub09;sub10;sub11;sub15;sub16;sub17;sub18;sub20;sub22;sub24;sub27;sub28;sub29,sub14,81,0.00130284926854074,3.5238983631134033,0.001,1e-05,1.0,1.0,False,False,multimodal,psd-fc-wpli,gated,cnn,True,finetune,segssl_barlow_all-patient_fc-wpli_finetune_seed13_pre20_proj32_mask0_03_noise0_02_mlp1_0_sup100,True,barlow,fc-wpli,all-patient,True,13,1.0,0.1,32,0.03,0.02
multimodal_psd-fc-wpli_gated_cnn,7,sub13,sub01;sub05;sub07;sub08;sub09;sub10;sub11;sub15;sub16;sub17;sub18;sub20;sub22;sub24;sub27;sub28;sub29,sub14,82,0.0012805003207176924,3.5086114406585693,0.001,1e-05,1.0,1.0,False,False,multimodal,psd-fc-wpli,gated,cnn,True,finetune,segssl_barlow_all-patient_fc-wpli_finetune_seed13_pre20_proj32_mask0_03_noise0_02_mlp1_0_sup100,True,barlow,fc-wpli,all-patient,True,13,1.0,0.1,32,0.03,0.02
multimodal_psd-fc-wpli_gated_cnn,7,sub13,sub01;sub05;sub07;sub08;sub09;sub10;sub11;sub15;sub16;sub17;sub18;sub20;sub22;sub24;sub27;sub28;sub29,sub14,83,0.0012590140104293823,3.4925804138183594,0.001,1e-05,1.0,1.0,False,False,multimodal,psd-fc-wpli,gated,cnn,True,finetune,segssl_barlow_all-patient_fc-wpli_finetune_seed13_pre20_proj32_mask0_03_noise0_02_mlp1_0_sup100,True,barlow,fc-wpli,all-patient,True,13,1.0,0.1,32,0.03,0.02
multimodal_psd-fc-wpli_gated_cnn,7,sub13,sub01;sub05;sub07;sub08;sub09;sub10;sub11;sub15;sub16;sub17;sub18;sub20;sub22;sub24;sub27;sub28;sub29,sub14,84,0.0012383305002003908,3.4756882190704346,0.001,1e-05,1.0,1.0,False,False,multimodal,psd-fc-wpli,gated,cnn,True,finetune,segssl_barlow_all-patient_fc-wpli_finetune_seed13_pre20_proj32_mask0_03_noise0_02_mlp1_0_sup100,True,barlow,fc-wpli,all-patient,True,13,1.0,0.1,32,0.03,0.02
multimodal_psd-fc-wpli_gated_cnn,7,sub13,sub01;sub05;sub07;sub08;sub09;sub10;sub11;sub15;sub16;sub17;sub18;sub20;sub22;sub24;sub27;sub28;sub29,sub14,85,0.0012184855295345187,3.4611363410949707,0.001,1e-05,1.0,1.0,False,False,multimodal,psd-fc-wpli,gated,cnn,True,finetune,segssl_barlow_all-patient_fc-wpli_finetune_seed13_pre20_proj32_mask0_03_noise0_02_mlp1_0_sup100,True,barlow,fc-wpli,all-patient,True,13,1.0,0.1,32,0.03,0.02
multimodal_psd-fc-wpli_gated_cnn,7,sub13,sub01;sub05;sub07;sub08;sub09;sub10;sub11;sub15;sub16;sub17;sub18;sub20;sub22;sub24;sub27;sub28;sub29,sub14,86,0.0011994262458756566,3.4490699768066406,0.001,1e-05,1.0,1.0,False,False,multimodal,psd-fc-wpli,gated,cnn,True,finetune,segssl_barlow_all-patient_fc-wpli_finetune_seed13_pre20_proj32_mask0_03_noise0_02_mlp1_0_sup100,True,barlow,fc-wpli,all-patient,True,13,1.0,0.1,32,0.03,0.02
multimodal_psd-fc-wpli_gated_cnn,7,sub13,sub01;sub05;sub07;sub08;sub09;sub10;sub11;sub15;sub16;sub17;sub18;sub20;sub22;sub24;sub27;sub28;sub29,sub14,87,0.0011810013093054295,3.4401192665100098,0.001,1e-05,1.0,1.0,False,False,multimodal,psd-fc-wpli,gated,cnn,True,finetune,segssl_barlow_all-patient_fc-wpli_finetune_seed13_pre20_proj32_mask0_03_noise0_02_mlp1_0_sup100,True,barlow,fc-wpli,all-patient,True,13,1.0,0.1,32,0.03,0.02
multimodal_psd-fc-wpli_gated_cnn,7,sub13,sub01;sub05;sub07;sub08;sub09;sub10;sub11;sub15;sub16;sub17;sub18;sub20;sub22;sub24;sub27;sub28;sub29,sub14,88,0.0011632569367066026,3.4346351623535156,0.001,1e-05,1.0,1.0,False,False,multimodal,psd-fc-wpli,gated,cnn,True,finetune,segssl_barlow_all-patient_fc-wpli_finetune_seed13_pre20_proj32_mask0_03_noise0_02_mlp1_0_sup100,True,barlow,fc-wpli,all-patient,True,13,1.0,0.1,32,0.03,0.02
multimodal_psd-fc-wpli_gated_cnn,7,sub13,sub01;sub05;sub07;sub08;sub09;sub10;sub11;sub15;sub16;sub17;sub18;sub20;sub22;sub24;sub27;sub28;sub29,sub14,89,0.0011460842797532678,3.4341304302215576,0.001,1e-05,1.0,1.0,False,False,multimodal,psd-fc-wpli,gated,cnn,True,finetune,segssl_barlow_all-patient_fc-wpli_finetune_seed13_pre20_proj32_mask0_03_noise0_02_mlp1_0_sup100,True,barlow,fc-wpli,all-patient,True,13,1.0,0.1,32,0.03,0.02
multimodal_psd-fc-wpli_gated_cnn,7,sub13,sub01;sub05;sub07;sub08;sub09;sub10;sub11;sub15;sub16;sub17;sub18;sub20;sub22;sub24;sub27;sub28;sub29,sub14,90,0.0011294480646029115,3.437709093093872,0.001,1e-05,1.0,1.0,False,False,multimodal,psd-fc-wpli,gated,cnn,True,finetune,segssl_barlow_all-patient_fc-wpli_finetune_seed13_pre20_proj32_mask0_03_noise0_02_mlp1_0_sup100,True,barlow,fc-wpli,all-patient,True,13,1.0,0.1,32,0.03,0.02
multimodal_psd-fc-wpli_gated_cnn,7,sub13,sub01;sub05;sub07;sub08;sub09;sub10;sub11;sub15;sub16;sub17;sub18;sub20;sub22;sub24;sub27;sub28;sub29,sub14,91,0.0011133091757073998,3.44600772857666,0.001,1e-05,1.0,1.0,False,False,multimodal,psd-fc-wpli,gated,cnn,True,finetune,segssl_barlow_all-patient_fc-wpli_finetune_seed13_pre20_proj32_mask0_03_noise0_02_mlp1_0_sup100,True,barlow,fc-wpli,all-patient,True,13,1.0,0.1,32,0.03,0.02
multimodal_psd-fc-wpli_gated_cnn,7,sub13,sub01;sub05;sub07;sub08;sub09;sub10;sub11;sub15;sub16;sub17;sub18;sub20;sub22;sub24;sub27;sub28;sub29,sub14,92,0.0010976054472848773,3.4575035572052,0.001,1e-05,1.0,1.0,False,False,multimodal,psd-fc-wpli,gated,cnn,True,finetune,segssl_barlow_all-patient_fc-wpli_finetune_seed13_pre20_proj32_mask0_03_noise0_02_mlp1_0_sup100,True,barlow,fc-wpli,all-patient,True,13,1.0,0.1,32,0.03,0.02
multimodal_psd-fc-wpli_gated_cnn,7,sub13,sub01;sub05;sub07;sub08;sub09;sub10;sub11;sub15;sub16;sub17;sub18;sub20;sub22;sub24;sub27;sub28;sub29,sub14,93,0.001082339440472424,3.471226930618286,0.001,1e-05,1.0,1.0,False,False,multimodal,psd-fc-wpli,gated,cnn,True,finetune,segssl_barlow_all-patient_fc-wpli_finetune_seed13_pre20_proj32_mask0_03_noise0_02_mlp1_0_sup100,True,barlow,fc-wpli,all-patient,True,13,1.0,0.1,32,0.03,0.02
multimodal_psd-fc-wpli_gated_cnn,7,sub13,sub01;sub05;sub07;sub08;sub09;sub10;sub11;sub15;sub16;sub17;sub18;sub20;sub22;sub24;sub27;sub28;sub29,sub14,94,0.0010674610966816545,3.4847662448883057,0.001,1e-05,1.0,1.0,False,False,multimodal,psd-fc-wpli,gated,cnn,True,finetune,segssl_barlow_all-patient_fc-wpli_finetune_seed13_pre20_proj32_mask0_03_noise0_02_mlp1_0_sup100,True,barlow,fc-wpli,all-patient,True,13,1.0,0.1,32,0.03,0.02
multimodal_psd-fc-wpli_gated_cnn,7,sub13,sub01;sub05;sub07;sub08;sub09;sub10;sub11;sub15;sub16;sub17;sub18;sub20;sub22;sub24;sub27;sub28;sub29,sub14,95,0.0010530074359849095,3.4979631900787354,0.001,1e-05,1.0,1.0,False,False,multimodal,psd-fc-wpli,gated,cnn,True,finetune,segssl_barlow_all-patient_fc-wpli_finetune_seed13_pre20_proj32_mask0_03_noise0_02_mlp1_0_sup100,True,barlow,fc-wpli,all-patient,True,13,1.0,0.1,32,0.03,0.02
multimodal_psd-fc-wpli_gated_cnn,7,sub13,sub01;sub05;sub07;sub08;sub09;sub10;sub11;sub15;sub16;sub17;sub18;sub20;sub22;sub24;sub27;sub28;sub29,sub14,96,0.0010389141971245408,3.510606288909912,0.001,1e-05,1.0,1.0,False,False,multimodal,psd-fc-wpli,gated,cnn,True,finetune,segssl_barlow_all-patient_fc-wpli_finetune_seed13_pre20_proj32_mask0_03_noise0_02_mlp1_0_sup100,True,barlow,fc-wpli,all-patient,True,13,1.0,0.1,32,0.03,0.02
multimodal_psd-fc-wpli_gated_cnn,7,sub13,sub01;sub05;sub07;sub08;sub09;sub10;sub11;sub15;sub16;sub17;sub18;sub20;sub22;sub24;sub27;sub28;sub29,sub14,97,0.0010251383064314723,3.5226073265075684,0.001,1e-05,1.0,1.0,False,False,multimodal,psd-fc-wpli,gated,cnn,True,finetune,segssl_barlow_all-patient_fc-wpli_finetune_seed13_pre20_proj32_mask0_03_noise0_02_mlp1_0_sup100,True,barlow,fc-wpli,all-patient,True,13,1.0,0.1,32,0.03,0.02
multimodal_psd-fc-wpli_gated_cnn,7,sub13,sub01;sub05;sub07;sub08;sub09;sub10;sub11;sub15;sub16;sub17;sub18;sub20;sub22;sub24;sub27;sub28;sub29,sub14,98,0.001011706655845046,3.5339860916137695,0.001,1e-05,1.0,1.0,False,False,multimodal,psd-fc-wpli,gated,cnn,True,finetune,segssl_barlow_all-patient_fc-wpli_finetune_seed13_pre20_proj32_mask0_03_noise0_02_mlp1_0_sup100,True,barlow,fc-wpli,all-patient,True,13,1.0,0.1,32,0.03,0.02
multimodal_psd-fc-wpli_gated_cnn,7,sub13,sub01;sub05;sub07;sub08;sub09;sub10;sub11;sub15;sub16;sub17;sub18;sub20;sub22;sub24;sub27;sub28;sub29,sub14,99,0.0009985864162445068,3.5437064170837402,0.001,1e-05,1.0,1.0,False,False,multimodal,psd-fc-wpli,gated,cnn,True,finetune,segssl_barlow_all-patient_fc-wpli_finetune_seed13_pre20_proj32_mask0_03_noise0_02_mlp1_0_sup100,True,barlow,fc-wpli,all-patient,True,13,1.0,0.1,32,0.03,0.02
multimodal_psd-fc-wpli_gated_cnn,7,sub13,sub01;sub05;sub07;sub08;sub09;sub10;sub11;sub15;sub16;sub17;sub18;sub20;sub22;sub24;sub27;sub28;sub29,sub14,100,0.000985766644589603,3.5519118309020996,0.001,1e-05,1.0,1.0,False,False,multimodal,psd-fc-wpli,gated,cnn,True,finetune,segssl_barlow_all-patient_fc-wpli_finetune_seed13_pre20_proj32_mask0_03_noise0_02_mlp1_0_sup100,True,barlow,fc-wpli,all-patient,True,13,1.0,0.1,32,0.03,0.02
multimodal_psd-fc-wpli_gated_cnn,8,sub14,sub01;sub05;sub07;sub08;sub09;sub10;sub11;sub13;sub16;sub17;sub18;sub20;sub22;sub24;sub27;sub28;sub29,sub15,1,0.7044508457183838,0.7868359088897705,0.002,1e-05,1.0,1.0,True,False,multimodal,psd-fc-wpli,gated,cnn,True,finetune,segssl_barlow_all-patient_fc-wpli_finetune_seed13_pre20_proj32_mask0_03_noise0_02_mlp1_0_sup100,True,barlow,fc-wpli,all-patient,True,13,1.0,0.1,32,0.03,0.02
multimodal_psd-fc-wpli_gated_cnn,8,sub14,sub01;sub05;sub07;sub08;sub09;sub10;sub11;sub13;sub16;sub17;sub18;sub20;sub22;sub24;sub27;sub28;sub29,sub15,2,0.6927639245986938,0.7816821336746216,0.002,1e-05,1.0,1.0,True,False,multimodal,psd-fc-wpli,gated,cnn,True,finetune,segssl_barlow_all-patient_fc-wpli_finetune_seed13_pre20_proj32_mask0_03_noise0_02_mlp1_0_sup100,True,barlow,fc-wpli,all-patient,True,13,1.0,0.1,32,0.03,0.02
multimodal_psd-fc-wpli_gated_cnn,8,sub14,sub01;sub05;sub07;sub08;sub09;sub10;sub11;sub13;sub16;sub17;sub18;sub20;sub22;sub24;sub27;sub28;sub29,sub15,3,0.682239830493927,0.775123119354248,0.002,1e-05,1.0,1.0,True,False,multimodal,psd-fc-wpli,gated,cnn,True,finetune,segssl_barlow_all-patient_fc-wpli_finetune_seed13_pre20_proj32_mask0_03_noise0_02_mlp1_0_sup100,True,barlow,fc-wpli,all-patient,True,13,1.0,0.1,32,0.03,0.02
multimodal_psd-fc-wpli_gated_cnn,8,sub14,sub01;sub05;sub07;sub08;sub09;sub10;sub11;sub13;sub16;sub17;sub18;sub20;sub22;sub24;sub27;sub28;sub29,sub15,4,0.6719786524772644,0.7656242251396179,0.002,1e-05,1.0,1.0,True,False,multimodal,psd-fc-wpli,gated,cnn,True,finetune,segssl_barlow_all-patient_fc-wpli_finetune_seed13_pre20_proj32_mask0_03_noise0_02_mlp1_0_sup100,True,barlow,fc-wpli,all-patient,True,13,1.0,0.1,32,0.03,0.02
multimodal_psd-fc-wpli_gated_cnn,8,sub14,sub01;sub05;sub07;sub08;sub09;sub10;sub11;sub13;sub16;sub17;sub18;sub20;sub22;sub24;sub27;sub28;sub29,sub15,5,0.6618689894676208,0.7552551031112671,0.002,1e-05,1.0,1.0,True,False,multimodal,psd-fc-wpli,gated,cnn,True,finetune,segssl_barlow_all-patient_fc-wpli_finetune_seed13_pre20_proj32_mask0_03_noise0_02_mlp1_0_sup100,True,barlow,fc-wpli,all-patient,True,13,1.0,0.1,32,0.03,0.02
multimodal_psd-fc-wpli_gated_cnn,8,sub14,sub01;sub05;sub07;sub08;sub09;sub10;sub11;sub13;sub16;sub17;sub18;sub20;sub22;sub24;sub27;sub28;sub29,sub15,6,0.6514403820037842,0.7441514730453491,0.002,1e-05,1.0,1.0,True,False,multimodal,psd-fc-wpli,gated,cnn,True,finetune,segssl_barlow_all-patient_fc-wpli_finetune_seed13_pre20_proj32_mask0_03_noise0_02_mlp1_0_sup100,True,barlow,fc-wpli,all-patient,True,13,1.0,0.1,32,0.03,0.02
multimodal_psd-fc-wpli_gated_cnn,8,sub14,sub01;sub05;sub07;sub08;sub09;sub10;sub11;sub13;sub16;sub17;sub18;sub20;sub22;sub24;sub27;sub28;sub29,sub15,7,0.6404948830604553,0.7327151298522949,0.002,1e-05,1.0,1.0,True,False,multimodal,psd-fc-wpli,gated,cnn,True,finetune,segssl_barlow_all-patient_fc-wpli_finetune_seed13_pre20_proj32_mask0_03_noise0_02_mlp1_0_sup100,True,barlow,fc-wpli,all-patient,True,13,1.0,0.1,32,0.03,0.02
multimodal_psd-fc-wpli_gated_cnn,8,sub14,sub01;sub05;sub07;sub08;sub09;sub10;sub11;sub13;sub16;sub17;sub18;sub20;sub22;sub24;sub27;sub28;sub29,sub15,8,0.6291824579238892,0.7229956388473511,0.002,1e-05,1.0,1.0,True,False,multimodal,psd-fc-wpli,gated,cnn,True,finetune,segssl_barlow_all-patient_fc-wpli_finetune_seed13_pre20_proj32_mask0_03_noise0_02_mlp1_0_sup100,True,barlow,fc-wpli,all-patient,True,13,1.0,0.1,32,0.03,0.02
multimodal_psd-fc-wpli_gated_cnn,8,sub14,sub01;sub05;sub07;sub08;sub09;sub10;sub11;sub13;sub16;sub17;sub18;sub20;sub22;sub24;sub27;sub28;sub29,sub15,9,0.617158055305481,0.7128492593765259,0.002,1e-05,1.0,1.0,True,False,multimodal,psd-fc-wpli,gated,cnn,True,finetune,segssl_barlow_all-patient_fc-wpli_finetune_seed13_pre20_proj32_mask0_03_noise0_02_mlp1_0_sup100,True,barlow,fc-wpli,all-patient,True,13,1.0,0.1,32,0.03,0.02
multimodal_psd-fc-wpli_gated_cnn,8,sub14,sub01;sub05;sub07;sub08;sub09;sub10;sub11;sub13;sub16;sub17;sub18;sub20;sub22;sub24;sub27;sub28;sub29,sub15,10,0.6044918894767761,0.7020377516746521,0.002,1e-05,1.0,1.0,True,False,multimodal,psd-fc-wpli,gated,cnn,True,finetune,segssl_barlow_all-patient_fc-wpli_finetune_seed13_pre20_proj32_mask0_03_noise0_02_mlp1_0_sup100,True,barlow,fc-wpli,all-patient,True,13,1.0,0.1,32,0.03,0.02
multimodal_psd-fc-wpli_gated_cnn,8,sub14,sub01;sub05;sub07;sub08;sub09;sub10;sub11;sub13;sub16;sub17;sub18;sub20;sub22;sub24;sub27;sub28;sub29,sub15,11,0.5908909440040588,0.6915832161903381,0.002,1e-05,1.0,1.0,True,False,multimodal,psd-fc-wpli,gated,cnn,True,finetune,segssl_barlow_all-patient_fc-wpli_finetune_seed13_pre20_proj32_mask0_03_noise0_02_mlp1_0_sup100,True,barlow,fc-wpli,all-patient,True,13,1.0,0.1,32,0.03,0.02
multimodal_psd-fc-wpli_gated_cnn,8,sub14,sub01;sub05;sub07;sub08;sub09;sub10;sub11;sub13;sub16;sub17;sub18;sub20;sub22;sub24;sub27;sub28;sub29,sub15,12,0.5762408971786499,0.6814965605735779,0.002,1e-05,1.0,1.0,True,False,multimodal,psd-fc-wpli,gated,cnn,True,finetune,segssl_barlow_all-patient_fc-wpli_finetune_seed13_pre20_proj32_mask0_03_noise0_02_mlp1_0_sup100,True,barlow,fc-wpli,all-patient,True,13,1.0,0.1,32,0.03,0.02
multimodal_psd-fc-wpli_gated_cnn,8,sub14,sub01;sub05;sub07;sub08;sub09;sub10;sub11;sub13;sub16;sub17;sub18;sub20;sub22;sub24;sub27;sub28;sub29,sub15,13,0.5604985356330872,0.6713164448738098,0.002,1e-05,1.0,1.0,True,False,multimodal,psd-fc-wpli,gated,cnn,True,finetune,segssl_barlow_all-patient_fc-wpli_finetune_seed13_pre20_proj32_mask0_03_noise0_02_mlp1_0_sup100,True,barlow,fc-wpli,all-patient,True,13,1.0,0.1,32,0.03,0.02
multimodal_psd-fc-wpli_gated_cnn,8,sub14,sub01;sub05;sub07;sub08;sub09;sub10;sub11;sub13;sub16;sub17;sub18;sub20;sub22;sub24;sub27;sub28;sub29,sub15,14,0.5436943173408508,0.6605891585350037,0.002,1e-05,1.0,1.0,True,False,multimodal,psd-fc-wpli,gated,cnn,True,finetune,segssl_barlow_all-patient_fc-wpli_finetune_seed13_pre20_proj32_mask0_03_noise0_02_mlp1_0_sup100,True,barlow,fc-wpli,all-patient,True,13,1.0,0.1,32,0.03,0.02
multimodal_psd-fc-wpli_gated_cnn,8,sub14,sub01;sub05;sub07;sub08;sub09;sub10;sub11;sub13;sub16;sub17;sub18;sub20;sub22;sub24;sub27;sub28;sub29,sub15,15,0.525799036026001,0.648131787776947,0.002,1e-05,1.0,1.0,True,False,multimodal,psd-fc-wpli,gated,cnn,True,finetune,segssl_barlow_all-patient_fc-wpli_finetune_seed13_pre20_proj32_mask0_03_noise0_02_mlp1_0_sup100,True,barlow,fc-wpli,all-patient,True,13,1.0,0.1,32,0.03,0.02
multimodal_psd-fc-wpli_gated_cnn,8,sub14,sub01;sub05;sub07;sub08;sub09;sub10;sub11;sub13;sub16;sub17;sub18;sub20;sub22;sub24;sub27;sub28;sub29,sub15,16,0.5069312453269958,0.6329666376113892,0.002,1e-05,1.0,1.0,True,False,multimodal,psd-fc-wpli,gated,cnn,True,finetune,segssl_barlow_all-patient_fc-wpli_finetune_seed13_pre20_proj32_mask0_03_noise0_02_mlp1_0_sup100,True,barlow,fc-wpli,all-patient,True,13,1.0,0.1,32,0.03,0.02
multimodal_psd-fc-wpli_gated_cnn,8,sub14,sub01;sub05;sub07;sub08;sub09;sub10;sub11;sub13;sub16;sub17;sub18;sub20;sub22;sub24;sub27;sub28;sub29,sub15,17,0.4869718551635742,0.6148779988288879,0.002,1e-05,1.0,1.0,True,False,multimodal,psd-fc-wpli,gated,cnn,True,finetune,segssl_barlow_all-patient_fc-wpli_finetune_seed13_pre20_proj32_mask0_03_noise0_02_mlp1_0_sup100,True,barlow,fc-wpli,all-patient,True,13,1.0,0.1,32,0.03,0.02
multimodal_psd-fc-wpli_gated_cnn,8,sub14,sub01;sub05;sub07;sub08;sub09;sub10;sub11;sub13;sub16;sub17;sub18;sub20;sub22;sub24;sub27;sub28;sub29,sub15,18,0.4658803343772888,0.5945330858230591,0.002,1e-05,1.0,1.0,True,False,multimodal,psd-fc-wpli,gated,cnn,True,finetune,segssl_barlow_all-patient_fc-wpli_finetune_seed13_pre20_proj32_mask0_03_noise0_02_mlp1_0_sup100,True,barlow,fc-wpli,all-patient,True,13,1.0,0.1,32,0.03,0.02
multimodal_psd-fc-wpli_gated_cnn,8,sub14,sub01;sub05;sub07;sub08;sub09;sub10;sub11;sub13;sub16;sub17;sub18;sub20;sub22;sub24;sub27;sub28;sub29,sub15,19,0.4434319734573364,0.5738993287086487,0.002,1e-05,1.0,1.0,True,False,multimodal,psd-fc-wpli,gated,cnn,True,finetune,segssl_barlow_all-patient_fc-wpli_finetune_seed13_pre20_proj32_mask0_03_noise0_02_mlp1_0_sup100,True,barlow,fc-wpli,all-patient,True,13,1.0,0.1,32,0.03,0.02
multimodal_psd-fc-wpli_gated_cnn,8,sub14,sub01;sub05;sub07;sub08;sub09;sub10;sub11;sub13;sub16;sub17;sub18;sub20;sub22;sub24;sub27;sub28;sub29,sub15,20,0.41953736543655396,0.551184892654419,0.002,1e-05,1.0,1.0,True,False,multimodal,psd-fc-wpli,gated,cnn,True,finetune,segssl_barlow_all-patient_fc-wpli_finetune_seed13_pre20_proj32_mask0_03_noise0_02_mlp1_0_sup100,True,barlow,fc-wpli,all-patient,True,13,1.0,0.1,32,0.03,0.02
multimodal_psd-fc-wpli_gated_cnn,8,sub14,sub01;sub05;sub07;sub08;sub09;sub10;sub11;sub13;sub16;sub17;sub18;sub20;sub22;sub24;sub27;sub28;sub29,sub15,21,0.39420491456985474,0.5272761583328247,0.002,1e-05,1.0,1.0,True,False,multimodal,psd-fc-wpli,gated,cnn,True,finetune,segssl_barlow_all-patient_fc-wpli_finetune_seed13_pre20_proj32_mask0_03_noise0_02_mlp1_0_sup100,True,barlow,fc-wpli,all-patient,True,13,1.0,0.1,32,0.03,0.02
multimodal_psd-fc-wpli_gated_cnn,8,sub14,sub01;sub05;sub07;sub08;sub09;sub10;sub11;sub13;sub16;sub17;sub18;sub20;sub22;sub24;sub27;sub28;sub29,sub15,22,0.36774635314941406,0.5024983882904053,0.002,1e-05,1.0,1.0,True,False,multimodal,psd-fc-wpli,gated,cnn,True,finetune,segssl_barlow_all-patient_fc-wpli_finetune_seed13_pre20_proj32_mask0_03_noise0_02_mlp1_0_sup100,True,barlow,fc-wpli,all-patient,True,13,1.0,0.1,32,0.03,0.02
multimodal_psd-fc-wpli_gated_cnn,8,sub14,sub01;sub05;sub07;sub08;sub09;sub10;sub11;sub13;sub16;sub17;sub18;sub20;sub22;sub24;sub27;sub28;sub29,sub15,23,0.34013864398002625,0.4768693745136261,0.002,1e-05,1.0,1.0,True,False,multimodal,psd-fc-wpli,gated,cnn,True,finetune,segssl_barlow_all-patient_fc-wpli_finetune_seed13_pre20_proj32_mask0_03_noise0_02_mlp1_0_sup100,True,barlow,fc-wpli,all-patient,True,13,1.0,0.1,32,0.03,0.02
multimodal_psd-fc-wpli_gated_cnn,8,sub14,sub01;sub05;sub07;sub08;sub09;sub10;sub11;sub13;sub16;sub17;sub18;sub20;sub22;sub24;sub27;sub28;sub29,sub15,24,0.3118976652622223,0.44859060645103455,0.002,1e-05,1.0,1.0,True,False,multimodal,psd-fc-wpli,gated,cnn,True,finetune,segssl_barlow_all-patient_fc-wpli_finetune_seed13_pre20_proj32_mask0_03_noise0_02_mlp1_0_sup100,True,barlow,fc-wpli,all-patient,True,13,1.0,0.1,32,0.03,0.02
multimodal_psd-fc-wpli_gated_cnn,8,sub14,sub01;sub05;sub07;sub08;sub09;sub10;sub11;sub13;sub16;sub17;sub18;sub20;sub22;sub24;sub27;sub28;sub29,sub15,25,0.28289833664894104,0.4196895658969879,0.002,1e-05,1.0,1.0,True,False,multimodal,psd-fc-wpli,gated,cnn,True,finetune,segssl_barlow_all-patient_fc-wpli_finetune_seed13_pre20_proj32_mask0_03_noise0_02_mlp1_0_sup100,True,barlow,fc-wpli,all-patient,True,13,1.0,0.1,32,0.03,0.02
multimodal_psd-fc-wpli_gated_cnn,8,sub14,sub01;sub05;sub07;sub08;sub09;sub10;sub11;sub13;sub16;sub17;sub18;sub20;sub22;sub24;sub27;sub28;sub29,sub15,26,0.2539403438568115,0.39309653639793396,0.002,1e-05,1.0,1.0,True,False,multimodal,psd-fc-wpli,gated,cnn,True,finetune,segssl_barlow_all-patient_fc-wpli_finetune_seed13_pre20_proj32_mask0_03_noise0_02_mlp1_0_sup100,True,barlow,fc-wpli,all-patient,True,13,1.0,0.1,32,0.03,0.02
multimodal_psd-fc-wpli_gated_cnn,8,sub14,sub01;sub05;sub07;sub08;sub09;sub10;sub11;sub13;sub16;sub17;sub18;sub20;sub22;sub24;sub27;sub28;sub29,sub15,27,0.22540749609470367,0.3680014908313751,0.002,1e-05,1.0,1.0,True,False,multimodal,psd-fc-wpli,gated,cnn,True,finetune,segssl_barlow_all-patient_fc-wpli_finetune_seed13_pre20_proj32_mask0_03_noise0_02_mlp1_0_sup100,True,barlow,fc-wpli,all-patient,True,13,1.0,0.1,32,0.03,0.02
multimodal_psd-fc-wpli_gated_cnn,8,sub14,sub01;sub05;sub07;sub08;sub09;sub10;sub11;sub13;sub16;sub17;sub18;sub20;sub22;sub24;sub27;sub28;sub29,sub15,28,0.19807176291942596,0.3454599380493164,0.002,1e-05,1.0,1.0,True,False,multimodal,psd-fc-wpli,gated,cnn,True,finetune,segssl_barlow_all-patient_fc-wpli_finetune_seed13_pre20_proj32_mask0_03_noise0_02_mlp1_0_sup100,True,barlow,fc-wpli,all-patient,True,13,1.0,0.1,32,0.03,0.02
multimodal_psd-fc-wpli_gated_cnn,8,sub14,sub01;sub05;sub07;sub08;sub09;sub10;sub11;sub13;sub16;sub17;sub18;sub20;sub22;sub24;sub27;sub28;sub29,sub15,29,0.17221187055110931,0.32397136092185974,0.002,1e-05,1.0,1.0,True,False,multimodal,psd-fc-wpli,gated,cnn,True,finetune,segssl_barlow_all-patient_fc-wpli_finetune_seed13_pre20_proj32_mask0_03_noise0_02_mlp1_0_sup100,True,barlow,fc-wpli,all-patient,True,13,1.0,0.1,32,0.03,0.02
multimodal_psd-fc-wpli_gated_cnn,8,sub14,sub01;sub05;sub07;sub08;sub09;sub10;sub11;sub13;sub16;sub17;sub18;sub20;sub22;sub24;sub27;sub28;sub29,sub15,30,0.14816159009933472,0.3025290369987488,0.002,1e-05,1.0,1.0,True,False,multimodal,psd-fc-wpli,gated,cnn,True,finetune,segssl_barlow_all-patient_fc-wpli_finetune_seed13_pre20_proj32_mask0_03_noise0_02_mlp1_0_sup100,True,barlow,fc-wpli,all-patient,True,13,1.0,0.1,32,0.03,0.02
multimodal_psd-fc-wpli_gated_cnn,8,sub14,sub01;sub05;sub07;sub08;sub09;sub10;sub11;sub13;sub16;sub17;sub18;sub20;sub22;sub24;sub27;sub28;sub29,sub15,31,0.12612037360668182,0.28096500039100647,0.002,1e-05,1.0,1.0,True,False,multimodal,psd-fc-wpli,gated,cnn,True,finetune,segssl_barlow_all-patient_fc-wpli_finetune_seed13_pre20_proj32_mask0_03_noise0_02_mlp1_0_sup100,True,barlow,fc-wpli,all-patient,True,13,1.0,0.1,32,0.03,0.02
multimodal_psd-fc-wpli_gated_cnn,8,sub14,sub01;sub05;sub07;sub08;sub09;sub10;sub11;sub13;sub16;sub17;sub18;sub20;sub22;sub24;sub27;sub28;sub29,sub15,32,0.10628744959831238,0.2611115574836731,0.002,1e-05,1.0,1.0,True,False,multimodal,psd-fc-wpli,gated,cnn,True,finetune,segssl_barlow_all-patient_fc-wpli_finetune_seed13_pre20_proj32_mask0_03_noise0_02_mlp1_0_sup100,True,barlow,fc-wpli,all-patient,True,13,1.0,0.1,32,0.03,0.02
multimodal_psd-fc-wpli_gated_cnn,8,sub14,sub01;sub05;sub07;sub08;sub09;sub10;sub11;sub13;sub16;sub17;sub18;sub20;sub22;sub24;sub27;sub28;sub29,sub15,33,0.08872997015714645,0.2439269870519638,0.002,1e-05,1.0,1.0,True,False,multimodal,psd-fc-wpli,gated,cnn,True,finetune,segssl_barlow_all-patient_fc-wpli_finetune_seed13_pre20_proj32_mask0_03_noise0_02_mlp1_0_sup100,True,barlow,fc-wpli,all-patient,True,13,1.0,0.1,32,0.03,0.02
multimodal_psd-fc-wpli_gated_cnn,8,sub14,sub01;sub05;sub07;sub08;sub09;sub10;sub11;sub13;sub16;sub17;sub18;sub20;sub22;sub24;sub27;sub28;sub29,sub15,34,0.0734170600771904,0.2305484563112259,0.002,1e-05,1.0,1.0,True,False,multimodal,psd-fc-wpli,gated,cnn,True,finetune,segssl_barlow_all-patient_fc-wpli_finetune_seed13_pre20_proj32_mask0_03_noise0_02_mlp1_0_sup100,True,barlow,fc-wpli,all-patient,True,13,1.0,0.1,32,0.03,0.02
multimodal_psd-fc-wpli_gated_cnn,8,sub14,sub01;sub05;sub07;sub08;sub09;sub10;sub11;sub13;sub16;sub17;sub18;sub20;sub22;sub24;sub27;sub28;sub29,sub15,35,0.06029694154858589,0.22014708817005157,0.002,1e-05,1.0,1.0,True,False,multimodal,psd-fc-wpli,gated,cnn,True,finetune,segssl_barlow_all-patient_fc-wpli_finetune_seed13_pre20_proj32_mask0_03_noise0_02_mlp1_0_sup100,True,barlow,fc-wpli,all-patient,True,13,1.0,0.1,32,0.03,0.02
multimodal_psd-fc-wpli_gated_cnn,8,sub14,sub01;sub05;sub07;sub08;sub09;sub10;sub11;sub13;sub16;sub17;sub18;sub20;sub22;sub24;sub27;sub28;sub29,sub15,36,0.04921819269657135,0.21115998923778534,0.002,1e-05,1.0,1.0,True,False,multimodal,psd-fc-wpli,gated,cnn,True,finetune,segssl_barlow_all-patient_fc-wpli_finetune_seed13_pre20_proj32_mask0_03_noise0_02_mlp1_0_sup100,True,barlow,fc-wpli,all-patient,True,13,1.0,0.1,32,0.03,0.02
multimodal_psd-fc-wpli_gated_cnn,8,sub14,sub01;sub05;sub07;sub08;sub09;sub10;sub11;sub13;sub16;sub17;sub18;sub20;sub22;sub24;sub27;sub28;sub29,sub15,37,0.040012478828430176,0.20117706060409546,0.002,1e-05,1.0,1.0,True,False,multimodal,psd-fc-wpli,gated,cnn,True,finetune,segssl_barlow_all-patient_fc-wpli_finetune_seed13_pre20_proj32_mask0_03_noise0_02_mlp1_0_sup100,True,barlow,fc-wpli,all-patient,True,13,1.0,0.1,32,0.03,0.02
multimodal_psd-fc-wpli_gated_cnn,8,sub14,sub01;sub05;sub07;sub08;sub09;sub10;sub11;sub13;sub16;sub17;sub18;sub20;sub22;sub24;sub27;sub28;sub29,sub15,38,0.032505836337804794,0.18826690316200256,0.002,1e-05,1.0,1.0,True,False,multimodal,psd-fc-wpli,gated,cnn,True,finetune,segssl_barlow_all-patient_fc-wpli_finetune_seed13_pre20_proj32_mask0_03_noise0_02_mlp1_0_sup100,True,barlow,fc-wpli,all-patient,True,13,1.0,0.1,32,0.03,0.02
multimodal_psd-fc-wpli_gated_cnn,8,sub14,sub01;sub05;sub07;sub08;sub09;sub10;sub11;sub13;sub16;sub17;sub18;sub20;sub22;sub24;sub27;sub28;sub29,sub15,39,0.026417510583996773,0.17245277762413025,0.002,1e-05,1.0,1.0,True,False,multimodal,psd-fc-wpli,gated,cnn,True,finetune,segssl_barlow_all-patient_fc-wpli_finetune_seed13_pre20_proj32_mask0_03_noise0_02_mlp1_0_sup100,True,barlow,fc-wpli,all-patient,True,13,1.0,0.1,32,0.03,0.02
multimodal_psd-fc-wpli_gated_cnn,8,sub14,sub01;sub05;sub07;sub08;sub09;sub10;sub11;sub13;sub16;sub17;sub18;sub20;sub22;sub24;sub27;sub28;sub29,sub15,40,0.021504759788513184,0.15629155933856964,0.002,1e-05,1.0,1.0,True,False,multimodal,psd-fc-wpli,gated,cnn,True,finetune,segssl_barlow_all-patient_fc-wpli_finetune_seed13_pre20_proj32_mask0_03_noise0_02_mlp1_0_sup100,True,barlow,fc-wpli,all-patient,True,13,1.0,0.1,32,0.03,0.02
multimodal_psd-fc-wpli_gated_cnn,8,sub14,sub01;sub05;sub07;sub08;sub09;sub10;sub11;sub13;sub16;sub17;sub18;sub20;sub22;sub24;sub27;sub28;sub29,sub15,41,0.017558304592967033,0.1412985622882843,0.002,1e-05,1.0,1.0,True,False,multimodal,psd-fc-wpli,gated,cnn,True,finetune,segssl_barlow_all-patient_fc-wpli_finetune_seed13_pre20_proj32_mask0_03_noise0_02_mlp1_0_sup100,True,barlow,fc-wpli,all-patient,True,13,1.0,0.1,32,0.03,0.02
multimodal_psd-fc-wpli_gated_cnn,8,sub14,sub01;sub05;sub07;sub08;sub09;sub10;sub11;sub13;sub16;sub17;sub18;sub20;sub22;sub24;sub27;sub28;sub29,sub15,42,0.014417137950658798,0.12937785685062408,0.002,1e-05,1.0,1.0,True,False,multimodal,psd-fc-wpli,gated,cnn,True,finetune,segssl_barlow_all-patient_fc-wpli_finetune_seed13_pre20_proj32_mask0_03_noise0_02_mlp1_0_sup100,True,barlow,fc-wpli,all-patient,True,13,1.0,0.1,32,0.03,0.02
multimodal_psd-fc-wpli_gated_cnn,8,sub14,sub01;sub05;sub07;sub08;sub09;sub10;sub11;sub13;sub16;sub17;sub18;sub20;sub22;sub24;sub27;sub28;sub29,sub15,43,0.011901834979653358,0.12021156400442123,0.002,1e-05,1.0,1.0,True,False,multimodal,psd-fc-wpli,gated,cnn,True,finetune,segssl_barlow_all-patient_fc-wpli_finetune_seed13_pre20_proj32_mask0_03_noise0_02_mlp1_0_sup100,True,barlow,fc-wpli,all-patient,True,13,1.0,0.1,32,0.03,0.02
multimodal_psd-fc-wpli_gated_cnn,8,sub14,sub01;sub05;sub07;sub08;sub09;sub10;sub11;sub13;sub16;sub17;sub18;sub20;sub22;sub24;sub27;sub28;sub29,sub15,44,0.009891399182379246,0.11279324442148209,0.002,1e-05,1.0,1.0,True,False,multimodal,psd-fc-wpli,gated,cnn,True,finetune,segssl_barlow_all-patient_fc-wpli_finetune_seed13_pre20_proj32_mask0_03_noise0_02_mlp1_0_sup100,True,barlow,fc-wpli,all-patient,True,13,1.0,0.1,32,0.03,0.02
multimodal_psd-fc-wpli_gated_cnn,8,sub14,sub01;sub05;sub07;sub08;sub09;sub10;sub11;sub13;sub16;sub17;sub18;sub20;sub22;sub24;sub27;sub28;sub29,sub15,45,0.008277424611151218,0.10448096692562103,0.002,1e-05,1.0,1.0,True,False,multimodal,psd-fc-wpli,gated,cnn,True,finetune,segssl_barlow_all-patient_fc-wpli_finetune_seed13_pre20_proj32_mask0_03_noise0_02_mlp1_0_sup100,True,barlow,fc-wpli,all-patient,True,13,1.0,0.1,32,0.03,0.02
multimodal_psd-fc-wpli_gated_cnn,8,sub14,sub01;sub05;sub07;sub08;sub09;sub10;sub11;sub13;sub16;sub17;sub18;sub20;sub22;sub24;sub27;sub28;sub29,sub15,46,0.006977441720664501,0.09456593543291092,0.002,1e-05,1.0,1.0,True,False,multimodal,psd-fc-wpli,gated,cnn,True,finetune,segssl_barlow_all-patient_fc-wpli_finetune_seed13_pre20_proj32_mask0_03_noise0_02_mlp1_0_sup100,True,barlow,fc-wpli,all-patient,True,13,1.0,0.1,32,0.03,0.02
multimodal_psd-fc-wpli_gated_cnn,8,sub14,sub01;sub05;sub07;sub08;sub09;sub10;sub11;sub13;sub16;sub17;sub18;sub20;sub22;sub24;sub27;sub28;sub29,sub15,47,0.005921779200434685,0.0841284841299057,0.002,1e-05,1.0,1.0,True,False,multimodal,psd-fc-wpli,gated,cnn,True,finetune,segssl_barlow_all-patient_fc-wpli_finetune_seed13_pre20_proj32_mask0_03_noise0_02_mlp1_0_sup100,True,barlow,fc-wpli,all-patient,True,13,1.0,0.1,32,0.03,0.02
multimodal_psd-fc-wpli_gated_cnn,8,sub14,sub01;sub05;sub07;sub08;sub09;sub10;sub11;sub13;sub16;sub17;sub18;sub20;sub22;sub24;sub27;sub28;sub29,sub15,48,0.005059878807514906,0.07439856231212616,0.002,1e-05,1.0,1.0,True,False,multimodal,psd-fc-wpli,gated,cnn,True,finetune,segssl_barlow_all-patient_fc-wpli_finetune_seed13_pre20_proj32_mask0_03_noise0_02_mlp1_0_sup100,True,barlow,fc-wpli,all-patient,True,13,1.0,0.1,32,0.03,0.02
multimodal_psd-fc-wpli_gated_cnn,8,sub14,sub01;sub05;sub07;sub08;sub09;sub10;sub11;sub13;sub16;sub17;sub18;sub20;sub22;sub24;sub27;sub28;sub29,sub15,49,0.004355018958449364,0.06621477007865906,0.002,1e-05,1.0,1.0,True,False,multimodal,psd-fc-wpli,gated,cnn,True,finetune,segssl_barlow_all-patient_fc-wpli_finetune_seed13_pre20_proj32_mask0_03_noise0_02_mlp1_0_sup100,True,barlow,fc-wpli,all-patient,True,13,1.0,0.1,32,0.03,0.02
multimodal_psd-fc-wpli_gated_cnn,8,sub14,sub01;sub05;sub07;sub08;sub09;sub10;sub11;sub13;sub16;sub17;sub18;sub20;sub22;sub24;sub27;sub28;sub29,sub15,50,0.003779502585530281,0.05989924818277359,0.002,1e-05,1.0,1.0,True,False,multimodal,psd-fc-wpli,gated,cnn,True,finetune,segssl_barlow_all-patient_fc-wpli_finetune_seed13_pre20_proj32_mask0_03_noise0_02_mlp1_0_sup100,True,barlow,fc-wpli,all-patient,True,13,1.0,0.1,32,0.03,0.02
multimodal_psd-fc-wpli_gated_cnn,8,sub14,sub01;sub05;sub07;sub08;sub09;sub10;sub11;sub13;sub16;sub17;sub18;sub20;sub22;sub24;sub27;sub28;sub29,sub15,51,0.0033076023682951927,0.05547971650958061,0.002,1e-05,1.0,1.0,True,False,multimodal,psd-fc-wpli,gated,cnn,True,finetune,segssl_barlow_all-patient_fc-wpli_finetune_seed13_pre20_proj32_mask0_03_noise0_02_mlp1_0_sup100,True,barlow,fc-wpli,all-patient,True,13,1.0,0.1,32,0.03,0.02
multimodal_psd-fc-wpli_gated_cnn,8,sub14,sub01;sub05;sub07;sub08;sub09;sub10;sub11;sub13;sub16;sub17;sub18;sub20;sub22;sub24;sub27;sub28;sub29,sub15,52,0.0029176492244005203,0.05250954255461693,0.002,1e-05,1.0,1.0,True,False,multimodal,psd-fc-wpli,gated,cnn,True,finetune,segssl_barlow_all-patient_fc-wpli_finetune_seed13_pre20_proj32_mask0_03_noise0_02_mlp1_0_sup100,True,barlow,fc-wpli,all-patient,True,13,1.0,0.1,32,0.03,0.02
multimodal_psd-fc-wpli_gated_cnn,8,sub14,sub01;sub05;sub07;sub08;sub09;sub10;sub11;sub13;sub16;sub17;sub18;sub20;sub22;sub24;sub27;sub28;sub29,sub15,53,0.002592319156974554,0.05047962814569473,0.002,1e-05,1.0,1.0,True,False,multimodal,psd-fc-wpli,gated,cnn,True,finetune,segssl_barlow_all-patient_fc-wpli_finetune_seed13_pre20_proj32_mask0_03_noise0_02_mlp1_0_sup100,True,barlow,fc-wpli,all-patient,True,13,1.0,0.1,32,0.03,0.02
multimodal_psd-fc-wpli_gated_cnn,8,sub14,sub01;sub05;sub07;sub08;sub09;sub10;sub11;sub13;sub16;sub17;sub18;sub20;sub22;sub24;sub27;sub28;sub29,sub15,54,0.0023183673620224,0.04897405207157135,0.002,1e-05,1.0,1.0,True,False,multimodal,psd-fc-wpli,gated,cnn,True,finetune,segssl_barlow_all-patient_fc-wpli_finetune_seed13_pre20_proj32_mask0_03_noise0_02_mlp1_0_sup100,True,barlow,fc-wpli,all-patient,True,13,1.0,0.1,32,0.03,0.02
multimodal_psd-fc-wpli_gated_cnn,8,sub14,sub01;sub05;sub07;sub08;sub09;sub10;sub11;sub13;sub16;sub17;sub18;sub20;sub22;sub24;sub27;sub28;sub29,sub15,55,0.0020866713020950556,0.047785740345716476,0.002,1e-05,1.0,1.0,True,False,multimodal,psd-fc-wpli,gated,cnn,True,finetune,segssl_barlow_all-patient_fc-wpli_finetune_seed13_pre20_proj32_mask0_03_noise0_02_mlp1_0_sup100,True,barlow,fc-wpli,all-patient,True,13,1.0,0.1,32,0.03,0.02
multimodal_psd-fc-wpli_gated_cnn,8,sub14,sub01;sub05;sub07;sub08;sub09;sub10;sub11;sub13;sub16;sub17;sub18;sub20;sub22;sub24;sub27;sub28;sub29,sub15,56,0.0018889759667217731,0.04677708074450493,0.002,1e-05,1.0,1.0,True,False,multimodal,psd-fc-wpli,gated,cnn,True,finetune,segssl_barlow_all-patient_fc-wpli_finetune_seed13_pre20_proj32_mask0_03_noise0_02_mlp1_0_sup100,True,barlow,fc-wpli,all-patient,True,13,1.0,0.1,32,0.03,0.02
multimodal_psd-fc-wpli_gated_cnn,8,sub14,sub01;sub05;sub07;sub08;sub09;sub10;sub11;sub13;sub16;sub17;sub18;sub20;sub22;sub24;sub27;sub28;sub29,sub15,57,0.0017194758402183652,0.04588949680328369,0.002,1e-05,1.0,1.0,True,False,multimodal,psd-fc-wpli,gated,cnn,True,finetune,segssl_barlow_all-patient_fc-wpli_finetune_seed13_pre20_proj32_mask0_03_noise0_02_mlp1_0_sup100,True,barlow,fc-wpli,all-patient,True,13,1.0,0.1,32,0.03,0.02
multimodal_psd-fc-wpli_gated_cnn,8,sub14,sub01;sub05;sub07;sub08;sub09;sub10;sub11;sub13;sub16;sub17;sub18;sub20;sub22;sub24;sub27;sub28;sub29,sub15,58,0.001573730492964387,0.045131515711545944,0.002,1e-05,1.0,1.0,True,False,multimodal,psd-fc-wpli,gated,cnn,True,finetune,segssl_barlow_all-patient_fc-wpli_finetune_seed13_pre20_proj32_mask0_03_noise0_02_mlp1_0_sup100,True,barlow,fc-wpli,all-patient,True,13,1.0,0.1,32,0.03,0.02
multimodal_psd-fc-wpli_gated_cnn,8,sub14,sub01;sub05;sub07;sub08;sub09;sub10;sub11;sub13;sub16;sub17;sub18;sub20;sub22;sub24;sub27;sub28;sub29,sub15,59,0.0014481479302048683,0.04451201111078262,0.002,1e-05,1.0,1.0,True,False,multimodal,psd-fc-wpli,gated,cnn,True,finetune,segssl_barlow_all-patient_fc-wpli_finetune_seed13_pre20_proj32_mask0_03_noise0_02_mlp1_0_sup100,True,barlow,fc-wpli,all-patient,True,13,1.0,0.1,32,0.03,0.02
multimodal_psd-fc-wpli_gated_cnn,8,sub14,sub01;sub05;sub07;sub08;sub09;sub10;sub11;sub13;sub16;sub17;sub18;sub20;sub22;sub24;sub27;sub28;sub29,sub15,60,0.0013395536225289106,0.04408211261034012,0.002,1e-05,1.0,1.0,True,False,multimodal,psd-fc-wpli,gated,cnn,True,finetune,segssl_barlow_all-patient_fc-wpli_finetune_seed13_pre20_proj32_mask0_03_noise0_02_mlp1_0_sup100,True,barlow,fc-wpli,all-patient,True,13,1.0,0.1,32,0.03,0.02
multimodal_psd-fc-wpli_gated_cnn,8,sub14,sub01;sub05;sub07;sub08;sub09;sub10;sub11;sub13;sub16;sub17;sub18;sub20;sub22;sub24;sub27;sub28;sub29,sub15,61,0.0012452799128368497,0.0438288077712059,0.002,1e-05,1.0,1.0,True,False,multimodal,psd-fc-wpli,gated,cnn,True,finetune,segssl_barlow_all-patient_fc-wpli_finetune_seed13_pre20_proj32_mask0_03_noise0_02_mlp1_0_sup100,True,barlow,fc-wpli,all-patient,True,13,1.0,0.1,32,0.03,0.02
multimodal_psd-fc-wpli_gated_cnn,8,sub14,sub01;sub05;sub07;sub08;sub09;sub10;sub11;sub13;sub16;sub17;sub18;sub20;sub22;sub24;sub27;sub28;sub29,sub15,62,0.001162988250143826,0.04374772682785988,0.002,1e-05,1.0,1.0,True,False,multimodal,psd-fc-wpli,gated,cnn,True,finetune,segssl_barlow_all-patient_fc-wpli_finetune_seed13_pre20_proj32_mask0_03_noise0_02_mlp1_0_sup100,True,barlow,fc-wpli,all-patient,True,13,1.0,0.1,32,0.03,0.02
multimodal_psd-fc-wpli_gated_cnn,8,sub14,sub01;sub05;sub07;sub08;sub09;sub10;sub11;sub13;sub16;sub17;sub18;sub20;sub22;sub24;sub27;sub28;sub29,sub15,63,0.0010908427648246288,0.043763667345047,0.002,1e-05,1.0,1.0,False,False,multimodal,psd-fc-wpli,gated,cnn,True,finetune,segssl_barlow_all-patient_fc-wpli_finetune_seed13_pre20_proj32_mask0_03_noise0_02_mlp1_0_sup100,True,barlow,fc-wpli,all-patient,True,13,1.0,0.1,32,0.03,0.02
multimodal_psd-fc-wpli_gated_cnn,8,sub14,sub01;sub05;sub07;sub08;sub09;sub10;sub11;sub13;sub16;sub17;sub18;sub20;sub22;sub24;sub27;sub28;sub29,sub15,64,0.001027002464979887,0.04377749189734459,0.002,1e-05,1.0,1.0,False,False,multimodal,psd-fc-wpli,gated,cnn,True,finetune,segssl_barlow_all-patient_fc-wpli_finetune_seed13_pre20_proj32_mask0_03_noise0_02_mlp1_0_sup100,True,barlow,fc-wpli,all-patient,True,13,1.0,0.1,32,0.03,0.02
multimodal_psd-fc-wpli_gated_cnn,8,sub14,sub01;sub05;sub07;sub08;sub09;sub10;sub11;sub13;sub16;sub17;sub18;sub20;sub22;sub24;sub27;sub28;sub29,sub15,65,0.0009703540708869696,0.04371017962694168,0.002,1e-05,1.0,1.0,True,False,multimodal,psd-fc-wpli,gated,cnn,True,finetune,segssl_barlow_all-patient_fc-wpli_finetune_seed13_pre20_proj32_mask0_03_noise0_02_mlp1_0_sup100,True,barlow,fc-wpli,all-patient,True,13,1.0,0.1,32,0.03,0.02
multimodal_psd-fc-wpli_gated_cnn,8,sub14,sub01;sub05;sub07;sub08;sub09;sub10;sub11;sub13;sub16;sub17;sub18;sub20;sub22;sub24;sub27;sub28;sub29,sub15,66,0.0009198565967381,0.04353248327970505,0.002,1e-05,1.0,1.0,True,False,multimodal,psd-fc-wpli,gated,cnn,True,finetune,segssl_barlow_all-patient_fc-wpli_finetune_seed13_pre20_proj32_mask0_03_noise0_02_mlp1_0_sup100,True,barlow,fc-wpli,all-patient,True,13,1.0,0.1,32,0.03,0.02
multimodal_psd-fc-wpli_gated_cnn,8,sub14,sub01;sub05;sub07;sub08;sub09;sub10;sub11;sub13;sub16;sub17;sub18;sub20;sub22;sub24;sub27;sub28;sub29,sub15,67,0.0008747500251047313,0.04317425936460495,0.002,1e-05,1.0,1.0,True,False,multimodal,psd-fc-wpli,gated,cnn,True,finetune,segssl_barlow_all-patient_fc-wpli_finetune_seed13_pre20_proj32_mask0_03_noise0_02_mlp1_0_sup100,True,barlow,fc-wpli,all-patient,True,13,1.0,0.1,32,0.03,0.02
multimodal_psd-fc-wpli_gated_cnn,8,sub14,sub01;sub05;sub07;sub08;sub09;sub10;sub11;sub13;sub16;sub17;sub18;sub20;sub22;sub24;sub27;sub28;sub29,sub15,68,0.0008343077497556806,0.04263029247522354,0.002,1e-05,1.0,1.0,True,False,multimodal,psd-fc-wpli,gated,cnn,True,finetune,segssl_barlow_all-patient_fc-wpli_finetune_seed13_pre20_proj32_mask0_03_noise0_02_mlp1_0_sup100,True,barlow,fc-wpli,all-patient,True,13,1.0,0.1,32,0.03,0.02
multimodal_psd-fc-wpli_gated_cnn,8,sub14,sub01;sub05;sub07;sub08;sub09;sub10;sub11;sub13;sub16;sub17;sub18;sub20;sub22;sub24;sub27;sub28;sub29,sub15,69,0.0007979222573339939,0.041911885142326355,0.002,1e-05,1.0,1.0,True,False,multimodal,psd-fc-wpli,gated,cnn,True,finetune,segssl_barlow_all-patient_fc-wpli_finetune_seed13_pre20_proj32_mask0_03_noise0_02_mlp1_0_sup100,True,barlow,fc-wpli,all-patient,True,13,1.0,0.1,32,0.03,0.02
multimodal_psd-fc-wpli_gated_cnn,8,sub14,sub01;sub05;sub07;sub08;sub09;sub10;sub11;sub13;sub16;sub17;sub18;sub20;sub22;sub24;sub27;sub28;sub29,sub15,70,0.0007650608313269913,0.041083067655563354,0.002,1e-05,1.0,1.0,True,False,multimodal,psd-fc-wpli,gated,cnn,True,finetune,segssl_barlow_all-patient_fc-wpli_finetune_seed13_pre20_proj32_mask0_03_noise0_02_mlp1_0_sup100,True,barlow,fc-wpli,all-patient,True,13,1.0,0.1,32,0.03,0.02
multimodal_psd-fc-wpli_gated_cnn,8,sub14,sub01;sub05;sub07;sub08;sub09;sub10;sub11;sub13;sub16;sub17;sub18;sub20;sub22;sub24;sub27;sub28;sub29,sub15,71,0.0007353259716182947,0.040246810764074326,0.002,1e-05,1.0,1.0,True,False,multimodal,psd-fc-wpli,gated,cnn,True,finetune,segssl_barlow_all-patient_fc-wpli_finetune_seed13_pre20_proj32_mask0_03_noise0_02_mlp1_0_sup100,True,barlow,fc-wpli,all-patient,True,13,1.0,0.1,32,0.03,0.02
multimodal_psd-fc-wpli_gated_cnn,8,sub14,sub01;sub05;sub07;sub08;sub09;sub10;sub11;sub13;sub16;sub17;sub18;sub20;sub22;sub24;sub27;sub28;sub29,sub15,72,0.0007083609816618264,0.039445910602808,0.002,1e-05,1.0,1.0,True,False,multimodal,psd-fc-wpli,gated,cnn,True,finetune,segssl_barlow_all-patient_fc-wpli_finetune_seed13_pre20_proj32_mask0_03_noise0_02_mlp1_0_sup100,True,barlow,fc-wpli,all-patient,True,13,1.0,0.1,32,0.03,0.02
multimodal_psd-fc-wpli_gated_cnn,8,sub14,sub01;sub05;sub07;sub08;sub09;sub10;sub11;sub13;sub16;sub17;sub18;sub20;sub22;sub24;sub27;sub28;sub29,sub15,73,0.0006839079433120787,0.038722969591617584,0.002,1e-05,1.0,1.0,True,False,multimodal,psd-fc-wpli,gated,cnn,True,finetune,segssl_barlow_all-patient_fc-wpli_finetune_seed13_pre20_proj32_mask0_03_noise0_02_mlp1_0_sup100,True,barlow,fc-wpli,all-patient,True,13,1.0,0.1,32,0.03,0.02
multimodal_psd-fc-wpli_gated_cnn,8,sub14,sub01;sub05;sub07;sub08;sub09;sub10;sub11;sub13;sub16;sub17;sub18;sub20;sub22;sub24;sub27;sub28;sub29,sub15,74,0.0006615797174163163,0.03810259327292442,0.002,1e-05,1.0,1.0,True,False,multimodal,psd-fc-wpli,gated,cnn,True,finetune,segssl_barlow_all-patient_fc-wpli_finetune_seed13_pre20_proj32_mask0_03_noise0_02_mlp1_0_sup100,True,barlow,fc-wpli,all-patient,True,13,1.0,0.1,32,0.03,0.02
multimodal_psd-fc-wpli_gated_cnn,8,sub14,sub01;sub05;sub07;sub08;sub09;sub10;sub11;sub13;sub16;sub17;sub18;sub20;sub22;sub24;sub27;sub28;sub29,sub15,75,0.000641191378235817,0.03764566779136658,0.002,1e-05,1.0,1.0,True,False,multimodal,psd-fc-wpli,gated,cnn,True,finetune,segssl_barlow_all-patient_fc-wpli_finetune_seed13_pre20_proj32_mask0_03_noise0_02_mlp1_0_sup100,True,barlow,fc-wpli,all-patient,True,13,1.0,0.1,32,0.03,0.02
multimodal_psd-fc-wpli_gated_cnn,8,sub14,sub01;sub05;sub07;sub08;sub09;sub10;sub11;sub13;sub16;sub17;sub18;sub20;sub22;sub24;sub27;sub28;sub29,sub15,76,0.0006224949029274285,0.037377405911684036,0.002,1e-05,1.0,1.0,True,False,multimodal,psd-fc-wpli,gated,cnn,True,finetune,segssl_barlow_all-patient_fc-wpli_finetune_seed13_pre20_proj32_mask0_03_noise0_02_mlp1_0_sup100,True,barlow,fc-wpli,all-patient,True,13,1.0,0.1,32,0.03,0.02
multimodal_psd-fc-wpli_gated_cnn,8,sub14,sub01;sub05;sub07;sub08;sub09;sub10;sub11;sub13;sub16;sub17;sub18;sub20;sub22;sub24;sub27;sub28;sub29,sub15,77,0.0006053076358512044,0.037247106432914734,0.002,1e-05,1.0,1.0,True,False,multimodal,psd-fc-wpli,gated,cnn,True,finetune,segssl_barlow_all-patient_fc-wpli_finetune_seed13_pre20_proj32_mask0_03_noise0_02_mlp1_0_sup100,True,barlow,fc-wpli,all-patient,True,13,1.0,0.1,32,0.03,0.02
multimodal_psd-fc-wpli_gated_cnn,8,sub14,sub01;sub05;sub07;sub08;sub09;sub10;sub11;sub13;sub16;sub17;sub18;sub20;sub22;sub24;sub27;sub28;sub29,sub15,78,0.0005894224159419537,0.03723974525928497,0.002,1e-05,1.0,1.0,True,False,multimodal,psd-fc-wpli,gated,cnn,True,finetune,segssl_barlow_all-patient_fc-wpli_finetune_seed13_pre20_proj32_mask0_03_noise0_02_mlp1_0_sup100,True,barlow,fc-wpli,all-patient,True,13,1.0,0.1,32,0.03,0.02
multimodal_psd-fc-wpli_gated_cnn,8,sub14,sub01;sub05;sub07;sub08;sub09;sub10;sub11;sub13;sub16;sub17;sub18;sub20;sub22;sub24;sub27;sub28;sub29,sub15,79,0.0005746904644183815,0.037334341555833817,0.002,1e-05,1.0,1.0,False,False,multimodal,psd-fc-wpli,gated,cnn,True,finetune,segssl_barlow_all-patient_fc-wpli_finetune_seed13_pre20_proj32_mask0_03_noise0_02_mlp1_0_sup100,True,barlow,fc-wpli,all-patient,True,13,1.0,0.1,32,0.03,0.02
multimodal_psd-fc-wpli_gated_cnn,8,sub14,sub01;sub05;sub07;sub08;sub09;sub10;sub11;sub13;sub16;sub17;sub18;sub20;sub22;sub24;sub27;sub28;sub29,sub15,80,0.0005609936779364944,0.037508465349674225,0.002,1e-05,1.0,1.0,False,False,multimodal,psd-fc-wpli,gated,cnn,True,finetune,segssl_barlow_all-patient_fc-wpli_finetune_seed13_pre20_proj32_mask0_03_noise0_02_mlp1_0_sup100,True,barlow,fc-wpli,all-patient,True,13,1.0,0.1,32,0.03,0.02
multimodal_psd-fc-wpli_gated_cnn,8,sub14,sub01;sub05;sub07;sub08;sub09;sub10;sub11;sub13;sub16;sub17;sub18;sub20;sub22;sub24;sub27;sub28;sub29,sub15,81,0.0005482186679728329,0.03773046284914017,0.002,1e-05,1.0,1.0,False,False,multimodal,psd-fc-wpli,gated,cnn,True,finetune,segssl_barlow_all-patient_fc-wpli_finetune_seed13_pre20_proj32_mask0_03_noise0_02_mlp1_0_sup100,True,barlow,fc-wpli,all-patient,True,13,1.0,0.1,32,0.03,0.02
multimodal_psd-fc-wpli_gated_cnn,8,sub14,sub01;sub05;sub07;sub08;sub09;sub10;sub11;sub13;sub16;sub17;sub18;sub20;sub22;sub24;sub27;sub28;sub29,sub15,82,0.0005362658994272351,0.03796439617872238,0.002,1e-05,1.0,1.0,False,False,multimodal,psd-fc-wpli,gated,cnn,True,finetune,segssl_barlow_all-patient_fc-wpli_finetune_seed13_pre20_proj32_mask0_03_noise0_02_mlp1_0_sup100,True,barlow,fc-wpli,all-patient,True,13,1.0,0.1,32,0.03,0.02
multimodal_psd-fc-wpli_gated_cnn,8,sub14,sub01;sub05;sub07;sub08;sub09;sub10;sub11;sub13;sub16;sub17;sub18;sub20;sub22;sub24;sub27;sub28;sub29,sub15,83,0.0005250748945400119,0.038200244307518005,0.002,1e-05,1.0,1.0,False,False,multimodal,psd-fc-wpli,gated,cnn,True,finetune,segssl_barlow_all-patient_fc-wpli_finetune_seed13_pre20_proj32_mask0_03_noise0_02_mlp1_0_sup100,True,barlow,fc-wpli,all-patient,True,13,1.0,0.1,32,0.03,0.02
multimodal_psd-fc-wpli_gated_cnn,8,sub14,sub01;sub05;sub07;sub08;sub09;sub10;sub11;sub13;sub16;sub17;sub18;sub20;sub22;sub24;sub27;sub28;sub29,sub15,84,0.0005145701579749584,0.03841353952884674,0.002,1e-05,1.0,1.0,False,False,multimodal,psd-fc-wpli,gated,cnn,True,finetune,segssl_barlow_all-patient_fc-wpli_finetune_seed13_pre20_proj32_mask0_03_noise0_02_mlp1_0_sup100,True,barlow,fc-wpli,all-patient,True,13,1.0,0.1,32,0.03,0.02
multimodal_psd-fc-wpli_gated_cnn,8,sub14,sub01;sub05;sub07;sub08;sub09;sub10;sub11;sub13;sub16;sub17;sub18;sub20;sub22;sub24;sub27;sub28;sub29,sub15,85,0.0005046853329986334,0.038575027137994766,0.002,1e-05,1.0,1.0,False,False,multimodal,psd-fc-wpli,gated,cnn,True,finetune,segssl_barlow_all-patient_fc-wpli_finetune_seed13_pre20_proj32_mask0_03_noise0_02_mlp1_0_sup100,True,barlow,fc-wpli,all-patient,True,13,1.0,0.1,32,0.03,0.02
multimodal_psd-fc-wpli_gated_cnn,8,sub14,sub01;sub05;sub07;sub08;sub09;sub10;sub11;sub13;sub16;sub17;sub18;sub20;sub22;sub24;sub27;sub28;sub29,sub15,86,0.0004953797906637192,0.03869645297527313,0.002,1e-05,1.0,1.0,False,False,multimodal,psd-fc-wpli,gated,cnn,True,finetune,segssl_barlow_all-patient_fc-wpli_finetune_seed13_pre20_proj32_mask0_03_noise0_02_mlp1_0_sup100,True,barlow,fc-wpli,all-patient,True,13,1.0,0.1,32,0.03,0.02
multimodal_psd-fc-wpli_gated_cnn,8,sub14,sub01;sub05;sub07;sub08;sub09;sub10;sub11;sub13;sub16;sub17;sub18;sub20;sub22;sub24;sub27;sub28;sub29,sub15,87,0.00048655917635187507,0.03879509121179581,0.002,1e-05,1.0,1.0,False,False,multimodal,psd-fc-wpli,gated,cnn,True,finetune,segssl_barlow_all-patient_fc-wpli_finetune_seed13_pre20_proj32_mask0_03_noise0_02_mlp1_0_sup100,True,barlow,fc-wpli,all-patient,True,13,1.0,0.1,32,0.03,0.02
multimodal_psd-fc-wpli_gated_cnn,8,sub14,sub01;sub05;sub07;sub08;sub09;sub10;sub11;sub13;sub16;sub17;sub18;sub20;sub22;sub24;sub27;sub28;sub29,sub15,88,0.00047819403698667884,0.03888271003961563,0.002,1e-05,1.0,1.0,False,False,multimodal,psd-fc-wpli,gated,cnn,True,finetune,segssl_barlow_all-patient_fc-wpli_finetune_seed13_pre20_proj32_mask0_03_noise0_02_mlp1_0_sup100,True,barlow,fc-wpli,all-patient,True,13,1.0,0.1,32,0.03,0.02
multimodal_psd-fc-wpli_gated_cnn,8,sub14,sub01;sub05;sub07;sub08;sub09;sub10;sub11;sub13;sub16;sub17;sub18;sub20;sub22;sub24;sub27;sub28;sub29,sub15,89,0.0004702489241026342,0.03896724060177803,0.002,1e-05,1.0,1.0,False,False,multimodal,psd-fc-wpli,gated,cnn,True,finetune,segssl_barlow_all-patient_fc-wpli_finetune_seed13_pre20_proj32_mask0_03_noise0_02_mlp1_0_sup100,True,barlow,fc-wpli,all-patient,True,13,1.0,0.1,32,0.03,0.02
multimodal_psd-fc-wpli_gated_cnn,8,sub14,sub01;sub05;sub07;sub08;sub09;sub10;sub11;sub13;sub16;sub17;sub18;sub20;sub22;sub24;sub27;sub28;sub29,sub15,90,0.0004626744193956256,0.03900851309299469,0.002,1e-05,1.0,1.0,False,False,multimodal,psd-fc-wpli,gated,cnn,True,finetune,segssl_barlow_all-patient_fc-wpli_finetune_seed13_pre20_proj32_mask0_03_noise0_02_mlp1_0_sup100,True,barlow,fc-wpli,all-patient,True,13,1.0,0.1,32,0.03,0.02
multimodal_psd-fc-wpli_gated_cnn,8,sub14,sub01;sub05;sub07;sub08;sub09;sub10;sub11;sub13;sub16;sub17;sub18;sub20;sub22;sub24;sub27;sub28;sub29,sub15,91,0.00045543754822574556,0.039034295827150345,0.002,1e-05,1.0,1.0,False,False,multimodal,psd-fc-wpli,gated,cnn,True,finetune,segssl_barlow_all-patient_fc-wpli_finetune_seed13_pre20_proj32_mask0_03_noise0_02_mlp1_0_sup100,True,barlow,fc-wpli,all-patient,True,13,1.0,0.1,32,0.03,0.02
multimodal_psd-fc-wpli_gated_cnn,8,sub14,sub01;sub05;sub07;sub08;sub09;sub10;sub11;sub13;sub16;sub17;sub18;sub20;sub22;sub24;sub27;sub28;sub29,sub15,92,0.000448528939159587,0.03905506059527397,0.002,1e-05,1.0,1.0,False,False,multimodal,psd-fc-wpli,gated,cnn,True,finetune,segssl_barlow_all-patient_fc-wpli_finetune_seed13_pre20_proj32_mask0_03_noise0_02_mlp1_0_sup100,True,barlow,fc-wpli,all-patient,True,13,1.0,0.1,32,0.03,0.02
multimodal_psd-fc-wpli_gated_cnn,8,sub14,sub01;sub05;sub07;sub08;sub09;sub10;sub11;sub13;sub16;sub17;sub18;sub20;sub22;sub24;sub27;sub28;sub29,sub15,93,0.0004418836033437401,0.039106253534555435,0.002,1e-05,1.0,1.0,False,False,multimodal,psd-fc-wpli,gated,cnn,True,finetune,segssl_barlow_all-patient_fc-wpli_finetune_seed13_pre20_proj32_mask0_03_noise0_02_mlp1_0_sup100,True,barlow,fc-wpli,all-patient,True,13,1.0,0.1,32,0.03,0.02
multimodal_psd-fc-wpli_gated_cnn,8,sub14,sub01;sub05;sub07;sub08;sub09;sub10;sub11;sub13;sub16;sub17;sub18;sub20;sub22;sub24;sub27;sub28;sub29,sub15,94,0.0004355366691015661,0.03921268507838249,0.002,1e-05,1.0,1.0,False,False,multimodal,psd-fc-wpli,gated,cnn,True,finetune,segssl_barlow_all-patient_fc-wpli_finetune_seed13_pre20_proj32_mask0_03_noise0_02_mlp1_0_sup100,True,barlow,fc-wpli,all-patient,True,13,1.0,0.1,32,0.03,0.02
multimodal_psd-fc-wpli_gated_cnn,8,sub14,sub01;sub05;sub07;sub08;sub09;sub10;sub11;sub13;sub16;sub17;sub18;sub20;sub22;sub24;sub27;sub28;sub29,sub15,95,0.0004294293757993728,0.03935477137565613,0.002,1e-05,1.0,1.0,False,False,multimodal,psd-fc-wpli,gated,cnn,True,finetune,segssl_barlow_all-patient_fc-wpli_finetune_seed13_pre20_proj32_mask0_03_noise0_02_mlp1_0_sup100,True,barlow,fc-wpli,all-patient,True,13,1.0,0.1,32,0.03,0.02
multimodal_psd-fc-wpli_gated_cnn,8,sub14,sub01;sub05;sub07;sub08;sub09;sub10;sub11;sub13;sub16;sub17;sub18;sub20;sub22;sub24;sub27;sub28;sub29,sub15,96,0.0004235066007822752,0.039520688354969025,0.002,1e-05,1.0,1.0,False,False,multimodal,psd-fc-wpli,gated,cnn,True,finetune,segssl_barlow_all-patient_fc-wpli_finetune_seed13_pre20_proj32_mask0_03_noise0_02_mlp1_0_sup100,True,barlow,fc-wpli,all-patient,True,13,1.0,0.1,32,0.03,0.02
multimodal_psd-fc-wpli_gated_cnn,8,sub14,sub01;sub05;sub07;sub08;sub09;sub10;sub11;sub13;sub16;sub17;sub18;sub20;sub22;sub24;sub27;sub28;sub29,sub15,97,0.0004178330709692091,0.039685022085905075,0.002,1e-05,1.0,1.0,False,False,multimodal,psd-fc-wpli,gated,cnn,True,finetune,segssl_barlow_all-patient_fc-wpli_finetune_seed13_pre20_proj32_mask0_03_noise0_02_mlp1_0_sup100,True,barlow,fc-wpli,all-patient,True,13,1.0,0.1,32,0.03,0.02
multimodal_psd-fc-wpli_gated_cnn,8,sub14,sub01;sub05;sub07;sub08;sub09;sub10;sub11;sub13;sub16;sub17;sub18;sub20;sub22;sub24;sub27;sub28;sub29,sub15,98,0.00041233666706830263,0.039819423109292984,0.002,1e-05,1.0,1.0,False,False,multimodal,psd-fc-wpli,gated,cnn,True,finetune,segssl_barlow_all-patient_fc-wpli_finetune_seed13_pre20_proj32_mask0_03_noise0_02_mlp1_0_sup100,True,barlow,fc-wpli,all-patient,True,13,1.0,0.1,32,0.03,0.02
multimodal_psd-fc-wpli_gated_cnn,8,sub14,sub01;sub05;sub07;sub08;sub09;sub10;sub11;sub13;sub16;sub17;sub18;sub20;sub22;sub24;sub27;sub28;sub29,sub15,99,0.00040700691170059144,0.03992493450641632,0.002,1e-05,1.0,1.0,False,False,multimodal,psd-fc-wpli,gated,cnn,True,finetune,segssl_barlow_all-patient_fc-wpli_finetune_seed13_pre20_proj32_mask0_03_noise0_02_mlp1_0_sup100,True,barlow,fc-wpli,all-patient,True,13,1.0,0.1,32,0.03,0.02
multimodal_psd-fc-wpli_gated_cnn,8,sub14,sub01;sub05;sub07;sub08;sub09;sub10;sub11;sub13;sub16;sub17;sub18;sub20;sub22;sub24;sub27;sub28;sub29,sub15,100,0.0004018573963548988,0.04000632464885712,0.002,1e-05,1.0,1.0,False,False,multimodal,psd-fc-wpli,gated,cnn,True,finetune,segssl_barlow_all-patient_fc-wpli_finetune_seed13_pre20_proj32_mask0_03_noise0_02_mlp1_0_sup100,True,barlow,fc-wpli,all-patient,True,13,1.0,0.1,32,0.03,0.02
multimodal_psd-fc-wpli_gated_cnn,9,sub15,sub01;sub05;sub07;sub08;sub09;sub10;sub11;sub13;sub14;sub17;sub18;sub20;sub22;sub24;sub27;sub28;sub29,sub16,1,0.6881965398788452,0.7633883953094482,0.002,1e-05,1.0,1.0,True,False,multimodal,psd-fc-wpli,gated,cnn,True,finetune,segssl_barlow_all-patient_fc-wpli_finetune_seed13_pre20_proj32_mask0_03_noise0_02_mlp1_0_sup100,True,barlow,fc-wpli,all-patient,True,13,1.0,0.1,32,0.03,0.02
multimodal_psd-fc-wpli_gated_cnn,9,sub15,sub01;sub05;sub07;sub08;sub09;sub10;sub11;sub13;sub14;sub17;sub18;sub20;sub22;sub24;sub27;sub28;sub29,sub16,2,0.6813058257102966,0.7579084038734436,0.002,1e-05,1.0,1.0,True,False,multimodal,psd-fc-wpli,gated,cnn,True,finetune,segssl_barlow_all-patient_fc-wpli_finetune_seed13_pre20_proj32_mask0_03_noise0_02_mlp1_0_sup100,True,barlow,fc-wpli,all-patient,True,13,1.0,0.1,32,0.03,0.02
multimodal_psd-fc-wpli_gated_cnn,9,sub15,sub01;sub05;sub07;sub08;sub09;sub10;sub11;sub13;sub14;sub17;sub18;sub20;sub22;sub24;sub27;sub28;sub29,sub16,3,0.6750694513320923,0.7476717233657837,0.002,1e-05,1.0,1.0,True,False,multimodal,psd-fc-wpli,gated,cnn,True,finetune,segssl_barlow_all-patient_fc-wpli_finetune_seed13_pre20_proj32_mask0_03_noise0_02_mlp1_0_sup100,True,barlow,fc-wpli,all-patient,True,13,1.0,0.1,32,0.03,0.02
multimodal_psd-fc-wpli_gated_cnn,9,sub15,sub01;sub05;sub07;sub08;sub09;sub10;sub11;sub13;sub14;sub17;sub18;sub20;sub22;sub24;sub27;sub28;sub29,sub16,4,0.6685405373573303,0.7287684082984924,0.002,1e-05,1.0,1.0,True,False,multimodal,psd-fc-wpli,gated,cnn,True,finetune,segssl_barlow_all-patient_fc-wpli_finetune_seed13_pre20_proj32_mask0_03_noise0_02_mlp1_0_sup100,True,barlow,fc-wpli,all-patient,True,13,1.0,0.1,32,0.03,0.02
multimodal_psd-fc-wpli_gated_cnn,9,sub15,sub01;sub05;sub07;sub08;sub09;sub10;sub11;sub13;sub14;sub17;sub18;sub20;sub22;sub24;sub27;sub28;sub29,sub16,5,0.6613836884498596,0.686454713344574,0.002,1e-05,1.0,1.0,True,False,multimodal,psd-fc-wpli,gated,cnn,True,finetune,segssl_barlow_all-patient_fc-wpli_finetune_seed13_pre20_proj32_mask0_03_noise0_02_mlp1_0_sup100,True,barlow,fc-wpli,all-patient,True,13,1.0,0.1,32,0.03,0.02
multimodal_psd-fc-wpli_gated_cnn,9,sub15,sub01;sub05;sub07;sub08;sub09;sub10;sub11;sub13;sub14;sub17;sub18;sub20;sub22;sub24;sub27;sub28;sub29,sub16,6,0.6533704400062561,0.6169803738594055,0.002,1e-05,1.0,1.0,True,False,multimodal,psd-fc-wpli,gated,cnn,True,finetune,segssl_barlow_all-patient_fc-wpli_finetune_seed13_pre20_proj32_mask0_03_noise0_02_mlp1_0_sup100,True,barlow,fc-wpli,all-patient,True,13,1.0,0.1,32,0.03,0.02
multimodal_psd-fc-wpli_gated_cnn,9,sub15,sub01;sub05;sub07;sub08;sub09;sub10;sub11;sub13;sub14;sub17;sub18;sub20;sub22;sub24;sub27;sub28;sub29,sub16,7,0.6441998481750488,0.5238093137741089,0.002,1e-05,1.0,1.0,True,False,multimodal,psd-fc-wpli,gated,cnn,True,finetune,segssl_barlow_all-patient_fc-wpli_finetune_seed13_pre20_proj32_mask0_03_noise0_02_mlp1_0_sup100,True,barlow,fc-wpli,all-patient,True,13,1.0,0.1,32,0.03,0.02
multimodal_psd-fc-wpli_gated_cnn,9,sub15,sub01;sub05;sub07;sub08;sub09;sub10;sub11;sub13;sub14;sub17;sub18;sub20;sub22;sub24;sub27;sub28;sub29,sub16,8,0.6342459321022034,0.4089994430541992,0.002,1e-05,1.0,1.0,True,False,multimodal,psd-fc-wpli,gated,cnn,True,finetune,segssl_barlow_all-patient_fc-wpli_finetune_seed13_pre20_proj32_mask0_03_noise0_02_mlp1_0_sup100,True,barlow,fc-wpli,all-patient,True,13,1.0,0.1,32,0.03,0.02
multimodal_psd-fc-wpli_gated_cnn,9,sub15,sub01;sub05;sub07;sub08;sub09;sub10;sub11;sub13;sub14;sub17;sub18;sub20;sub22;sub24;sub27;sub28;sub29,sub16,9,0.6233754754066467,0.2807198166847229,0.002,1e-05,1.0,1.0,True,False,multimodal,psd-fc-wpli,gated,cnn,True,finetune,segssl_barlow_all-patient_fc-wpli_finetune_seed13_pre20_proj32_mask0_03_noise0_02_mlp1_0_sup100,True,barlow,fc-wpli,all-patient,True,13,1.0,0.1,32,0.03,0.02
multimodal_psd-fc-wpli_gated_cnn,9,sub15,sub01;sub05;sub07;sub08;sub09;sub10;sub11;sub13;sub14;sub17;sub18;sub20;sub22;sub24;sub27;sub28;sub29,sub16,10,0.6116262078285217,0.15912142395973206,0.002,1e-05,1.0,1.0,True,False,multimodal,psd-fc-wpli,gated,cnn,True,finetune,segssl_barlow_all-patient_fc-wpli_finetune_seed13_pre20_proj32_mask0_03_noise0_02_mlp1_0_sup100,True,barlow,fc-wpli,all-patient,True,13,1.0,0.1,32,0.03,0.02
multimodal_psd-fc-wpli_gated_cnn,9,sub15,sub01;sub05;sub07;sub08;sub09;sub10;sub11;sub13;sub14;sub17;sub18;sub20;sub22;sub24;sub27;sub28;sub29,sub16,11,0.5988142490386963,0.07394709438085556,0.002,1e-05,1.0,1.0,True,False,multimodal,psd-fc-wpli,gated,cnn,True,finetune,segssl_barlow_all-patient_fc-wpli_finetune_seed13_pre20_proj32_mask0_03_noise0_02_mlp1_0_sup100,True,barlow,fc-wpli,all-patient,True,13,1.0,0.1,32,0.03,0.02
multimodal_psd-fc-wpli_gated_cnn,9,sub15,sub01;sub05;sub07;sub08;sub09;sub10;sub11;sub13;sub14;sub17;sub18;sub20;sub22;sub24;sub27;sub28;sub29,sub16,12,0.5850712060928345,0.03057701513171196,0.002,1e-05,1.0,1.0,True,False,multimodal,psd-fc-wpli,gated,cnn,True,finetune,segssl_barlow_all-patient_fc-wpli_finetune_seed13_pre20_proj32_mask0_03_noise0_02_mlp1_0_sup100,True,barlow,fc-wpli,all-patient,True,13,1.0,0.1,32,0.03,0.02
multimodal_psd-fc-wpli_gated_cnn,9,sub15,sub01;sub05;sub07;sub08;sub09;sub10;sub11;sub13;sub14;sub17;sub18;sub20;sub22;sub24;sub27;sub28;sub29,sub16,13,0.5700876712799072,0.01234063133597374,0.002,1e-05,1.0,1.0,True,False,multimodal,psd-fc-wpli,gated,cnn,True,finetune,segssl_barlow_all-patient_fc-wpli_finetune_seed13_pre20_proj32_mask0_03_noise0_02_mlp1_0_sup100,True,barlow,fc-wpli,all-patient,True,13,1.0,0.1,32,0.03,0.02
multimodal_psd-fc-wpli_gated_cnn,9,sub15,sub01;sub05;sub07;sub08;sub09;sub10;sub11;sub13;sub14;sub17;sub18;sub20;sub22;sub24;sub27;sub28;sub29,sub16,14,0.5538496375083923,0.005190504714846611,0.002,1e-05,1.0,1.0,True,False,multimodal,psd-fc-wpli,gated,cnn,True,finetune,segssl_barlow_all-patient_fc-wpli_finetune_seed13_pre20_proj32_mask0_03_noise0_02_mlp1_0_sup100,True,barlow,fc-wpli,all-patient,True,13,1.0,0.1,32,0.03,0.02
multimodal_psd-fc-wpli_gated_cnn,9,sub15,sub01;sub05;sub07;sub08;sub09;sub10;sub11;sub13;sub14;sub17;sub18;sub20;sub22;sub24;sub27;sub28;sub29,sub16,15,0.5361425280570984,0.002318695653229952,0.002,1e-05,1.0,1.0,True,False,multimodal,psd-fc-wpli,gated,cnn,True,finetune,segssl_barlow_all-patient_fc-wpli_finetune_seed13_pre20_proj32_mask0_03_noise0_02_mlp1_0_sup100,True,barlow,fc-wpli,all-patient,True,13,1.0,0.1,32,0.03,0.02
multimodal_psd-fc-wpli_gated_cnn,9,sub15,sub01;sub05;sub07;sub08;sub09;sub10;sub11;sub13;sub14;sub17;sub18;sub20;sub22;sub24;sub27;sub28;sub29,sub16,16,0.517065167427063,0.0010966479312628508,0.002,1e-05,1.0,1.0,True,False,multimodal,psd-fc-wpli,gated,cnn,True,finetune,segssl_barlow_all-patient_fc-wpli_finetune_seed13_pre20_proj32_mask0_03_noise0_02_mlp1_0_sup100,True,barlow,fc-wpli,all-patient,True,13,1.0,0.1,32,0.03,0.02
multimodal_psd-fc-wpli_gated_cnn,9,sub15,sub01;sub05;sub07;sub08;sub09;sub10;sub11;sub13;sub14;sub17;sub18;sub20;sub22;sub24;sub27;sub28;sub29,sub16,17,0.49680620431900024,0.0005490671610459685,0.002,1e-05,1.0,1.0,True,False,multimodal,psd-fc-wpli,gated,cnn,True,finetune,segssl_barlow_all-patient_fc-wpli_finetune_seed13_pre20_proj32_mask0_03_noise0_02_mlp1_0_sup100,True,barlow,fc-wpli,all-patient,True,13,1.0,0.1,32,0.03,0.02
multimodal_psd-fc-wpli_gated_cnn,9,sub15,sub01;sub05;sub07;sub08;sub09;sub10;sub11;sub13;sub14;sub17;sub18;sub20;sub22;sub24;sub27;sub28;sub29,sub16,18,0.47519415616989136,0.00028431270038709044,0.002,1e-05,1.0,1.0,True,False,multimodal,psd-fc-wpli,gated,cnn,True,finetune,segssl_barlow_all-patient_fc-wpli_finetune_seed13_pre20_proj32_mask0_03_noise0_02_mlp1_0_sup100,True,barlow,fc-wpli,all-patient,True,13,1.0,0.1,32,0.03,0.02
multimodal_psd-fc-wpli_gated_cnn,9,sub15,sub01;sub05;sub07;sub08;sub09;sub10;sub11;sub13;sub14;sub17;sub18;sub20;sub22;sub24;sub27;sub28;sub29,sub16,19,0.4521535336971283,0.00014052024926058948,0.002,1e-05,1.0,1.0,True,False,multimodal,psd-fc-wpli,gated,cnn,True,finetune,segssl_barlow_all-patient_fc-wpli_finetune_seed13_pre20_proj32_mask0_03_noise0_02_mlp1_0_sup100,True,barlow,fc-wpli,all-patient,True,13,1.0,0.1,32,0.03,0.02
multimodal_psd-fc-wpli_gated_cnn,9,sub15,sub01;sub05;sub07;sub08;sub09;sub10;sub11;sub13;sub14;sub17;sub18;sub20;sub22;sub24;sub27;sub28;sub29,sub16,20,0.42793112993240356,6.0702946939272806e-05,0.002,1e-05,1.0,1.0,True,False,multimodal,psd-fc-wpli,gated,cnn,True,finetune,segssl_barlow_all-patient_fc-wpli_finetune_seed13_pre20_proj32_mask0_03_noise0_02_mlp1_0_sup100,True,barlow,fc-wpli,all-patient,True,13,1.0,0.1,32,0.03,0.02
multimodal_psd-fc-wpli_gated_cnn,9,sub15,sub01;sub05;sub07;sub08;sub09;sub10;sub11;sub13;sub14;sub17;sub18;sub20;sub22;sub24;sub27;sub28;sub29,sub16,21,0.40240851044654846,2.3436989067704417e-05,0.002,1e-05,1.0,1.0,True,False,multimodal,psd-fc-wpli,gated,cnn,True,finetune,segssl_barlow_all-patient_fc-wpli_finetune_seed13_pre20_proj32_mask0_03_noise0_02_mlp1_0_sup100,True,barlow,fc-wpli,all-patient,True,13,1.0,0.1,32,0.03,0.02
multimodal_psd-fc-wpli_gated_cnn,9,sub15,sub01;sub05;sub07;sub08;sub09;sub10;sub11;sub13;sub14;sub17;sub18;sub20;sub22;sub24;sub27;sub28;sub29,sub16,22,0.37587109208106995,8.246102879638784e-06,0.002,1e-05,1.0,1.0,True,False,multimodal,psd-fc-wpli,gated,cnn,True,finetune,segssl_barlow_all-patient_fc-wpli_finetune_seed13_pre20_proj32_mask0_03_noise0_02_mlp1_0_sup100,True,barlow,fc-wpli,all-patient,True,13,1.0,0.1,32,0.03,0.02
multimodal_psd-fc-wpli_gated_cnn,9,sub15,sub01;sub05;sub07;sub08;sub09;sub10;sub11;sub13;sub14;sub17;sub18;sub20;sub22;sub24;sub27;sub28;sub29,sub16,23,0.3486516773700714,2.6838508802029537e-06,0.002,1e-05,1.0,1.0,True,False,multimodal,psd-fc-wpli,gated,cnn,True,finetune,segssl_barlow_all-patient_fc-wpli_finetune_seed13_pre20_proj32_mask0_03_noise0_02_mlp1_0_sup100,True,barlow,fc-wpli,all-patient,True,13,1.0,0.1,32,0.03,0.02
multimodal_psd-fc-wpli_gated_cnn,9,sub15,sub01;sub05;sub07;sub08;sub09;sub10;sub11;sub13;sub14;sub17;sub18;sub20;sub22;sub24;sub27;sub28;sub29,sub16,24,0.3211614787578583,7.957779644129914e-07,0.002,1e-05,1.0,1.0,True,False,multimodal,psd-fc-wpli,gated,cnn,True,finetune,segssl_barlow_all-patient_fc-wpli_finetune_seed13_pre20_proj32_mask0_03_noise0_02_mlp1_0_sup100,True,barlow,fc-wpli,all-patient,True,13,1.0,0.1,32,0.03,0.02
multimodal_psd-fc-wpli_gated_cnn,9,sub15,sub01;sub05;sub07;sub08;sub09;sub10;sub11;sub13;sub14;sub17;sub18;sub20;sub22;sub24;sub27;sub28;sub29,sub16,25,0.29353809356689453,2.0337394346370274e-07,0.002,1e-05,1.0,1.0,True,False,multimodal,psd-fc-wpli,gated,cnn,True,finetune,segssl_barlow_all-patient_fc-wpli_finetune_seed13_pre20_proj32_mask0_03_noise0_02_mlp1_0_sup100,True,barlow,fc-wpli,all-patient,True,13,1.0,0.1,32,0.03,0.02
multimodal_psd-fc-wpli_gated_cnn,9,sub15,sub01;sub05;sub07;sub08;sub09;sub10;sub11;sub13;sub14;sub17;sub18;sub20;sub22;sub24;sub27;sub28;sub29,sub16,26,0.2656885087490082,4.540176234968385e-08,0.002,1e-05,1.0,1.0,True,False,multimodal,psd-fc-wpli,gated,cnn,True,finetune,segssl_barlow_all-patient_fc-wpli_finetune_seed13_pre20_proj32_mask0_03_noise0_02_mlp1_0_sup100,True,barlow,fc-wpli,all-patient,True,13,1.0,0.1,32,0.03,0.02
multimodal_psd-fc-wpli_gated_cnn,9,sub15,sub01;sub05;sub07;sub08;sub09;sub10;sub11;sub13;sub14;sub17;sub18;sub20;sub22;sub24;sub27;sub28;sub29,sub16,27,0.23826564848423004,8.873712431523018e-09,0.002,1e-05,1.0,1.0,True,False,multimodal,psd-fc-wpli,gated,cnn,True,finetune,segssl_barlow_all-patient_fc-wpli_finetune_seed13_pre20_proj32_mask0_03_noise0_02_mlp1_0_sup100,True,barlow,fc-wpli,all-patient,True,13,1.0,0.1,32,0.03,0.02
multimodal_psd-fc-wpli_gated_cnn,9,sub15,sub01;sub05;sub07;sub08;sub09;sub10;sub11;sub13;sub14;sub17;sub18;sub20;sub22;sub24;sub27;sub28;sub29,sub16,28,0.2119205743074417,1.887053402427341e-09,0.002,1e-05,1.0,1.0,True,False,multimodal,psd-fc-wpli,gated,cnn,True,finetune,segssl_barlow_all-patient_fc-wpli_finetune_seed13_pre20_proj32_mask0_03_noise0_02_mlp1_0_sup100,True,barlow,fc-wpli,all-patient,True,13,1.0,0.1,32,0.03,0.02
multimodal_psd-fc-wpli_gated_cnn,9,sub15,sub01;sub05;sub07;sub08;sub09;sub10;sub11;sub13;sub14;sub17;sub18;sub20;sub22;sub24;sub27;sub28;sub29,sub16,29,0.18666374683380127,4.52119480742752e-10,0.002,1e-05,1.0,1.0,True,False,multimodal,psd-fc-wpli,gated,cnn,True,finetune,segssl_barlow_all-patient_fc-wpli_finetune_seed13_pre20_proj32_mask0_03_noise0_02_mlp1_0_sup100,True,barlow,fc-wpli,all-patient,True,13,1.0,0.1,32,0.03,0.02
multimodal_psd-fc-wpli_gated_cnn,9,sub15,sub01;sub05;sub07;sub08;sub09;sub10;sub11;sub13;sub14;sub17;sub18;sub20;sub22;sub24;sub27;sub28;sub29,sub16,30,0.16283676028251648,8.97315069470217e-11,0.002,1e-05,1.0,1.0,True,False,multimodal,psd-fc-wpli,gated,cnn,True,finetune,segssl_barlow_all-patient_fc-wpli_finetune_seed13_pre20_proj32_mask0_03_noise0_02_mlp1_0_sup100,True,barlow,fc-wpli,all-patient,True,13,1.0,0.1,32,0.03,0.02
multimodal_psd-fc-wpli_gated_cnn,9,sub15,sub01;sub05;sub07;sub08;sub09;sub10;sub11;sub13;sub14;sub17;sub18;sub20;sub22;sub24;sub27;sub28;sub29,sub16,31,0.1407334953546524,1.1159020756046356e-11,0.002,1e-05,1.0,1.0,True,False,multimodal,psd-fc-wpli,gated,cnn,True,finetune,segssl_barlow_all-patient_fc-wpli_finetune_seed13_pre20_proj32_mask0_03_noise0_02_mlp1_0_sup100,True,barlow,fc-wpli,all-patient,True,13,1.0,0.1,32,0.03,0.02
multimodal_psd-fc-wpli_gated_cnn,9,sub15,sub01;sub05;sub07;sub08;sub09;sub10;sub11;sub13;sub14;sub17;sub18;sub20;sub22;sub24;sub27;sub28;sub29,sub16,32,0.12038340419530869,1.5406888004970698e-12,0.002,1e-05,1.0,1.0,True,False,multimodal,psd-fc-wpli,gated,cnn,True,finetune,segssl_barlow_all-patient_fc-wpli_finetune_seed13_pre20_proj32_mask0_03_noise0_02_mlp1_0_sup100,True,barlow,fc-wpli,all-patient,True,13,1.0,0.1,32,0.03,0.02
multimodal_psd-fc-wpli_gated_cnn,9,sub15,sub01;sub05;sub07;sub08;sub09;sub10;sub11;sub13;sub14;sub17;sub18;sub20;sub22;sub24;sub27;sub28;sub29,sub16,33,0.10214252024888992,3.3511960025565946e-13,0.002,1e-05,1.0,1.0,True,False,multimodal,psd-fc-wpli,gated,cnn,True,finetune,segssl_barlow_all-patient_fc-wpli_finetune_seed13_pre20_proj32_mask0_03_noise0_02_mlp1_0_sup100,True,barlow,fc-wpli,all-patient,True,13,1.0,0.1,32,0.03,0.02
multimodal_psd-fc-wpli_gated_cnn,9,sub15,sub01;sub05;sub07;sub08;sub09;sub10;sub11;sub13;sub14;sub17;sub18;sub20;sub22;sub24;sub27;sub28;sub29,sub16,34,0.08596307784318924,1.1283809715594006e-13,0.002,1e-05,1.0,1.0,True,False,multimodal,psd-fc-wpli,gated,cnn,True,finetune,segssl_barlow_all-patient_fc-wpli_finetune_seed13_pre20_proj32_mask0_03_noise0_02_mlp1_0_sup100,True,barlow,fc-wpli,all-patient,True,13,1.0,0.1,32,0.03,0.02
multimodal_psd-fc-wpli_gated_cnn,9,sub15,sub01;sub05;sub07;sub08;sub09;sub10;sub11;sub13;sub14;sub17;sub18;sub20;sub22;sub24;sub27;sub28;sub29,sub16,35,0.0718313455581665,3.830214208408629e-14,0.002,1e-05,1.0,1.0,True,False,multimodal,psd-fc-wpli,gated,cnn,True,finetune,segssl_barlow_all-patient_fc-wpli_finetune_seed13_pre20_proj32_mask0_03_noise0_02_mlp1_0_sup100,True,barlow,fc-wpli,all-patient,True,13,1.0,0.1,32,0.03,0.02
multimodal_psd-fc-wpli_gated_cnn,9,sub15,sub01;sub05;sub07;sub08;sub09;sub10;sub11;sub13;sub14;sub17;sub18;sub20;sub22;sub24;sub27;sub28;sub29,sub16,36,0.059780821204185486,7.696338717429283e-15,0.002,1e-05,1.0,1.0,True,False,multimodal,psd-fc-wpli,gated,cnn,True,finetune,segssl_barlow_all-patient_fc-wpli_finetune_seed13_pre20_proj32_mask0_03_noise0_02_mlp1_0_sup100,True,barlow,fc-wpli,all-patient,True,13,1.0,0.1,32,0.03,0.02
multimodal_psd-fc-wpli_gated_cnn,9,sub15,sub01;sub05;sub07;sub08;sub09;sub10;sub11;sub13;sub14;sub17;sub18;sub20;sub22;sub24;sub27;sub28;sub29,sub16,37,0.04952104389667511,1.4272467044752334e-15,0.002,1e-05,1.0,1.0,True,False,multimodal,psd-fc-wpli,gated,cnn,True,finetune,segssl_barlow_all-patient_fc-wpli_finetune_seed13_pre20_proj32_mask0_03_noise0_02_mlp1_0_sup100,True,barlow,fc-wpli,all-patient,True,13,1.0,0.1,32,0.03,0.02
multimodal_psd-fc-wpli_gated_cnn,9,sub15,sub01;sub05;sub07;sub08;sub09;sub10;sub11;sub13;sub14;sub17;sub18;sub20;sub22;sub24;sub27;sub28;sub29,sub16,38,0.04090525209903717,3.4236804383244843e-16,0.002,1e-05,1.0,1.0,True,False,multimodal,psd-fc-wpli,gated,cnn,True,finetune,segssl_barlow_all-patient_fc-wpli_finetune_seed13_pre20_proj32_mask0_03_noise0_02_mlp1_0_sup100,True,barlow,fc-wpli,all-patient,True,13,1.0,0.1,32,0.03,0.02
multimodal_psd-fc-wpli_gated_cnn,9,sub15,sub01;sub05;sub07;sub08;sub09;sub10;sub11;sub13;sub14;sub17;sub18;sub20;sub22;sub24;sub27;sub28;sub29,sub16,39,0.03373786434531212,1.4288531289294808e-16,0.002,1e-05,1.0,1.0,True,False,multimodal,psd-fc-wpli,gated,cnn,True,finetune,segssl_barlow_all-patient_fc-wpli_finetune_seed13_pre20_proj32_mask0_03_noise0_02_mlp1_0_sup100,True,barlow,fc-wpli,all-patient,True,13,1.0,0.1,32,0.03,0.02
multimodal_psd-fc-wpli_gated_cnn,9,sub15,sub01;sub05;sub07;sub08;sub09;sub10;sub11;sub13;sub14;sub17;sub18;sub20;sub22;sub24;sub27;sub28;sub29,sub16,40,0.02778523415327072,8.409828820796385e-17,0.002,1e-05,1.0,1.0,True,False,multimodal,psd-fc-wpli,gated,cnn,True,finetune,segssl_barlow_all-patient_fc-wpli_finetune_seed13_pre20_proj32_mask0_03_noise0_02_mlp1_0_sup100,True,barlow,fc-wpli,all-patient,True,13,1.0,0.1,32,0.03,0.02
multimodal_psd-fc-wpli_gated_cnn,9,sub15,sub01;sub05;sub07;sub08;sub09;sub10;sub11;sub13;sub14;sub17;sub18;sub20;sub22;sub24;sub27;sub28;sub29,sub16,41,0.022872891277074814,3.965466468015527e-17,0.002,1e-05,1.0,1.0,True,False,multimodal,psd-fc-wpli,gated,cnn,True,finetune,segssl_barlow_all-patient_fc-wpli_finetune_seed13_pre20_proj32_mask0_03_noise0_02_mlp1_0_sup100,True,barlow,fc-wpli,all-patient,True,13,1.0,0.1,32,0.03,0.02
multimodal_psd-fc-wpli_gated_cnn,9,sub15,sub01;sub05;sub07;sub08;sub09;sub10;sub11;sub13;sub14;sub17;sub18;sub20;sub22;sub24;sub27;sub28;sub29,sub16,42,0.01888664998114109,1.0534571098878272e-17,0.002,1e-05,1.0,1.0,True,False,multimodal,psd-fc-wpli,gated,cnn,True,finetune,segssl_barlow_all-patient_fc-wpli_finetune_seed13_pre20_proj32_mask0_03_noise0_02_mlp1_0_sup100,True,barlow,fc-wpli,all-patient,True,13,1.0,0.1,32,0.03,0.02
multimodal_psd-fc-wpli_gated_cnn,9,sub15,sub01;sub05;sub07;sub08;sub09;sub10;sub11;sub13;sub14;sub17;sub18;sub20;sub22;sub24;sub27;sub28;sub29,sub16,43,0.01560752373188734,1.7771563938347054e-18,0.002,1e-05,1.0,1.0,True,False,multimodal,psd-fc-wpli,gated,cnn,True,finetune,segssl_barlow_all-patient_fc-wpli_finetune_seed13_pre20_proj32_mask0_03_noise0_02_mlp1_0_sup100,True,barlow,fc-wpli,all-patient,True,13,1.0,0.1,32,0.03,0.02
multimodal_psd-fc-wpli_gated_cnn,9,sub15,sub01;sub05;sub07;sub08;sub09;sub10;sub11;sub13;sub14;sub17;sub18;sub20;sub22;sub24;sub27;sub28;sub29,sub16,44,0.012922952882945538,2.5984123769491103e-19,0.002,1e-05,1.0,1.0,True,False,multimodal,psd-fc-wpli,gated,cnn,True,finetune,segssl_barlow_all-patient_fc-wpli_finetune_seed13_pre20_proj32_mask0_03_noise0_02_mlp1_0_sup100,True,barlow,fc-wpli,all-patient,True,13,1.0,0.1,32,0.03,0.02
multimodal_psd-fc-wpli_gated_cnn,9,sub15,sub01;sub05;sub07;sub08;sub09;sub10;sub11;sub13;sub14;sub17;sub18;sub20;sub22;sub24;sub27;sub28;sub29,sub16,45,0.01075730100274086,4.352914219585852e-20,0.002,1e-05,1.0,1.0,True,False,multimodal,psd-fc-wpli,gated,cnn,True,finetune,segssl_barlow_all-patient_fc-wpli_finetune_seed13_pre20_proj32_mask0_03_noise0_02_mlp1_0_sup100,True,barlow,fc-wpli,all-patient,True,13,1.0,0.1,32,0.03,0.02
multimodal_psd-fc-wpli_gated_cnn,9,sub15,sub01;sub05;sub07;sub08;sub09;sub10;sub11;sub13;sub14;sub17;sub18;sub20;sub22;sub24;sub27;sub28;sub29,sub16,46,0.009003273211419582,1.0443686761649025e-20,0.002,1e-05,1.0,1.0,True,False,multimodal,psd-fc-wpli,gated,cnn,True,finetune,segssl_barlow_all-patient_fc-wpli_finetune_seed13_pre20_proj32_mask0_03_noise0_02_mlp1_0_sup100,True,barlow,fc-wpli,all-patient,True,13,1.0,0.1,32,0.03,0.02
multimodal_psd-fc-wpli_gated_cnn,9,sub15,sub01;sub05;sub07;sub08;sub09;sub10;sub11;sub13;sub14;sub17;sub18;sub20;sub22;sub24;sub27;sub28;sub29,sub16,47,0.0075715272687375546,3.2807027167038356e-21,0.002,1e-05,1.0,1.0,True,False,multimodal,psd-fc-wpli,gated,cnn,True,finetune,segssl_barlow_all-patient_fc-wpli_finetune_seed13_pre20_proj32_mask0_03_noise0_02_mlp1_0_sup100,True,barlow,fc-wpli,all-patient,True,13,1.0,0.1,32,0.03,0.02
multimodal_psd-fc-wpli_gated_cnn,9,sub15,sub01;sub05;sub07;sub08;sub09;sub10;sub11;sub13;sub14;sub17;sub18;sub20;sub22;sub24;sub27;sub28;sub29,sub16,48,0.006403268780559301,1.2072530393820422e-21,0.002,1e-05,1.0,1.0,True,False,multimodal,psd-fc-wpli,gated,cnn,True,finetune,segssl_barlow_all-patient_fc-wpli_finetune_seed13_pre20_proj32_mask0_03_noise0_02_mlp1_0_sup100,True,barlow,fc-wpli,all-patient,True,13,1.0,0.1,32,0.03,0.02
multimodal_psd-fc-wpli_gated_cnn,9,sub15,sub01;sub05;sub07;sub08;sub09;sub10;sub11;sub13;sub14;sub17;sub18;sub20;sub22;sub24;sub27;sub28;sub29,sub16,49,0.005452006123960018,4.7382691720562335e-22,0.002,1e-05,1.0,1.0,True,False,multimodal,psd-fc-wpli,gated,cnn,True,finetune,segssl_barlow_all-patient_fc-wpli_finetune_seed13_pre20_proj32_mask0_03_noise0_02_mlp1_0_sup100,True,barlow,fc-wpli,all-patient,True,13,1.0,0.1,32,0.03,0.02
multimodal_psd-fc-wpli_gated_cnn,9,sub15,sub01;sub05;sub07;sub08;sub09;sub10;sub11;sub13;sub14;sub17;sub18;sub20;sub22;sub24;sub27;sub28;sub29,sub16,50,0.004674491006880999,1.9128571860127939e-22,0.002,1e-05,1.0,1.0,True,False,multimodal,psd-fc-wpli,gated,cnn,True,finetune,segssl_barlow_all-patient_fc-wpli_finetune_seed13_pre20_proj32_mask0_03_noise0_02_mlp1_0_sup100,True,barlow,fc-wpli,all-patient,True,13,1.0,0.1,32,0.03,0.02
multimodal_psd-fc-wpli_gated_cnn,9,sub15,sub01;sub05;sub07;sub08;sub09;sub10;sub11;sub13;sub14;sub17;sub18;sub20;sub22;sub24;sub27;sub28;sub29,sub16,51,0.004033153876662254,7.636822321747848e-23,0.002,1e-05,1.0,1.0,True,False,multimodal,psd-fc-wpli,gated,cnn,True,finetune,segssl_barlow_all-patient_fc-wpli_finetune_seed13_pre20_proj32_mask0_03_noise0_02_mlp1_0_sup100,True,barlow,fc-wpli,all-patient,True,13,1.0,0.1,32,0.03,0.02
multimodal_psd-fc-wpli_gated_cnn,9,sub15,sub01;sub05;sub07;sub08;sub09;sub10;sub11;sub13;sub14;sub17;sub18;sub20;sub22;sub24;sub27;sub28;sub29,sub16,52,0.0035008795093744993,3.022932974835556e-23,0.002,1e-05,1.0,1.0,True,False,multimodal,psd-fc-wpli,gated,cnn,True,finetune,segssl_barlow_all-patient_fc-wpli_finetune_seed13_pre20_proj32_mask0_03_noise0_02_mlp1_0_sup100,True,barlow,fc-wpli,all-patient,True,13,1.0,0.1,32,0.03,0.02
multimodal_psd-fc-wpli_gated_cnn,9,sub15,sub01;sub05;sub07;sub08;sub09;sub10;sub11;sub13;sub14;sub17;sub18;sub20;sub22;sub24;sub27;sub28;sub29,sub16,53,0.003059436334297061,1.1955379500685308e-23,0.002,1e-05,1.0,1.0,True,False,multimodal,psd-fc-wpli,gated,cnn,True,finetune,segssl_barlow_all-patient_fc-wpli_finetune_seed13_pre20_proj32_mask0_03_noise0_02_mlp1_0_sup100,True,barlow,fc-wpli,all-patient,True,13,1.0,0.1,32,0.03,0.02
multimodal_psd-fc-wpli_gated_cnn,9,sub15,sub01;sub05;sub07;sub08;sub09;sub10;sub11;sub13;sub14;sub17;sub18;sub20;sub22;sub24;sub27;sub28;sub29,sub16,54,0.002692515030503273,4.887423631467966e-24,0.002,1e-05,1.0,1.0,True,False,multimodal,psd-fc-wpli,gated,cnn,True,finetune,segssl_barlow_all-patient_fc-wpli_finetune_seed13_pre20_proj32_mask0_03_noise0_02_mlp1_0_sup100,True,barlow,fc-wpli,all-patient,True,13,1.0,0.1,32,0.03,0.02
multimodal_psd-fc-wpli_gated_cnn,9,sub15,sub01;sub05;sub07;sub08;sub09;sub10;sub11;sub13;sub14;sub17;sub18;sub20;sub22;sub24;sub27;sub28;sub29,sub16,55,0.0023853350430727005,2.1295771480832083e-24,0.002,1e-05,1.0,1.0,True,False,multimodal,psd-fc-wpli,gated,cnn,True,finetune,segssl_barlow_all-patient_fc-wpli_finetune_seed13_pre20_proj32_mask0_03_noise0_02_mlp1_0_sup100,True,barlow,fc-wpli,all-patient,True,13,1.0,0.1,32,0.03,0.02
multimodal_psd-fc-wpli_gated_cnn,9,sub15,sub01;sub05;sub07;sub08;sub09;sub10;sub11;sub13;sub14;sub17;sub18;sub20;sub22;sub24;sub27;sub28;sub29,sub16,56,0.0021271738223731518,1.0184433902903223e-24,0.002,1e-05,1.0,1.0,True,False,multimodal,psd-fc-wpli,gated,cnn,True,finetune,segssl_barlow_all-patient_fc-wpli_finetune_seed13_pre20_proj32_mask0_03_noise0_02_mlp1_0_sup100,True,barlow,fc-wpli,all-patient,True,13,1.0,0.1,32,0.03,0.02
multimodal_psd-fc-wpli_gated_cnn,9,sub15,sub01;sub05;sub07;sub08;sub09;sub10;sub11;sub13;sub14;sub17;sub18;sub20;sub22;sub24;sub27;sub28;sub29,sub16,57,0.0019089945126324892,5.473840247265854e-25,0.002,1e-05,1.0,1.0,True,False,multimodal,psd-fc-wpli,gated,cnn,True,finetune,segssl_barlow_all-patient_fc-wpli_finetune_seed13_pre20_proj32_mask0_03_noise0_02_mlp1_0_sup100,True,barlow,fc-wpli,all-patient,True,13,1.0,0.1,32,0.03,0.02
multimodal_psd-fc-wpli_gated_cnn,9,sub15,sub01;sub05;sub07;sub08;sub09;sub10;sub11;sub13;sub14;sub17;sub18;sub20;sub22;sub24;sub27;sub28;sub29,sub16,58,0.001723331748507917,3.307688845211045e-25,0.002,1e-05,1.0,1.0,True,False,multimodal,psd-fc-wpli,gated,cnn,True,finetune,segssl_barlow_all-patient_fc-wpli_finetune_seed13_pre20_proj32_mask0_03_noise0_02_mlp1_0_sup100,True,barlow,fc-wpli,all-patient,True,13,1.0,0.1,32,0.03,0.02
multimodal_psd-fc-wpli_gated_cnn,9,sub15,sub01;sub05;sub07;sub08;sub09;sub10;sub11;sub13;sub14;sub17;sub18;sub20;sub22;sub24;sub27;sub28;sub29,sub16,59,0.0015647771069779992,2.2144003536894226e-25,0.002,1e-05,1.0,1.0,True,False,multimodal,psd-fc-wpli,gated,cnn,True,finetune,segssl_barlow_all-patient_fc-wpli_finetune_seed13_pre20_proj32_mask0_03_noise0_02_mlp1_0_sup100,True,barlow,fc-wpli,all-patient,True,13,1.0,0.1,32,0.03,0.02
multimodal_psd-fc-wpli_gated_cnn,9,sub15,sub01;sub05;sub07;sub08;sub09;sub10;sub11;sub13;sub14;sub17;sub18;sub20;sub22;sub24;sub27;sub28;sub29,sub16,60,0.0014290513936430216,1.552294481535938e-25,0.002,1e-05,1.0,1.0,True,False,multimodal,psd-fc-wpli,gated,cnn,True,finetune,segssl_barlow_all-patient_fc-wpli_finetune_seed13_pre20_proj32_mask0_03_noise0_02_mlp1_0_sup100,True,barlow,fc-wpli,all-patient,True,13,1.0,0.1,32,0.03,0.02
multimodal_psd-fc-wpli_gated_cnn,9,sub15,sub01;sub05;sub07;sub08;sub09;sub10;sub11;sub13;sub14;sub17;sub18;sub20;sub22;sub24;sub27;sub28;sub29,sub16,61,0.0013127222191542387,1.125869556242898e-25,0.002,1e-05,1.0,1.0,True,False,multimodal,psd-fc-wpli,gated,cnn,True,finetune,segssl_barlow_all-patient_fc-wpli_finetune_seed13_pre20_proj32_mask0_03_noise0_02_mlp1_0_sup100,True,barlow,fc-wpli,all-patient,True,13,1.0,0.1,32,0.03,0.02
multimodal_psd-fc-wpli_gated_cnn,9,sub15,sub01;sub05;sub07;sub08;sub09;sub10;sub11;sub13;sub14;sub17;sub18;sub20;sub22;sub24;sub27;sub28;sub29,sub16,62,0.0012119103921577334,8.483221587686607e-26,0.002,1e-05,1.0,1.0,True,False,multimodal,psd-fc-wpli,gated,cnn,True,finetune,segssl_barlow_all-patient_fc-wpli_finetune_seed13_pre20_proj32_mask0_03_noise0_02_mlp1_0_sup100,True,barlow,fc-wpli,all-patient,True,13,1.0,0.1,32,0.03,0.02
multimodal_psd-fc-wpli_gated_cnn,9,sub15,sub01;sub05;sub07;sub08;sub09;sub10;sub11;sub13;sub14;sub17;sub18;sub20;sub22;sub24;sub27;sub28;sub29,sub16,63,0.0011241888860240579,6.538941382789249e-26,0.002,1e-05,1.0,1.0,True,False,multimodal,psd-fc-wpli,gated,cnn,True,finetune,segssl_barlow_all-patient_fc-wpli_finetune_seed13_pre20_proj32_mask0_03_noise0_02_mlp1_0_sup100,True,barlow,fc-wpli,all-patient,True,13,1.0,0.1,32,0.03,0.02
multimodal_psd-fc-wpli_gated_cnn,9,sub15,sub01;sub05;sub07;sub08;sub09;sub10;sub11;sub13;sub14;sub17;sub18;sub20;sub22;sub24;sub27;sub28;sub29,sub16,64,0.0010476033203303814,5.173044132838622e-26,0.002,1e-05,1.0,1.0,True,False,multimodal,psd-fc-wpli,gated,cnn,True,finetune,segssl_barlow_all-patient_fc-wpli_finetune_seed13_pre20_proj32_mask0_03_noise0_02_mlp1_0_sup100,True,barlow,fc-wpli,all-patient,True,13,1.0,0.1,32,0.03,0.02
multimodal_psd-fc-wpli_gated_cnn,9,sub15,sub01;sub05;sub07;sub08;sub09;sub10;sub11;sub13;sub14;sub17;sub18;sub20;sub22;sub24;sub27;sub28;sub29,sub16,65,0.0009804096771404147,4.2896844704455375e-26,0.002,1e-05,1.0,1.0,True,False,multimodal,psd-fc-wpli,gated,cnn,True,finetune,segssl_barlow_all-patient_fc-wpli_finetune_seed13_pre20_proj32_mask0_03_noise0_02_mlp1_0_sup100,True,barlow,fc-wpli,all-patient,True,13,1.0,0.1,32,0.03,0.02
multimodal_psd-fc-wpli_gated_cnn,9,sub15,sub01;sub05;sub07;sub08;sub09;sub10;sub11;sub13;sub14;sub17;sub18;sub20;sub22;sub24;sub27;sub28;sub29,sub16,66,0.0009212907170876861,3.7450986586092874e-26,0.002,1e-05,1.0,1.0,True,False,multimodal,psd-fc-wpli,gated,cnn,True,finetune,segssl_barlow_all-patient_fc-wpli_finetune_seed13_pre20_proj32_mask0_03_noise0_02_mlp1_0_sup100,True,barlow,fc-wpli,all-patient,True,13,1.0,0.1,32,0.03,0.02
multimodal_psd-fc-wpli_gated_cnn,9,sub15,sub01;sub05;sub07;sub08;sub09;sub10;sub11;sub13;sub14;sub17;sub18;sub20;sub22;sub24;sub27;sub28;sub29,sub16,67,0.0008689102833159268,3.417100154979706e-26,0.002,1e-05,1.0,1.0,True,False,multimodal,psd-fc-wpli,gated,cnn,True,finetune,segssl_barlow_all-patient_fc-wpli_finetune_seed13_pre20_proj32_mask0_03_noise0_02_mlp1_0_sup100,True,barlow,fc-wpli,all-patient,True,13,1.0,0.1,32,0.03,0.02
multimodal_psd-fc-wpli_gated_cnn,9,sub15,sub01;sub05;sub07;sub08;sub09;sub10;sub11;sub13;sub14;sub17;sub18;sub20;sub22;sub24;sub27;sub28;sub29,sub16,68,0.0008223069016821682,3.203010392724919e-26,0.002,1e-05,1.0,1.0,True,False,multimodal,psd-fc-wpli,gated,cnn,True,finetune,segssl_barlow_all-patient_fc-wpli_finetune_seed13_pre20_proj32_mask0_03_noise0_02_mlp1_0_sup100,True,barlow,fc-wpli,all-patient,True,13,1.0,0.1,32,0.03,0.02
multimodal_psd-fc-wpli_gated_cnn,9,sub15,sub01;sub05;sub07;sub08;sub09;sub10;sub11;sub13;sub14;sub17;sub18;sub20;sub22;sub24;sub27;sub28;sub29,sub16,69,0.0007807389483787119,3.067734614175115e-26,0.002,1e-05,1.0,1.0,True,False,multimodal,psd-fc-wpli,gated,cnn,True,finetune,segssl_barlow_all-patient_fc-wpli_finetune_seed13_pre20_proj32_mask0_03_noise0_02_mlp1_0_sup100,True,barlow,fc-wpli,all-patient,True,13,1.0,0.1,32,0.03,0.02
multimodal_psd-fc-wpli_gated_cnn,9,sub15,sub01;sub05;sub07;sub08;sub09;sub10;sub11;sub13;sub14;sub17;sub18;sub20;sub22;sub24;sub27;sub28;sub29,sub16,70,0.0007434634608216584,3.000788673010632e-26,0.002,1e-05,1.0,1.0,True,False,multimodal,psd-fc-wpli,gated,cnn,True,finetune,segssl_barlow_all-patient_fc-wpli_finetune_seed13_pre20_proj32_mask0_03_noise0_02_mlp1_0_sup100,True,barlow,fc-wpli,all-patient,True,13,1.0,0.1,32,0.03,0.02
multimodal_psd-fc-wpli_gated_cnn,9,sub15,sub01;sub05;sub07;sub08;sub09;sub10;sub11;sub13;sub14;sub17;sub18;sub20;sub22;sub24;sub27;sub28;sub29,sub16,71,0.0007100181537680328,2.987311477482997e-26,0.002,1e-05,1.0,1.0,True,False,multimodal,psd-fc-wpli,gated,cnn,True,finetune,segssl_barlow_all-patient_fc-wpli_finetune_seed13_pre20_proj32_mask0_03_noise0_02_mlp1_0_sup100,True,barlow,fc-wpli,all-patient,True,13,1.0,0.1,32,0.03,0.02
multimodal_psd-fc-wpli_gated_cnn,9,sub15,sub01;sub05;sub07;sub08;sub09;sub10;sub11;sub13;sub14;sub17;sub18;sub20;sub22;sub24;sub27;sub28;sub29,sub16,72,0.0006798554095439613,2.9785270798950535e-26,0.002,1e-05,1.0,1.0,True,False,multimodal,psd-fc-wpli,gated,cnn,True,finetune,segssl_barlow_all-patient_fc-wpli_finetune_seed13_pre20_proj32_mask0_03_noise0_02_mlp1_0_sup100,True,barlow,fc-wpli,all-patient,True,13,1.0,0.1,32,0.03,0.02
multimodal_psd-fc-wpli_gated_cnn,9,sub15,sub01;sub05;sub07;sub08;sub09;sub10;sub11;sub13;sub14;sub17;sub18;sub20;sub22;sub24;sub27;sub28;sub29,sub16,73,0.000652504269964993,2.9330988606644296e-26,0.002,1e-05,1.0,1.0,True,False,multimodal,psd-fc-wpli,gated,cnn,True,finetune,segssl_barlow_all-patient_fc-wpli_finetune_seed13_pre20_proj32_mask0_03_noise0_02_mlp1_0_sup100,True,barlow,fc-wpli,all-patient,True,13,1.0,0.1,32,0.03,0.02
multimodal_psd-fc-wpli_gated_cnn,9,sub15,sub01;sub05;sub07;sub08;sub09;sub10;sub11;sub13;sub14;sub17;sub18;sub20;sub22;sub24;sub27;sub28;sub29,sub16,74,0.0006276702042669058,2.844624720507191e-26,0.002,1e-05,1.0,1.0,True,False,multimodal,psd-fc-wpli,gated,cnn,True,finetune,segssl_barlow_all-patient_fc-wpli_finetune_seed13_pre20_proj32_mask0_03_noise0_02_mlp1_0_sup100,True,barlow,fc-wpli,all-patient,True,13,1.0,0.1,32,0.03,0.02
multimodal_psd-fc-wpli_gated_cnn,9,sub15,sub01;sub05;sub07;sub08;sub09;sub10;sub11;sub13;sub14;sub17;sub18;sub20;sub22;sub24;sub27;sub28;sub29,sub16,75,0.0006049777148291469,2.7373821619303055e-26,0.002,1e-05,1.0,1.0,True,False,multimodal,psd-fc-wpli,gated,cnn,True,finetune,segssl_barlow_all-patient_fc-wpli_finetune_seed13_pre20_proj32_mask0_03_noise0_02_mlp1_0_sup100,True,barlow,fc-wpli,all-patient,True,13,1.0,0.1,32,0.03,0.02
multimodal_psd-fc-wpli_gated_cnn,9,sub15,sub01;sub05;sub07;sub08;sub09;sub10;sub11;sub13;sub14;sub17;sub18;sub20;sub22;sub24;sub27;sub28;sub29,sub16,76,0.0005842699320055544,2.6409131013879266e-26,0.002,1e-05,1.0,1.0,True,False,multimodal,psd-fc-wpli,gated,cnn,True,finetune,segssl_barlow_all-patient_fc-wpli_finetune_seed13_pre20_proj32_mask0_03_noise0_02_mlp1_0_sup100,True,barlow,fc-wpli,all-patient,True,13,1.0,0.1,32,0.03,0.02
multimodal_psd-fc-wpli_gated_cnn,9,sub15,sub01;sub05;sub07;sub08;sub09;sub10;sub11;sub13;sub14;sub17;sub18;sub20;sub22;sub24;sub27;sub28;sub29,sub16,77,0.0005653796251863241,2.5495941315912347e-26,0.002,1e-05,1.0,1.0,True,False,multimodal,psd-fc-wpli,gated,cnn,True,finetune,segssl_barlow_all-patient_fc-wpli_finetune_seed13_pre20_proj32_mask0_03_noise0_02_mlp1_0_sup100,True,barlow,fc-wpli,all-patient,True,13,1.0,0.1,32,0.03,0.02
multimodal_psd-fc-wpli_gated_cnn,9,sub15,sub01;sub05;sub07;sub08;sub09;sub10;sub11;sub13;sub14;sub17;sub18;sub20;sub22;sub24;sub27;sub28;sub29,sub16,78,0.0005480459076352417,2.4694739051607702e-26,0.002,1e-05,1.0,1.0,True,False,multimodal,psd-fc-wpli,gated,cnn,True,finetune,segssl_barlow_all-patient_fc-wpli_finetune_seed13_pre20_proj32_mask0_03_noise0_02_mlp1_0_sup100,True,barlow,fc-wpli,all-patient,True,13,1.0,0.1,32,0.03,0.02
multimodal_psd-fc-wpli_gated_cnn,9,sub15,sub01;sub05;sub07;sub08;sub09;sub10;sub11;sub13;sub14;sub17;sub18;sub20;sub22;sub24;sub27;sub28;sub29,sub16,79,0.000532042293343693,2.3861028630585756e-26,0.002,1e-05,1.0,1.0,True,False,multimodal,psd-fc-wpli,gated,cnn,True,finetune,segssl_barlow_all-patient_fc-wpli_finetune_seed13_pre20_proj32_mask0_03_noise0_02_mlp1_0_sup100,True,barlow,fc-wpli,all-patient,True,13,1.0,0.1,32,0.03,0.02
multimodal_psd-fc-wpli_gated_cnn,9,sub15,sub01;sub05;sub07;sub08;sub09;sub10;sub11;sub13;sub14;sub17;sub18;sub20;sub22;sub24;sub27;sub28;sub29,sub16,80,0.000517218722961843,2.3017414307417793e-26,0.002,1e-05,1.0,1.0,True,False,multimodal,psd-fc-wpli,gated,cnn,True,finetune,segssl_barlow_all-patient_fc-wpli_finetune_seed13_pre20_proj32_mask0_03_noise0_02_mlp1_0_sup100,True,barlow,fc-wpli,all-patient,True,13,1.0,0.1,32,0.03,0.02
multimodal_psd-fc-wpli_gated_cnn,9,sub15,sub01;sub05;sub07;sub08;sub09;sub10;sub11;sub13;sub14;sub17;sub18;sub20;sub22;sub24;sub27;sub28;sub29,sub16,81,0.0005034467903897166,2.213360505593849e-26,0.002,1e-05,1.0,1.0,True,False,multimodal,psd-fc-wpli,gated,cnn,True,finetune,segssl_barlow_all-patient_fc-wpli_finetune_seed13_pre20_proj32_mask0_03_noise0_02_mlp1_0_sup100,True,barlow,fc-wpli,all-patient,True,13,1.0,0.1,32,0.03,0.02
multimodal_psd-fc-wpli_gated_cnn,9,sub15,sub01;sub05;sub07;sub08;sub09;sub10;sub11;sub13;sub14;sub17;sub18;sub20;sub22;sub24;sub27;sub28;sub29,sub16,82,0.0004906411631964147,2.1167376788047102e-26,0.002,1e-05,1.0,1.0,True,False,multimodal,psd-fc-wpli,gated,cnn,True,finetune,segssl_barlow_all-patient_fc-wpli_finetune_seed13_pre20_proj32_mask0_03_noise0_02_mlp1_0_sup100,True,barlow,fc-wpli,all-patient,True,13,1.0,0.1,32,0.03,0.02
multimodal_psd-fc-wpli_gated_cnn,9,sub15,sub01;sub05;sub07;sub08;sub09;sub10;sub11;sub13;sub14;sub17;sub18;sub20;sub22;sub24;sub27;sub28;sub29,sub16,83,0.0004786633653566241,2.0149339463907743e-26,0.002,1e-05,1.0,1.0,True,False,multimodal,psd-fc-wpli,gated,cnn,True,finetune,segssl_barlow_all-patient_fc-wpli_finetune_seed13_pre20_proj32_mask0_03_noise0_02_mlp1_0_sup100,True,barlow,fc-wpli,all-patient,True,13,1.0,0.1,32,0.03,0.02
multimodal_psd-fc-wpli_gated_cnn,9,sub15,sub01;sub05;sub07;sub08;sub09;sub10;sub11;sub13;sub14;sub17;sub18;sub20;sub22;sub24;sub27;sub28;sub29,sub16,84,0.00046742509584873915,1.9066681797530347e-26,0.002,1e-05,1.0,1.0,True,False,multimodal,psd-fc-wpli,gated,cnn,True,finetune,segssl_barlow_all-patient_fc-wpli_finetune_seed13_pre20_proj32_mask0_03_noise0_02_mlp1_0_sup100,True,barlow,fc-wpli,all-patient,True,13,1.0,0.1,32,0.03,0.02
multimodal_psd-fc-wpli_gated_cnn,9,sub15,sub01;sub05;sub07;sub08;sub09;sub10;sub11;sub13;sub14;sub17;sub18;sub20;sub22;sub24;sub27;sub28;sub29,sub16,85,0.000456835376098752,1.7934324353380072e-26,0.002,1e-05,1.0,1.0,True,False,multimodal,psd-fc-wpli,gated,cnn,True,finetune,segssl_barlow_all-patient_fc-wpli_finetune_seed13_pre20_proj32_mask0_03_noise0_02_mlp1_0_sup100,True,barlow,fc-wpli,all-patient,True,13,1.0,0.1,32,0.03,0.02
multimodal_psd-fc-wpli_gated_cnn,9,sub15,sub01;sub05;sub07;sub08;sub09;sub10;sub11;sub13;sub14;sub17;sub18;sub20;sub22;sub24;sub27;sub28;sub29,sub16,86,0.0004468218539841473,1.66503761929351e-26,0.002,1e-05,1.0,1.0,True,False,multimodal,psd-fc-wpli,gated,cnn,True,finetune,segssl_barlow_all-patient_fc-wpli_finetune_seed13_pre20_proj32_mask0_03_noise0_02_mlp1_0_sup100,True,barlow,fc-wpli,all-patient,True,13,1.0,0.1,32,0.03,0.02
multimodal_psd-fc-wpli_gated_cnn,9,sub15,sub01;sub05;sub07;sub08;sub09;sub10;sub11;sub13;sub14;sub17;sub18;sub20;sub22;sub24;sub27;sub28;sub29,sub16,87,0.0004373644769657403,1.52652612436274e-26,0.002,1e-05,1.0,1.0,True,False,multimodal,psd-fc-wpli,gated,cnn,True,finetune,segssl_barlow_all-patient_fc-wpli_finetune_seed13_pre20_proj32_mask0_03_noise0_02_mlp1_0_sup100,True,barlow,fc-wpli,all-patient,True,13,1.0,0.1,32,0.03,0.02
multimodal_psd-fc-wpli_gated_cnn,9,sub15,sub01;sub05;sub07;sub08;sub09;sub10;sub11;sub13;sub14;sub17;sub18;sub20;sub22;sub24;sub27;sub28;sub29,sub16,88,0.00042840998503379524,1.3850539358470622e-26,0.002,1e-05,1.0,1.0,True,False,multimodal,psd-fc-wpli,gated,cnn,True,finetune,segssl_barlow_all-patient_fc-wpli_finetune_seed13_pre20_proj32_mask0_03_noise0_02_mlp1_0_sup100,True,barlow,fc-wpli,all-patient,True,13,1.0,0.1,32,0.03,0.02
multimodal_psd-fc-wpli_gated_cnn,9,sub15,sub01;sub05;sub07;sub08;sub09;sub10;sub11;sub13;sub14;sub17;sub18;sub20;sub22;sub24;sub27;sub28;sub29,sub16,89,0.00041984941344708204,1.2436541622972936e-26,0.002,1e-05,1.0,1.0,True,False,multimodal,psd-fc-wpli,gated,cnn,True,finetune,segssl_barlow_all-patient_fc-wpli_finetune_seed13_pre20_proj32_mask0_03_noise0_02_mlp1_0_sup100,True,barlow,fc-wpli,all-patient,True,13,1.0,0.1,32,0.03,0.02
multimodal_psd-fc-wpli_gated_cnn,9,sub15,sub01;sub05;sub07;sub08;sub09;sub10;sub11;sub13;sub14;sub17;sub18;sub20;sub22;sub24;sub27;sub28;sub29,sub16,90,0.0004116271447855979,1.1092685485677854e-26,0.002,1e-05,1.0,1.0,True,False,multimodal,psd-fc-wpli,gated,cnn,True,finetune,segssl_barlow_all-patient_fc-wpli_finetune_seed13_pre20_proj32_mask0_03_noise0_02_mlp1_0_sup100,True,barlow,fc-wpli,all-patient,True,13,1.0,0.1,32,0.03,0.02
multimodal_psd-fc-wpli_gated_cnn,9,sub15,sub01;sub05;sub07;sub08;sub09;sub10;sub11;sub13;sub14;sub17;sub18;sub20;sub22;sub24;sub27;sub28;sub29,sub16,91,0.00040363339940086007,9.897929452073388e-27,0.002,1e-05,1.0,1.0,True,False,multimodal,psd-fc-wpli,gated,cnn,True,finetune,segssl_barlow_all-patient_fc-wpli_finetune_seed13_pre20_proj32_mask0_03_noise0_02_mlp1_0_sup100,True,barlow,fc-wpli,all-patient,True,13,1.0,0.1,32,0.03,0.02
multimodal_psd-fc-wpli_gated_cnn,9,sub15,sub01;sub05;sub07;sub08;sub09;sub10;sub11;sub13;sub14;sub17;sub18;sub20;sub22;sub24;sub27;sub28;sub29,sub16,92,0.0003958696615882218,8.842644642809579e-27,0.002,1e-05,1.0,1.0,True,False,multimodal,psd-fc-wpli,gated,cnn,True,finetune,segssl_barlow_all-patient_fc-wpli_finetune_seed13_pre20_proj32_mask0_03_noise0_02_mlp1_0_sup100,True,barlow,fc-wpli,all-patient,True,13,1.0,0.1,32,0.03,0.02
multimodal_psd-fc-wpli_gated_cnn,9,sub15,sub01;sub05;sub07;sub08;sub09;sub10;sub11;sub13;sub14;sub17;sub18;sub20;sub22;sub24;sub27;sub28;sub29,sub16,93,0.000388245825888589,7.95314850539049e-27,0.002,1e-05,1.0,1.0,True,False,multimodal,psd-fc-wpli,gated,cnn,True,finetune,segssl_barlow_all-patient_fc-wpli_finetune_seed13_pre20_proj32_mask0_03_noise0_02_mlp1_0_sup100,True,barlow,fc-wpli,all-patient,True,13,1.0,0.1,32,0.03,0.02
multimodal_psd-fc-wpli_gated_cnn,9,sub15,sub01;sub05;sub07;sub08;sub09;sub10;sub11;sub13;sub14;sub17;sub18;sub20;sub22;sub24;sub27;sub28;sub29,sub16,94,0.0003807621542364359,7.200381838443228e-27,0.002,1e-05,1.0,1.0,True,False,multimodal,psd-fc-wpli,gated,cnn,True,finetune,segssl_barlow_all-patient_fc-wpli_finetune_seed13_pre20_proj32_mask0_03_noise0_02_mlp1_0_sup100,True,barlow,fc-wpli,all-patient,True,13,1.0,0.1,32,0.03,0.02
multimodal_psd-fc-wpli_gated_cnn,9,sub15,sub01;sub05;sub07;sub08;sub09;sub10;sub11;sub13;sub14;sub17;sub18;sub20;sub22;sub24;sub27;sub28;sub29,sub16,95,0.00037336323293857276,6.53876404315997e-27,0.002,1e-05,1.0,1.0,True,False,multimodal,psd-fc-wpli,gated,cnn,True,finetune,segssl_barlow_all-patient_fc-wpli_finetune_seed13_pre20_proj32_mask0_03_noise0_02_mlp1_0_sup100,True,barlow,fc-wpli,all-patient,True,13,1.0,0.1,32,0.03,0.02
multimodal_psd-fc-wpli_gated_cnn,9,sub15,sub01;sub05;sub07;sub08;sub09;sub10;sub11;sub13;sub14;sub17;sub18;sub20;sub22;sub24;sub27;sub28;sub29,sub16,96,0.00036606923094950616,5.971740223025235e-27,0.002,1e-05,1.0,1.0,True,False,multimodal,psd-fc-wpli,gated,cnn,True,finetune,segssl_barlow_all-patient_fc-wpli_finetune_seed13_pre20_proj32_mask0_03_noise0_02_mlp1_0_sup100,True,barlow,fc-wpli,all-patient,True,13,1.0,0.1,32,0.03,0.02
multimodal_psd-fc-wpli_gated_cnn,9,sub15,sub01;sub05;sub07;sub08;sub09;sub10;sub11;sub13;sub14;sub17;sub18;sub20;sub22;sub24;sub27;sub28;sub29,sub16,97,0.00035881169606000185,5.4736465911580864e-27,0.002,1e-05,1.0,1.0,True,False,multimodal,psd-fc-wpli,gated,cnn,True,finetune,segssl_barlow_all-patient_fc-wpli_finetune_seed13_pre20_proj32_mask0_03_noise0_02_mlp1_0_sup100,True,barlow,fc-wpli,all-patient,True,13,1.0,0.1,32,0.03,0.02
multimodal_psd-fc-wpli_gated_cnn,9,sub15,sub01;sub05;sub07;sub08;sub09;sub10;sub11;sub13;sub14;sub17;sub18;sub20;sub22;sub24;sub27;sub28;sub29,sub16,98,0.00035159732215106487,4.991270473567082e-27,0.002,1e-05,1.0,1.0,True,False,multimodal,psd-fc-wpli,gated,cnn,True,finetune,segssl_barlow_all-patient_fc-wpli_finetune_seed13_pre20_proj32_mask0_03_noise0_02_mlp1_0_sup100,True,barlow,fc-wpli,all-patient,True,13,1.0,0.1,32,0.03,0.02
multimodal_psd-fc-wpli_gated_cnn,9,sub15,sub01;sub05;sub07;sub08;sub09;sub10;sub11;sub13;sub14;sub17;sub18;sub20;sub22;sub24;sub27;sub28;sub29,sub16,99,0.00034446438075974584,4.525901087756994e-27,0.002,1e-05,1.0,1.0,True,False,multimodal,psd-fc-wpli,gated,cnn,True,finetune,segssl_barlow_all-patient_fc-wpli_finetune_seed13_pre20_proj32_mask0_03_noise0_02_mlp1_0_sup100,True,barlow,fc-wpli,all-patient,True,13,1.0,0.1,32,0.03,0.02
multimodal_psd-fc-wpli_gated_cnn,9,sub15,sub01;sub05;sub07;sub08;sub09;sub10;sub11;sub13;sub14;sub17;sub18;sub20;sub22;sub24;sub27;sub28;sub29,sub16,100,0.0003374096122570336,4.0231016386637295e-27,0.002,1e-05,1.0,1.0,True,False,multimodal,psd-fc-wpli,gated,cnn,True,finetune,segssl_barlow_all-patient_fc-wpli_finetune_seed13_pre20_proj32_mask0_03_noise0_02_mlp1_0_sup100,True,barlow,fc-wpli,all-patient,True,13,1.0,0.1,32,0.03,0.02
multimodal_psd-fc-wpli_gated_cnn,10,sub16,sub01;sub05;sub07;sub08;sub09;sub10;sub11;sub13;sub14;sub15;sub18;sub20;sub22;sub24;sub27;sub28;sub29,sub17,1,0.6946642398834229,0.6739199757575989,0.002,1e-05,1.0,1.0,True,False,multimodal,psd-fc-wpli,gated,cnn,True,finetune,segssl_barlow_all-patient_fc-wpli_finetune_seed13_pre20_proj32_mask0_03_noise0_02_mlp1_0_sup100,True,barlow,fc-wpli,all-patient,True,13,1.0,0.1,32,0.03,0.02
multimodal_psd-fc-wpli_gated_cnn,10,sub16,sub01;sub05;sub07;sub08;sub09;sub10;sub11;sub13;sub14;sub15;sub18;sub20;sub22;sub24;sub27;sub28;sub29,sub17,2,0.6877179741859436,0.6651937961578369,0.002,1e-05,1.0,1.0,True,False,multimodal,psd-fc-wpli,gated,cnn,True,finetune,segssl_barlow_all-patient_fc-wpli_finetune_seed13_pre20_proj32_mask0_03_noise0_02_mlp1_0_sup100,True,barlow,fc-wpli,all-patient,True,13,1.0,0.1,32,0.03,0.02
multimodal_psd-fc-wpli_gated_cnn,10,sub16,sub01;sub05;sub07;sub08;sub09;sub10;sub11;sub13;sub14;sub15;sub18;sub20;sub22;sub24;sub27;sub28;sub29,sub17,3,0.6813067197799683,0.652018129825592,0.002,1e-05,1.0,1.0,True,False,multimodal,psd-fc-wpli,gated,cnn,True,finetune,segssl_barlow_all-patient_fc-wpli_finetune_seed13_pre20_proj32_mask0_03_noise0_02_mlp1_0_sup100,True,barlow,fc-wpli,all-patient,True,13,1.0,0.1,32,0.03,0.02
multimodal_psd-fc-wpli_gated_cnn,10,sub16,sub01;sub05;sub07;sub08;sub09;sub10;sub11;sub13;sub14;sub15;sub18;sub20;sub22;sub24;sub27;sub28;sub29,sub17,4,0.6748046875,0.6380510330200195,0.002,1e-05,1.0,1.0,True,False,multimodal,psd-fc-wpli,gated,cnn,True,finetune,segssl_barlow_all-patient_fc-wpli_finetune_seed13_pre20_proj32_mask0_03_noise0_02_mlp1_0_sup100,True,barlow,fc-wpli,all-patient,True,13,1.0,0.1,32,0.03,0.02
multimodal_psd-fc-wpli_gated_cnn,10,sub16,sub01;sub05;sub07;sub08;sub09;sub10;sub11;sub13;sub14;sub15;sub18;sub20;sub22;sub24;sub27;sub28;sub29,sub17,5,0.6673268675804138,0.6230025291442871,0.002,1e-05,1.0,1.0,True,False,multimodal,psd-fc-wpli,gated,cnn,True,finetune,segssl_barlow_all-patient_fc-wpli_finetune_seed13_pre20_proj32_mask0_03_noise0_02_mlp1_0_sup100,True,barlow,fc-wpli,all-patient,True,13,1.0,0.1,32,0.03,0.02
multimodal_psd-fc-wpli_gated_cnn,10,sub16,sub01;sub05;sub07;sub08;sub09;sub10;sub11;sub13;sub14;sub15;sub18;sub20;sub22;sub24;sub27;sub28;sub29,sub17,6,0.6587862968444824,0.6075350642204285,0.002,1e-05,1.0,1.0,True,False,multimodal,psd-fc-wpli,gated,cnn,True,finetune,segssl_barlow_all-patient_fc-wpli_finetune_seed13_pre20_proj32_mask0_03_noise0_02_mlp1_0_sup100,True,barlow,fc-wpli,all-patient,True,13,1.0,0.1,32,0.03,0.02
multimodal_psd-fc-wpli_gated_cnn,10,sub16,sub01;sub05;sub07;sub08;sub09;sub10;sub11;sub13;sub14;sub15;sub18;sub20;sub22;sub24;sub27;sub28;sub29,sub17,7,0.6488414406776428,0.5923497676849365,0.002,1e-05,1.0,1.0,True,False,multimodal,psd-fc-wpli,gated,cnn,True,finetune,segssl_barlow_all-patient_fc-wpli_finetune_seed13_pre20_proj32_mask0_03_noise0_02_mlp1_0_sup100,True,barlow,fc-wpli,all-patient,True,13,1.0,0.1,32,0.03,0.02
multimodal_psd-fc-wpli_gated_cnn,10,sub16,sub01;sub05;sub07;sub08;sub09;sub10;sub11;sub13;sub14;sub15;sub18;sub20;sub22;sub24;sub27;sub28;sub29,sub17,8,0.6375649571418762,0.5773820281028748,0.002,1e-05,1.0,1.0,True,False,multimodal,psd-fc-wpli,gated,cnn,True,finetune,segssl_barlow_all-patient_fc-wpli_finetune_seed13_pre20_proj32_mask0_03_noise0_02_mlp1_0_sup100,True,barlow,fc-wpli,all-patient,True,13,1.0,0.1,32,0.03,0.02
multimodal_psd-fc-wpli_gated_cnn,10,sub16,sub01;sub05;sub07;sub08;sub09;sub10;sub11;sub13;sub14;sub15;sub18;sub20;sub22;sub24;sub27;sub28;sub29,sub17,9,0.6251777410507202,0.5626380443572998,0.002,1e-05,1.0,1.0,True,False,multimodal,psd-fc-wpli,gated,cnn,True,finetune,segssl_barlow_all-patient_fc-wpli_finetune_seed13_pre20_proj32_mask0_03_noise0_02_mlp1_0_sup100,True,barlow,fc-wpli,all-patient,True,13,1.0,0.1,32,0.03,0.02
multimodal_psd-fc-wpli_gated_cnn,10,sub16,sub01;sub05;sub07;sub08;sub09;sub10;sub11;sub13;sub14;sub15;sub18;sub20;sub22;sub24;sub27;sub28;sub29,sub17,10,0.6117965579032898,0.5506940484046936,0.002,1e-05,1.0,1.0,True,False,multimodal,psd-fc-wpli,gated,cnn,True,finetune,segssl_barlow_all-patient_fc-wpli_finetune_seed13_pre20_proj32_mask0_03_noise0_02_mlp1_0_sup100,True,barlow,fc-wpli,all-patient,True,13,1.0,0.1,32,0.03,0.02
multimodal_psd-fc-wpli_gated_cnn,10,sub16,sub01;sub05;sub07;sub08;sub09;sub10;sub11;sub13;sub14;sub15;sub18;sub20;sub22;sub24;sub27;sub28;sub29,sub17,11,0.5974693298339844,0.5426174402236938,0.002,1e-05,1.0,1.0,True,False,multimodal,psd-fc-wpli,gated,cnn,True,finetune,segssl_barlow_all-patient_fc-wpli_finetune_seed13_pre20_proj32_mask0_03_noise0_02_mlp1_0_sup100,True,barlow,fc-wpli,all-patient,True,13,1.0,0.1,32,0.03,0.02
multimodal_psd-fc-wpli_gated_cnn,10,sub16,sub01;sub05;sub07;sub08;sub09;sub10;sub11;sub13;sub14;sub15;sub18;sub20;sub22;sub24;sub27;sub28;sub29,sub17,12,0.5820467472076416,0.5405569076538086,0.002,1e-05,1.0,1.0,True,False,multimodal,psd-fc-wpli,gated,cnn,True,finetune,segssl_barlow_all-patient_fc-wpli_finetune_seed13_pre20_proj32_mask0_03_noise0_02_mlp1_0_sup100,True,barlow,fc-wpli,all-patient,True,13,1.0,0.1,32,0.03,0.02
multimodal_psd-fc-wpli_gated_cnn,10,sub16,sub01;sub05;sub07;sub08;sub09;sub10;sub11;sub13;sub14;sub15;sub18;sub20;sub22;sub24;sub27;sub28;sub29,sub17,13,0.565670371055603,0.5434243679046631,0.002,1e-05,1.0,1.0,False,False,multimodal,psd-fc-wpli,gated,cnn,True,finetune,segssl_barlow_all-patient_fc-wpli_finetune_seed13_pre20_proj32_mask0_03_noise0_02_mlp1_0_sup100,True,barlow,fc-wpli,all-patient,True,13,1.0,0.1,32,0.03,0.02
multimodal_psd-fc-wpli_gated_cnn,10,sub16,sub01;sub05;sub07;sub08;sub09;sub10;sub11;sub13;sub14;sub15;sub18;sub20;sub22;sub24;sub27;sub28;sub29,sub17,14,0.5484061241149902,0.5499367713928223,0.002,1e-05,1.0,1.0,False,False,multimodal,psd-fc-wpli,gated,cnn,True,finetune,segssl_barlow_all-patient_fc-wpli_finetune_seed13_pre20_proj32_mask0_03_noise0_02_mlp1_0_sup100,True,barlow,fc-wpli,all-patient,True,13,1.0,0.1,32,0.03,0.02
multimodal_psd-fc-wpli_gated_cnn,10,sub16,sub01;sub05;sub07;sub08;sub09;sub10;sub11;sub13;sub14;sub15;sub18;sub20;sub22;sub24;sub27;sub28;sub29,sub17,15,0.5299364924430847,0.5555453896522522,0.002,1e-05,1.0,1.0,False,False,multimodal,psd-fc-wpli,gated,cnn,True,finetune,segssl_barlow_all-patient_fc-wpli_finetune_seed13_pre20_proj32_mask0_03_noise0_02_mlp1_0_sup100,True,barlow,fc-wpli,all-patient,True,13,1.0,0.1,32,0.03,0.02
multimodal_psd-fc-wpli_gated_cnn,10,sub16,sub01;sub05;sub07;sub08;sub09;sub10;sub11;sub13;sub14;sub15;sub18;sub20;sub22;sub24;sub27;sub28;sub29,sub17,16,0.5106688141822815,0.559059739112854,0.002,1e-05,1.0,1.0,False,False,multimodal,psd-fc-wpli,gated,cnn,True,finetune,segssl_barlow_all-patient_fc-wpli_finetune_seed13_pre20_proj32_mask0_03_noise0_02_mlp1_0_sup100,True,barlow,fc-wpli,all-patient,True,13,1.0,0.1,32,0.03,0.02
multimodal_psd-fc-wpli_gated_cnn,10,sub16,sub01;sub05;sub07;sub08;sub09;sub10;sub11;sub13;sub14;sub15;sub18;sub20;sub22;sub24;sub27;sub28;sub29,sub17,17,0.4907929003238678,0.5571340322494507,0.002,1e-05,1.0,1.0,False,False,multimodal,psd-fc-wpli,gated,cnn,True,finetune,segssl_barlow_all-patient_fc-wpli_finetune_seed13_pre20_proj32_mask0_03_noise0_02_mlp1_0_sup100,True,barlow,fc-wpli,all-patient,True,13,1.0,0.1,32,0.03,0.02
multimodal_psd-fc-wpli_gated_cnn,10,sub16,sub01;sub05;sub07;sub08;sub09;sub10;sub11;sub13;sub14;sub15;sub18;sub20;sub22;sub24;sub27;sub28;sub29,sub17,18,0.4701057970523834,0.5475013256072998,0.002,1e-05,1.0,1.0,False,False,multimodal,psd-fc-wpli,gated,cnn,True,finetune,segssl_barlow_all-patient_fc-wpli_finetune_seed13_pre20_proj32_mask0_03_noise0_02_mlp1_0_sup100,True,barlow,fc-wpli,all-patient,True,13,1.0,0.1,32,0.03,0.02
multimodal_psd-fc-wpli_gated_cnn,10,sub16,sub01;sub05;sub07;sub08;sub09;sub10;sub11;sub13;sub14;sub15;sub18;sub20;sub22;sub24;sub27;sub28;sub29,sub17,19,0.4486234486103058,0.5281810760498047,0.002,1e-05,1.0,1.0,True,False,multimodal,psd-fc-wpli,gated,cnn,True,finetune,segssl_barlow_all-patient_fc-wpli_finetune_seed13_pre20_proj32_mask0_03_noise0_02_mlp1_0_sup100,True,barlow,fc-wpli,all-patient,True,13,1.0,0.1,32,0.03,0.02
multimodal_psd-fc-wpli_gated_cnn,10,sub16,sub01;sub05;sub07;sub08;sub09;sub10;sub11;sub13;sub14;sub15;sub18;sub20;sub22;sub24;sub27;sub28;sub29,sub17,20,0.42652764916419983,0.4998513162136078,0.002,1e-05,1.0,1.0,True,False,multimodal,psd-fc-wpli,gated,cnn,True,finetune,segssl_barlow_all-patient_fc-wpli_finetune_seed13_pre20_proj32_mask0_03_noise0_02_mlp1_0_sup100,True,barlow,fc-wpli,all-patient,True,13,1.0,0.1,32,0.03,0.02
multimodal_psd-fc-wpli_gated_cnn,10,sub16,sub01;sub05;sub07;sub08;sub09;sub10;sub11;sub13;sub14;sub15;sub18;sub20;sub22;sub24;sub27;sub28;sub29,sub17,21,0.403827965259552,0.46258652210235596,0.002,1e-05,1.0,1.0,True,False,multimodal,psd-fc-wpli,gated,cnn,True,finetune,segssl_barlow_all-patient_fc-wpli_finetune_seed13_pre20_proj32_mask0_03_noise0_02_mlp1_0_sup100,True,barlow,fc-wpli,all-patient,True,13,1.0,0.1,32,0.03,0.02
multimodal_psd-fc-wpli_gated_cnn,10,sub16,sub01;sub05;sub07;sub08;sub09;sub10;sub11;sub13;sub14;sub15;sub18;sub20;sub22;sub24;sub27;sub28;sub29,sub17,22,0.3809758424758911,0.41746383905410767,0.002,1e-05,1.0,1.0,True,False,multimodal,psd-fc-wpli,gated,cnn,True,finetune,segssl_barlow_all-patient_fc-wpli_finetune_seed13_pre20_proj32_mask0_03_noise0_02_mlp1_0_sup100,True,barlow,fc-wpli,all-patient,True,13,1.0,0.1,32,0.03,0.02
multimodal_psd-fc-wpli_gated_cnn,10,sub16,sub01;sub05;sub07;sub08;sub09;sub10;sub11;sub13;sub14;sub15;sub18;sub20;sub22;sub24;sub27;sub28;sub29,sub17,23,0.3578852415084839,0.36848345398902893,0.002,1e-05,1.0,1.0,True,False,multimodal,psd-fc-wpli,gated,cnn,True,finetune,segssl_barlow_all-patient_fc-wpli_finetune_seed13_pre20_proj32_mask0_03_noise0_02_mlp1_0_sup100,True,barlow,fc-wpli,all-patient,True,13,1.0,0.1,32,0.03,0.02
multimodal_psd-fc-wpli_gated_cnn,10,sub16,sub01;sub05;sub07;sub08;sub09;sub10;sub11;sub13;sub14;sub15;sub18;sub20;sub22;sub24;sub27;sub28;sub29,sub17,24,0.3345026671886444,0.3200121819972992,0.002,1e-05,1.0,1.0,True,False,multimodal,psd-fc-wpli,gated,cnn,True,finetune,segssl_barlow_all-patient_fc-wpli_finetune_seed13_pre20_proj32_mask0_03_noise0_02_mlp1_0_sup100,True,barlow,fc-wpli,all-patient,True,13,1.0,0.1,32,0.03,0.02
multimodal_psd-fc-wpli_gated_cnn,10,sub16,sub01;sub05;sub07;sub08;sub09;sub10;sub11;sub13;sub14;sub15;sub18;sub20;sub22;sub24;sub27;sub28;sub29,sub17,25,0.3109680116176605,0.2750100791454315,0.002,1e-05,1.0,1.0,True,False,multimodal,psd-fc-wpli,gated,cnn,True,finetune,segssl_barlow_all-patient_fc-wpli_finetune_seed13_pre20_proj32_mask0_03_noise0_02_mlp1_0_sup100,True,barlow,fc-wpli,all-patient,True,13,1.0,0.1,32,0.03,0.02
multimodal_psd-fc-wpli_gated_cnn,10,sub16,sub01;sub05;sub07;sub08;sub09;sub10;sub11;sub13;sub14;sub15;sub18;sub20;sub22;sub24;sub27;sub28;sub29,sub17,26,0.2873837947845459,0.23644809424877167,0.002,1e-05,1.0,1.0,True,False,multimodal,psd-fc-wpli,gated,cnn,True,finetune,segssl_barlow_all-patient_fc-wpli_finetune_seed13_pre20_proj32_mask0_03_noise0_02_mlp1_0_sup100,True,barlow,fc-wpli,all-patient,True,13,1.0,0.1,32,0.03,0.02
multimodal_psd-fc-wpli_gated_cnn,10,sub16,sub01;sub05;sub07;sub08;sub09;sub10;sub11;sub13;sub14;sub15;sub18;sub20;sub22;sub24;sub27;sub28;sub29,sub17,27,0.26385509967803955,0.2045534998178482,0.002,1e-05,1.0,1.0,True,False,multimodal,psd-fc-wpli,gated,cnn,True,finetune,segssl_barlow_all-patient_fc-wpli_finetune_seed13_pre20_proj32_mask0_03_noise0_02_mlp1_0_sup100,True,barlow,fc-wpli,all-patient,True,13,1.0,0.1,32,0.03,0.02
multimodal_psd-fc-wpli_gated_cnn,10,sub16,sub01;sub05;sub07;sub08;sub09;sub10;sub11;sub13;sub14;sub15;sub18;sub20;sub22;sub24;sub27;sub28;sub29,sub17,28,0.24070380628108978,0.17905192077159882,0.002,1e-05,1.0,1.0,True,False,multimodal,psd-fc-wpli,gated,cnn,True,finetune,segssl_barlow_all-patient_fc-wpli_finetune_seed13_pre20_proj32_mask0_03_noise0_02_mlp1_0_sup100,True,barlow,fc-wpli,all-patient,True,13,1.0,0.1,32,0.03,0.02
multimodal_psd-fc-wpli_gated_cnn,10,sub16,sub01;sub05;sub07;sub08;sub09;sub10;sub11;sub13;sub14;sub15;sub18;sub20;sub22;sub24;sub27;sub28;sub29,sub17,29,0.21853500604629517,0.15455031394958496,0.002,1e-05,1.0,1.0,True,False,multimodal,psd-fc-wpli,gated,cnn,True,finetune,segssl_barlow_all-patient_fc-wpli_finetune_seed13_pre20_proj32_mask0_03_noise0_02_mlp1_0_sup100,True,barlow,fc-wpli,all-patient,True,13,1.0,0.1,32,0.03,0.02
multimodal_psd-fc-wpli_gated_cnn,10,sub16,sub01;sub05;sub07;sub08;sub09;sub10;sub11;sub13;sub14;sub15;sub18;sub20;sub22;sub24;sub27;sub28;sub29,sub17,30,0.19683681428432465,0.1290166825056076,0.002,1e-05,1.0,1.0,True,False,multimodal,psd-fc-wpli,gated,cnn,True,finetune,segssl_barlow_all-patient_fc-wpli_finetune_seed13_pre20_proj32_mask0_03_noise0_02_mlp1_0_sup100,True,barlow,fc-wpli,all-patient,True,13,1.0,0.1,32,0.03,0.02
multimodal_psd-fc-wpli_gated_cnn,10,sub16,sub01;sub05;sub07;sub08;sub09;sub10;sub11;sub13;sub14;sub15;sub18;sub20;sub22;sub24;sub27;sub28;sub29,sub17,31,0.17555172741413116,0.10655096173286438,0.002,1e-05,1.0,1.0,True,False,multimodal,psd-fc-wpli,gated,cnn,True,finetune,segssl_barlow_all-patient_fc-wpli_finetune_seed13_pre20_proj32_mask0_03_noise0_02_mlp1_0_sup100,True,barlow,fc-wpli,all-patient,True,13,1.0,0.1,32,0.03,0.02
multimodal_psd-fc-wpli_gated_cnn,10,sub16,sub01;sub05;sub07;sub08;sub09;sub10;sub11;sub13;sub14;sub15;sub18;sub20;sub22;sub24;sub27;sub28;sub29,sub17,32,0.15565143525600433,0.08735708147287369,0.002,1e-05,1.0,1.0,True,False,multimodal,psd-fc-wpli,gated,cnn,True,finetune,segssl_barlow_all-patient_fc-wpli_finetune_seed13_pre20_proj32_mask0_03_noise0_02_mlp1_0_sup100,True,barlow,fc-wpli,all-patient,True,13,1.0,0.1,32,0.03,0.02
multimodal_psd-fc-wpli_gated_cnn,10,sub16,sub01;sub05;sub07;sub08;sub09;sub10;sub11;sub13;sub14;sub15;sub18;sub20;sub22;sub24;sub27;sub28;sub29,sub17,33,0.13738472759723663,0.07079041004180908,0.002,1e-05,1.0,1.0,True,False,multimodal,psd-fc-wpli,gated,cnn,True,finetune,segssl_barlow_all-patient_fc-wpli_finetune_seed13_pre20_proj32_mask0_03_noise0_02_mlp1_0_sup100,True,barlow,fc-wpli,all-patient,True,13,1.0,0.1,32,0.03,0.02
multimodal_psd-fc-wpli_gated_cnn,10,sub16,sub01;sub05;sub07;sub08;sub09;sub10;sub11;sub13;sub14;sub15;sub18;sub20;sub22;sub24;sub27;sub28;sub29,sub17,34,0.12044455111026764,0.05677253007888794,0.002,1e-05,1.0,1.0,True,False,multimodal,psd-fc-wpli,gated,cnn,True,finetune,segssl_barlow_all-patient_fc-wpli_finetune_seed13_pre20_proj32_mask0_03_noise0_02_mlp1_0_sup100,True,barlow,fc-wpli,all-patient,True,13,1.0,0.1,32,0.03,0.02
multimodal_psd-fc-wpli_gated_cnn,10,sub16,sub01;sub05;sub07;sub08;sub09;sub10;sub11;sub13;sub14;sub15;sub18;sub20;sub22;sub24;sub27;sub28;sub29,sub17,35,0.10504855215549469,0.04543311521410942,0.002,1e-05,1.0,1.0,True,False,multimodal,psd-fc-wpli,gated,cnn,True,finetune,segssl_barlow_all-patient_fc-wpli_finetune_seed13_pre20_proj32_mask0_03_noise0_02_mlp1_0_sup100,True,barlow,fc-wpli,all-patient,True,13,1.0,0.1,32,0.03,0.02
multimodal_psd-fc-wpli_gated_cnn,10,sub16,sub01;sub05;sub07;sub08;sub09;sub10;sub11;sub13;sub14;sub15;sub18;sub20;sub22;sub24;sub27;sub28;sub29,sub17,36,0.09145225584506989,0.036548566073179245,0.002,1e-05,1.0,1.0,True,False,multimodal,psd-fc-wpli,gated,cnn,True,finetune,segssl_barlow_all-patient_fc-wpli_finetune_seed13_pre20_proj32_mask0_03_noise0_02_mlp1_0_sup100,True,barlow,fc-wpli,all-patient,True,13,1.0,0.1,32,0.03,0.02
multimodal_psd-fc-wpli_gated_cnn,10,sub16,sub01;sub05;sub07;sub08;sub09;sub10;sub11;sub13;sub14;sub15;sub18;sub20;sub22;sub24;sub27;sub28;sub29,sub17,37,0.07926657795906067,0.02979981154203415,0.002,1e-05,1.0,1.0,True,False,multimodal,psd-fc-wpli,gated,cnn,True,finetune,segssl_barlow_all-patient_fc-wpli_finetune_seed13_pre20_proj32_mask0_03_noise0_02_mlp1_0_sup100,True,barlow,fc-wpli,all-patient,True,13,1.0,0.1,32,0.03,0.02
multimodal_psd-fc-wpli_gated_cnn,10,sub16,sub01;sub05;sub07;sub08;sub09;sub10;sub11;sub13;sub14;sub15;sub18;sub20;sub22;sub24;sub27;sub28;sub29,sub17,38,0.06826145201921463,0.02434581331908703,0.002,1e-05,1.0,1.0,True,False,multimodal,psd-fc-wpli,gated,cnn,True,finetune,segssl_barlow_all-patient_fc-wpli_finetune_seed13_pre20_proj32_mask0_03_noise0_02_mlp1_0_sup100,True,barlow,fc-wpli,all-patient,True,13,1.0,0.1,32,0.03,0.02
multimodal_psd-fc-wpli_gated_cnn,10,sub16,sub01;sub05;sub07;sub08;sub09;sub10;sub11;sub13;sub14;sub15;sub18;sub20;sub22;sub24;sub27;sub28;sub29,sub17,39,0.058537762612104416,0.019840503111481667,0.002,1e-05,1.0,1.0,True,False,multimodal,psd-fc-wpli,gated,cnn,True,finetune,segssl_barlow_all-patient_fc-wpli_finetune_seed13_pre20_proj32_mask0_03_noise0_02_mlp1_0_sup100,True,barlow,fc-wpli,all-patient,True,13,1.0,0.1,32,0.03,0.02
multimodal_psd-fc-wpli_gated_cnn,10,sub16,sub01;sub05;sub07;sub08;sub09;sub10;sub11;sub13;sub14;sub15;sub18;sub20;sub22;sub24;sub27;sub28;sub29,sub17,40,0.050056278705596924,0.016122933477163315,0.002,1e-05,1.0,1.0,True,False,multimodal,psd-fc-wpli,gated,cnn,True,finetune,segssl_barlow_all-patient_fc-wpli_finetune_seed13_pre20_proj32_mask0_03_noise0_02_mlp1_0_sup100,True,barlow,fc-wpli,all-patient,True,13,1.0,0.1,32,0.03,0.02
multimodal_psd-fc-wpli_gated_cnn,10,sub16,sub01;sub05;sub07;sub08;sub09;sub10;sub11;sub13;sub14;sub15;sub18;sub20;sub22;sub24;sub27;sub28;sub29,sub17,41,0.04269648343324661,0.0130594652146101,0.002,1e-05,1.0,1.0,True,False,multimodal,psd-fc-wpli,gated,cnn,True,finetune,segssl_barlow_all-patient_fc-wpli_finetune_seed13_pre20_proj32_mask0_03_noise0_02_mlp1_0_sup100,True,barlow,fc-wpli,all-patient,True,13,1.0,0.1,32,0.03,0.02
multimodal_psd-fc-wpli_gated_cnn,10,sub16,sub01;sub05;sub07;sub08;sub09;sub10;sub11;sub13;sub14;sub15;sub18;sub20;sub22;sub24;sub27;sub28;sub29,sub17,42,0.03635978698730469,0.010584261268377304,0.002,1e-05,1.0,1.0,True,False,multimodal,psd-fc-wpli,gated,cnn,True,finetune,segssl_barlow_all-patient_fc-wpli_finetune_seed13_pre20_proj32_mask0_03_noise0_02_mlp1_0_sup100,True,barlow,fc-wpli,all-patient,True,13,1.0,0.1,32,0.03,0.02
multimodal_psd-fc-wpli_gated_cnn,10,sub16,sub01;sub05;sub07;sub08;sub09;sub10;sub11;sub13;sub14;sub15;sub18;sub20;sub22;sub24;sub27;sub28;sub29,sub17,43,0.030898945406079292,0.008593723177909851,0.002,1e-05,1.0,1.0,True,False,multimodal,psd-fc-wpli,gated,cnn,True,finetune,segssl_barlow_all-patient_fc-wpli_finetune_seed13_pre20_proj32_mask0_03_noise0_02_mlp1_0_sup100,True,barlow,fc-wpli,all-patient,True,13,1.0,0.1,32,0.03,0.02
multimodal_psd-fc-wpli_gated_cnn,10,sub16,sub01;sub05;sub07;sub08;sub09;sub10;sub11;sub13;sub14;sub15;sub18;sub20;sub22;sub24;sub27;sub28;sub29,sub17,44,0.026164880022406578,0.007002555299550295,0.002,1e-05,1.0,1.0,True,False,multimodal,psd-fc-wpli,gated,cnn,True,finetune,segssl_barlow_all-patient_fc-wpli_finetune_seed13_pre20_proj32_mask0_03_noise0_02_mlp1_0_sup100,True,barlow,fc-wpli,all-patient,True,13,1.0,0.1,32,0.03,0.02
multimodal_psd-fc-wpli_gated_cnn,10,sub16,sub01;sub05;sub07;sub08;sub09;sub10;sub11;sub13;sub14;sub15;sub18;sub20;sub22;sub24;sub27;sub28;sub29,sub17,45,0.022115973755717278,0.005743575282394886,0.002,1e-05,1.0,1.0,True,False,multimodal,psd-fc-wpli,gated,cnn,True,finetune,segssl_barlow_all-patient_fc-wpli_finetune_seed13_pre20_proj32_mask0_03_noise0_02_mlp1_0_sup100,True,barlow,fc-wpli,all-patient,True,13,1.0,0.1,32,0.03,0.02
multimodal_psd-fc-wpli_gated_cnn,10,sub16,sub01;sub05;sub07;sub08;sub09;sub10;sub11;sub13;sub14;sub15;sub18;sub20;sub22;sub24;sub27;sub28;sub29,sub17,46,0.01869885064661503,0.004740788601338863,0.002,1e-05,1.0,1.0,True,False,multimodal,psd-fc-wpli,gated,cnn,True,finetune,segssl_barlow_all-patient_fc-wpli_finetune_seed13_pre20_proj32_mask0_03_noise0_02_mlp1_0_sup100,True,barlow,fc-wpli,all-patient,True,13,1.0,0.1,32,0.03,0.02
multimodal_psd-fc-wpli_gated_cnn,10,sub16,sub01;sub05;sub07;sub08;sub09;sub10;sub11;sub13;sub14;sub15;sub18;sub20;sub22;sub24;sub27;sub28;sub29,sub17,47,0.015817973762750626,0.0039453147910535336,0.002,1e-05,1.0,1.0,True,False,multimodal,psd-fc-wpli,gated,cnn,True,finetune,segssl_barlow_all-patient_fc-wpli_finetune_seed13_pre20_proj32_mask0_03_noise0_02_mlp1_0_sup100,True,barlow,fc-wpli,all-patient,True,13,1.0,0.1,32,0.03,0.02
multimodal_psd-fc-wpli_gated_cnn,10,sub16,sub01;sub05;sub07;sub08;sub09;sub10;sub11;sub13;sub14;sub15;sub18;sub20;sub22;sub24;sub27;sub28;sub29,sub17,48,0.013402502052485943,0.0033129435032606125,0.002,1e-05,1.0,1.0,True,False,multimodal,psd-fc-wpli,gated,cnn,True,finetune,segssl_barlow_all-patient_fc-wpli_finetune_seed13_pre20_proj32_mask0_03_noise0_02_mlp1_0_sup100,True,barlow,fc-wpli,all-patient,True,13,1.0,0.1,32,0.03,0.02
multimodal_psd-fc-wpli_gated_cnn,10,sub16,sub01;sub05;sub07;sub08;sub09;sub10;sub11;sub13;sub14;sub15;sub18;sub20;sub22;sub24;sub27;sub28;sub29,sub17,49,0.011400955729186535,0.0028080991469323635,0.002,1e-05,1.0,1.0,True,False,multimodal,psd-fc-wpli,gated,cnn,True,finetune,segssl_barlow_all-patient_fc-wpli_finetune_seed13_pre20_proj32_mask0_03_noise0_02_mlp1_0_sup100,True,barlow,fc-wpli,all-patient,True,13,1.0,0.1,32,0.03,0.02
multimodal_psd-fc-wpli_gated_cnn,10,sub16,sub01;sub05;sub07;sub08;sub09;sub10;sub11;sub13;sub14;sub15;sub18;sub20;sub22;sub24;sub27;sub28;sub29,sub17,50,0.009734956547617912,0.0024026266764849424,0.002,1e-05,1.0,1.0,True,False,multimodal,psd-fc-wpli,gated,cnn,True,finetune,segssl_barlow_all-patient_fc-wpli_finetune_seed13_pre20_proj32_mask0_03_noise0_02_mlp1_0_sup100,True,barlow,fc-wpli,all-patient,True,13,1.0,0.1,32,0.03,0.02
multimodal_psd-fc-wpli_gated_cnn,10,sub16,sub01;sub05;sub07;sub08;sub09;sub10;sub11;sub13;sub14;sub15;sub18;sub20;sub22;sub24;sub27;sub28;sub29,sub17,51,0.008351393975317478,0.0020750819239765406,0.002,1e-05,1.0,1.0,True,False,multimodal,psd-fc-wpli,gated,cnn,True,finetune,segssl_barlow_all-patient_fc-wpli_finetune_seed13_pre20_proj32_mask0_03_noise0_02_mlp1_0_sup100,True,barlow,fc-wpli,all-patient,True,13,1.0,0.1,32,0.03,0.02
multimodal_psd-fc-wpli_gated_cnn,10,sub16,sub01;sub05;sub07;sub08;sub09;sub10;sub11;sub13;sub14;sub15;sub18;sub20;sub22;sub24;sub27;sub28;sub29,sub17,52,0.0072043417021632195,0.0018090269295498729,0.002,1e-05,1.0,1.0,True,False,multimodal,psd-fc-wpli,gated,cnn,True,finetune,segssl_barlow_all-patient_fc-wpli_finetune_seed13_pre20_proj32_mask0_03_noise0_02_mlp1_0_sup100,True,barlow,fc-wpli,all-patient,True,13,1.0,0.1,32,0.03,0.02
multimodal_psd-fc-wpli_gated_cnn,10,sub16,sub01;sub05;sub07;sub08;sub09;sub10;sub11;sub13;sub14;sub15;sub18;sub20;sub22;sub24;sub27;sub28;sub29,sub17,53,0.006250803824514151,0.001591040170751512,0.002,1e-05,1.0,1.0,True,False,multimodal,psd-fc-wpli,gated,cnn,True,finetune,segssl_barlow_all-patient_fc-wpli_finetune_seed13_pre20_proj32_mask0_03_noise0_02_mlp1_0_sup100,True,barlow,fc-wpli,all-patient,True,13,1.0,0.1,32,0.03,0.02
multimodal_psd-fc-wpli_gated_cnn,10,sub16,sub01;sub05;sub07;sub08;sub09;sub10;sub11;sub13;sub14;sub15;sub18;sub20;sub22;sub24;sub27;sub28;sub29,sub17,54,0.005455992184579372,0.0014104652218520641,0.002,1e-05,1.0,1.0,True,False,multimodal,psd-fc-wpli,gated,cnn,True,finetune,segssl_barlow_all-patient_fc-wpli_finetune_seed13_pre20_proj32_mask0_03_noise0_02_mlp1_0_sup100,True,barlow,fc-wpli,all-patient,True,13,1.0,0.1,32,0.03,0.02
multimodal_psd-fc-wpli_gated_cnn,10,sub16,sub01;sub05;sub07;sub08;sub09;sub10;sub11;sub13;sub14;sub15;sub18;sub20;sub22;sub24;sub27;sub28;sub29,sub17,55,0.004790032748132944,0.001259822165593505,0.002,1e-05,1.0,1.0,True,False,multimodal,psd-fc-wpli,gated,cnn,True,finetune,segssl_barlow_all-patient_fc-wpli_finetune_seed13_pre20_proj32_mask0_03_noise0_02_mlp1_0_sup100,True,barlow,fc-wpli,all-patient,True,13,1.0,0.1,32,0.03,0.02
multimodal_psd-fc-wpli_gated_cnn,10,sub16,sub01;sub05;sub07;sub08;sub09;sub10;sub11;sub13;sub14;sub15;sub18;sub20;sub22;sub24;sub27;sub28;sub29,sub17,56,0.004229251760989428,0.0011330106062814593,0.002,1e-05,1.0,1.0,True,False,multimodal,psd-fc-wpli,gated,cnn,True,finetune,segssl_barlow_all-patient_fc-wpli_finetune_seed13_pre20_proj32_mask0_03_noise0_02_mlp1_0_sup100,True,barlow,fc-wpli,all-patient,True,13,1.0,0.1,32,0.03,0.02
multimodal_psd-fc-wpli_gated_cnn,10,sub16,sub01;sub05;sub07;sub08;sub09;sub10;sub11;sub13;sub14;sub15;sub18;sub20;sub22;sub24;sub27;sub28;sub29,sub17,57,0.0037536530289798975,0.0010252484353259206,0.002,1e-05,1.0,1.0,True,False,multimodal,psd-fc-wpli,gated,cnn,True,finetune,segssl_barlow_all-patient_fc-wpli_finetune_seed13_pre20_proj32_mask0_03_noise0_02_mlp1_0_sup100,True,barlow,fc-wpli,all-patient,True,13,1.0,0.1,32,0.03,0.02
multimodal_psd-fc-wpli_gated_cnn,10,sub16,sub01;sub05;sub07;sub08;sub09;sub10;sub11;sub13;sub14;sub15;sub18;sub20;sub22;sub24;sub27;sub28;sub29,sub17,58,0.003347882302477956,0.000932830385863781,0.002,1e-05,1.0,1.0,True,False,multimodal,psd-fc-wpli,gated,cnn,True,finetune,segssl_barlow_all-patient_fc-wpli_finetune_seed13_pre20_proj32_mask0_03_noise0_02_mlp1_0_sup100,True,barlow,fc-wpli,all-patient,True,13,1.0,0.1,32,0.03,0.02
multimodal_psd-fc-wpli_gated_cnn,10,sub16,sub01;sub05;sub07;sub08;sub09;sub10;sub11;sub13;sub14;sub15;sub18;sub20;sub22;sub24;sub27;sub28;sub29,sub17,59,0.0029997106175869703,0.0008528291946277022,0.002,1e-05,1.0,1.0,True,False,multimodal,psd-fc-wpli,gated,cnn,True,finetune,segssl_barlow_all-patient_fc-wpli_finetune_seed13_pre20_proj32_mask0_03_noise0_02_mlp1_0_sup100,True,barlow,fc-wpli,all-patient,True,13,1.0,0.1,32,0.03,0.02
multimodal_psd-fc-wpli_gated_cnn,10,sub16,sub01;sub05;sub07;sub08;sub09;sub10;sub11;sub13;sub14;sub15;sub18;sub20;sub22;sub24;sub27;sub28;sub29,sub17,60,0.002700262703001499,0.0007831539842300117,0.002,1e-05,1.0,1.0,True,False,multimodal,psd-fc-wpli,gated,cnn,True,finetune,segssl_barlow_all-patient_fc-wpli_finetune_seed13_pre20_proj32_mask0_03_noise0_02_mlp1_0_sup100,True,barlow,fc-wpli,all-patient,True,13,1.0,0.1,32,0.03,0.02
multimodal_psd-fc-wpli_gated_cnn,10,sub16,sub01;sub05;sub07;sub08;sub09;sub10;sub11;sub13;sub14;sub15;sub18;sub20;sub22;sub24;sub27;sub28;sub29,sub17,61,0.0024421645794063807,0.0007223710999824107,0.002,1e-05,1.0,1.0,True,False,multimodal,psd-fc-wpli,gated,cnn,True,finetune,segssl_barlow_all-patient_fc-wpli_finetune_seed13_pre20_proj32_mask0_03_noise0_02_mlp1_0_sup100,True,barlow,fc-wpli,all-patient,True,13,1.0,0.1,32,0.03,0.02
multimodal_psd-fc-wpli_gated_cnn,10,sub16,sub01;sub05;sub07;sub08;sub09;sub10;sub11;sub13;sub14;sub15;sub18;sub20;sub22;sub24;sub27;sub28;sub29,sub17,62,0.002219086978584528,0.0006688685389235616,0.002,1e-05,1.0,1.0,True,False,multimodal,psd-fc-wpli,gated,cnn,True,finetune,segssl_barlow_all-patient_fc-wpli_finetune_seed13_pre20_proj32_mask0_03_noise0_02_mlp1_0_sup100,True,barlow,fc-wpli,all-patient,True,13,1.0,0.1,32,0.03,0.02
multimodal_psd-fc-wpli_gated_cnn,10,sub16,sub01;sub05;sub07;sub08;sub09;sub10;sub11;sub13;sub14;sub15;sub18;sub20;sub22;sub24;sub27;sub28;sub29,sub17,63,0.002025764202699065,0.0006212733569554985,0.002,1e-05,1.0,1.0,True,False,multimodal,psd-fc-wpli,gated,cnn,True,finetune,segssl_barlow_all-patient_fc-wpli_finetune_seed13_pre20_proj32_mask0_03_noise0_02_mlp1_0_sup100,True,barlow,fc-wpli,all-patient,True,13,1.0,0.1,32,0.03,0.02
multimodal_psd-fc-wpli_gated_cnn,10,sub16,sub01;sub05;sub07;sub08;sub09;sub10;sub11;sub13;sub14;sub15;sub18;sub20;sub22;sub24;sub27;sub28;sub29,sub17,64,0.0018577157752588391,0.0005786900874227285,0.002,1e-05,1.0,1.0,True,False,multimodal,psd-fc-wpli,gated,cnn,True,finetune,segssl_barlow_all-patient_fc-wpli_finetune_seed13_pre20_proj32_mask0_03_noise0_02_mlp1_0_sup100,True,barlow,fc-wpli,all-patient,True,13,1.0,0.1,32,0.03,0.02
multimodal_psd-fc-wpli_gated_cnn,10,sub16,sub01;sub05;sub07;sub08;sub09;sub10;sub11;sub13;sub14;sub15;sub18;sub20;sub22;sub24;sub27;sub28;sub29,sub17,65,0.001711738295853138,0.0005405814154073596,0.002,1e-05,1.0,1.0,True,False,multimodal,psd-fc-wpli,gated,cnn,True,finetune,segssl_barlow_all-patient_fc-wpli_finetune_seed13_pre20_proj32_mask0_03_noise0_02_mlp1_0_sup100,True,barlow,fc-wpli,all-patient,True,13,1.0,0.1,32,0.03,0.02
multimodal_psd-fc-wpli_gated_cnn,10,sub16,sub01;sub05;sub07;sub08;sub09;sub10;sub11;sub13;sub14;sub15;sub18;sub20;sub22;sub24;sub27;sub28;sub29,sub17,66,0.0015844061272218823,0.0005062907584942877,0.002,1e-05,1.0,1.0,True,False,multimodal,psd-fc-wpli,gated,cnn,True,finetune,segssl_barlow_all-patient_fc-wpli_finetune_seed13_pre20_proj32_mask0_03_noise0_02_mlp1_0_sup100,True,barlow,fc-wpli,all-patient,True,13,1.0,0.1,32,0.03,0.02
multimodal_psd-fc-wpli_gated_cnn,10,sub16,sub01;sub05;sub07;sub08;sub09;sub10;sub11;sub13;sub14;sub15;sub18;sub20;sub22;sub24;sub27;sub28;sub29,sub17,67,0.0014731831615790725,0.0004754004185087979,0.002,1e-05,1.0,1.0,True,False,multimodal,psd-fc-wpli,gated,cnn,True,finetune,segssl_barlow_all-patient_fc-wpli_finetune_seed13_pre20_proj32_mask0_03_noise0_02_mlp1_0_sup100,True,barlow,fc-wpli,all-patient,True,13,1.0,0.1,32,0.03,0.02
multimodal_psd-fc-wpli_gated_cnn,10,sub16,sub01;sub05;sub07;sub08;sub09;sub10;sub11;sub13;sub14;sub15;sub18;sub20;sub22;sub24;sub27;sub28;sub29,sub17,68,0.001375405816361308,0.0004476714530028403,0.002,1e-05,1.0,1.0,True,False,multimodal,psd-fc-wpli,gated,cnn,True,finetune,segssl_barlow_all-patient_fc-wpli_finetune_seed13_pre20_proj32_mask0_03_noise0_02_mlp1_0_sup100,True,barlow,fc-wpli,all-patient,True,13,1.0,0.1,32,0.03,0.02
multimodal_psd-fc-wpli_gated_cnn,10,sub16,sub01;sub05;sub07;sub08;sub09;sub10;sub11;sub13;sub14;sub15;sub18;sub20;sub22;sub24;sub27;sub28;sub29,sub17,69,0.0012892973609268665,0.0004225073498673737,0.002,1e-05,1.0,1.0,True,False,multimodal,psd-fc-wpli,gated,cnn,True,finetune,segssl_barlow_all-patient_fc-wpli_finetune_seed13_pre20_proj32_mask0_03_noise0_02_mlp1_0_sup100,True,barlow,fc-wpli,all-patient,True,13,1.0,0.1,32,0.03,0.02
multimodal_psd-fc-wpli_gated_cnn,10,sub16,sub01;sub05;sub07;sub08;sub09;sub10;sub11;sub13;sub14;sub15;sub18;sub20;sub22;sub24;sub27;sub28;sub29,sub17,70,0.0012129828101024032,0.0003997290332335979,0.002,1e-05,1.0,1.0,True,False,multimodal,psd-fc-wpli,gated,cnn,True,finetune,segssl_barlow_all-patient_fc-wpli_finetune_seed13_pre20_proj32_mask0_03_noise0_02_mlp1_0_sup100,True,barlow,fc-wpli,all-patient,True,13,1.0,0.1,32,0.03,0.02
multimodal_psd-fc-wpli_gated_cnn,10,sub16,sub01;sub05;sub07;sub08;sub09;sub10;sub11;sub13;sub14;sub15;sub18;sub20;sub22;sub24;sub27;sub28;sub29,sub17,71,0.0011451509781181812,0.00037927666562609375,0.002,1e-05,1.0,1.0,True,False,multimodal,psd-fc-wpli,gated,cnn,True,finetune,segssl_barlow_all-patient_fc-wpli_finetune_seed13_pre20_proj32_mask0_03_noise0_02_mlp1_0_sup100,True,barlow,fc-wpli,all-patient,True,13,1.0,0.1,32,0.03,0.02
multimodal_psd-fc-wpli_gated_cnn,10,sub16,sub01;sub05;sub07;sub08;sub09;sub10;sub11;sub13;sub14;sub15;sub18;sub20;sub22;sub24;sub27;sub28;sub29,sub17,72,0.0010845636716112494,0.0003605538804549724,0.002,1e-05,1.0,1.0,True,False,multimodal,psd-fc-wpli,gated,cnn,True,finetune,segssl_barlow_all-patient_fc-wpli_finetune_seed13_pre20_proj32_mask0_03_noise0_02_mlp1_0_sup100,True,barlow,fc-wpli,all-patient,True,13,1.0,0.1,32,0.03,0.02
multimodal_psd-fc-wpli_gated_cnn,10,sub16,sub01;sub05;sub07;sub08;sub09;sub10;sub11;sub13;sub14;sub15;sub18;sub20;sub22;sub24;sub27;sub28;sub29,sub17,73,0.0010301383445039392,0.0003436201950535178,0.002,1e-05,1.0,1.0,True,False,multimodal,psd-fc-wpli,gated,cnn,True,finetune,segssl_barlow_all-patient_fc-wpli_finetune_seed13_pre20_proj32_mask0_03_noise0_02_mlp1_0_sup100,True,barlow,fc-wpli,all-patient,True,13,1.0,0.1,32,0.03,0.02
multimodal_psd-fc-wpli_gated_cnn,10,sub16,sub01;sub05;sub07;sub08;sub09;sub10;sub11;sub13;sub14;sub15;sub18;sub20;sub22;sub24;sub27;sub28;sub29,sub17,74,0.0009811215568333864,0.0003281177778262645,0.002,1e-05,1.0,1.0,True,False,multimodal,psd-fc-wpli,gated,cnn,True,finetune,segssl_barlow_all-patient_fc-wpli_finetune_seed13_pre20_proj32_mask0_03_noise0_02_mlp1_0_sup100,True,barlow,fc-wpli,all-patient,True,13,1.0,0.1,32,0.03,0.02
multimodal_psd-fc-wpli_gated_cnn,10,sub16,sub01;sub05;sub07;sub08;sub09;sub10;sub11;sub13;sub14;sub15;sub18;sub20;sub22;sub24;sub27;sub28;sub29,sub17,75,0.0009367575403302908,0.0003139273321721703,0.002,1e-05,1.0,1.0,True,False,multimodal,psd-fc-wpli,gated,cnn,True,finetune,segssl_barlow_all-patient_fc-wpli_finetune_seed13_pre20_proj32_mask0_03_noise0_02_mlp1_0_sup100,True,barlow,fc-wpli,all-patient,True,13,1.0,0.1,32,0.03,0.02
multimodal_psd-fc-wpli_gated_cnn,10,sub16,sub01;sub05;sub07;sub08;sub09;sub10;sub11;sub13;sub14;sub15;sub18;sub20;sub22;sub24;sub27;sub28;sub29,sub17,76,0.0008965073502622545,0.0003010487707797438,0.002,1e-05,1.0,1.0,True,False,multimodal,psd-fc-wpli,gated,cnn,True,finetune,segssl_barlow_all-patient_fc-wpli_finetune_seed13_pre20_proj32_mask0_03_noise0_02_mlp1_0_sup100,True,barlow,fc-wpli,all-patient,True,13,1.0,0.1,32,0.03,0.02
multimodal_psd-fc-wpli_gated_cnn,10,sub16,sub01;sub05;sub07;sub08;sub09;sub10;sub11;sub13;sub14;sub15;sub18;sub20;sub22;sub24;sub27;sub28;sub29,sub17,77,0.0008598329732194543,0.00028918395400978625,0.002,1e-05,1.0,1.0,True,False,multimodal,psd-fc-wpli,gated,cnn,True,finetune,segssl_barlow_all-patient_fc-wpli_finetune_seed13_pre20_proj32_mask0_03_noise0_02_mlp1_0_sup100,True,barlow,fc-wpli,all-patient,True,13,1.0,0.1,32,0.03,0.02
multimodal_psd-fc-wpli_gated_cnn,10,sub16,sub01;sub05;sub07;sub08;sub09;sub10;sub11;sub13;sub14;sub15;sub18;sub20;sub22;sub24;sub27;sub28;sub29,sub17,78,0.0008262588526122272,0.00027809434686787426,0.002,1e-05,1.0,1.0,True,False,multimodal,psd-fc-wpli,gated,cnn,True,finetune,segssl_barlow_all-patient_fc-wpli_finetune_seed13_pre20_proj32_mask0_03_noise0_02_mlp1_0_sup100,True,barlow,fc-wpli,all-patient,True,13,1.0,0.1,32,0.03,0.02
multimodal_psd-fc-wpli_gated_cnn,10,sub16,sub01;sub05;sub07;sub08;sub09;sub10;sub11;sub13;sub14;sub15;sub18;sub20;sub22;sub24;sub27;sub28;sub29,sub17,79,0.0007953574531711638,0.00026772028650157154,0.002,1e-05,1.0,1.0,True,False,multimodal,psd-fc-wpli,gated,cnn,True,finetune,segssl_barlow_all-patient_fc-wpli_finetune_seed13_pre20_proj32_mask0_03_noise0_02_mlp1_0_sup100,True,barlow,fc-wpli,all-patient,True,13,1.0,0.1,32,0.03,0.02
multimodal_psd-fc-wpli_gated_cnn,10,sub16,sub01;sub05;sub07;sub08;sub09;sub10;sub11;sub13;sub14;sub15;sub18;sub20;sub22;sub24;sub27;sub28;sub29,sub17,80,0.000766797224059701,0.0002580618020147085,0.002,1e-05,1.0,1.0,True,False,multimodal,psd-fc-wpli,gated,cnn,True,finetune,segssl_barlow_all-patient_fc-wpli_finetune_seed13_pre20_proj32_mask0_03_noise0_02_mlp1_0_sup100,True,barlow,fc-wpli,all-patient,True,13,1.0,0.1,32,0.03,0.02
multimodal_psd-fc-wpli_gated_cnn,10,sub16,sub01;sub05;sub07;sub08;sub09;sub10;sub11;sub13;sub14;sub15;sub18;sub20;sub22;sub24;sub27;sub28;sub29,sub17,81,0.0007402952178381383,0.00024899959680624306,0.002,1e-05,1.0,1.0,True,False,multimodal,psd-fc-wpli,gated,cnn,True,finetune,segssl_barlow_all-patient_fc-wpli_finetune_seed13_pre20_proj32_mask0_03_noise0_02_mlp1_0_sup100,True,barlow,fc-wpli,all-patient,True,13,1.0,0.1,32,0.03,0.02
multimodal_psd-fc-wpli_gated_cnn,10,sub16,sub01;sub05;sub07;sub08;sub09;sub10;sub11;sub13;sub14;sub15;sub18;sub20;sub22;sub24;sub27;sub28;sub29,sub17,82,0.000715585658326745,0.0002402951940894127,0.002,1e-05,1.0,1.0,True,False,multimodal,psd-fc-wpli,gated,cnn,True,finetune,segssl_barlow_all-patient_fc-wpli_finetune_seed13_pre20_proj32_mask0_03_noise0_02_mlp1_0_sup100,True,barlow,fc-wpli,all-patient,True,13,1.0,0.1,32,0.03,0.02
multimodal_psd-fc-wpli_gated_cnn,10,sub16,sub01;sub05;sub07;sub08;sub09;sub10;sub11;sub13;sub14;sub15;sub18;sub20;sub22;sub24;sub27;sub28;sub29,sub17,83,0.0006924754125066102,0.00023206780315376818,0.002,1e-05,1.0,1.0,True,False,multimodal,psd-fc-wpli,gated,cnn,True,finetune,segssl_barlow_all-patient_fc-wpli_finetune_seed13_pre20_proj32_mask0_03_noise0_02_mlp1_0_sup100,True,barlow,fc-wpli,all-patient,True,13,1.0,0.1,32,0.03,0.02
multimodal_psd-fc-wpli_gated_cnn,10,sub16,sub01;sub05;sub07;sub08;sub09;sub10;sub11;sub13;sub14;sub15;sub18;sub20;sub22;sub24;sub27;sub28;sub29,sub17,84,0.000670768553391099,0.0002240789617644623,0.002,1e-05,1.0,1.0,True,False,multimodal,psd-fc-wpli,gated,cnn,True,finetune,segssl_barlow_all-patient_fc-wpli_finetune_seed13_pre20_proj32_mask0_03_noise0_02_mlp1_0_sup100,True,barlow,fc-wpli,all-patient,True,13,1.0,0.1,32,0.03,0.02
multimodal_psd-fc-wpli_gated_cnn,10,sub16,sub01;sub05;sub07;sub08;sub09;sub10;sub11;sub13;sub14;sub15;sub18;sub20;sub22;sub24;sub27;sub28;sub29,sub17,85,0.0006502491305582225,0.00021656711760442704,0.002,1e-05,1.0,1.0,True,False,multimodal,psd-fc-wpli,gated,cnn,True,finetune,segssl_barlow_all-patient_fc-wpli_finetune_seed13_pre20_proj32_mask0_03_noise0_02_mlp1_0_sup100,True,barlow,fc-wpli,all-patient,True,13,1.0,0.1,32,0.03,0.02
multimodal_psd-fc-wpli_gated_cnn,10,sub16,sub01;sub05;sub07;sub08;sub09;sub10;sub11;sub13;sub14;sub15;sub18;sub20;sub22;sub24;sub27;sub28;sub29,sub17,86,0.0006307592848315835,0.00020917457004543394,0.002,1e-05,1.0,1.0,True,False,multimodal,psd-fc-wpli,gated,cnn,True,finetune,segssl_barlow_all-patient_fc-wpli_finetune_seed13_pre20_proj32_mask0_03_noise0_02_mlp1_0_sup100,True,barlow,fc-wpli,all-patient,True,13,1.0,0.1,32,0.03,0.02
multimodal_psd-fc-wpli_gated_cnn,10,sub16,sub01;sub05;sub07;sub08;sub09;sub10;sub11;sub13;sub14;sub15;sub18;sub20;sub22;sub24;sub27;sub28;sub29,sub17,87,0.0006121741025708616,0.00020213978132233024,0.002,1e-05,1.0,1.0,True,False,multimodal,psd-fc-wpli,gated,cnn,True,finetune,segssl_barlow_all-patient_fc-wpli_finetune_seed13_pre20_proj32_mask0_03_noise0_02_mlp1_0_sup100,True,barlow,fc-wpli,all-patient,True,13,1.0,0.1,32,0.03,0.02
multimodal_psd-fc-wpli_gated_cnn,10,sub16,sub01;sub05;sub07;sub08;sub09;sub10;sub11;sub13;sub14;sub15;sub18;sub20;sub22;sub24;sub27;sub28;sub29,sub17,88,0.0005943960277363658,0.00019522426009643823,0.002,1e-05,1.0,1.0,True,False,multimodal,psd-fc-wpli,gated,cnn,True,finetune,segssl_barlow_all-patient_fc-wpli_finetune_seed13_pre20_proj32_mask0_03_noise0_02_mlp1_0_sup100,True,barlow,fc-wpli,all-patient,True,13,1.0,0.1,32,0.03,0.02
multimodal_psd-fc-wpli_gated_cnn,10,sub16,sub01;sub05;sub07;sub08;sub09;sub10;sub11;sub13;sub14;sub15;sub18;sub20;sub22;sub24;sub27;sub28;sub29,sub17,89,0.0005773267475888133,0.00018866649770643562,0.002,1e-05,1.0,1.0,True,False,multimodal,psd-fc-wpli,gated,cnn,True,finetune,segssl_barlow_all-patient_fc-wpli_finetune_seed13_pre20_proj32_mask0_03_noise0_02_mlp1_0_sup100,True,barlow,fc-wpli,all-patient,True,13,1.0,0.1,32,0.03,0.02
multimodal_psd-fc-wpli_gated_cnn,10,sub16,sub01;sub05;sub07;sub08;sub09;sub10;sub11;sub13;sub14;sub15;sub18;sub20;sub22;sub24;sub27;sub28;sub29,sub17,90,0.0005609003710560501,0.00018210876442026347,0.002,1e-05,1.0,1.0,True,False,multimodal,psd-fc-wpli,gated,cnn,True,finetune,segssl_barlow_all-patient_fc-wpli_finetune_seed13_pre20_proj32_mask0_03_noise0_02_mlp1_0_sup100,True,barlow,fc-wpli,all-patient,True,13,1.0,0.1,32,0.03,0.02
multimodal_psd-fc-wpli_gated_cnn,10,sub16,sub01;sub05;sub07;sub08;sub09;sub10;sub11;sub13;sub14;sub15;sub18;sub20;sub22;sub24;sub27;sub28;sub29,sub17,91,0.0005450486205518246,0.00017578955157659948,0.002,1e-05,1.0,1.0,True,False,multimodal,psd-fc-wpli,gated,cnn,True,finetune,segssl_barlow_all-patient_fc-wpli_finetune_seed13_pre20_proj32_mask0_03_noise0_02_mlp1_0_sup100,True,barlow,fc-wpli,all-patient,True,13,1.0,0.1,32,0.03,0.02
multimodal_psd-fc-wpli_gated_cnn,10,sub16,sub01;sub05;sub07;sub08;sub09;sub10;sub11;sub13;sub14;sub15;sub18;sub20;sub22;sub24;sub27;sub28;sub29,sub17,92,0.0005297177704051137,0.00016964921087492257,0.002,1e-05,1.0,1.0,True,False,multimodal,psd-fc-wpli,gated,cnn,True,finetune,segssl_barlow_all-patient_fc-wpli_finetune_seed13_pre20_proj32_mask0_03_noise0_02_mlp1_0_sup100,True,barlow,fc-wpli,all-patient,True,13,1.0,0.1,32,0.03,0.02
multimodal_psd-fc-wpli_gated_cnn,10,sub16,sub01;sub05;sub07;sub08;sub09;sub10;sub11;sub13;sub14;sub15;sub18;sub20;sub22;sub24;sub27;sub28;sub29,sub17,93,0.0005148531054146588,0.00016356851847376674,0.002,1e-05,1.0,1.0,True,False,multimodal,psd-fc-wpli,gated,cnn,True,finetune,segssl_barlow_all-patient_fc-wpli_finetune_seed13_pre20_proj32_mask0_03_noise0_02_mlp1_0_sup100,True,barlow,fc-wpli,all-patient,True,13,1.0,0.1,32,0.03,0.02
multimodal_psd-fc-wpli_gated_cnn,10,sub16,sub01;sub05;sub07;sub08;sub09;sub10;sub11;sub13;sub14;sub15;sub18;sub20;sub22;sub24;sub27;sub28;sub29,sub17,94,0.000500426278449595,0.0001576070935698226,0.002,1e-05,1.0,1.0,True,False,multimodal,psd-fc-wpli,gated,cnn,True,finetune,segssl_barlow_all-patient_fc-wpli_finetune_seed13_pre20_proj32_mask0_03_noise0_02_mlp1_0_sup100,True,barlow,fc-wpli,all-patient,True,13,1.0,0.1,32,0.03,0.02
multimodal_psd-fc-wpli_gated_cnn,10,sub16,sub01;sub05;sub07;sub08;sub09;sub10;sub11;sub13;sub14;sub15;sub18;sub20;sub22;sub24;sub27;sub28;sub29,sub17,95,0.00048637736472301185,0.0001518841745564714,0.002,1e-05,1.0,1.0,True,False,multimodal,psd-fc-wpli,gated,cnn,True,finetune,segssl_barlow_all-patient_fc-wpli_finetune_seed13_pre20_proj32_mask0_03_noise0_02_mlp1_0_sup100,True,barlow,fc-wpli,all-patient,True,13,1.0,0.1,32,0.03,0.02
multimodal_psd-fc-wpli_gated_cnn,10,sub16,sub01;sub05;sub07;sub08;sub09;sub10;sub11;sub13;sub14;sub15;sub18;sub20;sub22;sub24;sub27;sub28;sub29,sub17,96,0.0004727053747046739,0.00014628049393650144,0.002,1e-05,1.0,1.0,True,False,multimodal,psd-fc-wpli,gated,cnn,True,finetune,segssl_barlow_all-patient_fc-wpli_finetune_seed13_pre20_proj32_mask0_03_noise0_02_mlp1_0_sup100,True,barlow,fc-wpli,all-patient,True,13,1.0,0.1,32,0.03,0.02
multimodal_psd-fc-wpli_gated_cnn,10,sub16,sub01;sub05;sub07;sub08;sub09;sub10;sub11;sub13;sub14;sub15;sub18;sub20;sub22;sub24;sub27;sub28;sub29,sub17,97,0.0004593447665683925,0.00014091530465520918,0.002,1e-05,1.0,1.0,True,False,multimodal,psd-fc-wpli,gated,cnn,True,finetune,segssl_barlow_all-patient_fc-wpli_finetune_seed13_pre20_proj32_mask0_03_noise0_02_mlp1_0_sup100,True,barlow,fc-wpli,all-patient,True,13,1.0,0.1,32,0.03,0.02
multimodal_psd-fc-wpli_gated_cnn,10,sub16,sub01;sub05;sub07;sub08;sub09;sub10;sub11;sub13;sub14;sub15;sub18;sub20;sub22;sub24;sub27;sub28;sub29,sub17,98,0.00044631518539972603,0.0001356693683192134,0.002,1e-05,1.0,1.0,True,False,multimodal,psd-fc-wpli,gated,cnn,True,finetune,segssl_barlow_all-patient_fc-wpli_finetune_seed13_pre20_proj32_mask0_03_noise0_02_mlp1_0_sup100,True,barlow,fc-wpli,all-patient,True,13,1.0,0.1,32,0.03,0.02
multimodal_psd-fc-wpli_gated_cnn,10,sub16,sub01;sub05;sub07;sub08;sub09;sub10;sub11;sub13;sub14;sub15;sub18;sub20;sub22;sub24;sub27;sub28;sub29,sub17,99,0.0004335715784691274,0.00013042346108704805,0.002,1e-05,1.0,1.0,True,False,multimodal,psd-fc-wpli,gated,cnn,True,finetune,segssl_barlow_all-patient_fc-wpli_finetune_seed13_pre20_proj32_mask0_03_noise0_02_mlp1_0_sup100,True,barlow,fc-wpli,all-patient,True,13,1.0,0.1,32,0.03,0.02
multimodal_psd-fc-wpli_gated_cnn,10,sub16,sub01;sub05;sub07;sub08;sub09;sub10;sub11;sub13;sub14;sub15;sub18;sub20;sub22;sub24;sub27;sub28;sub29,sub17,100,0.0004211199120618403,0.0001254160306416452,0.002,1e-05,1.0,1.0,True,False,multimodal,psd-fc-wpli,gated,cnn,True,finetune,segssl_barlow_all-patient_fc-wpli_finetune_seed13_pre20_proj32_mask0_03_noise0_02_mlp1_0_sup100,True,barlow,fc-wpli,all-patient,True,13,1.0,0.1,32,0.03,0.02
multimodal_psd-fc-wpli_gated_cnn,11,sub17,sub01;sub05;sub07;sub08;sub09;sub10;sub11;sub13;sub14;sub15;sub16;sub20;sub22;sub24;sub27;sub28;sub29,sub18,1,0.6895068883895874,0.7047181725502014,0.002,1e-05,1.0,1.0,True,False,multimodal,psd-fc-wpli,gated,cnn,True,finetune,segssl_barlow_all-patient_fc-wpli_finetune_seed13_pre20_proj32_mask0_03_noise0_02_mlp1_0_sup100,True,barlow,fc-wpli,all-patient,True,13,1.0,0.1,32,0.03,0.02
multimodal_psd-fc-wpli_gated_cnn,11,sub17,sub01;sub05;sub07;sub08;sub09;sub10;sub11;sub13;sub14;sub15;sub16;sub20;sub22;sub24;sub27;sub28;sub29,sub18,2,0.6810058951377869,0.700617253780365,0.002,1e-05,1.0,1.0,True,False,multimodal,psd-fc-wpli,gated,cnn,True,finetune,segssl_barlow_all-patient_fc-wpli_finetune_seed13_pre20_proj32_mask0_03_noise0_02_mlp1_0_sup100,True,barlow,fc-wpli,all-patient,True,13,1.0,0.1,32,0.03,0.02
multimodal_psd-fc-wpli_gated_cnn,11,sub17,sub01;sub05;sub07;sub08;sub09;sub10;sub11;sub13;sub14;sub15;sub16;sub20;sub22;sub24;sub27;sub28;sub29,sub18,3,0.6734265089035034,0.696441113948822,0.002,1e-05,1.0,1.0,True,False,multimodal,psd-fc-wpli,gated,cnn,True,finetune,segssl_barlow_all-patient_fc-wpli_finetune_seed13_pre20_proj32_mask0_03_noise0_02_mlp1_0_sup100,True,barlow,fc-wpli,all-patient,True,13,1.0,0.1,32,0.03,0.02
multimodal_psd-fc-wpli_gated_cnn,11,sub17,sub01;sub05;sub07;sub08;sub09;sub10;sub11;sub13;sub14;sub15;sub16;sub20;sub22;sub24;sub27;sub28;sub29,sub18,4,0.6660902500152588,0.6928313374519348,0.002,1e-05,1.0,1.0,True,False,multimodal,psd-fc-wpli,gated,cnn,True,finetune,segssl_barlow_all-patient_fc-wpli_finetune_seed13_pre20_proj32_mask0_03_noise0_02_mlp1_0_sup100,True,barlow,fc-wpli,all-patient,True,13,1.0,0.1,32,0.03,0.02
multimodal_psd-fc-wpli_gated_cnn,11,sub17,sub01;sub05;sub07;sub08;sub09;sub10;sub11;sub13;sub14;sub15;sub16;sub20;sub22;sub24;sub27;sub28;sub29,sub18,5,0.6587764620780945,0.6897868514060974,0.002,1e-05,1.0,1.0,True,False,multimodal,psd-fc-wpli,gated,cnn,True,finetune,segssl_barlow_all-patient_fc-wpli_finetune_seed13_pre20_proj32_mask0_03_noise0_02_mlp1_0_sup100,True,barlow,fc-wpli,all-patient,True,13,1.0,0.1,32,0.03,0.02
multimodal_psd-fc-wpli_gated_cnn,11,sub17,sub01;sub05;sub07;sub08;sub09;sub10;sub11;sub13;sub14;sub15;sub16;sub20;sub22;sub24;sub27;sub28;sub29,sub18,6,0.6509391665458679,0.6867536306381226,0.002,1e-05,1.0,1.0,True,False,multimodal,psd-fc-wpli,gated,cnn,True,finetune,segssl_barlow_all-patient_fc-wpli_finetune_seed13_pre20_proj32_mask0_03_noise0_02_mlp1_0_sup100,True,barlow,fc-wpli,all-patient,True,13,1.0,0.1,32,0.03,0.02
multimodal_psd-fc-wpli_gated_cnn,11,sub17,sub01;sub05;sub07;sub08;sub09;sub10;sub11;sub13;sub14;sub15;sub16;sub20;sub22;sub24;sub27;sub28;sub29,sub18,7,0.6423680186271667,0.6843414306640625,0.002,1e-05,1.0,1.0,True,False,multimodal,psd-fc-wpli,gated,cnn,True,finetune,segssl_barlow_all-patient_fc-wpli_finetune_seed13_pre20_proj32_mask0_03_noise0_02_mlp1_0_sup100,True,barlow,fc-wpli,all-patient,True,13,1.0,0.1,32,0.03,0.02
multimodal_psd-fc-wpli_gated_cnn,11,sub17,sub01;sub05;sub07;sub08;sub09;sub10;sub11;sub13;sub14;sub15;sub16;sub20;sub22;sub24;sub27;sub28;sub29,sub18,8,0.6331374049186707,0.6830444931983948,0.002,1e-05,1.0,1.0,True,False,multimodal,psd-fc-wpli,gated,cnn,True,finetune,segssl_barlow_all-patient_fc-wpli_finetune_seed13_pre20_proj32_mask0_03_noise0_02_mlp1_0_sup100,True,barlow,fc-wpli,all-patient,True,13,1.0,0.1,32,0.03,0.02
multimodal_psd-fc-wpli_gated_cnn,11,sub17,sub01;sub05;sub07;sub08;sub09;sub10;sub11;sub13;sub14;sub15;sub16;sub20;sub22;sub24;sub27;sub28;sub29,sub18,9,0.6229774951934814,0.6827253103256226,0.002,1e-05,1.0,1.0,True,False,multimodal,psd-fc-wpli,gated,cnn,True,finetune,segssl_barlow_all-patient_fc-wpli_finetune_seed13_pre20_proj32_mask0_03_noise0_02_mlp1_0_sup100,True,barlow,fc-wpli,all-patient,True,13,1.0,0.1,32,0.03,0.02
multimodal_psd-fc-wpli_gated_cnn,11,sub17,sub01;sub05;sub07;sub08;sub09;sub10;sub11;sub13;sub14;sub15;sub16;sub20;sub22;sub24;sub27;sub28;sub29,sub18,10,0.6120378971099854,0.6822958588600159,0.002,1e-05,1.0,1.0,True,False,multimodal,psd-fc-wpli,gated,cnn,True,finetune,segssl_barlow_all-patient_fc-wpli_finetune_seed13_pre20_proj32_mask0_03_noise0_02_mlp1_0_sup100,True,barlow,fc-wpli,all-patient,True,13,1.0,0.1,32,0.03,0.02
multimodal_psd-fc-wpli_gated_cnn,11,sub17,sub01;sub05;sub07;sub08;sub09;sub10;sub11;sub13;sub14;sub15;sub16;sub20;sub22;sub24;sub27;sub28;sub29,sub18,11,0.6002802848815918,0.6836493611335754,0.002,1e-05,1.0,1.0,False,False,multimodal,psd-fc-wpli,gated,cnn,True,finetune,segssl_barlow_all-patient_fc-wpli_finetune_seed13_pre20_proj32_mask0_03_noise0_02_mlp1_0_sup100,True,barlow,fc-wpli,all-patient,True,13,1.0,0.1,32,0.03,0.02
multimodal_psd-fc-wpli_gated_cnn,11,sub17,sub01;sub05;sub07;sub08;sub09;sub10;sub11;sub13;sub14;sub15;sub16;sub20;sub22;sub24;sub27;sub28;sub29,sub18,12,0.5879084467887878,0.6892282366752625,0.002,1e-05,1.0,1.0,False,False,multimodal,psd-fc-wpli,gated,cnn,True,finetune,segssl_barlow_all-patient_fc-wpli_finetune_seed13_pre20_proj32_mask0_03_noise0_02_mlp1_0_sup100,True,barlow,fc-wpli,all-patient,True,13,1.0,0.1,32,0.03,0.02
multimodal_psd-fc-wpli_gated_cnn,11,sub17,sub01;sub05;sub07;sub08;sub09;sub10;sub11;sub13;sub14;sub15;sub16;sub20;sub22;sub24;sub27;sub28;sub29,sub18,13,0.5748735070228577,0.6961828470230103,0.002,1e-05,1.0,1.0,False,False,multimodal,psd-fc-wpli,gated,cnn,True,finetune,segssl_barlow_all-patient_fc-wpli_finetune_seed13_pre20_proj32_mask0_03_noise0_02_mlp1_0_sup100,True,barlow,fc-wpli,all-patient,True,13,1.0,0.1,32,0.03,0.02
multimodal_psd-fc-wpli_gated_cnn,11,sub17,sub01;sub05;sub07;sub08;sub09;sub10;sub11;sub13;sub14;sub15;sub16;sub20;sub22;sub24;sub27;sub28;sub29,sub18,14,0.5611268281936646,0.703852117061615,0.002,1e-05,1.0,1.0,False,False,multimodal,psd-fc-wpli,gated,cnn,True,finetune,segssl_barlow_all-patient_fc-wpli_finetune_seed13_pre20_proj32_mask0_03_noise0_02_mlp1_0_sup100,True,barlow,fc-wpli,all-patient,True,13,1.0,0.1,32,0.03,0.02
multimodal_psd-fc-wpli_gated_cnn,11,sub17,sub01;sub05;sub07;sub08;sub09;sub10;sub11;sub13;sub14;sub15;sub16;sub20;sub22;sub24;sub27;sub28;sub29,sub18,15,0.5466857552528381,0.7112153172492981,0.002,1e-05,1.0,1.0,False,False,multimodal,psd-fc-wpli,gated,cnn,True,finetune,segssl_barlow_all-patient_fc-wpli_finetune_seed13_pre20_proj32_mask0_03_noise0_02_mlp1_0_sup100,True,barlow,fc-wpli,all-patient,True,13,1.0,0.1,32,0.03,0.02
multimodal_psd-fc-wpli_gated_cnn,11,sub17,sub01;sub05;sub07;sub08;sub09;sub10;sub11;sub13;sub14;sub15;sub16;sub20;sub22;sub24;sub27;sub28;sub29,sub18,16,0.5315937995910645,0.718102216720581,0.002,1e-05,1.0,1.0,False,False,multimodal,psd-fc-wpli,gated,cnn,True,finetune,segssl_barlow_all-patient_fc-wpli_finetune_seed13_pre20_proj32_mask0_03_noise0_02_mlp1_0_sup100,True,barlow,fc-wpli,all-patient,True,13,1.0,0.1,32,0.03,0.02
multimodal_psd-fc-wpli_gated_cnn,11,sub17,sub01;sub05;sub07;sub08;sub09;sub10;sub11;sub13;sub14;sub15;sub16;sub20;sub22;sub24;sub27;sub28;sub29,sub18,17,0.5157203078269958,0.724320113658905,0.002,1e-05,1.0,1.0,False,False,multimodal,psd-fc-wpli,gated,cnn,True,finetune,segssl_barlow_all-patient_fc-wpli_finetune_seed13_pre20_proj32_mask0_03_noise0_02_mlp1_0_sup100,True,barlow,fc-wpli,all-patient,True,13,1.0,0.1,32,0.03,0.02
multimodal_psd-fc-wpli_gated_cnn,11,sub17,sub01;sub05;sub07;sub08;sub09;sub10;sub11;sub13;sub14;sub15;sub16;sub20;sub22;sub24;sub27;sub28;sub29,sub18,18,0.49903711676597595,0.7287164926528931,0.002,1e-05,1.0,1.0,False,False,multimodal,psd-fc-wpli,gated,cnn,True,finetune,segssl_barlow_all-patient_fc-wpli_finetune_seed13_pre20_proj32_mask0_03_noise0_02_mlp1_0_sup100,True,barlow,fc-wpli,all-patient,True,13,1.0,0.1,32,0.03,0.02
multimodal_psd-fc-wpli_gated_cnn,11,sub17,sub01;sub05;sub07;sub08;sub09;sub10;sub11;sub13;sub14;sub15;sub16;sub20;sub22;sub24;sub27;sub28;sub29,sub18,19,0.4815753400325775,0.7324704527854919,0.002,1e-05,1.0,1.0,False,False,multimodal,psd-fc-wpli,gated,cnn,True,finetune,segssl_barlow_all-patient_fc-wpli_finetune_seed13_pre20_proj32_mask0_03_noise0_02_mlp1_0_sup100,True,barlow,fc-wpli,all-patient,True,13,1.0,0.1,32,0.03,0.02
multimodal_psd-fc-wpli_gated_cnn,11,sub17,sub01;sub05;sub07;sub08;sub09;sub10;sub11;sub13;sub14;sub15;sub16;sub20;sub22;sub24;sub27;sub28;sub29,sub18,20,0.4635395109653473,0.7351521253585815,0.002,1e-05,1.0,1.0,False,False,multimodal,psd-fc-wpli,gated,cnn,True,finetune,segssl_barlow_all-patient_fc-wpli_finetune_seed13_pre20_proj32_mask0_03_noise0_02_mlp1_0_sup100,True,barlow,fc-wpli,all-patient,True,13,1.0,0.1,32,0.03,0.02
multimodal_psd-fc-wpli_gated_cnn,11,sub17,sub01;sub05;sub07;sub08;sub09;sub10;sub11;sub13;sub14;sub15;sub16;sub20;sub22;sub24;sub27;sub28;sub29,sub18,21,0.44530659914016724,0.7361462712287903,0.002,1e-05,1.0,1.0,False,False,multimodal,psd-fc-wpli,gated,cnn,True,finetune,segssl_barlow_all-patient_fc-wpli_finetune_seed13_pre20_proj32_mask0_03_noise0_02_mlp1_0_sup100,True,barlow,fc-wpli,all-patient,True,13,1.0,0.1,32,0.03,0.02
multimodal_psd-fc-wpli_gated_cnn,11,sub17,sub01;sub05;sub07;sub08;sub09;sub10;sub11;sub13;sub14;sub15;sub16;sub20;sub22;sub24;sub27;sub28;sub29,sub18,22,0.42661985754966736,0.7353114485740662,0.002,1e-05,1.0,1.0,False,False,multimodal,psd-fc-wpli,gated,cnn,True,finetune,segssl_barlow_all-patient_fc-wpli_finetune_seed13_pre20_proj32_mask0_03_noise0_02_mlp1_0_sup100,True,barlow,fc-wpli,all-patient,True,13,1.0,0.1,32,0.03,0.02
multimodal_psd-fc-wpli_gated_cnn,11,sub17,sub01;sub05;sub07;sub08;sub09;sub10;sub11;sub13;sub14;sub15;sub16;sub20;sub22;sub24;sub27;sub28;sub29,sub18,23,0.40727269649505615,0.731721818447113,0.002,1e-05,1.0,1.0,False,False,multimodal,psd-fc-wpli,gated,cnn,True,finetune,segssl_barlow_all-patient_fc-wpli_finetune_seed13_pre20_proj32_mask0_03_noise0_02_mlp1_0_sup100,True,barlow,fc-wpli,all-patient,True,13,1.0,0.1,32,0.03,0.02
multimodal_psd-fc-wpli_gated_cnn,11,sub17,sub01;sub05;sub07;sub08;sub09;sub10;sub11;sub13;sub14;sub15;sub16;sub20;sub22;sub24;sub27;sub28;sub29,sub18,24,0.38763871788978577,0.7258233428001404,0.002,1e-05,1.0,1.0,False,False,multimodal,psd-fc-wpli,gated,cnn,True,finetune,segssl_barlow_all-patient_fc-wpli_finetune_seed13_pre20_proj32_mask0_03_noise0_02_mlp1_0_sup100,True,barlow,fc-wpli,all-patient,True,13,1.0,0.1,32,0.03,0.02
multimodal_psd-fc-wpli_gated_cnn,11,sub17,sub01;sub05;sub07;sub08;sub09;sub10;sub11;sub13;sub14;sub15;sub16;sub20;sub22;sub24;sub27;sub28;sub29,sub18,25,0.3673771023750305,0.718126654624939,0.002,1e-05,1.0,1.0,False,False,multimodal,psd-fc-wpli,gated,cnn,True,finetune,segssl_barlow_all-patient_fc-wpli_finetune_seed13_pre20_proj32_mask0_03_noise0_02_mlp1_0_sup100,True,barlow,fc-wpli,all-patient,True,13,1.0,0.1,32,0.03,0.02
multimodal_psd-fc-wpli_gated_cnn,11,sub17,sub01;sub05;sub07;sub08;sub09;sub10;sub11;sub13;sub14;sub15;sub16;sub20;sub22;sub24;sub27;sub28;sub29,sub18,26,0.3467687964439392,0.7077176570892334,0.002,1e-05,1.0,1.0,False,False,multimodal,psd-fc-wpli,gated,cnn,True,finetune,segssl_barlow_all-patient_fc-wpli_finetune_seed13_pre20_proj32_mask0_03_noise0_02_mlp1_0_sup100,True,barlow,fc-wpli,all-patient,True,13,1.0,0.1,32,0.03,0.02
multimodal_psd-fc-wpli_gated_cnn,11,sub17,sub01;sub05;sub07;sub08;sub09;sub10;sub11;sub13;sub14;sub15;sub16;sub20;sub22;sub24;sub27;sub28;sub29,sub18,27,0.3258046507835388,0.694466233253479,0.002,1e-05,1.0,1.0,False,False,multimodal,psd-fc-wpli,gated,cnn,True,finetune,segssl_barlow_all-patient_fc-wpli_finetune_seed13_pre20_proj32_mask0_03_noise0_02_mlp1_0_sup100,True,barlow,fc-wpli,all-patient,True,13,1.0,0.1,32,0.03,0.02
multimodal_psd-fc-wpli_gated_cnn,11,sub17,sub01;sub05;sub07;sub08;sub09;sub10;sub11;sub13;sub14;sub15;sub16;sub20;sub22;sub24;sub27;sub28;sub29,sub18,28,0.3046756088733673,0.6784723401069641,0.002,1e-05,1.0,1.0,True,False,multimodal,psd-fc-wpli,gated,cnn,True,finetune,segssl_barlow_all-patient_fc-wpli_finetune_seed13_pre20_proj32_mask0_03_noise0_02_mlp1_0_sup100,True,barlow,fc-wpli,all-patient,True,13,1.0,0.1,32,0.03,0.02
multimodal_psd-fc-wpli_gated_cnn,11,sub17,sub01;sub05;sub07;sub08;sub09;sub10;sub11;sub13;sub14;sub15;sub16;sub20;sub22;sub24;sub27;sub28;sub29,sub18,29,0.2835524380207062,0.6601001620292664,0.002,1e-05,1.0,1.0,True,False,multimodal,psd-fc-wpli,gated,cnn,True,finetune,segssl_barlow_all-patient_fc-wpli_finetune_seed13_pre20_proj32_mask0_03_noise0_02_mlp1_0_sup100,True,barlow,fc-wpli,all-patient,True,13,1.0,0.1,32,0.03,0.02
multimodal_psd-fc-wpli_gated_cnn,11,sub17,sub01;sub05;sub07;sub08;sub09;sub10;sub11;sub13;sub14;sub15;sub16;sub20;sub22;sub24;sub27;sub28;sub29,sub18,30,0.2626431882381439,0.6392596364021301,0.002,1e-05,1.0,1.0,True,False,multimodal,psd-fc-wpli,gated,cnn,True,finetune,segssl_barlow_all-patient_fc-wpli_finetune_seed13_pre20_proj32_mask0_03_noise0_02_mlp1_0_sup100,True,barlow,fc-wpli,all-patient,True,13,1.0,0.1,32,0.03,0.02
multimodal_psd-fc-wpli_gated_cnn,11,sub17,sub01;sub05;sub07;sub08;sub09;sub10;sub11;sub13;sub14;sub15;sub16;sub20;sub22;sub24;sub27;sub28;sub29,sub18,31,0.2419799119234085,0.6163862347602844,0.002,1e-05,1.0,1.0,True,False,multimodal,psd-fc-wpli,gated,cnn,True,finetune,segssl_barlow_all-patient_fc-wpli_finetune_seed13_pre20_proj32_mask0_03_noise0_02_mlp1_0_sup100,True,barlow,fc-wpli,all-patient,True,13,1.0,0.1,32,0.03,0.02
multimodal_psd-fc-wpli_gated_cnn,11,sub17,sub01;sub05;sub07;sub08;sub09;sub10;sub11;sub13;sub14;sub15;sub16;sub20;sub22;sub24;sub27;sub28;sub29,sub18,32,0.22216935455799103,0.5878029465675354,0.002,1e-05,1.0,1.0,True,False,multimodal,psd-fc-wpli,gated,cnn,True,finetune,segssl_barlow_all-patient_fc-wpli_finetune_seed13_pre20_proj32_mask0_03_noise0_02_mlp1_0_sup100,True,barlow,fc-wpli,all-patient,True,13,1.0,0.1,32,0.03,0.02
multimodal_psd-fc-wpli_gated_cnn,11,sub17,sub01;sub05;sub07;sub08;sub09;sub10;sub11;sub13;sub14;sub15;sub16;sub20;sub22;sub24;sub27;sub28;sub29,sub18,33,0.2031867653131485,0.5604764223098755,0.002,1e-05,1.0,1.0,True,False,multimodal,psd-fc-wpli,gated,cnn,True,finetune,segssl_barlow_all-patient_fc-wpli_finetune_seed13_pre20_proj32_mask0_03_noise0_02_mlp1_0_sup100,True,barlow,fc-wpli,all-patient,True,13,1.0,0.1,32,0.03,0.02
multimodal_psd-fc-wpli_gated_cnn,11,sub17,sub01;sub05;sub07;sub08;sub09;sub10;sub11;sub13;sub14;sub15;sub16;sub20;sub22;sub24;sub27;sub28;sub29,sub18,34,0.18479697406291962,0.5451306104660034,0.002,1e-05,1.0,1.0,True,False,multimodal,psd-fc-wpli,gated,cnn,True,finetune,segssl_barlow_all-patient_fc-wpli_finetune_seed13_pre20_proj32_mask0_03_noise0_02_mlp1_0_sup100,True,barlow,fc-wpli,all-patient,True,13,1.0,0.1,32,0.03,0.02
multimodal_psd-fc-wpli_gated_cnn,11,sub17,sub01;sub05;sub07;sub08;sub09;sub10;sub11;sub13;sub14;sub15;sub16;sub20;sub22;sub24;sub27;sub28;sub29,sub18,35,0.167001411318779,0.5418455600738525,0.002,1e-05,1.0,1.0,True,False,multimodal,psd-fc-wpli,gated,cnn,True,finetune,segssl_barlow_all-patient_fc-wpli_finetune_seed13_pre20_proj32_mask0_03_noise0_02_mlp1_0_sup100,True,barlow,fc-wpli,all-patient,True,13,1.0,0.1,32,0.03,0.02
multimodal_psd-fc-wpli_gated_cnn,11,sub17,sub01;sub05;sub07;sub08;sub09;sub10;sub11;sub13;sub14;sub15;sub16;sub20;sub22;sub24;sub27;sub28;sub29,sub18,36,0.15004965662956238,0.5462155342102051,0.002,1e-05,1.0,1.0,False,False,multimodal,psd-fc-wpli,gated,cnn,True,finetune,segssl_barlow_all-patient_fc-wpli_finetune_seed13_pre20_proj32_mask0_03_noise0_02_mlp1_0_sup100,True,barlow,fc-wpli,all-patient,True,13,1.0,0.1,32,0.03,0.02
multimodal_psd-fc-wpli_gated_cnn,11,sub17,sub01;sub05;sub07;sub08;sub09;sub10;sub11;sub13;sub14;sub15;sub16;sub20;sub22;sub24;sub27;sub28;sub29,sub18,37,0.13413333892822266,0.5527224540710449,0.002,1e-05,1.0,1.0,False,False,multimodal,psd-fc-wpli,gated,cnn,True,finetune,segssl_barlow_all-patient_fc-wpli_finetune_seed13_pre20_proj32_mask0_03_noise0_02_mlp1_0_sup100,True,barlow,fc-wpli,all-patient,True,13,1.0,0.1,32,0.03,0.02
multimodal_psd-fc-wpli_gated_cnn,11,sub17,sub01;sub05;sub07;sub08;sub09;sub10;sub11;sub13;sub14;sub15;sub16;sub20;sub22;sub24;sub27;sub28;sub29,sub18,38,0.11947110295295715,0.5590757131576538,0.002,1e-05,1.0,1.0,False,False,multimodal,psd-fc-wpli,gated,cnn,True,finetune,segssl_barlow_all-patient_fc-wpli_finetune_seed13_pre20_proj32_mask0_03_noise0_02_mlp1_0_sup100,True,barlow,fc-wpli,all-patient,True,13,1.0,0.1,32,0.03,0.02
multimodal_psd-fc-wpli_gated_cnn,11,sub17,sub01;sub05;sub07;sub08;sub09;sub10;sub11;sub13;sub14;sub15;sub16;sub20;sub22;sub24;sub27;sub28;sub29,sub18,39,0.10581103712320328,0.5629481077194214,0.002,1e-05,1.0,1.0,False,False,multimodal,psd-fc-wpli,gated,cnn,True,finetune,segssl_barlow_all-patient_fc-wpli_finetune_seed13_pre20_proj32_mask0_03_noise0_02_mlp1_0_sup100,True,barlow,fc-wpli,all-patient,True,13,1.0,0.1,32,0.03,0.02
multimodal_psd-fc-wpli_gated_cnn,11,sub17,sub01;sub05;sub07;sub08;sub09;sub10;sub11;sub13;sub14;sub15;sub16;sub20;sub22;sub24;sub27;sub28;sub29,sub18,40,0.0931345745921135,0.5664030313491821,0.002,1e-05,1.0,1.0,False,False,multimodal,psd-fc-wpli,gated,cnn,True,finetune,segssl_barlow_all-patient_fc-wpli_finetune_seed13_pre20_proj32_mask0_03_noise0_02_mlp1_0_sup100,True,barlow,fc-wpli,all-patient,True,13,1.0,0.1,32,0.03,0.02
multimodal_psd-fc-wpli_gated_cnn,11,sub17,sub01;sub05;sub07;sub08;sub09;sub10;sub11;sub13;sub14;sub15;sub16;sub20;sub22;sub24;sub27;sub28;sub29,sub18,41,0.08111517876386642,0.5669217109680176,0.002,1e-05,1.0,1.0,False,False,multimodal,psd-fc-wpli,gated,cnn,True,finetune,segssl_barlow_all-patient_fc-wpli_finetune_seed13_pre20_proj32_mask0_03_noise0_02_mlp1_0_sup100,True,barlow,fc-wpli,all-patient,True,13,1.0,0.1,32,0.03,0.02
multimodal_psd-fc-wpli_gated_cnn,11,sub17,sub01;sub05;sub07;sub08;sub09;sub10;sub11;sub13;sub14;sub15;sub16;sub20;sub22;sub24;sub27;sub28;sub29,sub18,42,0.07017162442207336,0.5584808588027954,0.002,1e-05,1.0,1.0,False,False,multimodal,psd-fc-wpli,gated,cnn,True,finetune,segssl_barlow_all-patient_fc-wpli_finetune_seed13_pre20_proj32_mask0_03_noise0_02_mlp1_0_sup100,True,barlow,fc-wpli,all-patient,True,13,1.0,0.1,32,0.03,0.02
multimodal_psd-fc-wpli_gated_cnn,11,sub17,sub01;sub05;sub07;sub08;sub09;sub10;sub11;sub13;sub14;sub15;sub16;sub20;sub22;sub24;sub27;sub28;sub29,sub18,43,0.06045159325003624,0.5427130460739136,0.002,1e-05,1.0,1.0,False,False,multimodal,psd-fc-wpli,gated,cnn,True,finetune,segssl_barlow_all-patient_fc-wpli_finetune_seed13_pre20_proj32_mask0_03_noise0_02_mlp1_0_sup100,True,barlow,fc-wpli,all-patient,True,13,1.0,0.1,32,0.03,0.02
multimodal_psd-fc-wpli_gated_cnn,11,sub17,sub01;sub05;sub07;sub08;sub09;sub10;sub11;sub13;sub14;sub15;sub16;sub20;sub22;sub24;sub27;sub28;sub29,sub18,44,0.05194336175918579,0.5168367624282837,0.002,1e-05,1.0,1.0,True,False,multimodal,psd-fc-wpli,gated,cnn,True,finetune,segssl_barlow_all-patient_fc-wpli_finetune_seed13_pre20_proj32_mask0_03_noise0_02_mlp1_0_sup100,True,barlow,fc-wpli,all-patient,True,13,1.0,0.1,32,0.03,0.02
multimodal_psd-fc-wpli_gated_cnn,11,sub17,sub01;sub05;sub07;sub08;sub09;sub10;sub11;sub13;sub14;sub15;sub16;sub20;sub22;sub24;sub27;sub28;sub29,sub18,45,0.044464580714702606,0.4818955063819885,0.002,1e-05,1.0,1.0,True,False,multimodal,psd-fc-wpli,gated,cnn,True,finetune,segssl_barlow_all-patient_fc-wpli_finetune_seed13_pre20_proj32_mask0_03_noise0_02_mlp1_0_sup100,True,barlow,fc-wpli,all-patient,True,13,1.0,0.1,32,0.03,0.02
multimodal_psd-fc-wpli_gated_cnn,11,sub17,sub01;sub05;sub07;sub08;sub09;sub10;sub11;sub13;sub14;sub15;sub16;sub20;sub22;sub24;sub27;sub28;sub29,sub18,46,0.03791402280330658,0.4427591860294342,0.002,1e-05,1.0,1.0,True,False,multimodal,psd-fc-wpli,gated,cnn,True,finetune,segssl_barlow_all-patient_fc-wpli_finetune_seed13_pre20_proj32_mask0_03_noise0_02_mlp1_0_sup100,True,barlow,fc-wpli,all-patient,True,13,1.0,0.1,32,0.03,0.02
multimodal_psd-fc-wpli_gated_cnn,11,sub17,sub01;sub05;sub07;sub08;sub09;sub10;sub11;sub13;sub14;sub15;sub16;sub20;sub22;sub24;sub27;sub28;sub29,sub18,47,0.03221532329916954,0.40425828099250793,0.002,1e-05,1.0,1.0,True,False,multimodal,psd-fc-wpli,gated,cnn,True,finetune,segssl_barlow_all-patient_fc-wpli_finetune_seed13_pre20_proj32_mask0_03_noise0_02_mlp1_0_sup100,True,barlow,fc-wpli,all-patient,True,13,1.0,0.1,32,0.03,0.02
multimodal_psd-fc-wpli_gated_cnn,11,sub17,sub01;sub05;sub07;sub08;sub09;sub10;sub11;sub13;sub14;sub15;sub16;sub20;sub22;sub24;sub27;sub28;sub29,sub18,48,0.027322081848978996,0.3704722225666046,0.002,1e-05,1.0,1.0,True,False,multimodal,psd-fc-wpli,gated,cnn,True,finetune,segssl_barlow_all-patient_fc-wpli_finetune_seed13_pre20_proj32_mask0_03_noise0_02_mlp1_0_sup100,True,barlow,fc-wpli,all-patient,True,13,1.0,0.1,32,0.03,0.02
multimodal_psd-fc-wpli_gated_cnn,11,sub17,sub01;sub05;sub07;sub08;sub09;sub10;sub11;sub13;sub14;sub15;sub16;sub20;sub22;sub24;sub27;sub28;sub29,sub18,49,0.02314544841647148,0.34466204047203064,0.002,1e-05,1.0,1.0,True,False,multimodal,psd-fc-wpli,gated,cnn,True,finetune,segssl_barlow_all-patient_fc-wpli_finetune_seed13_pre20_proj32_mask0_03_noise0_02_mlp1_0_sup100,True,barlow,fc-wpli,all-patient,True,13,1.0,0.1,32,0.03,0.02
multimodal_psd-fc-wpli_gated_cnn,11,sub17,sub01;sub05;sub07;sub08;sub09;sub10;sub11;sub13;sub14;sub15;sub16;sub20;sub22;sub24;sub27;sub28;sub29,sub18,50,0.019616540521383286,0.3251856565475464,0.002,1e-05,1.0,1.0,True,False,multimodal,psd-fc-wpli,gated,cnn,True,finetune,segssl_barlow_all-patient_fc-wpli_finetune_seed13_pre20_proj32_mask0_03_noise0_02_mlp1_0_sup100,True,barlow,fc-wpli,all-patient,True,13,1.0,0.1,32,0.03,0.02
multimodal_psd-fc-wpli_gated_cnn,11,sub17,sub01;sub05;sub07;sub08;sub09;sub10;sub11;sub13;sub14;sub15;sub16;sub20;sub22;sub24;sub27;sub28;sub29,sub18,51,0.01668381132185459,0.31238818168640137,0.002,1e-05,1.0,1.0,True,False,multimodal,psd-fc-wpli,gated,cnn,True,finetune,segssl_barlow_all-patient_fc-wpli_finetune_seed13_pre20_proj32_mask0_03_noise0_02_mlp1_0_sup100,True,barlow,fc-wpli,all-patient,True,13,1.0,0.1,32,0.03,0.02
multimodal_psd-fc-wpli_gated_cnn,11,sub17,sub01;sub05;sub07;sub08;sub09;sub10;sub11;sub13;sub14;sub15;sub16;sub20;sub22;sub24;sub27;sub28;sub29,sub18,52,0.014247872866690159,0.30492180585861206,0.002,1e-05,1.0,1.0,True,False,multimodal,psd-fc-wpli,gated,cnn,True,finetune,segssl_barlow_all-patient_fc-wpli_finetune_seed13_pre20_proj32_mask0_03_noise0_02_mlp1_0_sup100,True,barlow,fc-wpli,all-patient,True,13,1.0,0.1,32,0.03,0.02
multimodal_psd-fc-wpli_gated_cnn,11,sub17,sub01;sub05;sub07;sub08;sub09;sub10;sub11;sub13;sub14;sub15;sub16;sub20;sub22;sub24;sub27;sub28;sub29,sub18,53,0.012223243713378906,0.3011319041252136,0.002,1e-05,1.0,1.0,True,False,multimodal,psd-fc-wpli,gated,cnn,True,finetune,segssl_barlow_all-patient_fc-wpli_finetune_seed13_pre20_proj32_mask0_03_noise0_02_mlp1_0_sup100,True,barlow,fc-wpli,all-patient,True,13,1.0,0.1,32,0.03,0.02
multimodal_psd-fc-wpli_gated_cnn,11,sub17,sub01;sub05;sub07;sub08;sub09;sub10;sub11;sub13;sub14;sub15;sub16;sub20;sub22;sub24;sub27;sub28;sub29,sub18,54,0.010522203519940376,0.2989931106567383,0.002,1e-05,1.0,1.0,True,False,multimodal,psd-fc-wpli,gated,cnn,True,finetune,segssl_barlow_all-patient_fc-wpli_finetune_seed13_pre20_proj32_mask0_03_noise0_02_mlp1_0_sup100,True,barlow,fc-wpli,all-patient,True,13,1.0,0.1,32,0.03,0.02
multimodal_psd-fc-wpli_gated_cnn,11,sub17,sub01;sub05;sub07;sub08;sub09;sub10;sub11;sub13;sub14;sub15;sub16;sub20;sub22;sub24;sub27;sub28;sub29,sub18,55,0.009090053848922253,0.2971743941307068,0.002,1e-05,1.0,1.0,True,False,multimodal,psd-fc-wpli,gated,cnn,True,finetune,segssl_barlow_all-patient_fc-wpli_finetune_seed13_pre20_proj32_mask0_03_noise0_02_mlp1_0_sup100,True,barlow,fc-wpli,all-patient,True,13,1.0,0.1,32,0.03,0.02
multimodal_psd-fc-wpli_gated_cnn,11,sub17,sub01;sub05;sub07;sub08;sub09;sub10;sub11;sub13;sub14;sub15;sub16;sub20;sub22;sub24;sub27;sub28;sub29,sub18,56,0.007886365987360477,0.29493236541748047,0.002,1e-05,1.0,1.0,True,False,multimodal,psd-fc-wpli,gated,cnn,True,finetune,segssl_barlow_all-patient_fc-wpli_finetune_seed13_pre20_proj32_mask0_03_noise0_02_mlp1_0_sup100,True,barlow,fc-wpli,all-patient,True,13,1.0,0.1,32,0.03,0.02
multimodal_psd-fc-wpli_gated_cnn,11,sub17,sub01;sub05;sub07;sub08;sub09;sub10;sub11;sub13;sub14;sub15;sub16;sub20;sub22;sub24;sub27;sub28;sub29,sub18,57,0.006878674495965242,0.29168957471847534,0.002,1e-05,1.0,1.0,True,False,multimodal,psd-fc-wpli,gated,cnn,True,finetune,segssl_barlow_all-patient_fc-wpli_finetune_seed13_pre20_proj32_mask0_03_noise0_02_mlp1_0_sup100,True,barlow,fc-wpli,all-patient,True,13,1.0,0.1,32,0.03,0.02
multimodal_psd-fc-wpli_gated_cnn,11,sub17,sub01;sub05;sub07;sub08;sub09;sub10;sub11;sub13;sub14;sub15;sub16;sub20;sub22;sub24;sub27;sub28;sub29,sub18,58,0.006033491808921099,0.28711679577827454,0.002,1e-05,1.0,1.0,True,False,multimodal,psd-fc-wpli,gated,cnn,True,finetune,segssl_barlow_all-patient_fc-wpli_finetune_seed13_pre20_proj32_mask0_03_noise0_02_mlp1_0_sup100,True,barlow,fc-wpli,all-patient,True,13,1.0,0.1,32,0.03,0.02
multimodal_psd-fc-wpli_gated_cnn,11,sub17,sub01;sub05;sub07;sub08;sub09;sub10;sub11;sub13;sub14;sub15;sub16;sub20;sub22;sub24;sub27;sub28;sub29,sub18,59,0.005324769765138626,0.28130489587783813,0.002,1e-05,1.0,1.0,True,False,multimodal,psd-fc-wpli,gated,cnn,True,finetune,segssl_barlow_all-patient_fc-wpli_finetune_seed13_pre20_proj32_mask0_03_noise0_02_mlp1_0_sup100,True,barlow,fc-wpli,all-patient,True,13,1.0,0.1,32,0.03,0.02
multimodal_psd-fc-wpli_gated_cnn,11,sub17,sub01;sub05;sub07;sub08;sub09;sub10;sub11;sub13;sub14;sub15;sub16;sub20;sub22;sub24;sub27;sub28;sub29,sub18,60,0.004728424828499556,0.2745315432548523,0.002,1e-05,1.0,1.0,True,False,multimodal,psd-fc-wpli,gated,cnn,True,finetune,segssl_barlow_all-patient_fc-wpli_finetune_seed13_pre20_proj32_mask0_03_noise0_02_mlp1_0_sup100,True,barlow,fc-wpli,all-patient,True,13,1.0,0.1,32,0.03,0.02
multimodal_psd-fc-wpli_gated_cnn,11,sub17,sub01;sub05;sub07;sub08;sub09;sub10;sub11;sub13;sub14;sub15;sub16;sub20;sub22;sub24;sub27;sub28;sub29,sub18,61,0.0042226980440318584,0.2673203647136688,0.002,1e-05,1.0,1.0,True,False,multimodal,psd-fc-wpli,gated,cnn,True,finetune,segssl_barlow_all-patient_fc-wpli_finetune_seed13_pre20_proj32_mask0_03_noise0_02_mlp1_0_sup100,True,barlow,fc-wpli,all-patient,True,13,1.0,0.1,32,0.03,0.02
multimodal_psd-fc-wpli_gated_cnn,11,sub17,sub01;sub05;sub07;sub08;sub09;sub10;sub11;sub13;sub14;sub15;sub16;sub20;sub22;sub24;sub27;sub28;sub29,sub18,62,0.0037923043128103018,0.2603221833705902,0.002,1e-05,1.0,1.0,True,False,multimodal,psd-fc-wpli,gated,cnn,True,finetune,segssl_barlow_all-patient_fc-wpli_finetune_seed13_pre20_proj32_mask0_03_noise0_02_mlp1_0_sup100,True,barlow,fc-wpli,all-patient,True,13,1.0,0.1,32,0.03,0.02
multimodal_psd-fc-wpli_gated_cnn,11,sub17,sub01;sub05;sub07;sub08;sub09;sub10;sub11;sub13;sub14;sub15;sub16;sub20;sub22;sub24;sub27;sub28;sub29,sub18,63,0.003423071000725031,0.2542739808559418,0.002,1e-05,1.0,1.0,True,False,multimodal,psd-fc-wpli,gated,cnn,True,finetune,segssl_barlow_all-patient_fc-wpli_finetune_seed13_pre20_proj32_mask0_03_noise0_02_mlp1_0_sup100,True,barlow,fc-wpli,all-patient,True,13,1.0,0.1,32,0.03,0.02
multimodal_psd-fc-wpli_gated_cnn,11,sub17,sub01;sub05;sub07;sub08;sub09;sub10;sub11;sub13;sub14;sub15;sub16;sub20;sub22;sub24;sub27;sub28;sub29,sub18,64,0.003104371251538396,0.24933995306491852,0.002,1e-05,1.0,1.0,True,False,multimodal,psd-fc-wpli,gated,cnn,True,finetune,segssl_barlow_all-patient_fc-wpli_finetune_seed13_pre20_proj32_mask0_03_noise0_02_mlp1_0_sup100,True,barlow,fc-wpli,all-patient,True,13,1.0,0.1,32,0.03,0.02
multimodal_psd-fc-wpli_gated_cnn,11,sub17,sub01;sub05;sub07;sub08;sub09;sub10;sub11;sub13;sub14;sub15;sub16;sub20;sub22;sub24;sub27;sub28;sub29,sub18,65,0.0028276732191443443,0.245604008436203,0.002,1e-05,1.0,1.0,True,False,multimodal,psd-fc-wpli,gated,cnn,True,finetune,segssl_barlow_all-patient_fc-wpli_finetune_seed13_pre20_proj32_mask0_03_noise0_02_mlp1_0_sup100,True,barlow,fc-wpli,all-patient,True,13,1.0,0.1,32,0.03,0.02
multimodal_psd-fc-wpli_gated_cnn,11,sub17,sub01;sub05;sub07;sub08;sub09;sub10;sub11;sub13;sub14;sub15;sub16;sub20;sub22;sub24;sub27;sub28;sub29,sub18,66,0.0025874546263366938,0.24342353641986847,0.002,1e-05,1.0,1.0,True,False,multimodal,psd-fc-wpli,gated,cnn,True,finetune,segssl_barlow_all-patient_fc-wpli_finetune_seed13_pre20_proj32_mask0_03_noise0_02_mlp1_0_sup100,True,barlow,fc-wpli,all-patient,True,13,1.0,0.1,32,0.03,0.02
multimodal_psd-fc-wpli_gated_cnn,11,sub17,sub01;sub05;sub07;sub08;sub09;sub10;sub11;sub13;sub14;sub15;sub16;sub20;sub22;sub24;sub27;sub28;sub29,sub18,67,0.0023776425514370203,0.24285057187080383,0.002,1e-05,1.0,1.0,True,False,multimodal,psd-fc-wpli,gated,cnn,True,finetune,segssl_barlow_all-patient_fc-wpli_finetune_seed13_pre20_proj32_mask0_03_noise0_02_mlp1_0_sup100,True,barlow,fc-wpli,all-patient,True,13,1.0,0.1,32,0.03,0.02
multimodal_psd-fc-wpli_gated_cnn,11,sub17,sub01;sub05;sub07;sub08;sub09;sub10;sub11;sub13;sub14;sub15;sub16;sub20;sub22;sub24;sub27;sub28;sub29,sub18,68,0.002193424152210355,0.24374496936798096,0.002,1e-05,1.0,1.0,False,False,multimodal,psd-fc-wpli,gated,cnn,True,finetune,segssl_barlow_all-patient_fc-wpli_finetune_seed13_pre20_proj32_mask0_03_noise0_02_mlp1_0_sup100,True,barlow,fc-wpli,all-patient,True,13,1.0,0.1,32,0.03,0.02
multimodal_psd-fc-wpli_gated_cnn,11,sub17,sub01;sub05;sub07;sub08;sub09;sub10;sub11;sub13;sub14;sub15;sub16;sub20;sub22;sub24;sub27;sub28;sub29,sub18,69,0.0020316834561526775,0.24599787592887878,0.002,1e-05,1.0,1.0,False,False,multimodal,psd-fc-wpli,gated,cnn,True,finetune,segssl_barlow_all-patient_fc-wpli_finetune_seed13_pre20_proj32_mask0_03_noise0_02_mlp1_0_sup100,True,barlow,fc-wpli,all-patient,True,13,1.0,0.1,32,0.03,0.02
multimodal_psd-fc-wpli_gated_cnn,11,sub17,sub01;sub05;sub07;sub08;sub09;sub10;sub11;sub13;sub14;sub15;sub16;sub20;sub22;sub24;sub27;sub28;sub29,sub18,70,0.0018897753907367587,0.24941790103912354,0.002,1e-05,1.0,1.0,False,False,multimodal,psd-fc-wpli,gated,cnn,True,finetune,segssl_barlow_all-patient_fc-wpli_finetune_seed13_pre20_proj32_mask0_03_noise0_02_mlp1_0_sup100,True,barlow,fc-wpli,all-patient,True,13,1.0,0.1,32,0.03,0.02
multimodal_psd-fc-wpli_gated_cnn,11,sub17,sub01;sub05;sub07;sub08;sub09;sub10;sub11;sub13;sub14;sub15;sub16;sub20;sub22;sub24;sub27;sub28;sub29,sub18,71,0.0017639806028455496,0.2537098824977875,0.002,1e-05,1.0,1.0,False,False,multimodal,psd-fc-wpli,gated,cnn,True,finetune,segssl_barlow_all-patient_fc-wpli_finetune_seed13_pre20_proj32_mask0_03_noise0_02_mlp1_0_sup100,True,barlow,fc-wpli,all-patient,True,13,1.0,0.1,32,0.03,0.02
multimodal_psd-fc-wpli_gated_cnn,11,sub17,sub01;sub05;sub07;sub08;sub09;sub10;sub11;sub13;sub14;sub15;sub16;sub20;sub22;sub24;sub27;sub28;sub29,sub18,72,0.0016521633369848132,0.25862541794776917,0.002,1e-05,1.0,1.0,False,False,multimodal,psd-fc-wpli,gated,cnn,True,finetune,segssl_barlow_all-patient_fc-wpli_finetune_seed13_pre20_proj32_mask0_03_noise0_02_mlp1_0_sup100,True,barlow,fc-wpli,all-patient,True,13,1.0,0.1,32,0.03,0.02
multimodal_psd-fc-wpli_gated_cnn,11,sub17,sub01;sub05;sub07;sub08;sub09;sub10;sub11;sub13;sub14;sub15;sub16;sub20;sub22;sub24;sub27;sub28;sub29,sub18,73,0.001552400877699256,0.26388490200042725,0.002,1e-05,1.0,1.0,False,False,multimodal,psd-fc-wpli,gated,cnn,True,finetune,segssl_barlow_all-patient_fc-wpli_finetune_seed13_pre20_proj32_mask0_03_noise0_02_mlp1_0_sup100,True,barlow,fc-wpli,all-patient,True,13,1.0,0.1,32,0.03,0.02
multimodal_psd-fc-wpli_gated_cnn,11,sub17,sub01;sub05;sub07;sub08;sub09;sub10;sub11;sub13;sub14;sub15;sub16;sub20;sub22;sub24;sub27;sub28;sub29,sub18,74,0.0014633220853284001,0.26913967728614807,0.002,1e-05,1.0,1.0,False,False,multimodal,psd-fc-wpli,gated,cnn,True,finetune,segssl_barlow_all-patient_fc-wpli_finetune_seed13_pre20_proj32_mask0_03_noise0_02_mlp1_0_sup100,True,barlow,fc-wpli,all-patient,True,13,1.0,0.1,32,0.03,0.02
multimodal_psd-fc-wpli_gated_cnn,11,sub17,sub01;sub05;sub07;sub08;sub09;sub10;sub11;sub13;sub14;sub15;sub16;sub20;sub22;sub24;sub27;sub28;sub29,sub18,75,0.001383408671244979,0.27394014596939087,0.002,1e-05,1.0,1.0,False,False,multimodal,psd-fc-wpli,gated,cnn,True,finetune,segssl_barlow_all-patient_fc-wpli_finetune_seed13_pre20_proj32_mask0_03_noise0_02_mlp1_0_sup100,True,barlow,fc-wpli,all-patient,True,13,1.0,0.1,32,0.03,0.02
multimodal_psd-fc-wpli_gated_cnn,11,sub17,sub01;sub05;sub07;sub08;sub09;sub10;sub11;sub13;sub14;sub15;sub16;sub20;sub22;sub24;sub27;sub28;sub29,sub18,76,0.001311056432314217,0.2780175805091858,0.002,1e-05,1.0,1.0,False,False,multimodal,psd-fc-wpli,gated,cnn,True,finetune,segssl_barlow_all-patient_fc-wpli_finetune_seed13_pre20_proj32_mask0_03_noise0_02_mlp1_0_sup100,True,barlow,fc-wpli,all-patient,True,13,1.0,0.1,32,0.03,0.02
multimodal_psd-fc-wpli_gated_cnn,11,sub17,sub01;sub05;sub07;sub08;sub09;sub10;sub11;sub13;sub14;sub15;sub16;sub20;sub22;sub24;sub27;sub28;sub29,sub18,77,0.0012465814361348748,0.2809288203716278,0.002,1e-05,1.0,1.0,False,False,multimodal,psd-fc-wpli,gated,cnn,True,finetune,segssl_barlow_all-patient_fc-wpli_finetune_seed13_pre20_proj32_mask0_03_noise0_02_mlp1_0_sup100,True,barlow,fc-wpli,all-patient,True,13,1.0,0.1,32,0.03,0.02
multimodal_psd-fc-wpli_gated_cnn,11,sub17,sub01;sub05;sub07;sub08;sub09;sub10;sub11;sub13;sub14;sub15;sub16;sub20;sub22;sub24;sub27;sub28;sub29,sub18,78,0.001187635469250381,0.2828748822212219,0.002,1e-05,1.0,1.0,False,False,multimodal,psd-fc-wpli,gated,cnn,True,finetune,segssl_barlow_all-patient_fc-wpli_finetune_seed13_pre20_proj32_mask0_03_noise0_02_mlp1_0_sup100,True,barlow,fc-wpli,all-patient,True,13,1.0,0.1,32,0.03,0.02
multimodal_psd-fc-wpli_gated_cnn,11,sub17,sub01;sub05;sub07;sub08;sub09;sub10;sub11;sub13;sub14;sub15;sub16;sub20;sub22;sub24;sub27;sub28;sub29,sub18,79,0.0011342994403094053,0.283937007188797,0.002,1e-05,1.0,1.0,False,False,multimodal,psd-fc-wpli,gated,cnn,True,finetune,segssl_barlow_all-patient_fc-wpli_finetune_seed13_pre20_proj32_mask0_03_noise0_02_mlp1_0_sup100,True,barlow,fc-wpli,all-patient,True,13,1.0,0.1,32,0.03,0.02
multimodal_psd-fc-wpli_gated_cnn,11,sub17,sub01;sub05;sub07;sub08;sub09;sub10;sub11;sub13;sub14;sub15;sub16;sub20;sub22;sub24;sub27;sub28;sub29,sub18,80,0.0010852739214897156,0.28420934081077576,0.002,1e-05,1.0,1.0,False,False,multimodal,psd-fc-wpli,gated,cnn,True,finetune,segssl_barlow_all-patient_fc-wpli_finetune_seed13_pre20_proj32_mask0_03_noise0_02_mlp1_0_sup100,True,barlow,fc-wpli,all-patient,True,13,1.0,0.1,32,0.03,0.02
multimodal_psd-fc-wpli_gated_cnn,11,sub17,sub01;sub05;sub07;sub08;sub09;sub10;sub11;sub13;sub14;sub15;sub16;sub20;sub22;sub24;sub27;sub28;sub29,sub18,81,0.0010399678722023964,0.28382816910743713,0.002,1e-05,1.0,1.0,False,False,multimodal,psd-fc-wpli,gated,cnn,True,finetune,segssl_barlow_all-patient_fc-wpli_finetune_seed13_pre20_proj32_mask0_03_noise0_02_mlp1_0_sup100,True,barlow,fc-wpli,all-patient,True,13,1.0,0.1,32,0.03,0.02
multimodal_psd-fc-wpli_gated_cnn,11,sub17,sub01;sub05;sub07;sub08;sub09;sub10;sub11;sub13;sub14;sub15;sub16;sub20;sub22;sub24;sub27;sub28;sub29,sub18,82,0.0009977743029594421,0.2829633057117462,0.002,1e-05,1.0,1.0,False,False,multimodal,psd-fc-wpli,gated,cnn,True,finetune,segssl_barlow_all-patient_fc-wpli_finetune_seed13_pre20_proj32_mask0_03_noise0_02_mlp1_0_sup100,True,barlow,fc-wpli,all-patient,True,13,1.0,0.1,32,0.03,0.02
multimodal_psd-fc-wpli_gated_cnn,11,sub17,sub01;sub05;sub07;sub08;sub09;sub10;sub11;sub13;sub14;sub15;sub16;sub20;sub22;sub24;sub27;sub28;sub29,sub18,83,0.0009582560742273927,0.28177905082702637,0.002,1e-05,1.0,1.0,False,False,multimodal,psd-fc-wpli,gated,cnn,True,finetune,segssl_barlow_all-patient_fc-wpli_finetune_seed13_pre20_proj32_mask0_03_noise0_02_mlp1_0_sup100,True,barlow,fc-wpli,all-patient,True,13,1.0,0.1,32,0.03,0.02
multimodal_psd-fc-wpli_gated_cnn,11,sub17,sub01;sub05;sub07;sub08;sub09;sub10;sub11;sub13;sub14;sub15;sub16;sub20;sub22;sub24;sub27;sub28;sub29,sub18,84,0.0009210151620209217,0.2802983820438385,0.002,1e-05,1.0,1.0,False,False,multimodal,psd-fc-wpli,gated,cnn,True,finetune,segssl_barlow_all-patient_fc-wpli_finetune_seed13_pre20_proj32_mask0_03_noise0_02_mlp1_0_sup100,True,barlow,fc-wpli,all-patient,True,13,1.0,0.1,32,0.03,0.02
multimodal_psd-fc-wpli_gated_cnn,11,sub17,sub01;sub05;sub07;sub08;sub09;sub10;sub11;sub13;sub14;sub15;sub16;sub20;sub22;sub24;sub27;sub28;sub29,sub18,85,0.0008858417859300971,0.27860963344573975,0.002,1e-05,1.0,1.0,False,False,multimodal,psd-fc-wpli,gated,cnn,True,finetune,segssl_barlow_all-patient_fc-wpli_finetune_seed13_pre20_proj32_mask0_03_noise0_02_mlp1_0_sup100,True,barlow,fc-wpli,all-patient,True,13,1.0,0.1,32,0.03,0.02
multimodal_psd-fc-wpli_gated_cnn,11,sub17,sub01;sub05;sub07;sub08;sub09;sub10;sub11;sub13;sub14;sub15;sub16;sub20;sub22;sub24;sub27;sub28;sub29,sub18,86,0.0008523191208951175,0.27686241269111633,0.002,1e-05,1.0,1.0,False,False,multimodal,psd-fc-wpli,gated,cnn,True,finetune,segssl_barlow_all-patient_fc-wpli_finetune_seed13_pre20_proj32_mask0_03_noise0_02_mlp1_0_sup100,True,barlow,fc-wpli,all-patient,True,13,1.0,0.1,32,0.03,0.02
multimodal_psd-fc-wpli_gated_cnn,11,sub17,sub01;sub05;sub07;sub08;sub09;sub10;sub11;sub13;sub14;sub15;sub16;sub20;sub22;sub24;sub27;sub28;sub29,sub18,87,0.0008202263270504773,0.2753131091594696,0.002,1e-05,1.0,1.0,False,False,multimodal,psd-fc-wpli,gated,cnn,True,finetune,segssl_barlow_all-patient_fc-wpli_finetune_seed13_pre20_proj32_mask0_03_noise0_02_mlp1_0_sup100,True,barlow,fc-wpli,all-patient,True,13,1.0,0.1,32,0.03,0.02
multimodal_psd-fc-wpli_gated_cnn,11,sub17,sub01;sub05;sub07;sub08;sub09;sub10;sub11;sub13;sub14;sub15;sub16;sub20;sub22;sub24;sub27;sub28;sub29,sub18,88,0.0007894046721048653,0.2739914059638977,0.002,1e-05,1.0,1.0,False,False,multimodal,psd-fc-wpli,gated,cnn,True,finetune,segssl_barlow_all-patient_fc-wpli_finetune_seed13_pre20_proj32_mask0_03_noise0_02_mlp1_0_sup100,True,barlow,fc-wpli,all-patient,True,13,1.0,0.1,32,0.03,0.02
multimodal_psd-fc-wpli_gated_cnn,11,sub17,sub01;sub05;sub07;sub08;sub09;sub10;sub11;sub13;sub14;sub15;sub16;sub20;sub22;sub24;sub27;sub28;sub29,sub18,89,0.0007598441443406045,0.27276602387428284,0.002,1e-05,1.0,1.0,False,False,multimodal,psd-fc-wpli,gated,cnn,True,finetune,segssl_barlow_all-patient_fc-wpli_finetune_seed13_pre20_proj32_mask0_03_noise0_02_mlp1_0_sup100,True,barlow,fc-wpli,all-patient,True,13,1.0,0.1,32,0.03,0.02
multimodal_psd-fc-wpli_gated_cnn,11,sub17,sub01;sub05;sub07;sub08;sub09;sub10;sub11;sub13;sub14;sub15;sub16;sub20;sub22;sub24;sub27;sub28;sub29,sub18,90,0.0007312523084692657,0.271553635597229,0.002,1e-05,1.0,1.0,False,False,multimodal,psd-fc-wpli,gated,cnn,True,finetune,segssl_barlow_all-patient_fc-wpli_finetune_seed13_pre20_proj32_mask0_03_noise0_02_mlp1_0_sup100,True,barlow,fc-wpli,all-patient,True,13,1.0,0.1,32,0.03,0.02
multimodal_psd-fc-wpli_gated_cnn,11,sub17,sub01;sub05;sub07;sub08;sub09;sub10;sub11;sub13;sub14;sub15;sub16;sub20;sub22;sub24;sub27;sub28;sub29,sub18,91,0.0007035712478682399,0.2706031799316406,0.002,1e-05,1.0,1.0,False,False,multimodal,psd-fc-wpli,gated,cnn,True,finetune,segssl_barlow_all-patient_fc-wpli_finetune_seed13_pre20_proj32_mask0_03_noise0_02_mlp1_0_sup100,True,barlow,fc-wpli,all-patient,True,13,1.0,0.1,32,0.03,0.02
multimodal_psd-fc-wpli_gated_cnn,11,sub17,sub01;sub05;sub07;sub08;sub09;sub10;sub11;sub13;sub14;sub15;sub16;sub20;sub22;sub24;sub27;sub28;sub29,sub18,92,0.0006766199949197471,0.2698895037174225,0.002,1e-05,1.0,1.0,False,False,multimodal,psd-fc-wpli,gated,cnn,True,finetune,segssl_barlow_all-patient_fc-wpli_finetune_seed13_pre20_proj32_mask0_03_noise0_02_mlp1_0_sup100,True,barlow,fc-wpli,all-patient,True,13,1.0,0.1,32,0.03,0.02
multimodal_psd-fc-wpli_gated_cnn,11,sub17,sub01;sub05;sub07;sub08;sub09;sub10;sub11;sub13;sub14;sub15;sub16;sub20;sub22;sub24;sub27;sub28;sub29,sub18,93,0.0006502653122879565,0.26959162950515747,0.002,1e-05,1.0,1.0,False,False,multimodal,psd-fc-wpli,gated,cnn,True,finetune,segssl_barlow_all-patient_fc-wpli_finetune_seed13_pre20_proj32_mask0_03_noise0_02_mlp1_0_sup100,True,barlow,fc-wpli,all-patient,True,13,1.0,0.1,32,0.03,0.02
multimodal_psd-fc-wpli_gated_cnn,11,sub17,sub01;sub05;sub07;sub08;sub09;sub10;sub11;sub13;sub14;sub15;sub16;sub20;sub22;sub24;sub27;sub28;sub29,sub18,94,0.0006247019628062844,0.2694989740848541,0.002,1e-05,1.0,1.0,False,False,multimodal,psd-fc-wpli,gated,cnn,True,finetune,segssl_barlow_all-patient_fc-wpli_finetune_seed13_pre20_proj32_mask0_03_noise0_02_mlp1_0_sup100,True,barlow,fc-wpli,all-patient,True,13,1.0,0.1,32,0.03,0.02
multimodal_psd-fc-wpli_gated_cnn,11,sub17,sub01;sub05;sub07;sub08;sub09;sub10;sub11;sub13;sub14;sub15;sub16;sub20;sub22;sub24;sub27;sub28;sub29,sub18,95,0.0005996054387651384,0.26972609758377075,0.002,1e-05,1.0,1.0,False,False,multimodal,psd-fc-wpli,gated,cnn,True,finetune,segssl_barlow_all-patient_fc-wpli_finetune_seed13_pre20_proj32_mask0_03_noise0_02_mlp1_0_sup100,True,barlow,fc-wpli,all-patient,True,13,1.0,0.1,32,0.03,0.02
multimodal_psd-fc-wpli_gated_cnn,11,sub17,sub01;sub05;sub07;sub08;sub09;sub10;sub11;sub13;sub14;sub15;sub16;sub20;sub22;sub24;sub27;sub28;sub29,sub18,96,0.0005750135751441121,0.2702048718929291,0.002,1e-05,1.0,1.0,False,False,multimodal,psd-fc-wpli,gated,cnn,True,finetune,segssl_barlow_all-patient_fc-wpli_finetune_seed13_pre20_proj32_mask0_03_noise0_02_mlp1_0_sup100,True,barlow,fc-wpli,all-patient,True,13,1.0,0.1,32,0.03,0.02
multimodal_psd-fc-wpli_gated_cnn,11,sub17,sub01;sub05;sub07;sub08;sub09;sub10;sub11;sub13;sub14;sub15;sub16;sub20;sub22;sub24;sub27;sub28;sub29,sub18,97,0.0005509581533260643,0.2710478901863098,0.002,1e-05,1.0,1.0,False,False,multimodal,psd-fc-wpli,gated,cnn,True,finetune,segssl_barlow_all-patient_fc-wpli_finetune_seed13_pre20_proj32_mask0_03_noise0_02_mlp1_0_sup100,True,barlow,fc-wpli,all-patient,True,13,1.0,0.1,32,0.03,0.02
multimodal_psd-fc-wpli_gated_cnn,11,sub17,sub01;sub05;sub07;sub08;sub09;sub10;sub11;sub13;sub14;sub15;sub16;sub20;sub22;sub24;sub27;sub28;sub29,sub18,98,0.0005274636787362397,0.27213603258132935,0.002,1e-05,1.0,1.0,False,False,multimodal,psd-fc-wpli,gated,cnn,True,finetune,segssl_barlow_all-patient_fc-wpli_finetune_seed13_pre20_proj32_mask0_03_noise0_02_mlp1_0_sup100,True,barlow,fc-wpli,all-patient,True,13,1.0,0.1,32,0.03,0.02
multimodal_psd-fc-wpli_gated_cnn,11,sub17,sub01;sub05;sub07;sub08;sub09;sub10;sub11;sub13;sub14;sub15;sub16;sub20;sub22;sub24;sub27;sub28;sub29,sub18,99,0.0005045210127718747,0.27313753962516785,0.002,1e-05,1.0,1.0,False,False,multimodal,psd-fc-wpli,gated,cnn,True,finetune,segssl_barlow_all-patient_fc-wpli_finetune_seed13_pre20_proj32_mask0_03_noise0_02_mlp1_0_sup100,True,barlow,fc-wpli,all-patient,True,13,1.0,0.1,32,0.03,0.02
multimodal_psd-fc-wpli_gated_cnn,11,sub17,sub01;sub05;sub07;sub08;sub09;sub10;sub11;sub13;sub14;sub15;sub16;sub20;sub22;sub24;sub27;sub28;sub29,sub18,100,0.0004821551265195012,0.2741932272911072,0.002,1e-05,1.0,1.0,False,False,multimodal,psd-fc-wpli,gated,cnn,True,finetune,segssl_barlow_all-patient_fc-wpli_finetune_seed13_pre20_proj32_mask0_03_noise0_02_mlp1_0_sup100,True,barlow,fc-wpli,all-patient,True,13,1.0,0.1,32,0.03,0.02
multimodal_psd-fc-wpli_gated_cnn,12,sub18,sub01;sub05;sub07;sub08;sub09;sub10;sub11;sub13;sub14;sub15;sub16;sub17;sub22;sub24;sub27;sub28;sub29,sub20,1,0.7009167075157166,0.620959997177124,0.002,1e-05,1.0,1.0,True,False,multimodal,psd-fc-wpli,gated,cnn,True,finetune,segssl_barlow_all-patient_fc-wpli_finetune_seed13_pre20_proj32_mask0_03_noise0_02_mlp1_0_sup100,True,barlow,fc-wpli,all-patient,True,13,1.0,0.1,32,0.03,0.02
multimodal_psd-fc-wpli_gated_cnn,12,sub18,sub01;sub05;sub07;sub08;sub09;sub10;sub11;sub13;sub14;sub15;sub16;sub17;sub22;sub24;sub27;sub28;sub29,sub20,2,0.6914953589439392,0.6233009099960327,0.002,1e-05,1.0,1.0,False,False,multimodal,psd-fc-wpli,gated,cnn,True,finetune,segssl_barlow_all-patient_fc-wpli_finetune_seed13_pre20_proj32_mask0_03_noise0_02_mlp1_0_sup100,True,barlow,fc-wpli,all-patient,True,13,1.0,0.1,32,0.03,0.02
multimodal_psd-fc-wpli_gated_cnn,12,sub18,sub01;sub05;sub07;sub08;sub09;sub10;sub11;sub13;sub14;sub15;sub16;sub17;sub22;sub24;sub27;sub28;sub29,sub20,3,0.6821385025978088,0.6243274807929993,0.002,1e-05,1.0,1.0,False,False,multimodal,psd-fc-wpli,gated,cnn,True,finetune,segssl_barlow_all-patient_fc-wpli_finetune_seed13_pre20_proj32_mask0_03_noise0_02_mlp1_0_sup100,True,barlow,fc-wpli,all-patient,True,13,1.0,0.1,32,0.03,0.02
multimodal_psd-fc-wpli_gated_cnn,12,sub18,sub01;sub05;sub07;sub08;sub09;sub10;sub11;sub13;sub14;sub15;sub16;sub17;sub22;sub24;sub27;sub28;sub29,sub20,4,0.6723605990409851,0.6240883469581604,0.002,1e-05,1.0,1.0,False,False,multimodal,psd-fc-wpli,gated,cnn,True,finetune,segssl_barlow_all-patient_fc-wpli_finetune_seed13_pre20_proj32_mask0_03_noise0_02_mlp1_0_sup100,True,barlow,fc-wpli,all-patient,True,13,1.0,0.1,32,0.03,0.02
multimodal_psd-fc-wpli_gated_cnn,12,sub18,sub01;sub05;sub07;sub08;sub09;sub10;sub11;sub13;sub14;sub15;sub16;sub17;sub22;sub24;sub27;sub28;sub29,sub20,5,0.6627193093299866,0.6225451231002808,0.002,1e-05,1.0,1.0,False,False,multimodal,psd-fc-wpli,gated,cnn,True,finetune,segssl_barlow_all-patient_fc-wpli_finetune_seed13_pre20_proj32_mask0_03_noise0_02_mlp1_0_sup100,True,barlow,fc-wpli,all-patient,True,13,1.0,0.1,32,0.03,0.02
multimodal_psd-fc-wpli_gated_cnn,12,sub18,sub01;sub05;sub07;sub08;sub09;sub10;sub11;sub13;sub14;sub15;sub16;sub17;sub22;sub24;sub27;sub28;sub29,sub20,6,0.6523764133453369,0.6206465363502502,0.002,1e-05,1.0,1.0,True,False,multimodal,psd-fc-wpli,gated,cnn,True,finetune,segssl_barlow_all-patient_fc-wpli_finetune_seed13_pre20_proj32_mask0_03_noise0_02_mlp1_0_sup100,True,barlow,fc-wpli,all-patient,True,13,1.0,0.1,32,0.03,0.02
multimodal_psd-fc-wpli_gated_cnn,12,sub18,sub01;sub05;sub07;sub08;sub09;sub10;sub11;sub13;sub14;sub15;sub16;sub17;sub22;sub24;sub27;sub28;sub29,sub20,7,0.6410519480705261,0.6182788610458374,0.002,1e-05,1.0,1.0,True,False,multimodal,psd-fc-wpli,gated,cnn,True,finetune,segssl_barlow_all-patient_fc-wpli_finetune_seed13_pre20_proj32_mask0_03_noise0_02_mlp1_0_sup100,True,barlow,fc-wpli,all-patient,True,13,1.0,0.1,32,0.03,0.02
multimodal_psd-fc-wpli_gated_cnn,12,sub18,sub01;sub05;sub07;sub08;sub09;sub10;sub11;sub13;sub14;sub15;sub16;sub17;sub22;sub24;sub27;sub28;sub29,sub20,8,0.6287203431129456,0.615543007850647,0.002,1e-05,1.0,1.0,True,False,multimodal,psd-fc-wpli,gated,cnn,True,finetune,segssl_barlow_all-patient_fc-wpli_finetune_seed13_pre20_proj32_mask0_03_noise0_02_mlp1_0_sup100,True,barlow,fc-wpli,all-patient,True,13,1.0,0.1,32,0.03,0.02
multimodal_psd-fc-wpli_gated_cnn,12,sub18,sub01;sub05;sub07;sub08;sub09;sub10;sub11;sub13;sub14;sub15;sub16;sub17;sub22;sub24;sub27;sub28;sub29,sub20,9,0.6154922246932983,0.6133848428726196,0.002,1e-05,1.0,1.0,True,False,multimodal,psd-fc-wpli,gated,cnn,True,finetune,segssl_barlow_all-patient_fc-wpli_finetune_seed13_pre20_proj32_mask0_03_noise0_02_mlp1_0_sup100,True,barlow,fc-wpli,all-patient,True,13,1.0,0.1,32,0.03,0.02
multimodal_psd-fc-wpli_gated_cnn,12,sub18,sub01;sub05;sub07;sub08;sub09;sub10;sub11;sub13;sub14;sub15;sub16;sub17;sub22;sub24;sub27;sub28;sub29,sub20,10,0.6011525392532349,0.6115325689315796,0.002,1e-05,1.0,1.0,True,False,multimodal,psd-fc-wpli,gated,cnn,True,finetune,segssl_barlow_all-patient_fc-wpli_finetune_seed13_pre20_proj32_mask0_03_noise0_02_mlp1_0_sup100,True,barlow,fc-wpli,all-patient,True,13,1.0,0.1,32,0.03,0.02
multimodal_psd-fc-wpli_gated_cnn,12,sub18,sub01;sub05;sub07;sub08;sub09;sub10;sub11;sub13;sub14;sub15;sub16;sub17;sub22;sub24;sub27;sub28;sub29,sub20,11,0.5858303308486938,0.6089865565299988,0.002,1e-05,1.0,1.0,True,False,multimodal,psd-fc-wpli,gated,cnn,True,finetune,segssl_barlow_all-patient_fc-wpli_finetune_seed13_pre20_proj32_mask0_03_noise0_02_mlp1_0_sup100,True,barlow,fc-wpli,all-patient,True,13,1.0,0.1,32,0.03,0.02
multimodal_psd-fc-wpli_gated_cnn,12,sub18,sub01;sub05;sub07;sub08;sub09;sub10;sub11;sub13;sub14;sub15;sub16;sub17;sub22;sub24;sub27;sub28;sub29,sub20,12,0.5698749423027039,0.6051424145698547,0.002,1e-05,1.0,1.0,True,False,multimodal,psd-fc-wpli,gated,cnn,True,finetune,segssl_barlow_all-patient_fc-wpli_finetune_seed13_pre20_proj32_mask0_03_noise0_02_mlp1_0_sup100,True,barlow,fc-wpli,all-patient,True,13,1.0,0.1,32,0.03,0.02
multimodal_psd-fc-wpli_gated_cnn,12,sub18,sub01;sub05;sub07;sub08;sub09;sub10;sub11;sub13;sub14;sub15;sub16;sub17;sub22;sub24;sub27;sub28;sub29,sub20,13,0.5531743168830872,0.6003260016441345,0.002,1e-05,1.0,1.0,True,False,multimodal,psd-fc-wpli,gated,cnn,True,finetune,segssl_barlow_all-patient_fc-wpli_finetune_seed13_pre20_proj32_mask0_03_noise0_02_mlp1_0_sup100,True,barlow,fc-wpli,all-patient,True,13,1.0,0.1,32,0.03,0.02
multimodal_psd-fc-wpli_gated_cnn,12,sub18,sub01;sub05;sub07;sub08;sub09;sub10;sub11;sub13;sub14;sub15;sub16;sub17;sub22;sub24;sub27;sub28;sub29,sub20,14,0.5357632637023926,0.5949743390083313,0.002,1e-05,1.0,1.0,True,False,multimodal,psd-fc-wpli,gated,cnn,True,finetune,segssl_barlow_all-patient_fc-wpli_finetune_seed13_pre20_proj32_mask0_03_noise0_02_mlp1_0_sup100,True,barlow,fc-wpli,all-patient,True,13,1.0,0.1,32,0.03,0.02
multimodal_psd-fc-wpli_gated_cnn,12,sub18,sub01;sub05;sub07;sub08;sub09;sub10;sub11;sub13;sub14;sub15;sub16;sub17;sub22;sub24;sub27;sub28;sub29,sub20,15,0.5175914764404297,0.5883864164352417,0.002,1e-05,1.0,1.0,True,False,multimodal,psd-fc-wpli,gated,cnn,True,finetune,segssl_barlow_all-patient_fc-wpli_finetune_seed13_pre20_proj32_mask0_03_noise0_02_mlp1_0_sup100,True,barlow,fc-wpli,all-patient,True,13,1.0,0.1,32,0.03,0.02
multimodal_psd-fc-wpli_gated_cnn,12,sub18,sub01;sub05;sub07;sub08;sub09;sub10;sub11;sub13;sub14;sub15;sub16;sub17;sub22;sub24;sub27;sub28;sub29,sub20,16,0.4987717866897583,0.5792096257209778,0.002,1e-05,1.0,1.0,True,False,multimodal,psd-fc-wpli,gated,cnn,True,finetune,segssl_barlow_all-patient_fc-wpli_finetune_seed13_pre20_proj32_mask0_03_noise0_02_mlp1_0_sup100,True,barlow,fc-wpli,all-patient,True,13,1.0,0.1,32,0.03,0.02
multimodal_psd-fc-wpli_gated_cnn,12,sub18,sub01;sub05;sub07;sub08;sub09;sub10;sub11;sub13;sub14;sub15;sub16;sub17;sub22;sub24;sub27;sub28;sub29,sub20,17,0.4789523482322693,0.5662323832511902,0.002,1e-05,1.0,1.0,True,False,multimodal,psd-fc-wpli,gated,cnn,True,finetune,segssl_barlow_all-patient_fc-wpli_finetune_seed13_pre20_proj32_mask0_03_noise0_02_mlp1_0_sup100,True,barlow,fc-wpli,all-patient,True,13,1.0,0.1,32,0.03,0.02
multimodal_psd-fc-wpli_gated_cnn,12,sub18,sub01;sub05;sub07;sub08;sub09;sub10;sub11;sub13;sub14;sub15;sub16;sub17;sub22;sub24;sub27;sub28;sub29,sub20,18,0.4584996998310089,0.5482620596885681,0.002,1e-05,1.0,1.0,True,False,multimodal,psd-fc-wpli,gated,cnn,True,finetune,segssl_barlow_all-patient_fc-wpli_finetune_seed13_pre20_proj32_mask0_03_noise0_02_mlp1_0_sup100,True,barlow,fc-wpli,all-patient,True,13,1.0,0.1,32,0.03,0.02
multimodal_psd-fc-wpli_gated_cnn,12,sub18,sub01;sub05;sub07;sub08;sub09;sub10;sub11;sub13;sub14;sub15;sub16;sub17;sub22;sub24;sub27;sub28;sub29,sub20,19,0.4374195635318756,0.5279525518417358,0.002,1e-05,1.0,1.0,True,False,multimodal,psd-fc-wpli,gated,cnn,True,finetune,segssl_barlow_all-patient_fc-wpli_finetune_seed13_pre20_proj32_mask0_03_noise0_02_mlp1_0_sup100,True,barlow,fc-wpli,all-patient,True,13,1.0,0.1,32,0.03,0.02
multimodal_psd-fc-wpli_gated_cnn,12,sub18,sub01;sub05;sub07;sub08;sub09;sub10;sub11;sub13;sub14;sub15;sub16;sub17;sub22;sub24;sub27;sub28;sub29,sub20,20,0.415991872549057,0.5069334506988525,0.002,1e-05,1.0,1.0,True,False,multimodal,psd-fc-wpli,gated,cnn,True,finetune,segssl_barlow_all-patient_fc-wpli_finetune_seed13_pre20_proj32_mask0_03_noise0_02_mlp1_0_sup100,True,barlow,fc-wpli,all-patient,True,13,1.0,0.1,32,0.03,0.02
multimodal_psd-fc-wpli_gated_cnn,12,sub18,sub01;sub05;sub07;sub08;sub09;sub10;sub11;sub13;sub14;sub15;sub16;sub17;sub22;sub24;sub27;sub28;sub29,sub20,21,0.3944717347621918,0.4852815270423889,0.002,1e-05,1.0,1.0,True,False,multimodal,psd-fc-wpli,gated,cnn,True,finetune,segssl_barlow_all-patient_fc-wpli_finetune_seed13_pre20_proj32_mask0_03_noise0_02_mlp1_0_sup100,True,barlow,fc-wpli,all-patient,True,13,1.0,0.1,32,0.03,0.02
multimodal_psd-fc-wpli_gated_cnn,12,sub18,sub01;sub05;sub07;sub08;sub09;sub10;sub11;sub13;sub14;sub15;sub16;sub17;sub22;sub24;sub27;sub28;sub29,sub20,22,0.3726848065853119,0.4617425203323364,0.002,1e-05,1.0,1.0,True,False,multimodal,psd-fc-wpli,gated,cnn,True,finetune,segssl_barlow_all-patient_fc-wpli_finetune_seed13_pre20_proj32_mask0_03_noise0_02_mlp1_0_sup100,True,barlow,fc-wpli,all-patient,True,13,1.0,0.1,32,0.03,0.02
multimodal_psd-fc-wpli_gated_cnn,12,sub18,sub01;sub05;sub07;sub08;sub09;sub10;sub11;sub13;sub14;sub15;sub16;sub17;sub22;sub24;sub27;sub28;sub29,sub20,23,0.35067018866539,0.43560823798179626,0.002,1e-05,1.0,1.0,True,False,multimodal,psd-fc-wpli,gated,cnn,True,finetune,segssl_barlow_all-patient_fc-wpli_finetune_seed13_pre20_proj32_mask0_03_noise0_02_mlp1_0_sup100,True,barlow,fc-wpli,all-patient,True,13,1.0,0.1,32,0.03,0.02
multimodal_psd-fc-wpli_gated_cnn,12,sub18,sub01;sub05;sub07;sub08;sub09;sub10;sub11;sub13;sub14;sub15;sub16;sub17;sub22;sub24;sub27;sub28;sub29,sub20,24,0.3284607529640198,0.4064931571483612,0.002,1e-05,1.0,1.0,True,False,multimodal,psd-fc-wpli,gated,cnn,True,finetune,segssl_barlow_all-patient_fc-wpli_finetune_seed13_pre20_proj32_mask0_03_noise0_02_mlp1_0_sup100,True,barlow,fc-wpli,all-patient,True,13,1.0,0.1,32,0.03,0.02
multimodal_psd-fc-wpli_gated_cnn,12,sub18,sub01;sub05;sub07;sub08;sub09;sub10;sub11;sub13;sub14;sub15;sub16;sub17;sub22;sub24;sub27;sub28;sub29,sub20,25,0.305953711271286,0.3778451085090637,0.002,1e-05,1.0,1.0,True,False,multimodal,psd-fc-wpli,gated,cnn,True,finetune,segssl_barlow_all-patient_fc-wpli_finetune_seed13_pre20_proj32_mask0_03_noise0_02_mlp1_0_sup100,True,barlow,fc-wpli,all-patient,True,13,1.0,0.1,32,0.03,0.02
multimodal_psd-fc-wpli_gated_cnn,12,sub18,sub01;sub05;sub07;sub08;sub09;sub10;sub11;sub13;sub14;sub15;sub16;sub17;sub22;sub24;sub27;sub28;sub29,sub20,26,0.2831433117389679,0.35218074917793274,0.002,1e-05,1.0,1.0,True,False,multimodal,psd-fc-wpli,gated,cnn,True,finetune,segssl_barlow_all-patient_fc-wpli_finetune_seed13_pre20_proj32_mask0_03_noise0_02_mlp1_0_sup100,True,barlow,fc-wpli,all-patient,True,13,1.0,0.1,32,0.03,0.02
multimodal_psd-fc-wpli_gated_cnn,12,sub18,sub01;sub05;sub07;sub08;sub09;sub10;sub11;sub13;sub14;sub15;sub16;sub17;sub22;sub24;sub27;sub28;sub29,sub20,27,0.2601224184036255,0.32763129472732544,0.002,1e-05,1.0,1.0,True,False,multimodal,psd-fc-wpli,gated,cnn,True,finetune,segssl_barlow_all-patient_fc-wpli_finetune_seed13_pre20_proj32_mask0_03_noise0_02_mlp1_0_sup100,True,barlow,fc-wpli,all-patient,True,13,1.0,0.1,32,0.03,0.02
multimodal_psd-fc-wpli_gated_cnn,12,sub18,sub01;sub05;sub07;sub08;sub09;sub10;sub11;sub13;sub14;sub15;sub16;sub17;sub22;sub24;sub27;sub28;sub29,sub20,28,0.23730026185512543,0.3043223023414612,0.002,1e-05,1.0,1.0,True,False,multimodal,psd-fc-wpli,gated,cnn,True,finetune,segssl_barlow_all-patient_fc-wpli_finetune_seed13_pre20_proj32_mask0_03_noise0_02_mlp1_0_sup100,True,barlow,fc-wpli,all-patient,True,13,1.0,0.1,32,0.03,0.02
multimodal_psd-fc-wpli_gated_cnn,12,sub18,sub01;sub05;sub07;sub08;sub09;sub10;sub11;sub13;sub14;sub15;sub16;sub17;sub22;sub24;sub27;sub28;sub29,sub20,29,0.2147493064403534,0.28156140446662903,0.002,1e-05,1.0,1.0,True,False,multimodal,psd-fc-wpli,gated,cnn,True,finetune,segssl_barlow_all-patient_fc-wpli_finetune_seed13_pre20_proj32_mask0_03_noise0_02_mlp1_0_sup100,True,barlow,fc-wpli,all-patient,True,13,1.0,0.1,32,0.03,0.02
multimodal_psd-fc-wpli_gated_cnn,12,sub18,sub01;sub05;sub07;sub08;sub09;sub10;sub11;sub13;sub14;sub15;sub16;sub17;sub22;sub24;sub27;sub28;sub29,sub20,30,0.19292818009853363,0.2588847577571869,0.002,1e-05,1.0,1.0,True,False,multimodal,psd-fc-wpli,gated,cnn,True,finetune,segssl_barlow_all-patient_fc-wpli_finetune_seed13_pre20_proj32_mask0_03_noise0_02_mlp1_0_sup100,True,barlow,fc-wpli,all-patient,True,13,1.0,0.1,32,0.03,0.02
multimodal_psd-fc-wpli_gated_cnn,12,sub18,sub01;sub05;sub07;sub08;sub09;sub10;sub11;sub13;sub14;sub15;sub16;sub17;sub22;sub24;sub27;sub28;sub29,sub20,31,0.1722753793001175,0.2358437180519104,0.002,1e-05,1.0,1.0,True,False,multimodal,psd-fc-wpli,gated,cnn,True,finetune,segssl_barlow_all-patient_fc-wpli_finetune_seed13_pre20_proj32_mask0_03_noise0_02_mlp1_0_sup100,True,barlow,fc-wpli,all-patient,True,13,1.0,0.1,32,0.03,0.02
multimodal_psd-fc-wpli_gated_cnn,12,sub18,sub01;sub05;sub07;sub08;sub09;sub10;sub11;sub13;sub14;sub15;sub16;sub17;sub22;sub24;sub27;sub28;sub29,sub20,32,0.15307305753231049,0.2113916277885437,0.002,1e-05,1.0,1.0,True,False,multimodal,psd-fc-wpli,gated,cnn,True,finetune,segssl_barlow_all-patient_fc-wpli_finetune_seed13_pre20_proj32_mask0_03_noise0_02_mlp1_0_sup100,True,barlow,fc-wpli,all-patient,True,13,1.0,0.1,32,0.03,0.02
multimodal_psd-fc-wpli_gated_cnn,12,sub18,sub01;sub05;sub07;sub08;sub09;sub10;sub11;sub13;sub14;sub15;sub16;sub17;sub22;sub24;sub27;sub28;sub29,sub20,33,0.13508065044879913,0.18590053915977478,0.002,1e-05,1.0,1.0,True,False,multimodal,psd-fc-wpli,gated,cnn,True,finetune,segssl_barlow_all-patient_fc-wpli_finetune_seed13_pre20_proj32_mask0_03_noise0_02_mlp1_0_sup100,True,barlow,fc-wpli,all-patient,True,13,1.0,0.1,32,0.03,0.02
multimodal_psd-fc-wpli_gated_cnn,12,sub18,sub01;sub05;sub07;sub08;sub09;sub10;sub11;sub13;sub14;sub15;sub16;sub17;sub22;sub24;sub27;sub28;sub29,sub20,34,0.11833944171667099,0.16062995791435242,0.002,1e-05,1.0,1.0,True,False,multimodal,psd-fc-wpli,gated,cnn,True,finetune,segssl_barlow_all-patient_fc-wpli_finetune_seed13_pre20_proj32_mask0_03_noise0_02_mlp1_0_sup100,True,barlow,fc-wpli,all-patient,True,13,1.0,0.1,32,0.03,0.02
multimodal_psd-fc-wpli_gated_cnn,12,sub18,sub01;sub05;sub07;sub08;sub09;sub10;sub11;sub13;sub14;sub15;sub16;sub17;sub22;sub24;sub27;sub28;sub29,sub20,35,0.10286907851696014,0.1369420886039734,0.002,1e-05,1.0,1.0,True,False,multimodal,psd-fc-wpli,gated,cnn,True,finetune,segssl_barlow_all-patient_fc-wpli_finetune_seed13_pre20_proj32_mask0_03_noise0_02_mlp1_0_sup100,True,barlow,fc-wpli,all-patient,True,13,1.0,0.1,32,0.03,0.02
multimodal_psd-fc-wpli_gated_cnn,12,sub18,sub01;sub05;sub07;sub08;sub09;sub10;sub11;sub13;sub14;sub15;sub16;sub17;sub22;sub24;sub27;sub28;sub29,sub20,36,0.08883187174797058,0.11554154008626938,0.002,1e-05,1.0,1.0,True,False,multimodal,psd-fc-wpli,gated,cnn,True,finetune,segssl_barlow_all-patient_fc-wpli_finetune_seed13_pre20_proj32_mask0_03_noise0_02_mlp1_0_sup100,True,barlow,fc-wpli,all-patient,True,13,1.0,0.1,32,0.03,0.02
multimodal_psd-fc-wpli_gated_cnn,12,sub18,sub01;sub05;sub07;sub08;sub09;sub10;sub11;sub13;sub14;sub15;sub16;sub17;sub22;sub24;sub27;sub28;sub29,sub20,37,0.07618339359760284,0.09751615673303604,0.002,1e-05,1.0,1.0,True,False,multimodal,psd-fc-wpli,gated,cnn,True,finetune,segssl_barlow_all-patient_fc-wpli_finetune_seed13_pre20_proj32_mask0_03_noise0_02_mlp1_0_sup100,True,barlow,fc-wpli,all-patient,True,13,1.0,0.1,32,0.03,0.02
multimodal_psd-fc-wpli_gated_cnn,12,sub18,sub01;sub05;sub07;sub08;sub09;sub10;sub11;sub13;sub14;sub15;sub16;sub17;sub22;sub24;sub27;sub28;sub29,sub20,38,0.06507855653762817,0.08315297961235046,0.002,1e-05,1.0,1.0,True,False,multimodal,psd-fc-wpli,gated,cnn,True,finetune,segssl_barlow_all-patient_fc-wpli_finetune_seed13_pre20_proj32_mask0_03_noise0_02_mlp1_0_sup100,True,barlow,fc-wpli,all-patient,True,13,1.0,0.1,32,0.03,0.02
multimodal_psd-fc-wpli_gated_cnn,12,sub18,sub01;sub05;sub07;sub08;sub09;sub10;sub11;sub13;sub14;sub15;sub16;sub17;sub22;sub24;sub27;sub28;sub29,sub20,39,0.055329736322164536,0.07080423086881638,0.002,1e-05,1.0,1.0,True,False,multimodal,psd-fc-wpli,gated,cnn,True,finetune,segssl_barlow_all-patient_fc-wpli_finetune_seed13_pre20_proj32_mask0_03_noise0_02_mlp1_0_sup100,True,barlow,fc-wpli,all-patient,True,13,1.0,0.1,32,0.03,0.02
multimodal_psd-fc-wpli_gated_cnn,12,sub18,sub01;sub05;sub07;sub08;sub09;sub10;sub11;sub13;sub14;sub15;sub16;sub17;sub22;sub24;sub27;sub28;sub29,sub20,40,0.04686696454882622,0.060588013380765915,0.002,1e-05,1.0,1.0,True,False,multimodal,psd-fc-wpli,gated,cnn,True,finetune,segssl_barlow_all-patient_fc-wpli_finetune_seed13_pre20_proj32_mask0_03_noise0_02_mlp1_0_sup100,True,barlow,fc-wpli,all-patient,True,13,1.0,0.1,32,0.03,0.02
multimodal_psd-fc-wpli_gated_cnn,12,sub18,sub01;sub05;sub07;sub08;sub09;sub10;sub11;sub13;sub14;sub15;sub16;sub17;sub22;sub24;sub27;sub28;sub29,sub20,41,0.03958787024021149,0.052029602229595184,0.002,1e-05,1.0,1.0,True,False,multimodal,psd-fc-wpli,gated,cnn,True,finetune,segssl_barlow_all-patient_fc-wpli_finetune_seed13_pre20_proj32_mask0_03_noise0_02_mlp1_0_sup100,True,barlow,fc-wpli,all-patient,True,13,1.0,0.1,32,0.03,0.02
multimodal_psd-fc-wpli_gated_cnn,12,sub18,sub01;sub05;sub07;sub08;sub09;sub10;sub11;sub13;sub14;sub15;sub16;sub17;sub22;sub24;sub27;sub28;sub29,sub20,42,0.033419203013181686,0.04501117393374443,0.002,1e-05,1.0,1.0,True,False,multimodal,psd-fc-wpli,gated,cnn,True,finetune,segssl_barlow_all-patient_fc-wpli_finetune_seed13_pre20_proj32_mask0_03_noise0_02_mlp1_0_sup100,True,barlow,fc-wpli,all-patient,True,13,1.0,0.1,32,0.03,0.02
multimodal_psd-fc-wpli_gated_cnn,12,sub18,sub01;sub05;sub07;sub08;sub09;sub10;sub11;sub13;sub14;sub15;sub16;sub17;sub22;sub24;sub27;sub28;sub29,sub20,43,0.02819385938346386,0.03922111541032791,0.002,1e-05,1.0,1.0,True,False,multimodal,psd-fc-wpli,gated,cnn,True,finetune,segssl_barlow_all-patient_fc-wpli_finetune_seed13_pre20_proj32_mask0_03_noise0_02_mlp1_0_sup100,True,barlow,fc-wpli,all-patient,True,13,1.0,0.1,32,0.03,0.02
multimodal_psd-fc-wpli_gated_cnn,12,sub18,sub01;sub05;sub07;sub08;sub09;sub10;sub11;sub13;sub14;sub15;sub16;sub17;sub22;sub24;sub27;sub28;sub29,sub20,44,0.02375270426273346,0.03441429138183594,0.002,1e-05,1.0,1.0,True,False,multimodal,psd-fc-wpli,gated,cnn,True,finetune,segssl_barlow_all-patient_fc-wpli_finetune_seed13_pre20_proj32_mask0_03_noise0_02_mlp1_0_sup100,True,barlow,fc-wpli,all-patient,True,13,1.0,0.1,32,0.03,0.02
multimodal_psd-fc-wpli_gated_cnn,12,sub18,sub01;sub05;sub07;sub08;sub09;sub10;sub11;sub13;sub14;sub15;sub16;sub17;sub22;sub24;sub27;sub28;sub29,sub20,45,0.020022597163915634,0.03038722462952137,0.002,1e-05,1.0,1.0,True,False,multimodal,psd-fc-wpli,gated,cnn,True,finetune,segssl_barlow_all-patient_fc-wpli_finetune_seed13_pre20_proj32_mask0_03_noise0_02_mlp1_0_sup100,True,barlow,fc-wpli,all-patient,True,13,1.0,0.1,32,0.03,0.02
multimodal_psd-fc-wpli_gated_cnn,12,sub18,sub01;sub05;sub07;sub08;sub09;sub10;sub11;sub13;sub14;sub15;sub16;sub17;sub22;sub24;sub27;sub28;sub29,sub20,46,0.01689235121011734,0.027005253359675407,0.002,1e-05,1.0,1.0,True,False,multimodal,psd-fc-wpli,gated,cnn,True,finetune,segssl_barlow_all-patient_fc-wpli_finetune_seed13_pre20_proj32_mask0_03_noise0_02_mlp1_0_sup100,True,barlow,fc-wpli,all-patient,True,13,1.0,0.1,32,0.03,0.02
multimodal_psd-fc-wpli_gated_cnn,12,sub18,sub01;sub05;sub07;sub08;sub09;sub10;sub11;sub13;sub14;sub15;sub16;sub17;sub22;sub24;sub27;sub28;sub29,sub20,47,0.014280557632446289,0.02421530894935131,0.002,1e-05,1.0,1.0,True,False,multimodal,psd-fc-wpli,gated,cnn,True,finetune,segssl_barlow_all-patient_fc-wpli_finetune_seed13_pre20_proj32_mask0_03_noise0_02_mlp1_0_sup100,True,barlow,fc-wpli,all-patient,True,13,1.0,0.1,32,0.03,0.02
multimodal_psd-fc-wpli_gated_cnn,12,sub18,sub01;sub05;sub07;sub08;sub09;sub10;sub11;sub13;sub14;sub15;sub16;sub17;sub22;sub24;sub27;sub28;sub29,sub20,48,0.012097782455384731,0.021842733025550842,0.002,1e-05,1.0,1.0,True,False,multimodal,psd-fc-wpli,gated,cnn,True,finetune,segssl_barlow_all-patient_fc-wpli_finetune_seed13_pre20_proj32_mask0_03_noise0_02_mlp1_0_sup100,True,barlow,fc-wpli,all-patient,True,13,1.0,0.1,32,0.03,0.02
multimodal_psd-fc-wpli_gated_cnn,12,sub18,sub01;sub05;sub07;sub08;sub09;sub10;sub11;sub13;sub14;sub15;sub16;sub17;sub22;sub24;sub27;sub28;sub29,sub20,49,0.010293334722518921,0.019775815308094025,0.002,1e-05,1.0,1.0,True,False,multimodal,psd-fc-wpli,gated,cnn,True,finetune,segssl_barlow_all-patient_fc-wpli_finetune_seed13_pre20_proj32_mask0_03_noise0_02_mlp1_0_sup100,True,barlow,fc-wpli,all-patient,True,13,1.0,0.1,32,0.03,0.02
multimodal_psd-fc-wpli_gated_cnn,12,sub18,sub01;sub05;sub07;sub08;sub09;sub10;sub11;sub13;sub14;sub15;sub16;sub17;sub22;sub24;sub27;sub28;sub29,sub20,50,0.008800585754215717,0.017878074198961258,0.002,1e-05,1.0,1.0,True,False,multimodal,psd-fc-wpli,gated,cnn,True,finetune,segssl_barlow_all-patient_fc-wpli_finetune_seed13_pre20_proj32_mask0_03_noise0_02_mlp1_0_sup100,True,barlow,fc-wpli,all-patient,True,13,1.0,0.1,32,0.03,0.02
multimodal_psd-fc-wpli_gated_cnn,12,sub18,sub01;sub05;sub07;sub08;sub09;sub10;sub11;sub13;sub14;sub15;sub16;sub17;sub22;sub24;sub27;sub28;sub29,sub20,51,0.007565860170871019,0.01611257530748844,0.002,1e-05,1.0,1.0,True,False,multimodal,psd-fc-wpli,gated,cnn,True,finetune,segssl_barlow_all-patient_fc-wpli_finetune_seed13_pre20_proj32_mask0_03_noise0_02_mlp1_0_sup100,True,barlow,fc-wpli,all-patient,True,13,1.0,0.1,32,0.03,0.02
multimodal_psd-fc-wpli_gated_cnn,12,sub18,sub01;sub05;sub07;sub08;sub09;sub10;sub11;sub13;sub14;sub15;sub16;sub17;sub22;sub24;sub27;sub28;sub29,sub20,52,0.0065422565676271915,0.014489210210740566,0.002,1e-05,1.0,1.0,True,False,multimodal,psd-fc-wpli,gated,cnn,True,finetune,segssl_barlow_all-patient_fc-wpli_finetune_seed13_pre20_proj32_mask0_03_noise0_02_mlp1_0_sup100,True,barlow,fc-wpli,all-patient,True,13,1.0,0.1,32,0.03,0.02
multimodal_psd-fc-wpli_gated_cnn,12,sub18,sub01;sub05;sub07;sub08;sub09;sub10;sub11;sub13;sub14;sub15;sub16;sub17;sub22;sub24;sub27;sub28;sub29,sub20,53,0.005689571611583233,0.013051312416791916,0.002,1e-05,1.0,1.0,True,False,multimodal,psd-fc-wpli,gated,cnn,True,finetune,segssl_barlow_all-patient_fc-wpli_finetune_seed13_pre20_proj32_mask0_03_noise0_02_mlp1_0_sup100,True,barlow,fc-wpli,all-patient,True,13,1.0,0.1,32,0.03,0.02
multimodal_psd-fc-wpli_gated_cnn,12,sub18,sub01;sub05;sub07;sub08;sub09;sub10;sub11;sub13;sub14;sub15;sub16;sub17;sub22;sub24;sub27;sub28;sub29,sub20,54,0.004976320546120405,0.011785302311182022,0.002,1e-05,1.0,1.0,True,False,multimodal,psd-fc-wpli,gated,cnn,True,finetune,segssl_barlow_all-patient_fc-wpli_finetune_seed13_pre20_proj32_mask0_03_noise0_02_mlp1_0_sup100,True,barlow,fc-wpli,all-patient,True,13,1.0,0.1,32,0.03,0.02
multimodal_psd-fc-wpli_gated_cnn,12,sub18,sub01;sub05;sub07;sub08;sub09;sub10;sub11;sub13;sub14;sub15;sub16;sub17;sub22;sub24;sub27;sub28;sub29,sub20,55,0.004376278258860111,0.01069552917033434,0.002,1e-05,1.0,1.0,True,False,multimodal,psd-fc-wpli,gated,cnn,True,finetune,segssl_barlow_all-patient_fc-wpli_finetune_seed13_pre20_proj32_mask0_03_noise0_02_mlp1_0_sup100,True,barlow,fc-wpli,all-patient,True,13,1.0,0.1,32,0.03,0.02
multimodal_psd-fc-wpli_gated_cnn,12,sub18,sub01;sub05;sub07;sub08;sub09;sub10;sub11;sub13;sub14;sub15;sub16;sub17;sub22;sub24;sub27;sub28;sub29,sub20,56,0.0038694082759320736,0.009780335240066051,0.002,1e-05,1.0,1.0,True,False,multimodal,psd-fc-wpli,gated,cnn,True,finetune,segssl_barlow_all-patient_fc-wpli_finetune_seed13_pre20_proj32_mask0_03_noise0_02_mlp1_0_sup100,True,barlow,fc-wpli,all-patient,True,13,1.0,0.1,32,0.03,0.02
multimodal_psd-fc-wpli_gated_cnn,12,sub18,sub01;sub05;sub07;sub08;sub09;sub10;sub11;sub13;sub14;sub15;sub16;sub17;sub22;sub24;sub27;sub28;sub29,sub20,57,0.0034422422759234905,0.009020418860018253,0.002,1e-05,1.0,1.0,True,False,multimodal,psd-fc-wpli,gated,cnn,True,finetune,segssl_barlow_all-patient_fc-wpli_finetune_seed13_pre20_proj32_mask0_03_noise0_02_mlp1_0_sup100,True,barlow,fc-wpli,all-patient,True,13,1.0,0.1,32,0.03,0.02
multimodal_psd-fc-wpli_gated_cnn,12,sub18,sub01;sub05;sub07;sub08;sub09;sub10;sub11;sub13;sub14;sub15;sub16;sub17;sub22;sub24;sub27;sub28;sub29,sub20,58,0.0030810374300926924,0.008414283394813538,0.002,1e-05,1.0,1.0,True,False,multimodal,psd-fc-wpli,gated,cnn,True,finetune,segssl_barlow_all-patient_fc-wpli_finetune_seed13_pre20_proj32_mask0_03_noise0_02_mlp1_0_sup100,True,barlow,fc-wpli,all-patient,True,13,1.0,0.1,32,0.03,0.02
multimodal_psd-fc-wpli_gated_cnn,12,sub18,sub01;sub05;sub07;sub08;sub09;sub10;sub11;sub13;sub14;sub15;sub16;sub17;sub22;sub24;sub27;sub28;sub29,sub20,59,0.00277492543682456,0.00792788527905941,0.002,1e-05,1.0,1.0,True,False,multimodal,psd-fc-wpli,gated,cnn,True,finetune,segssl_barlow_all-patient_fc-wpli_finetune_seed13_pre20_proj32_mask0_03_noise0_02_mlp1_0_sup100,True,barlow,fc-wpli,all-patient,True,13,1.0,0.1,32,0.03,0.02
multimodal_psd-fc-wpli_gated_cnn,12,sub18,sub01;sub05;sub07;sub08;sub09;sub10;sub11;sub13;sub14;sub15;sub16;sub17;sub22;sub24;sub27;sub28;sub29,sub20,60,0.0025128559209406376,0.007516908925026655,0.002,1e-05,1.0,1.0,True,False,multimodal,psd-fc-wpli,gated,cnn,True,finetune,segssl_barlow_all-patient_fc-wpli_finetune_seed13_pre20_proj32_mask0_03_noise0_02_mlp1_0_sup100,True,barlow,fc-wpli,all-patient,True,13,1.0,0.1,32,0.03,0.02
multimodal_psd-fc-wpli_gated_cnn,12,sub18,sub01;sub05;sub07;sub08;sub09;sub10;sub11;sub13;sub14;sub15;sub16;sub17;sub22;sub24;sub27;sub28;sub29,sub20,61,0.0022872122935950756,0.00715220533311367,0.002,1e-05,1.0,1.0,True,False,multimodal,psd-fc-wpli,gated,cnn,True,finetune,segssl_barlow_all-patient_fc-wpli_finetune_seed13_pre20_proj32_mask0_03_noise0_02_mlp1_0_sup100,True,barlow,fc-wpli,all-patient,True,13,1.0,0.1,32,0.03,0.02
multimodal_psd-fc-wpli_gated_cnn,12,sub18,sub01;sub05;sub07;sub08;sub09;sub10;sub11;sub13;sub14;sub15;sub16;sub17;sub22;sub24;sub27;sub28;sub29,sub20,62,0.0020930152386426926,0.006822620984166861,0.002,1e-05,1.0,1.0,True,False,multimodal,psd-fc-wpli,gated,cnn,True,finetune,segssl_barlow_all-patient_fc-wpli_finetune_seed13_pre20_proj32_mask0_03_noise0_02_mlp1_0_sup100,True,barlow,fc-wpli,all-patient,True,13,1.0,0.1,32,0.03,0.02
multimodal_psd-fc-wpli_gated_cnn,12,sub18,sub01;sub05;sub07;sub08;sub09;sub10;sub11;sub13;sub14;sub15;sub16;sub17;sub22;sub24;sub27;sub28;sub29,sub20,63,0.0019251572666689754,0.006518642883747816,0.002,1e-05,1.0,1.0,True,False,multimodal,psd-fc-wpli,gated,cnn,True,finetune,segssl_barlow_all-patient_fc-wpli_finetune_seed13_pre20_proj32_mask0_03_noise0_02_mlp1_0_sup100,True,barlow,fc-wpli,all-patient,True,13,1.0,0.1,32,0.03,0.02
multimodal_psd-fc-wpli_gated_cnn,12,sub18,sub01;sub05;sub07;sub08;sub09;sub10;sub11;sub13;sub14;sub15;sub16;sub17;sub22;sub24;sub27;sub28;sub29,sub20,64,0.0017792736180126667,0.006239947397261858,0.002,1e-05,1.0,1.0,True,False,multimodal,psd-fc-wpli,gated,cnn,True,finetune,segssl_barlow_all-patient_fc-wpli_finetune_seed13_pre20_proj32_mask0_03_noise0_02_mlp1_0_sup100,True,barlow,fc-wpli,all-patient,True,13,1.0,0.1,32,0.03,0.02
multimodal_psd-fc-wpli_gated_cnn,12,sub18,sub01;sub05;sub07;sub08;sub09;sub10;sub11;sub13;sub14;sub15;sub16;sub17;sub22;sub24;sub27;sub28;sub29,sub20,65,0.0016520521603524685,0.005974401254206896,0.002,1e-05,1.0,1.0,True,False,multimodal,psd-fc-wpli,gated,cnn,True,finetune,segssl_barlow_all-patient_fc-wpli_finetune_seed13_pre20_proj32_mask0_03_noise0_02_mlp1_0_sup100,True,barlow,fc-wpli,all-patient,True,13,1.0,0.1,32,0.03,0.02
multimodal_psd-fc-wpli_gated_cnn,12,sub18,sub01;sub05;sub07;sub08;sub09;sub10;sub11;sub13;sub14;sub15;sub16;sub17;sub22;sub24;sub27;sub28;sub29,sub20,66,0.0015403032302856445,0.0057218740694224834,0.002,1e-05,1.0,1.0,True,False,multimodal,psd-fc-wpli,gated,cnn,True,finetune,segssl_barlow_all-patient_fc-wpli_finetune_seed13_pre20_proj32_mask0_03_noise0_02_mlp1_0_sup100,True,barlow,fc-wpli,all-patient,True,13,1.0,0.1,32,0.03,0.02
multimodal_psd-fc-wpli_gated_cnn,12,sub18,sub01;sub05;sub07;sub08;sub09;sub10;sub11;sub13;sub14;sub15;sub16;sub17;sub22;sub24;sub27;sub28;sub29,sub20,67,0.0014419249491766095,0.0054800184443593025,0.002,1e-05,1.0,1.0,True,False,multimodal,psd-fc-wpli,gated,cnn,True,finetune,segssl_barlow_all-patient_fc-wpli_finetune_seed13_pre20_proj32_mask0_03_noise0_02_mlp1_0_sup100,True,barlow,fc-wpli,all-patient,True,13,1.0,0.1,32,0.03,0.02
multimodal_psd-fc-wpli_gated_cnn,12,sub18,sub01;sub05;sub07;sub08;sub09;sub10;sub11;sub13;sub14;sub15;sub16;sub17;sub22;sub24;sub27;sub28;sub29,sub20,68,0.0013547829585149884,0.005249186418950558,0.002,1e-05,1.0,1.0,True,False,multimodal,psd-fc-wpli,gated,cnn,True,finetune,segssl_barlow_all-patient_fc-wpli_finetune_seed13_pre20_proj32_mask0_03_noise0_02_mlp1_0_sup100,True,barlow,fc-wpli,all-patient,True,13,1.0,0.1,32,0.03,0.02
multimodal_psd-fc-wpli_gated_cnn,12,sub18,sub01;sub05;sub07;sub08;sub09;sub10;sub11;sub13;sub14;sub15;sub16;sub17;sub22;sub24;sub27;sub28;sub29,sub20,69,0.001276985858567059,0.005030028987675905,0.002,1e-05,1.0,1.0,True,False,multimodal,psd-fc-wpli,gated,cnn,True,finetune,segssl_barlow_all-patient_fc-wpli_finetune_seed13_pre20_proj32_mask0_03_noise0_02_mlp1_0_sup100,True,barlow,fc-wpli,all-patient,True,13,1.0,0.1,32,0.03,0.02
multimodal_psd-fc-wpli_gated_cnn,12,sub18,sub01;sub05;sub07;sub08;sub09;sub10;sub11;sub13;sub14;sub15;sub16;sub17;sub22;sub24;sub27;sub28;sub29,sub20,70,0.001207271357998252,0.004827749915421009,0.002,1e-05,1.0,1.0,True,False,multimodal,psd-fc-wpli,gated,cnn,True,finetune,segssl_barlow_all-patient_fc-wpli_finetune_seed13_pre20_proj32_mask0_03_noise0_02_mlp1_0_sup100,True,barlow,fc-wpli,all-patient,True,13,1.0,0.1,32,0.03,0.02
multimodal_psd-fc-wpli_gated_cnn,12,sub18,sub01;sub05;sub07;sub08;sub09;sub10;sub11;sub13;sub14;sub15;sub16;sub17;sub22;sub24;sub27;sub28;sub29,sub20,71,0.0011445920681580901,0.004646230023354292,0.002,1e-05,1.0,1.0,True,False,multimodal,psd-fc-wpli,gated,cnn,True,finetune,segssl_barlow_all-patient_fc-wpli_finetune_seed13_pre20_proj32_mask0_03_noise0_02_mlp1_0_sup100,True,barlow,fc-wpli,all-patient,True,13,1.0,0.1,32,0.03,0.02
multimodal_psd-fc-wpli_gated_cnn,12,sub18,sub01;sub05;sub07;sub08;sub09;sub10;sub11;sub13;sub14;sub15;sub16;sub17;sub22;sub24;sub27;sub28;sub29,sub20,72,0.0010881803464144468,0.0044847410172224045,0.002,1e-05,1.0,1.0,True,False,multimodal,psd-fc-wpli,gated,cnn,True,finetune,segssl_barlow_all-patient_fc-wpli_finetune_seed13_pre20_proj32_mask0_03_noise0_02_mlp1_0_sup100,True,barlow,fc-wpli,all-patient,True,13,1.0,0.1,32,0.03,0.02
multimodal_psd-fc-wpli_gated_cnn,12,sub18,sub01;sub05;sub07;sub08;sub09;sub10;sub11;sub13;sub14;sub15;sub16;sub17;sub22;sub24;sub27;sub28;sub29,sub20,73,0.001037231762893498,0.004341715481132269,0.002,1e-05,1.0,1.0,True,False,multimodal,psd-fc-wpli,gated,cnn,True,finetune,segssl_barlow_all-patient_fc-wpli_finetune_seed13_pre20_proj32_mask0_03_noise0_02_mlp1_0_sup100,True,barlow,fc-wpli,all-patient,True,13,1.0,0.1,32,0.03,0.02
multimodal_psd-fc-wpli_gated_cnn,12,sub18,sub01;sub05;sub07;sub08;sub09;sub10;sub11;sub13;sub14;sub15;sub16;sub17;sub22;sub24;sub27;sub28;sub29,sub20,74,0.0009913136018440127,0.004213255830109119,0.002,1e-05,1.0,1.0,True,False,multimodal,psd-fc-wpli,gated,cnn,True,finetune,segssl_barlow_all-patient_fc-wpli_finetune_seed13_pre20_proj32_mask0_03_noise0_02_mlp1_0_sup100,True,barlow,fc-wpli,all-patient,True,13,1.0,0.1,32,0.03,0.02
multimodal_psd-fc-wpli_gated_cnn,12,sub18,sub01;sub05;sub07;sub08;sub09;sub10;sub11;sub13;sub14;sub15;sub16;sub17;sub22;sub24;sub27;sub28;sub29,sub20,75,0.0009496871498413384,0.004099415615200996,0.002,1e-05,1.0,1.0,True,False,multimodal,psd-fc-wpli,gated,cnn,True,finetune,segssl_barlow_all-patient_fc-wpli_finetune_seed13_pre20_proj32_mask0_03_noise0_02_mlp1_0_sup100,True,barlow,fc-wpli,all-patient,True,13,1.0,0.1,32,0.03,0.02
multimodal_psd-fc-wpli_gated_cnn,12,sub18,sub01;sub05;sub07;sub08;sub09;sub10;sub11;sub13;sub14;sub15;sub16;sub17;sub22;sub24;sub27;sub28;sub29,sub20,76,0.0009117991430684924,0.003997197840362787,0.002,1e-05,1.0,1.0,True,False,multimodal,psd-fc-wpli,gated,cnn,True,finetune,segssl_barlow_all-patient_fc-wpli_finetune_seed13_pre20_proj32_mask0_03_noise0_02_mlp1_0_sup100,True,barlow,fc-wpli,all-patient,True,13,1.0,0.1,32,0.03,0.02
multimodal_psd-fc-wpli_gated_cnn,12,sub18,sub01;sub05;sub07;sub08;sub09;sub10;sub11;sub13;sub14;sub15;sub16;sub17;sub22;sub24;sub27;sub28;sub29,sub20,77,0.0008772043511271477,0.0039040858391672373,0.002,1e-05,1.0,1.0,True,False,multimodal,psd-fc-wpli,gated,cnn,True,finetune,segssl_barlow_all-patient_fc-wpli_finetune_seed13_pre20_proj32_mask0_03_noise0_02_mlp1_0_sup100,True,barlow,fc-wpli,all-patient,True,13,1.0,0.1,32,0.03,0.02
multimodal_psd-fc-wpli_gated_cnn,12,sub18,sub01;sub05;sub07;sub08;sub09;sub10;sub11;sub13;sub14;sub15;sub16;sub17;sub22;sub24;sub27;sub28;sub29,sub20,78,0.0008455648203380406,0.0038181026466190815,0.002,1e-05,1.0,1.0,True,False,multimodal,psd-fc-wpli,gated,cnn,True,finetune,segssl_barlow_all-patient_fc-wpli_finetune_seed13_pre20_proj32_mask0_03_noise0_02_mlp1_0_sup100,True,barlow,fc-wpli,all-patient,True,13,1.0,0.1,32,0.03,0.02
multimodal_psd-fc-wpli_gated_cnn,12,sub18,sub01;sub05;sub07;sub08;sub09;sub10;sub11;sub13;sub14;sub15;sub16;sub17;sub22;sub24;sub27;sub28;sub29,sub20,79,0.0008165120962075889,0.003737511346116662,0.002,1e-05,1.0,1.0,True,False,multimodal,psd-fc-wpli,gated,cnn,True,finetune,segssl_barlow_all-patient_fc-wpli_finetune_seed13_pre20_proj32_mask0_03_noise0_02_mlp1_0_sup100,True,barlow,fc-wpli,all-patient,True,13,1.0,0.1,32,0.03,0.02
multimodal_psd-fc-wpli_gated_cnn,12,sub18,sub01;sub05;sub07;sub08;sub09;sub10;sub11;sub13;sub14;sub15;sub16;sub17;sub22;sub24;sub27;sub28;sub29,sub20,80,0.0007897989125922322,0.003661233698949218,0.002,1e-05,1.0,1.0,True,False,multimodal,psd-fc-wpli,gated,cnn,True,finetune,segssl_barlow_all-patient_fc-wpli_finetune_seed13_pre20_proj32_mask0_03_noise0_02_mlp1_0_sup100,True,barlow,fc-wpli,all-patient,True,13,1.0,0.1,32,0.03,0.02
multimodal_psd-fc-wpli_gated_cnn,12,sub18,sub01;sub05;sub07;sub08;sub09;sub10;sub11;sub13;sub14;sub15;sub16;sub17;sub22;sub24;sub27;sub28;sub29,sub20,81,0.0007651096093468368,0.003588431514799595,0.002,1e-05,1.0,1.0,True,False,multimodal,psd-fc-wpli,gated,cnn,True,finetune,segssl_barlow_all-patient_fc-wpli_finetune_seed13_pre20_proj32_mask0_03_noise0_02_mlp1_0_sup100,True,barlow,fc-wpli,all-patient,True,13,1.0,0.1,32,0.03,0.02
multimodal_psd-fc-wpli_gated_cnn,12,sub18,sub01;sub05;sub07;sub08;sub09;sub10;sub11;sub13;sub14;sub15;sub16;sub17;sub22;sub24;sub27;sub28;sub29,sub20,82,0.0007422516937367618,0.003518445882946253,0.002,1e-05,1.0,1.0,True,False,multimodal,psd-fc-wpli,gated,cnn,True,finetune,segssl_barlow_all-patient_fc-wpli_finetune_seed13_pre20_proj32_mask0_03_noise0_02_mlp1_0_sup100,True,barlow,fc-wpli,all-patient,True,13,1.0,0.1,32,0.03,0.02
multimodal_psd-fc-wpli_gated_cnn,12,sub18,sub01;sub05;sub07;sub08;sub09;sub10;sub11;sub13;sub14;sub15;sub16;sub17;sub22;sub24;sub27;sub28;sub29,sub20,83,0.000721067888662219,0.003450977150350809,0.002,1e-05,1.0,1.0,True,False,multimodal,psd-fc-wpli,gated,cnn,True,finetune,segssl_barlow_all-patient_fc-wpli_finetune_seed13_pre20_proj32_mask0_03_noise0_02_mlp1_0_sup100,True,barlow,fc-wpli,all-patient,True,13,1.0,0.1,32,0.03,0.02
multimodal_psd-fc-wpli_gated_cnn,12,sub18,sub01;sub05;sub07;sub08;sub09;sub10;sub11;sub13;sub14;sub15;sub16;sub17;sub22;sub24;sub27;sub28;sub29,sub20,84,0.0007013136055320501,0.003384230425581336,0.002,1e-05,1.0,1.0,True,False,multimodal,psd-fc-wpli,gated,cnn,True,finetune,segssl_barlow_all-patient_fc-wpli_finetune_seed13_pre20_proj32_mask0_03_noise0_02_mlp1_0_sup100,True,barlow,fc-wpli,all-patient,True,13,1.0,0.1,32,0.03,0.02
multimodal_psd-fc-wpli_gated_cnn,12,sub18,sub01;sub05;sub07;sub08;sub09;sub10;sub11;sub13;sub14;sub15;sub16;sub17;sub22;sub24;sub27;sub28;sub29,sub20,85,0.0006826678873039782,0.003318983595818281,0.002,1e-05,1.0,1.0,True,False,multimodal,psd-fc-wpli,gated,cnn,True,finetune,segssl_barlow_all-patient_fc-wpli_finetune_seed13_pre20_proj32_mask0_03_noise0_02_mlp1_0_sup100,True,barlow,fc-wpli,all-patient,True,13,1.0,0.1,32,0.03,0.02
multimodal_psd-fc-wpli_gated_cnn,12,sub18,sub01;sub05;sub07;sub08;sub09;sub10;sub11;sub13;sub14;sub15;sub16;sub17;sub22;sub24;sub27;sub28;sub29,sub20,86,0.000665168568957597,0.003254697658121586,0.002,1e-05,1.0,1.0,True,False,multimodal,psd-fc-wpli,gated,cnn,True,finetune,segssl_barlow_all-patient_fc-wpli_finetune_seed13_pre20_proj32_mask0_03_noise0_02_mlp1_0_sup100,True,barlow,fc-wpli,all-patient,True,13,1.0,0.1,32,0.03,0.02
multimodal_psd-fc-wpli_gated_cnn,12,sub18,sub01;sub05;sub07;sub08;sub09;sub10;sub11;sub13;sub14;sub15;sub16;sub17;sub22;sub24;sub27;sub28;sub29,sub20,87,0.0006484927725978196,0.0031905353534966707,0.002,1e-05,1.0,1.0,True,False,multimodal,psd-fc-wpli,gated,cnn,True,finetune,segssl_barlow_all-patient_fc-wpli_finetune_seed13_pre20_proj32_mask0_03_noise0_02_mlp1_0_sup100,True,barlow,fc-wpli,all-patient,True,13,1.0,0.1,32,0.03,0.02
multimodal_psd-fc-wpli_gated_cnn,12,sub18,sub01;sub05;sub07;sub08;sub09;sub10;sub11;sub13;sub14;sub15;sub16;sub17;sub22;sub24;sub27;sub28;sub29,sub20,88,0.0006325370050035417,0.003127333940938115,0.002,1e-05,1.0,1.0,True,False,multimodal,psd-fc-wpli,gated,cnn,True,finetune,segssl_barlow_all-patient_fc-wpli_finetune_seed13_pre20_proj32_mask0_03_noise0_02_mlp1_0_sup100,True,barlow,fc-wpli,all-patient,True,13,1.0,0.1,32,0.03,0.02
multimodal_psd-fc-wpli_gated_cnn,12,sub18,sub01;sub05;sub07;sub08;sub09;sub10;sub11;sub13;sub14;sub15;sub16;sub17;sub22;sub24;sub27;sub28;sub29,sub20,89,0.0006171799614094198,0.003065272467210889,0.002,1e-05,1.0,1.0,True,False,multimodal,psd-fc-wpli,gated,cnn,True,finetune,segssl_barlow_all-patient_fc-wpli_finetune_seed13_pre20_proj32_mask0_03_noise0_02_mlp1_0_sup100,True,barlow,fc-wpli,all-patient,True,13,1.0,0.1,32,0.03,0.02
multimodal_psd-fc-wpli_gated_cnn,12,sub18,sub01;sub05;sub07;sub08;sub09;sub10;sub11;sub13;sub14;sub15;sub16;sub17;sub22;sub24;sub27;sub28;sub29,sub20,90,0.000602295040152967,0.0030044703744351864,0.002,1e-05,1.0,1.0,True,False,multimodal,psd-fc-wpli,gated,cnn,True,finetune,segssl_barlow_all-patient_fc-wpli_finetune_seed13_pre20_proj32_mask0_03_noise0_02_mlp1_0_sup100,True,barlow,fc-wpli,all-patient,True,13,1.0,0.1,32,0.03,0.02
multimodal_psd-fc-wpli_gated_cnn,12,sub18,sub01;sub05;sub07;sub08;sub09;sub10;sub11;sub13;sub14;sub15;sub16;sub17;sub22;sub24;sub27;sub28;sub29,sub20,91,0.0005878380034118891,0.002944209845736623,0.002,1e-05,1.0,1.0,True,False,multimodal,psd-fc-wpli,gated,cnn,True,finetune,segssl_barlow_all-patient_fc-wpli_finetune_seed13_pre20_proj32_mask0_03_noise0_02_mlp1_0_sup100,True,barlow,fc-wpli,all-patient,True,13,1.0,0.1,32,0.03,0.02
multimodal_psd-fc-wpli_gated_cnn,12,sub18,sub01;sub05;sub07;sub08;sub09;sub10;sub11;sub13;sub14;sub15;sub16;sub17;sub22;sub24;sub27;sub28;sub29,sub20,92,0.0005737770115956664,0.00288323569111526,0.002,1e-05,1.0,1.0,True,False,multimodal,psd-fc-wpli,gated,cnn,True,finetune,segssl_barlow_all-patient_fc-wpli_finetune_seed13_pre20_proj32_mask0_03_noise0_02_mlp1_0_sup100,True,barlow,fc-wpli,all-patient,True,13,1.0,0.1,32,0.03,0.02
multimodal_psd-fc-wpli_gated_cnn,12,sub18,sub01;sub05;sub07;sub08;sub09;sub10;sub11;sub13;sub14;sub15;sub16;sub17;sub22;sub24;sub27;sub28;sub29,sub20,93,0.0005600558943115175,0.0028202328830957413,0.002,1e-05,1.0,1.0,True,False,multimodal,psd-fc-wpli,gated,cnn,True,finetune,segssl_barlow_all-patient_fc-wpli_finetune_seed13_pre20_proj32_mask0_03_noise0_02_mlp1_0_sup100,True,barlow,fc-wpli,all-patient,True,13,1.0,0.1,32,0.03,0.02
multimodal_psd-fc-wpli_gated_cnn,12,sub18,sub01;sub05;sub07;sub08;sub09;sub10;sub11;sub13;sub14;sub15;sub16;sub17;sub22;sub24;sub27;sub28;sub29,sub20,94,0.0005465565482154489,0.0027557997964322567,0.002,1e-05,1.0,1.0,True,False,multimodal,psd-fc-wpli,gated,cnn,True,finetune,segssl_barlow_all-patient_fc-wpli_finetune_seed13_pre20_proj32_mask0_03_noise0_02_mlp1_0_sup100,True,barlow,fc-wpli,all-patient,True,13,1.0,0.1,32,0.03,0.02
multimodal_psd-fc-wpli_gated_cnn,12,sub18,sub01;sub05;sub07;sub08;sub09;sub10;sub11;sub13;sub14;sub15;sub16;sub17;sub22;sub24;sub27;sub28;sub29,sub20,95,0.0005333011504262686,0.0026915499474853277,0.002,1e-05,1.0,1.0,True,False,multimodal,psd-fc-wpli,gated,cnn,True,finetune,segssl_barlow_all-patient_fc-wpli_finetune_seed13_pre20_proj32_mask0_03_noise0_02_mlp1_0_sup100,True,barlow,fc-wpli,all-patient,True,13,1.0,0.1,32,0.03,0.02
multimodal_psd-fc-wpli_gated_cnn,12,sub18,sub01;sub05;sub07;sub08;sub09;sub10;sub11;sub13;sub14;sub15;sub16;sub17;sub22;sub24;sub27;sub28;sub29,sub20,96,0.0005202446482144296,0.0026274838019162416,0.002,1e-05,1.0,1.0,True,False,multimodal,psd-fc-wpli,gated,cnn,True,finetune,segssl_barlow_all-patient_fc-wpli_finetune_seed13_pre20_proj32_mask0_03_noise0_02_mlp1_0_sup100,True,barlow,fc-wpli,all-patient,True,13,1.0,0.1,32,0.03,0.02
multimodal_psd-fc-wpli_gated_cnn,12,sub18,sub01;sub05;sub07;sub08;sub09;sub10;sub11;sub13;sub14;sub15;sub16;sub17;sub22;sub24;sub27;sub28;sub29,sub20,97,0.0005073615466244519,0.002562704263255,0.002,1e-05,1.0,1.0,True,False,multimodal,psd-fc-wpli,gated,cnn,True,finetune,segssl_barlow_all-patient_fc-wpli_finetune_seed13_pre20_proj32_mask0_03_noise0_02_mlp1_0_sup100,True,barlow,fc-wpli,all-patient,True,13,1.0,0.1,32,0.03,0.02
multimodal_psd-fc-wpli_gated_cnn,12,sub18,sub01;sub05;sub07;sub08;sub09;sub10;sub11;sub13;sub14;sub15;sub16;sub17;sub22;sub24;sub27;sub28;sub29,sub20,98,0.0004946293192915618,0.0024977498687803745,0.002,1e-05,1.0,1.0,True,False,multimodal,psd-fc-wpli,gated,cnn,True,finetune,segssl_barlow_all-patient_fc-wpli_finetune_seed13_pre20_proj32_mask0_03_noise0_02_mlp1_0_sup100,True,barlow,fc-wpli,all-patient,True,13,1.0,0.1,32,0.03,0.02
multimodal_psd-fc-wpli_gated_cnn,12,sub18,sub01;sub05;sub07;sub08;sub09;sub10;sub11;sub13;sub14;sub15;sub16;sub17;sub22;sub24;sub27;sub28;sub29,sub20,99,0.0004820204630959779,0.002431903500109911,0.002,1e-05,1.0,1.0,True,False,multimodal,psd-fc-wpli,gated,cnn,True,finetune,segssl_barlow_all-patient_fc-wpli_finetune_seed13_pre20_proj32_mask0_03_noise0_02_mlp1_0_sup100,True,barlow,fc-wpli,all-patient,True,13,1.0,0.1,32,0.03,0.02
multimodal_psd-fc-wpli_gated_cnn,12,sub18,sub01;sub05;sub07;sub08;sub09;sub10;sub11;sub13;sub14;sub15;sub16;sub17;sub22;sub24;sub27;sub28;sub29,sub20,100,0.0004695478710345924,0.002365165390074253,0.002,1e-05,1.0,1.0,True,False,multimodal,psd-fc-wpli,gated,cnn,True,finetune,segssl_barlow_all-patient_fc-wpli_finetune_seed13_pre20_proj32_mask0_03_noise0_02_mlp1_0_sup100,True,barlow,fc-wpli,all-patient,True,13,1.0,0.1,32,0.03,0.02
multimodal_psd-fc-wpli_gated_cnn,13,sub20,sub01;sub05;sub07;sub08;sub09;sub10;sub11;sub13;sub14;sub15;sub16;sub17;sub18;sub24;sub27;sub28;sub29,sub22,1,0.6935138702392578,0.7973876595497131,0.002,1e-05,1.0,1.0,True,False,multimodal,psd-fc-wpli,gated,cnn,True,finetune,segssl_barlow_all-patient_fc-wpli_finetune_seed13_pre20_proj32_mask0_03_noise0_02_mlp1_0_sup100,True,barlow,fc-wpli,all-patient,True,13,1.0,0.1,32,0.03,0.02
multimodal_psd-fc-wpli_gated_cnn,13,sub20,sub01;sub05;sub07;sub08;sub09;sub10;sub11;sub13;sub14;sub15;sub16;sub17;sub18;sub24;sub27;sub28;sub29,sub22,2,0.6844953894615173,0.7959365844726562,0.002,1e-05,1.0,1.0,True,False,multimodal,psd-fc-wpli,gated,cnn,True,finetune,segssl_barlow_all-patient_fc-wpli_finetune_seed13_pre20_proj32_mask0_03_noise0_02_mlp1_0_sup100,True,barlow,fc-wpli,all-patient,True,13,1.0,0.1,32,0.03,0.02
multimodal_psd-fc-wpli_gated_cnn,13,sub20,sub01;sub05;sub07;sub08;sub09;sub10;sub11;sub13;sub14;sub15;sub16;sub17;sub18;sub24;sub27;sub28;sub29,sub22,3,0.6781505346298218,0.794746458530426,0.002,1e-05,1.0,1.0,True,False,multimodal,psd-fc-wpli,gated,cnn,True,finetune,segssl_barlow_all-patient_fc-wpli_finetune_seed13_pre20_proj32_mask0_03_noise0_02_mlp1_0_sup100,True,barlow,fc-wpli,all-patient,True,13,1.0,0.1,32,0.03,0.02
multimodal_psd-fc-wpli_gated_cnn,13,sub20,sub01;sub05;sub07;sub08;sub09;sub10;sub11;sub13;sub14;sub15;sub16;sub17;sub18;sub24;sub27;sub28;sub29,sub22,4,0.6726853847503662,0.7934167385101318,0.002,1e-05,1.0,1.0,True,False,multimodal,psd-fc-wpli,gated,cnn,True,finetune,segssl_barlow_all-patient_fc-wpli_finetune_seed13_pre20_proj32_mask0_03_noise0_02_mlp1_0_sup100,True,barlow,fc-wpli,all-patient,True,13,1.0,0.1,32,0.03,0.02
multimodal_psd-fc-wpli_gated_cnn,13,sub20,sub01;sub05;sub07;sub08;sub09;sub10;sub11;sub13;sub14;sub15;sub16;sub17;sub18;sub24;sub27;sub28;sub29,sub22,5,0.666887640953064,0.7913049459457397,0.002,1e-05,1.0,1.0,True,False,multimodal,psd-fc-wpli,gated,cnn,True,finetune,segssl_barlow_all-patient_fc-wpli_finetune_seed13_pre20_proj32_mask0_03_noise0_02_mlp1_0_sup100,True,barlow,fc-wpli,all-patient,True,13,1.0,0.1,32,0.03,0.02
multimodal_psd-fc-wpli_gated_cnn,13,sub20,sub01;sub05;sub07;sub08;sub09;sub10;sub11;sub13;sub14;sub15;sub16;sub17;sub18;sub24;sub27;sub28;sub29,sub22,6,0.6610071659088135,0.7887936234474182,0.002,1e-05,1.0,1.0,True,False,multimodal,psd-fc-wpli,gated,cnn,True,finetune,segssl_barlow_all-patient_fc-wpli_finetune_seed13_pre20_proj32_mask0_03_noise0_02_mlp1_0_sup100,True,barlow,fc-wpli,all-patient,True,13,1.0,0.1,32,0.03,0.02
multimodal_psd-fc-wpli_gated_cnn,13,sub20,sub01;sub05;sub07;sub08;sub09;sub10;sub11;sub13;sub14;sub15;sub16;sub17;sub18;sub24;sub27;sub28;sub29,sub22,7,0.6545746326446533,0.7867113947868347,0.002,1e-05,1.0,1.0,True,False,multimodal,psd-fc-wpli,gated,cnn,True,finetune,segssl_barlow_all-patient_fc-wpli_finetune_seed13_pre20_proj32_mask0_03_noise0_02_mlp1_0_sup100,True,barlow,fc-wpli,all-patient,True,13,1.0,0.1,32,0.03,0.02
multimodal_psd-fc-wpli_gated_cnn,13,sub20,sub01;sub05;sub07;sub08;sub09;sub10;sub11;sub13;sub14;sub15;sub16;sub17;sub18;sub24;sub27;sub28;sub29,sub22,8,0.6472761631011963,0.7858216762542725,0.002,1e-05,1.0,1.0,True,False,multimodal,psd-fc-wpli,gated,cnn,True,finetune,segssl_barlow_all-patient_fc-wpli_finetune_seed13_pre20_proj32_mask0_03_noise0_02_mlp1_0_sup100,True,barlow,fc-wpli,all-patient,True,13,1.0,0.1,32,0.03,0.02
multimodal_psd-fc-wpli_gated_cnn,13,sub20,sub01;sub05;sub07;sub08;sub09;sub10;sub11;sub13;sub14;sub15;sub16;sub17;sub18;sub24;sub27;sub28;sub29,sub22,9,0.6391301155090332,0.7861725687980652,0.002,1e-05,1.0,1.0,False,False,multimodal,psd-fc-wpli,gated,cnn,True,finetune,segssl_barlow_all-patient_fc-wpli_finetune_seed13_pre20_proj32_mask0_03_noise0_02_mlp1_0_sup100,True,barlow,fc-wpli,all-patient,True,13,1.0,0.1,32,0.03,0.02
multimodal_psd-fc-wpli_gated_cnn,13,sub20,sub01;sub05;sub07;sub08;sub09;sub10;sub11;sub13;sub14;sub15;sub16;sub17;sub18;sub24;sub27;sub28;sub29,sub22,10,0.630214273929596,0.7882623076438904,0.002,1e-05,1.0,1.0,False,False,multimodal,psd-fc-wpli,gated,cnn,True,finetune,segssl_barlow_all-patient_fc-wpli_finetune_seed13_pre20_proj32_mask0_03_noise0_02_mlp1_0_sup100,True,barlow,fc-wpli,all-patient,True,13,1.0,0.1,32,0.03,0.02
multimodal_psd-fc-wpli_gated_cnn,13,sub20,sub01;sub05;sub07;sub08;sub09;sub10;sub11;sub13;sub14;sub15;sub16;sub17;sub18;sub24;sub27;sub28;sub29,sub22,11,0.6203807592391968,0.7918237447738647,0.002,1e-05,1.0,1.0,False,False,multimodal,psd-fc-wpli,gated,cnn,True,finetune,segssl_barlow_all-patient_fc-wpli_finetune_seed13_pre20_proj32_mask0_03_noise0_02_mlp1_0_sup100,True,barlow,fc-wpli,all-patient,True,13,1.0,0.1,32,0.03,0.02
multimodal_psd-fc-wpli_gated_cnn,13,sub20,sub01;sub05;sub07;sub08;sub09;sub10;sub11;sub13;sub14;sub15;sub16;sub17;sub18;sub24;sub27;sub28;sub29,sub22,12,0.6096229553222656,0.7967563271522522,0.002,1e-05,1.0,1.0,False,False,multimodal,psd-fc-wpli,gated,cnn,True,finetune,segssl_barlow_all-patient_fc-wpli_finetune_seed13_pre20_proj32_mask0_03_noise0_02_mlp1_0_sup100,True,barlow,fc-wpli,all-patient,True,13,1.0,0.1,32,0.03,0.02
multimodal_psd-fc-wpli_gated_cnn,13,sub20,sub01;sub05;sub07;sub08;sub09;sub10;sub11;sub13;sub14;sub15;sub16;sub17;sub18;sub24;sub27;sub28;sub29,sub22,13,0.5981050729751587,0.8032764792442322,0.002,1e-05,1.0,1.0,False,False,multimodal,psd-fc-wpli,gated,cnn,True,finetune,segssl_barlow_all-patient_fc-wpli_finetune_seed13_pre20_proj32_mask0_03_noise0_02_mlp1_0_sup100,True,barlow,fc-wpli,all-patient,True,13,1.0,0.1,32,0.03,0.02
multimodal_psd-fc-wpli_gated_cnn,13,sub20,sub01;sub05;sub07;sub08;sub09;sub10;sub11;sub13;sub14;sub15;sub16;sub17;sub18;sub24;sub27;sub28;sub29,sub22,14,0.5857973694801331,0.8111497759819031,0.002,1e-05,1.0,1.0,False,False,multimodal,psd-fc-wpli,gated,cnn,True,finetune,segssl_barlow_all-patient_fc-wpli_finetune_seed13_pre20_proj32_mask0_03_noise0_02_mlp1_0_sup100,True,barlow,fc-wpli,all-patient,True,13,1.0,0.1,32,0.03,0.02
multimodal_psd-fc-wpli_gated_cnn,13,sub20,sub01;sub05;sub07;sub08;sub09;sub10;sub11;sub13;sub14;sub15;sub16;sub17;sub18;sub24;sub27;sub28;sub29,sub22,15,0.5725821256637573,0.8205798864364624,0.002,1e-05,1.0,1.0,False,False,multimodal,psd-fc-wpli,gated,cnn,True,finetune,segssl_barlow_all-patient_fc-wpli_finetune_seed13_pre20_proj32_mask0_03_noise0_02_mlp1_0_sup100,True,barlow,fc-wpli,all-patient,True,13,1.0,0.1,32,0.03,0.02
multimodal_psd-fc-wpli_gated_cnn,13,sub20,sub01;sub05;sub07;sub08;sub09;sub10;sub11;sub13;sub14;sub15;sub16;sub17;sub18;sub24;sub27;sub28;sub29,sub22,16,0.5583320260047913,0.8310062885284424,0.002,1e-05,1.0,1.0,False,False,multimodal,psd-fc-wpli,gated,cnn,True,finetune,segssl_barlow_all-patient_fc-wpli_finetune_seed13_pre20_proj32_mask0_03_noise0_02_mlp1_0_sup100,True,barlow,fc-wpli,all-patient,True,13,1.0,0.1,32,0.03,0.02
multimodal_psd-fc-wpli_gated_cnn,13,sub20,sub01;sub05;sub07;sub08;sub09;sub10;sub11;sub13;sub14;sub15;sub16;sub17;sub18;sub24;sub27;sub28;sub29,sub22,17,0.5429883599281311,0.8423340320587158,0.002,1e-05,1.0,1.0,False,False,multimodal,psd-fc-wpli,gated,cnn,True,finetune,segssl_barlow_all-patient_fc-wpli_finetune_seed13_pre20_proj32_mask0_03_noise0_02_mlp1_0_sup100,True,barlow,fc-wpli,all-patient,True,13,1.0,0.1,32,0.03,0.02
multimodal_psd-fc-wpli_gated_cnn,13,sub20,sub01;sub05;sub07;sub08;sub09;sub10;sub11;sub13;sub14;sub15;sub16;sub17;sub18;sub24;sub27;sub28;sub29,sub22,18,0.5266680717468262,0.8549934029579163,0.002,1e-05,1.0,1.0,False,False,multimodal,psd-fc-wpli,gated,cnn,True,finetune,segssl_barlow_all-patient_fc-wpli_finetune_seed13_pre20_proj32_mask0_03_noise0_02_mlp1_0_sup100,True,barlow,fc-wpli,all-patient,True,13,1.0,0.1,32,0.03,0.02
multimodal_psd-fc-wpli_gated_cnn,13,sub20,sub01;sub05;sub07;sub08;sub09;sub10;sub11;sub13;sub14;sub15;sub16;sub17;sub18;sub24;sub27;sub28;sub29,sub22,19,0.5094881653785706,0.8665056824684143,0.002,1e-05,1.0,1.0,False,False,multimodal,psd-fc-wpli,gated,cnn,True,finetune,segssl_barlow_all-patient_fc-wpli_finetune_seed13_pre20_proj32_mask0_03_noise0_02_mlp1_0_sup100,True,barlow,fc-wpli,all-patient,True,13,1.0,0.1,32,0.03,0.02
multimodal_psd-fc-wpli_gated_cnn,13,sub20,sub01;sub05;sub07;sub08;sub09;sub10;sub11;sub13;sub14;sub15;sub16;sub17;sub18;sub24;sub27;sub28;sub29,sub22,20,0.4911423921585083,0.8784143924713135,0.002,1e-05,1.0,1.0,False,False,multimodal,psd-fc-wpli,gated,cnn,True,finetune,segssl_barlow_all-patient_fc-wpli_finetune_seed13_pre20_proj32_mask0_03_noise0_02_mlp1_0_sup100,True,barlow,fc-wpli,all-patient,True,13,1.0,0.1,32,0.03,0.02
multimodal_psd-fc-wpli_gated_cnn,13,sub20,sub01;sub05;sub07;sub08;sub09;sub10;sub11;sub13;sub14;sub15;sub16;sub17;sub18;sub24;sub27;sub28;sub29,sub22,21,0.4719146192073822,0.8893980979919434,0.002,1e-05,1.0,1.0,False,False,multimodal,psd-fc-wpli,gated,cnn,True,finetune,segssl_barlow_all-patient_fc-wpli_finetune_seed13_pre20_proj32_mask0_03_noise0_02_mlp1_0_sup100,True,barlow,fc-wpli,all-patient,True,13,1.0,0.1,32,0.03,0.02
multimodal_psd-fc-wpli_gated_cnn,13,sub20,sub01;sub05;sub07;sub08;sub09;sub10;sub11;sub13;sub14;sub15;sub16;sub17;sub18;sub24;sub27;sub28;sub29,sub22,22,0.45205384492874146,0.8981574773788452,0.002,1e-05,1.0,1.0,False,False,multimodal,psd-fc-wpli,gated,cnn,True,finetune,segssl_barlow_all-patient_fc-wpli_finetune_seed13_pre20_proj32_mask0_03_noise0_02_mlp1_0_sup100,True,barlow,fc-wpli,all-patient,True,13,1.0,0.1,32,0.03,0.02
multimodal_psd-fc-wpli_gated_cnn,13,sub20,sub01;sub05;sub07;sub08;sub09;sub10;sub11;sub13;sub14;sub15;sub16;sub17;sub18;sub24;sub27;sub28;sub29,sub22,23,0.4315747618675232,0.9047442078590393,0.002,1e-05,1.0,1.0,False,False,multimodal,psd-fc-wpli,gated,cnn,True,finetune,segssl_barlow_all-patient_fc-wpli_finetune_seed13_pre20_proj32_mask0_03_noise0_02_mlp1_0_sup100,True,barlow,fc-wpli,all-patient,True,13,1.0,0.1,32,0.03,0.02
multimodal_psd-fc-wpli_gated_cnn,13,sub20,sub01;sub05;sub07;sub08;sub09;sub10;sub11;sub13;sub14;sub15;sub16;sub17;sub18;sub24;sub27;sub28;sub29,sub22,24,0.4105691611766815,0.9090110063552856,0.002,1e-05,1.0,1.0,False,False,multimodal,psd-fc-wpli,gated,cnn,True,finetune,segssl_barlow_all-patient_fc-wpli_finetune_seed13_pre20_proj32_mask0_03_noise0_02_mlp1_0_sup100,True,barlow,fc-wpli,all-patient,True,13,1.0,0.1,32,0.03,0.02
multimodal_psd-fc-wpli_gated_cnn,13,sub20,sub01;sub05;sub07;sub08;sub09;sub10;sub11;sub13;sub14;sub15;sub16;sub17;sub18;sub24;sub27;sub28;sub29,sub22,25,0.3893500566482544,0.9087952971458435,0.002,1e-05,1.0,1.0,False,False,multimodal,psd-fc-wpli,gated,cnn,True,finetune,segssl_barlow_all-patient_fc-wpli_finetune_seed13_pre20_proj32_mask0_03_noise0_02_mlp1_0_sup100,True,barlow,fc-wpli,all-patient,True,13,1.0,0.1,32,0.03,0.02
multimodal_psd-fc-wpli_gated_cnn,13,sub20,sub01;sub05;sub07;sub08;sub09;sub10;sub11;sub13;sub14;sub15;sub16;sub17;sub18;sub24;sub27;sub28;sub29,sub22,26,0.36803343892097473,0.903087317943573,0.002,1e-05,1.0,1.0,False,False,multimodal,psd-fc-wpli,gated,cnn,True,finetune,segssl_barlow_all-patient_fc-wpli_finetune_seed13_pre20_proj32_mask0_03_noise0_02_mlp1_0_sup100,True,barlow,fc-wpli,all-patient,True,13,1.0,0.1,32,0.03,0.02
multimodal_psd-fc-wpli_gated_cnn,13,sub20,sub01;sub05;sub07;sub08;sub09;sub10;sub11;sub13;sub14;sub15;sub16;sub17;sub18;sub24;sub27;sub28;sub29,sub22,27,0.34660962224006653,0.8890602588653564,0.002,1e-05,1.0,1.0,False,False,multimodal,psd-fc-wpli,gated,cnn,True,finetune,segssl_barlow_all-patient_fc-wpli_finetune_seed13_pre20_proj32_mask0_03_noise0_02_mlp1_0_sup100,True,barlow,fc-wpli,all-patient,True,13,1.0,0.1,32,0.03,0.02
multimodal_psd-fc-wpli_gated_cnn,13,sub20,sub01;sub05;sub07;sub08;sub09;sub10;sub11;sub13;sub14;sub15;sub16;sub17;sub18;sub24;sub27;sub28;sub29,sub22,28,0.3250778615474701,0.8654361367225647,0.002,1e-05,1.0,1.0,False,False,multimodal,psd-fc-wpli,gated,cnn,True,finetune,segssl_barlow_all-patient_fc-wpli_finetune_seed13_pre20_proj32_mask0_03_noise0_02_mlp1_0_sup100,True,barlow,fc-wpli,all-patient,True,13,1.0,0.1,32,0.03,0.02
multimodal_psd-fc-wpli_gated_cnn,13,sub20,sub01;sub05;sub07;sub08;sub09;sub10;sub11;sub13;sub14;sub15;sub16;sub17;sub18;sub24;sub27;sub28;sub29,sub22,29,0.3034918010234833,0.8357220888137817,0.002,1e-05,1.0,1.0,False,False,multimodal,psd-fc-wpli,gated,cnn,True,finetune,segssl_barlow_all-patient_fc-wpli_finetune_seed13_pre20_proj32_mask0_03_noise0_02_mlp1_0_sup100,True,barlow,fc-wpli,all-patient,True,13,1.0,0.1,32,0.03,0.02
multimodal_psd-fc-wpli_gated_cnn,13,sub20,sub01;sub05;sub07;sub08;sub09;sub10;sub11;sub13;sub14;sub15;sub16;sub17;sub18;sub24;sub27;sub28;sub29,sub22,30,0.28226611018180847,0.7952617406845093,0.002,1e-05,1.0,1.0,False,False,multimodal,psd-fc-wpli,gated,cnn,True,finetune,segssl_barlow_all-patient_fc-wpli_finetune_seed13_pre20_proj32_mask0_03_noise0_02_mlp1_0_sup100,True,barlow,fc-wpli,all-patient,True,13,1.0,0.1,32,0.03,0.02
multimodal_psd-fc-wpli_gated_cnn,13,sub20,sub01;sub05;sub07;sub08;sub09;sub10;sub11;sub13;sub14;sub15;sub16;sub17;sub18;sub24;sub27;sub28;sub29,sub22,31,0.2615903913974762,0.7479299306869507,0.002,1e-05,1.0,1.0,True,False,multimodal,psd-fc-wpli,gated,cnn,True,finetune,segssl_barlow_all-patient_fc-wpli_finetune_seed13_pre20_proj32_mask0_03_noise0_02_mlp1_0_sup100,True,barlow,fc-wpli,all-patient,True,13,1.0,0.1,32,0.03,0.02
multimodal_psd-fc-wpli_gated_cnn,13,sub20,sub01;sub05;sub07;sub08;sub09;sub10;sub11;sub13;sub14;sub15;sub16;sub17;sub18;sub24;sub27;sub28;sub29,sub22,32,0.24126523733139038,0.6950008273124695,0.002,1e-05,1.0,1.0,True,False,multimodal,psd-fc-wpli,gated,cnn,True,finetune,segssl_barlow_all-patient_fc-wpli_finetune_seed13_pre20_proj32_mask0_03_noise0_02_mlp1_0_sup100,True,barlow,fc-wpli,all-patient,True,13,1.0,0.1,32,0.03,0.02
multimodal_psd-fc-wpli_gated_cnn,13,sub20,sub01;sub05;sub07;sub08;sub09;sub10;sub11;sub13;sub14;sub15;sub16;sub17;sub18;sub24;sub27;sub28;sub29,sub22,33,0.22156773507595062,0.6391366124153137,0.002,1e-05,1.0,1.0,True,False,multimodal,psd-fc-wpli,gated,cnn,True,finetune,segssl_barlow_all-patient_fc-wpli_finetune_seed13_pre20_proj32_mask0_03_noise0_02_mlp1_0_sup100,True,barlow,fc-wpli,all-patient,True,13,1.0,0.1,32,0.03,0.02
multimodal_psd-fc-wpli_gated_cnn,13,sub20,sub01;sub05;sub07;sub08;sub09;sub10;sub11;sub13;sub14;sub15;sub16;sub17;sub18;sub24;sub27;sub28;sub29,sub22,34,0.2025376558303833,0.5824186205863953,0.002,1e-05,1.0,1.0,True,False,multimodal,psd-fc-wpli,gated,cnn,True,finetune,segssl_barlow_all-patient_fc-wpli_finetune_seed13_pre20_proj32_mask0_03_noise0_02_mlp1_0_sup100,True,barlow,fc-wpli,all-patient,True,13,1.0,0.1,32,0.03,0.02
multimodal_psd-fc-wpli_gated_cnn,13,sub20,sub01;sub05;sub07;sub08;sub09;sub10;sub11;sub13;sub14;sub15;sub16;sub17;sub18;sub24;sub27;sub28;sub29,sub22,35,0.184188112616539,0.5282257795333862,0.002,1e-05,1.0,1.0,True,False,multimodal,psd-fc-wpli,gated,cnn,True,finetune,segssl_barlow_all-patient_fc-wpli_finetune_seed13_pre20_proj32_mask0_03_noise0_02_mlp1_0_sup100,True,barlow,fc-wpli,all-patient,True,13,1.0,0.1,32,0.03,0.02
multimodal_psd-fc-wpli_gated_cnn,13,sub20,sub01;sub05;sub07;sub08;sub09;sub10;sub11;sub13;sub14;sub15;sub16;sub17;sub18;sub24;sub27;sub28;sub29,sub22,36,0.166766956448555,0.4776614308357239,0.002,1e-05,1.0,1.0,True,False,multimodal,psd-fc-wpli,gated,cnn,True,finetune,segssl_barlow_all-patient_fc-wpli_finetune_seed13_pre20_proj32_mask0_03_noise0_02_mlp1_0_sup100,True,barlow,fc-wpli,all-patient,True,13,1.0,0.1,32,0.03,0.02
multimodal_psd-fc-wpli_gated_cnn,13,sub20,sub01;sub05;sub07;sub08;sub09;sub10;sub11;sub13;sub14;sub15;sub16;sub17;sub18;sub24;sub27;sub28;sub29,sub22,37,0.15021385252475739,0.4306991398334503,0.002,1e-05,1.0,1.0,True,False,multimodal,psd-fc-wpli,gated,cnn,True,finetune,segssl_barlow_all-patient_fc-wpli_finetune_seed13_pre20_proj32_mask0_03_noise0_02_mlp1_0_sup100,True,barlow,fc-wpli,all-patient,True,13,1.0,0.1,32,0.03,0.02
multimodal_psd-fc-wpli_gated_cnn,13,sub20,sub01;sub05;sub07;sub08;sub09;sub10;sub11;sub13;sub14;sub15;sub16;sub17;sub18;sub24;sub27;sub28;sub29,sub22,38,0.1345970779657364,0.38736140727996826,0.002,1e-05,1.0,1.0,True,False,multimodal,psd-fc-wpli,gated,cnn,True,finetune,segssl_barlow_all-patient_fc-wpli_finetune_seed13_pre20_proj32_mask0_03_noise0_02_mlp1_0_sup100,True,barlow,fc-wpli,all-patient,True,13,1.0,0.1,32,0.03,0.02
multimodal_psd-fc-wpli_gated_cnn,13,sub20,sub01;sub05;sub07;sub08;sub09;sub10;sub11;sub13;sub14;sub15;sub16;sub17;sub18;sub24;sub27;sub28;sub29,sub22,39,0.1200743317604065,0.34732764959335327,0.002,1e-05,1.0,1.0,True,False,multimodal,psd-fc-wpli,gated,cnn,True,finetune,segssl_barlow_all-patient_fc-wpli_finetune_seed13_pre20_proj32_mask0_03_noise0_02_mlp1_0_sup100,True,barlow,fc-wpli,all-patient,True,13,1.0,0.1,32,0.03,0.02
multimodal_psd-fc-wpli_gated_cnn,13,sub20,sub01;sub05;sub07;sub08;sub09;sub10;sub11;sub13;sub14;sub15;sub16;sub17;sub18;sub24;sub27;sub28;sub29,sub22,40,0.10660053789615631,0.3104848861694336,0.002,1e-05,1.0,1.0,True,False,multimodal,psd-fc-wpli,gated,cnn,True,finetune,segssl_barlow_all-patient_fc-wpli_finetune_seed13_pre20_proj32_mask0_03_noise0_02_mlp1_0_sup100,True,barlow,fc-wpli,all-patient,True,13,1.0,0.1,32,0.03,0.02
multimodal_psd-fc-wpli_gated_cnn,13,sub20,sub01;sub05;sub07;sub08;sub09;sub10;sub11;sub13;sub14;sub15;sub16;sub17;sub18;sub24;sub27;sub28;sub29,sub22,41,0.09416195750236511,0.27578073740005493,0.002,1e-05,1.0,1.0,True,False,multimodal,psd-fc-wpli,gated,cnn,True,finetune,segssl_barlow_all-patient_fc-wpli_finetune_seed13_pre20_proj32_mask0_03_noise0_02_mlp1_0_sup100,True,barlow,fc-wpli,all-patient,True,13,1.0,0.1,32,0.03,0.02
multimodal_psd-fc-wpli_gated_cnn,13,sub20,sub01;sub05;sub07;sub08;sub09;sub10;sub11;sub13;sub14;sub15;sub16;sub17;sub18;sub24;sub27;sub28;sub29,sub22,42,0.08266744017601013,0.24310432374477386,0.002,1e-05,1.0,1.0,True,False,multimodal,psd-fc-wpli,gated,cnn,True,finetune,segssl_barlow_all-patient_fc-wpli_finetune_seed13_pre20_proj32_mask0_03_noise0_02_mlp1_0_sup100,True,barlow,fc-wpli,all-patient,True,13,1.0,0.1,32,0.03,0.02
multimodal_psd-fc-wpli_gated_cnn,13,sub20,sub01;sub05;sub07;sub08;sub09;sub10;sub11;sub13;sub14;sub15;sub16;sub17;sub18;sub24;sub27;sub28;sub29,sub22,43,0.07218246161937714,0.21385562419891357,0.002,1e-05,1.0,1.0,True,False,multimodal,psd-fc-wpli,gated,cnn,True,finetune,segssl_barlow_all-patient_fc-wpli_finetune_seed13_pre20_proj32_mask0_03_noise0_02_mlp1_0_sup100,True,barlow,fc-wpli,all-patient,True,13,1.0,0.1,32,0.03,0.02
multimodal_psd-fc-wpli_gated_cnn,13,sub20,sub01;sub05;sub07;sub08;sub09;sub10;sub11;sub13;sub14;sub15;sub16;sub17;sub18;sub24;sub27;sub28;sub29,sub22,44,0.06272999197244644,0.1879103034734726,0.002,1e-05,1.0,1.0,True,False,multimodal,psd-fc-wpli,gated,cnn,True,finetune,segssl_barlow_all-patient_fc-wpli_finetune_seed13_pre20_proj32_mask0_03_noise0_02_mlp1_0_sup100,True,barlow,fc-wpli,all-patient,True,13,1.0,0.1,32,0.03,0.02
multimodal_psd-fc-wpli_gated_cnn,13,sub20,sub01;sub05;sub07;sub08;sub09;sub10;sub11;sub13;sub14;sub15;sub16;sub17;sub18;sub24;sub27;sub28;sub29,sub22,45,0.05437200888991356,0.165633425116539,0.002,1e-05,1.0,1.0,True,False,multimodal,psd-fc-wpli,gated,cnn,True,finetune,segssl_barlow_all-patient_fc-wpli_finetune_seed13_pre20_proj32_mask0_03_noise0_02_mlp1_0_sup100,True,barlow,fc-wpli,all-patient,True,13,1.0,0.1,32,0.03,0.02
multimodal_psd-fc-wpli_gated_cnn,13,sub20,sub01;sub05;sub07;sub08;sub09;sub10;sub11;sub13;sub14;sub15;sub16;sub17;sub18;sub24;sub27;sub28;sub29,sub22,46,0.046938493847846985,0.14601865410804749,0.002,1e-05,1.0,1.0,True,False,multimodal,psd-fc-wpli,gated,cnn,True,finetune,segssl_barlow_all-patient_fc-wpli_finetune_seed13_pre20_proj32_mask0_03_noise0_02_mlp1_0_sup100,True,barlow,fc-wpli,all-patient,True,13,1.0,0.1,32,0.03,0.02
multimodal_psd-fc-wpli_gated_cnn,13,sub20,sub01;sub05;sub07;sub08;sub09;sub10;sub11;sub13;sub14;sub15;sub16;sub17;sub18;sub24;sub27;sub28;sub29,sub22,47,0.04036431014537811,0.12889252603054047,0.002,1e-05,1.0,1.0,True,False,multimodal,psd-fc-wpli,gated,cnn,True,finetune,segssl_barlow_all-patient_fc-wpli_finetune_seed13_pre20_proj32_mask0_03_noise0_02_mlp1_0_sup100,True,barlow,fc-wpli,all-patient,True,13,1.0,0.1,32,0.03,0.02
multimodal_psd-fc-wpli_gated_cnn,13,sub20,sub01;sub05;sub07;sub08;sub09;sub10;sub11;sub13;sub14;sub15;sub16;sub17;sub18;sub24;sub27;sub28;sub29,sub22,48,0.03463263064622879,0.11441408842802048,0.002,1e-05,1.0,1.0,True,False,multimodal,psd-fc-wpli,gated,cnn,True,finetune,segssl_barlow_all-patient_fc-wpli_finetune_seed13_pre20_proj32_mask0_03_noise0_02_mlp1_0_sup100,True,barlow,fc-wpli,all-patient,True,13,1.0,0.1,32,0.03,0.02
multimodal_psd-fc-wpli_gated_cnn,13,sub20,sub01;sub05;sub07;sub08;sub09;sub10;sub11;sub13;sub14;sub15;sub16;sub17;sub18;sub24;sub27;sub28;sub29,sub22,49,0.029646320268511772,0.10218580812215805,0.002,1e-05,1.0,1.0,True,False,multimodal,psd-fc-wpli,gated,cnn,True,finetune,segssl_barlow_all-patient_fc-wpli_finetune_seed13_pre20_proj32_mask0_03_noise0_02_mlp1_0_sup100,True,barlow,fc-wpli,all-patient,True,13,1.0,0.1,32,0.03,0.02
multimodal_psd-fc-wpli_gated_cnn,13,sub20,sub01;sub05;sub07;sub08;sub09;sub10;sub11;sub13;sub14;sub15;sub16;sub17;sub18;sub24;sub27;sub28;sub29,sub22,50,0.025332851335406303,0.09192335605621338,0.002,1e-05,1.0,1.0,True,False,multimodal,psd-fc-wpli,gated,cnn,True,finetune,segssl_barlow_all-patient_fc-wpli_finetune_seed13_pre20_proj32_mask0_03_noise0_02_mlp1_0_sup100,True,barlow,fc-wpli,all-patient,True,13,1.0,0.1,32,0.03,0.02
multimodal_psd-fc-wpli_gated_cnn,13,sub20,sub01;sub05;sub07;sub08;sub09;sub10;sub11;sub13;sub14;sub15;sub16;sub17;sub18;sub24;sub27;sub28;sub29,sub22,51,0.02161659114062786,0.08318886905908585,0.002,1e-05,1.0,1.0,True,False,multimodal,psd-fc-wpli,gated,cnn,True,finetune,segssl_barlow_all-patient_fc-wpli_finetune_seed13_pre20_proj32_mask0_03_noise0_02_mlp1_0_sup100,True,barlow,fc-wpli,all-patient,True,13,1.0,0.1,32,0.03,0.02
multimodal_psd-fc-wpli_gated_cnn,13,sub20,sub01;sub05;sub07;sub08;sub09;sub10;sub11;sub13;sub14;sub15;sub16;sub17;sub18;sub24;sub27;sub28;sub29,sub22,52,0.018440641462802887,0.07587136328220367,0.002,1e-05,1.0,1.0,True,False,multimodal,psd-fc-wpli,gated,cnn,True,finetune,segssl_barlow_all-patient_fc-wpli_finetune_seed13_pre20_proj32_mask0_03_noise0_02_mlp1_0_sup100,True,barlow,fc-wpli,all-patient,True,13,1.0,0.1,32,0.03,0.02
multimodal_psd-fc-wpli_gated_cnn,13,sub20,sub01;sub05;sub07;sub08;sub09;sub10;sub11;sub13;sub14;sub15;sub16;sub17;sub18;sub24;sub27;sub28;sub29,sub22,53,0.01574418880045414,0.06959334760904312,0.002,1e-05,1.0,1.0,True,False,multimodal,psd-fc-wpli,gated,cnn,True,finetune,segssl_barlow_all-patient_fc-wpli_finetune_seed13_pre20_proj32_mask0_03_noise0_02_mlp1_0_sup100,True,barlow,fc-wpli,all-patient,True,13,1.0,0.1,32,0.03,0.02
multimodal_psd-fc-wpli_gated_cnn,13,sub20,sub01;sub05;sub07;sub08;sub09;sub10;sub11;sub13;sub14;sub15;sub16;sub17;sub18;sub24;sub27;sub28;sub29,sub22,54,0.013462645001709461,0.0642549991607666,0.002,1e-05,1.0,1.0,True,False,multimodal,psd-fc-wpli,gated,cnn,True,finetune,segssl_barlow_all-patient_fc-wpli_finetune_seed13_pre20_proj32_mask0_03_noise0_02_mlp1_0_sup100,True,barlow,fc-wpli,all-patient,True,13,1.0,0.1,32,0.03,0.02
multimodal_psd-fc-wpli_gated_cnn,13,sub20,sub01;sub05;sub07;sub08;sub09;sub10;sub11;sub13;sub14;sub15;sub16;sub17;sub18;sub24;sub27;sub28;sub29,sub22,55,0.01153268851339817,0.059842292219400406,0.002,1e-05,1.0,1.0,True,False,multimodal,psd-fc-wpli,gated,cnn,True,finetune,segssl_barlow_all-patient_fc-wpli_finetune_seed13_pre20_proj32_mask0_03_noise0_02_mlp1_0_sup100,True,barlow,fc-wpli,all-patient,True,13,1.0,0.1,32,0.03,0.02
multimodal_psd-fc-wpli_gated_cnn,13,sub20,sub01;sub05;sub07;sub08;sub09;sub10;sub11;sub13;sub14;sub15;sub16;sub17;sub18;sub24;sub27;sub28;sub29,sub22,56,0.009910921566188335,0.05639313906431198,0.002,1e-05,1.0,1.0,True,False,multimodal,psd-fc-wpli,gated,cnn,True,finetune,segssl_barlow_all-patient_fc-wpli_finetune_seed13_pre20_proj32_mask0_03_noise0_02_mlp1_0_sup100,True,barlow,fc-wpli,all-patient,True,13,1.0,0.1,32,0.03,0.02
multimodal_psd-fc-wpli_gated_cnn,13,sub20,sub01;sub05;sub07;sub08;sub09;sub10;sub11;sub13;sub14;sub15;sub16;sub17;sub18;sub24;sub27;sub28;sub29,sub22,57,0.008553498424589634,0.05364115908741951,0.002,1e-05,1.0,1.0,True,False,multimodal,psd-fc-wpli,gated,cnn,True,finetune,segssl_barlow_all-patient_fc-wpli_finetune_seed13_pre20_proj32_mask0_03_noise0_02_mlp1_0_sup100,True,barlow,fc-wpli,all-patient,True,13,1.0,0.1,32,0.03,0.02
multimodal_psd-fc-wpli_gated_cnn,13,sub20,sub01;sub05;sub07;sub08;sub09;sub10;sub11;sub13;sub14;sub15;sub16;sub17;sub18;sub24;sub27;sub28;sub29,sub22,58,0.007427651900798082,0.051448918879032135,0.002,1e-05,1.0,1.0,True,False,multimodal,psd-fc-wpli,gated,cnn,True,finetune,segssl_barlow_all-patient_fc-wpli_finetune_seed13_pre20_proj32_mask0_03_noise0_02_mlp1_0_sup100,True,barlow,fc-wpli,all-patient,True,13,1.0,0.1,32,0.03,0.02
multimodal_psd-fc-wpli_gated_cnn,13,sub20,sub01;sub05;sub07;sub08;sub09;sub10;sub11;sub13;sub14;sub15;sub16;sub17;sub18;sub24;sub27;sub28;sub29,sub22,59,0.006488697603344917,0.04970826581120491,0.002,1e-05,1.0,1.0,True,False,multimodal,psd-fc-wpli,gated,cnn,True,finetune,segssl_barlow_all-patient_fc-wpli_finetune_seed13_pre20_proj32_mask0_03_noise0_02_mlp1_0_sup100,True,barlow,fc-wpli,all-patient,True,13,1.0,0.1,32,0.03,0.02
multimodal_psd-fc-wpli_gated_cnn,13,sub20,sub01;sub05;sub07;sub08;sub09;sub10;sub11;sub13;sub14;sub15;sub16;sub17;sub18;sub24;sub27;sub28;sub29,sub22,60,0.005699032451957464,0.04830893501639366,0.002,1e-05,1.0,1.0,True,False,multimodal,psd-fc-wpli,gated,cnn,True,finetune,segssl_barlow_all-patient_fc-wpli_finetune_seed13_pre20_proj32_mask0_03_noise0_02_mlp1_0_sup100,True,barlow,fc-wpli,all-patient,True,13,1.0,0.1,32,0.03,0.02
multimodal_psd-fc-wpli_gated_cnn,13,sub20,sub01;sub05;sub07;sub08;sub09;sub10;sub11;sub13;sub14;sub15;sub16;sub17;sub18;sub24;sub27;sub28;sub29,sub22,61,0.005033774301409721,0.04726763069629669,0.002,1e-05,1.0,1.0,True,False,multimodal,psd-fc-wpli,gated,cnn,True,finetune,segssl_barlow_all-patient_fc-wpli_finetune_seed13_pre20_proj32_mask0_03_noise0_02_mlp1_0_sup100,True,barlow,fc-wpli,all-patient,True,13,1.0,0.1,32,0.03,0.02
multimodal_psd-fc-wpli_gated_cnn,13,sub20,sub01;sub05;sub07;sub08;sub09;sub10;sub11;sub13;sub14;sub15;sub16;sub17;sub18;sub24;sub27;sub28;sub29,sub22,62,0.004468102939426899,0.046554066240787506,0.002,1e-05,1.0,1.0,True,False,multimodal,psd-fc-wpli,gated,cnn,True,finetune,segssl_barlow_all-patient_fc-wpli_finetune_seed13_pre20_proj32_mask0_03_noise0_02_mlp1_0_sup100,True,barlow,fc-wpli,all-patient,True,13,1.0,0.1,32,0.03,0.02
multimodal_psd-fc-wpli_gated_cnn,13,sub20,sub01;sub05;sub07;sub08;sub09;sub10;sub11;sub13;sub14;sub15;sub16;sub17;sub18;sub24;sub27;sub28;sub29,sub22,63,0.003986233379691839,0.04578721895813942,0.002,1e-05,1.0,1.0,True,False,multimodal,psd-fc-wpli,gated,cnn,True,finetune,segssl_barlow_all-patient_fc-wpli_finetune_seed13_pre20_proj32_mask0_03_noise0_02_mlp1_0_sup100,True,barlow,fc-wpli,all-patient,True,13,1.0,0.1,32,0.03,0.02
multimodal_psd-fc-wpli_gated_cnn,13,sub20,sub01;sub05;sub07;sub08;sub09;sub10;sub11;sub13;sub14;sub15;sub16;sub17;sub18;sub24;sub27;sub28;sub29,sub22,64,0.0035742023028433323,0.04499995335936546,0.002,1e-05,1.0,1.0,True,False,multimodal,psd-fc-wpli,gated,cnn,True,finetune,segssl_barlow_all-patient_fc-wpli_finetune_seed13_pre20_proj32_mask0_03_noise0_02_mlp1_0_sup100,True,barlow,fc-wpli,all-patient,True,13,1.0,0.1,32,0.03,0.02
multimodal_psd-fc-wpli_gated_cnn,13,sub20,sub01;sub05;sub07;sub08;sub09;sub10;sub11;sub13;sub14;sub15;sub16;sub17;sub18;sub24;sub27;sub28;sub29,sub22,65,0.0032179532572627068,0.04424601048231125,0.002,1e-05,1.0,1.0,True,False,multimodal,psd-fc-wpli,gated,cnn,True,finetune,segssl_barlow_all-patient_fc-wpli_finetune_seed13_pre20_proj32_mask0_03_noise0_02_mlp1_0_sup100,True,barlow,fc-wpli,all-patient,True,13,1.0,0.1,32,0.03,0.02
multimodal_psd-fc-wpli_gated_cnn,13,sub20,sub01;sub05;sub07;sub08;sub09;sub10;sub11;sub13;sub14;sub15;sub16;sub17;sub18;sub24;sub27;sub28;sub29,sub22,66,0.0029087781440466642,0.043448254466056824,0.002,1e-05,1.0,1.0,True,False,multimodal,psd-fc-wpli,gated,cnn,True,finetune,segssl_barlow_all-patient_fc-wpli_finetune_seed13_pre20_proj32_mask0_03_noise0_02_mlp1_0_sup100,True,barlow,fc-wpli,all-patient,True,13,1.0,0.1,32,0.03,0.02
multimodal_psd-fc-wpli_gated_cnn,13,sub20,sub01;sub05;sub07;sub08;sub09;sub10;sub11;sub13;sub14;sub15;sub16;sub17;sub18;sub24;sub27;sub28;sub29,sub22,67,0.002640362596139312,0.04255204647779465,0.002,1e-05,1.0,1.0,True,False,multimodal,psd-fc-wpli,gated,cnn,True,finetune,segssl_barlow_all-patient_fc-wpli_finetune_seed13_pre20_proj32_mask0_03_noise0_02_mlp1_0_sup100,True,barlow,fc-wpli,all-patient,True,13,1.0,0.1,32,0.03,0.02
multimodal_psd-fc-wpli_gated_cnn,13,sub20,sub01;sub05;sub07;sub08;sub09;sub10;sub11;sub13;sub14;sub15;sub16;sub17;sub18;sub24;sub27;sub28;sub29,sub22,68,0.0024059019051492214,0.041603267192840576,0.002,1e-05,1.0,1.0,True,False,multimodal,psd-fc-wpli,gated,cnn,True,finetune,segssl_barlow_all-patient_fc-wpli_finetune_seed13_pre20_proj32_mask0_03_noise0_02_mlp1_0_sup100,True,barlow,fc-wpli,all-patient,True,13,1.0,0.1,32,0.03,0.02
multimodal_psd-fc-wpli_gated_cnn,13,sub20,sub01;sub05;sub07;sub08;sub09;sub10;sub11;sub13;sub14;sub15;sub16;sub17;sub18;sub24;sub27;sub28;sub29,sub22,69,0.002200914081186056,0.04059566929936409,0.002,1e-05,1.0,1.0,True,False,multimodal,psd-fc-wpli,gated,cnn,True,finetune,segssl_barlow_all-patient_fc-wpli_finetune_seed13_pre20_proj32_mask0_03_noise0_02_mlp1_0_sup100,True,barlow,fc-wpli,all-patient,True,13,1.0,0.1,32,0.03,0.02
multimodal_psd-fc-wpli_gated_cnn,13,sub20,sub01;sub05;sub07;sub08;sub09;sub10;sub11;sub13;sub14;sub15;sub16;sub17;sub18;sub24;sub27;sub28;sub29,sub22,70,0.0020213290117681026,0.03953184932470322,0.002,1e-05,1.0,1.0,True,False,multimodal,psd-fc-wpli,gated,cnn,True,finetune,segssl_barlow_all-patient_fc-wpli_finetune_seed13_pre20_proj32_mask0_03_noise0_02_mlp1_0_sup100,True,barlow,fc-wpli,all-patient,True,13,1.0,0.1,32,0.03,0.02
multimodal_psd-fc-wpli_gated_cnn,13,sub20,sub01;sub05;sub07;sub08;sub09;sub10;sub11;sub13;sub14;sub15;sub16;sub17;sub18;sub24;sub27;sub28;sub29,sub22,71,0.0018640697235241532,0.03845379874110222,0.002,1e-05,1.0,1.0,True,False,multimodal,psd-fc-wpli,gated,cnn,True,finetune,segssl_barlow_all-patient_fc-wpli_finetune_seed13_pre20_proj32_mask0_03_noise0_02_mlp1_0_sup100,True,barlow,fc-wpli,all-patient,True,13,1.0,0.1,32,0.03,0.02
multimodal_psd-fc-wpli_gated_cnn,13,sub20,sub01;sub05;sub07;sub08;sub09;sub10;sub11;sub13;sub14;sub15;sub16;sub17;sub18;sub24;sub27;sub28;sub29,sub22,72,0.0017255920683965087,0.037384770810604095,0.002,1e-05,1.0,1.0,True,False,multimodal,psd-fc-wpli,gated,cnn,True,finetune,segssl_barlow_all-patient_fc-wpli_finetune_seed13_pre20_proj32_mask0_03_noise0_02_mlp1_0_sup100,True,barlow,fc-wpli,all-patient,True,13,1.0,0.1,32,0.03,0.02
multimodal_psd-fc-wpli_gated_cnn,13,sub20,sub01;sub05;sub07;sub08;sub09;sub10;sub11;sub13;sub14;sub15;sub16;sub17;sub18;sub24;sub27;sub28;sub29,sub22,73,0.0016026735538616776,0.03632497787475586,0.002,1e-05,1.0,1.0,True,False,multimodal,psd-fc-wpli,gated,cnn,True,finetune,segssl_barlow_all-patient_fc-wpli_finetune_seed13_pre20_proj32_mask0_03_noise0_02_mlp1_0_sup100,True,barlow,fc-wpli,all-patient,True,13,1.0,0.1,32,0.03,0.02
multimodal_psd-fc-wpli_gated_cnn,13,sub20,sub01;sub05;sub07;sub08;sub09;sub10;sub11;sub13;sub14;sub15;sub16;sub17;sub18;sub24;sub27;sub28;sub29,sub22,74,0.0014933623606339097,0.03529304265975952,0.002,1e-05,1.0,1.0,True,False,multimodal,psd-fc-wpli,gated,cnn,True,finetune,segssl_barlow_all-patient_fc-wpli_finetune_seed13_pre20_proj32_mask0_03_noise0_02_mlp1_0_sup100,True,barlow,fc-wpli,all-patient,True,13,1.0,0.1,32,0.03,0.02
multimodal_psd-fc-wpli_gated_cnn,13,sub20,sub01;sub05;sub07;sub08;sub09;sub10;sub11;sub13;sub14;sub15;sub16;sub17;sub18;sub24;sub27;sub28;sub29,sub22,75,0.0013957575429230928,0.034286659210920334,0.002,1e-05,1.0,1.0,True,False,multimodal,psd-fc-wpli,gated,cnn,True,finetune,segssl_barlow_all-patient_fc-wpli_finetune_seed13_pre20_proj32_mask0_03_noise0_02_mlp1_0_sup100,True,barlow,fc-wpli,all-patient,True,13,1.0,0.1,32,0.03,0.02
multimodal_psd-fc-wpli_gated_cnn,13,sub20,sub01;sub05;sub07;sub08;sub09;sub10;sub11;sub13;sub14;sub15;sub16;sub17;sub18;sub24;sub27;sub28;sub29,sub22,76,0.0013080353382974863,0.033285848796367645,0.002,1e-05,1.0,1.0,True,False,multimodal,psd-fc-wpli,gated,cnn,True,finetune,segssl_barlow_all-patient_fc-wpli_finetune_seed13_pre20_proj32_mask0_03_noise0_02_mlp1_0_sup100,True,barlow,fc-wpli,all-patient,True,13,1.0,0.1,32,0.03,0.02
multimodal_psd-fc-wpli_gated_cnn,13,sub20,sub01;sub05;sub07;sub08;sub09;sub10;sub11;sub13;sub14;sub15;sub16;sub17;sub18;sub24;sub27;sub28;sub29,sub22,77,0.001228578737936914,0.03230413794517517,0.002,1e-05,1.0,1.0,True,False,multimodal,psd-fc-wpli,gated,cnn,True,finetune,segssl_barlow_all-patient_fc-wpli_finetune_seed13_pre20_proj32_mask0_03_noise0_02_mlp1_0_sup100,True,barlow,fc-wpli,all-patient,True,13,1.0,0.1,32,0.03,0.02
multimodal_psd-fc-wpli_gated_cnn,13,sub20,sub01;sub05;sub07;sub08;sub09;sub10;sub11;sub13;sub14;sub15;sub16;sub17;sub18;sub24;sub27;sub28;sub29,sub22,78,0.0011571637587621808,0.03135038912296295,0.002,1e-05,1.0,1.0,True,False,multimodal,psd-fc-wpli,gated,cnn,True,finetune,segssl_barlow_all-patient_fc-wpli_finetune_seed13_pre20_proj32_mask0_03_noise0_02_mlp1_0_sup100,True,barlow,fc-wpli,all-patient,True,13,1.0,0.1,32,0.03,0.02
multimodal_psd-fc-wpli_gated_cnn,13,sub20,sub01;sub05;sub07;sub08;sub09;sub10;sub11;sub13;sub14;sub15;sub16;sub17;sub18;sub24;sub27;sub28;sub29,sub22,79,0.00109194521792233,0.030427901074290276,0.002,1e-05,1.0,1.0,True,False,multimodal,psd-fc-wpli,gated,cnn,True,finetune,segssl_barlow_all-patient_fc-wpli_finetune_seed13_pre20_proj32_mask0_03_noise0_02_mlp1_0_sup100,True,barlow,fc-wpli,all-patient,True,13,1.0,0.1,32,0.03,0.02
multimodal_psd-fc-wpli_gated_cnn,13,sub20,sub01;sub05;sub07;sub08;sub09;sub10;sub11;sub13;sub14;sub15;sub16;sub17;sub18;sub24;sub27;sub28;sub29,sub22,80,0.0010323702590540051,0.029527628794312477,0.002,1e-05,1.0,1.0,True,False,multimodal,psd-fc-wpli,gated,cnn,True,finetune,segssl_barlow_all-patient_fc-wpli_finetune_seed13_pre20_proj32_mask0_03_noise0_02_mlp1_0_sup100,True,barlow,fc-wpli,all-patient,True,13,1.0,0.1,32,0.03,0.02
multimodal_psd-fc-wpli_gated_cnn,13,sub20,sub01;sub05;sub07;sub08;sub09;sub10;sub11;sub13;sub14;sub15;sub16;sub17;sub18;sub24;sub27;sub28;sub29,sub22,81,0.000976894749328494,0.02865527756512165,0.002,1e-05,1.0,1.0,True,False,multimodal,psd-fc-wpli,gated,cnn,True,finetune,segssl_barlow_all-patient_fc-wpli_finetune_seed13_pre20_proj32_mask0_03_noise0_02_mlp1_0_sup100,True,barlow,fc-wpli,all-patient,True,13,1.0,0.1,32,0.03,0.02
multimodal_psd-fc-wpli_gated_cnn,13,sub20,sub01;sub05;sub07;sub08;sub09;sub10;sub11;sub13;sub14;sub15;sub16;sub17;sub18;sub24;sub27;sub28;sub29,sub22,82,0.0009261354571208358,0.027804644778370857,0.002,1e-05,1.0,1.0,True,False,multimodal,psd-fc-wpli,gated,cnn,True,finetune,segssl_barlow_all-patient_fc-wpli_finetune_seed13_pre20_proj32_mask0_03_noise0_02_mlp1_0_sup100,True,barlow,fc-wpli,all-patient,True,13,1.0,0.1,32,0.03,0.02
multimodal_psd-fc-wpli_gated_cnn,13,sub20,sub01;sub05;sub07;sub08;sub09;sub10;sub11;sub13;sub14;sub15;sub16;sub17;sub18;sub24;sub27;sub28;sub29,sub22,83,0.0008793978486210108,0.02698480151593685,0.002,1e-05,1.0,1.0,True,False,multimodal,psd-fc-wpli,gated,cnn,True,finetune,segssl_barlow_all-patient_fc-wpli_finetune_seed13_pre20_proj32_mask0_03_noise0_02_mlp1_0_sup100,True,barlow,fc-wpli,all-patient,True,13,1.0,0.1,32,0.03,0.02
multimodal_psd-fc-wpli_gated_cnn,13,sub20,sub01;sub05;sub07;sub08;sub09;sub10;sub11;sub13;sub14;sub15;sub16;sub17;sub18;sub24;sub27;sub28;sub29,sub22,84,0.0008364199311472476,0.02619224414229393,0.002,1e-05,1.0,1.0,True,False,multimodal,psd-fc-wpli,gated,cnn,True,finetune,segssl_barlow_all-patient_fc-wpli_finetune_seed13_pre20_proj32_mask0_03_noise0_02_mlp1_0_sup100,True,barlow,fc-wpli,all-patient,True,13,1.0,0.1,32,0.03,0.02
multimodal_psd-fc-wpli_gated_cnn,13,sub20,sub01;sub05;sub07;sub08;sub09;sub10;sub11;sub13;sub14;sub15;sub16;sub17;sub18;sub24;sub27;sub28;sub29,sub22,85,0.0007966054836288095,0.025437671691179276,0.002,1e-05,1.0,1.0,True,False,multimodal,psd-fc-wpli,gated,cnn,True,finetune,segssl_barlow_all-patient_fc-wpli_finetune_seed13_pre20_proj32_mask0_03_noise0_02_mlp1_0_sup100,True,barlow,fc-wpli,all-patient,True,13,1.0,0.1,32,0.03,0.02
multimodal_psd-fc-wpli_gated_cnn,13,sub20,sub01;sub05;sub07;sub08;sub09;sub10;sub11;sub13;sub14;sub15;sub16;sub17;sub18;sub24;sub27;sub28;sub29,sub22,86,0.0007595602073706686,0.02472362481057644,0.002,1e-05,1.0,1.0,True,False,multimodal,psd-fc-wpli,gated,cnn,True,finetune,segssl_barlow_all-patient_fc-wpli_finetune_seed13_pre20_proj32_mask0_03_noise0_02_mlp1_0_sup100,True,barlow,fc-wpli,all-patient,True,13,1.0,0.1,32,0.03,0.02
multimodal_psd-fc-wpli_gated_cnn,13,sub20,sub01;sub05;sub07;sub08;sub09;sub10;sub11;sub13;sub14;sub15;sub16;sub17;sub18;sub24;sub27;sub28;sub29,sub22,87,0.0007250464404933155,0.024066196754574776,0.002,1e-05,1.0,1.0,True,False,multimodal,psd-fc-wpli,gated,cnn,True,finetune,segssl_barlow_all-patient_fc-wpli_finetune_seed13_pre20_proj32_mask0_03_noise0_02_mlp1_0_sup100,True,barlow,fc-wpli,all-patient,True,13,1.0,0.1,32,0.03,0.02
multimodal_psd-fc-wpli_gated_cnn,13,sub20,sub01;sub05;sub07;sub08;sub09;sub10;sub11;sub13;sub14;sub15;sub16;sub17;sub18;sub24;sub27;sub28;sub29,sub22,88,0.0006927657523192465,0.023472171276807785,0.002,1e-05,1.0,1.0,True,False,multimodal,psd-fc-wpli,gated,cnn,True,finetune,segssl_barlow_all-patient_fc-wpli_finetune_seed13_pre20_proj32_mask0_03_noise0_02_mlp1_0_sup100,True,barlow,fc-wpli,all-patient,True,13,1.0,0.1,32,0.03,0.02
multimodal_psd-fc-wpli_gated_cnn,13,sub20,sub01;sub05;sub07;sub08;sub09;sub10;sub11;sub13;sub14;sub15;sub16;sub17;sub18;sub24;sub27;sub28;sub29,sub22,89,0.000662508886307478,0.022941986098885536,0.002,1e-05,1.0,1.0,True,False,multimodal,psd-fc-wpli,gated,cnn,True,finetune,segssl_barlow_all-patient_fc-wpli_finetune_seed13_pre20_proj32_mask0_03_noise0_02_mlp1_0_sup100,True,barlow,fc-wpli,all-patient,True,13,1.0,0.1,32,0.03,0.02
multimodal_psd-fc-wpli_gated_cnn,13,sub20,sub01;sub05;sub07;sub08;sub09;sub10;sub11;sub13;sub14;sub15;sub16;sub17;sub18;sub24;sub27;sub28;sub29,sub22,90,0.0006341356202028692,0.022464198991656303,0.002,1e-05,1.0,1.0,True,False,multimodal,psd-fc-wpli,gated,cnn,True,finetune,segssl_barlow_all-patient_fc-wpli_finetune_seed13_pre20_proj32_mask0_03_noise0_02_mlp1_0_sup100,True,barlow,fc-wpli,all-patient,True,13,1.0,0.1,32,0.03,0.02
multimodal_psd-fc-wpli_gated_cnn,13,sub20,sub01;sub05;sub07;sub08;sub09;sub10;sub11;sub13;sub14;sub15;sub16;sub17;sub18;sub24;sub27;sub28;sub29,sub22,91,0.0006075052078813314,0.022039588540792465,0.002,1e-05,1.0,1.0,True,False,multimodal,psd-fc-wpli,gated,cnn,True,finetune,segssl_barlow_all-patient_fc-wpli_finetune_seed13_pre20_proj32_mask0_03_noise0_02_mlp1_0_sup100,True,barlow,fc-wpli,all-patient,True,13,1.0,0.1,32,0.03,0.02
multimodal_psd-fc-wpli_gated_cnn,13,sub20,sub01;sub05;sub07;sub08;sub09;sub10;sub11;sub13;sub14;sub15;sub16;sub17;sub18;sub24;sub27;sub28;sub29,sub22,92,0.0005825384287163615,0.0216668713837862,0.002,1e-05,1.0,1.0,True,False,multimodal,psd-fc-wpli,gated,cnn,True,finetune,segssl_barlow_all-patient_fc-wpli_finetune_seed13_pre20_proj32_mask0_03_noise0_02_mlp1_0_sup100,True,barlow,fc-wpli,all-patient,True,13,1.0,0.1,32,0.03,0.02
multimodal_psd-fc-wpli_gated_cnn,13,sub20,sub01;sub05;sub07;sub08;sub09;sub10;sub11;sub13;sub14;sub15;sub16;sub17;sub18;sub24;sub27;sub28;sub29,sub22,93,0.0005590849905274808,0.021315664052963257,0.002,1e-05,1.0,1.0,True,False,multimodal,psd-fc-wpli,gated,cnn,True,finetune,segssl_barlow_all-patient_fc-wpli_finetune_seed13_pre20_proj32_mask0_03_noise0_02_mlp1_0_sup100,True,barlow,fc-wpli,all-patient,True,13,1.0,0.1,32,0.03,0.02
multimodal_psd-fc-wpli_gated_cnn,13,sub20,sub01;sub05;sub07;sub08;sub09;sub10;sub11;sub13;sub14;sub15;sub16;sub17;sub18;sub24;sub27;sub28;sub29,sub22,94,0.000536835053935647,0.02098405733704567,0.002,1e-05,1.0,1.0,True,False,multimodal,psd-fc-wpli,gated,cnn,True,finetune,segssl_barlow_all-patient_fc-wpli_finetune_seed13_pre20_proj32_mask0_03_noise0_02_mlp1_0_sup100,True,barlow,fc-wpli,all-patient,True,13,1.0,0.1,32,0.03,0.02
multimodal_psd-fc-wpli_gated_cnn,13,sub20,sub01;sub05;sub07;sub08;sub09;sub10;sub11;sub13;sub14;sub15;sub16;sub17;sub18;sub24;sub27;sub28;sub29,sub22,95,0.0005157807609066367,0.020695947110652924,0.002,1e-05,1.0,1.0,True,False,multimodal,psd-fc-wpli,gated,cnn,True,finetune,segssl_barlow_all-patient_fc-wpli_finetune_seed13_pre20_proj32_mask0_03_noise0_02_mlp1_0_sup100,True,barlow,fc-wpli,all-patient,True,13,1.0,0.1,32,0.03,0.02
multimodal_psd-fc-wpli_gated_cnn,13,sub20,sub01;sub05;sub07;sub08;sub09;sub10;sub11;sub13;sub14;sub15;sub16;sub17;sub18;sub24;sub27;sub28;sub29,sub22,96,0.0004960385267622769,0.020457804203033447,0.002,1e-05,1.0,1.0,True,False,multimodal,psd-fc-wpli,gated,cnn,True,finetune,segssl_barlow_all-patient_fc-wpli_finetune_seed13_pre20_proj32_mask0_03_noise0_02_mlp1_0_sup100,True,barlow,fc-wpli,all-patient,True,13,1.0,0.1,32,0.03,0.02
multimodal_psd-fc-wpli_gated_cnn,13,sub20,sub01;sub05;sub07;sub08;sub09;sub10;sub11;sub13;sub14;sub15;sub16;sub17;sub18;sub24;sub27;sub28;sub29,sub22,97,0.000477403897093609,0.02026180736720562,0.002,1e-05,1.0,1.0,True,False,multimodal,psd-fc-wpli,gated,cnn,True,finetune,segssl_barlow_all-patient_fc-wpli_finetune_seed13_pre20_proj32_mask0_03_noise0_02_mlp1_0_sup100,True,barlow,fc-wpli,all-patient,True,13,1.0,0.1,32,0.03,0.02
multimodal_psd-fc-wpli_gated_cnn,13,sub20,sub01;sub05;sub07;sub08;sub09;sub10;sub11;sub13;sub14;sub15;sub16;sub17;sub18;sub24;sub27;sub28;sub29,sub22,98,0.0004596734361257404,0.020097898319363594,0.002,1e-05,1.0,1.0,True,False,multimodal,psd-fc-wpli,gated,cnn,True,finetune,segssl_barlow_all-patient_fc-wpli_finetune_seed13_pre20_proj32_mask0_03_noise0_02_mlp1_0_sup100,True,barlow,fc-wpli,all-patient,True,13,1.0,0.1,32,0.03,0.02
multimodal_psd-fc-wpli_gated_cnn,13,sub20,sub01;sub05;sub07;sub08;sub09;sub10;sub11;sub13;sub14;sub15;sub16;sub17;sub18;sub24;sub27;sub28;sub29,sub22,99,0.0004427989188116044,0.019960345700383186,0.002,1e-05,1.0,1.0,True,False,multimodal,psd-fc-wpli,gated,cnn,True,finetune,segssl_barlow_all-patient_fc-wpli_finetune_seed13_pre20_proj32_mask0_03_noise0_02_mlp1_0_sup100,True,barlow,fc-wpli,all-patient,True,13,1.0,0.1,32,0.03,0.02
multimodal_psd-fc-wpli_gated_cnn,13,sub20,sub01;sub05;sub07;sub08;sub09;sub10;sub11;sub13;sub14;sub15;sub16;sub17;sub18;sub24;sub27;sub28;sub29,sub22,100,0.0004267457115929574,0.019833024591207504,0.002,1e-05,1.0,1.0,True,False,multimodal,psd-fc-wpli,gated,cnn,True,finetune,segssl_barlow_all-patient_fc-wpli_finetune_seed13_pre20_proj32_mask0_03_noise0_02_mlp1_0_sup100,True,barlow,fc-wpli,all-patient,True,13,1.0,0.1,32,0.03,0.02
multimodal_psd-fc-wpli_gated_cnn,14,sub22,sub01;sub05;sub07;sub08;sub09;sub10;sub11;sub13;sub14;sub15;sub16;sub17;sub18;sub20;sub27;sub28;sub29,sub24,1,0.6962407827377319,0.7878320813179016,0.002,1e-05,1.0,1.0,True,False,multimodal,psd-fc-wpli,gated,cnn,True,finetune,segssl_barlow_all-patient_fc-wpli_finetune_seed13_pre20_proj32_mask0_03_noise0_02_mlp1_0_sup100,True,barlow,fc-wpli,all-patient,True,13,1.0,0.1,32,0.03,0.02
multimodal_psd-fc-wpli_gated_cnn,14,sub22,sub01;sub05;sub07;sub08;sub09;sub10;sub11;sub13;sub14;sub15;sub16;sub17;sub18;sub20;sub27;sub28;sub29,sub24,2,0.6815140843391418,0.7802251577377319,0.002,1e-05,1.0,1.0,True,False,multimodal,psd-fc-wpli,gated,cnn,True,finetune,segssl_barlow_all-patient_fc-wpli_finetune_seed13_pre20_proj32_mask0_03_noise0_02_mlp1_0_sup100,True,barlow,fc-wpli,all-patient,True,13,1.0,0.1,32,0.03,0.02
multimodal_psd-fc-wpli_gated_cnn,14,sub22,sub01;sub05;sub07;sub08;sub09;sub10;sub11;sub13;sub14;sub15;sub16;sub17;sub18;sub20;sub27;sub28;sub29,sub24,3,0.6705891489982605,0.7756802439689636,0.002,1e-05,1.0,1.0,True,False,multimodal,psd-fc-wpli,gated,cnn,True,finetune,segssl_barlow_all-patient_fc-wpli_finetune_seed13_pre20_proj32_mask0_03_noise0_02_mlp1_0_sup100,True,barlow,fc-wpli,all-patient,True,13,1.0,0.1,32,0.03,0.02
multimodal_psd-fc-wpli_gated_cnn,14,sub22,sub01;sub05;sub07;sub08;sub09;sub10;sub11;sub13;sub14;sub15;sub16;sub17;sub18;sub20;sub27;sub28;sub29,sub24,4,0.6599231362342834,0.7749038338661194,0.002,1e-05,1.0,1.0,True,False,multimodal,psd-fc-wpli,gated,cnn,True,finetune,segssl_barlow_all-patient_fc-wpli_finetune_seed13_pre20_proj32_mask0_03_noise0_02_mlp1_0_sup100,True,barlow,fc-wpli,all-patient,True,13,1.0,0.1,32,0.03,0.02
multimodal_psd-fc-wpli_gated_cnn,14,sub22,sub01;sub05;sub07;sub08;sub09;sub10;sub11;sub13;sub14;sub15;sub16;sub17;sub18;sub20;sub27;sub28;sub29,sub24,5,0.6489644050598145,0.7759117484092712,0.002,1e-05,1.0,1.0,False,False,multimodal,psd-fc-wpli,gated,cnn,True,finetune,segssl_barlow_all-patient_fc-wpli_finetune_seed13_pre20_proj32_mask0_03_noise0_02_mlp1_0_sup100,True,barlow,fc-wpli,all-patient,True,13,1.0,0.1,32,0.03,0.02
multimodal_psd-fc-wpli_gated_cnn,14,sub22,sub01;sub05;sub07;sub08;sub09;sub10;sub11;sub13;sub14;sub15;sub16;sub17;sub18;sub20;sub27;sub28;sub29,sub24,6,0.6372666358947754,0.7778823971748352,0.002,1e-05,1.0,1.0,False,False,multimodal,psd-fc-wpli,gated,cnn,True,finetune,segssl_barlow_all-patient_fc-wpli_finetune_seed13_pre20_proj32_mask0_03_noise0_02_mlp1_0_sup100,True,barlow,fc-wpli,all-patient,True,13,1.0,0.1,32,0.03,0.02
multimodal_psd-fc-wpli_gated_cnn,14,sub22,sub01;sub05;sub07;sub08;sub09;sub10;sub11;sub13;sub14;sub15;sub16;sub17;sub18;sub20;sub27;sub28;sub29,sub24,7,0.6239641904830933,0.7777391672134399,0.002,1e-05,1.0,1.0,False,False,multimodal,psd-fc-wpli,gated,cnn,True,finetune,segssl_barlow_all-patient_fc-wpli_finetune_seed13_pre20_proj32_mask0_03_noise0_02_mlp1_0_sup100,True,barlow,fc-wpli,all-patient,True,13,1.0,0.1,32,0.03,0.02
multimodal_psd-fc-wpli_gated_cnn,14,sub22,sub01;sub05;sub07;sub08;sub09;sub10;sub11;sub13;sub14;sub15;sub16;sub17;sub18;sub20;sub27;sub28;sub29,sub24,8,0.6097508668899536,0.7709404826164246,0.002,1e-05,1.0,1.0,True,False,multimodal,psd-fc-wpli,gated,cnn,True,finetune,segssl_barlow_all-patient_fc-wpli_finetune_seed13_pre20_proj32_mask0_03_noise0_02_mlp1_0_sup100,True,barlow,fc-wpli,all-patient,True,13,1.0,0.1,32,0.03,0.02
multimodal_psd-fc-wpli_gated_cnn,14,sub22,sub01;sub05;sub07;sub08;sub09;sub10;sub11;sub13;sub14;sub15;sub16;sub17;sub18;sub20;sub27;sub28;sub29,sub24,9,0.5945746302604675,0.760061502456665,0.002,1e-05,1.0,1.0,True,False,multimodal,psd-fc-wpli,gated,cnn,True,finetune,segssl_barlow_all-patient_fc-wpli_finetune_seed13_pre20_proj32_mask0_03_noise0_02_mlp1_0_sup100,True,barlow,fc-wpli,all-patient,True,13,1.0,0.1,32,0.03,0.02
multimodal_psd-fc-wpli_gated_cnn,14,sub22,sub01;sub05;sub07;sub08;sub09;sub10;sub11;sub13;sub14;sub15;sub16;sub17;sub18;sub20;sub27;sub28;sub29,sub24,10,0.578334391117096,0.746672511100769,0.002,1e-05,1.0,1.0,True,False,multimodal,psd-fc-wpli,gated,cnn,True,finetune,segssl_barlow_all-patient_fc-wpli_finetune_seed13_pre20_proj32_mask0_03_noise0_02_mlp1_0_sup100,True,barlow,fc-wpli,all-patient,True,13,1.0,0.1,32,0.03,0.02
multimodal_psd-fc-wpli_gated_cnn,14,sub22,sub01;sub05;sub07;sub08;sub09;sub10;sub11;sub13;sub14;sub15;sub16;sub17;sub18;sub20;sub27;sub28;sub29,sub24,11,0.5611851811408997,0.731400728225708,0.002,1e-05,1.0,1.0,True,False,multimodal,psd-fc-wpli,gated,cnn,True,finetune,segssl_barlow_all-patient_fc-wpli_finetune_seed13_pre20_proj32_mask0_03_noise0_02_mlp1_0_sup100,True,barlow,fc-wpli,all-patient,True,13,1.0,0.1,32,0.03,0.02
multimodal_psd-fc-wpli_gated_cnn,14,sub22,sub01;sub05;sub07;sub08;sub09;sub10;sub11;sub13;sub14;sub15;sub16;sub17;sub18;sub20;sub27;sub28;sub29,sub24,12,0.543109118938446,0.7158874869346619,0.002,1e-05,1.0,1.0,True,False,multimodal,psd-fc-wpli,gated,cnn,True,finetune,segssl_barlow_all-patient_fc-wpli_finetune_seed13_pre20_proj32_mask0_03_noise0_02_mlp1_0_sup100,True,barlow,fc-wpli,all-patient,True,13,1.0,0.1,32,0.03,0.02
multimodal_psd-fc-wpli_gated_cnn,14,sub22,sub01;sub05;sub07;sub08;sub09;sub10;sub11;sub13;sub14;sub15;sub16;sub17;sub18;sub20;sub27;sub28;sub29,sub24,13,0.5239774584770203,0.7004930973052979,0.002,1e-05,1.0,1.0,True,False,multimodal,psd-fc-wpli,gated,cnn,True,finetune,segssl_barlow_all-patient_fc-wpli_finetune_seed13_pre20_proj32_mask0_03_noise0_02_mlp1_0_sup100,True,barlow,fc-wpli,all-patient,True,13,1.0,0.1,32,0.03,0.02
multimodal_psd-fc-wpli_gated_cnn,14,sub22,sub01;sub05;sub07;sub08;sub09;sub10;sub11;sub13;sub14;sub15;sub16;sub17;sub18;sub20;sub27;sub28;sub29,sub24,14,0.503942608833313,0.6873599886894226,0.002,1e-05,1.0,1.0,True,False,multimodal,psd-fc-wpli,gated,cnn,True,finetune,segssl_barlow_all-patient_fc-wpli_finetune_seed13_pre20_proj32_mask0_03_noise0_02_mlp1_0_sup100,True,barlow,fc-wpli,all-patient,True,13,1.0,0.1,32,0.03,0.02
multimodal_psd-fc-wpli_gated_cnn,14,sub22,sub01;sub05;sub07;sub08;sub09;sub10;sub11;sub13;sub14;sub15;sub16;sub17;sub18;sub20;sub27;sub28;sub29,sub24,15,0.48332640528678894,0.6771632432937622,0.002,1e-05,1.0,1.0,True,False,multimodal,psd-fc-wpli,gated,cnn,True,finetune,segssl_barlow_all-patient_fc-wpli_finetune_seed13_pre20_proj32_mask0_03_noise0_02_mlp1_0_sup100,True,barlow,fc-wpli,all-patient,True,13,1.0,0.1,32,0.03,0.02
multimodal_psd-fc-wpli_gated_cnn,14,sub22,sub01;sub05;sub07;sub08;sub09;sub10;sub11;sub13;sub14;sub15;sub16;sub17;sub18;sub20;sub27;sub28;sub29,sub24,16,0.4618467390537262,0.6705815196037292,0.002,1e-05,1.0,1.0,True,False,multimodal,psd-fc-wpli,gated,cnn,True,finetune,segssl_barlow_all-patient_fc-wpli_finetune_seed13_pre20_proj32_mask0_03_noise0_02_mlp1_0_sup100,True,barlow,fc-wpli,all-patient,True,13,1.0,0.1,32,0.03,0.02
multimodal_psd-fc-wpli_gated_cnn,14,sub22,sub01;sub05;sub07;sub08;sub09;sub10;sub11;sub13;sub14;sub15;sub16;sub17;sub18;sub20;sub27;sub28;sub29,sub24,17,0.43988388776779175,0.6712254881858826,0.002,1e-05,1.0,1.0,False,False,multimodal,psd-fc-wpli,gated,cnn,True,finetune,segssl_barlow_all-patient_fc-wpli_finetune_seed13_pre20_proj32_mask0_03_noise0_02_mlp1_0_sup100,True,barlow,fc-wpli,all-patient,True,13,1.0,0.1,32,0.03,0.02
multimodal_psd-fc-wpli_gated_cnn,14,sub22,sub01;sub05;sub07;sub08;sub09;sub10;sub11;sub13;sub14;sub15;sub16;sub17;sub18;sub20;sub27;sub28;sub29,sub24,18,0.4176613986492157,0.6790544986724854,0.002,1e-05,1.0,1.0,False,False,multimodal,psd-fc-wpli,gated,cnn,True,finetune,segssl_barlow_all-patient_fc-wpli_finetune_seed13_pre20_proj32_mask0_03_noise0_02_mlp1_0_sup100,True,barlow,fc-wpli,all-patient,True,13,1.0,0.1,32,0.03,0.02
multimodal_psd-fc-wpli_gated_cnn,14,sub22,sub01;sub05;sub07;sub08;sub09;sub10;sub11;sub13;sub14;sub15;sub16;sub17;sub18;sub20;sub27;sub28;sub29,sub24,19,0.39524438977241516,0.6905670166015625,0.002,1e-05,1.0,1.0,False,False,multimodal,psd-fc-wpli,gated,cnn,True,finetune,segssl_barlow_all-patient_fc-wpli_finetune_seed13_pre20_proj32_mask0_03_noise0_02_mlp1_0_sup100,True,barlow,fc-wpli,all-patient,True,13,1.0,0.1,32,0.03,0.02
multimodal_psd-fc-wpli_gated_cnn,14,sub22,sub01;sub05;sub07;sub08;sub09;sub10;sub11;sub13;sub14;sub15;sub16;sub17;sub18;sub20;sub27;sub28;sub29,sub24,20,0.3727874755859375,0.700933039188385,0.002,1e-05,1.0,1.0,False,False,multimodal,psd-fc-wpli,gated,cnn,True,finetune,segssl_barlow_all-patient_fc-wpli_finetune_seed13_pre20_proj32_mask0_03_noise0_02_mlp1_0_sup100,True,barlow,fc-wpli,all-patient,True,13,1.0,0.1,32,0.03,0.02
multimodal_psd-fc-wpli_gated_cnn,14,sub22,sub01;sub05;sub07;sub08;sub09;sub10;sub11;sub13;sub14;sub15;sub16;sub17;sub18;sub20;sub27;sub28;sub29,sub24,21,0.3500503897666931,0.7080892324447632,0.002,1e-05,1.0,1.0,False,False,multimodal,psd-fc-wpli,gated,cnn,True,finetune,segssl_barlow_all-patient_fc-wpli_finetune_seed13_pre20_proj32_mask0_03_noise0_02_mlp1_0_sup100,True,barlow,fc-wpli,all-patient,True,13,1.0,0.1,32,0.03,0.02
multimodal_psd-fc-wpli_gated_cnn,14,sub22,sub01;sub05;sub07;sub08;sub09;sub10;sub11;sub13;sub14;sub15;sub16;sub17;sub18;sub20;sub27;sub28;sub29,sub24,22,0.32709237933158875,0.7123681902885437,0.002,1e-05,1.0,1.0,False,False,multimodal,psd-fc-wpli,gated,cnn,True,finetune,segssl_barlow_all-patient_fc-wpli_finetune_seed13_pre20_proj32_mask0_03_noise0_02_mlp1_0_sup100,True,barlow,fc-wpli,all-patient,True,13,1.0,0.1,32,0.03,0.02
multimodal_psd-fc-wpli_gated_cnn,14,sub22,sub01;sub05;sub07;sub08;sub09;sub10;sub11;sub13;sub14;sub15;sub16;sub17;sub18;sub20;sub27;sub28;sub29,sub24,23,0.3041113018989563,0.7107566595077515,0.002,1e-05,1.0,1.0,False,False,multimodal,psd-fc-wpli,gated,cnn,True,finetune,segssl_barlow_all-patient_fc-wpli_finetune_seed13_pre20_proj32_mask0_03_noise0_02_mlp1_0_sup100,True,barlow,fc-wpli,all-patient,True,13,1.0,0.1,32,0.03,0.02
multimodal_psd-fc-wpli_gated_cnn,14,sub22,sub01;sub05;sub07;sub08;sub09;sub10;sub11;sub13;sub14;sub15;sub16;sub17;sub18;sub20;sub27;sub28;sub29,sub24,24,0.2805938124656677,0.7042760252952576,0.002,1e-05,1.0,1.0,False,False,multimodal,psd-fc-wpli,gated,cnn,True,finetune,segssl_barlow_all-patient_fc-wpli_finetune_seed13_pre20_proj32_mask0_03_noise0_02_mlp1_0_sup100,True,barlow,fc-wpli,all-patient,True,13,1.0,0.1,32,0.03,0.02
multimodal_psd-fc-wpli_gated_cnn,14,sub22,sub01;sub05;sub07;sub08;sub09;sub10;sub11;sub13;sub14;sub15;sub16;sub17;sub18;sub20;sub27;sub28;sub29,sub24,25,0.2573123276233673,0.6934319138526917,0.002,1e-05,1.0,1.0,False,False,multimodal,psd-fc-wpli,gated,cnn,True,finetune,segssl_barlow_all-patient_fc-wpli_finetune_seed13_pre20_proj32_mask0_03_noise0_02_mlp1_0_sup100,True,barlow,fc-wpli,all-patient,True,13,1.0,0.1,32,0.03,0.02
multimodal_psd-fc-wpli_gated_cnn,14,sub22,sub01;sub05;sub07;sub08;sub09;sub10;sub11;sub13;sub14;sub15;sub16;sub17;sub18;sub20;sub27;sub28;sub29,sub24,26,0.23437468707561493,0.6776659488677979,0.002,1e-05,1.0,1.0,False,False,multimodal,psd-fc-wpli,gated,cnn,True,finetune,segssl_barlow_all-patient_fc-wpli_finetune_seed13_pre20_proj32_mask0_03_noise0_02_mlp1_0_sup100,True,barlow,fc-wpli,all-patient,True,13,1.0,0.1,32,0.03,0.02
multimodal_psd-fc-wpli_gated_cnn,14,sub22,sub01;sub05;sub07;sub08;sub09;sub10;sub11;sub13;sub14;sub15;sub16;sub17;sub18;sub20;sub27;sub28;sub29,sub24,27,0.21190130710601807,0.6584334969520569,0.002,1e-05,1.0,1.0,True,False,multimodal,psd-fc-wpli,gated,cnn,True,finetune,segssl_barlow_all-patient_fc-wpli_finetune_seed13_pre20_proj32_mask0_03_noise0_02_mlp1_0_sup100,True,barlow,fc-wpli,all-patient,True,13,1.0,0.1,32,0.03,0.02
multimodal_psd-fc-wpli_gated_cnn,14,sub22,sub01;sub05;sub07;sub08;sub09;sub10;sub11;sub13;sub14;sub15;sub16;sub17;sub18;sub20;sub27;sub28;sub29,sub24,28,0.19007253646850586,0.6388541460037231,0.002,1e-05,1.0,1.0,True,False,multimodal,psd-fc-wpli,gated,cnn,True,finetune,segssl_barlow_all-patient_fc-wpli_finetune_seed13_pre20_proj32_mask0_03_noise0_02_mlp1_0_sup100,True,barlow,fc-wpli,all-patient,True,13,1.0,0.1,32,0.03,0.02
multimodal_psd-fc-wpli_gated_cnn,14,sub22,sub01;sub05;sub07;sub08;sub09;sub10;sub11;sub13;sub14;sub15;sub16;sub17;sub18;sub20;sub27;sub28;sub29,sub24,29,0.1687796264886856,0.6134167909622192,0.002,1e-05,1.0,1.0,True,False,multimodal,psd-fc-wpli,gated,cnn,True,finetune,segssl_barlow_all-patient_fc-wpli_finetune_seed13_pre20_proj32_mask0_03_noise0_02_mlp1_0_sup100,True,barlow,fc-wpli,all-patient,True,13,1.0,0.1,32,0.03,0.02
multimodal_psd-fc-wpli_gated_cnn,14,sub22,sub01;sub05;sub07;sub08;sub09;sub10;sub11;sub13;sub14;sub15;sub16;sub17;sub18;sub20;sub27;sub28;sub29,sub24,30,0.14842121303081512,0.5726488828659058,0.002,1e-05,1.0,1.0,True,False,multimodal,psd-fc-wpli,gated,cnn,True,finetune,segssl_barlow_all-patient_fc-wpli_finetune_seed13_pre20_proj32_mask0_03_noise0_02_mlp1_0_sup100,True,barlow,fc-wpli,all-patient,True,13,1.0,0.1,32,0.03,0.02
multimodal_psd-fc-wpli_gated_cnn,14,sub22,sub01;sub05;sub07;sub08;sub09;sub10;sub11;sub13;sub14;sub15;sub16;sub17;sub18;sub20;sub27;sub28;sub29,sub24,31,0.12935400009155273,0.5162671208381653,0.002,1e-05,1.0,1.0,True,False,multimodal,psd-fc-wpli,gated,cnn,True,finetune,segssl_barlow_all-patient_fc-wpli_finetune_seed13_pre20_proj32_mask0_03_noise0_02_mlp1_0_sup100,True,barlow,fc-wpli,all-patient,True,13,1.0,0.1,32,0.03,0.02
multimodal_psd-fc-wpli_gated_cnn,14,sub22,sub01;sub05;sub07;sub08;sub09;sub10;sub11;sub13;sub14;sub15;sub16;sub17;sub18;sub20;sub27;sub28;sub29,sub24,32,0.11114121973514557,0.45073169469833374,0.002,1e-05,1.0,1.0,True,False,multimodal,psd-fc-wpli,gated,cnn,True,finetune,segssl_barlow_all-patient_fc-wpli_finetune_seed13_pre20_proj32_mask0_03_noise0_02_mlp1_0_sup100,True,barlow,fc-wpli,all-patient,True,13,1.0,0.1,32,0.03,0.02
multimodal_psd-fc-wpli_gated_cnn,14,sub22,sub01;sub05;sub07;sub08;sub09;sub10;sub11;sub13;sub14;sub15;sub16;sub17;sub18;sub20;sub27;sub28;sub29,sub24,33,0.09428495913743973,0.38338449597358704,0.002,1e-05,1.0,1.0,True,False,multimodal,psd-fc-wpli,gated,cnn,True,finetune,segssl_barlow_all-patient_fc-wpli_finetune_seed13_pre20_proj32_mask0_03_noise0_02_mlp1_0_sup100,True,barlow,fc-wpli,all-patient,True,13,1.0,0.1,32,0.03,0.02
multimodal_psd-fc-wpli_gated_cnn,14,sub22,sub01;sub05;sub07;sub08;sub09;sub10;sub11;sub13;sub14;sub15;sub16;sub17;sub18;sub20;sub27;sub28;sub29,sub24,34,0.07926786690950394,0.3219870626926422,0.002,1e-05,1.0,1.0,True,False,multimodal,psd-fc-wpli,gated,cnn,True,finetune,segssl_barlow_all-patient_fc-wpli_finetune_seed13_pre20_proj32_mask0_03_noise0_02_mlp1_0_sup100,True,barlow,fc-wpli,all-patient,True,13,1.0,0.1,32,0.03,0.02
multimodal_psd-fc-wpli_gated_cnn,14,sub22,sub01;sub05;sub07;sub08;sub09;sub10;sub11;sub13;sub14;sub15;sub16;sub17;sub18;sub20;sub27;sub28;sub29,sub24,35,0.066304050385952,0.26644018292427063,0.002,1e-05,1.0,1.0,True,False,multimodal,psd-fc-wpli,gated,cnn,True,finetune,segssl_barlow_all-patient_fc-wpli_finetune_seed13_pre20_proj32_mask0_03_noise0_02_mlp1_0_sup100,True,barlow,fc-wpli,all-patient,True,13,1.0,0.1,32,0.03,0.02
multimodal_psd-fc-wpli_gated_cnn,14,sub22,sub01;sub05;sub07;sub08;sub09;sub10;sub11;sub13;sub14;sub15;sub16;sub17;sub18;sub20;sub27;sub28;sub29,sub24,36,0.055266786366701126,0.2172195017337799,0.002,1e-05,1.0,1.0,True,False,multimodal,psd-fc-wpli,gated,cnn,True,finetune,segssl_barlow_all-patient_fc-wpli_finetune_seed13_pre20_proj32_mask0_03_noise0_02_mlp1_0_sup100,True,barlow,fc-wpli,all-patient,True,13,1.0,0.1,32,0.03,0.02
multimodal_psd-fc-wpli_gated_cnn,14,sub22,sub01;sub05;sub07;sub08;sub09;sub10;sub11;sub13;sub14;sub15;sub16;sub17;sub18;sub20;sub27;sub28;sub29,sub24,37,0.045931968837976456,0.17478983104228973,0.002,1e-05,1.0,1.0,True,False,multimodal,psd-fc-wpli,gated,cnn,True,finetune,segssl_barlow_all-patient_fc-wpli_finetune_seed13_pre20_proj32_mask0_03_noise0_02_mlp1_0_sup100,True,barlow,fc-wpli,all-patient,True,13,1.0,0.1,32,0.03,0.02
multimodal_psd-fc-wpli_gated_cnn,14,sub22,sub01;sub05;sub07;sub08;sub09;sub10;sub11;sub13;sub14;sub15;sub16;sub17;sub18;sub20;sub27;sub28;sub29,sub24,38,0.03821525350213051,0.1390407234430313,0.002,1e-05,1.0,1.0,True,False,multimodal,psd-fc-wpli,gated,cnn,True,finetune,segssl_barlow_all-patient_fc-wpli_finetune_seed13_pre20_proj32_mask0_03_noise0_02_mlp1_0_sup100,True,barlow,fc-wpli,all-patient,True,13,1.0,0.1,32,0.03,0.02
multimodal_psd-fc-wpli_gated_cnn,14,sub22,sub01;sub05;sub07;sub08;sub09;sub10;sub11;sub13;sub14;sub15;sub16;sub17;sub18;sub20;sub27;sub28;sub29,sub24,39,0.03175751864910126,0.10860594362020493,0.002,1e-05,1.0,1.0,True,False,multimodal,psd-fc-wpli,gated,cnn,True,finetune,segssl_barlow_all-patient_fc-wpli_finetune_seed13_pre20_proj32_mask0_03_noise0_02_mlp1_0_sup100,True,barlow,fc-wpli,all-patient,True,13,1.0,0.1,32,0.03,0.02
multimodal_psd-fc-wpli_gated_cnn,14,sub22,sub01;sub05;sub07;sub08;sub09;sub10;sub11;sub13;sub14;sub15;sub16;sub17;sub18;sub20;sub27;sub28;sub29,sub24,40,0.026294304057955742,0.08419574052095413,0.002,1e-05,1.0,1.0,True,False,multimodal,psd-fc-wpli,gated,cnn,True,finetune,segssl_barlow_all-patient_fc-wpli_finetune_seed13_pre20_proj32_mask0_03_noise0_02_mlp1_0_sup100,True,barlow,fc-wpli,all-patient,True,13,1.0,0.1,32,0.03,0.02
multimodal_psd-fc-wpli_gated_cnn,14,sub22,sub01;sub05;sub07;sub08;sub09;sub10;sub11;sub13;sub14;sub15;sub16;sub17;sub18;sub20;sub27;sub28;sub29,sub24,41,0.021757949143648148,0.06559590250253677,0.002,1e-05,1.0,1.0,True,False,multimodal,psd-fc-wpli,gated,cnn,True,finetune,segssl_barlow_all-patient_fc-wpli_finetune_seed13_pre20_proj32_mask0_03_noise0_02_mlp1_0_sup100,True,barlow,fc-wpli,all-patient,True,13,1.0,0.1,32,0.03,0.02
multimodal_psd-fc-wpli_gated_cnn,14,sub22,sub01;sub05;sub07;sub08;sub09;sub10;sub11;sub13;sub14;sub15;sub16;sub17;sub18;sub20;sub27;sub28;sub29,sub24,42,0.018032733350992203,0.05235845223069191,0.002,1e-05,1.0,1.0,True,False,multimodal,psd-fc-wpli,gated,cnn,True,finetune,segssl_barlow_all-patient_fc-wpli_finetune_seed13_pre20_proj32_mask0_03_noise0_02_mlp1_0_sup100,True,barlow,fc-wpli,all-patient,True,13,1.0,0.1,32,0.03,0.02
multimodal_psd-fc-wpli_gated_cnn,14,sub22,sub01;sub05;sub07;sub08;sub09;sub10;sub11;sub13;sub14;sub15;sub16;sub17;sub18;sub20;sub27;sub28;sub29,sub24,43,0.01496060285717249,0.042780593037605286,0.002,1e-05,1.0,1.0,True,False,multimodal,psd-fc-wpli,gated,cnn,True,finetune,segssl_barlow_all-patient_fc-wpli_finetune_seed13_pre20_proj32_mask0_03_noise0_02_mlp1_0_sup100,True,barlow,fc-wpli,all-patient,True,13,1.0,0.1,32,0.03,0.02
multimodal_psd-fc-wpli_gated_cnn,14,sub22,sub01;sub05;sub07;sub08;sub09;sub10;sub11;sub13;sub14;sub15;sub16;sub17;sub18;sub20;sub27;sub28;sub29,sub24,44,0.012453341856598854,0.03513777256011963,0.002,1e-05,1.0,1.0,True,False,multimodal,psd-fc-wpli,gated,cnn,True,finetune,segssl_barlow_all-patient_fc-wpli_finetune_seed13_pre20_proj32_mask0_03_noise0_02_mlp1_0_sup100,True,barlow,fc-wpli,all-patient,True,13,1.0,0.1,32,0.03,0.02
multimodal_psd-fc-wpli_gated_cnn,14,sub22,sub01;sub05;sub07;sub08;sub09;sub10;sub11;sub13;sub14;sub15;sub16;sub17;sub18;sub20;sub27;sub28;sub29,sub24,45,0.01041480340063572,0.029275735840201378,0.002,1e-05,1.0,1.0,True,False,multimodal,psd-fc-wpli,gated,cnn,True,finetune,segssl_barlow_all-patient_fc-wpli_finetune_seed13_pre20_proj32_mask0_03_noise0_02_mlp1_0_sup100,True,barlow,fc-wpli,all-patient,True,13,1.0,0.1,32,0.03,0.02
multimodal_psd-fc-wpli_gated_cnn,14,sub22,sub01;sub05;sub07;sub08;sub09;sub10;sub11;sub13;sub14;sub15;sub16;sub17;sub18;sub20;sub27;sub28;sub29,sub24,46,0.008758818730711937,0.024590352550148964,0.002,1e-05,1.0,1.0,True,False,multimodal,psd-fc-wpli,gated,cnn,True,finetune,segssl_barlow_all-patient_fc-wpli_finetune_seed13_pre20_proj32_mask0_03_noise0_02_mlp1_0_sup100,True,barlow,fc-wpli,all-patient,True,13,1.0,0.1,32,0.03,0.02
multimodal_psd-fc-wpli_gated_cnn,14,sub22,sub01;sub05;sub07;sub08;sub09;sub10;sub11;sub13;sub14;sub15;sub16;sub17;sub18;sub20;sub27;sub28;sub29,sub24,47,0.00742314150556922,0.02073962241411209,0.002,1e-05,1.0,1.0,True,False,multimodal,psd-fc-wpli,gated,cnn,True,finetune,segssl_barlow_all-patient_fc-wpli_finetune_seed13_pre20_proj32_mask0_03_noise0_02_mlp1_0_sup100,True,barlow,fc-wpli,all-patient,True,13,1.0,0.1,32,0.03,0.02
multimodal_psd-fc-wpli_gated_cnn,14,sub22,sub01;sub05;sub07;sub08;sub09;sub10;sub11;sub13;sub14;sub15;sub16;sub17;sub18;sub20;sub27;sub28;sub29,sub24,48,0.006339444313198328,0.017707938328385353,0.002,1e-05,1.0,1.0,True,False,multimodal,psd-fc-wpli,gated,cnn,True,finetune,segssl_barlow_all-patient_fc-wpli_finetune_seed13_pre20_proj32_mask0_03_noise0_02_mlp1_0_sup100,True,barlow,fc-wpli,all-patient,True,13,1.0,0.1,32,0.03,0.02
multimodal_psd-fc-wpli_gated_cnn,14,sub22,sub01;sub05;sub07;sub08;sub09;sub10;sub11;sub13;sub14;sub15;sub16;sub17;sub18;sub20;sub27;sub28;sub29,sub24,49,0.005456840619444847,0.015287581831216812,0.002,1e-05,1.0,1.0,True,False,multimodal,psd-fc-wpli,gated,cnn,True,finetune,segssl_barlow_all-patient_fc-wpli_finetune_seed13_pre20_proj32_mask0_03_noise0_02_mlp1_0_sup100,True,barlow,fc-wpli,all-patient,True,13,1.0,0.1,32,0.03,0.02
multimodal_psd-fc-wpli_gated_cnn,14,sub22,sub01;sub05;sub07;sub08;sub09;sub10;sub11;sub13;sub14;sub15;sub16;sub17;sub18;sub20;sub27;sub28;sub29,sub24,50,0.004736462142318487,0.013369654305279255,0.002,1e-05,1.0,1.0,True,False,multimodal,psd-fc-wpli,gated,cnn,True,finetune,segssl_barlow_all-patient_fc-wpli_finetune_seed13_pre20_proj32_mask0_03_noise0_02_mlp1_0_sup100,True,barlow,fc-wpli,all-patient,True,13,1.0,0.1,32,0.03,0.02
multimodal_psd-fc-wpli_gated_cnn,14,sub22,sub01;sub05;sub07;sub08;sub09;sub10;sub11;sub13;sub14;sub15;sub16;sub17;sub18;sub20;sub27;sub28;sub29,sub24,51,0.004143051337450743,0.011810741387307644,0.002,1e-05,1.0,1.0,True,False,multimodal,psd-fc-wpli,gated,cnn,True,finetune,segssl_barlow_all-patient_fc-wpli_finetune_seed13_pre20_proj32_mask0_03_noise0_02_mlp1_0_sup100,True,barlow,fc-wpli,all-patient,True,13,1.0,0.1,32,0.03,0.02
multimodal_psd-fc-wpli_gated_cnn,14,sub22,sub01;sub05;sub07;sub08;sub09;sub10;sub11;sub13;sub14;sub15;sub16;sub17;sub18;sub20;sub27;sub28;sub29,sub24,52,0.0036516927648335695,0.010526000522077084,0.002,1e-05,1.0,1.0,True,False,multimodal,psd-fc-wpli,gated,cnn,True,finetune,segssl_barlow_all-patient_fc-wpli_finetune_seed13_pre20_proj32_mask0_03_noise0_02_mlp1_0_sup100,True,barlow,fc-wpli,all-patient,True,13,1.0,0.1,32,0.03,0.02
multimodal_psd-fc-wpli_gated_cnn,14,sub22,sub01;sub05;sub07;sub08;sub09;sub10;sub11;sub13;sub14;sub15;sub16;sub17;sub18;sub20;sub27;sub28;sub29,sub24,53,0.003241568338125944,0.009484958834946156,0.002,1e-05,1.0,1.0,True,False,multimodal,psd-fc-wpli,gated,cnn,True,finetune,segssl_barlow_all-patient_fc-wpli_finetune_seed13_pre20_proj32_mask0_03_noise0_02_mlp1_0_sup100,True,barlow,fc-wpli,all-patient,True,13,1.0,0.1,32,0.03,0.02
multimodal_psd-fc-wpli_gated_cnn,14,sub22,sub01;sub05;sub07;sub08;sub09;sub10;sub11;sub13;sub14;sub15;sub16;sub17;sub18;sub20;sub27;sub28;sub29,sub24,54,0.0028977468609809875,0.008630162104964256,0.002,1e-05,1.0,1.0,True,False,multimodal,psd-fc-wpli,gated,cnn,True,finetune,segssl_barlow_all-patient_fc-wpli_finetune_seed13_pre20_proj32_mask0_03_noise0_02_mlp1_0_sup100,True,barlow,fc-wpli,all-patient,True,13,1.0,0.1,32,0.03,0.02
multimodal_psd-fc-wpli_gated_cnn,14,sub22,sub01;sub05;sub07;sub08;sub09;sub10;sub11;sub13;sub14;sub15;sub16;sub17;sub18;sub20;sub27;sub28;sub29,sub24,55,0.0026074156630784273,0.007918626070022583,0.002,1e-05,1.0,1.0,True,False,multimodal,psd-fc-wpli,gated,cnn,True,finetune,segssl_barlow_all-patient_fc-wpli_finetune_seed13_pre20_proj32_mask0_03_noise0_02_mlp1_0_sup100,True,barlow,fc-wpli,all-patient,True,13,1.0,0.1,32,0.03,0.02
multimodal_psd-fc-wpli_gated_cnn,14,sub22,sub01;sub05;sub07;sub08;sub09;sub10;sub11;sub13;sub14;sub15;sub16;sub17;sub18;sub20;sub27;sub28;sub29,sub24,56,0.002360536018386483,0.007322253659367561,0.002,1e-05,1.0,1.0,True,False,multimodal,psd-fc-wpli,gated,cnn,True,finetune,segssl_barlow_all-patient_fc-wpli_finetune_seed13_pre20_proj32_mask0_03_noise0_02_mlp1_0_sup100,True,barlow,fc-wpli,all-patient,True,13,1.0,0.1,32,0.03,0.02
multimodal_psd-fc-wpli_gated_cnn,14,sub22,sub01;sub05;sub07;sub08;sub09;sub10;sub11;sub13;sub14;sub15;sub16;sub17;sub18;sub20;sub27;sub28;sub29,sub24,57,0.002148615662008524,0.006819728296250105,0.002,1e-05,1.0,1.0,True,False,multimodal,psd-fc-wpli,gated,cnn,True,finetune,segssl_barlow_all-patient_fc-wpli_finetune_seed13_pre20_proj32_mask0_03_noise0_02_mlp1_0_sup100,True,barlow,fc-wpli,all-patient,True,13,1.0,0.1,32,0.03,0.02
multimodal_psd-fc-wpli_gated_cnn,14,sub22,sub01;sub05;sub07;sub08;sub09;sub10;sub11;sub13;sub14;sub15;sub16;sub17;sub18;sub20;sub27;sub28;sub29,sub24,58,0.0019652186892926693,0.006394183728843927,0.002,1e-05,1.0,1.0,True,False,multimodal,psd-fc-wpli,gated,cnn,True,finetune,segssl_barlow_all-patient_fc-wpli_finetune_seed13_pre20_proj32_mask0_03_noise0_02_mlp1_0_sup100,True,barlow,fc-wpli,all-patient,True,13,1.0,0.1,32,0.03,0.02
multimodal_psd-fc-wpli_gated_cnn,14,sub22,sub01;sub05;sub07;sub08;sub09;sub10;sub11;sub13;sub14;sub15;sub16;sub17;sub18;sub20;sub27;sub28;sub29,sub24,59,0.0018052373779937625,0.006030037067830563,0.002,1e-05,1.0,1.0,True,False,multimodal,psd-fc-wpli,gated,cnn,True,finetune,segssl_barlow_all-patient_fc-wpli_finetune_seed13_pre20_proj32_mask0_03_noise0_02_mlp1_0_sup100,True,barlow,fc-wpli,all-patient,True,13,1.0,0.1,32,0.03,0.02
multimodal_psd-fc-wpli_gated_cnn,14,sub22,sub01;sub05;sub07;sub08;sub09;sub10;sub11;sub13;sub14;sub15;sub16;sub17;sub18;sub20;sub27;sub28;sub29,sub24,60,0.0016648980090394616,0.005716279149055481,0.002,1e-05,1.0,1.0,True,False,multimodal,psd-fc-wpli,gated,cnn,True,finetune,segssl_barlow_all-patient_fc-wpli_finetune_seed13_pre20_proj32_mask0_03_noise0_02_mlp1_0_sup100,True,barlow,fc-wpli,all-patient,True,13,1.0,0.1,32,0.03,0.02
multimodal_psd-fc-wpli_gated_cnn,14,sub22,sub01;sub05;sub07;sub08;sub09;sub10;sub11;sub13;sub14;sub15;sub16;sub17;sub18;sub20;sub27;sub28;sub29,sub24,61,0.0015414395602419972,0.00544246518984437,0.002,1e-05,1.0,1.0,True,False,multimodal,psd-fc-wpli,gated,cnn,True,finetune,segssl_barlow_all-patient_fc-wpli_finetune_seed13_pre20_proj32_mask0_03_noise0_02_mlp1_0_sup100,True,barlow,fc-wpli,all-patient,True,13,1.0,0.1,32,0.03,0.02
multimodal_psd-fc-wpli_gated_cnn,14,sub22,sub01;sub05;sub07;sub08;sub09;sub10;sub11;sub13;sub14;sub15;sub16;sub17;sub18;sub20;sub27;sub28;sub29,sub24,62,0.001432558405213058,0.0052001881413161755,0.002,1e-05,1.0,1.0,True,False,multimodal,psd-fc-wpli,gated,cnn,True,finetune,segssl_barlow_all-patient_fc-wpli_finetune_seed13_pre20_proj32_mask0_03_noise0_02_mlp1_0_sup100,True,barlow,fc-wpli,all-patient,True,13,1.0,0.1,32,0.03,0.02
multimodal_psd-fc-wpli_gated_cnn,14,sub22,sub01;sub05;sub07;sub08;sub09;sub10;sub11;sub13;sub14;sub15;sub16;sub17;sub18;sub20;sub27;sub28;sub29,sub24,63,0.0013362758327275515,0.004984377417713404,0.002,1e-05,1.0,1.0,True,False,multimodal,psd-fc-wpli,gated,cnn,True,finetune,segssl_barlow_all-patient_fc-wpli_finetune_seed13_pre20_proj32_mask0_03_noise0_02_mlp1_0_sup100,True,barlow,fc-wpli,all-patient,True,13,1.0,0.1,32,0.03,0.02
multimodal_psd-fc-wpli_gated_cnn,14,sub22,sub01;sub05;sub07;sub08;sub09;sub10;sub11;sub13;sub14;sub15;sub16;sub17;sub18;sub20;sub27;sub28;sub29,sub24,64,0.0012509222142398357,0.004790536593645811,0.002,1e-05,1.0,1.0,True,False,multimodal,psd-fc-wpli,gated,cnn,True,finetune,segssl_barlow_all-patient_fc-wpli_finetune_seed13_pre20_proj32_mask0_03_noise0_02_mlp1_0_sup100,True,barlow,fc-wpli,all-patient,True,13,1.0,0.1,32,0.03,0.02
multimodal_psd-fc-wpli_gated_cnn,14,sub22,sub01;sub05;sub07;sub08;sub09;sub10;sub11;sub13;sub14;sub15;sub16;sub17;sub18;sub20;sub27;sub28;sub29,sub24,65,0.0011752501595765352,0.00461541349068284,0.002,1e-05,1.0,1.0,True,False,multimodal,psd-fc-wpli,gated,cnn,True,finetune,segssl_barlow_all-patient_fc-wpli_finetune_seed13_pre20_proj32_mask0_03_noise0_02_mlp1_0_sup100,True,barlow,fc-wpli,all-patient,True,13,1.0,0.1,32,0.03,0.02
multimodal_psd-fc-wpli_gated_cnn,14,sub22,sub01;sub05;sub07;sub08;sub09;sub10;sub11;sub13;sub14;sub15;sub16;sub17;sub18;sub20;sub27;sub28;sub29,sub24,66,0.001107970136217773,0.004455271176993847,0.002,1e-05,1.0,1.0,True,False,multimodal,psd-fc-wpli,gated,cnn,True,finetune,segssl_barlow_all-patient_fc-wpli_finetune_seed13_pre20_proj32_mask0_03_noise0_02_mlp1_0_sup100,True,barlow,fc-wpli,all-patient,True,13,1.0,0.1,32,0.03,0.02
multimodal_psd-fc-wpli_gated_cnn,14,sub22,sub01;sub05;sub07;sub08;sub09;sub10;sub11;sub13;sub14;sub15;sub16;sub17;sub18;sub20;sub27;sub28;sub29,sub24,67,0.0010480984346941113,0.004307385999709368,0.002,1e-05,1.0,1.0,True,False,multimodal,psd-fc-wpli,gated,cnn,True,finetune,segssl_barlow_all-patient_fc-wpli_finetune_seed13_pre20_proj32_mask0_03_noise0_02_mlp1_0_sup100,True,barlow,fc-wpli,all-patient,True,13,1.0,0.1,32,0.03,0.02
multimodal_psd-fc-wpli_gated_cnn,14,sub22,sub01;sub05;sub07;sub08;sub09;sub10;sub11;sub13;sub14;sub15;sub16;sub17;sub18;sub20;sub27;sub28;sub29,sub24,68,0.0009946906939148903,0.004170122556388378,0.002,1e-05,1.0,1.0,True,False,multimodal,psd-fc-wpli,gated,cnn,True,finetune,segssl_barlow_all-patient_fc-wpli_finetune_seed13_pre20_proj32_mask0_03_noise0_02_mlp1_0_sup100,True,barlow,fc-wpli,all-patient,True,13,1.0,0.1,32,0.03,0.02
multimodal_psd-fc-wpli_gated_cnn,14,sub22,sub01;sub05;sub07;sub08;sub09;sub10;sub11;sub13;sub14;sub15;sub16;sub17;sub18;sub20;sub27;sub28;sub29,sub24,69,0.0009469078504480422,0.004042665008455515,0.002,1e-05,1.0,1.0,True,False,multimodal,psd-fc-wpli,gated,cnn,True,finetune,segssl_barlow_all-patient_fc-wpli_finetune_seed13_pre20_proj32_mask0_03_noise0_02_mlp1_0_sup100,True,barlow,fc-wpli,all-patient,True,13,1.0,0.1,32,0.03,0.02
multimodal_psd-fc-wpli_gated_cnn,14,sub22,sub01;sub05;sub07;sub08;sub09;sub10;sub11;sub13;sub14;sub15;sub16;sub17;sub18;sub20;sub27;sub28;sub29,sub24,70,0.0009042237070389092,0.00392403919249773,0.002,1e-05,1.0,1.0,True,False,multimodal,psd-fc-wpli,gated,cnn,True,finetune,segssl_barlow_all-patient_fc-wpli_finetune_seed13_pre20_proj32_mask0_03_noise0_02_mlp1_0_sup100,True,barlow,fc-wpli,all-patient,True,13,1.0,0.1,32,0.03,0.02
multimodal_psd-fc-wpli_gated_cnn,14,sub22,sub01;sub05;sub07;sub08;sub09;sub10;sub11;sub13;sub14;sub15;sub16;sub17;sub18;sub20;sub27;sub28;sub29,sub24,71,0.0008658860460855067,0.0038147931918501854,0.002,1e-05,1.0,1.0,True,False,multimodal,psd-fc-wpli,gated,cnn,True,finetune,segssl_barlow_all-patient_fc-wpli_finetune_seed13_pre20_proj32_mask0_03_noise0_02_mlp1_0_sup100,True,barlow,fc-wpli,all-patient,True,13,1.0,0.1,32,0.03,0.02
multimodal_psd-fc-wpli_gated_cnn,14,sub22,sub01;sub05;sub07;sub08;sub09;sub10;sub11;sub13;sub14;sub15;sub16;sub17;sub18;sub20;sub27;sub28;sub29,sub24,72,0.0008313469588756561,0.0037107509560883045,0.002,1e-05,1.0,1.0,True,False,multimodal,psd-fc-wpli,gated,cnn,True,finetune,segssl_barlow_all-patient_fc-wpli_finetune_seed13_pre20_proj32_mask0_03_noise0_02_mlp1_0_sup100,True,barlow,fc-wpli,all-patient,True,13,1.0,0.1,32,0.03,0.02
multimodal_psd-fc-wpli_gated_cnn,14,sub22,sub01;sub05;sub07;sub08;sub09;sub10;sub11;sub13;sub14;sub15;sub16;sub17;sub18;sub20;sub27;sub28;sub29,sub24,73,0.0008001582464203238,0.003611417720094323,0.002,1e-05,1.0,1.0,True,False,multimodal,psd-fc-wpli,gated,cnn,True,finetune,segssl_barlow_all-patient_fc-wpli_finetune_seed13_pre20_proj32_mask0_03_noise0_02_mlp1_0_sup100,True,barlow,fc-wpli,all-patient,True,13,1.0,0.1,32,0.03,0.02
multimodal_psd-fc-wpli_gated_cnn,14,sub22,sub01;sub05;sub07;sub08;sub09;sub10;sub11;sub13;sub14;sub15;sub16;sub17;sub18;sub20;sub27;sub28;sub29,sub24,74,0.0007718261913396418,0.003516501048579812,0.002,1e-05,1.0,1.0,True,False,multimodal,psd-fc-wpli,gated,cnn,True,finetune,segssl_barlow_all-patient_fc-wpli_finetune_seed13_pre20_proj32_mask0_03_noise0_02_mlp1_0_sup100,True,barlow,fc-wpli,all-patient,True,13,1.0,0.1,32,0.03,0.02
multimodal_psd-fc-wpli_gated_cnn,14,sub22,sub01;sub05;sub07;sub08;sub09;sub10;sub11;sub13;sub14;sub15;sub16;sub17;sub18;sub20;sub27;sub28;sub29,sub24,75,0.0007460088818334043,0.0034254819620400667,0.002,1e-05,1.0,1.0,True,False,multimodal,psd-fc-wpli,gated,cnn,True,finetune,segssl_barlow_all-patient_fc-wpli_finetune_seed13_pre20_proj32_mask0_03_noise0_02_mlp1_0_sup100,True,barlow,fc-wpli,all-patient,True,13,1.0,0.1,32,0.03,0.02
multimodal_psd-fc-wpli_gated_cnn,14,sub22,sub01;sub05;sub07;sub08;sub09;sub10;sub11;sub13;sub14;sub15;sub16;sub17;sub18;sub20;sub27;sub28;sub29,sub24,76,0.0007224651635624468,0.0033382491674274206,0.002,1e-05,1.0,1.0,True,False,multimodal,psd-fc-wpli,gated,cnn,True,finetune,segssl_barlow_all-patient_fc-wpli_finetune_seed13_pre20_proj32_mask0_03_noise0_02_mlp1_0_sup100,True,barlow,fc-wpli,all-patient,True,13,1.0,0.1,32,0.03,0.02
multimodal_psd-fc-wpli_gated_cnn,14,sub22,sub01;sub05;sub07;sub08;sub09;sub10;sub11;sub13;sub14;sub15;sub16;sub17;sub18;sub20;sub27;sub28;sub29,sub24,77,0.000700854230672121,0.0032545386347919703,0.002,1e-05,1.0,1.0,True,False,multimodal,psd-fc-wpli,gated,cnn,True,finetune,segssl_barlow_all-patient_fc-wpli_finetune_seed13_pre20_proj32_mask0_03_noise0_02_mlp1_0_sup100,True,barlow,fc-wpli,all-patient,True,13,1.0,0.1,32,0.03,0.02
multimodal_psd-fc-wpli_gated_cnn,14,sub22,sub01;sub05;sub07;sub08;sub09;sub10;sub11;sub13;sub14;sub15;sub16;sub17;sub18;sub20;sub27;sub28;sub29,sub24,78,0.0006809878977946937,0.003174268174916506,0.002,1e-05,1.0,1.0,True,False,multimodal,psd-fc-wpli,gated,cnn,True,finetune,segssl_barlow_all-patient_fc-wpli_finetune_seed13_pre20_proj32_mask0_03_noise0_02_mlp1_0_sup100,True,barlow,fc-wpli,all-patient,True,13,1.0,0.1,32,0.03,0.02
multimodal_psd-fc-wpli_gated_cnn,14,sub22,sub01;sub05;sub07;sub08;sub09;sub10;sub11;sub13;sub14;sub15;sub16;sub17;sub18;sub20;sub27;sub28;sub29,sub24,79,0.0006626279791817069,0.0030971721280366182,0.002,1e-05,1.0,1.0,True,False,multimodal,psd-fc-wpli,gated,cnn,True,finetune,segssl_barlow_all-patient_fc-wpli_finetune_seed13_pre20_proj32_mask0_03_noise0_02_mlp1_0_sup100,True,barlow,fc-wpli,all-patient,True,13,1.0,0.1,32,0.03,0.02
multimodal_psd-fc-wpli_gated_cnn,14,sub22,sub01;sub05;sub07;sub08;sub09;sub10;sub11;sub13;sub14;sub15;sub16;sub17;sub18;sub20;sub27;sub28;sub29,sub24,80,0.0006455511902458966,0.0030230795964598656,0.002,1e-05,1.0,1.0,True,False,multimodal,psd-fc-wpli,gated,cnn,True,finetune,segssl_barlow_all-patient_fc-wpli_finetune_seed13_pre20_proj32_mask0_03_noise0_02_mlp1_0_sup100,True,barlow,fc-wpli,all-patient,True,13,1.0,0.1,32,0.03,0.02
multimodal_psd-fc-wpli_gated_cnn,14,sub22,sub01;sub05;sub07;sub08;sub09;sub10;sub11;sub13;sub14;sub15;sub16;sub17;sub18;sub20;sub27;sub28;sub29,sub24,81,0.0006296753999777138,0.0029519556555896997,0.002,1e-05,1.0,1.0,True,False,multimodal,psd-fc-wpli,gated,cnn,True,finetune,segssl_barlow_all-patient_fc-wpli_finetune_seed13_pre20_proj32_mask0_03_noise0_02_mlp1_0_sup100,True,barlow,fc-wpli,all-patient,True,13,1.0,0.1,32,0.03,0.02
multimodal_psd-fc-wpli_gated_cnn,14,sub22,sub01;sub05;sub07;sub08;sub09;sub10;sub11;sub13;sub14;sub15;sub16;sub17;sub18;sub20;sub27;sub28;sub29,sub24,82,0.0006148023530840874,0.002883647568523884,0.002,1e-05,1.0,1.0,True,False,multimodal,psd-fc-wpli,gated,cnn,True,finetune,segssl_barlow_all-patient_fc-wpli_finetune_seed13_pre20_proj32_mask0_03_noise0_02_mlp1_0_sup100,True,barlow,fc-wpli,all-patient,True,13,1.0,0.1,32,0.03,0.02
multimodal_psd-fc-wpli_gated_cnn,14,sub22,sub01;sub05;sub07;sub08;sub09;sub10;sub11;sub13;sub14;sub15;sub16;sub17;sub18;sub20;sub27;sub28;sub29,sub24,83,0.0006008960190229118,0.002817910397425294,0.002,1e-05,1.0,1.0,True,False,multimodal,psd-fc-wpli,gated,cnn,True,finetune,segssl_barlow_all-patient_fc-wpli_finetune_seed13_pre20_proj32_mask0_03_noise0_02_mlp1_0_sup100,True,barlow,fc-wpli,all-patient,True,13,1.0,0.1,32,0.03,0.02
multimodal_psd-fc-wpli_gated_cnn,14,sub22,sub01;sub05;sub07;sub08;sub09;sub10;sub11;sub13;sub14;sub15;sub16;sub17;sub18;sub20;sub27;sub28;sub29,sub24,84,0.0005878296797163785,0.0027547453064471483,0.002,1e-05,1.0,1.0,True,False,multimodal,psd-fc-wpli,gated,cnn,True,finetune,segssl_barlow_all-patient_fc-wpli_finetune_seed13_pre20_proj32_mask0_03_noise0_02_mlp1_0_sup100,True,barlow,fc-wpli,all-patient,True,13,1.0,0.1,32,0.03,0.02
multimodal_psd-fc-wpli_gated_cnn,14,sub22,sub01;sub05;sub07;sub08;sub09;sub10;sub11;sub13;sub14;sub15;sub16;sub17;sub18;sub20;sub27;sub28;sub29,sub24,85,0.0005754992016591132,0.0026940808165818453,0.002,1e-05,1.0,1.0,True,False,multimodal,psd-fc-wpli,gated,cnn,True,finetune,segssl_barlow_all-patient_fc-wpli_finetune_seed13_pre20_proj32_mask0_03_noise0_02_mlp1_0_sup100,True,barlow,fc-wpli,all-patient,True,13,1.0,0.1,32,0.03,0.02
multimodal_psd-fc-wpli_gated_cnn,14,sub22,sub01;sub05;sub07;sub08;sub09;sub10;sub11;sub13;sub14;sub15;sub16;sub17;sub18;sub20;sub27;sub28;sub29,sub24,86,0.0005638610455207527,0.002635994926095009,0.002,1e-05,1.0,1.0,True,False,multimodal,psd-fc-wpli,gated,cnn,True,finetune,segssl_barlow_all-patient_fc-wpli_finetune_seed13_pre20_proj32_mask0_03_noise0_02_mlp1_0_sup100,True,barlow,fc-wpli,all-patient,True,13,1.0,0.1,32,0.03,0.02
multimodal_psd-fc-wpli_gated_cnn,14,sub22,sub01;sub05;sub07;sub08;sub09;sub10;sub11;sub13;sub14;sub15;sub16;sub17;sub18;sub20;sub27;sub28;sub29,sub24,87,0.0005528442561626434,0.00258033350110054,0.002,1e-05,1.0,1.0,True,False,multimodal,psd-fc-wpli,gated,cnn,True,finetune,segssl_barlow_all-patient_fc-wpli_finetune_seed13_pre20_proj32_mask0_03_noise0_02_mlp1_0_sup100,True,barlow,fc-wpli,all-patient,True,13,1.0,0.1,32,0.03,0.02
multimodal_psd-fc-wpli_gated_cnn,14,sub22,sub01;sub05;sub07;sub08;sub09;sub10;sub11;sub13;sub14;sub15;sub16;sub17;sub18;sub20;sub27;sub28;sub29,sub24,88,0.0005424122791737318,0.0025270513724535704,0.002,1e-05,1.0,1.0,True,False,multimodal,psd-fc-wpli,gated,cnn,True,finetune,segssl_barlow_all-patient_fc-wpli_finetune_seed13_pre20_proj32_mask0_03_noise0_02_mlp1_0_sup100,True,barlow,fc-wpli,all-patient,True,13,1.0,0.1,32,0.03,0.02
multimodal_psd-fc-wpli_gated_cnn,14,sub22,sub01;sub05;sub07;sub08;sub09;sub10;sub11;sub13;sub14;sub15;sub16;sub17;sub18;sub20;sub27;sub28;sub29,sub24,89,0.0005324864177964628,0.0024759797379374504,0.002,1e-05,1.0,1.0,True,False,multimodal,psd-fc-wpli,gated,cnn,True,finetune,segssl_barlow_all-patient_fc-wpli_finetune_seed13_pre20_proj32_mask0_03_noise0_02_mlp1_0_sup100,True,barlow,fc-wpli,all-patient,True,13,1.0,0.1,32,0.03,0.02
multimodal_psd-fc-wpli_gated_cnn,14,sub22,sub01;sub05;sub07;sub08;sub09;sub10;sub11;sub13;sub14;sub15;sub16;sub17;sub18;sub20;sub27;sub28;sub29,sub24,90,0.0005230500246398151,0.0024270752910524607,0.002,1e-05,1.0,1.0,True,False,multimodal,psd-fc-wpli,gated,cnn,True,finetune,segssl_barlow_all-patient_fc-wpli_finetune_seed13_pre20_proj32_mask0_03_noise0_02_mlp1_0_sup100,True,barlow,fc-wpli,all-patient,True,13,1.0,0.1,32,0.03,0.02
multimodal_psd-fc-wpli_gated_cnn,14,sub22,sub01;sub05;sub07;sub08;sub09;sub10;sub11;sub13;sub14;sub15;sub16;sub17;sub18;sub20;sub27;sub28;sub29,sub24,91,0.0005140759749338031,0.002380113583058119,0.002,1e-05,1.0,1.0,True,False,multimodal,psd-fc-wpli,gated,cnn,True,finetune,segssl_barlow_all-patient_fc-wpli_finetune_seed13_pre20_proj32_mask0_03_noise0_02_mlp1_0_sup100,True,barlow,fc-wpli,all-patient,True,13,1.0,0.1,32,0.03,0.02
multimodal_psd-fc-wpli_gated_cnn,14,sub22,sub01;sub05;sub07;sub08;sub09;sub10;sub11;sub13;sub14;sub15;sub16;sub17;sub18;sub20;sub27;sub28;sub29,sub24,92,0.0005055235233157873,0.0023351237177848816,0.002,1e-05,1.0,1.0,True,False,multimodal,psd-fc-wpli,gated,cnn,True,finetune,segssl_barlow_all-patient_fc-wpli_finetune_seed13_pre20_proj32_mask0_03_noise0_02_mlp1_0_sup100,True,barlow,fc-wpli,all-patient,True,13,1.0,0.1,32,0.03,0.02
multimodal_psd-fc-wpli_gated_cnn,14,sub22,sub01;sub05;sub07;sub08;sub09;sub10;sub11;sub13;sub14;sub15;sub16;sub17;sub18;sub20;sub27;sub28;sub29,sub24,93,0.0004973460454493761,0.002292092889547348,0.002,1e-05,1.0,1.0,True,False,multimodal,psd-fc-wpli,gated,cnn,True,finetune,segssl_barlow_all-patient_fc-wpli_finetune_seed13_pre20_proj32_mask0_03_noise0_02_mlp1_0_sup100,True,barlow,fc-wpli,all-patient,True,13,1.0,0.1,32,0.03,0.02
multimodal_psd-fc-wpli_gated_cnn,14,sub22,sub01;sub05;sub07;sub08;sub09;sub10;sub11;sub13;sub14;sub15;sub16;sub17;sub18;sub20;sub27;sub28;sub29,sub24,94,0.0004895059973932803,0.0022509892005473375,0.002,1e-05,1.0,1.0,True,False,multimodal,psd-fc-wpli,gated,cnn,True,finetune,segssl_barlow_all-patient_fc-wpli_finetune_seed13_pre20_proj32_mask0_03_noise0_02_mlp1_0_sup100,True,barlow,fc-wpli,all-patient,True,13,1.0,0.1,32,0.03,0.02
multimodal_psd-fc-wpli_gated_cnn,14,sub22,sub01;sub05;sub07;sub08;sub09;sub10;sub11;sub13;sub14;sub15;sub16;sub17;sub18;sub20;sub27;sub28;sub29,sub24,95,0.0004819896712433547,0.0022117323242127895,0.002,1e-05,1.0,1.0,True,False,multimodal,psd-fc-wpli,gated,cnn,True,finetune,segssl_barlow_all-patient_fc-wpli_finetune_seed13_pre20_proj32_mask0_03_noise0_02_mlp1_0_sup100,True,barlow,fc-wpli,all-patient,True,13,1.0,0.1,32,0.03,0.02
multimodal_psd-fc-wpli_gated_cnn,14,sub22,sub01;sub05;sub07;sub08;sub09;sub10;sub11;sub13;sub14;sub15;sub16;sub17;sub18;sub20;sub27;sub28;sub29,sub24,96,0.0004747409257106483,0.0021742184180766344,0.002,1e-05,1.0,1.0,True,False,multimodal,psd-fc-wpli,gated,cnn,True,finetune,segssl_barlow_all-patient_fc-wpli_finetune_seed13_pre20_proj32_mask0_03_noise0_02_mlp1_0_sup100,True,barlow,fc-wpli,all-patient,True,13,1.0,0.1,32,0.03,0.02
multimodal_psd-fc-wpli_gated_cnn,14,sub22,sub01;sub05;sub07;sub08;sub09;sub10;sub11;sub13;sub14;sub15;sub16;sub17;sub18;sub20;sub27;sub28;sub29,sub24,97,0.00046778543037362397,0.002138422569260001,0.002,1e-05,1.0,1.0,True,False,multimodal,psd-fc-wpli,gated,cnn,True,finetune,segssl_barlow_all-patient_fc-wpli_finetune_seed13_pre20_proj32_mask0_03_noise0_02_mlp1_0_sup100,True,barlow,fc-wpli,all-patient,True,13,1.0,0.1,32,0.03,0.02
multimodal_psd-fc-wpli_gated_cnn,14,sub22,sub01;sub05;sub07;sub08;sub09;sub10;sub11;sub13;sub14;sub15;sub16;sub17;sub18;sub20;sub27;sub28;sub29,sub24,98,0.0004610847681760788,0.0021042185835540295,0.002,1e-05,1.0,1.0,True,False,multimodal,psd-fc-wpli,gated,cnn,True,finetune,segssl_barlow_all-patient_fc-wpli_finetune_seed13_pre20_proj32_mask0_03_noise0_02_mlp1_0_sup100,True,barlow,fc-wpli,all-patient,True,13,1.0,0.1,32,0.03,0.02
multimodal_psd-fc-wpli_gated_cnn,14,sub22,sub01;sub05;sub07;sub08;sub09;sub10;sub11;sub13;sub14;sub15;sub16;sub17;sub18;sub20;sub27;sub28;sub29,sub24,99,0.0004546238051261753,0.0020715692080557346,0.002,1e-05,1.0,1.0,True,False,multimodal,psd-fc-wpli,gated,cnn,True,finetune,segssl_barlow_all-patient_fc-wpli_finetune_seed13_pre20_proj32_mask0_03_noise0_02_mlp1_0_sup100,True,barlow,fc-wpli,all-patient,True,13,1.0,0.1,32,0.03,0.02
multimodal_psd-fc-wpli_gated_cnn,14,sub22,sub01;sub05;sub07;sub08;sub09;sub10;sub11;sub13;sub14;sub15;sub16;sub17;sub18;sub20;sub27;sub28;sub29,sub24,100,0.00044840664486400783,0.0020404618699103594,0.002,1e-05,1.0,1.0,True,False,multimodal,psd-fc-wpli,gated,cnn,True,finetune,segssl_barlow_all-patient_fc-wpli_finetune_seed13_pre20_proj32_mask0_03_noise0_02_mlp1_0_sup100,True,barlow,fc-wpli,all-patient,True,13,1.0,0.1,32,0.03,0.02
multimodal_psd-fc-wpli_gated_cnn,15,sub24,sub01;sub05;sub07;sub08;sub09;sub10;sub11;sub13;sub14;sub15;sub16;sub17;sub18;sub20;sub22;sub28;sub29,sub27,1,0.6961684226989746,0.7212648987770081,0.002,1e-05,1.0,1.0,True,False,multimodal,psd-fc-wpli,gated,cnn,True,finetune,segssl_barlow_all-patient_fc-wpli_finetune_seed13_pre20_proj32_mask0_03_noise0_02_mlp1_0_sup100,True,barlow,fc-wpli,all-patient,True,13,1.0,0.1,32,0.03,0.02
multimodal_psd-fc-wpli_gated_cnn,15,sub24,sub01;sub05;sub07;sub08;sub09;sub10;sub11;sub13;sub14;sub15;sub16;sub17;sub18;sub20;sub22;sub28;sub29,sub27,2,0.6881316304206848,0.713978111743927,0.002,1e-05,1.0,1.0,True,False,multimodal,psd-fc-wpli,gated,cnn,True,finetune,segssl_barlow_all-patient_fc-wpli_finetune_seed13_pre20_proj32_mask0_03_noise0_02_mlp1_0_sup100,True,barlow,fc-wpli,all-patient,True,13,1.0,0.1,32,0.03,0.02
multimodal_psd-fc-wpli_gated_cnn,15,sub24,sub01;sub05;sub07;sub08;sub09;sub10;sub11;sub13;sub14;sub15;sub16;sub17;sub18;sub20;sub22;sub28;sub29,sub27,3,0.6812134981155396,0.7050848007202148,0.002,1e-05,1.0,1.0,True,False,multimodal,psd-fc-wpli,gated,cnn,True,finetune,segssl_barlow_all-patient_fc-wpli_finetune_seed13_pre20_proj32_mask0_03_noise0_02_mlp1_0_sup100,True,barlow,fc-wpli,all-patient,True,13,1.0,0.1,32,0.03,0.02
multimodal_psd-fc-wpli_gated_cnn,15,sub24,sub01;sub05;sub07;sub08;sub09;sub10;sub11;sub13;sub14;sub15;sub16;sub17;sub18;sub20;sub22;sub28;sub29,sub27,4,0.6741551160812378,0.694513738155365,0.002,1e-05,1.0,1.0,True,False,multimodal,psd-fc-wpli,gated,cnn,True,finetune,segssl_barlow_all-patient_fc-wpli_finetune_seed13_pre20_proj32_mask0_03_noise0_02_mlp1_0_sup100,True,barlow,fc-wpli,all-patient,True,13,1.0,0.1,32,0.03,0.02
multimodal_psd-fc-wpli_gated_cnn,15,sub24,sub01;sub05;sub07;sub08;sub09;sub10;sub11;sub13;sub14;sub15;sub16;sub17;sub18;sub20;sub22;sub28;sub29,sub27,5,0.666578471660614,0.6827437281608582,0.002,1e-05,1.0,1.0,True,False,multimodal,psd-fc-wpli,gated,cnn,True,finetune,segssl_barlow_all-patient_fc-wpli_finetune_seed13_pre20_proj32_mask0_03_noise0_02_mlp1_0_sup100,True,barlow,fc-wpli,all-patient,True,13,1.0,0.1,32,0.03,0.02
multimodal_psd-fc-wpli_gated_cnn,15,sub24,sub01;sub05;sub07;sub08;sub09;sub10;sub11;sub13;sub14;sub15;sub16;sub17;sub18;sub20;sub22;sub28;sub29,sub27,6,0.6583753228187561,0.6694200038909912,0.002,1e-05,1.0,1.0,True,False,multimodal,psd-fc-wpli,gated,cnn,True,finetune,segssl_barlow_all-patient_fc-wpli_finetune_seed13_pre20_proj32_mask0_03_noise0_02_mlp1_0_sup100,True,barlow,fc-wpli,all-patient,True,13,1.0,0.1,32,0.03,0.02
multimodal_psd-fc-wpli_gated_cnn,15,sub24,sub01;sub05;sub07;sub08;sub09;sub10;sub11;sub13;sub14;sub15;sub16;sub17;sub18;sub20;sub22;sub28;sub29,sub27,7,0.649385392665863,0.6541677117347717,0.002,1e-05,1.0,1.0,True,False,multimodal,psd-fc-wpli,gated,cnn,True,finetune,segssl_barlow_all-patient_fc-wpli_finetune_seed13_pre20_proj32_mask0_03_noise0_02_mlp1_0_sup100,True,barlow,fc-wpli,all-patient,True,13,1.0,0.1,32,0.03,0.02
multimodal_psd-fc-wpli_gated_cnn,15,sub24,sub01;sub05;sub07;sub08;sub09;sub10;sub11;sub13;sub14;sub15;sub16;sub17;sub18;sub20;sub22;sub28;sub29,sub27,8,0.6395922303199768,0.6373308897018433,0.002,1e-05,1.0,1.0,True,False,multimodal,psd-fc-wpli,gated,cnn,True,finetune,segssl_barlow_all-patient_fc-wpli_finetune_seed13_pre20_proj32_mask0_03_noise0_02_mlp1_0_sup100,True,barlow,fc-wpli,all-patient,True,13,1.0,0.1,32,0.03,0.02
multimodal_psd-fc-wpli_gated_cnn,15,sub24,sub01;sub05;sub07;sub08;sub09;sub10;sub11;sub13;sub14;sub15;sub16;sub17;sub18;sub20;sub22;sub28;sub29,sub27,9,0.6288121342658997,0.619785726070404,0.002,1e-05,1.0,1.0,True,False,multimodal,psd-fc-wpli,gated,cnn,True,finetune,segssl_barlow_all-patient_fc-wpli_finetune_seed13_pre20_proj32_mask0_03_noise0_02_mlp1_0_sup100,True,barlow,fc-wpli,all-patient,True,13,1.0,0.1,32,0.03,0.02
multimodal_psd-fc-wpli_gated_cnn,15,sub24,sub01;sub05;sub07;sub08;sub09;sub10;sub11;sub13;sub14;sub15;sub16;sub17;sub18;sub20;sub22;sub28;sub29,sub27,10,0.6171543002128601,0.6018003225326538,0.002,1e-05,1.0,1.0,True,False,multimodal,psd-fc-wpli,gated,cnn,True,finetune,segssl_barlow_all-patient_fc-wpli_finetune_seed13_pre20_proj32_mask0_03_noise0_02_mlp1_0_sup100,True,barlow,fc-wpli,all-patient,True,13,1.0,0.1,32,0.03,0.02
multimodal_psd-fc-wpli_gated_cnn,15,sub24,sub01;sub05;sub07;sub08;sub09;sub10;sub11;sub13;sub14;sub15;sub16;sub17;sub18;sub20;sub22;sub28;sub29,sub27,11,0.6046583652496338,0.5839411020278931,0.002,1e-05,1.0,1.0,True,False,multimodal,psd-fc-wpli,gated,cnn,True,finetune,segssl_barlow_all-patient_fc-wpli_finetune_seed13_pre20_proj32_mask0_03_noise0_02_mlp1_0_sup100,True,barlow,fc-wpli,all-patient,True,13,1.0,0.1,32,0.03,0.02
multimodal_psd-fc-wpli_gated_cnn,15,sub24,sub01;sub05;sub07;sub08;sub09;sub10;sub11;sub13;sub14;sub15;sub16;sub17;sub18;sub20;sub22;sub28;sub29,sub27,12,0.5913532972335815,0.5665323734283447,0.002,1e-05,1.0,1.0,True,False,multimodal,psd-fc-wpli,gated,cnn,True,finetune,segssl_barlow_all-patient_fc-wpli_finetune_seed13_pre20_proj32_mask0_03_noise0_02_mlp1_0_sup100,True,barlow,fc-wpli,all-patient,True,13,1.0,0.1,32,0.03,0.02
multimodal_psd-fc-wpli_gated_cnn,15,sub24,sub01;sub05;sub07;sub08;sub09;sub10;sub11;sub13;sub14;sub15;sub16;sub17;sub18;sub20;sub22;sub28;sub29,sub27,13,0.5772590041160583,0.5482106804847717,0.002,1e-05,1.0,1.0,True,False,multimodal,psd-fc-wpli,gated,cnn,True,finetune,segssl_barlow_all-patient_fc-wpli_finetune_seed13_pre20_proj32_mask0_03_noise0_02_mlp1_0_sup100,True,barlow,fc-wpli,all-patient,True,13,1.0,0.1,32,0.03,0.02
multimodal_psd-fc-wpli_gated_cnn,15,sub24,sub01;sub05;sub07;sub08;sub09;sub10;sub11;sub13;sub14;sub15;sub16;sub17;sub18;sub20;sub22;sub28;sub29,sub27,14,0.5622299909591675,0.5274404287338257,0.002,1e-05,1.0,1.0,True,False,multimodal,psd-fc-wpli,gated,cnn,True,finetune,segssl_barlow_all-patient_fc-wpli_finetune_seed13_pre20_proj32_mask0_03_noise0_02_mlp1_0_sup100,True,barlow,fc-wpli,all-patient,True,13,1.0,0.1,32,0.03,0.02
multimodal_psd-fc-wpli_gated_cnn,15,sub24,sub01;sub05;sub07;sub08;sub09;sub10;sub11;sub13;sub14;sub15;sub16;sub17;sub18;sub20;sub22;sub28;sub29,sub27,15,0.5461786985397339,0.5028164982795715,0.002,1e-05,1.0,1.0,True,False,multimodal,psd-fc-wpli,gated,cnn,True,finetune,segssl_barlow_all-patient_fc-wpli_finetune_seed13_pre20_proj32_mask0_03_noise0_02_mlp1_0_sup100,True,barlow,fc-wpli,all-patient,True,13,1.0,0.1,32,0.03,0.02
multimodal_psd-fc-wpli_gated_cnn,15,sub24,sub01;sub05;sub07;sub08;sub09;sub10;sub11;sub13;sub14;sub15;sub16;sub17;sub18;sub20;sub22;sub28;sub29,sub27,16,0.529187798500061,0.47228896617889404,0.002,1e-05,1.0,1.0,True,False,multimodal,psd-fc-wpli,gated,cnn,True,finetune,segssl_barlow_all-patient_fc-wpli_finetune_seed13_pre20_proj32_mask0_03_noise0_02_mlp1_0_sup100,True,barlow,fc-wpli,all-patient,True,13,1.0,0.1,32,0.03,0.02
multimodal_psd-fc-wpli_gated_cnn,15,sub24,sub01;sub05;sub07;sub08;sub09;sub10;sub11;sub13;sub14;sub15;sub16;sub17;sub18;sub20;sub22;sub28;sub29,sub27,17,0.5114542245864868,0.4365752935409546,0.002,1e-05,1.0,1.0,True,False,multimodal,psd-fc-wpli,gated,cnn,True,finetune,segssl_barlow_all-patient_fc-wpli_finetune_seed13_pre20_proj32_mask0_03_noise0_02_mlp1_0_sup100,True,barlow,fc-wpli,all-patient,True,13,1.0,0.1,32,0.03,0.02
multimodal_psd-fc-wpli_gated_cnn,15,sub24,sub01;sub05;sub07;sub08;sub09;sub10;sub11;sub13;sub14;sub15;sub16;sub17;sub18;sub20;sub22;sub28;sub29,sub27,18,0.4928168058395386,0.39758211374282837,0.002,1e-05,1.0,1.0,True,False,multimodal,psd-fc-wpli,gated,cnn,True,finetune,segssl_barlow_all-patient_fc-wpli_finetune_seed13_pre20_proj32_mask0_03_noise0_02_mlp1_0_sup100,True,barlow,fc-wpli,all-patient,True,13,1.0,0.1,32,0.03,0.02
multimodal_psd-fc-wpli_gated_cnn,15,sub24,sub01;sub05;sub07;sub08;sub09;sub10;sub11;sub13;sub14;sub15;sub16;sub17;sub18;sub20;sub22;sub28;sub29,sub27,19,0.4732227325439453,0.35732272267341614,0.002,1e-05,1.0,1.0,True,False,multimodal,psd-fc-wpli,gated,cnn,True,finetune,segssl_barlow_all-patient_fc-wpli_finetune_seed13_pre20_proj32_mask0_03_noise0_02_mlp1_0_sup100,True,barlow,fc-wpli,all-patient,True,13,1.0,0.1,32,0.03,0.02
multimodal_psd-fc-wpli_gated_cnn,15,sub24,sub01;sub05;sub07;sub08;sub09;sub10;sub11;sub13;sub14;sub15;sub16;sub17;sub18;sub20;sub22;sub28;sub29,sub27,20,0.4529403746128082,0.31786125898361206,0.002,1e-05,1.0,1.0,True,False,multimodal,psd-fc-wpli,gated,cnn,True,finetune,segssl_barlow_all-patient_fc-wpli_finetune_seed13_pre20_proj32_mask0_03_noise0_02_mlp1_0_sup100,True,barlow,fc-wpli,all-patient,True,13,1.0,0.1,32,0.03,0.02
multimodal_psd-fc-wpli_gated_cnn,15,sub24,sub01;sub05;sub07;sub08;sub09;sub10;sub11;sub13;sub14;sub15;sub16;sub17;sub18;sub20;sub22;sub28;sub29,sub27,21,0.431980699300766,0.27966979146003723,0.002,1e-05,1.0,1.0,True,False,multimodal,psd-fc-wpli,gated,cnn,True,finetune,segssl_barlow_all-patient_fc-wpli_finetune_seed13_pre20_proj32_mask0_03_noise0_02_mlp1_0_sup100,True,barlow,fc-wpli,all-patient,True,13,1.0,0.1,32,0.03,0.02
multimodal_psd-fc-wpli_gated_cnn,15,sub24,sub01;sub05;sub07;sub08;sub09;sub10;sub11;sub13;sub14;sub15;sub16;sub17;sub18;sub20;sub22;sub28;sub29,sub27,22,0.41013583540916443,0.24571922421455383,0.002,1e-05,1.0,1.0,True,False,multimodal,psd-fc-wpli,gated,cnn,True,finetune,segssl_barlow_all-patient_fc-wpli_finetune_seed13_pre20_proj32_mask0_03_noise0_02_mlp1_0_sup100,True,barlow,fc-wpli,all-patient,True,13,1.0,0.1,32,0.03,0.02
multimodal_psd-fc-wpli_gated_cnn,15,sub24,sub01;sub05;sub07;sub08;sub09;sub10;sub11;sub13;sub14;sub15;sub16;sub17;sub18;sub20;sub22;sub28;sub29,sub27,23,0.38779571652412415,0.21734705567359924,0.002,1e-05,1.0,1.0,True,False,multimodal,psd-fc-wpli,gated,cnn,True,finetune,segssl_barlow_all-patient_fc-wpli_finetune_seed13_pre20_proj32_mask0_03_noise0_02_mlp1_0_sup100,True,barlow,fc-wpli,all-patient,True,13,1.0,0.1,32,0.03,0.02
multimodal_psd-fc-wpli_gated_cnn,15,sub24,sub01;sub05;sub07;sub08;sub09;sub10;sub11;sub13;sub14;sub15;sub16;sub17;sub18;sub20;sub22;sub28;sub29,sub27,24,0.36531034111976624,0.1938246488571167,0.002,1e-05,1.0,1.0,True,False,multimodal,psd-fc-wpli,gated,cnn,True,finetune,segssl_barlow_all-patient_fc-wpli_finetune_seed13_pre20_proj32_mask0_03_noise0_02_mlp1_0_sup100,True,barlow,fc-wpli,all-patient,True,13,1.0,0.1,32,0.03,0.02
multimodal_psd-fc-wpli_gated_cnn,15,sub24,sub01;sub05;sub07;sub08;sub09;sub10;sub11;sub13;sub14;sub15;sub16;sub17;sub18;sub20;sub22;sub28;sub29,sub27,25,0.34270644187927246,0.17358297109603882,0.002,1e-05,1.0,1.0,True,False,multimodal,psd-fc-wpli,gated,cnn,True,finetune,segssl_barlow_all-patient_fc-wpli_finetune_seed13_pre20_proj32_mask0_03_noise0_02_mlp1_0_sup100,True,barlow,fc-wpli,all-patient,True,13,1.0,0.1,32,0.03,0.02
multimodal_psd-fc-wpli_gated_cnn,15,sub24,sub01;sub05;sub07;sub08;sub09;sub10;sub11;sub13;sub14;sub15;sub16;sub17;sub18;sub20;sub22;sub28;sub29,sub27,26,0.319966584444046,0.1554591953754425,0.002,1e-05,1.0,1.0,True,False,multimodal,psd-fc-wpli,gated,cnn,True,finetune,segssl_barlow_all-patient_fc-wpli_finetune_seed13_pre20_proj32_mask0_03_noise0_02_mlp1_0_sup100,True,barlow,fc-wpli,all-patient,True,13,1.0,0.1,32,0.03,0.02
multimodal_psd-fc-wpli_gated_cnn,15,sub24,sub01;sub05;sub07;sub08;sub09;sub10;sub11;sub13;sub14;sub15;sub16;sub17;sub18;sub20;sub22;sub28;sub29,sub27,27,0.29720231890678406,0.14057230949401855,0.002,1e-05,1.0,1.0,True,False,multimodal,psd-fc-wpli,gated,cnn,True,finetune,segssl_barlow_all-patient_fc-wpli_finetune_seed13_pre20_proj32_mask0_03_noise0_02_mlp1_0_sup100,True,barlow,fc-wpli,all-patient,True,13,1.0,0.1,32,0.03,0.02
multimodal_psd-fc-wpli_gated_cnn,15,sub24,sub01;sub05;sub07;sub08;sub09;sub10;sub11;sub13;sub14;sub15;sub16;sub17;sub18;sub20;sub22;sub28;sub29,sub27,28,0.2746336758136749,0.12827827036380768,0.002,1e-05,1.0,1.0,True,False,multimodal,psd-fc-wpli,gated,cnn,True,finetune,segssl_barlow_all-patient_fc-wpli_finetune_seed13_pre20_proj32_mask0_03_noise0_02_mlp1_0_sup100,True,barlow,fc-wpli,all-patient,True,13,1.0,0.1,32,0.03,0.02
multimodal_psd-fc-wpli_gated_cnn,15,sub24,sub01;sub05;sub07;sub08;sub09;sub10;sub11;sub13;sub14;sub15;sub16;sub17;sub18;sub20;sub22;sub28;sub29,sub27,29,0.252139151096344,0.11368824541568756,0.002,1e-05,1.0,1.0,True,False,multimodal,psd-fc-wpli,gated,cnn,True,finetune,segssl_barlow_all-patient_fc-wpli_finetune_seed13_pre20_proj32_mask0_03_noise0_02_mlp1_0_sup100,True,barlow,fc-wpli,all-patient,True,13,1.0,0.1,32,0.03,0.02
multimodal_psd-fc-wpli_gated_cnn,15,sub24,sub01;sub05;sub07;sub08;sub09;sub10;sub11;sub13;sub14;sub15;sub16;sub17;sub18;sub20;sub22;sub28;sub29,sub27,30,0.23007290065288544,0.09590323269367218,0.002,1e-05,1.0,1.0,True,False,multimodal,psd-fc-wpli,gated,cnn,True,finetune,segssl_barlow_all-patient_fc-wpli_finetune_seed13_pre20_proj32_mask0_03_noise0_02_mlp1_0_sup100,True,barlow,fc-wpli,all-patient,True,13,1.0,0.1,32,0.03,0.02
multimodal_psd-fc-wpli_gated_cnn,15,sub24,sub01;sub05;sub07;sub08;sub09;sub10;sub11;sub13;sub14;sub15;sub16;sub17;sub18;sub20;sub22;sub28;sub29,sub27,31,0.20833423733711243,0.08308995515108109,0.002,1e-05,1.0,1.0,True,False,multimodal,psd-fc-wpli,gated,cnn,True,finetune,segssl_barlow_all-patient_fc-wpli_finetune_seed13_pre20_proj32_mask0_03_noise0_02_mlp1_0_sup100,True,barlow,fc-wpli,all-patient,True,13,1.0,0.1,32,0.03,0.02
multimodal_psd-fc-wpli_gated_cnn,15,sub24,sub01;sub05;sub07;sub08;sub09;sub10;sub11;sub13;sub14;sub15;sub16;sub17;sub18;sub20;sub22;sub28;sub29,sub27,32,0.18711327016353607,0.07579825818538666,0.002,1e-05,1.0,1.0,True,False,multimodal,psd-fc-wpli,gated,cnn,True,finetune,segssl_barlow_all-patient_fc-wpli_finetune_seed13_pre20_proj32_mask0_03_noise0_02_mlp1_0_sup100,True,barlow,fc-wpli,all-patient,True,13,1.0,0.1,32,0.03,0.02
multimodal_psd-fc-wpli_gated_cnn,15,sub24,sub01;sub05;sub07;sub08;sub09;sub10;sub11;sub13;sub14;sub15;sub16;sub17;sub18;sub20;sub22;sub28;sub29,sub27,33,0.16643117368221283,0.06946313381195068,0.002,1e-05,1.0,1.0,True,False,multimodal,psd-fc-wpli,gated,cnn,True,finetune,segssl_barlow_all-patient_fc-wpli_finetune_seed13_pre20_proj32_mask0_03_noise0_02_mlp1_0_sup100,True,barlow,fc-wpli,all-patient,True,13,1.0,0.1,32,0.03,0.02
multimodal_psd-fc-wpli_gated_cnn,15,sub24,sub01;sub05;sub07;sub08;sub09;sub10;sub11;sub13;sub14;sub15;sub16;sub17;sub18;sub20;sub22;sub28;sub29,sub27,34,0.1468306928873062,0.0614059716463089,0.002,1e-05,1.0,1.0,True,False,multimodal,psd-fc-wpli,gated,cnn,True,finetune,segssl_barlow_all-patient_fc-wpli_finetune_seed13_pre20_proj32_mask0_03_noise0_02_mlp1_0_sup100,True,barlow,fc-wpli,all-patient,True,13,1.0,0.1,32,0.03,0.02
multimodal_psd-fc-wpli_gated_cnn,15,sub24,sub01;sub05;sub07;sub08;sub09;sub10;sub11;sub13;sub14;sub15;sub16;sub17;sub18;sub20;sub22;sub28;sub29,sub27,35,0.12837275862693787,0.05222325772047043,0.002,1e-05,1.0,1.0,True,False,multimodal,psd-fc-wpli,gated,cnn,True,finetune,segssl_barlow_all-patient_fc-wpli_finetune_seed13_pre20_proj32_mask0_03_noise0_02_mlp1_0_sup100,True,barlow,fc-wpli,all-patient,True,13,1.0,0.1,32,0.03,0.02
multimodal_psd-fc-wpli_gated_cnn,15,sub24,sub01;sub05;sub07;sub08;sub09;sub10;sub11;sub13;sub14;sub15;sub16;sub17;sub18;sub20;sub22;sub28;sub29,sub27,36,0.1111939400434494,0.045314423739910126,0.002,1e-05,1.0,1.0,True,False,multimodal,psd-fc-wpli,gated,cnn,True,finetune,segssl_barlow_all-patient_fc-wpli_finetune_seed13_pre20_proj32_mask0_03_noise0_02_mlp1_0_sup100,True,barlow,fc-wpli,all-patient,True,13,1.0,0.1,32,0.03,0.02
multimodal_psd-fc-wpli_gated_cnn,15,sub24,sub01;sub05;sub07;sub08;sub09;sub10;sub11;sub13;sub14;sub15;sub16;sub17;sub18;sub20;sub22;sub28;sub29,sub27,37,0.09574741870164871,0.04058859124779701,0.002,1e-05,1.0,1.0,True,False,multimodal,psd-fc-wpli,gated,cnn,True,finetune,segssl_barlow_all-patient_fc-wpli_finetune_seed13_pre20_proj32_mask0_03_noise0_02_mlp1_0_sup100,True,barlow,fc-wpli,all-patient,True,13,1.0,0.1,32,0.03,0.02
multimodal_psd-fc-wpli_gated_cnn,15,sub24,sub01;sub05;sub07;sub08;sub09;sub10;sub11;sub13;sub14;sub15;sub16;sub17;sub18;sub20;sub22;sub28;sub29,sub27,38,0.08166295289993286,0.03582271561026573,0.002,1e-05,1.0,1.0,True,False,multimodal,psd-fc-wpli,gated,cnn,True,finetune,segssl_barlow_all-patient_fc-wpli_finetune_seed13_pre20_proj32_mask0_03_noise0_02_mlp1_0_sup100,True,barlow,fc-wpli,all-patient,True,13,1.0,0.1,32,0.03,0.02
multimodal_psd-fc-wpli_gated_cnn,15,sub24,sub01;sub05;sub07;sub08;sub09;sub10;sub11;sub13;sub14;sub15;sub16;sub17;sub18;sub20;sub22;sub28;sub29,sub27,39,0.06922391057014465,0.030437178909778595,0.002,1e-05,1.0,1.0,True,False,multimodal,psd-fc-wpli,gated,cnn,True,finetune,segssl_barlow_all-patient_fc-wpli_finetune_seed13_pre20_proj32_mask0_03_noise0_02_mlp1_0_sup100,True,barlow,fc-wpli,all-patient,True,13,1.0,0.1,32,0.03,0.02
multimodal_psd-fc-wpli_gated_cnn,15,sub24,sub01;sub05;sub07;sub08;sub09;sub10;sub11;sub13;sub14;sub15;sub16;sub17;sub18;sub20;sub22;sub28;sub29,sub27,40,0.058195505291223526,0.025779444724321365,0.002,1e-05,1.0,1.0,True,False,multimodal,psd-fc-wpli,gated,cnn,True,finetune,segssl_barlow_all-patient_fc-wpli_finetune_seed13_pre20_proj32_mask0_03_noise0_02_mlp1_0_sup100,True,barlow,fc-wpli,all-patient,True,13,1.0,0.1,32,0.03,0.02
multimodal_psd-fc-wpli_gated_cnn,15,sub24,sub01;sub05;sub07;sub08;sub09;sub10;sub11;sub13;sub14;sub15;sub16;sub17;sub18;sub20;sub22;sub28;sub29,sub27,41,0.04884849861264229,0.022411897778511047,0.002,1e-05,1.0,1.0,True,False,multimodal,psd-fc-wpli,gated,cnn,True,finetune,segssl_barlow_all-patient_fc-wpli_finetune_seed13_pre20_proj32_mask0_03_noise0_02_mlp1_0_sup100,True,barlow,fc-wpli,all-patient,True,13,1.0,0.1,32,0.03,0.02
multimodal_psd-fc-wpli_gated_cnn,15,sub24,sub01;sub05;sub07;sub08;sub09;sub10;sub11;sub13;sub14;sub15;sub16;sub17;sub18;sub20;sub22;sub28;sub29,sub27,42,0.04087403789162636,0.01981174573302269,0.002,1e-05,1.0,1.0,True,False,multimodal,psd-fc-wpli,gated,cnn,True,finetune,segssl_barlow_all-patient_fc-wpli_finetune_seed13_pre20_proj32_mask0_03_noise0_02_mlp1_0_sup100,True,barlow,fc-wpli,all-patient,True,13,1.0,0.1,32,0.03,0.02
multimodal_psd-fc-wpli_gated_cnn,15,sub24,sub01;sub05;sub07;sub08;sub09;sub10;sub11;sub13;sub14;sub15;sub16;sub17;sub18;sub20;sub22;sub28;sub29,sub27,43,0.03416118770837784,0.01742544397711754,0.002,1e-05,1.0,1.0,True,False,multimodal,psd-fc-wpli,gated,cnn,True,finetune,segssl_barlow_all-patient_fc-wpli_finetune_seed13_pre20_proj32_mask0_03_noise0_02_mlp1_0_sup100,True,barlow,fc-wpli,all-patient,True,13,1.0,0.1,32,0.03,0.02
multimodal_psd-fc-wpli_gated_cnn,15,sub24,sub01;sub05;sub07;sub08;sub09;sub10;sub11;sub13;sub14;sub15;sub16;sub17;sub18;sub20;sub22;sub28;sub29,sub27,44,0.028593353927135468,0.014920546673238277,0.002,1e-05,1.0,1.0,True,False,multimodal,psd-fc-wpli,gated,cnn,True,finetune,segssl_barlow_all-patient_fc-wpli_finetune_seed13_pre20_proj32_mask0_03_noise0_02_mlp1_0_sup100,True,barlow,fc-wpli,all-patient,True,13,1.0,0.1,32,0.03,0.02
multimodal_psd-fc-wpli_gated_cnn,15,sub24,sub01;sub05;sub07;sub08;sub09;sub10;sub11;sub13;sub14;sub15;sub16;sub17;sub18;sub20;sub22;sub28;sub29,sub27,45,0.023937657475471497,0.012412072159349918,0.002,1e-05,1.0,1.0,True,False,multimodal,psd-fc-wpli,gated,cnn,True,finetune,segssl_barlow_all-patient_fc-wpli_finetune_seed13_pre20_proj32_mask0_03_noise0_02_mlp1_0_sup100,True,barlow,fc-wpli,all-patient,True,13,1.0,0.1,32,0.03,0.02
multimodal_psd-fc-wpli_gated_cnn,15,sub24,sub01;sub05;sub07;sub08;sub09;sub10;sub11;sub13;sub14;sub15;sub16;sub17;sub18;sub20;sub22;sub28;sub29,sub27,46,0.019957643002271652,0.010246619582176208,0.002,1e-05,1.0,1.0,True,False,multimodal,psd-fc-wpli,gated,cnn,True,finetune,segssl_barlow_all-patient_fc-wpli_finetune_seed13_pre20_proj32_mask0_03_noise0_02_mlp1_0_sup100,True,barlow,fc-wpli,all-patient,True,13,1.0,0.1,32,0.03,0.02
multimodal_psd-fc-wpli_gated_cnn,15,sub24,sub01;sub05;sub07;sub08;sub09;sub10;sub11;sub13;sub14;sub15;sub16;sub17;sub18;sub20;sub22;sub28;sub29,sub27,47,0.01672755740582943,0.008528616279363632,0.002,1e-05,1.0,1.0,True,False,multimodal,psd-fc-wpli,gated,cnn,True,finetune,segssl_barlow_all-patient_fc-wpli_finetune_seed13_pre20_proj32_mask0_03_noise0_02_mlp1_0_sup100,True,barlow,fc-wpli,all-patient,True,13,1.0,0.1,32,0.03,0.02
multimodal_psd-fc-wpli_gated_cnn,15,sub24,sub01;sub05;sub07;sub08;sub09;sub10;sub11;sub13;sub14;sub15;sub16;sub17;sub18;sub20;sub22;sub28;sub29,sub27,48,0.014062696136534214,0.0071840230375528336,0.002,1e-05,1.0,1.0,True,False,multimodal,psd-fc-wpli,gated,cnn,True,finetune,segssl_barlow_all-patient_fc-wpli_finetune_seed13_pre20_proj32_mask0_03_noise0_02_mlp1_0_sup100,True,barlow,fc-wpli,all-patient,True,13,1.0,0.1,32,0.03,0.02
multimodal_psd-fc-wpli_gated_cnn,15,sub24,sub01;sub05;sub07;sub08;sub09;sub10;sub11;sub13;sub14;sub15;sub16;sub17;sub18;sub20;sub22;sub28;sub29,sub27,49,0.011812291108071804,0.006089234724640846,0.002,1e-05,1.0,1.0,True,False,multimodal,psd-fc-wpli,gated,cnn,True,finetune,segssl_barlow_all-patient_fc-wpli_finetune_seed13_pre20_proj32_mask0_03_noise0_02_mlp1_0_sup100,True,barlow,fc-wpli,all-patient,True,13,1.0,0.1,32,0.03,0.02
multimodal_psd-fc-wpli_gated_cnn,15,sub24,sub01;sub05;sub07;sub08;sub09;sub10;sub11;sub13;sub14;sub15;sub16;sub17;sub18;sub20;sub22;sub28;sub29,sub27,50,0.00996361207216978,0.005145053844898939,0.002,1e-05,1.0,1.0,True,False,multimodal,psd-fc-wpli,gated,cnn,True,finetune,segssl_barlow_all-patient_fc-wpli_finetune_seed13_pre20_proj32_mask0_03_noise0_02_mlp1_0_sup100,True,barlow,fc-wpli,all-patient,True,13,1.0,0.1,32,0.03,0.02
multimodal_psd-fc-wpli_gated_cnn,15,sub24,sub01;sub05;sub07;sub08;sub09;sub10;sub11;sub13;sub14;sub15;sub16;sub17;sub18;sub20;sub22;sub28;sub29,sub27,51,0.008510793559253216,0.0042786807753145695,0.002,1e-05,1.0,1.0,True,False,multimodal,psd-fc-wpli,gated,cnn,True,finetune,segssl_barlow_all-patient_fc-wpli_finetune_seed13_pre20_proj32_mask0_03_noise0_02_mlp1_0_sup100,True,barlow,fc-wpli,all-patient,True,13,1.0,0.1,32,0.03,0.02
multimodal_psd-fc-wpli_gated_cnn,15,sub24,sub01;sub05;sub07;sub08;sub09;sub10;sub11;sub13;sub14;sub15;sub16;sub17;sub18;sub20;sub22;sub28;sub29,sub27,52,0.007318473886698484,0.0035143184941262007,0.002,1e-05,1.0,1.0,True,False,multimodal,psd-fc-wpli,gated,cnn,True,finetune,segssl_barlow_all-patient_fc-wpli_finetune_seed13_pre20_proj32_mask0_03_noise0_02_mlp1_0_sup100,True,barlow,fc-wpli,all-patient,True,13,1.0,0.1,32,0.03,0.02
multimodal_psd-fc-wpli_gated_cnn,15,sub24,sub01;sub05;sub07;sub08;sub09;sub10;sub11;sub13;sub14;sub15;sub16;sub17;sub18;sub20;sub22;sub28;sub29,sub27,53,0.006307814735919237,0.0028877188451588154,0.002,1e-05,1.0,1.0,True,False,multimodal,psd-fc-wpli,gated,cnn,True,finetune,segssl_barlow_all-patient_fc-wpli_finetune_seed13_pre20_proj32_mask0_03_noise0_02_mlp1_0_sup100,True,barlow,fc-wpli,all-patient,True,13,1.0,0.1,32,0.03,0.02
multimodal_psd-fc-wpli_gated_cnn,15,sub24,sub01;sub05;sub07;sub08;sub09;sub10;sub11;sub13;sub14;sub15;sub16;sub17;sub18;sub20;sub22;sub28;sub29,sub27,54,0.005479131359606981,0.0023992806673049927,0.002,1e-05,1.0,1.0,True,False,multimodal,psd-fc-wpli,gated,cnn,True,finetune,segssl_barlow_all-patient_fc-wpli_finetune_seed13_pre20_proj32_mask0_03_noise0_02_mlp1_0_sup100,True,barlow,fc-wpli,all-patient,True,13,1.0,0.1,32,0.03,0.02
multimodal_psd-fc-wpli_gated_cnn,15,sub24,sub01;sub05;sub07;sub08;sub09;sub10;sub11;sub13;sub14;sub15;sub16;sub17;sub18;sub20;sub22;sub28;sub29,sub27,55,0.004811207298189402,0.0020280766766518354,0.002,1e-05,1.0,1.0,True,False,multimodal,psd-fc-wpli,gated,cnn,True,finetune,segssl_barlow_all-patient_fc-wpli_finetune_seed13_pre20_proj32_mask0_03_noise0_02_mlp1_0_sup100,True,barlow,fc-wpli,all-patient,True,13,1.0,0.1,32,0.03,0.02
multimodal_psd-fc-wpli_gated_cnn,15,sub24,sub01;sub05;sub07;sub08;sub09;sub10;sub11;sub13;sub14;sub15;sub16;sub17;sub18;sub20;sub22;sub28;sub29,sub27,56,0.004261181689798832,0.001749077346175909,0.002,1e-05,1.0,1.0,True,False,multimodal,psd-fc-wpli,gated,cnn,True,finetune,segssl_barlow_all-patient_fc-wpli_finetune_seed13_pre20_proj32_mask0_03_noise0_02_mlp1_0_sup100,True,barlow,fc-wpli,all-patient,True,13,1.0,0.1,32,0.03,0.02
multimodal_psd-fc-wpli_gated_cnn,15,sub24,sub01;sub05;sub07;sub08;sub09;sub10;sub11;sub13;sub14;sub15;sub16;sub17;sub18;sub20;sub22;sub28;sub29,sub27,57,0.003785548498854041,0.0015302081592381,0.002,1e-05,1.0,1.0,True,False,multimodal,psd-fc-wpli,gated,cnn,True,finetune,segssl_barlow_all-patient_fc-wpli_finetune_seed13_pre20_proj32_mask0_03_noise0_02_mlp1_0_sup100,True,barlow,fc-wpli,all-patient,True,13,1.0,0.1,32,0.03,0.02
multimodal_psd-fc-wpli_gated_cnn,15,sub24,sub01;sub05;sub07;sub08;sub09;sub10;sub11;sub13;sub14;sub15;sub16;sub17;sub18;sub20;sub22;sub28;sub29,sub27,58,0.0033758580684661865,0.0013530462747439742,0.002,1e-05,1.0,1.0,True,False,multimodal,psd-fc-wpli,gated,cnn,True,finetune,segssl_barlow_all-patient_fc-wpli_finetune_seed13_pre20_proj32_mask0_03_noise0_02_mlp1_0_sup100,True,barlow,fc-wpli,all-patient,True,13,1.0,0.1,32,0.03,0.02
multimodal_psd-fc-wpli_gated_cnn,15,sub24,sub01;sub05;sub07;sub08;sub09;sub10;sub11;sub13;sub14;sub15;sub16;sub17;sub18;sub20;sub22;sub28;sub29,sub27,59,0.0030303411185741425,0.0012039038119837642,0.002,1e-05,1.0,1.0,True,False,multimodal,psd-fc-wpli,gated,cnn,True,finetune,segssl_barlow_all-patient_fc-wpli_finetune_seed13_pre20_proj32_mask0_03_noise0_02_mlp1_0_sup100,True,barlow,fc-wpli,all-patient,True,13,1.0,0.1,32,0.03,0.02
multimodal_psd-fc-wpli_gated_cnn,15,sub24,sub01;sub05;sub07;sub08;sub09;sub10;sub11;sub13;sub14;sub15;sub16;sub17;sub18;sub20;sub22;sub28;sub29,sub27,60,0.0027445738669484854,0.0010697004618123174,0.002,1e-05,1.0,1.0,True,False,multimodal,psd-fc-wpli,gated,cnn,True,finetune,segssl_barlow_all-patient_fc-wpli_finetune_seed13_pre20_proj32_mask0_03_noise0_02_mlp1_0_sup100,True,barlow,fc-wpli,all-patient,True,13,1.0,0.1,32,0.03,0.02
multimodal_psd-fc-wpli_gated_cnn,15,sub24,sub01;sub05;sub07;sub08;sub09;sub10;sub11;sub13;sub14;sub15;sub16;sub17;sub18;sub20;sub22;sub28;sub29,sub27,61,0.0025005703791975975,0.000949535402469337,0.002,1e-05,1.0,1.0,True,False,multimodal,psd-fc-wpli,gated,cnn,True,finetune,segssl_barlow_all-patient_fc-wpli_finetune_seed13_pre20_proj32_mask0_03_noise0_02_mlp1_0_sup100,True,barlow,fc-wpli,all-patient,True,13,1.0,0.1,32,0.03,0.02
multimodal_psd-fc-wpli_gated_cnn,15,sub24,sub01;sub05;sub07;sub08;sub09;sub10;sub11;sub13;sub14;sub15;sub16;sub17;sub18;sub20;sub22;sub28;sub29,sub27,62,0.0022826550994068384,0.0008455512579530478,0.002,1e-05,1.0,1.0,True,False,multimodal,psd-fc-wpli,gated,cnn,True,finetune,segssl_barlow_all-patient_fc-wpli_finetune_seed13_pre20_proj32_mask0_03_noise0_02_mlp1_0_sup100,True,barlow,fc-wpli,all-patient,True,13,1.0,0.1,32,0.03,0.02
multimodal_psd-fc-wpli_gated_cnn,15,sub24,sub01;sub05;sub07;sub08;sub09;sub10;sub11;sub13;sub14;sub15;sub16;sub17;sub18;sub20;sub22;sub28;sub29,sub27,63,0.0020908156875520945,0.0007588165462948382,0.002,1e-05,1.0,1.0,True,False,multimodal,psd-fc-wpli,gated,cnn,True,finetune,segssl_barlow_all-patient_fc-wpli_finetune_seed13_pre20_proj32_mask0_03_noise0_02_mlp1_0_sup100,True,barlow,fc-wpli,all-patient,True,13,1.0,0.1,32,0.03,0.02
multimodal_psd-fc-wpli_gated_cnn,15,sub24,sub01;sub05;sub07;sub08;sub09;sub10;sub11;sub13;sub14;sub15;sub16;sub17;sub18;sub20;sub22;sub28;sub29,sub27,64,0.0019258754327893257,0.0006875970866531134,0.002,1e-05,1.0,1.0,True,False,multimodal,psd-fc-wpli,gated,cnn,True,finetune,segssl_barlow_all-patient_fc-wpli_finetune_seed13_pre20_proj32_mask0_03_noise0_02_mlp1_0_sup100,True,barlow,fc-wpli,all-patient,True,13,1.0,0.1,32,0.03,0.02
multimodal_psd-fc-wpli_gated_cnn,15,sub24,sub01;sub05;sub07;sub08;sub09;sub10;sub11;sub13;sub14;sub15;sub16;sub17;sub18;sub20;sub22;sub28;sub29,sub27,65,0.0017860953230410814,0.0006309949676506221,0.002,1e-05,1.0,1.0,True,False,multimodal,psd-fc-wpli,gated,cnn,True,finetune,segssl_barlow_all-patient_fc-wpli_finetune_seed13_pre20_proj32_mask0_03_noise0_02_mlp1_0_sup100,True,barlow,fc-wpli,all-patient,True,13,1.0,0.1,32,0.03,0.02
multimodal_psd-fc-wpli_gated_cnn,15,sub24,sub01;sub05;sub07;sub08;sub09;sub10;sub11;sub13;sub14;sub15;sub16;sub17;sub18;sub20;sub22;sub28;sub29,sub27,66,0.0016648301389068365,0.0005850118468515575,0.002,1e-05,1.0,1.0,True,False,multimodal,psd-fc-wpli,gated,cnn,True,finetune,segssl_barlow_all-patient_fc-wpli_finetune_seed13_pre20_proj32_mask0_03_noise0_02_mlp1_0_sup100,True,barlow,fc-wpli,all-patient,True,13,1.0,0.1,32,0.03,0.02
multimodal_psd-fc-wpli_gated_cnn,15,sub24,sub01;sub05;sub07;sub08;sub09;sub10;sub11;sub13;sub14;sub15;sub16;sub17;sub18;sub20;sub22;sub28;sub29,sub27,67,0.001556980307213962,0.000547618605196476,0.002,1e-05,1.0,1.0,True,False,multimodal,psd-fc-wpli,gated,cnn,True,finetune,segssl_barlow_all-patient_fc-wpli_finetune_seed13_pre20_proj32_mask0_03_noise0_02_mlp1_0_sup100,True,barlow,fc-wpli,all-patient,True,13,1.0,0.1,32,0.03,0.02
multimodal_psd-fc-wpli_gated_cnn,15,sub24,sub01;sub05;sub07;sub08;sub09;sub10;sub11;sub13;sub14;sub15;sub16;sub17;sub18;sub20;sub22;sub28;sub29,sub27,68,0.0014592595398426056,0.0005159516585990787,0.002,1e-05,1.0,1.0,True,False,multimodal,psd-fc-wpli,gated,cnn,True,finetune,segssl_barlow_all-patient_fc-wpli_finetune_seed13_pre20_proj32_mask0_03_noise0_02_mlp1_0_sup100,True,barlow,fc-wpli,all-patient,True,13,1.0,0.1,32,0.03,0.02
multimodal_psd-fc-wpli_gated_cnn,15,sub24,sub01;sub05;sub07;sub08;sub09;sub10;sub11;sub13;sub14;sub15;sub16;sub17;sub18;sub20;sub22;sub28;sub29,sub27,69,0.0013722694711759686,0.00048816195339895785,0.002,1e-05,1.0,1.0,True,False,multimodal,psd-fc-wpli,gated,cnn,True,finetune,segssl_barlow_all-patient_fc-wpli_finetune_seed13_pre20_proj32_mask0_03_noise0_02_mlp1_0_sup100,True,barlow,fc-wpli,all-patient,True,13,1.0,0.1,32,0.03,0.02
multimodal_psd-fc-wpli_gated_cnn,15,sub24,sub01;sub05;sub07;sub08;sub09;sub10;sub11;sub13;sub14;sub15;sub16;sub17;sub18;sub20;sub22;sub28;sub29,sub27,70,0.0012957971775904298,0.0004627582966350019,0.002,1e-05,1.0,1.0,True,False,multimodal,psd-fc-wpli,gated,cnn,True,finetune,segssl_barlow_all-patient_fc-wpli_finetune_seed13_pre20_proj32_mask0_03_noise0_02_mlp1_0_sup100,True,barlow,fc-wpli,all-patient,True,13,1.0,0.1,32,0.03,0.02
multimodal_psd-fc-wpli_gated_cnn,15,sub24,sub01;sub05;sub07;sub08;sub09;sub10;sub11;sub13;sub14;sub15;sub16;sub17;sub18;sub20;sub22;sub28;sub29,sub27,71,0.0012296205386519432,0.00043908460065722466,0.002,1e-05,1.0,1.0,True,False,multimodal,psd-fc-wpli,gated,cnn,True,finetune,segssl_barlow_all-patient_fc-wpli_finetune_seed13_pre20_proj32_mask0_03_noise0_02_mlp1_0_sup100,True,barlow,fc-wpli,all-patient,True,13,1.0,0.1,32,0.03,0.02
multimodal_psd-fc-wpli_gated_cnn,15,sub24,sub01;sub05;sub07;sub08;sub09;sub10;sub11;sub13;sub14;sub15;sub16;sub17;sub18;sub20;sub22;sub28;sub29,sub27,72,0.0011709119426086545,0.00041618660907261074,0.002,1e-05,1.0,1.0,True,False,multimodal,psd-fc-wpli,gated,cnn,True,finetune,segssl_barlow_all-patient_fc-wpli_finetune_seed13_pre20_proj32_mask0_03_noise0_02_mlp1_0_sup100,True,barlow,fc-wpli,all-patient,True,13,1.0,0.1,32,0.03,0.02
multimodal_psd-fc-wpli_gated_cnn,15,sub24,sub01;sub05;sub07;sub08;sub09;sub10;sub11;sub13;sub14;sub15;sub16;sub17;sub18;sub20;sub22;sub28;sub29,sub27,73,0.001117602689191699,0.0003946009965147823,0.002,1e-05,1.0,1.0,True,False,multimodal,psd-fc-wpli,gated,cnn,True,finetune,segssl_barlow_all-patient_fc-wpli_finetune_seed13_pre20_proj32_mask0_03_noise0_02_mlp1_0_sup100,True,barlow,fc-wpli,all-patient,True,13,1.0,0.1,32,0.03,0.02
multimodal_psd-fc-wpli_gated_cnn,15,sub24,sub01;sub05;sub07;sub08;sub09;sub10;sub11;sub13;sub14;sub15;sub16;sub17;sub18;sub20;sub22;sub28;sub29,sub27,74,0.0010683819418773055,0.0003745064896065742,0.002,1e-05,1.0,1.0,True,False,multimodal,psd-fc-wpli,gated,cnn,True,finetune,segssl_barlow_all-patient_fc-wpli_finetune_seed13_pre20_proj32_mask0_03_noise0_02_mlp1_0_sup100,True,barlow,fc-wpli,all-patient,True,13,1.0,0.1,32,0.03,0.02
multimodal_psd-fc-wpli_gated_cnn,15,sub24,sub01;sub05;sub07;sub08;sub09;sub10;sub11;sub13;sub14;sub15;sub16;sub17;sub18;sub20;sub22;sub28;sub29,sub27,75,0.0010233657667413354,0.00035626080352813005,0.002,1e-05,1.0,1.0,True,False,multimodal,psd-fc-wpli,gated,cnn,True,finetune,segssl_barlow_all-patient_fc-wpli_finetune_seed13_pre20_proj32_mask0_03_noise0_02_mlp1_0_sup100,True,barlow,fc-wpli,all-patient,True,13,1.0,0.1,32,0.03,0.02
multimodal_psd-fc-wpli_gated_cnn,15,sub24,sub01;sub05;sub07;sub08;sub09;sub10;sub11;sub13;sub14;sub15;sub16;sub17;sub18;sub20;sub22;sub28;sub29,sub27,76,0.0009828847832977772,0.0003400426940061152,0.002,1e-05,1.0,1.0,True,False,multimodal,psd-fc-wpli,gated,cnn,True,finetune,segssl_barlow_all-patient_fc-wpli_finetune_seed13_pre20_proj32_mask0_03_noise0_02_mlp1_0_sup100,True,barlow,fc-wpli,all-patient,True,13,1.0,0.1,32,0.03,0.02
multimodal_psd-fc-wpli_gated_cnn,15,sub24,sub01;sub05;sub07;sub08;sub09;sub10;sub11;sub13;sub14;sub15;sub16;sub17;sub18;sub20;sub22;sub28;sub29,sub27,77,0.0009468721691519022,0.00032609057961963117,0.002,1e-05,1.0,1.0,True,False,multimodal,psd-fc-wpli,gated,cnn,True,finetune,segssl_barlow_all-patient_fc-wpli_finetune_seed13_pre20_proj32_mask0_03_noise0_02_mlp1_0_sup100,True,barlow,fc-wpli,all-patient,True,13,1.0,0.1,32,0.03,0.02
multimodal_psd-fc-wpli_gated_cnn,15,sub24,sub01;sub05;sub07;sub08;sub09;sub10;sub11;sub13;sub14;sub15;sub16;sub17;sub18;sub20;sub22;sub28;sub29,sub27,78,0.0009143068455159664,0.0003140465705655515,0.002,1e-05,1.0,1.0,True,False,multimodal,psd-fc-wpli,gated,cnn,True,finetune,segssl_barlow_all-patient_fc-wpli_finetune_seed13_pre20_proj32_mask0_03_noise0_02_mlp1_0_sup100,True,barlow,fc-wpli,all-patient,True,13,1.0,0.1,32,0.03,0.02
multimodal_psd-fc-wpli_gated_cnn,15,sub24,sub01;sub05;sub07;sub08;sub09;sub10;sub11;sub13;sub14;sub15;sub16;sub17;sub18;sub20;sub22;sub28;sub29,sub27,79,0.0008840965456329286,0.00030331441666930914,0.002,1e-05,1.0,1.0,True,False,multimodal,psd-fc-wpli,gated,cnn,True,finetune,segssl_barlow_all-patient_fc-wpli_finetune_seed13_pre20_proj32_mask0_03_noise0_02_mlp1_0_sup100,True,barlow,fc-wpli,all-patient,True,13,1.0,0.1,32,0.03,0.02
multimodal_psd-fc-wpli_gated_cnn,15,sub24,sub01;sub05;sub07;sub08;sub09;sub10;sub11;sub13;sub14;sub15;sub16;sub17;sub18;sub20;sub22;sub28;sub29,sub27,80,0.0008557741530239582,0.0002938344550784677,0.002,1e-05,1.0,1.0,True,False,multimodal,psd-fc-wpli,gated,cnn,True,finetune,segssl_barlow_all-patient_fc-wpli_finetune_seed13_pre20_proj32_mask0_03_noise0_02_mlp1_0_sup100,True,barlow,fc-wpli,all-patient,True,13,1.0,0.1,32,0.03,0.02
multimodal_psd-fc-wpli_gated_cnn,15,sub24,sub01;sub05;sub07;sub08;sub09;sub10;sub11;sub13;sub14;sub15;sub16;sub17;sub18;sub20;sub22;sub28;sub29,sub27,81,0.0008291765698231757,0.0002851296740118414,0.002,1e-05,1.0,1.0,True,False,multimodal,psd-fc-wpli,gated,cnn,True,finetune,segssl_barlow_all-patient_fc-wpli_finetune_seed13_pre20_proj32_mask0_03_noise0_02_mlp1_0_sup100,True,barlow,fc-wpli,all-patient,True,13,1.0,0.1,32,0.03,0.02
multimodal_psd-fc-wpli_gated_cnn,15,sub24,sub01;sub05;sub07;sub08;sub09;sub10;sub11;sub13;sub14;sub15;sub16;sub17;sub18;sub20;sub22;sub28;sub29,sub27,82,0.0008044184651225805,0.00027678266633301973,0.002,1e-05,1.0,1.0,True,False,multimodal,psd-fc-wpli,gated,cnn,True,finetune,segssl_barlow_all-patient_fc-wpli_finetune_seed13_pre20_proj32_mask0_03_noise0_02_mlp1_0_sup100,True,barlow,fc-wpli,all-patient,True,13,1.0,0.1,32,0.03,0.02
multimodal_psd-fc-wpli_gated_cnn,15,sub24,sub01;sub05;sub07;sub08;sub09;sub10;sub11;sub13;sub14;sub15;sub16;sub17;sub18;sub20;sub22;sub28;sub29,sub27,83,0.0007818584563210607,0.0002684357459656894,0.002,1e-05,1.0,1.0,True,False,multimodal,psd-fc-wpli,gated,cnn,True,finetune,segssl_barlow_all-patient_fc-wpli_finetune_seed13_pre20_proj32_mask0_03_noise0_02_mlp1_0_sup100,True,barlow,fc-wpli,all-patient,True,13,1.0,0.1,32,0.03,0.02
multimodal_psd-fc-wpli_gated_cnn,15,sub24,sub01;sub05;sub07;sub08;sub09;sub10;sub11;sub13;sub14;sub15;sub16;sub17;sub18;sub20;sub22;sub28;sub29,sub27,84,0.0007611092878505588,0.00026008888380602,0.002,1e-05,1.0,1.0,True,False,multimodal,psd-fc-wpli,gated,cnn,True,finetune,segssl_barlow_all-patient_fc-wpli_finetune_seed13_pre20_proj32_mask0_03_noise0_02_mlp1_0_sup100,True,barlow,fc-wpli,all-patient,True,13,1.0,0.1,32,0.03,0.02
multimodal_psd-fc-wpli_gated_cnn,15,sub24,sub01;sub05;sub07;sub08;sub09;sub10;sub11;sub13;sub14;sub15;sub16;sub17;sub18;sub20;sub22;sub28;sub29,sub27,85,0.0007415480795316398,0.00025162287056446075,0.002,1e-05,1.0,1.0,True,False,multimodal,psd-fc-wpli,gated,cnn,True,finetune,segssl_barlow_all-patient_fc-wpli_finetune_seed13_pre20_proj32_mask0_03_noise0_02_mlp1_0_sup100,True,barlow,fc-wpli,all-patient,True,13,1.0,0.1,32,0.03,0.02
multimodal_psd-fc-wpli_gated_cnn,15,sub24,sub01;sub05;sub07;sub08;sub09;sub10;sub11;sub13;sub14;sub15;sub16;sub17;sub18;sub20;sub22;sub28;sub29,sub27,86,0.0007229340844787657,0.00024315690097864717,0.002,1e-05,1.0,1.0,True,False,multimodal,psd-fc-wpli,gated,cnn,True,finetune,segssl_barlow_all-patient_fc-wpli_finetune_seed13_pre20_proj32_mask0_03_noise0_02_mlp1_0_sup100,True,barlow,fc-wpli,all-patient,True,13,1.0,0.1,32,0.03,0.02
multimodal_psd-fc-wpli_gated_cnn,15,sub24,sub01;sub05;sub07;sub08;sub09;sub10;sub11;sub13;sub14;sub15;sub16;sub17;sub18;sub20;sub22;sub28;sub29,sub27,87,0.0007051302818581462,0.00023504873388446867,0.002,1e-05,1.0,1.0,True,False,multimodal,psd-fc-wpli,gated,cnn,True,finetune,segssl_barlow_all-patient_fc-wpli_finetune_seed13_pre20_proj32_mask0_03_noise0_02_mlp1_0_sup100,True,barlow,fc-wpli,all-patient,True,13,1.0,0.1,32,0.03,0.02
multimodal_psd-fc-wpli_gated_cnn,15,sub24,sub01;sub05;sub07;sub08;sub09;sub10;sub11;sub13;sub14;sub15;sub16;sub17;sub18;sub20;sub22;sub28;sub29,sub27,88,0.0006881477311253548,0.00022705986339133233,0.002,1e-05,1.0,1.0,True,False,multimodal,psd-fc-wpli,gated,cnn,True,finetune,segssl_barlow_all-patient_fc-wpli_finetune_seed13_pre20_proj32_mask0_03_noise0_02_mlp1_0_sup100,True,barlow,fc-wpli,all-patient,True,13,1.0,0.1,32,0.03,0.02
multimodal_psd-fc-wpli_gated_cnn,15,sub24,sub01;sub05;sub07;sub08;sub09;sub10;sub11;sub13;sub14;sub15;sub16;sub17;sub18;sub20;sub22;sub28;sub29,sub27,89,0.0006720239762216806,0.00021966724307276309,0.002,1e-05,1.0,1.0,True,False,multimodal,psd-fc-wpli,gated,cnn,True,finetune,segssl_barlow_all-patient_fc-wpli_finetune_seed13_pre20_proj32_mask0_03_noise0_02_mlp1_0_sup100,True,barlow,fc-wpli,all-patient,True,13,1.0,0.1,32,0.03,0.02
multimodal_psd-fc-wpli_gated_cnn,15,sub24,sub01;sub05;sub07;sub08;sub09;sub10;sub11;sub13;sub14;sub15;sub16;sub17;sub18;sub20;sub22;sub28;sub29,sub27,90,0.0006568924873135984,0.000212632367038168,0.002,1e-05,1.0,1.0,True,False,multimodal,psd-fc-wpli,gated,cnn,True,finetune,segssl_barlow_all-patient_fc-wpli_finetune_seed13_pre20_proj32_mask0_03_noise0_02_mlp1_0_sup100,True,barlow,fc-wpli,all-patient,True,13,1.0,0.1,32,0.03,0.02
multimodal_psd-fc-wpli_gated_cnn,15,sub24,sub01;sub05;sub07;sub08;sub09;sub10;sub11;sub13;sub14;sub15;sub16;sub17;sub18;sub20;sub22;sub28;sub29,sub27,91,0.0006426034378819168,0.00020643218886107206,0.002,1e-05,1.0,1.0,True,False,multimodal,psd-fc-wpli,gated,cnn,True,finetune,segssl_barlow_all-patient_fc-wpli_finetune_seed13_pre20_proj32_mask0_03_noise0_02_mlp1_0_sup100,True,barlow,fc-wpli,all-patient,True,13,1.0,0.1,32,0.03,0.02
multimodal_psd-fc-wpli_gated_cnn,15,sub24,sub01;sub05;sub07;sub08;sub09;sub10;sub11;sub13;sub14;sub15;sub16;sub17;sub18;sub20;sub22;sub28;sub29,sub27,92,0.0006288139848038554,0.00020058974041603506,0.002,1e-05,1.0,1.0,True,False,multimodal,psd-fc-wpli,gated,cnn,True,finetune,segssl_barlow_all-patient_fc-wpli_finetune_seed13_pre20_proj32_mask0_03_noise0_02_mlp1_0_sup100,True,barlow,fc-wpli,all-patient,True,13,1.0,0.1,32,0.03,0.02
multimodal_psd-fc-wpli_gated_cnn,15,sub24,sub01;sub05;sub07;sub08;sub09;sub10;sub11;sub13;sub14;sub15;sub16;sub17;sub18;sub20;sub22;sub28;sub29,sub27,93,0.0006152974092401564,0.00019522426009643823,0.002,1e-05,1.0,1.0,True,False,multimodal,psd-fc-wpli,gated,cnn,True,finetune,segssl_barlow_all-patient_fc-wpli_finetune_seed13_pre20_proj32_mask0_03_noise0_02_mlp1_0_sup100,True,barlow,fc-wpli,all-patient,True,13,1.0,0.1,32,0.03,0.02
multimodal_psd-fc-wpli_gated_cnn,15,sub24,sub01;sub05;sub07;sub08;sub09;sub10;sub11;sub13;sub14;sub15;sub16;sub17;sub18;sub20;sub22;sub28;sub29,sub27,94,0.0006021163426339626,0.0001899780472740531,0.002,1e-05,1.0,1.0,True,False,multimodal,psd-fc-wpli,gated,cnn,True,finetune,segssl_barlow_all-patient_fc-wpli_finetune_seed13_pre20_proj32_mask0_03_noise0_02_mlp1_0_sup100,True,barlow,fc-wpli,all-patient,True,13,1.0,0.1,32,0.03,0.02
multimodal_psd-fc-wpli_gated_cnn,15,sub24,sub01;sub05;sub07;sub08;sub09;sub10;sub11;sub13;sub14;sub15;sub16;sub17;sub18;sub20;sub22;sub28;sub29,sub27,95,0.0005894384230487049,0.00018485108739696443,0.002,1e-05,1.0,1.0,True,False,multimodal,psd-fc-wpli,gated,cnn,True,finetune,segssl_barlow_all-patient_fc-wpli_finetune_seed13_pre20_proj32_mask0_03_noise0_02_mlp1_0_sup100,True,barlow,fc-wpli,all-patient,True,13,1.0,0.1,32,0.03,0.02
multimodal_psd-fc-wpli_gated_cnn,15,sub24,sub01;sub05;sub07;sub08;sub09;sub10;sub11;sub13;sub14;sub15;sub16;sub17;sub18;sub20;sub22;sub28;sub29,sub27,96,0.0005772773292846978,0.00017948569438885897,0.002,1e-05,1.0,1.0,True,False,multimodal,psd-fc-wpli,gated,cnn,True,finetune,segssl_barlow_all-patient_fc-wpli_finetune_seed13_pre20_proj32_mask0_03_noise0_02_mlp1_0_sup100,True,barlow,fc-wpli,all-patient,True,13,1.0,0.1,32,0.03,0.02
multimodal_psd-fc-wpli_gated_cnn,15,sub24,sub01;sub05;sub07;sub08;sub09;sub10;sub11;sub13;sub14;sub15;sub16;sub17;sub18;sub20;sub22;sub28;sub29,sub27,97,0.000565527006983757,0.00017400109209120274,0.002,1e-05,1.0,1.0,True,False,multimodal,psd-fc-wpli,gated,cnn,True,finetune,segssl_barlow_all-patient_fc-wpli_finetune_seed13_pre20_proj32_mask0_03_noise0_02_mlp1_0_sup100,True,barlow,fc-wpli,all-patient,True,13,1.0,0.1,32,0.03,0.02
multimodal_psd-fc-wpli_gated_cnn,15,sub24,sub01;sub05;sub07;sub08;sub09;sub10;sub11;sub13;sub14;sub15;sub16;sub17;sub18;sub20;sub22;sub28;sub29,sub27,98,0.0005540913552977145,0.00016857613809406757,0.002,1e-05,1.0,1.0,True,False,multimodal,psd-fc-wpli,gated,cnn,True,finetune,segssl_barlow_all-patient_fc-wpli_finetune_seed13_pre20_proj32_mask0_03_noise0_02_mlp1_0_sup100,True,barlow,fc-wpli,all-patient,True,13,1.0,0.1,32,0.03,0.02
multimodal_psd-fc-wpli_gated_cnn,15,sub24,sub01;sub05;sub07;sub08;sub09;sub10;sub11;sub13;sub14;sub15;sub16;sub17;sub18;sub20;sub22;sub28;sub29,sub27,99,0.0005427887081168592,0.00016297238471452147,0.002,1e-05,1.0,1.0,True,False,multimodal,psd-fc-wpli,gated,cnn,True,finetune,segssl_barlow_all-patient_fc-wpli_finetune_seed13_pre20_proj32_mask0_03_noise0_02_mlp1_0_sup100,True,barlow,fc-wpli,all-patient,True,13,1.0,0.1,32,0.03,0.02
multimodal_psd-fc-wpli_gated_cnn,15,sub24,sub01;sub05;sub07;sub08;sub09;sub10;sub11;sub13;sub14;sub15;sub16;sub17;sub18;sub20;sub22;sub28;sub29,sub27,100,0.0005316677852533758,0.0001576070935698226,0.002,1e-05,1.0,1.0,True,False,multimodal,psd-fc-wpli,gated,cnn,True,finetune,segssl_barlow_all-patient_fc-wpli_finetune_seed13_pre20_proj32_mask0_03_noise0_02_mlp1_0_sup100,True,barlow,fc-wpli,all-patient,True,13,1.0,0.1,32,0.03,0.02
multimodal_psd-fc-wpli_gated_cnn,16,sub27,sub01;sub05;sub07;sub08;sub09;sub10;sub11;sub13;sub14;sub15;sub16;sub17;sub18;sub20;sub22;sub24;sub29,sub28,1,0.687753438949585,0.7567697167396545,0.002,1e-05,1.0,1.0,True,False,multimodal,psd-fc-wpli,gated,cnn,True,finetune,segssl_barlow_all-patient_fc-wpli_finetune_seed13_pre20_proj32_mask0_03_noise0_02_mlp1_0_sup100,True,barlow,fc-wpli,all-patient,True,13,1.0,0.1,32,0.03,0.02
multimodal_psd-fc-wpli_gated_cnn,16,sub27,sub01;sub05;sub07;sub08;sub09;sub10;sub11;sub13;sub14;sub15;sub16;sub17;sub18;sub20;sub22;sub24;sub29,sub28,2,0.6790290474891663,0.7633573412895203,0.002,1e-05,1.0,1.0,False,False,multimodal,psd-fc-wpli,gated,cnn,True,finetune,segssl_barlow_all-patient_fc-wpli_finetune_seed13_pre20_proj32_mask0_03_noise0_02_mlp1_0_sup100,True,barlow,fc-wpli,all-patient,True,13,1.0,0.1,32,0.03,0.02
multimodal_psd-fc-wpli_gated_cnn,16,sub27,sub01;sub05;sub07;sub08;sub09;sub10;sub11;sub13;sub14;sub15;sub16;sub17;sub18;sub20;sub22;sub24;sub29,sub28,3,0.6699264645576477,0.7699195742607117,0.002,1e-05,1.0,1.0,False,False,multimodal,psd-fc-wpli,gated,cnn,True,finetune,segssl_barlow_all-patient_fc-wpli_finetune_seed13_pre20_proj32_mask0_03_noise0_02_mlp1_0_sup100,True,barlow,fc-wpli,all-patient,True,13,1.0,0.1,32,0.03,0.02
multimodal_psd-fc-wpli_gated_cnn,16,sub27,sub01;sub05;sub07;sub08;sub09;sub10;sub11;sub13;sub14;sub15;sub16;sub17;sub18;sub20;sub22;sub24;sub29,sub28,4,0.6598492860794067,0.7758960127830505,0.002,1e-05,1.0,1.0,False,False,multimodal,psd-fc-wpli,gated,cnn,True,finetune,segssl_barlow_all-patient_fc-wpli_finetune_seed13_pre20_proj32_mask0_03_noise0_02_mlp1_0_sup100,True,barlow,fc-wpli,all-patient,True,13,1.0,0.1,32,0.03,0.02
multimodal_psd-fc-wpli_gated_cnn,16,sub27,sub01;sub05;sub07;sub08;sub09;sub10;sub11;sub13;sub14;sub15;sub16;sub17;sub18;sub20;sub22;sub24;sub29,sub28,5,0.6477861404418945,0.7831975221633911,0.002,1e-05,1.0,1.0,False,False,multimodal,psd-fc-wpli,gated,cnn,True,finetune,segssl_barlow_all-patient_fc-wpli_finetune_seed13_pre20_proj32_mask0_03_noise0_02_mlp1_0_sup100,True,barlow,fc-wpli,all-patient,True,13,1.0,0.1,32,0.03,0.02
multimodal_psd-fc-wpli_gated_cnn,16,sub27,sub01;sub05;sub07;sub08;sub09;sub10;sub11;sub13;sub14;sub15;sub16;sub17;sub18;sub20;sub22;sub24;sub29,sub28,6,0.6343831419944763,0.7925266027450562,0.002,1e-05,1.0,1.0,False,False,multimodal,psd-fc-wpli,gated,cnn,True,finetune,segssl_barlow_all-patient_fc-wpli_finetune_seed13_pre20_proj32_mask0_03_noise0_02_mlp1_0_sup100,True,barlow,fc-wpli,all-patient,True,13,1.0,0.1,32,0.03,0.02
multimodal_psd-fc-wpli_gated_cnn,16,sub27,sub01;sub05;sub07;sub08;sub09;sub10;sub11;sub13;sub14;sub15;sub16;sub17;sub18;sub20;sub22;sub24;sub29,sub28,7,0.6204814910888672,0.8031929731369019,0.002,1e-05,1.0,1.0,False,False,multimodal,psd-fc-wpli,gated,cnn,True,finetune,segssl_barlow_all-patient_fc-wpli_finetune_seed13_pre20_proj32_mask0_03_noise0_02_mlp1_0_sup100,True,barlow,fc-wpli,all-patient,True,13,1.0,0.1,32,0.03,0.02
multimodal_psd-fc-wpli_gated_cnn,16,sub27,sub01;sub05;sub07;sub08;sub09;sub10;sub11;sub13;sub14;sub15;sub16;sub17;sub18;sub20;sub22;sub24;sub29,sub28,8,0.606385350227356,0.8134431838989258,0.002,1e-05,1.0,1.0,False,False,multimodal,psd-fc-wpli,gated,cnn,True,finetune,segssl_barlow_all-patient_fc-wpli_finetune_seed13_pre20_proj32_mask0_03_noise0_02_mlp1_0_sup100,True,barlow,fc-wpli,all-patient,True,13,1.0,0.1,32,0.03,0.02
multimodal_psd-fc-wpli_gated_cnn,16,sub27,sub01;sub05;sub07;sub08;sub09;sub10;sub11;sub13;sub14;sub15;sub16;sub17;sub18;sub20;sub22;sub24;sub29,sub28,9,0.591876208782196,0.8227940797805786,0.002,1e-05,1.0,1.0,False,False,multimodal,psd-fc-wpli,gated,cnn,True,finetune,segssl_barlow_all-patient_fc-wpli_finetune_seed13_pre20_proj32_mask0_03_noise0_02_mlp1_0_sup100,True,barlow,fc-wpli,all-patient,True,13,1.0,0.1,32,0.03,0.02
multimodal_psd-fc-wpli_gated_cnn,16,sub27,sub01;sub05;sub07;sub08;sub09;sub10;sub11;sub13;sub14;sub15;sub16;sub17;sub18;sub20;sub22;sub24;sub29,sub28,10,0.5768833160400391,0.8329581022262573,0.002,1e-05,1.0,1.0,False,False,multimodal,psd-fc-wpli,gated,cnn,True,finetune,segssl_barlow_all-patient_fc-wpli_finetune_seed13_pre20_proj32_mask0_03_noise0_02_mlp1_0_sup100,True,barlow,fc-wpli,all-patient,True,13,1.0,0.1,32,0.03,0.02
multimodal_psd-fc-wpli_gated_cnn,16,sub27,sub01;sub05;sub07;sub08;sub09;sub10;sub11;sub13;sub14;sub15;sub16;sub17;sub18;sub20;sub22;sub24;sub29,sub28,11,0.5609636902809143,0.8454539179801941,0.002,1e-05,1.0,1.0,False,False,multimodal,psd-fc-wpli,gated,cnn,True,finetune,segssl_barlow_all-patient_fc-wpli_finetune_seed13_pre20_proj32_mask0_03_noise0_02_mlp1_0_sup100,True,barlow,fc-wpli,all-patient,True,13,1.0,0.1,32,0.03,0.02
multimodal_psd-fc-wpli_gated_cnn,16,sub27,sub01;sub05;sub07;sub08;sub09;sub10;sub11;sub13;sub14;sub15;sub16;sub17;sub18;sub20;sub22;sub24;sub29,sub28,12,0.5438406467437744,0.8579213619232178,0.002,1e-05,1.0,1.0,False,False,multimodal,psd-fc-wpli,gated,cnn,True,finetune,segssl_barlow_all-patient_fc-wpli_finetune_seed13_pre20_proj32_mask0_03_noise0_02_mlp1_0_sup100,True,barlow,fc-wpli,all-patient,True,13,1.0,0.1,32,0.03,0.02
multimodal_psd-fc-wpli_gated_cnn,16,sub27,sub01;sub05;sub07;sub08;sub09;sub10;sub11;sub13;sub14;sub15;sub16;sub17;sub18;sub20;sub22;sub24;sub29,sub28,13,0.5256438851356506,0.8709049820899963,0.002,1e-05,1.0,1.0,False,False,multimodal,psd-fc-wpli,gated,cnn,True,finetune,segssl_barlow_all-patient_fc-wpli_finetune_seed13_pre20_proj32_mask0_03_noise0_02_mlp1_0_sup100,True,barlow,fc-wpli,all-patient,True,13,1.0,0.1,32,0.03,0.02
multimodal_psd-fc-wpli_gated_cnn,16,sub27,sub01;sub05;sub07;sub08;sub09;sub10;sub11;sub13;sub14;sub15;sub16;sub17;sub18;sub20;sub22;sub24;sub29,sub28,14,0.5065698027610779,0.8851731419563293,0.002,1e-05,1.0,1.0,False,False,multimodal,psd-fc-wpli,gated,cnn,True,finetune,segssl_barlow_all-patient_fc-wpli_finetune_seed13_pre20_proj32_mask0_03_noise0_02_mlp1_0_sup100,True,barlow,fc-wpli,all-patient,True,13,1.0,0.1,32,0.03,0.02
multimodal_psd-fc-wpli_gated_cnn,16,sub27,sub01;sub05;sub07;sub08;sub09;sub10;sub11;sub13;sub14;sub15;sub16;sub17;sub18;sub20;sub22;sub24;sub29,sub28,15,0.48701655864715576,0.8997994065284729,0.002,1e-05,1.0,1.0,False,False,multimodal,psd-fc-wpli,gated,cnn,True,finetune,segssl_barlow_all-patient_fc-wpli_finetune_seed13_pre20_proj32_mask0_03_noise0_02_mlp1_0_sup100,True,barlow,fc-wpli,all-patient,True,13,1.0,0.1,32,0.03,0.02
multimodal_psd-fc-wpli_gated_cnn,16,sub27,sub01;sub05;sub07;sub08;sub09;sub10;sub11;sub13;sub14;sub15;sub16;sub17;sub18;sub20;sub22;sub24;sub29,sub28,16,0.46725812554359436,0.9106276631355286,0.002,1e-05,1.0,1.0,False,False,multimodal,psd-fc-wpli,gated,cnn,True,finetune,segssl_barlow_all-patient_fc-wpli_finetune_seed13_pre20_proj32_mask0_03_noise0_02_mlp1_0_sup100,True,barlow,fc-wpli,all-patient,True,13,1.0,0.1,32,0.03,0.02
multimodal_psd-fc-wpli_gated_cnn,16,sub27,sub01;sub05;sub07;sub08;sub09;sub10;sub11;sub13;sub14;sub15;sub16;sub17;sub18;sub20;sub22;sub24;sub29,sub28,17,0.4466889798641205,0.9161224961280823,0.002,1e-05,1.0,1.0,False,False,multimodal,psd-fc-wpli,gated,cnn,True,finetune,segssl_barlow_all-patient_fc-wpli_finetune_seed13_pre20_proj32_mask0_03_noise0_02_mlp1_0_sup100,True,barlow,fc-wpli,all-patient,True,13,1.0,0.1,32,0.03,0.02
multimodal_psd-fc-wpli_gated_cnn,16,sub27,sub01;sub05;sub07;sub08;sub09;sub10;sub11;sub13;sub14;sub15;sub16;sub17;sub18;sub20;sub22;sub24;sub29,sub28,18,0.42537251114845276,0.915052056312561,0.002,1e-05,1.0,1.0,False,False,multimodal,psd-fc-wpli,gated,cnn,True,finetune,segssl_barlow_all-patient_fc-wpli_finetune_seed13_pre20_proj32_mask0_03_noise0_02_mlp1_0_sup100,True,barlow,fc-wpli,all-patient,True,13,1.0,0.1,32,0.03,0.02
multimodal_psd-fc-wpli_gated_cnn,16,sub27,sub01;sub05;sub07;sub08;sub09;sub10;sub11;sub13;sub14;sub15;sub16;sub17;sub18;sub20;sub22;sub24;sub29,sub28,19,0.4035024046897888,0.9122677445411682,0.002,1e-05,1.0,1.0,False,False,multimodal,psd-fc-wpli,gated,cnn,True,finetune,segssl_barlow_all-patient_fc-wpli_finetune_seed13_pre20_proj32_mask0_03_noise0_02_mlp1_0_sup100,True,barlow,fc-wpli,all-patient,True,13,1.0,0.1,32,0.03,0.02
multimodal_psd-fc-wpli_gated_cnn,16,sub27,sub01;sub05;sub07;sub08;sub09;sub10;sub11;sub13;sub14;sub15;sub16;sub17;sub18;sub20;sub22;sub24;sub29,sub28,20,0.38103803992271423,0.9078991413116455,0.002,1e-05,1.0,1.0,False,False,multimodal,psd-fc-wpli,gated,cnn,True,finetune,segssl_barlow_all-patient_fc-wpli_finetune_seed13_pre20_proj32_mask0_03_noise0_02_mlp1_0_sup100,True,barlow,fc-wpli,all-patient,True,13,1.0,0.1,32,0.03,0.02
multimodal_psd-fc-wpli_gated_cnn,16,sub27,sub01;sub05;sub07;sub08;sub09;sub10;sub11;sub13;sub14;sub15;sub16;sub17;sub18;sub20;sub22;sub24;sub29,sub28,21,0.3581238389015198,0.9046504497528076,0.002,1e-05,1.0,1.0,False,False,multimodal,psd-fc-wpli,gated,cnn,True,finetune,segssl_barlow_all-patient_fc-wpli_finetune_seed13_pre20_proj32_mask0_03_noise0_02_mlp1_0_sup100,True,barlow,fc-wpli,all-patient,True,13,1.0,0.1,32,0.03,0.02
multimodal_psd-fc-wpli_gated_cnn,16,sub27,sub01;sub05;sub07;sub08;sub09;sub10;sub11;sub13;sub14;sub15;sub16;sub17;sub18;sub20;sub22;sub24;sub29,sub28,22,0.3346003293991089,0.9035972356796265,0.002,1e-05,1.0,1.0,False,False,multimodal,psd-fc-wpli,gated,cnn,True,finetune,segssl_barlow_all-patient_fc-wpli_finetune_seed13_pre20_proj32_mask0_03_noise0_02_mlp1_0_sup100,True,barlow,fc-wpli,all-patient,True,13,1.0,0.1,32,0.03,0.02
multimodal_psd-fc-wpli_gated_cnn,16,sub27,sub01;sub05;sub07;sub08;sub09;sub10;sub11;sub13;sub14;sub15;sub16;sub17;sub18;sub20;sub22;sub24;sub29,sub28,23,0.3108220398426056,0.9023017883300781,0.002,1e-05,1.0,1.0,False,False,multimodal,psd-fc-wpli,gated,cnn,True,finetune,segssl_barlow_all-patient_fc-wpli_finetune_seed13_pre20_proj32_mask0_03_noise0_02_mlp1_0_sup100,True,barlow,fc-wpli,all-patient,True,13,1.0,0.1,32,0.03,0.02
multimodal_psd-fc-wpli_gated_cnn,16,sub27,sub01;sub05;sub07;sub08;sub09;sub10;sub11;sub13;sub14;sub15;sub16;sub17;sub18;sub20;sub22;sub24;sub29,sub28,24,0.2871004343032837,0.8996109962463379,0.002,1e-05,1.0,1.0,False,False,multimodal,psd-fc-wpli,gated,cnn,True,finetune,segssl_barlow_all-patient_fc-wpli_finetune_seed13_pre20_proj32_mask0_03_noise0_02_mlp1_0_sup100,True,barlow,fc-wpli,all-patient,True,13,1.0,0.1,32,0.03,0.02
multimodal_psd-fc-wpli_gated_cnn,16,sub27,sub01;sub05;sub07;sub08;sub09;sub10;sub11;sub13;sub14;sub15;sub16;sub17;sub18;sub20;sub22;sub24;sub29,sub28,25,0.26371878385543823,0.890807569026947,0.002,1e-05,1.0,1.0,False,False,multimodal,psd-fc-wpli,gated,cnn,True,finetune,segssl_barlow_all-patient_fc-wpli_finetune_seed13_pre20_proj32_mask0_03_noise0_02_mlp1_0_sup100,True,barlow,fc-wpli,all-patient,True,13,1.0,0.1,32,0.03,0.02
multimodal_psd-fc-wpli_gated_cnn,16,sub27,sub01;sub05;sub07;sub08;sub09;sub10;sub11;sub13;sub14;sub15;sub16;sub17;sub18;sub20;sub22;sub24;sub29,sub28,26,0.24086004495620728,0.876975953578949,0.002,1e-05,1.0,1.0,False,False,multimodal,psd-fc-wpli,gated,cnn,True,finetune,segssl_barlow_all-patient_fc-wpli_finetune_seed13_pre20_proj32_mask0_03_noise0_02_mlp1_0_sup100,True,barlow,fc-wpli,all-patient,True,13,1.0,0.1,32,0.03,0.02
multimodal_psd-fc-wpli_gated_cnn,16,sub27,sub01;sub05;sub07;sub08;sub09;sub10;sub11;sub13;sub14;sub15;sub16;sub17;sub18;sub20;sub22;sub24;sub29,sub28,27,0.2186204046010971,0.8611282706260681,0.002,1e-05,1.0,1.0,False,False,multimodal,psd-fc-wpli,gated,cnn,True,finetune,segssl_barlow_all-patient_fc-wpli_finetune_seed13_pre20_proj32_mask0_03_noise0_02_mlp1_0_sup100,True,barlow,fc-wpli,all-patient,True,13,1.0,0.1,32,0.03,0.02
multimodal_psd-fc-wpli_gated_cnn,16,sub27,sub01;sub05;sub07;sub08;sub09;sub10;sub11;sub13;sub14;sub15;sub16;sub17;sub18;sub20;sub22;sub24;sub29,sub28,28,0.19725923240184784,0.8378382921218872,0.002,1e-05,1.0,1.0,False,False,multimodal,psd-fc-wpli,gated,cnn,True,finetune,segssl_barlow_all-patient_fc-wpli_finetune_seed13_pre20_proj32_mask0_03_noise0_02_mlp1_0_sup100,True,barlow,fc-wpli,all-patient,True,13,1.0,0.1,32,0.03,0.02
multimodal_psd-fc-wpli_gated_cnn,16,sub27,sub01;sub05;sub07;sub08;sub09;sub10;sub11;sub13;sub14;sub15;sub16;sub17;sub18;sub20;sub22;sub24;sub29,sub28,29,0.1771332174539566,0.7961028814315796,0.002,1e-05,1.0,1.0,False,False,multimodal,psd-fc-wpli,gated,cnn,True,finetune,segssl_barlow_all-patient_fc-wpli_finetune_seed13_pre20_proj32_mask0_03_noise0_02_mlp1_0_sup100,True,barlow,fc-wpli,all-patient,True,13,1.0,0.1,32,0.03,0.02
multimodal_psd-fc-wpli_gated_cnn,16,sub27,sub01;sub05;sub07;sub08;sub09;sub10;sub11;sub13;sub14;sub15;sub16;sub17;sub18;sub20;sub22;sub24;sub29,sub28,30,0.15817207098007202,0.747376024723053,0.002,1e-05,1.0,1.0,True,False,multimodal,psd-fc-wpli,gated,cnn,True,finetune,segssl_barlow_all-patient_fc-wpli_finetune_seed13_pre20_proj32_mask0_03_noise0_02_mlp1_0_sup100,True,barlow,fc-wpli,all-patient,True,13,1.0,0.1,32,0.03,0.02
multimodal_psd-fc-wpli_gated_cnn,16,sub27,sub01;sub05;sub07;sub08;sub09;sub10;sub11;sub13;sub14;sub15;sub16;sub17;sub18;sub20;sub22;sub24;sub29,sub28,31,0.1406373679637909,0.7024842500686646,0.002,1e-05,1.0,1.0,True,False,multimodal,psd-fc-wpli,gated,cnn,True,finetune,segssl_barlow_all-patient_fc-wpli_finetune_seed13_pre20_proj32_mask0_03_noise0_02_mlp1_0_sup100,True,barlow,fc-wpli,all-patient,True,13,1.0,0.1,32,0.03,0.02
multimodal_psd-fc-wpli_gated_cnn,16,sub27,sub01;sub05;sub07;sub08;sub09;sub10;sub11;sub13;sub14;sub15;sub16;sub17;sub18;sub20;sub22;sub24;sub29,sub28,32,0.12427876889705658,0.670663595199585,0.002,1e-05,1.0,1.0,True,False,multimodal,psd-fc-wpli,gated,cnn,True,finetune,segssl_barlow_all-patient_fc-wpli_finetune_seed13_pre20_proj32_mask0_03_noise0_02_mlp1_0_sup100,True,barlow,fc-wpli,all-patient,True,13,1.0,0.1,32,0.03,0.02
multimodal_psd-fc-wpli_gated_cnn,16,sub27,sub01;sub05;sub07;sub08;sub09;sub10;sub11;sub13;sub14;sub15;sub16;sub17;sub18;sub20;sub22;sub24;sub29,sub28,33,0.10914009064435959,0.6380937099456787,0.002,1e-05,1.0,1.0,True,False,multimodal,psd-fc-wpli,gated,cnn,True,finetune,segssl_barlow_all-patient_fc-wpli_finetune_seed13_pre20_proj32_mask0_03_noise0_02_mlp1_0_sup100,True,barlow,fc-wpli,all-patient,True,13,1.0,0.1,32,0.03,0.02
multimodal_psd-fc-wpli_gated_cnn,16,sub27,sub01;sub05;sub07;sub08;sub09;sub10;sub11;sub13;sub14;sub15;sub16;sub17;sub18;sub20;sub22;sub24;sub29,sub28,34,0.0954260304570198,0.5851337909698486,0.002,1e-05,1.0,1.0,True,False,multimodal,psd-fc-wpli,gated,cnn,True,finetune,segssl_barlow_all-patient_fc-wpli_finetune_seed13_pre20_proj32_mask0_03_noise0_02_mlp1_0_sup100,True,barlow,fc-wpli,all-patient,True,13,1.0,0.1,32,0.03,0.02
multimodal_psd-fc-wpli_gated_cnn,16,sub27,sub01;sub05;sub07;sub08;sub09;sub10;sub11;sub13;sub14;sub15;sub16;sub17;sub18;sub20;sub22;sub24;sub29,sub28,35,0.08304030448198318,0.5088284611701965,0.002,1e-05,1.0,1.0,True,False,multimodal,psd-fc-wpli,gated,cnn,True,finetune,segssl_barlow_all-patient_fc-wpli_finetune_seed13_pre20_proj32_mask0_03_noise0_02_mlp1_0_sup100,True,barlow,fc-wpli,all-patient,True,13,1.0,0.1,32,0.03,0.02
multimodal_psd-fc-wpli_gated_cnn,16,sub27,sub01;sub05;sub07;sub08;sub09;sub10;sub11;sub13;sub14;sub15;sub16;sub17;sub18;sub20;sub22;sub24;sub29,sub28,36,0.07181832939386368,0.43895697593688965,0.002,1e-05,1.0,1.0,True,False,multimodal,psd-fc-wpli,gated,cnn,True,finetune,segssl_barlow_all-patient_fc-wpli_finetune_seed13_pre20_proj32_mask0_03_noise0_02_mlp1_0_sup100,True,barlow,fc-wpli,all-patient,True,13,1.0,0.1,32,0.03,0.02
multimodal_psd-fc-wpli_gated_cnn,16,sub27,sub01;sub05;sub07;sub08;sub09;sub10;sub11;sub13;sub14;sub15;sub16;sub17;sub18;sub20;sub22;sub24;sub29,sub28,37,0.0619671568274498,0.37849003076553345,0.002,1e-05,1.0,1.0,True,False,multimodal,psd-fc-wpli,gated,cnn,True,finetune,segssl_barlow_all-patient_fc-wpli_finetune_seed13_pre20_proj32_mask0_03_noise0_02_mlp1_0_sup100,True,barlow,fc-wpli,all-patient,True,13,1.0,0.1,32,0.03,0.02
multimodal_psd-fc-wpli_gated_cnn,16,sub27,sub01;sub05;sub07;sub08;sub09;sub10;sub11;sub13;sub14;sub15;sub16;sub17;sub18;sub20;sub22;sub24;sub29,sub28,38,0.05328255519270897,0.32300904393196106,0.002,1e-05,1.0,1.0,True,False,multimodal,psd-fc-wpli,gated,cnn,True,finetune,segssl_barlow_all-patient_fc-wpli_finetune_seed13_pre20_proj32_mask0_03_noise0_02_mlp1_0_sup100,True,barlow,fc-wpli,all-patient,True,13,1.0,0.1,32,0.03,0.02
multimodal_psd-fc-wpli_gated_cnn,16,sub27,sub01;sub05;sub07;sub08;sub09;sub10;sub11;sub13;sub14;sub15;sub16;sub17;sub18;sub20;sub22;sub24;sub29,sub28,39,0.04558730870485306,0.26997482776641846,0.002,1e-05,1.0,1.0,True,False,multimodal,psd-fc-wpli,gated,cnn,True,finetune,segssl_barlow_all-patient_fc-wpli_finetune_seed13_pre20_proj32_mask0_03_noise0_02_mlp1_0_sup100,True,barlow,fc-wpli,all-patient,True,13,1.0,0.1,32,0.03,0.02
multimodal_psd-fc-wpli_gated_cnn,16,sub27,sub01;sub05;sub07;sub08;sub09;sub10;sub11;sub13;sub14;sub15;sub16;sub17;sub18;sub20;sub22;sub24;sub29,sub28,40,0.03884114325046539,0.22311492264270782,0.002,1e-05,1.0,1.0,True,False,multimodal,psd-fc-wpli,gated,cnn,True,finetune,segssl_barlow_all-patient_fc-wpli_finetune_seed13_pre20_proj32_mask0_03_noise0_02_mlp1_0_sup100,True,barlow,fc-wpli,all-patient,True,13,1.0,0.1,32,0.03,0.02
multimodal_psd-fc-wpli_gated_cnn,16,sub27,sub01;sub05;sub07;sub08;sub09;sub10;sub11;sub13;sub14;sub15;sub16;sub17;sub18;sub20;sub22;sub24;sub29,sub28,41,0.03295036777853966,0.18466328084468842,0.002,1e-05,1.0,1.0,True,False,multimodal,psd-fc-wpli,gated,cnn,True,finetune,segssl_barlow_all-patient_fc-wpli_finetune_seed13_pre20_proj32_mask0_03_noise0_02_mlp1_0_sup100,True,barlow,fc-wpli,all-patient,True,13,1.0,0.1,32,0.03,0.02
multimodal_psd-fc-wpli_gated_cnn,16,sub27,sub01;sub05;sub07;sub08;sub09;sub10;sub11;sub13;sub14;sub15;sub16;sub17;sub18;sub20;sub22;sub24;sub29,sub28,42,0.02789461240172386,0.152942955493927,0.002,1e-05,1.0,1.0,True,False,multimodal,psd-fc-wpli,gated,cnn,True,finetune,segssl_barlow_all-patient_fc-wpli_finetune_seed13_pre20_proj32_mask0_03_noise0_02_mlp1_0_sup100,True,barlow,fc-wpli,all-patient,True,13,1.0,0.1,32,0.03,0.02
multimodal_psd-fc-wpli_gated_cnn,16,sub27,sub01;sub05;sub07;sub08;sub09;sub10;sub11;sub13;sub14;sub15;sub16;sub17;sub18;sub20;sub22;sub24;sub29,sub28,43,0.023594560101628304,0.12932650744915009,0.002,1e-05,1.0,1.0,True,False,multimodal,psd-fc-wpli,gated,cnn,True,finetune,segssl_barlow_all-patient_fc-wpli_finetune_seed13_pre20_proj32_mask0_03_noise0_02_mlp1_0_sup100,True,barlow,fc-wpli,all-patient,True,13,1.0,0.1,32,0.03,0.02
multimodal_psd-fc-wpli_gated_cnn,16,sub27,sub01;sub05;sub07;sub08;sub09;sub10;sub11;sub13;sub14;sub15;sub16;sub17;sub18;sub20;sub22;sub24;sub29,sub28,44,0.019946513697504997,0.11073154211044312,0.002,1e-05,1.0,1.0,True,False,multimodal,psd-fc-wpli,gated,cnn,True,finetune,segssl_barlow_all-patient_fc-wpli_finetune_seed13_pre20_proj32_mask0_03_noise0_02_mlp1_0_sup100,True,barlow,fc-wpli,all-patient,True,13,1.0,0.1,32,0.03,0.02
multimodal_psd-fc-wpli_gated_cnn,16,sub27,sub01;sub05;sub07;sub08;sub09;sub10;sub11;sub13;sub14;sub15;sub16;sub17;sub18;sub20;sub22;sub24;sub29,sub28,45,0.016856053844094276,0.0954248309135437,0.002,1e-05,1.0,1.0,True,False,multimodal,psd-fc-wpli,gated,cnn,True,finetune,segssl_barlow_all-patient_fc-wpli_finetune_seed13_pre20_proj32_mask0_03_noise0_02_mlp1_0_sup100,True,barlow,fc-wpli,all-patient,True,13,1.0,0.1,32,0.03,0.02
multimodal_psd-fc-wpli_gated_cnn,16,sub27,sub01;sub05;sub07;sub08;sub09;sub10;sub11;sub13;sub14;sub15;sub16;sub17;sub18;sub20;sub22;sub24;sub29,sub28,46,0.014248691499233246,0.08320091664791107,0.002,1e-05,1.0,1.0,True,False,multimodal,psd-fc-wpli,gated,cnn,True,finetune,segssl_barlow_all-patient_fc-wpli_finetune_seed13_pre20_proj32_mask0_03_noise0_02_mlp1_0_sup100,True,barlow,fc-wpli,all-patient,True,13,1.0,0.1,32,0.03,0.02
multimodal_psd-fc-wpli_gated_cnn,16,sub27,sub01;sub05;sub07;sub08;sub09;sub10;sub11;sub13;sub14;sub15;sub16;sub17;sub18;sub20;sub22;sub24;sub29,sub28,47,0.01209021545946598,0.07347477972507477,0.002,1e-05,1.0,1.0,True,False,multimodal,psd-fc-wpli,gated,cnn,True,finetune,segssl_barlow_all-patient_fc-wpli_finetune_seed13_pre20_proj32_mask0_03_noise0_02_mlp1_0_sup100,True,barlow,fc-wpli,all-patient,True,13,1.0,0.1,32,0.03,0.02
multimodal_psd-fc-wpli_gated_cnn,16,sub27,sub01;sub05;sub07;sub08;sub09;sub10;sub11;sub13;sub14;sub15;sub16;sub17;sub18;sub20;sub22;sub24;sub29,sub28,48,0.010283186100423336,0.06576327979564667,0.002,1e-05,1.0,1.0,True,False,multimodal,psd-fc-wpli,gated,cnn,True,finetune,segssl_barlow_all-patient_fc-wpli_finetune_seed13_pre20_proj32_mask0_03_noise0_02_mlp1_0_sup100,True,barlow,fc-wpli,all-patient,True,13,1.0,0.1,32,0.03,0.02
multimodal_psd-fc-wpli_gated_cnn,16,sub27,sub01;sub05;sub07;sub08;sub09;sub10;sub11;sub13;sub14;sub15;sub16;sub17;sub18;sub20;sub22;sub24;sub29,sub28,49,0.008763710968196392,0.05938361585140228,0.002,1e-05,1.0,1.0,True,False,multimodal,psd-fc-wpli,gated,cnn,True,finetune,segssl_barlow_all-patient_fc-wpli_finetune_seed13_pre20_proj32_mask0_03_noise0_02_mlp1_0_sup100,True,barlow,fc-wpli,all-patient,True,13,1.0,0.1,32,0.03,0.02
multimodal_psd-fc-wpli_gated_cnn,16,sub27,sub01;sub05;sub07;sub08;sub09;sub10;sub11;sub13;sub14;sub15;sub16;sub17;sub18;sub20;sub22;sub24;sub29,sub28,50,0.007500334642827511,0.05405253916978836,0.002,1e-05,1.0,1.0,True,False,multimodal,psd-fc-wpli,gated,cnn,True,finetune,segssl_barlow_all-patient_fc-wpli_finetune_seed13_pre20_proj32_mask0_03_noise0_02_mlp1_0_sup100,True,barlow,fc-wpli,all-patient,True,13,1.0,0.1,32,0.03,0.02
multimodal_psd-fc-wpli_gated_cnn,16,sub27,sub01;sub05;sub07;sub08;sub09;sub10;sub11;sub13;sub14;sub15;sub16;sub17;sub18;sub20;sub22;sub24;sub29,sub28,51,0.006451250519603491,0.049606289714574814,0.002,1e-05,1.0,1.0,True,False,multimodal,psd-fc-wpli,gated,cnn,True,finetune,segssl_barlow_all-patient_fc-wpli_finetune_seed13_pre20_proj32_mask0_03_noise0_02_mlp1_0_sup100,True,barlow,fc-wpli,all-patient,True,13,1.0,0.1,32,0.03,0.02
multimodal_psd-fc-wpli_gated_cnn,16,sub27,sub01;sub05;sub07;sub08;sub09;sub10;sub11;sub13;sub14;sub15;sub16;sub17;sub18;sub20;sub22;sub24;sub29,sub28,52,0.005574238486588001,0.04584188386797905,0.002,1e-05,1.0,1.0,True,False,multimodal,psd-fc-wpli,gated,cnn,True,finetune,segssl_barlow_all-patient_fc-wpli_finetune_seed13_pre20_proj32_mask0_03_noise0_02_mlp1_0_sup100,True,barlow,fc-wpli,all-patient,True,13,1.0,0.1,32,0.03,0.02
multimodal_psd-fc-wpli_gated_cnn,16,sub27,sub01;sub05;sub07;sub08;sub09;sub10;sub11;sub13;sub14;sub15;sub16;sub17;sub18;sub20;sub22;sub24;sub29,sub28,53,0.004838235676288605,0.04259776324033737,0.002,1e-05,1.0,1.0,True,False,multimodal,psd-fc-wpli,gated,cnn,True,finetune,segssl_barlow_all-patient_fc-wpli_finetune_seed13_pre20_proj32_mask0_03_noise0_02_mlp1_0_sup100,True,barlow,fc-wpli,all-patient,True,13,1.0,0.1,32,0.03,0.02
multimodal_psd-fc-wpli_gated_cnn,16,sub27,sub01;sub05;sub07;sub08;sub09;sub10;sub11;sub13;sub14;sub15;sub16;sub17;sub18;sub20;sub22;sub24;sub29,sub28,54,0.004222974181175232,0.039729490876197815,0.002,1e-05,1.0,1.0,True,False,multimodal,psd-fc-wpli,gated,cnn,True,finetune,segssl_barlow_all-patient_fc-wpli_finetune_seed13_pre20_proj32_mask0_03_noise0_02_mlp1_0_sup100,True,barlow,fc-wpli,all-patient,True,13,1.0,0.1,32,0.03,0.02
multimodal_psd-fc-wpli_gated_cnn,16,sub27,sub01;sub05;sub07;sub08;sub09;sub10;sub11;sub13;sub14;sub15;sub16;sub17;sub18;sub20;sub22;sub24;sub29,sub28,55,0.0037060107570141554,0.03709900751709938,0.002,1e-05,1.0,1.0,True,False,multimodal,psd-fc-wpli,gated,cnn,True,finetune,segssl_barlow_all-patient_fc-wpli_finetune_seed13_pre20_proj32_mask0_03_noise0_02_mlp1_0_sup100,True,barlow,fc-wpli,all-patient,True,13,1.0,0.1,32,0.03,0.02
multimodal_psd-fc-wpli_gated_cnn,16,sub27,sub01;sub05;sub07;sub08;sub09;sub10;sub11;sub13;sub14;sub15;sub16;sub17;sub18;sub20;sub22;sub24;sub29,sub28,56,0.003269294975325465,0.03463239595293999,0.002,1e-05,1.0,1.0,True,False,multimodal,psd-fc-wpli,gated,cnn,True,finetune,segssl_barlow_all-patient_fc-wpli_finetune_seed13_pre20_proj32_mask0_03_noise0_02_mlp1_0_sup100,True,barlow,fc-wpli,all-patient,True,13,1.0,0.1,32,0.03,0.02
multimodal_psd-fc-wpli_gated_cnn,16,sub27,sub01;sub05;sub07;sub08;sub09;sub10;sub11;sub13;sub14;sub15;sub16;sub17;sub18;sub20;sub22;sub24;sub29,sub28,57,0.0029010833241045475,0.032214321196079254,0.002,1e-05,1.0,1.0,True,False,multimodal,psd-fc-wpli,gated,cnn,True,finetune,segssl_barlow_all-patient_fc-wpli_finetune_seed13_pre20_proj32_mask0_03_noise0_02_mlp1_0_sup100,True,barlow,fc-wpli,all-patient,True,13,1.0,0.1,32,0.03,0.02
multimodal_psd-fc-wpli_gated_cnn,16,sub27,sub01;sub05;sub07;sub08;sub09;sub10;sub11;sub13;sub14;sub15;sub16;sub17;sub18;sub20;sub22;sub24;sub29,sub28,58,0.0025883850175887346,0.02988443523645401,0.002,1e-05,1.0,1.0,True,False,multimodal,psd-fc-wpli,gated,cnn,True,finetune,segssl_barlow_all-patient_fc-wpli_finetune_seed13_pre20_proj32_mask0_03_noise0_02_mlp1_0_sup100,True,barlow,fc-wpli,all-patient,True,13,1.0,0.1,32,0.03,0.02
multimodal_psd-fc-wpli_gated_cnn,16,sub27,sub01;sub05;sub07;sub08;sub09;sub10;sub11;sub13;sub14;sub15;sub16;sub17;sub18;sub20;sub22;sub24;sub29,sub28,59,0.002321637934073806,0.027647031471133232,0.002,1e-05,1.0,1.0,True,False,multimodal,psd-fc-wpli,gated,cnn,True,finetune,segssl_barlow_all-patient_fc-wpli_finetune_seed13_pre20_proj32_mask0_03_noise0_02_mlp1_0_sup100,True,barlow,fc-wpli,all-patient,True,13,1.0,0.1,32,0.03,0.02
multimodal_psd-fc-wpli_gated_cnn,16,sub27,sub01;sub05;sub07;sub08;sub09;sub10;sub11;sub13;sub14;sub15;sub16;sub17;sub18;sub20;sub22;sub24;sub29,sub28,60,0.0020924180280417204,0.02553660236299038,0.002,1e-05,1.0,1.0,True,False,multimodal,psd-fc-wpli,gated,cnn,True,finetune,segssl_barlow_all-patient_fc-wpli_finetune_seed13_pre20_proj32_mask0_03_noise0_02_mlp1_0_sup100,True,barlow,fc-wpli,all-patient,True,13,1.0,0.1,32,0.03,0.02
multimodal_psd-fc-wpli_gated_cnn,16,sub27,sub01;sub05;sub07;sub08;sub09;sub10;sub11;sub13;sub14;sub15;sub16;sub17;sub18;sub20;sub22;sub24;sub29,sub28,61,0.0018944129114970565,0.023580243811011314,0.002,1e-05,1.0,1.0,True,False,multimodal,psd-fc-wpli,gated,cnn,True,finetune,segssl_barlow_all-patient_fc-wpli_finetune_seed13_pre20_proj32_mask0_03_noise0_02_mlp1_0_sup100,True,barlow,fc-wpli,all-patient,True,13,1.0,0.1,32,0.03,0.02
multimodal_psd-fc-wpli_gated_cnn,16,sub27,sub01;sub05;sub07;sub08;sub09;sub10;sub11;sub13;sub14;sub15;sub16;sub17;sub18;sub20;sub22;sub24;sub29,sub28,62,0.001723546884022653,0.021822325885295868,0.002,1e-05,1.0,1.0,True,False,multimodal,psd-fc-wpli,gated,cnn,True,finetune,segssl_barlow_all-patient_fc-wpli_finetune_seed13_pre20_proj32_mask0_03_noise0_02_mlp1_0_sup100,True,barlow,fc-wpli,all-patient,True,13,1.0,0.1,32,0.03,0.02
multimodal_psd-fc-wpli_gated_cnn,16,sub27,sub01;sub05;sub07;sub08;sub09;sub10;sub11;sub13;sub14;sub15;sub16;sub17;sub18;sub20;sub22;sub24;sub29,sub28,63,0.0015753842890262604,0.02025967836380005,0.002,1e-05,1.0,1.0,True,False,multimodal,psd-fc-wpli,gated,cnn,True,finetune,segssl_barlow_all-patient_fc-wpli_finetune_seed13_pre20_proj32_mask0_03_noise0_02_mlp1_0_sup100,True,barlow,fc-wpli,all-patient,True,13,1.0,0.1,32,0.03,0.02
multimodal_psd-fc-wpli_gated_cnn,16,sub27,sub01;sub05;sub07;sub08;sub09;sub10;sub11;sub13;sub14;sub15;sub16;sub17;sub18;sub20;sub22;sub24;sub29,sub28,64,0.0014462854014709592,0.018863817676901817,0.002,1e-05,1.0,1.0,True,False,multimodal,psd-fc-wpli,gated,cnn,True,finetune,segssl_barlow_all-patient_fc-wpli_finetune_seed13_pre20_proj32_mask0_03_noise0_02_mlp1_0_sup100,True,barlow,fc-wpli,all-patient,True,13,1.0,0.1,32,0.03,0.02
multimodal_psd-fc-wpli_gated_cnn,16,sub27,sub01;sub05;sub07;sub08;sub09;sub10;sub11;sub13;sub14;sub15;sub16;sub17;sub18;sub20;sub22;sub24;sub29,sub28,65,0.0013330635847523808,0.01761026866734028,0.002,1e-05,1.0,1.0,True,False,multimodal,psd-fc-wpli,gated,cnn,True,finetune,segssl_barlow_all-patient_fc-wpli_finetune_seed13_pre20_proj32_mask0_03_noise0_02_mlp1_0_sup100,True,barlow,fc-wpli,all-patient,True,13,1.0,0.1,32,0.03,0.02
multimodal_psd-fc-wpli_gated_cnn,16,sub27,sub01;sub05;sub07;sub08;sub09;sub10;sub11;sub13;sub14;sub15;sub16;sub17;sub18;sub20;sub22;sub24;sub29,sub28,66,0.0012335262726992369,0.01643499545753002,0.002,1e-05,1.0,1.0,True,False,multimodal,psd-fc-wpli,gated,cnn,True,finetune,segssl_barlow_all-patient_fc-wpli_finetune_seed13_pre20_proj32_mask0_03_noise0_02_mlp1_0_sup100,True,barlow,fc-wpli,all-patient,True,13,1.0,0.1,32,0.03,0.02
multimodal_psd-fc-wpli_gated_cnn,16,sub27,sub01;sub05;sub07;sub08;sub09;sub10;sub11;sub13;sub14;sub15;sub16;sub17;sub18;sub20;sub22;sub24;sub29,sub28,67,0.0011460400419309735,0.015329978428781033,0.002,1e-05,1.0,1.0,True,False,multimodal,psd-fc-wpli,gated,cnn,True,finetune,segssl_barlow_all-patient_fc-wpli_finetune_seed13_pre20_proj32_mask0_03_noise0_02_mlp1_0_sup100,True,barlow,fc-wpli,all-patient,True,13,1.0,0.1,32,0.03,0.02
multimodal_psd-fc-wpli_gated_cnn,16,sub27,sub01;sub05;sub07;sub08;sub09;sub10;sub11;sub13;sub14;sub15;sub16;sub17;sub18;sub20;sub22;sub24;sub29,sub28,68,0.0010693215299397707,0.014319532550871372,0.002,1e-05,1.0,1.0,True,False,multimodal,psd-fc-wpli,gated,cnn,True,finetune,segssl_barlow_all-patient_fc-wpli_finetune_seed13_pre20_proj32_mask0_03_noise0_02_mlp1_0_sup100,True,barlow,fc-wpli,all-patient,True,13,1.0,0.1,32,0.03,0.02
multimodal_psd-fc-wpli_gated_cnn,16,sub27,sub01;sub05;sub07;sub08;sub09;sub10;sub11;sub13;sub14;sub15;sub16;sub17;sub18;sub20;sub22;sub24;sub29,sub28,69,0.0010015723528340459,0.01337969396263361,0.002,1e-05,1.0,1.0,True,False,multimodal,psd-fc-wpli,gated,cnn,True,finetune,segssl_barlow_all-patient_fc-wpli_finetune_seed13_pre20_proj32_mask0_03_noise0_02_mlp1_0_sup100,True,barlow,fc-wpli,all-patient,True,13,1.0,0.1,32,0.03,0.02
multimodal_psd-fc-wpli_gated_cnn,16,sub27,sub01;sub05;sub07;sub08;sub09;sub10;sub11;sub13;sub14;sub15;sub16;sub17;sub18;sub20;sub22;sub24;sub29,sub28,70,0.0009411979699507356,0.012477553449571133,0.002,1e-05,1.0,1.0,True,False,multimodal,psd-fc-wpli,gated,cnn,True,finetune,segssl_barlow_all-patient_fc-wpli_finetune_seed13_pre20_proj32_mask0_03_noise0_02_mlp1_0_sup100,True,barlow,fc-wpli,all-patient,True,13,1.0,0.1,32,0.03,0.02
multimodal_psd-fc-wpli_gated_cnn,16,sub27,sub01;sub05;sub07;sub08;sub09;sub10;sub11;sub13;sub14;sub15;sub16;sub17;sub18;sub20;sub22;sub24;sub29,sub28,71,0.0008869413286447525,0.011630916967988014,0.002,1e-05,1.0,1.0,True,False,multimodal,psd-fc-wpli,gated,cnn,True,finetune,segssl_barlow_all-patient_fc-wpli_finetune_seed13_pre20_proj32_mask0_03_noise0_02_mlp1_0_sup100,True,barlow,fc-wpli,all-patient,True,13,1.0,0.1,32,0.03,0.02
multimodal_psd-fc-wpli_gated_cnn,16,sub27,sub01;sub05;sub07;sub08;sub09;sub10;sub11;sub13;sub14;sub15;sub16;sub17;sub18;sub20;sub22;sub24;sub29,sub28,72,0.0008381243096664548,0.010864772833883762,0.002,1e-05,1.0,1.0,True,False,multimodal,psd-fc-wpli,gated,cnn,True,finetune,segssl_barlow_all-patient_fc-wpli_finetune_seed13_pre20_proj32_mask0_03_noise0_02_mlp1_0_sup100,True,barlow,fc-wpli,all-patient,True,13,1.0,0.1,32,0.03,0.02
multimodal_psd-fc-wpli_gated_cnn,16,sub27,sub01;sub05;sub07;sub08;sub09;sub10;sub11;sub13;sub14;sub15;sub16;sub17;sub18;sub20;sub22;sub24;sub29,sub28,73,0.0007941533112898469,0.010169964283704758,0.002,1e-05,1.0,1.0,True,False,multimodal,psd-fc-wpli,gated,cnn,True,finetune,segssl_barlow_all-patient_fc-wpli_finetune_seed13_pre20_proj32_mask0_03_noise0_02_mlp1_0_sup100,True,barlow,fc-wpli,all-patient,True,13,1.0,0.1,32,0.03,0.02
multimodal_psd-fc-wpli_gated_cnn,16,sub27,sub01;sub05;sub07;sub08;sub09;sub10;sub11;sub13;sub14;sub15;sub16;sub17;sub18;sub20;sub22;sub24;sub29,sub28,74,0.0007545428234152496,0.009532863274216652,0.002,1e-05,1.0,1.0,True,False,multimodal,psd-fc-wpli,gated,cnn,True,finetune,segssl_barlow_all-patient_fc-wpli_finetune_seed13_pre20_proj32_mask0_03_noise0_02_mlp1_0_sup100,True,barlow,fc-wpli,all-patient,True,13,1.0,0.1,32,0.03,0.02
multimodal_psd-fc-wpli_gated_cnn,16,sub27,sub01;sub05;sub07;sub08;sub09;sub10;sub11;sub13;sub14;sub15;sub16;sub17;sub18;sub20;sub22;sub24;sub29,sub28,75,0.0007187207229435444,0.00895155593752861,0.002,1e-05,1.0,1.0,True,False,multimodal,psd-fc-wpli,gated,cnn,True,finetune,segssl_barlow_all-patient_fc-wpli_finetune_seed13_pre20_proj32_mask0_03_noise0_02_mlp1_0_sup100,True,barlow,fc-wpli,all-patient,True,13,1.0,0.1,32,0.03,0.02
multimodal_psd-fc-wpli_gated_cnn,16,sub27,sub01;sub05;sub07;sub08;sub09;sub10;sub11;sub13;sub14;sub15;sub16;sub17;sub18;sub20;sub22;sub24;sub29,sub28,76,0.0006859421846456826,0.008435802534222603,0.002,1e-05,1.0,1.0,True,False,multimodal,psd-fc-wpli,gated,cnn,True,finetune,segssl_barlow_all-patient_fc-wpli_finetune_seed13_pre20_proj32_mask0_03_noise0_02_mlp1_0_sup100,True,barlow,fc-wpli,all-patient,True,13,1.0,0.1,32,0.03,0.02
multimodal_psd-fc-wpli_gated_cnn,16,sub27,sub01;sub05;sub07;sub08;sub09;sub10;sub11;sub13;sub14;sub15;sub16;sub17;sub18;sub20;sub22;sub24;sub29,sub28,77,0.0006561004556715488,0.007969701662659645,0.002,1e-05,1.0,1.0,True,False,multimodal,psd-fc-wpli,gated,cnn,True,finetune,segssl_barlow_all-patient_fc-wpli_finetune_seed13_pre20_proj32_mask0_03_noise0_02_mlp1_0_sup100,True,barlow,fc-wpli,all-patient,True,13,1.0,0.1,32,0.03,0.02
multimodal_psd-fc-wpli_gated_cnn,16,sub27,sub01;sub05;sub07;sub08;sub09;sub10;sub11;sub13;sub14;sub15;sub16;sub17;sub18;sub20;sub22;sub24;sub29,sub28,78,0.0006287647993303835,0.0075469366274774075,0.002,1e-05,1.0,1.0,True,False,multimodal,psd-fc-wpli,gated,cnn,True,finetune,segssl_barlow_all-patient_fc-wpli_finetune_seed13_pre20_proj32_mask0_03_noise0_02_mlp1_0_sup100,True,barlow,fc-wpli,all-patient,True,13,1.0,0.1,32,0.03,0.02
multimodal_psd-fc-wpli_gated_cnn,16,sub27,sub01;sub05;sub07;sub08;sub09;sub10;sub11;sub13;sub14;sub15;sub16;sub17;sub18;sub20;sub22;sub24;sub29,sub28,79,0.0006035765982232988,0.007172796409577131,0.002,1e-05,1.0,1.0,True,False,multimodal,psd-fc-wpli,gated,cnn,True,finetune,segssl_barlow_all-patient_fc-wpli_finetune_seed13_pre20_proj32_mask0_03_noise0_02_mlp1_0_sup100,True,barlow,fc-wpli,all-patient,True,13,1.0,0.1,32,0.03,0.02
multimodal_psd-fc-wpli_gated_cnn,16,sub27,sub01;sub05;sub07;sub08;sub09;sub10;sub11;sub13;sub14;sub15;sub16;sub17;sub18;sub20;sub22;sub24;sub29,sub28,80,0.0005803841631859541,0.006840744987130165,0.002,1e-05,1.0,1.0,True,False,multimodal,psd-fc-wpli,gated,cnn,True,finetune,segssl_barlow_all-patient_fc-wpli_finetune_seed13_pre20_proj32_mask0_03_noise0_02_mlp1_0_sup100,True,barlow,fc-wpli,all-patient,True,13,1.0,0.1,32,0.03,0.02
multimodal_psd-fc-wpli_gated_cnn,16,sub27,sub01;sub05;sub07;sub08;sub09;sub10;sub11;sub13;sub14;sub15;sub16;sub17;sub18;sub20;sub22;sub24;sub29,sub28,81,0.0005589117645286024,0.00653808144852519,0.002,1e-05,1.0,1.0,True,False,multimodal,psd-fc-wpli,gated,cnn,True,finetune,segssl_barlow_all-patient_fc-wpli_finetune_seed13_pre20_proj32_mask0_03_noise0_02_mlp1_0_sup100,True,barlow,fc-wpli,all-patient,True,13,1.0,0.1,32,0.03,0.02
multimodal_psd-fc-wpli_gated_cnn,16,sub27,sub01;sub05;sub07;sub08;sub09;sub10;sub11;sub13;sub14;sub15;sub16;sub17;sub18;sub20;sub22;sub24;sub29,sub28,82,0.0005390781443566084,0.006265018600970507,0.002,1e-05,1.0,1.0,True,False,multimodal,psd-fc-wpli,gated,cnn,True,finetune,segssl_barlow_all-patient_fc-wpli_finetune_seed13_pre20_proj32_mask0_03_noise0_02_mlp1_0_sup100,True,barlow,fc-wpli,all-patient,True,13,1.0,0.1,32,0.03,0.02
multimodal_psd-fc-wpli_gated_cnn,16,sub27,sub01;sub05;sub07;sub08;sub09;sub10;sub11;sub13;sub14;sub15;sub16;sub17;sub18;sub20;sub22;sub24;sub29,sub28,83,0.0005207025678828359,0.0060132574290037155,0.002,1e-05,1.0,1.0,True,False,multimodal,psd-fc-wpli,gated,cnn,True,finetune,segssl_barlow_all-patient_fc-wpli_finetune_seed13_pre20_proj32_mask0_03_noise0_02_mlp1_0_sup100,True,barlow,fc-wpli,all-patient,True,13,1.0,0.1,32,0.03,0.02
multimodal_psd-fc-wpli_gated_cnn,16,sub27,sub01;sub05;sub07;sub08;sub09;sub10;sub11;sub13;sub14;sub15;sub16;sub17;sub18;sub20;sub22;sub24;sub29,sub28,84,0.0005036357906647027,0.00577588751912117,0.002,1e-05,1.0,1.0,True,False,multimodal,psd-fc-wpli,gated,cnn,True,finetune,segssl_barlow_all-patient_fc-wpli_finetune_seed13_pre20_proj32_mask0_03_noise0_02_mlp1_0_sup100,True,barlow,fc-wpli,all-patient,True,13,1.0,0.1,32,0.03,0.02
multimodal_psd-fc-wpli_gated_cnn,16,sub27,sub01;sub05;sub07;sub08;sub09;sub10;sub11;sub13;sub14;sub15;sub16;sub17;sub18;sub20;sub22;sub24;sub29,sub28,85,0.00048769719433039427,0.005562068894505501,0.002,1e-05,1.0,1.0,True,False,multimodal,psd-fc-wpli,gated,cnn,True,finetune,segssl_barlow_all-patient_fc-wpli_finetune_seed13_pre20_proj32_mask0_03_noise0_02_mlp1_0_sup100,True,barlow,fc-wpli,all-patient,True,13,1.0,0.1,32,0.03,0.02
multimodal_psd-fc-wpli_gated_cnn,16,sub27,sub01;sub05;sub07;sub08;sub09;sub10;sub11;sub13;sub14;sub15;sub16;sub17;sub18;sub20;sub22;sub24;sub29,sub28,86,0.00047275828546844423,0.005368910729885101,0.002,1e-05,1.0,1.0,True,False,multimodal,psd-fc-wpli,gated,cnn,True,finetune,segssl_barlow_all-patient_fc-wpli_finetune_seed13_pre20_proj32_mask0_03_noise0_02_mlp1_0_sup100,True,barlow,fc-wpli,all-patient,True,13,1.0,0.1,32,0.03,0.02
multimodal_psd-fc-wpli_gated_cnn,16,sub27,sub01;sub05;sub07;sub08;sub09;sub10;sub11;sub13;sub14;sub15;sub16;sub17;sub18;sub20;sub22;sub24;sub29,sub28,87,0.00045876408694311976,0.005195920355618,0.002,1e-05,1.0,1.0,True,False,multimodal,psd-fc-wpli,gated,cnn,True,finetune,segssl_barlow_all-patient_fc-wpli_finetune_seed13_pre20_proj32_mask0_03_noise0_02_mlp1_0_sup100,True,barlow,fc-wpli,all-patient,True,13,1.0,0.1,32,0.03,0.02
multimodal_psd-fc-wpli_gated_cnn,16,sub27,sub01;sub05;sub07;sub08;sub09;sub10;sub11;sub13;sub14;sub15;sub16;sub17;sub18;sub20;sub22;sub24;sub29,sub28,88,0.0004456353490240872,0.00504129147157073,0.002,1e-05,1.0,1.0,True,False,multimodal,psd-fc-wpli,gated,cnn,True,finetune,segssl_barlow_all-patient_fc-wpli_finetune_seed13_pre20_proj32_mask0_03_noise0_02_mlp1_0_sup100,True,barlow,fc-wpli,all-patient,True,13,1.0,0.1,32,0.03,0.02
multimodal_psd-fc-wpli_gated_cnn,16,sub27,sub01;sub05;sub07;sub08;sub09;sub10;sub11;sub13;sub14;sub15;sub16;sub17;sub18;sub20;sub22;sub24;sub29,sub28,89,0.00043344893492758274,0.004902259446680546,0.002,1e-05,1.0,1.0,True,False,multimodal,psd-fc-wpli,gated,cnn,True,finetune,segssl_barlow_all-patient_fc-wpli_finetune_seed13_pre20_proj32_mask0_03_noise0_02_mlp1_0_sup100,True,barlow,fc-wpli,all-patient,True,13,1.0,0.1,32,0.03,0.02
multimodal_psd-fc-wpli_gated_cnn,16,sub27,sub01;sub05;sub07;sub08;sub09;sub10;sub11;sub13;sub14;sub15;sub16;sub17;sub18;sub20;sub22;sub24;sub29,sub28,90,0.00042186988866887987,0.004778159316629171,0.002,1e-05,1.0,1.0,True,False,multimodal,psd-fc-wpli,gated,cnn,True,finetune,segssl_barlow_all-patient_fc-wpli_finetune_seed13_pre20_proj32_mask0_03_noise0_02_mlp1_0_sup100,True,barlow,fc-wpli,all-patient,True,13,1.0,0.1,32,0.03,0.02
multimodal_psd-fc-wpli_gated_cnn,16,sub27,sub01;sub05;sub07;sub08;sub09;sub10;sub11;sub13;sub14;sub15;sub16;sub17;sub18;sub20;sub22;sub24;sub29,sub28,91,0.00041092117317020893,0.0046670096926391125,0.002,1e-05,1.0,1.0,True,False,multimodal,psd-fc-wpli,gated,cnn,True,finetune,segssl_barlow_all-patient_fc-wpli_finetune_seed13_pre20_proj32_mask0_03_noise0_02_mlp1_0_sup100,True,barlow,fc-wpli,all-patient,True,13,1.0,0.1,32,0.03,0.02
multimodal_psd-fc-wpli_gated_cnn,16,sub27,sub01;sub05;sub07;sub08;sub09;sub10;sub11;sub13;sub14;sub15;sub16;sub17;sub18;sub20;sub22;sub24;sub29,sub28,92,0.0004005180671811104,0.004567069001495838,0.002,1e-05,1.0,1.0,True,False,multimodal,psd-fc-wpli,gated,cnn,True,finetune,segssl_barlow_all-patient_fc-wpli_finetune_seed13_pre20_proj32_mask0_03_noise0_02_mlp1_0_sup100,True,barlow,fc-wpli,all-patient,True,13,1.0,0.1,32,0.03,0.02
multimodal_psd-fc-wpli_gated_cnn,16,sub27,sub01;sub05;sub07;sub08;sub09;sub10;sub11;sub13;sub14;sub15;sub16;sub17;sub18;sub20;sub22;sub24;sub29,sub28,93,0.00039059508708305657,0.00447689788416028,0.002,1e-05,1.0,1.0,True,False,multimodal,psd-fc-wpli,gated,cnn,True,finetune,segssl_barlow_all-patient_fc-wpli_finetune_seed13_pre20_proj32_mask0_03_noise0_02_mlp1_0_sup100,True,barlow,fc-wpli,all-patient,True,13,1.0,0.1,32,0.03,0.02
multimodal_psd-fc-wpli_gated_cnn,16,sub27,sub01;sub05;sub07;sub08;sub09;sub10;sub11;sub13;sub14;sub15;sub16;sub17;sub18;sub20;sub22;sub24;sub29,sub28,94,0.0003811278147622943,0.004394636955112219,0.002,1e-05,1.0,1.0,True,False,multimodal,psd-fc-wpli,gated,cnn,True,finetune,segssl_barlow_all-patient_fc-wpli_finetune_seed13_pre20_proj32_mask0_03_noise0_02_mlp1_0_sup100,True,barlow,fc-wpli,all-patient,True,13,1.0,0.1,32,0.03,0.02
multimodal_psd-fc-wpli_gated_cnn,16,sub27,sub01;sub05;sub07;sub08;sub09;sub10;sub11;sub13;sub14;sub15;sub16;sub17;sub18;sub20;sub22;sub24;sub29,sub28,95,0.0003720690729096532,0.004319266881793737,0.002,1e-05,1.0,1.0,True,False,multimodal,psd-fc-wpli,gated,cnn,True,finetune,segssl_barlow_all-patient_fc-wpli_finetune_seed13_pre20_proj32_mask0_03_noise0_02_mlp1_0_sup100,True,barlow,fc-wpli,all-patient,True,13,1.0,0.1,32,0.03,0.02
multimodal_psd-fc-wpli_gated_cnn,16,sub27,sub01;sub05;sub07;sub08;sub09;sub10;sub11;sub13;sub14;sub15;sub16;sub17;sub18;sub20;sub22;sub24;sub29,sub28,96,0.0003634687454905361,0.004249828401952982,0.002,1e-05,1.0,1.0,True,False,multimodal,psd-fc-wpli,gated,cnn,True,finetune,segssl_barlow_all-patient_fc-wpli_finetune_seed13_pre20_proj32_mask0_03_noise0_02_mlp1_0_sup100,True,barlow,fc-wpli,all-patient,True,13,1.0,0.1,32,0.03,0.02
multimodal_psd-fc-wpli_gated_cnn,16,sub27,sub01;sub05;sub07;sub08;sub09;sub10;sub11;sub13;sub14;sub15;sub16;sub17;sub18;sub20;sub22;sub24;sub29,sub28,97,0.00035533352638594806,0.004184524994343519,0.002,1e-05,1.0,1.0,True,False,multimodal,psd-fc-wpli,gated,cnn,True,finetune,segssl_barlow_all-patient_fc-wpli_finetune_seed13_pre20_proj32_mask0_03_noise0_02_mlp1_0_sup100,True,barlow,fc-wpli,all-patient,True,13,1.0,0.1,32,0.03,0.02
multimodal_psd-fc-wpli_gated_cnn,16,sub27,sub01;sub05;sub07;sub08;sub09;sub10;sub11;sub13;sub14;sub15;sub16;sub17;sub18;sub20;sub22;sub24;sub29,sub28,98,0.0003475532284937799,0.004121859557926655,0.002,1e-05,1.0,1.0,True,False,multimodal,psd-fc-wpli,gated,cnn,True,finetune,segssl_barlow_all-patient_fc-wpli_finetune_seed13_pre20_proj32_mask0_03_noise0_02_mlp1_0_sup100,True,barlow,fc-wpli,all-patient,True,13,1.0,0.1,32,0.03,0.02
multimodal_psd-fc-wpli_gated_cnn,16,sub27,sub01;sub05;sub07;sub08;sub09;sub10;sub11;sub13;sub14;sub15;sub16;sub17;sub18;sub20;sub22;sub24;sub29,sub28,99,0.0003401178400963545,0.004060693550854921,0.002,1e-05,1.0,1.0,True,False,multimodal,psd-fc-wpli,gated,cnn,True,finetune,segssl_barlow_all-patient_fc-wpli_finetune_seed13_pre20_proj32_mask0_03_noise0_02_mlp1_0_sup100,True,barlow,fc-wpli,all-patient,True,13,1.0,0.1,32,0.03,0.02
multimodal_psd-fc-wpli_gated_cnn,16,sub27,sub01;sub05;sub07;sub08;sub09;sub10;sub11;sub13;sub14;sub15;sub16;sub17;sub18;sub20;sub22;sub24;sub29,sub28,100,0.00033298632479272783,0.004001925233751535,0.002,1e-05,1.0,1.0,True,False,multimodal,psd-fc-wpli,gated,cnn,True,finetune,segssl_barlow_all-patient_fc-wpli_finetune_seed13_pre20_proj32_mask0_03_noise0_02_mlp1_0_sup100,True,barlow,fc-wpli,all-patient,True,13,1.0,0.1,32,0.03,0.02
multimodal_psd-fc-wpli_gated_cnn,17,sub28,sub01;sub05;sub07;sub08;sub09;sub10;sub11;sub13;sub14;sub15;sub16;sub17;sub18;sub20;sub22;sub24;sub27,sub29,1,0.6893244981765747,0.7169623374938965,0.002,1e-05,1.0,1.0,True,False,multimodal,psd-fc-wpli,gated,cnn,True,finetune,segssl_barlow_all-patient_fc-wpli_finetune_seed13_pre20_proj32_mask0_03_noise0_02_mlp1_0_sup100,True,barlow,fc-wpli,all-patient,True,13,1.0,0.1,32,0.03,0.02
multimodal_psd-fc-wpli_gated_cnn,17,sub28,sub01;sub05;sub07;sub08;sub09;sub10;sub11;sub13;sub14;sub15;sub16;sub17;sub18;sub20;sub22;sub24;sub27,sub29,2,0.6778724789619446,0.7259044647216797,0.002,1e-05,1.0,1.0,False,False,multimodal,psd-fc-wpli,gated,cnn,True,finetune,segssl_barlow_all-patient_fc-wpli_finetune_seed13_pre20_proj32_mask0_03_noise0_02_mlp1_0_sup100,True,barlow,fc-wpli,all-patient,True,13,1.0,0.1,32,0.03,0.02
multimodal_psd-fc-wpli_gated_cnn,17,sub28,sub01;sub05;sub07;sub08;sub09;sub10;sub11;sub13;sub14;sub15;sub16;sub17;sub18;sub20;sub22;sub24;sub27,sub29,3,0.6667055487632751,0.7355283498764038,0.002,1e-05,1.0,1.0,False,False,multimodal,psd-fc-wpli,gated,cnn,True,finetune,segssl_barlow_all-patient_fc-wpli_finetune_seed13_pre20_proj32_mask0_03_noise0_02_mlp1_0_sup100,True,barlow,fc-wpli,all-patient,True,13,1.0,0.1,32,0.03,0.02
multimodal_psd-fc-wpli_gated_cnn,17,sub28,sub01;sub05;sub07;sub08;sub09;sub10;sub11;sub13;sub14;sub15;sub16;sub17;sub18;sub20;sub22;sub24;sub27,sub29,4,0.6556441187858582,0.7485758662223816,0.002,1e-05,1.0,1.0,False,False,multimodal,psd-fc-wpli,gated,cnn,True,finetune,segssl_barlow_all-patient_fc-wpli_finetune_seed13_pre20_proj32_mask0_03_noise0_02_mlp1_0_sup100,True,barlow,fc-wpli,all-patient,True,13,1.0,0.1,32,0.03,0.02
multimodal_psd-fc-wpli_gated_cnn,17,sub28,sub01;sub05;sub07;sub08;sub09;sub10;sub11;sub13;sub14;sub15;sub16;sub17;sub18;sub20;sub22;sub24;sub27,sub29,5,0.6448274254798889,0.7653486728668213,0.002,1e-05,1.0,1.0,False,False,multimodal,psd-fc-wpli,gated,cnn,True,finetune,segssl_barlow_all-patient_fc-wpli_finetune_seed13_pre20_proj32_mask0_03_noise0_02_mlp1_0_sup100,True,barlow,fc-wpli,all-patient,True,13,1.0,0.1,32,0.03,0.02
multimodal_psd-fc-wpli_gated_cnn,17,sub28,sub01;sub05;sub07;sub08;sub09;sub10;sub11;sub13;sub14;sub15;sub16;sub17;sub18;sub20;sub22;sub24;sub27,sub29,6,0.6333972811698914,0.7872227430343628,0.002,1e-05,1.0,1.0,False,False,multimodal,psd-fc-wpli,gated,cnn,True,finetune,segssl_barlow_all-patient_fc-wpli_finetune_seed13_pre20_proj32_mask0_03_noise0_02_mlp1_0_sup100,True,barlow,fc-wpli,all-patient,True,13,1.0,0.1,32,0.03,0.02
multimodal_psd-fc-wpli_gated_cnn,17,sub28,sub01;sub05;sub07;sub08;sub09;sub10;sub11;sub13;sub14;sub15;sub16;sub17;sub18;sub20;sub22;sub24;sub27,sub29,7,0.6209779381752014,0.8136088848114014,0.002,1e-05,1.0,1.0,False,False,multimodal,psd-fc-wpli,gated,cnn,True,finetune,segssl_barlow_all-patient_fc-wpli_finetune_seed13_pre20_proj32_mask0_03_noise0_02_mlp1_0_sup100,True,barlow,fc-wpli,all-patient,True,13,1.0,0.1,32,0.03,0.02
multimodal_psd-fc-wpli_gated_cnn,17,sub28,sub01;sub05;sub07;sub08;sub09;sub10;sub11;sub13;sub14;sub15;sub16;sub17;sub18;sub20;sub22;sub24;sub27,sub29,8,0.6077145934104919,0.8463929891586304,0.002,1e-05,1.0,1.0,False,False,multimodal,psd-fc-wpli,gated,cnn,True,finetune,segssl_barlow_all-patient_fc-wpli_finetune_seed13_pre20_proj32_mask0_03_noise0_02_mlp1_0_sup100,True,barlow,fc-wpli,all-patient,True,13,1.0,0.1,32,0.03,0.02
multimodal_psd-fc-wpli_gated_cnn,17,sub28,sub01;sub05;sub07;sub08;sub09;sub10;sub11;sub13;sub14;sub15;sub16;sub17;sub18;sub20;sub22;sub24;sub27,sub29,9,0.5933488011360168,0.8885908722877502,0.002,1e-05,1.0,1.0,False,False,multimodal,psd-fc-wpli,gated,cnn,True,finetune,segssl_barlow_all-patient_fc-wpli_finetune_seed13_pre20_proj32_mask0_03_noise0_02_mlp1_0_sup100,True,barlow,fc-wpli,all-patient,True,13,1.0,0.1,32,0.03,0.02
multimodal_psd-fc-wpli_gated_cnn,17,sub28,sub01;sub05;sub07;sub08;sub09;sub10;sub11;sub13;sub14;sub15;sub16;sub17;sub18;sub20;sub22;sub24;sub27,sub29,10,0.5778651833534241,0.9358367919921875,0.002,1e-05,1.0,1.0,False,False,multimodal,psd-fc-wpli,gated,cnn,True,finetune,segssl_barlow_all-patient_fc-wpli_finetune_seed13_pre20_proj32_mask0_03_noise0_02_mlp1_0_sup100,True,barlow,fc-wpli,all-patient,True,13,1.0,0.1,32,0.03,0.02
multimodal_psd-fc-wpli_gated_cnn,17,sub28,sub01;sub05;sub07;sub08;sub09;sub10;sub11;sub13;sub14;sub15;sub16;sub17;sub18;sub20;sub22;sub24;sub27,sub29,11,0.5612006783485413,0.9897275567054749,0.002,1e-05,1.0,1.0,False,False,multimodal,psd-fc-wpli,gated,cnn,True,finetune,segssl_barlow_all-patient_fc-wpli_finetune_seed13_pre20_proj32_mask0_03_noise0_02_mlp1_0_sup100,True,barlow,fc-wpli,all-patient,True,13,1.0,0.1,32,0.03,0.02
multimodal_psd-fc-wpli_gated_cnn,17,sub28,sub01;sub05;sub07;sub08;sub09;sub10;sub11;sub13;sub14;sub15;sub16;sub17;sub18;sub20;sub22;sub24;sub27,sub29,12,0.5433117151260376,1.0500307083129883,0.002,1e-05,1.0,1.0,False,False,multimodal,psd-fc-wpli,gated,cnn,True,finetune,segssl_barlow_all-patient_fc-wpli_finetune_seed13_pre20_proj32_mask0_03_noise0_02_mlp1_0_sup100,True,barlow,fc-wpli,all-patient,True,13,1.0,0.1,32,0.03,0.02
multimodal_psd-fc-wpli_gated_cnn,17,sub28,sub01;sub05;sub07;sub08;sub09;sub10;sub11;sub13;sub14;sub15;sub16;sub17;sub18;sub20;sub22;sub24;sub27,sub29,13,0.5239915251731873,1.1185715198516846,0.002,1e-05,1.0,1.0,False,False,multimodal,psd-fc-wpli,gated,cnn,True,finetune,segssl_barlow_all-patient_fc-wpli_finetune_seed13_pre20_proj32_mask0_03_noise0_02_mlp1_0_sup100,True,barlow,fc-wpli,all-patient,True,13,1.0,0.1,32,0.03,0.02
multimodal_psd-fc-wpli_gated_cnn,17,sub28,sub01;sub05;sub07;sub08;sub09;sub10;sub11;sub13;sub14;sub15;sub16;sub17;sub18;sub20;sub22;sub24;sub27,sub29,14,0.5036225914955139,1.1915922164916992,0.002,1e-05,1.0,1.0,False,False,multimodal,psd-fc-wpli,gated,cnn,True,finetune,segssl_barlow_all-patient_fc-wpli_finetune_seed13_pre20_proj32_mask0_03_noise0_02_mlp1_0_sup100,True,barlow,fc-wpli,all-patient,True,13,1.0,0.1,32,0.03,0.02
multimodal_psd-fc-wpli_gated_cnn,17,sub28,sub01;sub05;sub07;sub08;sub09;sub10;sub11;sub13;sub14;sub15;sub16;sub17;sub18;sub20;sub22;sub24;sub27,sub29,15,0.4821096360683441,1.27227783203125,0.002,1e-05,1.0,1.0,False,False,multimodal,psd-fc-wpli,gated,cnn,True,finetune,segssl_barlow_all-patient_fc-wpli_finetune_seed13_pre20_proj32_mask0_03_noise0_02_mlp1_0_sup100,True,barlow,fc-wpli,all-patient,True,13,1.0,0.1,32,0.03,0.02
multimodal_psd-fc-wpli_gated_cnn,17,sub28,sub01;sub05;sub07;sub08;sub09;sub10;sub11;sub13;sub14;sub15;sub16;sub17;sub18;sub20;sub22;sub24;sub27,sub29,16,0.45966699719429016,1.3632234334945679,0.002,1e-05,1.0,1.0,False,False,multimodal,psd-fc-wpli,gated,cnn,True,finetune,segssl_barlow_all-patient_fc-wpli_finetune_seed13_pre20_proj32_mask0_03_noise0_02_mlp1_0_sup100,True,barlow,fc-wpli,all-patient,True,13,1.0,0.1,32,0.03,0.02
multimodal_psd-fc-wpli_gated_cnn,17,sub28,sub01;sub05;sub07;sub08;sub09;sub10;sub11;sub13;sub14;sub15;sub16;sub17;sub18;sub20;sub22;sub24;sub27,sub29,17,0.4366815686225891,1.4618266820907593,0.002,1e-05,1.0,1.0,False,False,multimodal,psd-fc-wpli,gated,cnn,True,finetune,segssl_barlow_all-patient_fc-wpli_finetune_seed13_pre20_proj32_mask0_03_noise0_02_mlp1_0_sup100,True,barlow,fc-wpli,all-patient,True,13,1.0,0.1,32,0.03,0.02
multimodal_psd-fc-wpli_gated_cnn,17,sub28,sub01;sub05;sub07;sub08;sub09;sub10;sub11;sub13;sub14;sub15;sub16;sub17;sub18;sub20;sub22;sub24;sub27,sub29,18,0.4136809706687927,1.5647668838500977,0.002,1e-05,1.0,1.0,False,False,multimodal,psd-fc-wpli,gated,cnn,True,finetune,segssl_barlow_all-patient_fc-wpli_finetune_seed13_pre20_proj32_mask0_03_noise0_02_mlp1_0_sup100,True,barlow,fc-wpli,all-patient,True,13,1.0,0.1,32,0.03,0.02
multimodal_psd-fc-wpli_gated_cnn,17,sub28,sub01;sub05;sub07;sub08;sub09;sub10;sub11;sub13;sub14;sub15;sub16;sub17;sub18;sub20;sub22;sub24;sub27,sub29,19,0.3904736042022705,1.6664972305297852,0.002,1e-05,1.0,1.0,False,False,multimodal,psd-fc-wpli,gated,cnn,True,finetune,segssl_barlow_all-patient_fc-wpli_finetune_seed13_pre20_proj32_mask0_03_noise0_02_mlp1_0_sup100,True,barlow,fc-wpli,all-patient,True,13,1.0,0.1,32,0.03,0.02
multimodal_psd-fc-wpli_gated_cnn,17,sub28,sub01;sub05;sub07;sub08;sub09;sub10;sub11;sub13;sub14;sub15;sub16;sub17;sub18;sub20;sub22;sub24;sub27,sub29,20,0.3673284351825714,1.7647849321365356,0.002,1e-05,1.0,1.0,False,False,multimodal,psd-fc-wpli,gated,cnn,True,finetune,segssl_barlow_all-patient_fc-wpli_finetune_seed13_pre20_proj32_mask0_03_noise0_02_mlp1_0_sup100,True,barlow,fc-wpli,all-patient,True,13,1.0,0.1,32,0.03,0.02
multimodal_psd-fc-wpli_gated_cnn,17,sub28,sub01;sub05;sub07;sub08;sub09;sub10;sub11;sub13;sub14;sub15;sub16;sub17;sub18;sub20;sub22;sub24;sub27,sub29,21,0.3448106050491333,1.856054663658142,0.002,1e-05,1.0,1.0,False,False,multimodal,psd-fc-wpli,gated,cnn,True,finetune,segssl_barlow_all-patient_fc-wpli_finetune_seed13_pre20_proj32_mask0_03_noise0_02_mlp1_0_sup100,True,barlow,fc-wpli,all-patient,True,13,1.0,0.1,32,0.03,0.02
multimodal_psd-fc-wpli_gated_cnn,17,sub28,sub01;sub05;sub07;sub08;sub09;sub10;sub11;sub13;sub14;sub15;sub16;sub17;sub18;sub20;sub22;sub24;sub27,sub29,22,0.3228835463523865,1.9417235851287842,0.002,1e-05,1.0,1.0,False,False,multimodal,psd-fc-wpli,gated,cnn,True,finetune,segssl_barlow_all-patient_fc-wpli_finetune_seed13_pre20_proj32_mask0_03_noise0_02_mlp1_0_sup100,True,barlow,fc-wpli,all-patient,True,13,1.0,0.1,32,0.03,0.02
multimodal_psd-fc-wpli_gated_cnn,17,sub28,sub01;sub05;sub07;sub08;sub09;sub10;sub11;sub13;sub14;sub15;sub16;sub17;sub18;sub20;sub22;sub24;sub27,sub29,23,0.30161264538764954,2.021038293838501,0.002,1e-05,1.0,1.0,False,False,multimodal,psd-fc-wpli,gated,cnn,True,finetune,segssl_barlow_all-patient_fc-wpli_finetune_seed13_pre20_proj32_mask0_03_noise0_02_mlp1_0_sup100,True,barlow,fc-wpli,all-patient,True,13,1.0,0.1,32,0.03,0.02
multimodal_psd-fc-wpli_gated_cnn,17,sub28,sub01;sub05;sub07;sub08;sub09;sub10;sub11;sub13;sub14;sub15;sub16;sub17;sub18;sub20;sub22;sub24;sub27,sub29,24,0.28088435530662537,2.0931568145751953,0.002,1e-05,1.0,1.0,False,False,multimodal,psd-fc-wpli,gated,cnn,True,finetune,segssl_barlow_all-patient_fc-wpli_finetune_seed13_pre20_proj32_mask0_03_noise0_02_mlp1_0_sup100,True,barlow,fc-wpli,all-patient,True,13,1.0,0.1,32,0.03,0.02
multimodal_psd-fc-wpli_gated_cnn,17,sub28,sub01;sub05;sub07;sub08;sub09;sub10;sub11;sub13;sub14;sub15;sub16;sub17;sub18;sub20;sub22;sub24;sub27,sub29,25,0.2607634365558624,2.158398151397705,0.002,1e-05,1.0,1.0,False,False,multimodal,psd-fc-wpli,gated,cnn,True,finetune,segssl_barlow_all-patient_fc-wpli_finetune_seed13_pre20_proj32_mask0_03_noise0_02_mlp1_0_sup100,True,barlow,fc-wpli,all-patient,True,13,1.0,0.1,32,0.03,0.02
multimodal_psd-fc-wpli_gated_cnn,17,sub28,sub01;sub05;sub07;sub08;sub09;sub10;sub11;sub13;sub14;sub15;sub16;sub17;sub18;sub20;sub22;sub24;sub27,sub29,26,0.24142685532569885,2.213224411010742,0.002,1e-05,1.0,1.0,False,False,multimodal,psd-fc-wpli,gated,cnn,True,finetune,segssl_barlow_all-patient_fc-wpli_finetune_seed13_pre20_proj32_mask0_03_noise0_02_mlp1_0_sup100,True,barlow,fc-wpli,all-patient,True,13,1.0,0.1,32,0.03,0.02
multimodal_psd-fc-wpli_gated_cnn,17,sub28,sub01;sub05;sub07;sub08;sub09;sub10;sub11;sub13;sub14;sub15;sub16;sub17;sub18;sub20;sub22;sub24;sub27,sub29,27,0.22299028933048248,2.241966962814331,0.002,1e-05,1.0,1.0,False,False,multimodal,psd-fc-wpli,gated,cnn,True,finetune,segssl_barlow_all-patient_fc-wpli_finetune_seed13_pre20_proj32_mask0_03_noise0_02_mlp1_0_sup100,True,barlow,fc-wpli,all-patient,True,13,1.0,0.1,32,0.03,0.02
multimodal_psd-fc-wpli_gated_cnn,17,sub28,sub01;sub05;sub07;sub08;sub09;sub10;sub11;sub13;sub14;sub15;sub16;sub17;sub18;sub20;sub22;sub24;sub27,sub29,28,0.20541603863239288,2.2579760551452637,0.002,1e-05,1.0,1.0,False,False,multimodal,psd-fc-wpli,gated,cnn,True,finetune,segssl_barlow_all-patient_fc-wpli_finetune_seed13_pre20_proj32_mask0_03_noise0_02_mlp1_0_sup100,True,barlow,fc-wpli,all-patient,True,13,1.0,0.1,32,0.03,0.02
multimodal_psd-fc-wpli_gated_cnn,17,sub28,sub01;sub05;sub07;sub08;sub09;sub10;sub11;sub13;sub14;sub15;sub16;sub17;sub18;sub20;sub22;sub24;sub27,sub29,29,0.18867801129817963,2.2646217346191406,0.002,1e-05,1.0,1.0,False,False,multimodal,psd-fc-wpli,gated,cnn,True,finetune,segssl_barlow_all-patient_fc-wpli_finetune_seed13_pre20_proj32_mask0_03_noise0_02_mlp1_0_sup100,True,barlow,fc-wpli,all-patient,True,13,1.0,0.1,32,0.03,0.02
multimodal_psd-fc-wpli_gated_cnn,17,sub28,sub01;sub05;sub07;sub08;sub09;sub10;sub11;sub13;sub14;sub15;sub16;sub17;sub18;sub20;sub22;sub24;sub27,sub29,30,0.1725514680147171,2.272634983062744,0.002,1e-05,1.0,1.0,False,False,multimodal,psd-fc-wpli,gated,cnn,True,finetune,segssl_barlow_all-patient_fc-wpli_finetune_seed13_pre20_proj32_mask0_03_noise0_02_mlp1_0_sup100,True,barlow,fc-wpli,all-patient,True,13,1.0,0.1,32,0.03,0.02
multimodal_psd-fc-wpli_gated_cnn,17,sub28,sub01;sub05;sub07;sub08;sub09;sub10;sub11;sub13;sub14;sub15;sub16;sub17;sub18;sub20;sub22;sub24;sub27,sub29,31,0.1571141928434372,2.286038398742676,0.002,1e-05,1.0,1.0,False,False,multimodal,psd-fc-wpli,gated,cnn,True,finetune,segssl_barlow_all-patient_fc-wpli_finetune_seed13_pre20_proj32_mask0_03_noise0_02_mlp1_0_sup100,True,barlow,fc-wpli,all-patient,True,13,1.0,0.1,32,0.03,0.02
multimodal_psd-fc-wpli_gated_cnn,17,sub28,sub01;sub05;sub07;sub08;sub09;sub10;sub11;sub13;sub14;sub15;sub16;sub17;sub18;sub20;sub22;sub24;sub27,sub29,32,0.14231979846954346,2.2843027114868164,0.002,1e-05,1.0,1.0,False,False,multimodal,psd-fc-wpli,gated,cnn,True,finetune,segssl_barlow_all-patient_fc-wpli_finetune_seed13_pre20_proj32_mask0_03_noise0_02_mlp1_0_sup100,True,barlow,fc-wpli,all-patient,True,13,1.0,0.1,32,0.03,0.02
multimodal_psd-fc-wpli_gated_cnn,17,sub28,sub01;sub05;sub07;sub08;sub09;sub10;sub11;sub13;sub14;sub15;sub16;sub17;sub18;sub20;sub22;sub24;sub27,sub29,33,0.1282874494791031,2.2758984565734863,0.002,1e-05,1.0,1.0,False,False,multimodal,psd-fc-wpli,gated,cnn,True,finetune,segssl_barlow_all-patient_fc-wpli_finetune_seed13_pre20_proj32_mask0_03_noise0_02_mlp1_0_sup100,True,barlow,fc-wpli,all-patient,True,13,1.0,0.1,32,0.03,0.02
multimodal_psd-fc-wpli_gated_cnn,17,sub28,sub01;sub05;sub07;sub08;sub09;sub10;sub11;sub13;sub14;sub15;sub16;sub17;sub18;sub20;sub22;sub24;sub27,sub29,34,0.1152663603425026,2.251765012741089,0.002,1e-05,1.0,1.0,False,False,multimodal,psd-fc-wpli,gated,cnn,True,finetune,segssl_barlow_all-patient_fc-wpli_finetune_seed13_pre20_proj32_mask0_03_noise0_02_mlp1_0_sup100,True,barlow,fc-wpli,all-patient,True,13,1.0,0.1,32,0.03,0.02
multimodal_psd-fc-wpli_gated_cnn,17,sub28,sub01;sub05;sub07;sub08;sub09;sub10;sub11;sub13;sub14;sub15;sub16;sub17;sub18;sub20;sub22;sub24;sub27,sub29,35,0.10311607271432877,2.2177021503448486,0.002,1e-05,1.0,1.0,False,False,multimodal,psd-fc-wpli,gated,cnn,True,finetune,segssl_barlow_all-patient_fc-wpli_finetune_seed13_pre20_proj32_mask0_03_noise0_02_mlp1_0_sup100,True,barlow,fc-wpli,all-patient,True,13,1.0,0.1,32,0.03,0.02
multimodal_psd-fc-wpli_gated_cnn,17,sub28,sub01;sub05;sub07;sub08;sub09;sub10;sub11;sub13;sub14;sub15;sub16;sub17;sub18;sub20;sub22;sub24;sub27,sub29,36,0.09203904122114182,2.1764183044433594,0.002,1e-05,1.0,1.0,False,False,multimodal,psd-fc-wpli,gated,cnn,True,finetune,segssl_barlow_all-patient_fc-wpli_finetune_seed13_pre20_proj32_mask0_03_noise0_02_mlp1_0_sup100,True,barlow,fc-wpli,all-patient,True,13,1.0,0.1,32,0.03,0.02
multimodal_psd-fc-wpli_gated_cnn,17,sub28,sub01;sub05;sub07;sub08;sub09;sub10;sub11;sub13;sub14;sub15;sub16;sub17;sub18;sub20;sub22;sub24;sub27,sub29,37,0.08192895352840424,2.1371850967407227,0.002,1e-05,1.0,1.0,False,False,multimodal,psd-fc-wpli,gated,cnn,True,finetune,segssl_barlow_all-patient_fc-wpli_finetune_seed13_pre20_proj32_mask0_03_noise0_02_mlp1_0_sup100,True,barlow,fc-wpli,all-patient,True,13,1.0,0.1,32,0.03,0.02
multimodal_psd-fc-wpli_gated_cnn,17,sub28,sub01;sub05;sub07;sub08;sub09;sub10;sub11;sub13;sub14;sub15;sub16;sub17;sub18;sub20;sub22;sub24;sub27,sub29,38,0.07269072532653809,2.103299140930176,0.002,1e-05,1.0,1.0,False,False,multimodal,psd-fc-wpli,gated,cnn,True,finetune,segssl_barlow_all-patient_fc-wpli_finetune_seed13_pre20_proj32_mask0_03_noise0_02_mlp1_0_sup100,True,barlow,fc-wpli,all-patient,True,13,1.0,0.1,32,0.03,0.02
multimodal_psd-fc-wpli_gated_cnn,17,sub28,sub01;sub05;sub07;sub08;sub09;sub10;sub11;sub13;sub14;sub15;sub16;sub17;sub18;sub20;sub22;sub24;sub27,sub29,39,0.06432128697633743,2.071347951889038,0.002,1e-05,1.0,1.0,False,False,multimodal,psd-fc-wpli,gated,cnn,True,finetune,segssl_barlow_all-patient_fc-wpli_finetune_seed13_pre20_proj32_mask0_03_noise0_02_mlp1_0_sup100,True,barlow,fc-wpli,all-patient,True,13,1.0,0.1,32,0.03,0.02
multimodal_psd-fc-wpli_gated_cnn,17,sub28,sub01;sub05;sub07;sub08;sub09;sub10;sub11;sub13;sub14;sub15;sub16;sub17;sub18;sub20;sub22;sub24;sub27,sub29,40,0.05674244463443756,2.0395145416259766,0.002,1e-05,1.0,1.0,False,False,multimodal,psd-fc-wpli,gated,cnn,True,finetune,segssl_barlow_all-patient_fc-wpli_finetune_seed13_pre20_proj32_mask0_03_noise0_02_mlp1_0_sup100,True,barlow,fc-wpli,all-patient,True,13,1.0,0.1,32,0.03,0.02
multimodal_psd-fc-wpli_gated_cnn,17,sub28,sub01;sub05;sub07;sub08;sub09;sub10;sub11;sub13;sub14;sub15;sub16;sub17;sub18;sub20;sub22;sub24;sub27,sub29,41,0.049919817596673965,2.0084545612335205,0.002,1e-05,1.0,1.0,False,False,multimodal,psd-fc-wpli,gated,cnn,True,finetune,segssl_barlow_all-patient_fc-wpli_finetune_seed13_pre20_proj32_mask0_03_noise0_02_mlp1_0_sup100,True,barlow,fc-wpli,all-patient,True,13,1.0,0.1,32,0.03,0.02
multimodal_psd-fc-wpli_gated_cnn,17,sub28,sub01;sub05;sub07;sub08;sub09;sub10;sub11;sub13;sub14;sub15;sub16;sub17;sub18;sub20;sub22;sub24;sub27,sub29,42,0.043803706765174866,1.9779222011566162,0.002,1e-05,1.0,1.0,False,False,multimodal,psd-fc-wpli,gated,cnn,True,finetune,segssl_barlow_all-patient_fc-wpli_finetune_seed13_pre20_proj32_mask0_03_noise0_02_mlp1_0_sup100,True,barlow,fc-wpli,all-patient,True,13,1.0,0.1,32,0.03,0.02
multimodal_psd-fc-wpli_gated_cnn,17,sub28,sub01;sub05;sub07;sub08;sub09;sub10;sub11;sub13;sub14;sub15;sub16;sub17;sub18;sub20;sub22;sub24;sub27,sub29,43,0.038378771394491196,1.9462566375732422,0.002,1e-05,1.0,1.0,False,False,multimodal,psd-fc-wpli,gated,cnn,True,finetune,segssl_barlow_all-patient_fc-wpli_finetune_seed13_pre20_proj32_mask0_03_noise0_02_mlp1_0_sup100,True,barlow,fc-wpli,all-patient,True,13,1.0,0.1,32,0.03,0.02
multimodal_psd-fc-wpli_gated_cnn,17,sub28,sub01;sub05;sub07;sub08;sub09;sub10;sub11;sub13;sub14;sub15;sub16;sub17;sub18;sub20;sub22;sub24;sub27,sub29,44,0.033583614975214005,1.9096229076385498,0.002,1e-05,1.0,1.0,False,False,multimodal,psd-fc-wpli,gated,cnn,True,finetune,segssl_barlow_all-patient_fc-wpli_finetune_seed13_pre20_proj32_mask0_03_noise0_02_mlp1_0_sup100,True,barlow,fc-wpli,all-patient,True,13,1.0,0.1,32,0.03,0.02
multimodal_psd-fc-wpli_gated_cnn,17,sub28,sub01;sub05;sub07;sub08;sub09;sub10;sub11;sub13;sub14;sub15;sub16;sub17;sub18;sub20;sub22;sub24;sub27,sub29,45,0.02934754267334938,1.8668076992034912,0.002,1e-05,1.0,1.0,False,False,multimodal,psd-fc-wpli,gated,cnn,True,finetune,segssl_barlow_all-patient_fc-wpli_finetune_seed13_pre20_proj32_mask0_03_noise0_02_mlp1_0_sup100,True,barlow,fc-wpli,all-patient,True,13,1.0,0.1,32,0.03,0.02
multimodal_psd-fc-wpli_gated_cnn,17,sub28,sub01;sub05;sub07;sub08;sub09;sub10;sub11;sub13;sub14;sub15;sub16;sub17;sub18;sub20;sub22;sub24;sub27,sub29,46,0.025626666843891144,1.8237112760543823,0.002,1e-05,1.0,1.0,False,False,multimodal,psd-fc-wpli,gated,cnn,True,finetune,segssl_barlow_all-patient_fc-wpli_finetune_seed13_pre20_proj32_mask0_03_noise0_02_mlp1_0_sup100,True,barlow,fc-wpli,all-patient,True,13,1.0,0.1,32,0.03,0.02
multimodal_psd-fc-wpli_gated_cnn,17,sub28,sub01;sub05;sub07;sub08;sub09;sub10;sub11;sub13;sub14;sub15;sub16;sub17;sub18;sub20;sub22;sub24;sub27,sub29,47,0.022411204874515533,1.7814842462539673,0.002,1e-05,1.0,1.0,False,False,multimodal,psd-fc-wpli,gated,cnn,True,finetune,segssl_barlow_all-patient_fc-wpli_finetune_seed13_pre20_proj32_mask0_03_noise0_02_mlp1_0_sup100,True,barlow,fc-wpli,all-patient,True,13,1.0,0.1,32,0.03,0.02
multimodal_psd-fc-wpli_gated_cnn,17,sub28,sub01;sub05;sub07;sub08;sub09;sub10;sub11;sub13;sub14;sub15;sub16;sub17;sub18;sub20;sub22;sub24;sub27,sub29,48,0.01961817406117916,1.7379505634307861,0.002,1e-05,1.0,1.0,False,False,multimodal,psd-fc-wpli,gated,cnn,True,finetune,segssl_barlow_all-patient_fc-wpli_finetune_seed13_pre20_proj32_mask0_03_noise0_02_mlp1_0_sup100,True,barlow,fc-wpli,all-patient,True,13,1.0,0.1,32,0.03,0.02
multimodal_psd-fc-wpli_gated_cnn,17,sub28,sub01;sub05;sub07;sub08;sub09;sub10;sub11;sub13;sub14;sub15;sub16;sub17;sub18;sub20;sub22;sub24;sub27,sub29,49,0.017198555171489716,1.6902174949645996,0.002,1e-05,1.0,1.0,False,False,multimodal,psd-fc-wpli,gated,cnn,True,finetune,segssl_barlow_all-patient_fc-wpli_finetune_seed13_pre20_proj32_mask0_03_noise0_02_mlp1_0_sup100,True,barlow,fc-wpli,all-patient,True,13,1.0,0.1,32,0.03,0.02
multimodal_psd-fc-wpli_gated_cnn,17,sub28,sub01;sub05;sub07;sub08;sub09;sub10;sub11;sub13;sub14;sub15;sub16;sub17;sub18;sub20;sub22;sub24;sub27,sub29,50,0.0151045061647892,1.635742425918579,0.002,1e-05,1.0,1.0,False,False,multimodal,psd-fc-wpli,gated,cnn,True,finetune,segssl_barlow_all-patient_fc-wpli_finetune_seed13_pre20_proj32_mask0_03_noise0_02_mlp1_0_sup100,True,barlow,fc-wpli,all-patient,True,13,1.0,0.1,32,0.03,0.02
multimodal_psd-fc-wpli_gated_cnn,17,sub28,sub01;sub05;sub07;sub08;sub09;sub10;sub11;sub13;sub14;sub15;sub16;sub17;sub18;sub20;sub22;sub24;sub27,sub29,51,0.013294287957251072,1.5786988735198975,0.002,1e-05,1.0,1.0,False,False,multimodal,psd-fc-wpli,gated,cnn,True,finetune,segssl_barlow_all-patient_fc-wpli_finetune_seed13_pre20_proj32_mask0_03_noise0_02_mlp1_0_sup100,True,barlow,fc-wpli,all-patient,True,13,1.0,0.1,32,0.03,0.02
multimodal_psd-fc-wpli_gated_cnn,17,sub28,sub01;sub05;sub07;sub08;sub09;sub10;sub11;sub13;sub14;sub15;sub16;sub17;sub18;sub20;sub22;sub24;sub27,sub29,52,0.011728744953870773,1.5225225687026978,0.001,1e-05,1.0,1.0,False,False,multimodal,psd-fc-wpli,gated,cnn,True,finetune,segssl_barlow_all-patient_fc-wpli_finetune_seed13_pre20_proj32_mask0_03_noise0_02_mlp1_0_sup100,True,barlow,fc-wpli,all-patient,True,13,1.0,0.1,32,0.03,0.02
multimodal_psd-fc-wpli_gated_cnn,17,sub28,sub01;sub05;sub07;sub08;sub09;sub10;sub11;sub13;sub14;sub15;sub16;sub17;sub18;sub20;sub22;sub24;sub27,sub29,53,0.010375517420470715,1.5092955827713013,0.001,1e-05,1.0,1.0,False,False,multimodal,psd-fc-wpli,gated,cnn,True,finetune,segssl_barlow_all-patient_fc-wpli_finetune_seed13_pre20_proj32_mask0_03_noise0_02_mlp1_0_sup100,True,barlow,fc-wpli,all-patient,True,13,1.0,0.1,32,0.03,0.02
multimodal_psd-fc-wpli_gated_cnn,17,sub28,sub01;sub05;sub07;sub08;sub09;sub10;sub11;sub13;sub14;sub15;sub16;sub17;sub18;sub20;sub22;sub24;sub27,sub29,54,0.009775429964065552,1.4937084913253784,0.001,1e-05,1.0,1.0,False,False,multimodal,psd-fc-wpli,gated,cnn,True,finetune,segssl_barlow_all-patient_fc-wpli_finetune_seed13_pre20_proj32_mask0_03_noise0_02_mlp1_0_sup100,True,barlow,fc-wpli,all-patient,True,13,1.0,0.1,32,0.03,0.02
multimodal_psd-fc-wpli_gated_cnn,17,sub28,sub01;sub05;sub07;sub08;sub09;sub10;sub11;sub13;sub14;sub15;sub16;sub17;sub18;sub20;sub22;sub24;sub27,sub29,55,0.00922814104706049,1.4755876064300537,0.001,1e-05,1.0,1.0,False,False,multimodal,psd-fc-wpli,gated,cnn,True,finetune,segssl_barlow_all-patient_fc-wpli_finetune_seed13_pre20_proj32_mask0_03_noise0_02_mlp1_0_sup100,True,barlow,fc-wpli,all-patient,True,13,1.0,0.1,32,0.03,0.02
multimodal_psd-fc-wpli_gated_cnn,17,sub28,sub01;sub05;sub07;sub08;sub09;sub10;sub11;sub13;sub14;sub15;sub16;sub17;sub18;sub20;sub22;sub24;sub27,sub29,56,0.008728348650038242,1.4553232192993164,0.001,1e-05,1.0,1.0,False,False,multimodal,psd-fc-wpli,gated,cnn,True,finetune,segssl_barlow_all-patient_fc-wpli_finetune_seed13_pre20_proj32_mask0_03_noise0_02_mlp1_0_sup100,True,barlow,fc-wpli,all-patient,True,13,1.0,0.1,32,0.03,0.02
multimodal_psd-fc-wpli_gated_cnn,17,sub28,sub01;sub05;sub07;sub08;sub09;sub10;sub11;sub13;sub14;sub15;sub16;sub17;sub18;sub20;sub22;sub24;sub27,sub29,57,0.008268860168755054,1.4331443309783936,0.001,1e-05,1.0,1.0,False,False,multimodal,psd-fc-wpli,gated,cnn,True,finetune,segssl_barlow_all-patient_fc-wpli_finetune_seed13_pre20_proj32_mask0_03_noise0_02_mlp1_0_sup100,True,barlow,fc-wpli,all-patient,True,13,1.0,0.1,32,0.03,0.02
multimodal_psd-fc-wpli_gated_cnn,17,sub28,sub01;sub05;sub07;sub08;sub09;sub10;sub11;sub13;sub14;sub15;sub16;sub17;sub18;sub20;sub22;sub24;sub27,sub29,58,0.007847298868000507,1.4090840816497803,0.001,1e-05,1.0,1.0,False,False,multimodal,psd-fc-wpli,gated,cnn,True,finetune,segssl_barlow_all-patient_fc-wpli_finetune_seed13_pre20_proj32_mask0_03_noise0_02_mlp1_0_sup100,True,barlow,fc-wpli,all-patient,True,13,1.0,0.1,32,0.03,0.02
multimodal_psd-fc-wpli_gated_cnn,17,sub28,sub01;sub05;sub07;sub08;sub09;sub10;sub11;sub13;sub14;sub15;sub16;sub17;sub18;sub20;sub22;sub24;sub27,sub29,59,0.007460054941475391,1.3833584785461426,0.001,1e-05,1.0,1.0,False,False,multimodal,psd-fc-wpli,gated,cnn,True,finetune,segssl_barlow_all-patient_fc-wpli_finetune_seed13_pre20_proj32_mask0_03_noise0_02_mlp1_0_sup100,True,barlow,fc-wpli,all-patient,True,13,1.0,0.1,32,0.03,0.02
multimodal_psd-fc-wpli_gated_cnn,17,sub28,sub01;sub05;sub07;sub08;sub09;sub10;sub11;sub13;sub14;sub15;sub16;sub17;sub18;sub20;sub22;sub24;sub27,sub29,60,0.00710575096309185,1.3566497564315796,0.001,1e-05,1.0,1.0,False,False,multimodal,psd-fc-wpli,gated,cnn,True,finetune,segssl_barlow_all-patient_fc-wpli_finetune_seed13_pre20_proj32_mask0_03_noise0_02_mlp1_0_sup100,True,barlow,fc-wpli,all-patient,True,13,1.0,0.1,32,0.03,0.02
multimodal_psd-fc-wpli_gated_cnn,17,sub28,sub01;sub05;sub07;sub08;sub09;sub10;sub11;sub13;sub14;sub15;sub16;sub17;sub18;sub20;sub22;sub24;sub27,sub29,61,0.006780327297747135,1.3294296264648438,0.001,1e-05,1.0,1.0,False,False,multimodal,psd-fc-wpli,gated,cnn,True,finetune,segssl_barlow_all-patient_fc-wpli_finetune_seed13_pre20_proj32_mask0_03_noise0_02_mlp1_0_sup100,True,barlow,fc-wpli,all-patient,True,13,1.0,0.1,32,0.03,0.02
multimodal_psd-fc-wpli_gated_cnn,17,sub28,sub01;sub05;sub07;sub08;sub09;sub10;sub11;sub13;sub14;sub15;sub16;sub17;sub18;sub20;sub22;sub24;sub27,sub29,62,0.006479898001998663,1.3018053770065308,0.001,1e-05,1.0,1.0,False,False,multimodal,psd-fc-wpli,gated,cnn,True,finetune,segssl_barlow_all-patient_fc-wpli_finetune_seed13_pre20_proj32_mask0_03_noise0_02_mlp1_0_sup100,True,barlow,fc-wpli,all-patient,True,13,1.0,0.1,32,0.03,0.02
multimodal_psd-fc-wpli_gated_cnn,17,sub28,sub01;sub05;sub07;sub08;sub09;sub10;sub11;sub13;sub14;sub15;sub16;sub17;sub18;sub20;sub22;sub24;sub27,sub29,63,0.006201835349202156,1.2738831043243408,0.001,1e-05,1.0,1.0,False,False,multimodal,psd-fc-wpli,gated,cnn,True,finetune,segssl_barlow_all-patient_fc-wpli_finetune_seed13_pre20_proj32_mask0_03_noise0_02_mlp1_0_sup100,True,barlow,fc-wpli,all-patient,True,13,1.0,0.1,32,0.03,0.02
multimodal_psd-fc-wpli_gated_cnn,17,sub28,sub01;sub05;sub07;sub08;sub09;sub10;sub11;sub13;sub14;sub15;sub16;sub17;sub18;sub20;sub22;sub24;sub27,sub29,64,0.0059443386271595955,1.24575674533844,0.001,1e-05,1.0,1.0,False,False,multimodal,psd-fc-wpli,gated,cnn,True,finetune,segssl_barlow_all-patient_fc-wpli_finetune_seed13_pre20_proj32_mask0_03_noise0_02_mlp1_0_sup100,True,barlow,fc-wpli,all-patient,True,13,1.0,0.1,32,0.03,0.02
multimodal_psd-fc-wpli_gated_cnn,17,sub28,sub01;sub05;sub07;sub08;sub09;sub10;sub11;sub13;sub14;sub15;sub16;sub17;sub18;sub20;sub22;sub24;sub27,sub29,65,0.0057058739475905895,1.2177348136901855,0.001,1e-05,1.0,1.0,False,False,multimodal,psd-fc-wpli,gated,cnn,True,finetune,segssl_barlow_all-patient_fc-wpli_finetune_seed13_pre20_proj32_mask0_03_noise0_02_mlp1_0_sup100,True,barlow,fc-wpli,all-patient,True,13,1.0,0.1,32,0.03,0.02
multimodal_psd-fc-wpli_gated_cnn,17,sub28,sub01;sub05;sub07;sub08;sub09;sub10;sub11;sub13;sub14;sub15;sub16;sub17;sub18;sub20;sub22;sub24;sub27,sub29,66,0.0054844338446855545,1.1913377046585083,0.001,1e-05,1.0,1.0,False,False,multimodal,psd-fc-wpli,gated,cnn,True,finetune,segssl_barlow_all-patient_fc-wpli_finetune_seed13_pre20_proj32_mask0_03_noise0_02_mlp1_0_sup100,True,barlow,fc-wpli,all-patient,True,13,1.0,0.1,32,0.03,0.02
multimodal_psd-fc-wpli_gated_cnn,17,sub28,sub01;sub05;sub07;sub08;sub09;sub10;sub11;sub13;sub14;sub15;sub16;sub17;sub18;sub20;sub22;sub24;sub27,sub29,67,0.005277977325022221,1.165700912475586,0.001,1e-05,1.0,1.0,False,False,multimodal,psd-fc-wpli,gated,cnn,True,finetune,segssl_barlow_all-patient_fc-wpli_finetune_seed13_pre20_proj32_mask0_03_noise0_02_mlp1_0_sup100,True,barlow,fc-wpli,all-patient,True,13,1.0,0.1,32,0.03,0.02
multimodal_psd-fc-wpli_gated_cnn,17,sub28,sub01;sub05;sub07;sub08;sub09;sub10;sub11;sub13;sub14;sub15;sub16;sub17;sub18;sub20;sub22;sub24;sub27,sub29,68,0.005087146069854498,1.1415669918060303,0.001,1e-05,1.0,1.0,False,False,multimodal,psd-fc-wpli,gated,cnn,True,finetune,segssl_barlow_all-patient_fc-wpli_finetune_seed13_pre20_proj32_mask0_03_noise0_02_mlp1_0_sup100,True,barlow,fc-wpli,all-patient,True,13,1.0,0.1,32,0.03,0.02
multimodal_psd-fc-wpli_gated_cnn,17,sub28,sub01;sub05;sub07;sub08;sub09;sub10;sub11;sub13;sub14;sub15;sub16;sub17;sub18;sub20;sub22;sub24;sub27,sub29,69,0.0049086809158325195,1.1198656558990479,0.001,1e-05,1.0,1.0,False,False,multimodal,psd-fc-wpli,gated,cnn,True,finetune,segssl_barlow_all-patient_fc-wpli_finetune_seed13_pre20_proj32_mask0_03_noise0_02_mlp1_0_sup100,True,barlow,fc-wpli,all-patient,True,13,1.0,0.1,32,0.03,0.02
multimodal_psd-fc-wpli_gated_cnn,17,sub28,sub01;sub05;sub07;sub08;sub09;sub10;sub11;sub13;sub14;sub15;sub16;sub17;sub18;sub20;sub22;sub24;sub27,sub29,70,0.004740869160741568,1.098620891571045,0.001,1e-05,1.0,1.0,False,False,multimodal,psd-fc-wpli,gated,cnn,True,finetune,segssl_barlow_all-patient_fc-wpli_finetune_seed13_pre20_proj32_mask0_03_noise0_02_mlp1_0_sup100,True,barlow,fc-wpli,all-patient,True,13,1.0,0.1,32,0.03,0.02
multimodal_psd-fc-wpli_gated_cnn,17,sub28,sub01;sub05;sub07;sub08;sub09;sub10;sub11;sub13;sub14;sub15;sub16;sub17;sub18;sub20;sub22;sub24;sub27,sub29,71,0.004582494497299194,1.0778110027313232,0.001,1e-05,1.0,1.0,False,False,multimodal,psd-fc-wpli,gated,cnn,True,finetune,segssl_barlow_all-patient_fc-wpli_finetune_seed13_pre20_proj32_mask0_03_noise0_02_mlp1_0_sup100,True,barlow,fc-wpli,all-patient,True,13,1.0,0.1,32,0.03,0.02
multimodal_psd-fc-wpli_gated_cnn,17,sub28,sub01;sub05;sub07;sub08;sub09;sub10;sub11;sub13;sub14;sub15;sub16;sub17;sub18;sub20;sub22;sub24;sub27,sub29,72,0.004432867281138897,1.057411551475525,0.001,1e-05,1.0,1.0,False,False,multimodal,psd-fc-wpli,gated,cnn,True,finetune,segssl_barlow_all-patient_fc-wpli_finetune_seed13_pre20_proj32_mask0_03_noise0_02_mlp1_0_sup100,True,barlow,fc-wpli,all-patient,True,13,1.0,0.1,32,0.03,0.02
multimodal_psd-fc-wpli_gated_cnn,17,sub28,sub01;sub05;sub07;sub08;sub09;sub10;sub11;sub13;sub14;sub15;sub16;sub17;sub18;sub20;sub22;sub24;sub27,sub29,73,0.004291687626391649,1.0373098850250244,0.001,1e-05,1.0,1.0,False,False,multimodal,psd-fc-wpli,gated,cnn,True,finetune,segssl_barlow_all-patient_fc-wpli_finetune_seed13_pre20_proj32_mask0_03_noise0_02_mlp1_0_sup100,True,barlow,fc-wpli,all-patient,True,13,1.0,0.1,32,0.03,0.02
multimodal_psd-fc-wpli_gated_cnn,17,sub28,sub01;sub05;sub07;sub08;sub09;sub10;sub11;sub13;sub14;sub15;sub16;sub17;sub18;sub20;sub22;sub24;sub27,sub29,74,0.004158593714237213,1.0176117420196533,0.001,1e-05,1.0,1.0,False,False,multimodal,psd-fc-wpli,gated,cnn,True,finetune,segssl_barlow_all-patient_fc-wpli_finetune_seed13_pre20_proj32_mask0_03_noise0_02_mlp1_0_sup100,True,barlow,fc-wpli,all-patient,True,13,1.0,0.1,32,0.03,0.02
multimodal_psd-fc-wpli_gated_cnn,17,sub28,sub01;sub05;sub07;sub08;sub09;sub10;sub11;sub13;sub14;sub15;sub16;sub17;sub18;sub20;sub22;sub24;sub27,sub29,75,0.0040329755283892155,0.9983354806900024,0.001,1e-05,1.0,1.0,False,False,multimodal,psd-fc-wpli,gated,cnn,True,finetune,segssl_barlow_all-patient_fc-wpli_finetune_seed13_pre20_proj32_mask0_03_noise0_02_mlp1_0_sup100,True,barlow,fc-wpli,all-patient,True,13,1.0,0.1,32,0.03,0.02
multimodal_psd-fc-wpli_gated_cnn,17,sub28,sub01;sub05;sub07;sub08;sub09;sub10;sub11;sub13;sub14;sub15;sub16;sub17;sub18;sub20;sub22;sub24;sub27,sub29,76,0.0039141071029007435,0.9796417951583862,0.001,1e-05,1.0,1.0,False,False,multimodal,psd-fc-wpli,gated,cnn,True,finetune,segssl_barlow_all-patient_fc-wpli_finetune_seed13_pre20_proj32_mask0_03_noise0_02_mlp1_0_sup100,True,barlow,fc-wpli,all-patient,True,13,1.0,0.1,32,0.03,0.02
multimodal_psd-fc-wpli_gated_cnn,17,sub28,sub01;sub05;sub07;sub08;sub09;sub10;sub11;sub13;sub14;sub15;sub16;sub17;sub18;sub20;sub22;sub24;sub27,sub29,77,0.003801196813583374,0.9615349769592285,0.001,1e-05,1.0,1.0,False,False,multimodal,psd-fc-wpli,gated,cnn,True,finetune,segssl_barlow_all-patient_fc-wpli_finetune_seed13_pre20_proj32_mask0_03_noise0_02_mlp1_0_sup100,True,barlow,fc-wpli,all-patient,True,13,1.0,0.1,32,0.03,0.02
multimodal_psd-fc-wpli_gated_cnn,17,sub28,sub01;sub05;sub07;sub08;sub09;sub10;sub11;sub13;sub14;sub15;sub16;sub17;sub18;sub20;sub22;sub24;sub27,sub29,78,0.003693703329190612,0.9436955451965332,0.001,1e-05,1.0,1.0,False,False,multimodal,psd-fc-wpli,gated,cnn,True,finetune,segssl_barlow_all-patient_fc-wpli_finetune_seed13_pre20_proj32_mask0_03_noise0_02_mlp1_0_sup100,True,barlow,fc-wpli,all-patient,True,13,1.0,0.1,32,0.03,0.02
multimodal_psd-fc-wpli_gated_cnn,17,sub28,sub01;sub05;sub07;sub08;sub09;sub10;sub11;sub13;sub14;sub15;sub16;sub17;sub18;sub20;sub22;sub24;sub27,sub29,79,0.0035912932362407446,0.9263217449188232,0.001,1e-05,1.0,1.0,False,False,multimodal,psd-fc-wpli,gated,cnn,True,finetune,segssl_barlow_all-patient_fc-wpli_finetune_seed13_pre20_proj32_mask0_03_noise0_02_mlp1_0_sup100,True,barlow,fc-wpli,all-patient,True,13,1.0,0.1,32,0.03,0.02
multimodal_psd-fc-wpli_gated_cnn,17,sub28,sub01;sub05;sub07;sub08;sub09;sub10;sub11;sub13;sub14;sub15;sub16;sub17;sub18;sub20;sub22;sub24;sub27,sub29,80,0.0034935877192765474,0.9094991087913513,0.001,1e-05,1.0,1.0,False,False,multimodal,psd-fc-wpli,gated,cnn,True,finetune,segssl_barlow_all-patient_fc-wpli_finetune_seed13_pre20_proj32_mask0_03_noise0_02_mlp1_0_sup100,True,barlow,fc-wpli,all-patient,True,13,1.0,0.1,32,0.03,0.02
multimodal_psd-fc-wpli_gated_cnn,17,sub28,sub01;sub05;sub07;sub08;sub09;sub10;sub11;sub13;sub14;sub15;sub16;sub17;sub18;sub20;sub22;sub24;sub27,sub29,81,0.0034007930662482977,0.8932705521583557,0.001,1e-05,1.0,1.0,False,False,multimodal,psd-fc-wpli,gated,cnn,True,finetune,segssl_barlow_all-patient_fc-wpli_finetune_seed13_pre20_proj32_mask0_03_noise0_02_mlp1_0_sup100,True,barlow,fc-wpli,all-patient,True,13,1.0,0.1,32,0.03,0.02
multimodal_psd-fc-wpli_gated_cnn,17,sub28,sub01;sub05;sub07;sub08;sub09;sub10;sub11;sub13;sub14;sub15;sub16;sub17;sub18;sub20;sub22;sub24;sub27,sub29,82,0.0033119171857833862,0.8777378797531128,0.001,1e-05,1.0,1.0,False,False,multimodal,psd-fc-wpli,gated,cnn,True,finetune,segssl_barlow_all-patient_fc-wpli_finetune_seed13_pre20_proj32_mask0_03_noise0_02_mlp1_0_sup100,True,barlow,fc-wpli,all-patient,True,13,1.0,0.1,32,0.03,0.02
multimodal_psd-fc-wpli_gated_cnn,17,sub28,sub01;sub05;sub07;sub08;sub09;sub10;sub11;sub13;sub14;sub15;sub16;sub17;sub18;sub20;sub22;sub24;sub27,sub29,83,0.003227079985663295,0.8629647493362427,0.001,1e-05,1.0,1.0,False,False,multimodal,psd-fc-wpli,gated,cnn,True,finetune,segssl_barlow_all-patient_fc-wpli_finetune_seed13_pre20_proj32_mask0_03_noise0_02_mlp1_0_sup100,True,barlow,fc-wpli,all-patient,True,13,1.0,0.1,32,0.03,0.02
multimodal_psd-fc-wpli_gated_cnn,17,sub28,sub01;sub05;sub07;sub08;sub09;sub10;sub11;sub13;sub14;sub15;sub16;sub17;sub18;sub20;sub22;sub24;sub27,sub29,84,0.0031456793658435345,0.8489600419998169,0.001,1e-05,1.0,1.0,False,False,multimodal,psd-fc-wpli,gated,cnn,True,finetune,segssl_barlow_all-patient_fc-wpli_finetune_seed13_pre20_proj32_mask0_03_noise0_02_mlp1_0_sup100,True,barlow,fc-wpli,all-patient,True,13,1.0,0.1,32,0.03,0.02
multimodal_psd-fc-wpli_gated_cnn,17,sub28,sub01;sub05;sub07;sub08;sub09;sub10;sub11;sub13;sub14;sub15;sub16;sub17;sub18;sub20;sub22;sub24;sub27,sub29,85,0.0030676464084535837,0.835924506187439,0.001,1e-05,1.0,1.0,False,False,multimodal,psd-fc-wpli,gated,cnn,True,finetune,segssl_barlow_all-patient_fc-wpli_finetune_seed13_pre20_proj32_mask0_03_noise0_02_mlp1_0_sup100,True,barlow,fc-wpli,all-patient,True,13,1.0,0.1,32,0.03,0.02
multimodal_psd-fc-wpli_gated_cnn,17,sub28,sub01;sub05;sub07;sub08;sub09;sub10;sub11;sub13;sub14;sub15;sub16;sub17;sub18;sub20;sub22;sub24;sub27,sub29,86,0.002992902649566531,0.8237826824188232,0.001,1e-05,1.0,1.0,False,False,multimodal,psd-fc-wpli,gated,cnn,True,finetune,segssl_barlow_all-patient_fc-wpli_finetune_seed13_pre20_proj32_mask0_03_noise0_02_mlp1_0_sup100,True,barlow,fc-wpli,all-patient,True,13,1.0,0.1,32,0.03,0.02
multimodal_psd-fc-wpli_gated_cnn,17,sub28,sub01;sub05;sub07;sub08;sub09;sub10;sub11;sub13;sub14;sub15;sub16;sub17;sub18;sub20;sub22;sub24;sub27,sub29,87,0.0029210508801043034,0.8124253749847412,0.001,1e-05,1.0,1.0,False,False,multimodal,psd-fc-wpli,gated,cnn,True,finetune,segssl_barlow_all-patient_fc-wpli_finetune_seed13_pre20_proj32_mask0_03_noise0_02_mlp1_0_sup100,True,barlow,fc-wpli,all-patient,True,13,1.0,0.1,32,0.03,0.02
multimodal_psd-fc-wpli_gated_cnn,17,sub28,sub01;sub05;sub07;sub08;sub09;sub10;sub11;sub13;sub14;sub15;sub16;sub17;sub18;sub20;sub22;sub24;sub27,sub29,88,0.0028517793398350477,0.8016908168792725,0.001,1e-05,1.0,1.0,False,False,multimodal,psd-fc-wpli,gated,cnn,True,finetune,segssl_barlow_all-patient_fc-wpli_finetune_seed13_pre20_proj32_mask0_03_noise0_02_mlp1_0_sup100,True,barlow,fc-wpli,all-patient,True,13,1.0,0.1,32,0.03,0.02
multimodal_psd-fc-wpli_gated_cnn,17,sub28,sub01;sub05;sub07;sub08;sub09;sub10;sub11;sub13;sub14;sub15;sub16;sub17;sub18;sub20;sub22;sub24;sub27,sub29,89,0.0027852861676365137,0.7915929555892944,0.001,1e-05,1.0,1.0,False,False,multimodal,psd-fc-wpli,gated,cnn,True,finetune,segssl_barlow_all-patient_fc-wpli_finetune_seed13_pre20_proj32_mask0_03_noise0_02_mlp1_0_sup100,True,barlow,fc-wpli,all-patient,True,13,1.0,0.1,32,0.03,0.02
multimodal_psd-fc-wpli_gated_cnn,17,sub28,sub01;sub05;sub07;sub08;sub09;sub10;sub11;sub13;sub14;sub15;sub16;sub17;sub18;sub20;sub22;sub24;sub27,sub29,90,0.002721255412325263,0.7822072505950928,0.001,1e-05,1.0,1.0,False,False,multimodal,psd-fc-wpli,gated,cnn,True,finetune,segssl_barlow_all-patient_fc-wpli_finetune_seed13_pre20_proj32_mask0_03_noise0_02_mlp1_0_sup100,True,barlow,fc-wpli,all-patient,True,13,1.0,0.1,32,0.03,0.02
multimodal_psd-fc-wpli_gated_cnn,17,sub28,sub01;sub05;sub07;sub08;sub09;sub10;sub11;sub13;sub14;sub15;sub16;sub17;sub18;sub20;sub22;sub24;sub27,sub29,91,0.0026598528493195772,0.7734540104866028,0.001,1e-05,1.0,1.0,False,False,multimodal,psd-fc-wpli,gated,cnn,True,finetune,segssl_barlow_all-patient_fc-wpli_finetune_seed13_pre20_proj32_mask0_03_noise0_02_mlp1_0_sup100,True,barlow,fc-wpli,all-patient,True,13,1.0,0.1,32,0.03,0.02
multimodal_psd-fc-wpli_gated_cnn,17,sub28,sub01;sub05;sub07;sub08;sub09;sub10;sub11;sub13;sub14;sub15;sub16;sub17;sub18;sub20;sub22;sub24;sub27,sub29,92,0.0026010328438133,0.7652642726898193,0.001,1e-05,1.0,1.0,False,False,multimodal,psd-fc-wpli,gated,cnn,True,finetune,segssl_barlow_all-patient_fc-wpli_finetune_seed13_pre20_proj32_mask0_03_noise0_02_mlp1_0_sup100,True,barlow,fc-wpli,all-patient,True,13,1.0,0.1,32,0.03,0.02
multimodal_psd-fc-wpli_gated_cnn,17,sub28,sub01;sub05;sub07;sub08;sub09;sub10;sub11;sub13;sub14;sub15;sub16;sub17;sub18;sub20;sub22;sub24;sub27,sub29,93,0.0025441828183829784,0.7576210498809814,0.001,1e-05,1.0,1.0,False,False,multimodal,psd-fc-wpli,gated,cnn,True,finetune,segssl_barlow_all-patient_fc-wpli_finetune_seed13_pre20_proj32_mask0_03_noise0_02_mlp1_0_sup100,True,barlow,fc-wpli,all-patient,True,13,1.0,0.1,32,0.03,0.02
multimodal_psd-fc-wpli_gated_cnn,17,sub28,sub01;sub05;sub07;sub08;sub09;sub10;sub11;sub13;sub14;sub15;sub16;sub17;sub18;sub20;sub22;sub24;sub27,sub29,94,0.0024890971835702658,0.7504319548606873,0.001,1e-05,1.0,1.0,False,False,multimodal,psd-fc-wpli,gated,cnn,True,finetune,segssl_barlow_all-patient_fc-wpli_finetune_seed13_pre20_proj32_mask0_03_noise0_02_mlp1_0_sup100,True,barlow,fc-wpli,all-patient,True,13,1.0,0.1,32,0.03,0.02
multimodal_psd-fc-wpli_gated_cnn,17,sub28,sub01;sub05;sub07;sub08;sub09;sub10;sub11;sub13;sub14;sub15;sub16;sub17;sub18;sub20;sub22;sub24;sub27,sub29,95,0.002435782691463828,0.7436458468437195,0.001,1e-05,1.0,1.0,False,False,multimodal,psd-fc-wpli,gated,cnn,True,finetune,segssl_barlow_all-patient_fc-wpli_finetune_seed13_pre20_proj32_mask0_03_noise0_02_mlp1_0_sup100,True,barlow,fc-wpli,all-patient,True,13,1.0,0.1,32,0.03,0.02
multimodal_psd-fc-wpli_gated_cnn,17,sub28,sub01;sub05;sub07;sub08;sub09;sub10;sub11;sub13;sub14;sub15;sub16;sub17;sub18;sub20;sub22;sub24;sub27,sub29,96,0.0023842088412493467,0.7369166016578674,0.001,1e-05,1.0,1.0,False,False,multimodal,psd-fc-wpli,gated,cnn,True,finetune,segssl_barlow_all-patient_fc-wpli_finetune_seed13_pre20_proj32_mask0_03_noise0_02_mlp1_0_sup100,True,barlow,fc-wpli,all-patient,True,13,1.0,0.1,32,0.03,0.02
multimodal_psd-fc-wpli_gated_cnn,17,sub28,sub01;sub05;sub07;sub08;sub09;sub10;sub11;sub13;sub14;sub15;sub16;sub17;sub18;sub20;sub22;sub24;sub27,sub29,97,0.0023341896012425423,0.7301299571990967,0.001,1e-05,1.0,1.0,False,False,multimodal,psd-fc-wpli,gated,cnn,True,finetune,segssl_barlow_all-patient_fc-wpli_finetune_seed13_pre20_proj32_mask0_03_noise0_02_mlp1_0_sup100,True,barlow,fc-wpli,all-patient,True,13,1.0,0.1,32,0.03,0.02
multimodal_psd-fc-wpli_gated_cnn,17,sub28,sub01;sub05;sub07;sub08;sub09;sub10;sub11;sub13;sub14;sub15;sub16;sub17;sub18;sub20;sub22;sub24;sub27,sub29,98,0.0022860378958284855,0.7236289978027344,0.001,1e-05,1.0,1.0,False,False,multimodal,psd-fc-wpli,gated,cnn,True,finetune,segssl_barlow_all-patient_fc-wpli_finetune_seed13_pre20_proj32_mask0_03_noise0_02_mlp1_0_sup100,True,barlow,fc-wpli,all-patient,True,13,1.0,0.1,32,0.03,0.02
multimodal_psd-fc-wpli_gated_cnn,17,sub28,sub01;sub05;sub07;sub08;sub09;sub10;sub11;sub13;sub14;sub15;sub16;sub17;sub18;sub20;sub22;sub24;sub27,sub29,99,0.002239579800516367,0.7171753644943237,0.001,1e-05,1.0,1.0,False,False,multimodal,psd-fc-wpli,gated,cnn,True,finetune,segssl_barlow_all-patient_fc-wpli_finetune_seed13_pre20_proj32_mask0_03_noise0_02_mlp1_0_sup100,True,barlow,fc-wpli,all-patient,True,13,1.0,0.1,32,0.03,0.02
multimodal_psd-fc-wpli_gated_cnn,17,sub28,sub01;sub05;sub07;sub08;sub09;sub10;sub11;sub13;sub14;sub15;sub16;sub17;sub18;sub20;sub22;sub24;sub27,sub29,100,0.002194149885326624,0.7107585072517395,0.001,1e-05,1.0,1.0,True,False,multimodal,psd-fc-wpli,gated,cnn,True,finetune,segssl_barlow_all-patient_fc-wpli_finetune_seed13_pre20_proj32_mask0_03_noise0_02_mlp1_0_sup100,True,barlow,fc-wpli,all-patient,True,13,1.0,0.1,32,0.03,0.02
multimodal_psd-fc-wpli_gated_cnn,18,sub29,sub05;sub07;sub08;sub09;sub10;sub11;sub13;sub14;sub15;sub16;sub17;sub18;sub20;sub22;sub24;sub27;sub28,sub01,1,0.6939241886138916,0.6817129254341125,0.002,1e-05,1.0,1.0,True,False,multimodal,psd-fc-wpli,gated,cnn,True,finetune,segssl_barlow_all-patient_fc-wpli_finetune_seed13_pre20_proj32_mask0_03_noise0_02_mlp1_0_sup100,True,barlow,fc-wpli,all-patient,True,13,1.0,0.1,32,0.03,0.02
multimodal_psd-fc-wpli_gated_cnn,18,sub29,sub05;sub07;sub08;sub09;sub10;sub11;sub13;sub14;sub15;sub16;sub17;sub18;sub20;sub22;sub24;sub27;sub28,sub01,2,0.6832438111305237,0.6784276962280273,0.002,1e-05,1.0,1.0,True,False,multimodal,psd-fc-wpli,gated,cnn,True,finetune,segssl_barlow_all-patient_fc-wpli_finetune_seed13_pre20_proj32_mask0_03_noise0_02_mlp1_0_sup100,True,barlow,fc-wpli,all-patient,True,13,1.0,0.1,32,0.03,0.02
multimodal_psd-fc-wpli_gated_cnn,18,sub29,sub05;sub07;sub08;sub09;sub10;sub11;sub13;sub14;sub15;sub16;sub17;sub18;sub20;sub22;sub24;sub27;sub28,sub01,3,0.673958420753479,0.6766745448112488,0.002,1e-05,1.0,1.0,True,False,multimodal,psd-fc-wpli,gated,cnn,True,finetune,segssl_barlow_all-patient_fc-wpli_finetune_seed13_pre20_proj32_mask0_03_noise0_02_mlp1_0_sup100,True,barlow,fc-wpli,all-patient,True,13,1.0,0.1,32,0.03,0.02
multimodal_psd-fc-wpli_gated_cnn,18,sub29,sub05;sub07;sub08;sub09;sub10;sub11;sub13;sub14;sub15;sub16;sub17;sub18;sub20;sub22;sub24;sub27;sub28,sub01,4,0.6652219295501709,0.6756384968757629,0.002,1e-05,1.0,1.0,True,False,multimodal,psd-fc-wpli,gated,cnn,True,finetune,segssl_barlow_all-patient_fc-wpli_finetune_seed13_pre20_proj32_mask0_03_noise0_02_mlp1_0_sup100,True,barlow,fc-wpli,all-patient,True,13,1.0,0.1,32,0.03,0.02
multimodal_psd-fc-wpli_gated_cnn,18,sub29,sub05;sub07;sub08;sub09;sub10;sub11;sub13;sub14;sub15;sub16;sub17;sub18;sub20;sub22;sub24;sub27;sub28,sub01,5,0.6561505198478699,0.6732544898986816,0.002,1e-05,1.0,1.0,True,False,multimodal,psd-fc-wpli,gated,cnn,True,finetune,segssl_barlow_all-patient_fc-wpli_finetune_seed13_pre20_proj32_mask0_03_noise0_02_mlp1_0_sup100,True,barlow,fc-wpli,all-patient,True,13,1.0,0.1,32,0.03,0.02
multimodal_psd-fc-wpli_gated_cnn,18,sub29,sub05;sub07;sub08;sub09;sub10;sub11;sub13;sub14;sub15;sub16;sub17;sub18;sub20;sub22;sub24;sub27;sub28,sub01,6,0.646998941898346,0.6693336367607117,0.002,1e-05,1.0,1.0,True,False,multimodal,psd-fc-wpli,gated,cnn,True,finetune,segssl_barlow_all-patient_fc-wpli_finetune_seed13_pre20_proj32_mask0_03_noise0_02_mlp1_0_sup100,True,barlow,fc-wpli,all-patient,True,13,1.0,0.1,32,0.03,0.02
multimodal_psd-fc-wpli_gated_cnn,18,sub29,sub05;sub07;sub08;sub09;sub10;sub11;sub13;sub14;sub15;sub16;sub17;sub18;sub20;sub22;sub24;sub27;sub28,sub01,7,0.6377227306365967,0.6653100848197937,0.002,1e-05,1.0,1.0,True,False,multimodal,psd-fc-wpli,gated,cnn,True,finetune,segssl_barlow_all-patient_fc-wpli_finetune_seed13_pre20_proj32_mask0_03_noise0_02_mlp1_0_sup100,True,barlow,fc-wpli,all-patient,True,13,1.0,0.1,32,0.03,0.02
multimodal_psd-fc-wpli_gated_cnn,18,sub29,sub05;sub07;sub08;sub09;sub10;sub11;sub13;sub14;sub15;sub16;sub17;sub18;sub20;sub22;sub24;sub27;sub28,sub01,8,0.627610981464386,0.6605208516120911,0.002,1e-05,1.0,1.0,True,False,multimodal,psd-fc-wpli,gated,cnn,True,finetune,segssl_barlow_all-patient_fc-wpli_finetune_seed13_pre20_proj32_mask0_03_noise0_02_mlp1_0_sup100,True,barlow,fc-wpli,all-patient,True,13,1.0,0.1,32,0.03,0.02
multimodal_psd-fc-wpli_gated_cnn,18,sub29,sub05;sub07;sub08;sub09;sub10;sub11;sub13;sub14;sub15;sub16;sub17;sub18;sub20;sub22;sub24;sub27;sub28,sub01,9,0.6165158748626709,0.6548523902893066,0.002,1e-05,1.0,1.0,True,False,multimodal,psd-fc-wpli,gated,cnn,True,finetune,segssl_barlow_all-patient_fc-wpli_finetune_seed13_pre20_proj32_mask0_03_noise0_02_mlp1_0_sup100,True,barlow,fc-wpli,all-patient,True,13,1.0,0.1,32,0.03,0.02
multimodal_psd-fc-wpli_gated_cnn,18,sub29,sub05;sub07;sub08;sub09;sub10;sub11;sub13;sub14;sub15;sub16;sub17;sub18;sub20;sub22;sub24;sub27;sub28,sub01,10,0.6046109199523926,0.6471841335296631,0.002,1e-05,1.0,1.0,True,False,multimodal,psd-fc-wpli,gated,cnn,True,finetune,segssl_barlow_all-patient_fc-wpli_finetune_seed13_pre20_proj32_mask0_03_noise0_02_mlp1_0_sup100,True,barlow,fc-wpli,all-patient,True,13,1.0,0.1,32,0.03,0.02
multimodal_psd-fc-wpli_gated_cnn,18,sub29,sub05;sub07;sub08;sub09;sub10;sub11;sub13;sub14;sub15;sub16;sub17;sub18;sub20;sub22;sub24;sub27;sub28,sub01,11,0.5918641090393066,0.6374934315681458,0.002,1e-05,1.0,1.0,True,False,multimodal,psd-fc-wpli,gated,cnn,True,finetune,segssl_barlow_all-patient_fc-wpli_finetune_seed13_pre20_proj32_mask0_03_noise0_02_mlp1_0_sup100,True,barlow,fc-wpli,all-patient,True,13,1.0,0.1,32,0.03,0.02
multimodal_psd-fc-wpli_gated_cnn,18,sub29,sub05;sub07;sub08;sub09;sub10;sub11;sub13;sub14;sub15;sub16;sub17;sub18;sub20;sub22;sub24;sub27;sub28,sub01,12,0.5780767798423767,0.6255007386207581,0.002,1e-05,1.0,1.0,True,False,multimodal,psd-fc-wpli,gated,cnn,True,finetune,segssl_barlow_all-patient_fc-wpli_finetune_seed13_pre20_proj32_mask0_03_noise0_02_mlp1_0_sup100,True,barlow,fc-wpli,all-patient,True,13,1.0,0.1,32,0.03,0.02
multimodal_psd-fc-wpli_gated_cnn,18,sub29,sub05;sub07;sub08;sub09;sub10;sub11;sub13;sub14;sub15;sub16;sub17;sub18;sub20;sub22;sub24;sub27;sub28,sub01,13,0.5631722211837769,0.6136096715927124,0.002,1e-05,1.0,1.0,True,False,multimodal,psd-fc-wpli,gated,cnn,True,finetune,segssl_barlow_all-patient_fc-wpli_finetune_seed13_pre20_proj32_mask0_03_noise0_02_mlp1_0_sup100,True,barlow,fc-wpli,all-patient,True,13,1.0,0.1,32,0.03,0.02
multimodal_psd-fc-wpli_gated_cnn,18,sub29,sub05;sub07;sub08;sub09;sub10;sub11;sub13;sub14;sub15;sub16;sub17;sub18;sub20;sub22;sub24;sub27;sub28,sub01,14,0.5469340085983276,0.5997815728187561,0.002,1e-05,1.0,1.0,True,False,multimodal,psd-fc-wpli,gated,cnn,True,finetune,segssl_barlow_all-patient_fc-wpli_finetune_seed13_pre20_proj32_mask0_03_noise0_02_mlp1_0_sup100,True,barlow,fc-wpli,all-patient,True,13,1.0,0.1,32,0.03,0.02
multimodal_psd-fc-wpli_gated_cnn,18,sub29,sub05;sub07;sub08;sub09;sub10;sub11;sub13;sub14;sub15;sub16;sub17;sub18;sub20;sub22;sub24;sub27;sub28,sub01,15,0.5297005772590637,0.5842015743255615,0.002,1e-05,1.0,1.0,True,False,multimodal,psd-fc-wpli,gated,cnn,True,finetune,segssl_barlow_all-patient_fc-wpli_finetune_seed13_pre20_proj32_mask0_03_noise0_02_mlp1_0_sup100,True,barlow,fc-wpli,all-patient,True,13,1.0,0.1,32,0.03,0.02
multimodal_psd-fc-wpli_gated_cnn,18,sub29,sub05;sub07;sub08;sub09;sub10;sub11;sub13;sub14;sub15;sub16;sub17;sub18;sub20;sub22;sub24;sub27;sub28,sub01,16,0.5114597678184509,0.5669572353363037,0.002,1e-05,1.0,1.0,True,False,multimodal,psd-fc-wpli,gated,cnn,True,finetune,segssl_barlow_all-patient_fc-wpli_finetune_seed13_pre20_proj32_mask0_03_noise0_02_mlp1_0_sup100,True,barlow,fc-wpli,all-patient,True,13,1.0,0.1,32,0.03,0.02
multimodal_psd-fc-wpli_gated_cnn,18,sub29,sub05;sub07;sub08;sub09;sub10;sub11;sub13;sub14;sub15;sub16;sub17;sub18;sub20;sub22;sub24;sub27;sub28,sub01,17,0.49195557832717896,0.5487813353538513,0.002,1e-05,1.0,1.0,True,False,multimodal,psd-fc-wpli,gated,cnn,True,finetune,segssl_barlow_all-patient_fc-wpli_finetune_seed13_pre20_proj32_mask0_03_noise0_02_mlp1_0_sup100,True,barlow,fc-wpli,all-patient,True,13,1.0,0.1,32,0.03,0.02
multimodal_psd-fc-wpli_gated_cnn,18,sub29,sub05;sub07;sub08;sub09;sub10;sub11;sub13;sub14;sub15;sub16;sub17;sub18;sub20;sub22;sub24;sub27;sub28,sub01,18,0.47132962942123413,0.5296386480331421,0.002,1e-05,1.0,1.0,True,False,multimodal,psd-fc-wpli,gated,cnn,True,finetune,segssl_barlow_all-patient_fc-wpli_finetune_seed13_pre20_proj32_mask0_03_noise0_02_mlp1_0_sup100,True,barlow,fc-wpli,all-patient,True,13,1.0,0.1,32,0.03,0.02
multimodal_psd-fc-wpli_gated_cnn,18,sub29,sub05;sub07;sub08;sub09;sub10;sub11;sub13;sub14;sub15;sub16;sub17;sub18;sub20;sub22;sub24;sub27;sub28,sub01,19,0.4494788348674774,0.5090197920799255,0.002,1e-05,1.0,1.0,True,False,multimodal,psd-fc-wpli,gated,cnn,True,finetune,segssl_barlow_all-patient_fc-wpli_finetune_seed13_pre20_proj32_mask0_03_noise0_02_mlp1_0_sup100,True,barlow,fc-wpli,all-patient,True,13,1.0,0.1,32,0.03,0.02
multimodal_psd-fc-wpli_gated_cnn,18,sub29,sub05;sub07;sub08;sub09;sub10;sub11;sub13;sub14;sub15;sub16;sub17;sub18;sub20;sub22;sub24;sub27;sub28,sub01,20,0.4265008568763733,0.48862311244010925,0.002,1e-05,1.0,1.0,True,False,multimodal,psd-fc-wpli,gated,cnn,True,finetune,segssl_barlow_all-patient_fc-wpli_finetune_seed13_pre20_proj32_mask0_03_noise0_02_mlp1_0_sup100,True,barlow,fc-wpli,all-patient,True,13,1.0,0.1,32,0.03,0.02
multimodal_psd-fc-wpli_gated_cnn,18,sub29,sub05;sub07;sub08;sub09;sub10;sub11;sub13;sub14;sub15;sub16;sub17;sub18;sub20;sub22;sub24;sub27;sub28,sub01,21,0.4027315676212311,0.4681773781776428,0.002,1e-05,1.0,1.0,True,False,multimodal,psd-fc-wpli,gated,cnn,True,finetune,segssl_barlow_all-patient_fc-wpli_finetune_seed13_pre20_proj32_mask0_03_noise0_02_mlp1_0_sup100,True,barlow,fc-wpli,all-patient,True,13,1.0,0.1,32,0.03,0.02
multimodal_psd-fc-wpli_gated_cnn,18,sub29,sub05;sub07;sub08;sub09;sub10;sub11;sub13;sub14;sub15;sub16;sub17;sub18;sub20;sub22;sub24;sub27;sub28,sub01,22,0.37796249985694885,0.4466845989227295,0.002,1e-05,1.0,1.0,True,False,multimodal,psd-fc-wpli,gated,cnn,True,finetune,segssl_barlow_all-patient_fc-wpli_finetune_seed13_pre20_proj32_mask0_03_noise0_02_mlp1_0_sup100,True,barlow,fc-wpli,all-patient,True,13,1.0,0.1,32,0.03,0.02
multimodal_psd-fc-wpli_gated_cnn,18,sub29,sub05;sub07;sub08;sub09;sub10;sub11;sub13;sub14;sub15;sub16;sub17;sub18;sub20;sub22;sub24;sub27;sub28,sub01,23,0.35253962874412537,0.4241032898426056,0.002,1e-05,1.0,1.0,True,False,multimodal,psd-fc-wpli,gated,cnn,True,finetune,segssl_barlow_all-patient_fc-wpli_finetune_seed13_pre20_proj32_mask0_03_noise0_02_mlp1_0_sup100,True,barlow,fc-wpli,all-patient,True,13,1.0,0.1,32,0.03,0.02
multimodal_psd-fc-wpli_gated_cnn,18,sub29,sub05;sub07;sub08;sub09;sub10;sub11;sub13;sub14;sub15;sub16;sub17;sub18;sub20;sub22;sub24;sub27;sub28,sub01,24,0.3272997736930847,0.40113723278045654,0.002,1e-05,1.0,1.0,True,False,multimodal,psd-fc-wpli,gated,cnn,True,finetune,segssl_barlow_all-patient_fc-wpli_finetune_seed13_pre20_proj32_mask0_03_noise0_02_mlp1_0_sup100,True,barlow,fc-wpli,all-patient,True,13,1.0,0.1,32,0.03,0.02
multimodal_psd-fc-wpli_gated_cnn,18,sub29,sub05;sub07;sub08;sub09;sub10;sub11;sub13;sub14;sub15;sub16;sub17;sub18;sub20;sub22;sub24;sub27;sub28,sub01,25,0.3022333085536957,0.37817659974098206,0.002,1e-05,1.0,1.0,True,False,multimodal,psd-fc-wpli,gated,cnn,True,finetune,segssl_barlow_all-patient_fc-wpli_finetune_seed13_pre20_proj32_mask0_03_noise0_02_mlp1_0_sup100,True,barlow,fc-wpli,all-patient,True,13,1.0,0.1,32,0.03,0.02
multimodal_psd-fc-wpli_gated_cnn,18,sub29,sub05;sub07;sub08;sub09;sub10;sub11;sub13;sub14;sub15;sub16;sub17;sub18;sub20;sub22;sub24;sub27;sub28,sub01,26,0.27729353308677673,0.3546457886695862,0.002,1e-05,1.0,1.0,True,False,multimodal,psd-fc-wpli,gated,cnn,True,finetune,segssl_barlow_all-patient_fc-wpli_finetune_seed13_pre20_proj32_mask0_03_noise0_02_mlp1_0_sup100,True,barlow,fc-wpli,all-patient,True,13,1.0,0.1,32,0.03,0.02
multimodal_psd-fc-wpli_gated_cnn,18,sub29,sub05;sub07;sub08;sub09;sub10;sub11;sub13;sub14;sub15;sub16;sub17;sub18;sub20;sub22;sub24;sub27;sub28,sub01,27,0.2531658709049225,0.3302234411239624,0.002,1e-05,1.0,1.0,True,False,multimodal,psd-fc-wpli,gated,cnn,True,finetune,segssl_barlow_all-patient_fc-wpli_finetune_seed13_pre20_proj32_mask0_03_noise0_02_mlp1_0_sup100,True,barlow,fc-wpli,all-patient,True,13,1.0,0.1,32,0.03,0.02
multimodal_psd-fc-wpli_gated_cnn,18,sub29,sub05;sub07;sub08;sub09;sub10;sub11;sub13;sub14;sub15;sub16;sub17;sub18;sub20;sub22;sub24;sub27;sub28,sub01,28,0.22996358573436737,0.3048332929611206,0.002,1e-05,1.0,1.0,True,False,multimodal,psd-fc-wpli,gated,cnn,True,finetune,segssl_barlow_all-patient_fc-wpli_finetune_seed13_pre20_proj32_mask0_03_noise0_02_mlp1_0_sup100,True,barlow,fc-wpli,all-patient,True,13,1.0,0.1,32,0.03,0.02
multimodal_psd-fc-wpli_gated_cnn,18,sub29,sub05;sub07;sub08;sub09;sub10;sub11;sub13;sub14;sub15;sub16;sub17;sub18;sub20;sub22;sub24;sub27;sub28,sub01,29,0.2078143060207367,0.2768118679523468,0.002,1e-05,1.0,1.0,True,False,multimodal,psd-fc-wpli,gated,cnn,True,finetune,segssl_barlow_all-patient_fc-wpli_finetune_seed13_pre20_proj32_mask0_03_noise0_02_mlp1_0_sup100,True,barlow,fc-wpli,all-patient,True,13,1.0,0.1,32,0.03,0.02
multimodal_psd-fc-wpli_gated_cnn,18,sub29,sub05;sub07;sub08;sub09;sub10;sub11;sub13;sub14;sub15;sub16;sub17;sub18;sub20;sub22;sub24;sub27;sub28,sub01,30,0.186799556016922,0.2467096447944641,0.002,1e-05,1.0,1.0,True,False,multimodal,psd-fc-wpli,gated,cnn,True,finetune,segssl_barlow_all-patient_fc-wpli_finetune_seed13_pre20_proj32_mask0_03_noise0_02_mlp1_0_sup100,True,barlow,fc-wpli,all-patient,True,13,1.0,0.1,32,0.03,0.02
multimodal_psd-fc-wpli_gated_cnn,18,sub29,sub05;sub07;sub08;sub09;sub10;sub11;sub13;sub14;sub15;sub16;sub17;sub18;sub20;sub22;sub24;sub27;sub28,sub01,31,0.1669083833694458,0.21535412967205048,0.002,1e-05,1.0,1.0,True,False,multimodal,psd-fc-wpli,gated,cnn,True,finetune,segssl_barlow_all-patient_fc-wpli_finetune_seed13_pre20_proj32_mask0_03_noise0_02_mlp1_0_sup100,True,barlow,fc-wpli,all-patient,True,13,1.0,0.1,32,0.03,0.02
multimodal_psd-fc-wpli_gated_cnn,18,sub29,sub05;sub07;sub08;sub09;sub10;sub11;sub13;sub14;sub15;sub16;sub17;sub18;sub20;sub22;sub24;sub27;sub28,sub01,32,0.148222416639328,0.18354175984859467,0.002,1e-05,1.0,1.0,True,False,multimodal,psd-fc-wpli,gated,cnn,True,finetune,segssl_barlow_all-patient_fc-wpli_finetune_seed13_pre20_proj32_mask0_03_noise0_02_mlp1_0_sup100,True,barlow,fc-wpli,all-patient,True,13,1.0,0.1,32,0.03,0.02
multimodal_psd-fc-wpli_gated_cnn,18,sub29,sub05;sub07;sub08;sub09;sub10;sub11;sub13;sub14;sub15;sub16;sub17;sub18;sub20;sub22;sub24;sub27;sub28,sub01,33,0.13085559010505676,0.15365158021450043,0.002,1e-05,1.0,1.0,True,False,multimodal,psd-fc-wpli,gated,cnn,True,finetune,segssl_barlow_all-patient_fc-wpli_finetune_seed13_pre20_proj32_mask0_03_noise0_02_mlp1_0_sup100,True,barlow,fc-wpli,all-patient,True,13,1.0,0.1,32,0.03,0.02
multimodal_psd-fc-wpli_gated_cnn,18,sub29,sub05;sub07;sub08;sub09;sub10;sub11;sub13;sub14;sub15;sub16;sub17;sub18;sub20;sub22;sub24;sub27;sub28,sub01,34,0.11481739580631256,0.1271175593137741,0.002,1e-05,1.0,1.0,True,False,multimodal,psd-fc-wpli,gated,cnn,True,finetune,segssl_barlow_all-patient_fc-wpli_finetune_seed13_pre20_proj32_mask0_03_noise0_02_mlp1_0_sup100,True,barlow,fc-wpli,all-patient,True,13,1.0,0.1,32,0.03,0.02
multimodal_psd-fc-wpli_gated_cnn,18,sub29,sub05;sub07;sub08;sub09;sub10;sub11;sub13;sub14;sub15;sub16;sub17;sub18;sub20;sub22;sub24;sub27;sub28,sub01,35,0.10009075701236725,0.10436537116765976,0.002,1e-05,1.0,1.0,True,False,multimodal,psd-fc-wpli,gated,cnn,True,finetune,segssl_barlow_all-patient_fc-wpli_finetune_seed13_pre20_proj32_mask0_03_noise0_02_mlp1_0_sup100,True,barlow,fc-wpli,all-patient,True,13,1.0,0.1,32,0.03,0.02
multimodal_psd-fc-wpli_gated_cnn,18,sub29,sub05;sub07;sub08;sub09;sub10;sub11;sub13;sub14;sub15;sub16;sub17;sub18;sub20;sub22;sub24;sub27;sub28,sub01,36,0.08664458245038986,0.08540254086256027,0.002,1e-05,1.0,1.0,True,False,multimodal,psd-fc-wpli,gated,cnn,True,finetune,segssl_barlow_all-patient_fc-wpli_finetune_seed13_pre20_proj32_mask0_03_noise0_02_mlp1_0_sup100,True,barlow,fc-wpli,all-patient,True,13,1.0,0.1,32,0.03,0.02
multimodal_psd-fc-wpli_gated_cnn,18,sub29,sub05;sub07;sub08;sub09;sub10;sub11;sub13;sub14;sub15;sub16;sub17;sub18;sub20;sub22;sub24;sub27;sub28,sub01,37,0.0745425596833229,0.06988810002803802,0.002,1e-05,1.0,1.0,True,False,multimodal,psd-fc-wpli,gated,cnn,True,finetune,segssl_barlow_all-patient_fc-wpli_finetune_seed13_pre20_proj32_mask0_03_noise0_02_mlp1_0_sup100,True,barlow,fc-wpli,all-patient,True,13,1.0,0.1,32,0.03,0.02
multimodal_psd-fc-wpli_gated_cnn,18,sub29,sub05;sub07;sub08;sub09;sub10;sub11;sub13;sub14;sub15;sub16;sub17;sub18;sub20;sub22;sub24;sub27;sub28,sub01,38,0.06372836977243423,0.057380110025405884,0.002,1e-05,1.0,1.0,True,False,multimodal,psd-fc-wpli,gated,cnn,True,finetune,segssl_barlow_all-patient_fc-wpli_finetune_seed13_pre20_proj32_mask0_03_noise0_02_mlp1_0_sup100,True,barlow,fc-wpli,all-patient,True,13,1.0,0.1,32,0.03,0.02
multimodal_psd-fc-wpli_gated_cnn,18,sub29,sub05;sub07;sub08;sub09;sub10;sub11;sub13;sub14;sub15;sub16;sub17;sub18;sub20;sub22;sub24;sub27;sub28,sub01,39,0.05416965112090111,0.047391243278980255,0.002,1e-05,1.0,1.0,True,False,multimodal,psd-fc-wpli,gated,cnn,True,finetune,segssl_barlow_all-patient_fc-wpli_finetune_seed13_pre20_proj32_mask0_03_noise0_02_mlp1_0_sup100,True,barlow,fc-wpli,all-patient,True,13,1.0,0.1,32,0.03,0.02
multimodal_psd-fc-wpli_gated_cnn,18,sub29,sub05;sub07;sub08;sub09;sub10;sub11;sub13;sub14;sub15;sub16;sub17;sub18;sub20;sub22;sub24;sub27;sub28,sub01,40,0.04584325850009918,0.03938800096511841,0.002,1e-05,1.0,1.0,True,False,multimodal,psd-fc-wpli,gated,cnn,True,finetune,segssl_barlow_all-patient_fc-wpli_finetune_seed13_pre20_proj32_mask0_03_noise0_02_mlp1_0_sup100,True,barlow,fc-wpli,all-patient,True,13,1.0,0.1,32,0.03,0.02
multimodal_psd-fc-wpli_gated_cnn,18,sub29,sub05;sub07;sub08;sub09;sub10;sub11;sub13;sub14;sub15;sub16;sub17;sub18;sub20;sub22;sub24;sub27;sub28,sub01,41,0.03864553943276405,0.03291033208370209,0.002,1e-05,1.0,1.0,True,False,multimodal,psd-fc-wpli,gated,cnn,True,finetune,segssl_barlow_all-patient_fc-wpli_finetune_seed13_pre20_proj32_mask0_03_noise0_02_mlp1_0_sup100,True,barlow,fc-wpli,all-patient,True,13,1.0,0.1,32,0.03,0.02
multimodal_psd-fc-wpli_gated_cnn,18,sub29,sub05;sub07;sub08;sub09;sub10;sub11;sub13;sub14;sub15;sub16;sub17;sub18;sub20;sub22;sub24;sub27;sub28,sub01,42,0.032489385455846786,0.02757999859750271,0.002,1e-05,1.0,1.0,True,False,multimodal,psd-fc-wpli,gated,cnn,True,finetune,segssl_barlow_all-patient_fc-wpli_finetune_seed13_pre20_proj32_mask0_03_noise0_02_mlp1_0_sup100,True,barlow,fc-wpli,all-patient,True,13,1.0,0.1,32,0.03,0.02
multimodal_psd-fc-wpli_gated_cnn,18,sub29,sub05;sub07;sub08;sub09;sub10;sub11;sub13;sub14;sub15;sub16;sub17;sub18;sub20;sub22;sub24;sub27;sub28,sub01,43,0.027282871305942535,0.023184502497315407,0.002,1e-05,1.0,1.0,True,False,multimodal,psd-fc-wpli,gated,cnn,True,finetune,segssl_barlow_all-patient_fc-wpli_finetune_seed13_pre20_proj32_mask0_03_noise0_02_mlp1_0_sup100,True,barlow,fc-wpli,all-patient,True,13,1.0,0.1,32,0.03,0.02
multimodal_psd-fc-wpli_gated_cnn,18,sub29,sub05;sub07;sub08;sub09;sub10;sub11;sub13;sub14;sub15;sub16;sub17;sub18;sub20;sub22;sub24;sub27;sub28,sub01,44,0.022906213998794556,0.01957855373620987,0.002,1e-05,1.0,1.0,True,False,multimodal,psd-fc-wpli,gated,cnn,True,finetune,segssl_barlow_all-patient_fc-wpli_finetune_seed13_pre20_proj32_mask0_03_noise0_02_mlp1_0_sup100,True,barlow,fc-wpli,all-patient,True,13,1.0,0.1,32,0.03,0.02
multimodal_psd-fc-wpli_gated_cnn,18,sub29,sub05;sub07;sub08;sub09;sub10;sub11;sub13;sub14;sub15;sub16;sub17;sub18;sub20;sub22;sub24;sub27;sub28,sub01,45,0.01926741935312748,0.016616063192486763,0.002,1e-05,1.0,1.0,True,False,multimodal,psd-fc-wpli,gated,cnn,True,finetune,segssl_barlow_all-patient_fc-wpli_finetune_seed13_pre20_proj32_mask0_03_noise0_02_mlp1_0_sup100,True,barlow,fc-wpli,all-patient,True,13,1.0,0.1,32,0.03,0.02
multimodal_psd-fc-wpli_gated_cnn,18,sub29,sub05;sub07;sub08;sub09;sub10;sub11;sub13;sub14;sub15;sub16;sub17;sub18;sub20;sub22;sub24;sub27;sub28,sub01,46,0.016252867877483368,0.014186580665409565,0.002,1e-05,1.0,1.0,True,False,multimodal,psd-fc-wpli,gated,cnn,True,finetune,segssl_barlow_all-patient_fc-wpli_finetune_seed13_pre20_proj32_mask0_03_noise0_02_mlp1_0_sup100,True,barlow,fc-wpli,all-patient,True,13,1.0,0.1,32,0.03,0.02
multimodal_psd-fc-wpli_gated_cnn,18,sub29,sub05;sub07;sub08;sub09;sub10;sub11;sub13;sub14;sub15;sub16;sub17;sub18;sub20;sub22;sub24;sub27;sub28,sub01,47,0.013754105195403099,0.012182711623609066,0.002,1e-05,1.0,1.0,True,False,multimodal,psd-fc-wpli,gated,cnn,True,finetune,segssl_barlow_all-patient_fc-wpli_finetune_seed13_pre20_proj32_mask0_03_noise0_02_mlp1_0_sup100,True,barlow,fc-wpli,all-patient,True,13,1.0,0.1,32,0.03,0.02
multimodal_psd-fc-wpli_gated_cnn,18,sub29,sub05;sub07;sub08;sub09;sub10;sub11;sub13;sub14;sub15;sub16;sub17;sub18;sub20;sub22;sub24;sub27;sub28,sub01,48,0.011678151786327362,0.010518121533095837,0.002,1e-05,1.0,1.0,True,False,multimodal,psd-fc-wpli,gated,cnn,True,finetune,segssl_barlow_all-patient_fc-wpli_finetune_seed13_pre20_proj32_mask0_03_noise0_02_mlp1_0_sup100,True,barlow,fc-wpli,all-patient,True,13,1.0,0.1,32,0.03,0.02
multimodal_psd-fc-wpli_gated_cnn,18,sub29,sub05;sub07;sub08;sub09;sub10;sub11;sub13;sub14;sub15;sub16;sub17;sub18;sub20;sub22;sub24;sub27;sub28,sub01,49,0.00996057502925396,0.009128144010901451,0.002,1e-05,1.0,1.0,True,False,multimodal,psd-fc-wpli,gated,cnn,True,finetune,segssl_barlow_all-patient_fc-wpli_finetune_seed13_pre20_proj32_mask0_03_noise0_02_mlp1_0_sup100,True,barlow,fc-wpli,all-patient,True,13,1.0,0.1,32,0.03,0.02
multimodal_psd-fc-wpli_gated_cnn,18,sub29,sub05;sub07;sub08;sub09;sub10;sub11;sub13;sub14;sub15;sub16;sub17;sub18;sub20;sub22;sub24;sub27;sub28,sub01,50,0.008541218005120754,0.007960508577525616,0.002,1e-05,1.0,1.0,True,False,multimodal,psd-fc-wpli,gated,cnn,True,finetune,segssl_barlow_all-patient_fc-wpli_finetune_seed13_pre20_proj32_mask0_03_noise0_02_mlp1_0_sup100,True,barlow,fc-wpli,all-patient,True,13,1.0,0.1,32,0.03,0.02
multimodal_psd-fc-wpli_gated_cnn,18,sub29,sub05;sub07;sub08;sub09;sub10;sub11;sub13;sub14;sub15;sub16;sub17;sub18;sub20;sub22;sub24;sub27;sub28,sub01,51,0.007370640989392996,0.006973564624786377,0.002,1e-05,1.0,1.0,True,False,multimodal,psd-fc-wpli,gated,cnn,True,finetune,segssl_barlow_all-patient_fc-wpli_finetune_seed13_pre20_proj32_mask0_03_noise0_02_mlp1_0_sup100,True,barlow,fc-wpli,all-patient,True,13,1.0,0.1,32,0.03,0.02
multimodal_psd-fc-wpli_gated_cnn,18,sub29,sub05;sub07;sub08;sub09;sub10;sub11;sub13;sub14;sub15;sub16;sub17;sub18;sub20;sub22;sub24;sub27;sub28,sub01,52,0.0063951523043215275,0.006133552640676498,0.002,1e-05,1.0,1.0,True,False,multimodal,psd-fc-wpli,gated,cnn,True,finetune,segssl_barlow_all-patient_fc-wpli_finetune_seed13_pre20_proj32_mask0_03_noise0_02_mlp1_0_sup100,True,barlow,fc-wpli,all-patient,True,13,1.0,0.1,32,0.03,0.02
multimodal_psd-fc-wpli_gated_cnn,18,sub29,sub05;sub07;sub08;sub09;sub10;sub11;sub13;sub14;sub15;sub16;sub17;sub18;sub20;sub22;sub24;sub27;sub28,sub01,53,0.005575672723352909,0.005414814688265324,0.002,1e-05,1.0,1.0,True,False,multimodal,psd-fc-wpli,gated,cnn,True,finetune,segssl_barlow_all-patient_fc-wpli_finetune_seed13_pre20_proj32_mask0_03_noise0_02_mlp1_0_sup100,True,barlow,fc-wpli,all-patient,True,13,1.0,0.1,32,0.03,0.02
multimodal_psd-fc-wpli_gated_cnn,18,sub29,sub05;sub07;sub08;sub09;sub10;sub11;sub13;sub14;sub15;sub16;sub17;sub18;sub20;sub22;sub24;sub27;sub28,sub01,54,0.004888670518994331,0.004802714567631483,0.002,1e-05,1.0,1.0,True,False,multimodal,psd-fc-wpli,gated,cnn,True,finetune,segssl_barlow_all-patient_fc-wpli_finetune_seed13_pre20_proj32_mask0_03_noise0_02_mlp1_0_sup100,True,barlow,fc-wpli,all-patient,True,13,1.0,0.1,32,0.03,0.02
multimodal_psd-fc-wpli_gated_cnn,18,sub29,sub05;sub07;sub08;sub09;sub10;sub11;sub13;sub14;sub15;sub16;sub17;sub18;sub20;sub22;sub24;sub27;sub28,sub01,55,0.004312947392463684,0.004279518965631723,0.002,1e-05,1.0,1.0,True,False,multimodal,psd-fc-wpli,gated,cnn,True,finetune,segssl_barlow_all-patient_fc-wpli_finetune_seed13_pre20_proj32_mask0_03_noise0_02_mlp1_0_sup100,True,barlow,fc-wpli,all-patient,True,13,1.0,0.1,32,0.03,0.02
multimodal_psd-fc-wpli_gated_cnn,18,sub29,sub05;sub07;sub08;sub09;sub10;sub11;sub13;sub14;sub15;sub16;sub17;sub18;sub20;sub22;sub24;sub27;sub28,sub01,56,0.0038289919029921293,0.003824684303253889,0.002,1e-05,1.0,1.0,True,False,multimodal,psd-fc-wpli,gated,cnn,True,finetune,segssl_barlow_all-patient_fc-wpli_finetune_seed13_pre20_proj32_mask0_03_noise0_02_mlp1_0_sup100,True,barlow,fc-wpli,all-patient,True,13,1.0,0.1,32,0.03,0.02
multimodal_psd-fc-wpli_gated_cnn,18,sub29,sub05;sub07;sub08;sub09;sub10;sub11;sub13;sub14;sub15;sub16;sub17;sub18;sub20;sub22;sub24;sub27;sub28,sub01,57,0.003419582499191165,0.003429864067584276,0.002,1e-05,1.0,1.0,True,False,multimodal,psd-fc-wpli,gated,cnn,True,finetune,segssl_barlow_all-patient_fc-wpli_finetune_seed13_pre20_proj32_mask0_03_noise0_02_mlp1_0_sup100,True,barlow,fc-wpli,all-patient,True,13,1.0,0.1,32,0.03,0.02
multimodal_psd-fc-wpli_gated_cnn,18,sub29,sub05;sub07;sub08;sub09;sub10;sub11;sub13;sub14;sub15;sub16;sub17;sub18;sub20;sub22;sub24;sub27;sub28,sub01,58,0.0030709593556821346,0.0030869157053530216,0.002,1e-05,1.0,1.0,True,False,multimodal,psd-fc-wpli,gated,cnn,True,finetune,segssl_barlow_all-patient_fc-wpli_finetune_seed13_pre20_proj32_mask0_03_noise0_02_mlp1_0_sup100,True,barlow,fc-wpli,all-patient,True,13,1.0,0.1,32,0.03,0.02
multimodal_psd-fc-wpli_gated_cnn,18,sub29,sub05;sub07;sub08;sub09;sub10;sub11;sub13;sub14;sub15;sub16;sub17;sub18;sub20;sub22;sub24;sub27;sub28,sub01,59,0.002772047184407711,0.002787298522889614,0.002,1e-05,1.0,1.0,True,False,multimodal,psd-fc-wpli,gated,cnn,True,finetune,segssl_barlow_all-patient_fc-wpli_finetune_seed13_pre20_proj32_mask0_03_noise0_02_mlp1_0_sup100,True,barlow,fc-wpli,all-patient,True,13,1.0,0.1,32,0.03,0.02
multimodal_psd-fc-wpli_gated_cnn,18,sub29,sub05;sub07;sub08;sub09;sub10;sub11;sub13;sub14;sub15;sub16;sub17;sub18;sub20;sub22;sub24;sub27;sub28,sub01,60,0.002512764185667038,0.0025254760403186083,0.002,1e-05,1.0,1.0,True,False,multimodal,psd-fc-wpli,gated,cnn,True,finetune,segssl_barlow_all-patient_fc-wpli_finetune_seed13_pre20_proj32_mask0_03_noise0_02_mlp1_0_sup100,True,barlow,fc-wpli,all-patient,True,13,1.0,0.1,32,0.03,0.02
multimodal_psd-fc-wpli_gated_cnn,18,sub29,sub05;sub07;sub08;sub09;sub10;sub11;sub13;sub14;sub15;sub16;sub17;sub18;sub20;sub22;sub24;sub27;sub28,sub01,61,0.0022859901655465364,0.0022832571994513273,0.002,1e-05,1.0,1.0,True,False,multimodal,psd-fc-wpli,gated,cnn,True,finetune,segssl_barlow_all-patient_fc-wpli_finetune_seed13_pre20_proj32_mask0_03_noise0_02_mlp1_0_sup100,True,barlow,fc-wpli,all-patient,True,13,1.0,0.1,32,0.03,0.02
multimodal_psd-fc-wpli_gated_cnn,18,sub29,sub05;sub07;sub08;sub09;sub10;sub11;sub13;sub14;sub15;sub16;sub17;sub18;sub20;sub22;sub24;sub27;sub28,sub01,62,0.002085501328110695,0.00206970633007586,0.002,1e-05,1.0,1.0,True,False,multimodal,psd-fc-wpli,gated,cnn,True,finetune,segssl_barlow_all-patient_fc-wpli_finetune_seed13_pre20_proj32_mask0_03_noise0_02_mlp1_0_sup100,True,barlow,fc-wpli,all-patient,True,13,1.0,0.1,32,0.03,0.02
multimodal_psd-fc-wpli_gated_cnn,18,sub29,sub05;sub07;sub08;sub09;sub10;sub11;sub13;sub14;sub15;sub16;sub17;sub18;sub20;sub22;sub24;sub27;sub28,sub01,63,0.001909937011078,0.00188247615005821,0.002,1e-05,1.0,1.0,True,False,multimodal,psd-fc-wpli,gated,cnn,True,finetune,segssl_barlow_all-patient_fc-wpli_finetune_seed13_pre20_proj32_mask0_03_noise0_02_mlp1_0_sup100,True,barlow,fc-wpli,all-patient,True,13,1.0,0.1,32,0.03,0.02
multimodal_psd-fc-wpli_gated_cnn,18,sub29,sub05;sub07;sub08;sub09;sub10;sub11;sub13;sub14;sub15;sub16;sub17;sub18;sub20;sub22;sub24;sub27;sub28,sub01,64,0.001755752949975431,0.001718088868074119,0.002,1e-05,1.0,1.0,True,False,multimodal,psd-fc-wpli,gated,cnn,True,finetune,segssl_barlow_all-patient_fc-wpli_finetune_seed13_pre20_proj32_mask0_03_noise0_02_mlp1_0_sup100,True,barlow,fc-wpli,all-patient,True,13,1.0,0.1,32,0.03,0.02
multimodal_psd-fc-wpli_gated_cnn,18,sub29,sub05;sub07;sub08;sub09;sub10;sub11;sub13;sub14;sub15;sub16;sub17;sub18;sub20;sub22;sub24;sub27;sub28,sub01,65,0.001620509778149426,0.001573846791870892,0.002,1e-05,1.0,1.0,True,False,multimodal,psd-fc-wpli,gated,cnn,True,finetune,segssl_barlow_all-patient_fc-wpli_finetune_seed13_pre20_proj32_mask0_03_noise0_02_mlp1_0_sup100,True,barlow,fc-wpli,all-patient,True,13,1.0,0.1,32,0.03,0.02
multimodal_psd-fc-wpli_gated_cnn,18,sub29,sub05;sub07;sub08;sub09;sub10;sub11;sub13;sub14;sub15;sub16;sub17;sub18;sub20;sub22;sub24;sub27;sub28,sub01,66,0.0015014620730653405,0.0014475923962891102,0.002,1e-05,1.0,1.0,True,False,multimodal,psd-fc-wpli,gated,cnn,True,finetune,segssl_barlow_all-patient_fc-wpli_finetune_seed13_pre20_proj32_mask0_03_noise0_02_mlp1_0_sup100,True,barlow,fc-wpli,all-patient,True,13,1.0,0.1,32,0.03,0.02
multimodal_psd-fc-wpli_gated_cnn,18,sub29,sub05;sub07;sub08;sub09;sub10;sub11;sub13;sub14;sub15;sub16;sub17;sub18;sub20;sub22;sub24;sub27;sub28,sub01,67,0.001396049396134913,0.0013366329949349165,0.002,1e-05,1.0,1.0,True,False,multimodal,psd-fc-wpli,gated,cnn,True,finetune,segssl_barlow_all-patient_fc-wpli_finetune_seed13_pre20_proj32_mask0_03_noise0_02_mlp1_0_sup100,True,barlow,fc-wpli,all-patient,True,13,1.0,0.1,32,0.03,0.02
multimodal_psd-fc-wpli_gated_cnn,18,sub29,sub05;sub07;sub08;sub09;sub10;sub11;sub13;sub14;sub15;sub16;sub17;sub18;sub20;sub22;sub24;sub27;sub28,sub01,68,0.0013024824438616633,0.0012388747418299317,0.002,1e-05,1.0,1.0,True,False,multimodal,psd-fc-wpli,gated,cnn,True,finetune,segssl_barlow_all-patient_fc-wpli_finetune_seed13_pre20_proj32_mask0_03_noise0_02_mlp1_0_sup100,True,barlow,fc-wpli,all-patient,True,13,1.0,0.1,32,0.03,0.02
multimodal_psd-fc-wpli_gated_cnn,18,sub29,sub05;sub07;sub08;sub09;sub10;sub11;sub13;sub14;sub15;sub16;sub17;sub18;sub20;sub22;sub24;sub27;sub28,sub01,69,0.0012188387336209416,0.001152344630099833,0.002,1e-05,1.0,1.0,True,False,multimodal,psd-fc-wpli,gated,cnn,True,finetune,segssl_barlow_all-patient_fc-wpli_finetune_seed13_pre20_proj32_mask0_03_noise0_02_mlp1_0_sup100,True,barlow,fc-wpli,all-patient,True,13,1.0,0.1,32,0.03,0.02
multimodal_psd-fc-wpli_gated_cnn,18,sub29,sub05;sub07;sub08;sub09;sub10;sub11;sub13;sub14;sub15;sub16;sub17;sub18;sub20;sub22;sub24;sub27;sub28,sub01,70,0.0011440026573836803,0.0010755480034276843,0.002,1e-05,1.0,1.0,True,False,multimodal,psd-fc-wpli,gated,cnn,True,finetune,segssl_barlow_all-patient_fc-wpli_finetune_seed13_pre20_proj32_mask0_03_noise0_02_mlp1_0_sup100,True,barlow,fc-wpli,all-patient,True,13,1.0,0.1,32,0.03,0.02
multimodal_psd-fc-wpli_gated_cnn,18,sub29,sub05;sub07;sub08;sub09;sub10;sub11;sub13;sub14;sub15;sub16;sub17;sub18;sub20;sub22;sub24;sub27;sub28,sub01,71,0.0010767403291538358,0.0010071698343381286,0.002,1e-05,1.0,1.0,True,False,multimodal,psd-fc-wpli,gated,cnn,True,finetune,segssl_barlow_all-patient_fc-wpli_finetune_seed13_pre20_proj32_mask0_03_noise0_02_mlp1_0_sup100,True,barlow,fc-wpli,all-patient,True,13,1.0,0.1,32,0.03,0.02
multimodal_psd-fc-wpli_gated_cnn,18,sub29,sub05;sub07;sub08;sub09;sub10;sub11;sub13;sub14;sub15;sub16;sub17;sub18;sub20;sub22;sub24;sub27;sub28,sub01,72,0.0010159850353375077,0.0009463137248530984,0.002,1e-05,1.0,1.0,True,False,multimodal,psd-fc-wpli,gated,cnn,True,finetune,segssl_barlow_all-patient_fc-wpli_finetune_seed13_pre20_proj32_mask0_03_noise0_02_mlp1_0_sup100,True,barlow,fc-wpli,all-patient,True,13,1.0,0.1,32,0.03,0.02
multimodal_psd-fc-wpli_gated_cnn,18,sub29,sub05;sub07;sub08;sub09;sub10;sub11;sub13;sub14;sub15;sub16;sub17;sub18;sub20;sub22;sub24;sub27;sub28,sub01,73,0.0009608843829482794,0.0008917849627323449,0.002,1e-05,1.0,1.0,True,False,multimodal,psd-fc-wpli,gated,cnn,True,finetune,segssl_barlow_all-patient_fc-wpli_finetune_seed13_pre20_proj32_mask0_03_noise0_02_mlp1_0_sup100,True,barlow,fc-wpli,all-patient,True,13,1.0,0.1,32,0.03,0.02
multimodal_psd-fc-wpli_gated_cnn,18,sub29,sub05;sub07;sub08;sub09;sub10;sub11;sub13;sub14;sub15;sub16;sub17;sub18;sub20;sub22;sub24;sub27;sub28,sub01,74,0.000910838192794472,0.0008428071159869432,0.002,1e-05,1.0,1.0,True,False,multimodal,psd-fc-wpli,gated,cnn,True,finetune,segssl_barlow_all-patient_fc-wpli_finetune_seed13_pre20_proj32_mask0_03_noise0_02_mlp1_0_sup100,True,barlow,fc-wpli,all-patient,True,13,1.0,0.1,32,0.03,0.02
multimodal_psd-fc-wpli_gated_cnn,18,sub29,sub05;sub07;sub08;sub09;sub10;sub11;sub13;sub14;sub15;sub16;sub17;sub18;sub20;sub22;sub24;sub27;sub28,sub01,75,0.0008652530377730727,0.0007986038108356297,0.002,1e-05,1.0,1.0,True,False,multimodal,psd-fc-wpli,gated,cnn,True,finetune,segssl_barlow_all-patient_fc-wpli_finetune_seed13_pre20_proj32_mask0_03_noise0_02_mlp1_0_sup100,True,barlow,fc-wpli,all-patient,True,13,1.0,0.1,32,0.03,0.02
multimodal_psd-fc-wpli_gated_cnn,18,sub29,sub05;sub07;sub08;sub09;sub10;sub11;sub13;sub14;sub15;sub16;sub17;sub18;sub20;sub22;sub24;sub27;sub28,sub01,76,0.0008236262365244329,0.0007585779530927539,0.002,1e-05,1.0,1.0,True,False,multimodal,psd-fc-wpli,gated,cnn,True,finetune,segssl_barlow_all-patient_fc-wpli_finetune_seed13_pre20_proj32_mask0_03_noise0_02_mlp1_0_sup100,True,barlow,fc-wpli,all-patient,True,13,1.0,0.1,32,0.03,0.02
multimodal_psd-fc-wpli_gated_cnn,18,sub29,sub05;sub07;sub08;sub09;sub10;sub11;sub13;sub14;sub15;sub16;sub17;sub18;sub20;sub22;sub24;sub27;sub28,sub01,77,0.000785568670835346,0.000722251832485199,0.002,1e-05,1.0,1.0,True,False,multimodal,psd-fc-wpli,gated,cnn,True,finetune,segssl_barlow_all-patient_fc-wpli_finetune_seed13_pre20_proj32_mask0_03_noise0_02_mlp1_0_sup100,True,barlow,fc-wpli,all-patient,True,13,1.0,0.1,32,0.03,0.02
multimodal_psd-fc-wpli_gated_cnn,18,sub29,sub05;sub07;sub08;sub09;sub10;sub11;sub13;sub14;sub15;sub16;sub17;sub18;sub20;sub22;sub24;sub27;sub28,sub01,78,0.0007508560665883124,0.0006893864483572543,0.002,1e-05,1.0,1.0,True,False,multimodal,psd-fc-wpli,gated,cnn,True,finetune,segssl_barlow_all-patient_fc-wpli_finetune_seed13_pre20_proj32_mask0_03_noise0_02_mlp1_0_sup100,True,barlow,fc-wpli,all-patient,True,13,1.0,0.1,32,0.03,0.02
multimodal_psd-fc-wpli_gated_cnn,18,sub29,sub05;sub07;sub08;sub09;sub10;sub11;sub13;sub14;sub15;sub16;sub17;sub18;sub20;sub22;sub24;sub27;sub28,sub01,79,0.0007190560572780669,0.0006593851139768958,0.002,1e-05,1.0,1.0,True,False,multimodal,psd-fc-wpli,gated,cnn,True,finetune,segssl_barlow_all-patient_fc-wpli_finetune_seed13_pre20_proj32_mask0_03_noise0_02_mlp1_0_sup100,True,barlow,fc-wpli,all-patient,True,13,1.0,0.1,32,0.03,0.02
multimodal_psd-fc-wpli_gated_cnn,18,sub29,sub05;sub07;sub08;sub09;sub10;sub11;sub13;sub14;sub15;sub16;sub17;sub18;sub20;sub22;sub24;sub27;sub28,sub01,80,0.0006895880796946585,0.0006319492822512984,0.002,1e-05,1.0,1.0,True,False,multimodal,psd-fc-wpli,gated,cnn,True,finetune,segssl_barlow_all-patient_fc-wpli_finetune_seed13_pre20_proj32_mask0_03_noise0_02_mlp1_0_sup100,True,barlow,fc-wpli,all-patient,True,13,1.0,0.1,32,0.03,0.02
multimodal_psd-fc-wpli_gated_cnn,18,sub29,sub05;sub07;sub08;sub09;sub10;sub11;sub13;sub14;sub15;sub16;sub17;sub18;sub20;sub22;sub24;sub27;sub28,sub01,81,0.0006622390355914831,0.0006067208596505225,0.002,1e-05,1.0,1.0,True,False,multimodal,psd-fc-wpli,gated,cnn,True,finetune,segssl_barlow_all-patient_fc-wpli_finetune_seed13_pre20_proj32_mask0_03_noise0_02_mlp1_0_sup100,True,barlow,fc-wpli,all-patient,True,13,1.0,0.1,32,0.03,0.02
multimodal_psd-fc-wpli_gated_cnn,18,sub29,sub05;sub07;sub08;sub09;sub10;sub11;sub13;sub14;sub15;sub16;sub17;sub18;sub20;sub22;sub24;sub27;sub28,sub01,82,0.0006367741734720767,0.0005834612529724836,0.002,1e-05,1.0,1.0,True,False,multimodal,psd-fc-wpli,gated,cnn,True,finetune,segssl_barlow_all-patient_fc-wpli_finetune_seed13_pre20_proj32_mask0_03_noise0_02_mlp1_0_sup100,True,barlow,fc-wpli,all-patient,True,13,1.0,0.1,32,0.03,0.02
multimodal_psd-fc-wpli_gated_cnn,18,sub29,sub05;sub07;sub08;sub09;sub10;sub11;sub13;sub14;sub15;sub16;sub17;sub18;sub20;sub22;sub24;sub27;sub28,sub01,83,0.0006130143883638084,0.000561931636184454,0.002,1e-05,1.0,1.0,True,False,multimodal,psd-fc-wpli,gated,cnn,True,finetune,segssl_barlow_all-patient_fc-wpli_finetune_seed13_pre20_proj32_mask0_03_noise0_02_mlp1_0_sup100,True,barlow,fc-wpli,all-patient,True,13,1.0,0.1,32,0.03,0.02
multimodal_psd-fc-wpli_gated_cnn,18,sub29,sub05;sub07;sub08;sub09;sub10;sub11;sub13;sub14;sub15;sub16;sub17;sub18;sub20;sub22;sub24;sub27;sub28,sub01,84,0.0005907613667659461,0.0005417741485871375,0.002,1e-05,1.0,1.0,True,False,multimodal,psd-fc-wpli,gated,cnn,True,finetune,segssl_barlow_all-patient_fc-wpli_finetune_seed13_pre20_proj32_mask0_03_noise0_02_mlp1_0_sup100,True,barlow,fc-wpli,all-patient,True,13,1.0,0.1,32,0.03,0.02
multimodal_psd-fc-wpli_gated_cnn,18,sub29,sub05;sub07;sub08;sub09;sub10;sub11;sub13;sub14;sub15;sub16;sub17;sub18;sub20;sub22;sub24;sub27;sub28,sub01,85,0.0005699066095985472,0.0005229290691204369,0.002,1e-05,1.0,1.0,True,False,multimodal,psd-fc-wpli,gated,cnn,True,finetune,segssl_barlow_all-patient_fc-wpli_finetune_seed13_pre20_proj32_mask0_03_noise0_02_mlp1_0_sup100,True,barlow,fc-wpli,all-patient,True,13,1.0,0.1,32,0.03,0.02
multimodal_psd-fc-wpli_gated_cnn,18,sub29,sub05;sub07;sub08;sub09;sub10;sub11;sub13;sub14;sub15;sub16;sub17;sub18;sub20;sub22;sub24;sub27;sub28,sub01,86,0.0005503227584995329,0.0005053366185165942,0.002,1e-05,1.0,1.0,True,False,multimodal,psd-fc-wpli,gated,cnn,True,finetune,segssl_barlow_all-patient_fc-wpli_finetune_seed13_pre20_proj32_mask0_03_noise0_02_mlp1_0_sup100,True,barlow,fc-wpli,all-patient,True,13,1.0,0.1,32,0.03,0.02
multimodal_psd-fc-wpli_gated_cnn,18,sub29,sub05;sub07;sub08;sub09;sub10;sub11;sub13;sub14;sub15;sub16;sub17;sub18;sub20;sub22;sub24;sub27;sub28,sub01,87,0.0005318866460584104,0.0004886390524916351,0.002,1e-05,1.0,1.0,True,False,multimodal,psd-fc-wpli,gated,cnn,True,finetune,segssl_barlow_all-patient_fc-wpli_finetune_seed13_pre20_proj32_mask0_03_noise0_02_mlp1_0_sup100,True,barlow,fc-wpli,all-patient,True,13,1.0,0.1,32,0.03,0.02
multimodal_psd-fc-wpli_gated_cnn,18,sub29,sub05;sub07;sub08;sub09;sub10;sub11;sub13;sub14;sub15;sub16;sub17;sub18;sub20;sub22;sub24;sub27;sub28,sub01,88,0.0005145214381627738,0.00047277656267397106,0.002,1e-05,1.0,1.0,True,False,multimodal,psd-fc-wpli,gated,cnn,True,finetune,segssl_barlow_all-patient_fc-wpli_finetune_seed13_pre20_proj32_mask0_03_noise0_02_mlp1_0_sup100,True,barlow,fc-wpli,all-patient,True,13,1.0,0.1,32,0.03,0.02
multimodal_psd-fc-wpli_gated_cnn,18,sub29,sub05;sub07;sub08;sub09;sub10;sub11;sub13;sub14;sub15;sub16;sub17;sub18;sub20;sub22;sub24;sub27;sub28,sub01,89,0.0004980245139449835,0.000457749207271263,0.002,1e-05,1.0,1.0,True,False,multimodal,psd-fc-wpli,gated,cnn,True,finetune,segssl_barlow_all-patient_fc-wpli_finetune_seed13_pre20_proj32_mask0_03_noise0_02_mlp1_0_sup100,True,barlow,fc-wpli,all-patient,True,13,1.0,0.1,32,0.03,0.02
multimodal_psd-fc-wpli_gated_cnn,18,sub29,sub05;sub07;sub08;sub09;sub10;sub11;sub13;sub14;sub15;sub16;sub17;sub18;sub20;sub22;sub24;sub27;sub28,sub01,90,0.0004824181960429996,0.00044349729432724416,0.002,1e-05,1.0,1.0,True,False,multimodal,psd-fc-wpli,gated,cnn,True,finetune,segssl_barlow_all-patient_fc-wpli_finetune_seed13_pre20_proj32_mask0_03_noise0_02_mlp1_0_sup100,True,barlow,fc-wpli,all-patient,True,13,1.0,0.1,32,0.03,0.02
multimodal_psd-fc-wpli_gated_cnn,18,sub29,sub05;sub07;sub08;sub09;sub10;sub11;sub13;sub14;sub15;sub16;sub17;sub18;sub20;sub22;sub24;sub27;sub28,sub01,91,0.000467524747364223,0.00042978223063983023,0.002,1e-05,1.0,1.0,True,False,multimodal,psd-fc-wpli,gated,cnn,True,finetune,segssl_barlow_all-patient_fc-wpli_finetune_seed13_pre20_proj32_mask0_03_noise0_02_mlp1_0_sup100,True,barlow,fc-wpli,all-patient,True,13,1.0,0.1,32,0.03,0.02
multimodal_psd-fc-wpli_gated_cnn,18,sub29,sub05;sub07;sub08;sub09;sub10;sub11;sub13;sub14;sub15;sub16;sub17;sub18;sub20;sub22;sub24;sub27;sub28,sub01,92,0.00045335106551647186,0.00041654438246041536,0.002,1e-05,1.0,1.0,True,False,multimodal,psd-fc-wpli,gated,cnn,True,finetune,segssl_barlow_all-patient_fc-wpli_finetune_seed13_pre20_proj32_mask0_03_noise0_02_mlp1_0_sup100,True,barlow,fc-wpli,all-patient,True,13,1.0,0.1,32,0.03,0.02
multimodal_psd-fc-wpli_gated_cnn,18,sub29,sub05;sub07;sub08;sub09;sub10;sub11;sub13;sub14;sub15;sub16;sub17;sub18;sub20;sub22;sub24;sub27;sub28,sub01,93,0.0004397308803163469,0.00040390301728621125,0.002,1e-05,1.0,1.0,True,False,multimodal,psd-fc-wpli,gated,cnn,True,finetune,segssl_barlow_all-patient_fc-wpli_finetune_seed13_pre20_proj32_mask0_03_noise0_02_mlp1_0_sup100,True,barlow,fc-wpli,all-patient,True,13,1.0,0.1,32,0.03,0.02
multimodal_psd-fc-wpli_gated_cnn,18,sub29,sub05;sub07;sub08;sub09;sub10;sub11;sub13;sub14;sub15;sub16;sub17;sub18;sub20;sub22;sub24;sub27;sub28,sub01,94,0.0004266540636308491,0.00039185810601338744,0.002,1e-05,1.0,1.0,True,False,multimodal,psd-fc-wpli,gated,cnn,True,finetune,segssl_barlow_all-patient_fc-wpli_finetune_seed13_pre20_proj32_mask0_03_noise0_02_mlp1_0_sup100,True,barlow,fc-wpli,all-patient,True,13,1.0,0.1,32,0.03,0.02
multimodal_psd-fc-wpli_gated_cnn,18,sub29,sub05;sub07;sub08;sub09;sub10;sub11;sub13;sub14;sub15;sub16;sub17;sub18;sub20;sub22;sub24;sub27;sub28,sub01,95,0.00041406165109947324,0.00038034995668567717,0.002,1e-05,1.0,1.0,True,False,multimodal,psd-fc-wpli,gated,cnn,True,finetune,segssl_barlow_all-patient_fc-wpli_finetune_seed13_pre20_proj32_mask0_03_noise0_02_mlp1_0_sup100,True,barlow,fc-wpli,all-patient,True,13,1.0,0.1,32,0.03,0.02
multimodal_psd-fc-wpli_gated_cnn,18,sub29,sub05;sub07;sub08;sub09;sub10;sub11;sub13;sub14;sub15;sub16;sub17;sub18;sub20;sub22;sub24;sub27;sub28,sub01,96,0.00040189267019741237,0.00036902082501910627,0.002,1e-05,1.0,1.0,True,False,multimodal,psd-fc-wpli,gated,cnn,True,finetune,segssl_barlow_all-patient_fc-wpli_finetune_seed13_pre20_proj32_mask0_03_noise0_02_mlp1_0_sup100,True,barlow,fc-wpli,all-patient,True,13,1.0,0.1,32,0.03,0.02
multimodal_psd-fc-wpli_gated_cnn,18,sub29,sub05;sub07;sub08;sub09;sub10;sub11;sub13;sub14;sub15;sub16;sub17;sub18;sub20;sub22;sub24;sub27;sub28,sub01,97,0.0003900807350873947,0.0003579303447622806,0.002,1e-05,1.0,1.0,True,False,multimodal,psd-fc-wpli,gated,cnn,True,finetune,segssl_barlow_all-patient_fc-wpli_finetune_seed13_pre20_proj32_mask0_03_noise0_02_mlp1_0_sup100,True,barlow,fc-wpli,all-patient,True,13,1.0,0.1,32,0.03,0.02
multimodal_psd-fc-wpli_gated_cnn,18,sub29,sub05;sub07;sub08;sub09;sub10;sub11;sub13;sub14;sub15;sub16;sub17;sub18;sub20;sub22;sub24;sub27;sub28,sub01,98,0.00037861429154872894,0.00034743623109534383,0.002,1e-05,1.0,1.0,True,False,multimodal,psd-fc-wpli,gated,cnn,True,finetune,segssl_barlow_all-patient_fc-wpli_finetune_seed13_pre20_proj32_mask0_03_noise0_02_mlp1_0_sup100,True,barlow,fc-wpli,all-patient,True,13,1.0,0.1,32,0.03,0.02
multimodal_psd-fc-wpli_gated_cnn,18,sub29,sub05;sub07;sub08;sub09;sub10;sub11;sub13;sub14;sub15;sub16;sub17;sub18;sub20;sub22;sub24;sub27;sub28,sub01,99,0.00036750646540895104,0.0003372999490238726,0.002,1e-05,1.0,1.0,True,False,multimodal,psd-fc-wpli,gated,cnn,True,finetune,segssl_barlow_all-patient_fc-wpli_finetune_seed13_pre20_proj32_mask0_03_noise0_02_mlp1_0_sup100,True,barlow,fc-wpli,all-patient,True,13,1.0,0.1,32,0.03,0.02
multimodal_psd-fc-wpli_gated_cnn,18,sub29,sub05;sub07;sub08;sub09;sub10;sub11;sub13;sub14;sub15;sub16;sub17;sub18;sub20;sub22;sub24;sub27;sub28,sub01,100,0.00035667503834702075,0.00032752155675552785,0.002,1e-05,1.0,1.0,True,False,multimodal,psd-fc-wpli,gated,cnn,True,finetune,segssl_barlow_all-patient_fc-wpli_finetune_seed13_pre20_proj32_mask0_03_noise0_02_mlp1_0_sup100,True,barlow,fc-wpli,all-patient,True,13,1.0,0.1,32,0.03,0.02
