model,fold_index,test_subject_id,fit_subject_ids,val_subject_ids,epoch,train_loss,val_loss,learning_rate,weight_decay,positive_class_weight,negative_class_weight,is_best_epoch,stopped_early,architecture,feature_kind,fusion,encoder_kind,pretrained,pretrained_transfer_mode,run_name,segment_ssl,segment_ssl_objective,segment_ssl_feature_kind,ssl_data_scope,historical_unlabeled_pretraining,seed,lambda_latent,lambda_local,ssl_projection_dim,ssl_feature_mask_prob,ssl_noise_std
multimodal_psd-fc-wpli_gated_cnn,0,sub01,sub07;sub08;sub09;sub10;sub11;sub13;sub14;sub15;sub16;sub17;sub18;sub20;sub22;sub24;sub27;sub28;sub29,sub05,1,0.6943265199661255,0.739001989364624,0.002,1e-05,1.0,1.0,True,False,multimodal,psd-fc-wpli,gated,cnn,True,finetune,segssl_barlow_all-patient_psd-fc-wpli_finetune_seed7_pre20_proj32_mask0_03_noise0_02_mlp1_0_sup100,True,barlow,psd,all-patient,True,7,1.0,0.1,32,0.03,0.02
multimodal_psd-fc-wpli_gated_cnn,0,sub01,sub07;sub08;sub09;sub10;sub11;sub13;sub14;sub15;sub16;sub17;sub18;sub20;sub22;sub24;sub27;sub28;sub29,sub05,2,0.6874094605445862,0.7548596858978271,0.002,1e-05,1.0,1.0,False,False,multimodal,psd-fc-wpli,gated,cnn,True,finetune,segssl_barlow_all-patient_psd-fc-wpli_finetune_seed7_pre20_proj32_mask0_03_noise0_02_mlp1_0_sup100,True,barlow,psd,all-patient,True,7,1.0,0.1,32,0.03,0.02
multimodal_psd-fc-wpli_gated_cnn,0,sub01,sub07;sub08;sub09;sub10;sub11;sub13;sub14;sub15;sub16;sub17;sub18;sub20;sub22;sub24;sub27;sub28;sub29,sub05,3,0.6810413599014282,0.7710912227630615,0.002,1e-05,1.0,1.0,False,False,multimodal,psd-fc-wpli,gated,cnn,True,finetune,segssl_barlow_all-patient_psd-fc-wpli_finetune_seed7_pre20_proj32_mask0_03_noise0_02_mlp1_0_sup100,True,barlow,psd,all-patient,True,7,1.0,0.1,32,0.03,0.02
multimodal_psd-fc-wpli_gated_cnn,0,sub01,sub07;sub08;sub09;sub10;sub11;sub13;sub14;sub15;sub16;sub17;sub18;sub20;sub22;sub24;sub27;sub28;sub29,sub05,4,0.6743144989013672,0.7916224002838135,0.002,1e-05,1.0,1.0,False,False,multimodal,psd-fc-wpli,gated,cnn,True,finetune,segssl_barlow_all-patient_psd-fc-wpli_finetune_seed7_pre20_proj32_mask0_03_noise0_02_mlp1_0_sup100,True,barlow,psd,all-patient,True,7,1.0,0.1,32,0.03,0.02
multimodal_psd-fc-wpli_gated_cnn,0,sub01,sub07;sub08;sub09;sub10;sub11;sub13;sub14;sub15;sub16;sub17;sub18;sub20;sub22;sub24;sub27;sub28;sub29,sub05,5,0.6673912405967712,0.8211268782615662,0.002,1e-05,1.0,1.0,False,False,multimodal,psd-fc-wpli,gated,cnn,True,finetune,segssl_barlow_all-patient_psd-fc-wpli_finetune_seed7_pre20_proj32_mask0_03_noise0_02_mlp1_0_sup100,True,barlow,psd,all-patient,True,7,1.0,0.1,32,0.03,0.02
multimodal_psd-fc-wpli_gated_cnn,0,sub01,sub07;sub08;sub09;sub10;sub11;sub13;sub14;sub15;sub16;sub17;sub18;sub20;sub22;sub24;sub27;sub28;sub29,sub05,6,0.6594635248184204,0.8532090187072754,0.002,1e-05,1.0,1.0,False,False,multimodal,psd-fc-wpli,gated,cnn,True,finetune,segssl_barlow_all-patient_psd-fc-wpli_finetune_seed7_pre20_proj32_mask0_03_noise0_02_mlp1_0_sup100,True,barlow,psd,all-patient,True,7,1.0,0.1,32,0.03,0.02
multimodal_psd-fc-wpli_gated_cnn,0,sub01,sub07;sub08;sub09;sub10;sub11;sub13;sub14;sub15;sub16;sub17;sub18;sub20;sub22;sub24;sub27;sub28;sub29,sub05,7,0.6507255434989929,0.8856565952301025,0.002,1e-05,1.0,1.0,False,False,multimodal,psd-fc-wpli,gated,cnn,True,finetune,segssl_barlow_all-patient_psd-fc-wpli_finetune_seed7_pre20_proj32_mask0_03_noise0_02_mlp1_0_sup100,True,barlow,psd,all-patient,True,7,1.0,0.1,32,0.03,0.02
multimodal_psd-fc-wpli_gated_cnn,0,sub01,sub07;sub08;sub09;sub10;sub11;sub13;sub14;sub15;sub16;sub17;sub18;sub20;sub22;sub24;sub27;sub28;sub29,sub05,8,0.6414781212806702,0.9118280410766602,0.002,1e-05,1.0,1.0,False,False,multimodal,psd-fc-wpli,gated,cnn,True,finetune,segssl_barlow_all-patient_psd-fc-wpli_finetune_seed7_pre20_proj32_mask0_03_noise0_02_mlp1_0_sup100,True,barlow,psd,all-patient,True,7,1.0,0.1,32,0.03,0.02
multimodal_psd-fc-wpli_gated_cnn,0,sub01,sub07;sub08;sub09;sub10;sub11;sub13;sub14;sub15;sub16;sub17;sub18;sub20;sub22;sub24;sub27;sub28;sub29,sub05,9,0.63179612159729,0.9357509016990662,0.002,1e-05,1.0,1.0,False,False,multimodal,psd-fc-wpli,gated,cnn,True,finetune,segssl_barlow_all-patient_psd-fc-wpli_finetune_seed7_pre20_proj32_mask0_03_noise0_02_mlp1_0_sup100,True,barlow,psd,all-patient,True,7,1.0,0.1,32,0.03,0.02
multimodal_psd-fc-wpli_gated_cnn,0,sub01,sub07;sub08;sub09;sub10;sub11;sub13;sub14;sub15;sub16;sub17;sub18;sub20;sub22;sub24;sub27;sub28;sub29,sub05,10,0.6215536594390869,0.9575738310813904,0.002,1e-05,1.0,1.0,False,False,multimodal,psd-fc-wpli,gated,cnn,True,finetune,segssl_barlow_all-patient_psd-fc-wpli_finetune_seed7_pre20_proj32_mask0_03_noise0_02_mlp1_0_sup100,True,barlow,psd,all-patient,True,7,1.0,0.1,32,0.03,0.02
multimodal_psd-fc-wpli_gated_cnn,0,sub01,sub07;sub08;sub09;sub10;sub11;sub13;sub14;sub15;sub16;sub17;sub18;sub20;sub22;sub24;sub27;sub28;sub29,sub05,11,0.6107659935951233,0.9784823060035706,0.002,1e-05,1.0,1.0,False,False,multimodal,psd-fc-wpli,gated,cnn,True,finetune,segssl_barlow_all-patient_psd-fc-wpli_finetune_seed7_pre20_proj32_mask0_03_noise0_02_mlp1_0_sup100,True,barlow,psd,all-patient,True,7,1.0,0.1,32,0.03,0.02
multimodal_psd-fc-wpli_gated_cnn,0,sub01,sub07;sub08;sub09;sub10;sub11;sub13;sub14;sub15;sub16;sub17;sub18;sub20;sub22;sub24;sub27;sub28;sub29,sub05,12,0.5995832085609436,1.001358151435852,0.002,1e-05,1.0,1.0,False,False,multimodal,psd-fc-wpli,gated,cnn,True,finetune,segssl_barlow_all-patient_psd-fc-wpli_finetune_seed7_pre20_proj32_mask0_03_noise0_02_mlp1_0_sup100,True,barlow,psd,all-patient,True,7,1.0,0.1,32,0.03,0.02
multimodal_psd-fc-wpli_gated_cnn,0,sub01,sub07;sub08;sub09;sub10;sub11;sub13;sub14;sub15;sub16;sub17;sub18;sub20;sub22;sub24;sub27;sub28;sub29,sub05,13,0.5876636505126953,1.0220433473587036,0.002,1e-05,1.0,1.0,False,False,multimodal,psd-fc-wpli,gated,cnn,True,finetune,segssl_barlow_all-patient_psd-fc-wpli_finetune_seed7_pre20_proj32_mask0_03_noise0_02_mlp1_0_sup100,True,barlow,psd,all-patient,True,7,1.0,0.1,32,0.03,0.02
multimodal_psd-fc-wpli_gated_cnn,0,sub01,sub07;sub08;sub09;sub10;sub11;sub13;sub14;sub15;sub16;sub17;sub18;sub20;sub22;sub24;sub27;sub28;sub29,sub05,14,0.5749161243438721,1.04899263381958,0.002,1e-05,1.0,1.0,False,False,multimodal,psd-fc-wpli,gated,cnn,True,finetune,segssl_barlow_all-patient_psd-fc-wpli_finetune_seed7_pre20_proj32_mask0_03_noise0_02_mlp1_0_sup100,True,barlow,psd,all-patient,True,7,1.0,0.1,32,0.03,0.02
multimodal_psd-fc-wpli_gated_cnn,0,sub01,sub07;sub08;sub09;sub10;sub11;sub13;sub14;sub15;sub16;sub17;sub18;sub20;sub22;sub24;sub27;sub28;sub29,sub05,15,0.5616563558578491,1.0784481763839722,0.002,1e-05,1.0,1.0,False,False,multimodal,psd-fc-wpli,gated,cnn,True,finetune,segssl_barlow_all-patient_psd-fc-wpli_finetune_seed7_pre20_proj32_mask0_03_noise0_02_mlp1_0_sup100,True,barlow,psd,all-patient,True,7,1.0,0.1,32,0.03,0.02
multimodal_psd-fc-wpli_gated_cnn,0,sub01,sub07;sub08;sub09;sub10;sub11;sub13;sub14;sub15;sub16;sub17;sub18;sub20;sub22;sub24;sub27;sub28;sub29,sub05,16,0.5476751327514648,1.1152993440628052,0.002,1e-05,1.0,1.0,False,False,multimodal,psd-fc-wpli,gated,cnn,True,finetune,segssl_barlow_all-patient_psd-fc-wpli_finetune_seed7_pre20_proj32_mask0_03_noise0_02_mlp1_0_sup100,True,barlow,psd,all-patient,True,7,1.0,0.1,32,0.03,0.02
multimodal_psd-fc-wpli_gated_cnn,0,sub01,sub07;sub08;sub09;sub10;sub11;sub13;sub14;sub15;sub16;sub17;sub18;sub20;sub22;sub24;sub27;sub28;sub29,sub05,17,0.5325788259506226,1.155748963356018,0.002,1e-05,1.0,1.0,False,False,multimodal,psd-fc-wpli,gated,cnn,True,finetune,segssl_barlow_all-patient_psd-fc-wpli_finetune_seed7_pre20_proj32_mask0_03_noise0_02_mlp1_0_sup100,True,barlow,psd,all-patient,True,7,1.0,0.1,32,0.03,0.02
multimodal_psd-fc-wpli_gated_cnn,0,sub01,sub07;sub08;sub09;sub10;sub11;sub13;sub14;sub15;sub16;sub17;sub18;sub20;sub22;sub24;sub27;sub28;sub29,sub05,18,0.5164905786514282,1.1942254304885864,0.002,1e-05,1.0,1.0,False,False,multimodal,psd-fc-wpli,gated,cnn,True,finetune,segssl_barlow_all-patient_psd-fc-wpli_finetune_seed7_pre20_proj32_mask0_03_noise0_02_mlp1_0_sup100,True,barlow,psd,all-patient,True,7,1.0,0.1,32,0.03,0.02
multimodal_psd-fc-wpli_gated_cnn,0,sub01,sub07;sub08;sub09;sub10;sub11;sub13;sub14;sub15;sub16;sub17;sub18;sub20;sub22;sub24;sub27;sub28;sub29,sub05,19,0.49946683645248413,1.2273061275482178,0.002,1e-05,1.0,1.0,False,False,multimodal,psd-fc-wpli,gated,cnn,True,finetune,segssl_barlow_all-patient_psd-fc-wpli_finetune_seed7_pre20_proj32_mask0_03_noise0_02_mlp1_0_sup100,True,barlow,psd,all-patient,True,7,1.0,0.1,32,0.03,0.02
multimodal_psd-fc-wpli_gated_cnn,0,sub01,sub07;sub08;sub09;sub10;sub11;sub13;sub14;sub15;sub16;sub17;sub18;sub20;sub22;sub24;sub27;sub28;sub29,sub05,20,0.48141053318977356,1.248377799987793,0.002,1e-05,1.0,1.0,False,False,multimodal,psd-fc-wpli,gated,cnn,True,finetune,segssl_barlow_all-patient_psd-fc-wpli_finetune_seed7_pre20_proj32_mask0_03_noise0_02_mlp1_0_sup100,True,barlow,psd,all-patient,True,7,1.0,0.1,32,0.03,0.02
multimodal_psd-fc-wpli_gated_cnn,0,sub01,sub07;sub08;sub09;sub10;sub11;sub13;sub14;sub15;sub16;sub17;sub18;sub20;sub22;sub24;sub27;sub28;sub29,sub05,21,0.4620007872581482,1.262744426727295,0.002,1e-05,1.0,1.0,False,False,multimodal,psd-fc-wpli,gated,cnn,True,finetune,segssl_barlow_all-patient_psd-fc-wpli_finetune_seed7_pre20_proj32_mask0_03_noise0_02_mlp1_0_sup100,True,barlow,psd,all-patient,True,7,1.0,0.1,32,0.03,0.02
multimodal_psd-fc-wpli_gated_cnn,0,sub01,sub07;sub08;sub09;sub10;sub11;sub13;sub14;sub15;sub16;sub17;sub18;sub20;sub22;sub24;sub27;sub28;sub29,sub05,22,0.44149550795555115,1.26045823097229,0.002,1e-05,1.0,1.0,False,False,multimodal,psd-fc-wpli,gated,cnn,True,finetune,segssl_barlow_all-patient_psd-fc-wpli_finetune_seed7_pre20_proj32_mask0_03_noise0_02_mlp1_0_sup100,True,barlow,psd,all-patient,True,7,1.0,0.1,32,0.03,0.02
multimodal_psd-fc-wpli_gated_cnn,0,sub01,sub07;sub08;sub09;sub10;sub11;sub13;sub14;sub15;sub16;sub17;sub18;sub20;sub22;sub24;sub27;sub28;sub29,sub05,23,0.4195288419723511,1.2495014667510986,0.002,1e-05,1.0,1.0,False,False,multimodal,psd-fc-wpli,gated,cnn,True,finetune,segssl_barlow_all-patient_psd-fc-wpli_finetune_seed7_pre20_proj32_mask0_03_noise0_02_mlp1_0_sup100,True,barlow,psd,all-patient,True,7,1.0,0.1,32,0.03,0.02
multimodal_psd-fc-wpli_gated_cnn,0,sub01,sub07;sub08;sub09;sub10;sub11;sub13;sub14;sub15;sub16;sub17;sub18;sub20;sub22;sub24;sub27;sub28;sub29,sub05,24,0.39674049615859985,1.2561206817626953,0.002,1e-05,1.0,1.0,False,False,multimodal,psd-fc-wpli,gated,cnn,True,finetune,segssl_barlow_all-patient_psd-fc-wpli_finetune_seed7_pre20_proj32_mask0_03_noise0_02_mlp1_0_sup100,True,barlow,psd,all-patient,True,7,1.0,0.1,32,0.03,0.02
multimodal_psd-fc-wpli_gated_cnn,0,sub01,sub07;sub08;sub09;sub10;sub11;sub13;sub14;sub15;sub16;sub17;sub18;sub20;sub22;sub24;sub27;sub28;sub29,sub05,25,0.37317168712615967,1.2825989723205566,0.002,1e-05,1.0,1.0,False,False,multimodal,psd-fc-wpli,gated,cnn,True,finetune,segssl_barlow_all-patient_psd-fc-wpli_finetune_seed7_pre20_proj32_mask0_03_noise0_02_mlp1_0_sup100,True,barlow,psd,all-patient,True,7,1.0,0.1,32,0.03,0.02
multimodal_psd-fc-wpli_gated_cnn,0,sub01,sub07;sub08;sub09;sub10;sub11;sub13;sub14;sub15;sub16;sub17;sub18;sub20;sub22;sub24;sub27;sub28;sub29,sub05,26,0.3490908741950989,1.323695421218872,0.002,1e-05,1.0,1.0,False,False,multimodal,psd-fc-wpli,gated,cnn,True,finetune,segssl_barlow_all-patient_psd-fc-wpli_finetune_seed7_pre20_proj32_mask0_03_noise0_02_mlp1_0_sup100,True,barlow,psd,all-patient,True,7,1.0,0.1,32,0.03,0.02
multimodal_psd-fc-wpli_gated_cnn,0,sub01,sub07;sub08;sub09;sub10;sub11;sub13;sub14;sub15;sub16;sub17;sub18;sub20;sub22;sub24;sub27;sub28;sub29,sub05,27,0.32500630617141724,1.3576730489730835,0.002,1e-05,1.0,1.0,False,False,multimodal,psd-fc-wpli,gated,cnn,True,finetune,segssl_barlow_all-patient_psd-fc-wpli_finetune_seed7_pre20_proj32_mask0_03_noise0_02_mlp1_0_sup100,True,barlow,psd,all-patient,True,7,1.0,0.1,32,0.03,0.02
multimodal_psd-fc-wpli_gated_cnn,0,sub01,sub07;sub08;sub09;sub10;sub11;sub13;sub14;sub15;sub16;sub17;sub18;sub20;sub22;sub24;sub27;sub28;sub29,sub05,28,0.30058008432388306,1.396601676940918,0.002,1e-05,1.0,1.0,False,False,multimodal,psd-fc-wpli,gated,cnn,True,finetune,segssl_barlow_all-patient_psd-fc-wpli_finetune_seed7_pre20_proj32_mask0_03_noise0_02_mlp1_0_sup100,True,barlow,psd,all-patient,True,7,1.0,0.1,32,0.03,0.02
multimodal_psd-fc-wpli_gated_cnn,0,sub01,sub07;sub08;sub09;sub10;sub11;sub13;sub14;sub15;sub16;sub17;sub18;sub20;sub22;sub24;sub27;sub28;sub29,sub05,29,0.2760246694087982,1.4445972442626953,0.002,1e-05,1.0,1.0,False,False,multimodal,psd-fc-wpli,gated,cnn,True,finetune,segssl_barlow_all-patient_psd-fc-wpli_finetune_seed7_pre20_proj32_mask0_03_noise0_02_mlp1_0_sup100,True,barlow,psd,all-patient,True,7,1.0,0.1,32,0.03,0.02
multimodal_psd-fc-wpli_gated_cnn,0,sub01,sub07;sub08;sub09;sub10;sub11;sub13;sub14;sub15;sub16;sub17;sub18;sub20;sub22;sub24;sub27;sub28;sub29,sub05,30,0.25156286358833313,1.5064074993133545,0.002,1e-05,1.0,1.0,False,False,multimodal,psd-fc-wpli,gated,cnn,True,finetune,segssl_barlow_all-patient_psd-fc-wpli_finetune_seed7_pre20_proj32_mask0_03_noise0_02_mlp1_0_sup100,True,barlow,psd,all-patient,True,7,1.0,0.1,32,0.03,0.02
multimodal_psd-fc-wpli_gated_cnn,0,sub01,sub07;sub08;sub09;sub10;sub11;sub13;sub14;sub15;sub16;sub17;sub18;sub20;sub22;sub24;sub27;sub28;sub29,sub05,31,0.22748854756355286,1.5797545909881592,0.002,1e-05,1.0,1.0,False,False,multimodal,psd-fc-wpli,gated,cnn,True,finetune,segssl_barlow_all-patient_psd-fc-wpli_finetune_seed7_pre20_proj32_mask0_03_noise0_02_mlp1_0_sup100,True,barlow,psd,all-patient,True,7,1.0,0.1,32,0.03,0.02
multimodal_psd-fc-wpli_gated_cnn,0,sub01,sub07;sub08;sub09;sub10;sub11;sub13;sub14;sub15;sub16;sub17;sub18;sub20;sub22;sub24;sub27;sub28;sub29,sub05,32,0.20416447520256042,1.6658672094345093,0.002,1e-05,1.0,1.0,False,False,multimodal,psd-fc-wpli,gated,cnn,True,finetune,segssl_barlow_all-patient_psd-fc-wpli_finetune_seed7_pre20_proj32_mask0_03_noise0_02_mlp1_0_sup100,True,barlow,psd,all-patient,True,7,1.0,0.1,32,0.03,0.02
multimodal_psd-fc-wpli_gated_cnn,0,sub01,sub07;sub08;sub09;sub10;sub11;sub13;sub14;sub15;sub16;sub17;sub18;sub20;sub22;sub24;sub27;sub28;sub29,sub05,33,0.18188710510730743,1.7482091188430786,0.002,1e-05,1.0,1.0,False,False,multimodal,psd-fc-wpli,gated,cnn,True,finetune,segssl_barlow_all-patient_psd-fc-wpli_finetune_seed7_pre20_proj32_mask0_03_noise0_02_mlp1_0_sup100,True,barlow,psd,all-patient,True,7,1.0,0.1,32,0.03,0.02
multimodal_psd-fc-wpli_gated_cnn,0,sub01,sub07;sub08;sub09;sub10;sub11;sub13;sub14;sub15;sub16;sub17;sub18;sub20;sub22;sub24;sub27;sub28;sub29,sub05,34,0.16076168417930603,1.8045527935028076,0.002,1e-05,1.0,1.0,False,False,multimodal,psd-fc-wpli,gated,cnn,True,finetune,segssl_barlow_all-patient_psd-fc-wpli_finetune_seed7_pre20_proj32_mask0_03_noise0_02_mlp1_0_sup100,True,barlow,psd,all-patient,True,7,1.0,0.1,32,0.03,0.02
multimodal_psd-fc-wpli_gated_cnn,0,sub01,sub07;sub08;sub09;sub10;sub11;sub13;sub14;sub15;sub16;sub17;sub18;sub20;sub22;sub24;sub27;sub28;sub29,sub05,35,0.14097246527671814,1.8598692417144775,0.002,1e-05,1.0,1.0,False,False,multimodal,psd-fc-wpli,gated,cnn,True,finetune,segssl_barlow_all-patient_psd-fc-wpli_finetune_seed7_pre20_proj32_mask0_03_noise0_02_mlp1_0_sup100,True,barlow,psd,all-patient,True,7,1.0,0.1,32,0.03,0.02
multimodal_psd-fc-wpli_gated_cnn,0,sub01,sub07;sub08;sub09;sub10;sub11;sub13;sub14;sub15;sub16;sub17;sub18;sub20;sub22;sub24;sub27;sub28;sub29,sub05,36,0.12250971794128418,1.9294025897979736,0.002,1e-05,1.0,1.0,False,False,multimodal,psd-fc-wpli,gated,cnn,True,finetune,segssl_barlow_all-patient_psd-fc-wpli_finetune_seed7_pre20_proj32_mask0_03_noise0_02_mlp1_0_sup100,True,barlow,psd,all-patient,True,7,1.0,0.1,32,0.03,0.02
multimodal_psd-fc-wpli_gated_cnn,0,sub01,sub07;sub08;sub09;sub10;sub11;sub13;sub14;sub15;sub16;sub17;sub18;sub20;sub22;sub24;sub27;sub28;sub29,sub05,37,0.10561642050743103,2.031625747680664,0.002,1e-05,1.0,1.0,False,False,multimodal,psd-fc-wpli,gated,cnn,True,finetune,segssl_barlow_all-patient_psd-fc-wpli_finetune_seed7_pre20_proj32_mask0_03_noise0_02_mlp1_0_sup100,True,barlow,psd,all-patient,True,7,1.0,0.1,32,0.03,0.02
multimodal_psd-fc-wpli_gated_cnn,0,sub01,sub07;sub08;sub09;sub10;sub11;sub13;sub14;sub15;sub16;sub17;sub18;sub20;sub22;sub24;sub27;sub28;sub29,sub05,38,0.09041930735111237,2.1733343601226807,0.002,1e-05,1.0,1.0,False,False,multimodal,psd-fc-wpli,gated,cnn,True,finetune,segssl_barlow_all-patient_psd-fc-wpli_finetune_seed7_pre20_proj32_mask0_03_noise0_02_mlp1_0_sup100,True,barlow,psd,all-patient,True,7,1.0,0.1,32,0.03,0.02
multimodal_psd-fc-wpli_gated_cnn,0,sub01,sub07;sub08;sub09;sub10;sub11;sub13;sub14;sub15;sub16;sub17;sub18;sub20;sub22;sub24;sub27;sub28;sub29,sub05,39,0.07687505334615707,2.347932815551758,0.002,1e-05,1.0,1.0,False,False,multimodal,psd-fc-wpli,gated,cnn,True,finetune,segssl_barlow_all-patient_psd-fc-wpli_finetune_seed7_pre20_proj32_mask0_03_noise0_02_mlp1_0_sup100,True,barlow,psd,all-patient,True,7,1.0,0.1,32,0.03,0.02
multimodal_psd-fc-wpli_gated_cnn,0,sub01,sub07;sub08;sub09;sub10;sub11;sub13;sub14;sub15;sub16;sub17;sub18;sub20;sub22;sub24;sub27;sub28;sub29,sub05,40,0.06497711688280106,2.5421674251556396,0.002,1e-05,1.0,1.0,False,False,multimodal,psd-fc-wpli,gated,cnn,True,finetune,segssl_barlow_all-patient_psd-fc-wpli_finetune_seed7_pre20_proj32_mask0_03_noise0_02_mlp1_0_sup100,True,barlow,psd,all-patient,True,7,1.0,0.1,32,0.03,0.02
multimodal_psd-fc-wpli_gated_cnn,0,sub01,sub07;sub08;sub09;sub10;sub11;sub13;sub14;sub15;sub16;sub17;sub18;sub20;sub22;sub24;sub27;sub28;sub29,sub05,41,0.05463472753763199,2.730827569961548,0.002,1e-05,1.0,1.0,False,False,multimodal,psd-fc-wpli,gated,cnn,True,finetune,segssl_barlow_all-patient_psd-fc-wpli_finetune_seed7_pre20_proj32_mask0_03_noise0_02_mlp1_0_sup100,True,barlow,psd,all-patient,True,7,1.0,0.1,32,0.03,0.02
multimodal_psd-fc-wpli_gated_cnn,0,sub01,sub07;sub08;sub09;sub10;sub11;sub13;sub14;sub15;sub16;sub17;sub18;sub20;sub22;sub24;sub27;sub28;sub29,sub05,42,0.04573459178209305,2.893697500228882,0.002,1e-05,1.0,1.0,False,False,multimodal,psd-fc-wpli,gated,cnn,True,finetune,segssl_barlow_all-patient_psd-fc-wpli_finetune_seed7_pre20_proj32_mask0_03_noise0_02_mlp1_0_sup100,True,barlow,psd,all-patient,True,7,1.0,0.1,32,0.03,0.02
multimodal_psd-fc-wpli_gated_cnn,0,sub01,sub07;sub08;sub09;sub10;sub11;sub13;sub14;sub15;sub16;sub17;sub18;sub20;sub22;sub24;sub27;sub28;sub29,sub05,43,0.038207706063985825,3.0297420024871826,0.002,1e-05,1.0,1.0,False,False,multimodal,psd-fc-wpli,gated,cnn,True,finetune,segssl_barlow_all-patient_psd-fc-wpli_finetune_seed7_pre20_proj32_mask0_03_noise0_02_mlp1_0_sup100,True,barlow,psd,all-patient,True,7,1.0,0.1,32,0.03,0.02
multimodal_psd-fc-wpli_gated_cnn,0,sub01,sub07;sub08;sub09;sub10;sub11;sub13;sub14;sub15;sub16;sub17;sub18;sub20;sub22;sub24;sub27;sub28;sub29,sub05,44,0.031858548521995544,3.1473307609558105,0.002,1e-05,1.0,1.0,False,False,multimodal,psd-fc-wpli,gated,cnn,True,finetune,segssl_barlow_all-patient_psd-fc-wpli_finetune_seed7_pre20_proj32_mask0_03_noise0_02_mlp1_0_sup100,True,barlow,psd,all-patient,True,7,1.0,0.1,32,0.03,0.02
multimodal_psd-fc-wpli_gated_cnn,0,sub01,sub07;sub08;sub09;sub10;sub11;sub13;sub14;sub15;sub16;sub17;sub18;sub20;sub22;sub24;sub27;sub28;sub29,sub05,45,0.026553122326731682,3.2529730796813965,0.002,1e-05,1.0,1.0,False,False,multimodal,psd-fc-wpli,gated,cnn,True,finetune,segssl_barlow_all-patient_psd-fc-wpli_finetune_seed7_pre20_proj32_mask0_03_noise0_02_mlp1_0_sup100,True,barlow,psd,all-patient,True,7,1.0,0.1,32,0.03,0.02
multimodal_psd-fc-wpli_gated_cnn,0,sub01,sub07;sub08;sub09;sub10;sub11;sub13;sub14;sub15;sub16;sub17;sub18;sub20;sub22;sub24;sub27;sub28;sub29,sub05,46,0.022128233686089516,3.3556833267211914,0.002,1e-05,1.0,1.0,False,False,multimodal,psd-fc-wpli,gated,cnn,True,finetune,segssl_barlow_all-patient_psd-fc-wpli_finetune_seed7_pre20_proj32_mask0_03_noise0_02_mlp1_0_sup100,True,barlow,psd,all-patient,True,7,1.0,0.1,32,0.03,0.02
multimodal_psd-fc-wpli_gated_cnn,0,sub01,sub07;sub08;sub09;sub10;sub11;sub13;sub14;sub15;sub16;sub17;sub18;sub20;sub22;sub24;sub27;sub28;sub29,sub05,47,0.01847226545214653,3.458216905593872,0.002,1e-05,1.0,1.0,False,False,multimodal,psd-fc-wpli,gated,cnn,True,finetune,segssl_barlow_all-patient_psd-fc-wpli_finetune_seed7_pre20_proj32_mask0_03_noise0_02_mlp1_0_sup100,True,barlow,psd,all-patient,True,7,1.0,0.1,32,0.03,0.02
multimodal_psd-fc-wpli_gated_cnn,0,sub01,sub07;sub08;sub09;sub10;sub11;sub13;sub14;sub15;sub16;sub17;sub18;sub20;sub22;sub24;sub27;sub28;sub29,sub05,48,0.015460510738193989,3.557267189025879,0.002,1e-05,1.0,1.0,False,False,multimodal,psd-fc-wpli,gated,cnn,True,finetune,segssl_barlow_all-patient_psd-fc-wpli_finetune_seed7_pre20_proj32_mask0_03_noise0_02_mlp1_0_sup100,True,barlow,psd,all-patient,True,7,1.0,0.1,32,0.03,0.02
multimodal_psd-fc-wpli_gated_cnn,0,sub01,sub07;sub08;sub09;sub10;sub11;sub13;sub14;sub15;sub16;sub17;sub18;sub20;sub22;sub24;sub27;sub28;sub29,sub05,49,0.012987264432013035,3.647576093673706,0.002,1e-05,1.0,1.0,False,False,multimodal,psd-fc-wpli,gated,cnn,True,finetune,segssl_barlow_all-patient_psd-fc-wpli_finetune_seed7_pre20_proj32_mask0_03_noise0_02_mlp1_0_sup100,True,barlow,psd,all-patient,True,7,1.0,0.1,32,0.03,0.02
multimodal_psd-fc-wpli_gated_cnn,0,sub01,sub07;sub08;sub09;sub10;sub11;sub13;sub14;sub15;sub16;sub17;sub18;sub20;sub22;sub24;sub27;sub28;sub29,sub05,50,0.01096243504434824,3.723440647125244,0.002,1e-05,1.0,1.0,False,False,multimodal,psd-fc-wpli,gated,cnn,True,finetune,segssl_barlow_all-patient_psd-fc-wpli_finetune_seed7_pre20_proj32_mask0_03_noise0_02_mlp1_0_sup100,True,barlow,psd,all-patient,True,7,1.0,0.1,32,0.03,0.02
multimodal_psd-fc-wpli_gated_cnn,0,sub01,sub07;sub08;sub09;sub10;sub11;sub13;sub14;sub15;sub16;sub17;sub18;sub20;sub22;sub24;sub27;sub28;sub29,sub05,51,0.009303520433604717,3.7839677333831787,0.002,1e-05,1.0,1.0,False,False,multimodal,psd-fc-wpli,gated,cnn,True,finetune,segssl_barlow_all-patient_psd-fc-wpli_finetune_seed7_pre20_proj32_mask0_03_noise0_02_mlp1_0_sup100,True,barlow,psd,all-patient,True,7,1.0,0.1,32,0.03,0.02
multimodal_psd-fc-wpli_gated_cnn,0,sub01,sub07;sub08;sub09;sub10;sub11;sub13;sub14;sub15;sub16;sub17;sub18;sub20;sub22;sub24;sub27;sub28;sub29,sub05,52,0.007937504909932613,3.8337626457214355,0.001,1e-05,1.0,1.0,False,False,multimodal,psd-fc-wpli,gated,cnn,True,finetune,segssl_barlow_all-patient_psd-fc-wpli_finetune_seed7_pre20_proj32_mask0_03_noise0_02_mlp1_0_sup100,True,barlow,psd,all-patient,True,7,1.0,0.1,32,0.03,0.02
multimodal_psd-fc-wpli_gated_cnn,0,sub01,sub07;sub08;sub09;sub10;sub11;sub13;sub14;sub15;sub16;sub17;sub18;sub20;sub22;sub24;sub27;sub28;sub29,sub05,53,0.006812989246100187,3.7993826866149902,0.001,1e-05,1.0,1.0,False,False,multimodal,psd-fc-wpli,gated,cnn,True,finetune,segssl_barlow_all-patient_psd-fc-wpli_finetune_seed7_pre20_proj32_mask0_03_noise0_02_mlp1_0_sup100,True,barlow,psd,all-patient,True,7,1.0,0.1,32,0.03,0.02
multimodal_psd-fc-wpli_gated_cnn,0,sub01,sub07;sub08;sub09;sub10;sub11;sub13;sub14;sub15;sub16;sub17;sub18;sub20;sub22;sub24;sub27;sub28;sub29,sub05,54,0.006333074998110533,3.7750558853149414,0.001,1e-05,1.0,1.0,False,False,multimodal,psd-fc-wpli,gated,cnn,True,finetune,segssl_barlow_all-patient_psd-fc-wpli_finetune_seed7_pre20_proj32_mask0_03_noise0_02_mlp1_0_sup100,True,barlow,psd,all-patient,True,7,1.0,0.1,32,0.03,0.02
multimodal_psd-fc-wpli_gated_cnn,0,sub01,sub07;sub08;sub09;sub10;sub11;sub13;sub14;sub15;sub16;sub17;sub18;sub20;sub22;sub24;sub27;sub28;sub29,sub05,55,0.005907914601266384,3.7605743408203125,0.001,1e-05,1.0,1.0,False,False,multimodal,psd-fc-wpli,gated,cnn,True,finetune,segssl_barlow_all-patient_psd-fc-wpli_finetune_seed7_pre20_proj32_mask0_03_noise0_02_mlp1_0_sup100,True,barlow,psd,all-patient,True,7,1.0,0.1,32,0.03,0.02
multimodal_psd-fc-wpli_gated_cnn,0,sub01,sub07;sub08;sub09;sub10;sub11;sub13;sub14;sub15;sub16;sub17;sub18;sub20;sub22;sub24;sub27;sub28;sub29,sub05,56,0.005529547575861216,3.7550570964813232,0.001,1e-05,1.0,1.0,False,False,multimodal,psd-fc-wpli,gated,cnn,True,finetune,segssl_barlow_all-patient_psd-fc-wpli_finetune_seed7_pre20_proj32_mask0_03_noise0_02_mlp1_0_sup100,True,barlow,psd,all-patient,True,7,1.0,0.1,32,0.03,0.02
multimodal_psd-fc-wpli_gated_cnn,0,sub01,sub07;sub08;sub09;sub10;sub11;sub13;sub14;sub15;sub16;sub17;sub18;sub20;sub22;sub24;sub27;sub28;sub29,sub05,57,0.005191908683627844,3.7580060958862305,0.001,1e-05,1.0,1.0,False,False,multimodal,psd-fc-wpli,gated,cnn,True,finetune,segssl_barlow_all-patient_psd-fc-wpli_finetune_seed7_pre20_proj32_mask0_03_noise0_02_mlp1_0_sup100,True,barlow,psd,all-patient,True,7,1.0,0.1,32,0.03,0.02
multimodal_psd-fc-wpli_gated_cnn,0,sub01,sub07;sub08;sub09;sub10;sub11;sub13;sub14;sub15;sub16;sub17;sub18;sub20;sub22;sub24;sub27;sub28;sub29,sub05,58,0.004889537114650011,3.768453598022461,0.001,1e-05,1.0,1.0,False,False,multimodal,psd-fc-wpli,gated,cnn,True,finetune,segssl_barlow_all-patient_psd-fc-wpli_finetune_seed7_pre20_proj32_mask0_03_noise0_02_mlp1_0_sup100,True,barlow,psd,all-patient,True,7,1.0,0.1,32,0.03,0.02
multimodal_psd-fc-wpli_gated_cnn,0,sub01,sub07;sub08;sub09;sub10;sub11;sub13;sub14;sub15;sub16;sub17;sub18;sub20;sub22;sub24;sub27;sub28;sub29,sub05,59,0.004617953207343817,3.7861146926879883,0.001,1e-05,1.0,1.0,False,False,multimodal,psd-fc-wpli,gated,cnn,True,finetune,segssl_barlow_all-patient_psd-fc-wpli_finetune_seed7_pre20_proj32_mask0_03_noise0_02_mlp1_0_sup100,True,barlow,psd,all-patient,True,7,1.0,0.1,32,0.03,0.02
multimodal_psd-fc-wpli_gated_cnn,0,sub01,sub07;sub08;sub09;sub10;sub11;sub13;sub14;sub15;sub16;sub17;sub18;sub20;sub22;sub24;sub27;sub28;sub29,sub05,60,0.004373206291347742,3.8098137378692627,0.001,1e-05,1.0,1.0,False,False,multimodal,psd-fc-wpli,gated,cnn,True,finetune,segssl_barlow_all-patient_psd-fc-wpli_finetune_seed7_pre20_proj32_mask0_03_noise0_02_mlp1_0_sup100,True,barlow,psd,all-patient,True,7,1.0,0.1,32,0.03,0.02
multimodal_psd-fc-wpli_gated_cnn,0,sub01,sub07;sub08;sub09;sub10;sub11;sub13;sub14;sub15;sub16;sub17;sub18;sub20;sub22;sub24;sub27;sub28;sub29,sub05,61,0.004151618108153343,3.837952136993408,0.001,1e-05,1.0,1.0,False,False,multimodal,psd-fc-wpli,gated,cnn,True,finetune,segssl_barlow_all-patient_psd-fc-wpli_finetune_seed7_pre20_proj32_mask0_03_noise0_02_mlp1_0_sup100,True,barlow,psd,all-patient,True,7,1.0,0.1,32,0.03,0.02
multimodal_psd-fc-wpli_gated_cnn,0,sub01,sub07;sub08;sub09;sub10;sub11;sub13;sub14;sub15;sub16;sub17;sub18;sub20;sub22;sub24;sub27;sub28;sub29,sub05,62,0.0039505502209067345,3.8692069053649902,0.001,1e-05,1.0,1.0,False,False,multimodal,psd-fc-wpli,gated,cnn,True,finetune,segssl_barlow_all-patient_psd-fc-wpli_finetune_seed7_pre20_proj32_mask0_03_noise0_02_mlp1_0_sup100,True,barlow,psd,all-patient,True,7,1.0,0.1,32,0.03,0.02
multimodal_psd-fc-wpli_gated_cnn,0,sub01,sub07;sub08;sub09;sub10;sub11;sub13;sub14;sub15;sub16;sub17;sub18;sub20;sub22;sub24;sub27;sub28;sub29,sub05,63,0.003767578862607479,3.901853561401367,0.001,1e-05,1.0,1.0,False,False,multimodal,psd-fc-wpli,gated,cnn,True,finetune,segssl_barlow_all-patient_psd-fc-wpli_finetune_seed7_pre20_proj32_mask0_03_noise0_02_mlp1_0_sup100,True,barlow,psd,all-patient,True,7,1.0,0.1,32,0.03,0.02
multimodal_psd-fc-wpli_gated_cnn,0,sub01,sub07;sub08;sub09;sub10;sub11;sub13;sub14;sub15;sub16;sub17;sub18;sub20;sub22;sub24;sub27;sub28;sub29,sub05,64,0.003600741969421506,3.934400796890259,0.001,1e-05,1.0,1.0,False,False,multimodal,psd-fc-wpli,gated,cnn,True,finetune,segssl_barlow_all-patient_psd-fc-wpli_finetune_seed7_pre20_proj32_mask0_03_noise0_02_mlp1_0_sup100,True,barlow,psd,all-patient,True,7,1.0,0.1,32,0.03,0.02
multimodal_psd-fc-wpli_gated_cnn,0,sub01,sub07;sub08;sub09;sub10;sub11;sub13;sub14;sub15;sub16;sub17;sub18;sub20;sub22;sub24;sub27;sub28;sub29,sub05,65,0.003448300063610077,3.965524435043335,0.001,1e-05,1.0,1.0,False,False,multimodal,psd-fc-wpli,gated,cnn,True,finetune,segssl_barlow_all-patient_psd-fc-wpli_finetune_seed7_pre20_proj32_mask0_03_noise0_02_mlp1_0_sup100,True,barlow,psd,all-patient,True,7,1.0,0.1,32,0.03,0.02
multimodal_psd-fc-wpli_gated_cnn,0,sub01,sub07;sub08;sub09;sub10;sub11;sub13;sub14;sub15;sub16;sub17;sub18;sub20;sub22;sub24;sub27;sub28;sub29,sub05,66,0.0033089101780205965,3.9943032264709473,0.001,1e-05,1.0,1.0,False,False,multimodal,psd-fc-wpli,gated,cnn,True,finetune,segssl_barlow_all-patient_psd-fc-wpli_finetune_seed7_pre20_proj32_mask0_03_noise0_02_mlp1_0_sup100,True,barlow,psd,all-patient,True,7,1.0,0.1,32,0.03,0.02
multimodal_psd-fc-wpli_gated_cnn,0,sub01,sub07;sub08;sub09;sub10;sub11;sub13;sub14;sub15;sub16;sub17;sub18;sub20;sub22;sub24;sub27;sub28;sub29,sub05,67,0.0031811888329684734,4.020118713378906,0.001,1e-05,1.0,1.0,False,False,multimodal,psd-fc-wpli,gated,cnn,True,finetune,segssl_barlow_all-patient_psd-fc-wpli_finetune_seed7_pre20_proj32_mask0_03_noise0_02_mlp1_0_sup100,True,barlow,psd,all-patient,True,7,1.0,0.1,32,0.03,0.02
multimodal_psd-fc-wpli_gated_cnn,0,sub01,sub07;sub08;sub09;sub10;sub11;sub13;sub14;sub15;sub16;sub17;sub18;sub20;sub22;sub24;sub27;sub28;sub29,sub05,68,0.0030637665186077356,4.042898654937744,0.001,1e-05,1.0,1.0,False,False,multimodal,psd-fc-wpli,gated,cnn,True,finetune,segssl_barlow_all-patient_psd-fc-wpli_finetune_seed7_pre20_proj32_mask0_03_noise0_02_mlp1_0_sup100,True,barlow,psd,all-patient,True,7,1.0,0.1,32,0.03,0.02
multimodal_psd-fc-wpli_gated_cnn,0,sub01,sub07;sub08;sub09;sub10;sub11;sub13;sub14;sub15;sub16;sub17;sub18;sub20;sub22;sub24;sub27;sub28;sub29,sub05,69,0.0029556017834693193,4.062243461608887,0.001,1e-05,1.0,1.0,False,False,multimodal,psd-fc-wpli,gated,cnn,True,finetune,segssl_barlow_all-patient_psd-fc-wpli_finetune_seed7_pre20_proj32_mask0_03_noise0_02_mlp1_0_sup100,True,barlow,psd,all-patient,True,7,1.0,0.1,32,0.03,0.02
multimodal_psd-fc-wpli_gated_cnn,0,sub01,sub07;sub08;sub09;sub10;sub11;sub13;sub14;sub15;sub16;sub17;sub18;sub20;sub22;sub24;sub27;sub28;sub29,sub05,70,0.0028555309399962425,4.078239440917969,0.001,1e-05,1.0,1.0,False,False,multimodal,psd-fc-wpli,gated,cnn,True,finetune,segssl_barlow_all-patient_psd-fc-wpli_finetune_seed7_pre20_proj32_mask0_03_noise0_02_mlp1_0_sup100,True,barlow,psd,all-patient,True,7,1.0,0.1,32,0.03,0.02
multimodal_psd-fc-wpli_gated_cnn,0,sub01,sub07;sub08;sub09;sub10;sub11;sub13;sub14;sub15;sub16;sub17;sub18;sub20;sub22;sub24;sub27;sub28;sub29,sub05,71,0.002762710442766547,4.091014385223389,0.001,1e-05,1.0,1.0,False,False,multimodal,psd-fc-wpli,gated,cnn,True,finetune,segssl_barlow_all-patient_psd-fc-wpli_finetune_seed7_pre20_proj32_mask0_03_noise0_02_mlp1_0_sup100,True,barlow,psd,all-patient,True,7,1.0,0.1,32,0.03,0.02
multimodal_psd-fc-wpli_gated_cnn,0,sub01,sub07;sub08;sub09;sub10;sub11;sub13;sub14;sub15;sub16;sub17;sub18;sub20;sub22;sub24;sub27;sub28;sub29,sub05,72,0.0026763405185192823,4.100951194763184,0.001,1e-05,1.0,1.0,False,False,multimodal,psd-fc-wpli,gated,cnn,True,finetune,segssl_barlow_all-patient_psd-fc-wpli_finetune_seed7_pre20_proj32_mask0_03_noise0_02_mlp1_0_sup100,True,barlow,psd,all-patient,True,7,1.0,0.1,32,0.03,0.02
multimodal_psd-fc-wpli_gated_cnn,0,sub01,sub07;sub08;sub09;sub10;sub11;sub13;sub14;sub15;sub16;sub17;sub18;sub20;sub22;sub24;sub27;sub28;sub29,sub05,73,0.002595815807580948,4.108344078063965,0.001,1e-05,1.0,1.0,False,False,multimodal,psd-fc-wpli,gated,cnn,True,finetune,segssl_barlow_all-patient_psd-fc-wpli_finetune_seed7_pre20_proj32_mask0_03_noise0_02_mlp1_0_sup100,True,barlow,psd,all-patient,True,7,1.0,0.1,32,0.03,0.02
multimodal_psd-fc-wpli_gated_cnn,0,sub01,sub07;sub08;sub09;sub10;sub11;sub13;sub14;sub15;sub16;sub17;sub18;sub20;sub22;sub24;sub27;sub28;sub29,sub05,74,0.0025207444559782743,4.1146745681762695,0.001,1e-05,1.0,1.0,False,False,multimodal,psd-fc-wpli,gated,cnn,True,finetune,segssl_barlow_all-patient_psd-fc-wpli_finetune_seed7_pre20_proj32_mask0_03_noise0_02_mlp1_0_sup100,True,barlow,psd,all-patient,True,7,1.0,0.1,32,0.03,0.02
multimodal_psd-fc-wpli_gated_cnn,0,sub01,sub07;sub08;sub09;sub10;sub11;sub13;sub14;sub15;sub16;sub17;sub18;sub20;sub22;sub24;sub27;sub28;sub29,sub05,75,0.0024505762849003077,4.120659828186035,0.001,1e-05,1.0,1.0,False,False,multimodal,psd-fc-wpli,gated,cnn,True,finetune,segssl_barlow_all-patient_psd-fc-wpli_finetune_seed7_pre20_proj32_mask0_03_noise0_02_mlp1_0_sup100,True,barlow,psd,all-patient,True,7,1.0,0.1,32,0.03,0.02
multimodal_psd-fc-wpli_gated_cnn,0,sub01,sub07;sub08;sub09;sub10;sub11;sub13;sub14;sub15;sub16;sub17;sub18;sub20;sub22;sub24;sub27;sub28;sub29,sub05,76,0.0023848428390920162,4.127050399780273,0.001,1e-05,1.0,1.0,False,False,multimodal,psd-fc-wpli,gated,cnn,True,finetune,segssl_barlow_all-patient_psd-fc-wpli_finetune_seed7_pre20_proj32_mask0_03_noise0_02_mlp1_0_sup100,True,barlow,psd,all-patient,True,7,1.0,0.1,32,0.03,0.02
multimodal_psd-fc-wpli_gated_cnn,0,sub01,sub07;sub08;sub09;sub10;sub11;sub13;sub14;sub15;sub16;sub17;sub18;sub20;sub22;sub24;sub27;sub28;sub29,sub05,77,0.002323184162378311,4.134274482727051,0.001,1e-05,1.0,1.0,False,False,multimodal,psd-fc-wpli,gated,cnn,True,finetune,segssl_barlow_all-patient_psd-fc-wpli_finetune_seed7_pre20_proj32_mask0_03_noise0_02_mlp1_0_sup100,True,barlow,psd,all-patient,True,7,1.0,0.1,32,0.03,0.02
multimodal_psd-fc-wpli_gated_cnn,0,sub01,sub07;sub08;sub09;sub10;sub11;sub13;sub14;sub15;sub16;sub17;sub18;sub20;sub22;sub24;sub27;sub28;sub29,sub05,78,0.0022651127073913813,4.142395496368408,0.001,1e-05,1.0,1.0,False,False,multimodal,psd-fc-wpli,gated,cnn,True,finetune,segssl_barlow_all-patient_psd-fc-wpli_finetune_seed7_pre20_proj32_mask0_03_noise0_02_mlp1_0_sup100,True,barlow,psd,all-patient,True,7,1.0,0.1,32,0.03,0.02
multimodal_psd-fc-wpli_gated_cnn,0,sub01,sub07;sub08;sub09;sub10;sub11;sub13;sub14;sub15;sub16;sub17;sub18;sub20;sub22;sub24;sub27;sub28;sub29,sub05,79,0.002210314152762294,4.151456832885742,0.001,1e-05,1.0,1.0,False,False,multimodal,psd-fc-wpli,gated,cnn,True,finetune,segssl_barlow_all-patient_psd-fc-wpli_finetune_seed7_pre20_proj32_mask0_03_noise0_02_mlp1_0_sup100,True,barlow,psd,all-patient,True,7,1.0,0.1,32,0.03,0.02
multimodal_psd-fc-wpli_gated_cnn,0,sub01,sub07;sub08;sub09;sub10;sub11;sub13;sub14;sub15;sub16;sub17;sub18;sub20;sub22;sub24;sub27;sub28;sub29,sub05,80,0.002158509800210595,4.161996841430664,0.001,1e-05,1.0,1.0,False,False,multimodal,psd-fc-wpli,gated,cnn,True,finetune,segssl_barlow_all-patient_psd-fc-wpli_finetune_seed7_pre20_proj32_mask0_03_noise0_02_mlp1_0_sup100,True,barlow,psd,all-patient,True,7,1.0,0.1,32,0.03,0.02
multimodal_psd-fc-wpli_gated_cnn,0,sub01,sub07;sub08;sub09;sub10;sub11;sub13;sub14;sub15;sub16;sub17;sub18;sub20;sub22;sub24;sub27;sub28;sub29,sub05,81,0.0021095119882375,4.174057960510254,0.001,1e-05,1.0,1.0,False,False,multimodal,psd-fc-wpli,gated,cnn,True,finetune,segssl_barlow_all-patient_psd-fc-wpli_finetune_seed7_pre20_proj32_mask0_03_noise0_02_mlp1_0_sup100,True,barlow,psd,all-patient,True,7,1.0,0.1,32,0.03,0.02
multimodal_psd-fc-wpli_gated_cnn,0,sub01,sub07;sub08;sub09;sub10;sub11;sub13;sub14;sub15;sub16;sub17;sub18;sub20;sub22;sub24;sub27;sub28;sub29,sub05,82,0.002063008723780513,4.187404155731201,0.001,1e-05,1.0,1.0,False,False,multimodal,psd-fc-wpli,gated,cnn,True,finetune,segssl_barlow_all-patient_psd-fc-wpli_finetune_seed7_pre20_proj32_mask0_03_noise0_02_mlp1_0_sup100,True,barlow,psd,all-patient,True,7,1.0,0.1,32,0.03,0.02
multimodal_psd-fc-wpli_gated_cnn,0,sub01,sub07;sub08;sub09;sub10;sub11;sub13;sub14;sub15;sub16;sub17;sub18;sub20;sub22;sub24;sub27;sub28;sub29,sub05,83,0.0020187569316476583,4.20159912109375,0.001,1e-05,1.0,1.0,False,False,multimodal,psd-fc-wpli,gated,cnn,True,finetune,segssl_barlow_all-patient_psd-fc-wpli_finetune_seed7_pre20_proj32_mask0_03_noise0_02_mlp1_0_sup100,True,barlow,psd,all-patient,True,7,1.0,0.1,32,0.03,0.02
multimodal_psd-fc-wpli_gated_cnn,0,sub01,sub07;sub08;sub09;sub10;sub11;sub13;sub14;sub15;sub16;sub17;sub18;sub20;sub22;sub24;sub27;sub28;sub29,sub05,84,0.001976544735953212,4.216532230377197,0.001,1e-05,1.0,1.0,False,False,multimodal,psd-fc-wpli,gated,cnn,True,finetune,segssl_barlow_all-patient_psd-fc-wpli_finetune_seed7_pre20_proj32_mask0_03_noise0_02_mlp1_0_sup100,True,barlow,psd,all-patient,True,7,1.0,0.1,32,0.03,0.02
multimodal_psd-fc-wpli_gated_cnn,0,sub01,sub07;sub08;sub09;sub10;sub11;sub13;sub14;sub15;sub16;sub17;sub18;sub20;sub22;sub24;sub27;sub28;sub29,sub05,85,0.0019362494349479675,4.231831073760986,0.001,1e-05,1.0,1.0,False,False,multimodal,psd-fc-wpli,gated,cnn,True,finetune,segssl_barlow_all-patient_psd-fc-wpli_finetune_seed7_pre20_proj32_mask0_03_noise0_02_mlp1_0_sup100,True,barlow,psd,all-patient,True,7,1.0,0.1,32,0.03,0.02
multimodal_psd-fc-wpli_gated_cnn,0,sub01,sub07;sub08;sub09;sub10;sub11;sub13;sub14;sub15;sub16;sub17;sub18;sub20;sub22;sub24;sub27;sub28;sub29,sub05,86,0.0018977128202095628,4.24733829498291,0.001,1e-05,1.0,1.0,False,False,multimodal,psd-fc-wpli,gated,cnn,True,finetune,segssl_barlow_all-patient_psd-fc-wpli_finetune_seed7_pre20_proj32_mask0_03_noise0_02_mlp1_0_sup100,True,barlow,psd,all-patient,True,7,1.0,0.1,32,0.03,0.02
multimodal_psd-fc-wpli_gated_cnn,0,sub01,sub07;sub08;sub09;sub10;sub11;sub13;sub14;sub15;sub16;sub17;sub18;sub20;sub22;sub24;sub27;sub28;sub29,sub05,87,0.001860837684944272,4.2625732421875,0.001,1e-05,1.0,1.0,False,False,multimodal,psd-fc-wpli,gated,cnn,True,finetune,segssl_barlow_all-patient_psd-fc-wpli_finetune_seed7_pre20_proj32_mask0_03_noise0_02_mlp1_0_sup100,True,barlow,psd,all-patient,True,7,1.0,0.1,32,0.03,0.02
multimodal_psd-fc-wpli_gated_cnn,0,sub01,sub07;sub08;sub09;sub10;sub11;sub13;sub14;sub15;sub16;sub17;sub18;sub20;sub22;sub24;sub27;sub28;sub29,sub05,88,0.001825494458898902,4.277172088623047,0.001,1e-05,1.0,1.0,False,False,multimodal,psd-fc-wpli,gated,cnn,True,finetune,segssl_barlow_all-patient_psd-fc-wpli_finetune_seed7_pre20_proj32_mask0_03_noise0_02_mlp1_0_sup100,True,barlow,psd,all-patient,True,7,1.0,0.1,32,0.03,0.02
multimodal_psd-fc-wpli_gated_cnn,0,sub01,sub07;sub08;sub09;sub10;sub11;sub13;sub14;sub15;sub16;sub17;sub18;sub20;sub22;sub24;sub27;sub28;sub29,sub05,89,0.001791577902622521,4.290876865386963,0.001,1e-05,1.0,1.0,False,False,multimodal,psd-fc-wpli,gated,cnn,True,finetune,segssl_barlow_all-patient_psd-fc-wpli_finetune_seed7_pre20_proj32_mask0_03_noise0_02_mlp1_0_sup100,True,barlow,psd,all-patient,True,7,1.0,0.1,32,0.03,0.02
multimodal_psd-fc-wpli_gated_cnn,0,sub01,sub07;sub08;sub09;sub10;sub11;sub13;sub14;sub15;sub16;sub17;sub18;sub20;sub22;sub24;sub27;sub28;sub29,sub05,90,0.0017589875496923923,4.303400039672852,0.001,1e-05,1.0,1.0,False,False,multimodal,psd-fc-wpli,gated,cnn,True,finetune,segssl_barlow_all-patient_psd-fc-wpli_finetune_seed7_pre20_proj32_mask0_03_noise0_02_mlp1_0_sup100,True,barlow,psd,all-patient,True,7,1.0,0.1,32,0.03,0.02
multimodal_psd-fc-wpli_gated_cnn,0,sub01,sub07;sub08;sub09;sub10;sub11;sub13;sub14;sub15;sub16;sub17;sub18;sub20;sub22;sub24;sub27;sub28;sub29,sub05,91,0.0017276582075282931,4.314190864562988,0.001,1e-05,1.0,1.0,False,False,multimodal,psd-fc-wpli,gated,cnn,True,finetune,segssl_barlow_all-patient_psd-fc-wpli_finetune_seed7_pre20_proj32_mask0_03_noise0_02_mlp1_0_sup100,True,barlow,psd,all-patient,True,7,1.0,0.1,32,0.03,0.02
multimodal_psd-fc-wpli_gated_cnn,0,sub01,sub07;sub08;sub09;sub10;sub11;sub13;sub14;sub15;sub16;sub17;sub18;sub20;sub22;sub24;sub27;sub28;sub29,sub05,92,0.0016974661266431212,4.323245525360107,0.001,1e-05,1.0,1.0,False,False,multimodal,psd-fc-wpli,gated,cnn,True,finetune,segssl_barlow_all-patient_psd-fc-wpli_finetune_seed7_pre20_proj32_mask0_03_noise0_02_mlp1_0_sup100,True,barlow,psd,all-patient,True,7,1.0,0.1,32,0.03,0.02
multimodal_psd-fc-wpli_gated_cnn,0,sub01,sub07;sub08;sub09;sub10;sub11;sub13;sub14;sub15;sub16;sub17;sub18;sub20;sub22;sub24;sub27;sub28;sub29,sub05,93,0.001668286044150591,4.3308820724487305,0.001,1e-05,1.0,1.0,False,False,multimodal,psd-fc-wpli,gated,cnn,True,finetune,segssl_barlow_all-patient_psd-fc-wpli_finetune_seed7_pre20_proj32_mask0_03_noise0_02_mlp1_0_sup100,True,barlow,psd,all-patient,True,7,1.0,0.1,32,0.03,0.02
multimodal_psd-fc-wpli_gated_cnn,0,sub01,sub07;sub08;sub09;sub10;sub11;sub13;sub14;sub15;sub16;sub17;sub18;sub20;sub22;sub24;sub27;sub28;sub29,sub05,94,0.0016400899039581418,4.337126731872559,0.001,1e-05,1.0,1.0,False,False,multimodal,psd-fc-wpli,gated,cnn,True,finetune,segssl_barlow_all-patient_psd-fc-wpli_finetune_seed7_pre20_proj32_mask0_03_noise0_02_mlp1_0_sup100,True,barlow,psd,all-patient,True,7,1.0,0.1,32,0.03,0.02
multimodal_psd-fc-wpli_gated_cnn,0,sub01,sub07;sub08;sub09;sub10;sub11;sub13;sub14;sub15;sub16;sub17;sub18;sub20;sub22;sub24;sub27;sub28;sub29,sub05,95,0.0016128103015944362,4.342309951782227,0.001,1e-05,1.0,1.0,False,False,multimodal,psd-fc-wpli,gated,cnn,True,finetune,segssl_barlow_all-patient_psd-fc-wpli_finetune_seed7_pre20_proj32_mask0_03_noise0_02_mlp1_0_sup100,True,barlow,psd,all-patient,True,7,1.0,0.1,32,0.03,0.02
multimodal_psd-fc-wpli_gated_cnn,0,sub01,sub07;sub08;sub09;sub10;sub11;sub13;sub14;sub15;sub16;sub17;sub18;sub20;sub22;sub24;sub27;sub28;sub29,sub05,96,0.0015863978769630194,4.346502780914307,0.001,1e-05,1.0,1.0,False,False,multimodal,psd-fc-wpli,gated,cnn,True,finetune,segssl_barlow_all-patient_psd-fc-wpli_finetune_seed7_pre20_proj32_mask0_03_noise0_02_mlp1_0_sup100,True,barlow,psd,all-patient,True,7,1.0,0.1,32,0.03,0.02
multimodal_psd-fc-wpli_gated_cnn,0,sub01,sub07;sub08;sub09;sub10;sub11;sub13;sub14;sub15;sub16;sub17;sub18;sub20;sub22;sub24;sub27;sub28;sub29,sub05,97,0.0015607879031449556,4.349835395812988,0.001,1e-05,1.0,1.0,False,False,multimodal,psd-fc-wpli,gated,cnn,True,finetune,segssl_barlow_all-patient_psd-fc-wpli_finetune_seed7_pre20_proj32_mask0_03_noise0_02_mlp1_0_sup100,True,barlow,psd,all-patient,True,7,1.0,0.1,32,0.03,0.02
multimodal_psd-fc-wpli_gated_cnn,0,sub01,sub07;sub08;sub09;sub10;sub11;sub13;sub14;sub15;sub16;sub17;sub18;sub20;sub22;sub24;sub27;sub28;sub29,sub05,98,0.0015359611716121435,4.352873802185059,0.001,1e-05,1.0,1.0,False,False,multimodal,psd-fc-wpli,gated,cnn,True,finetune,segssl_barlow_all-patient_psd-fc-wpli_finetune_seed7_pre20_proj32_mask0_03_noise0_02_mlp1_0_sup100,True,barlow,psd,all-patient,True,7,1.0,0.1,32,0.03,0.02
multimodal_psd-fc-wpli_gated_cnn,0,sub01,sub07;sub08;sub09;sub10;sub11;sub13;sub14;sub15;sub16;sub17;sub18;sub20;sub22;sub24;sub27;sub28;sub29,sub05,99,0.0015118694864213467,4.355665683746338,0.001,1e-05,1.0,1.0,False,False,multimodal,psd-fc-wpli,gated,cnn,True,finetune,segssl_barlow_all-patient_psd-fc-wpli_finetune_seed7_pre20_proj32_mask0_03_noise0_02_mlp1_0_sup100,True,barlow,psd,all-patient,True,7,1.0,0.1,32,0.03,0.02
multimodal_psd-fc-wpli_gated_cnn,0,sub01,sub07;sub08;sub09;sub10;sub11;sub13;sub14;sub15;sub16;sub17;sub18;sub20;sub22;sub24;sub27;sub28;sub29,sub05,100,0.0014884943375363946,4.358814716339111,0.001,1e-05,1.0,1.0,False,False,multimodal,psd-fc-wpli,gated,cnn,True,finetune,segssl_barlow_all-patient_psd-fc-wpli_finetune_seed7_pre20_proj32_mask0_03_noise0_02_mlp1_0_sup100,True,barlow,psd,all-patient,True,7,1.0,0.1,32,0.03,0.02
multimodal_psd-fc-wpli_gated_cnn,1,sub05,sub01;sub08;sub09;sub10;sub11;sub13;sub14;sub15;sub16;sub17;sub18;sub20;sub22;sub24;sub27;sub28;sub29,sub07,1,0.700709879398346,0.6806311011314392,0.002,1e-05,1.0,1.0,True,False,multimodal,psd-fc-wpli,gated,cnn,True,finetune,segssl_barlow_all-patient_psd-fc-wpli_finetune_seed7_pre20_proj32_mask0_03_noise0_02_mlp1_0_sup100,True,barlow,psd,all-patient,True,7,1.0,0.1,32,0.03,0.02
multimodal_psd-fc-wpli_gated_cnn,1,sub05,sub01;sub08;sub09;sub10;sub11;sub13;sub14;sub15;sub16;sub17;sub18;sub20;sub22;sub24;sub27;sub28;sub29,sub07,2,0.6931571960449219,0.6819912791252136,0.002,1e-05,1.0,1.0,False,False,multimodal,psd-fc-wpli,gated,cnn,True,finetune,segssl_barlow_all-patient_psd-fc-wpli_finetune_seed7_pre20_proj32_mask0_03_noise0_02_mlp1_0_sup100,True,barlow,psd,all-patient,True,7,1.0,0.1,32,0.03,0.02
multimodal_psd-fc-wpli_gated_cnn,1,sub05,sub01;sub08;sub09;sub10;sub11;sub13;sub14;sub15;sub16;sub17;sub18;sub20;sub22;sub24;sub27;sub28;sub29,sub07,3,0.6870805621147156,0.6834294199943542,0.002,1e-05,1.0,1.0,False,False,multimodal,psd-fc-wpli,gated,cnn,True,finetune,segssl_barlow_all-patient_psd-fc-wpli_finetune_seed7_pre20_proj32_mask0_03_noise0_02_mlp1_0_sup100,True,barlow,psd,all-patient,True,7,1.0,0.1,32,0.03,0.02
multimodal_psd-fc-wpli_gated_cnn,1,sub05,sub01;sub08;sub09;sub10;sub11;sub13;sub14;sub15;sub16;sub17;sub18;sub20;sub22;sub24;sub27;sub28;sub29,sub07,4,0.6817539930343628,0.6837204098701477,0.002,1e-05,1.0,1.0,False,False,multimodal,psd-fc-wpli,gated,cnn,True,finetune,segssl_barlow_all-patient_psd-fc-wpli_finetune_seed7_pre20_proj32_mask0_03_noise0_02_mlp1_0_sup100,True,barlow,psd,all-patient,True,7,1.0,0.1,32,0.03,0.02
multimodal_psd-fc-wpli_gated_cnn,1,sub05,sub01;sub08;sub09;sub10;sub11;sub13;sub14;sub15;sub16;sub17;sub18;sub20;sub22;sub24;sub27;sub28;sub29,sub07,5,0.6767550110816956,0.6814615726470947,0.002,1e-05,1.0,1.0,False,False,multimodal,psd-fc-wpli,gated,cnn,True,finetune,segssl_barlow_all-patient_psd-fc-wpli_finetune_seed7_pre20_proj32_mask0_03_noise0_02_mlp1_0_sup100,True,barlow,psd,all-patient,True,7,1.0,0.1,32,0.03,0.02
multimodal_psd-fc-wpli_gated_cnn,1,sub05,sub01;sub08;sub09;sub10;sub11;sub13;sub14;sub15;sub16;sub17;sub18;sub20;sub22;sub24;sub27;sub28;sub29,sub07,6,0.6719226241111755,0.6755951642990112,0.002,1e-05,1.0,1.0,True,False,multimodal,psd-fc-wpli,gated,cnn,True,finetune,segssl_barlow_all-patient_psd-fc-wpli_finetune_seed7_pre20_proj32_mask0_03_noise0_02_mlp1_0_sup100,True,barlow,psd,all-patient,True,7,1.0,0.1,32,0.03,0.02
multimodal_psd-fc-wpli_gated_cnn,1,sub05,sub01;sub08;sub09;sub10;sub11;sub13;sub14;sub15;sub16;sub17;sub18;sub20;sub22;sub24;sub27;sub28;sub29,sub07,7,0.6676714420318604,0.6655769348144531,0.002,1e-05,1.0,1.0,True,False,multimodal,psd-fc-wpli,gated,cnn,True,finetune,segssl_barlow_all-patient_psd-fc-wpli_finetune_seed7_pre20_proj32_mask0_03_noise0_02_mlp1_0_sup100,True,barlow,psd,all-patient,True,7,1.0,0.1,32,0.03,0.02
multimodal_psd-fc-wpli_gated_cnn,1,sub05,sub01;sub08;sub09;sub10;sub11;sub13;sub14;sub15;sub16;sub17;sub18;sub20;sub22;sub24;sub27;sub28;sub29,sub07,8,0.6625937223434448,0.6518582701683044,0.002,1e-05,1.0,1.0,True,False,multimodal,psd-fc-wpli,gated,cnn,True,finetune,segssl_barlow_all-patient_psd-fc-wpli_finetune_seed7_pre20_proj32_mask0_03_noise0_02_mlp1_0_sup100,True,barlow,psd,all-patient,True,7,1.0,0.1,32,0.03,0.02
multimodal_psd-fc-wpli_gated_cnn,1,sub05,sub01;sub08;sub09;sub10;sub11;sub13;sub14;sub15;sub16;sub17;sub18;sub20;sub22;sub24;sub27;sub28;sub29,sub07,9,0.6567736864089966,0.6363781690597534,0.002,1e-05,1.0,1.0,True,False,multimodal,psd-fc-wpli,gated,cnn,True,finetune,segssl_barlow_all-patient_psd-fc-wpli_finetune_seed7_pre20_proj32_mask0_03_noise0_02_mlp1_0_sup100,True,barlow,psd,all-patient,True,7,1.0,0.1,32,0.03,0.02
multimodal_psd-fc-wpli_gated_cnn,1,sub05,sub01;sub08;sub09;sub10;sub11;sub13;sub14;sub15;sub16;sub17;sub18;sub20;sub22;sub24;sub27;sub28;sub29,sub07,10,0.6503015160560608,0.6194099187850952,0.002,1e-05,1.0,1.0,True,False,multimodal,psd-fc-wpli,gated,cnn,True,finetune,segssl_barlow_all-patient_psd-fc-wpli_finetune_seed7_pre20_proj32_mask0_03_noise0_02_mlp1_0_sup100,True,barlow,psd,all-patient,True,7,1.0,0.1,32,0.03,0.02
multimodal_psd-fc-wpli_gated_cnn,1,sub05,sub01;sub08;sub09;sub10;sub11;sub13;sub14;sub15;sub16;sub17;sub18;sub20;sub22;sub24;sub27;sub28;sub29,sub07,11,0.6433039903640747,0.6020657420158386,0.002,1e-05,1.0,1.0,True,False,multimodal,psd-fc-wpli,gated,cnn,True,finetune,segssl_barlow_all-patient_psd-fc-wpli_finetune_seed7_pre20_proj32_mask0_03_noise0_02_mlp1_0_sup100,True,barlow,psd,all-patient,True,7,1.0,0.1,32,0.03,0.02
multimodal_psd-fc-wpli_gated_cnn,1,sub05,sub01;sub08;sub09;sub10;sub11;sub13;sub14;sub15;sub16;sub17;sub18;sub20;sub22;sub24;sub27;sub28;sub29,sub07,12,0.635843813419342,0.584526002407074,0.002,1e-05,1.0,1.0,True,False,multimodal,psd-fc-wpli,gated,cnn,True,finetune,segssl_barlow_all-patient_psd-fc-wpli_finetune_seed7_pre20_proj32_mask0_03_noise0_02_mlp1_0_sup100,True,barlow,psd,all-patient,True,7,1.0,0.1,32,0.03,0.02
multimodal_psd-fc-wpli_gated_cnn,1,sub05,sub01;sub08;sub09;sub10;sub11;sub13;sub14;sub15;sub16;sub17;sub18;sub20;sub22;sub24;sub27;sub28;sub29,sub07,13,0.6276450753211975,0.5665624141693115,0.002,1e-05,1.0,1.0,True,False,multimodal,psd-fc-wpli,gated,cnn,True,finetune,segssl_barlow_all-patient_psd-fc-wpli_finetune_seed7_pre20_proj32_mask0_03_noise0_02_mlp1_0_sup100,True,barlow,psd,all-patient,True,7,1.0,0.1,32,0.03,0.02
multimodal_psd-fc-wpli_gated_cnn,1,sub05,sub01;sub08;sub09;sub10;sub11;sub13;sub14;sub15;sub16;sub17;sub18;sub20;sub22;sub24;sub27;sub28;sub29,sub07,14,0.6183117628097534,0.5482478141784668,0.002,1e-05,1.0,1.0,True,False,multimodal,psd-fc-wpli,gated,cnn,True,finetune,segssl_barlow_all-patient_psd-fc-wpli_finetune_seed7_pre20_proj32_mask0_03_noise0_02_mlp1_0_sup100,True,barlow,psd,all-patient,True,7,1.0,0.1,32,0.03,0.02
multimodal_psd-fc-wpli_gated_cnn,1,sub05,sub01;sub08;sub09;sub10;sub11;sub13;sub14;sub15;sub16;sub17;sub18;sub20;sub22;sub24;sub27;sub28;sub29,sub07,15,0.6079310178756714,0.5291889905929565,0.002,1e-05,1.0,1.0,True,False,multimodal,psd-fc-wpli,gated,cnn,True,finetune,segssl_barlow_all-patient_psd-fc-wpli_finetune_seed7_pre20_proj32_mask0_03_noise0_02_mlp1_0_sup100,True,barlow,psd,all-patient,True,7,1.0,0.1,32,0.03,0.02
multimodal_psd-fc-wpli_gated_cnn,1,sub05,sub01;sub08;sub09;sub10;sub11;sub13;sub14;sub15;sub16;sub17;sub18;sub20;sub22;sub24;sub27;sub28;sub29,sub07,16,0.5964570641517639,0.509433388710022,0.002,1e-05,1.0,1.0,True,False,multimodal,psd-fc-wpli,gated,cnn,True,finetune,segssl_barlow_all-patient_psd-fc-wpli_finetune_seed7_pre20_proj32_mask0_03_noise0_02_mlp1_0_sup100,True,barlow,psd,all-patient,True,7,1.0,0.1,32,0.03,0.02
multimodal_psd-fc-wpli_gated_cnn,1,sub05,sub01;sub08;sub09;sub10;sub11;sub13;sub14;sub15;sub16;sub17;sub18;sub20;sub22;sub24;sub27;sub28;sub29,sub07,17,0.583972156047821,0.4876860976219177,0.002,1e-05,1.0,1.0,True,False,multimodal,psd-fc-wpli,gated,cnn,True,finetune,segssl_barlow_all-patient_psd-fc-wpli_finetune_seed7_pre20_proj32_mask0_03_noise0_02_mlp1_0_sup100,True,barlow,psd,all-patient,True,7,1.0,0.1,32,0.03,0.02
multimodal_psd-fc-wpli_gated_cnn,1,sub05,sub01;sub08;sub09;sub10;sub11;sub13;sub14;sub15;sub16;sub17;sub18;sub20;sub22;sub24;sub27;sub28;sub29,sub07,18,0.5704061985015869,0.46456432342529297,0.002,1e-05,1.0,1.0,True,False,multimodal,psd-fc-wpli,gated,cnn,True,finetune,segssl_barlow_all-patient_psd-fc-wpli_finetune_seed7_pre20_proj32_mask0_03_noise0_02_mlp1_0_sup100,True,barlow,psd,all-patient,True,7,1.0,0.1,32,0.03,0.02
multimodal_psd-fc-wpli_gated_cnn,1,sub05,sub01;sub08;sub09;sub10;sub11;sub13;sub14;sub15;sub16;sub17;sub18;sub20;sub22;sub24;sub27;sub28;sub29,sub07,19,0.5558448433876038,0.43990403413772583,0.002,1e-05,1.0,1.0,True,False,multimodal,psd-fc-wpli,gated,cnn,True,finetune,segssl_barlow_all-patient_psd-fc-wpli_finetune_seed7_pre20_proj32_mask0_03_noise0_02_mlp1_0_sup100,True,barlow,psd,all-patient,True,7,1.0,0.1,32,0.03,0.02
multimodal_psd-fc-wpli_gated_cnn,1,sub05,sub01;sub08;sub09;sub10;sub11;sub13;sub14;sub15;sub16;sub17;sub18;sub20;sub22;sub24;sub27;sub28;sub29,sub07,20,0.540271520614624,0.4140515923500061,0.002,1e-05,1.0,1.0,True,False,multimodal,psd-fc-wpli,gated,cnn,True,finetune,segssl_barlow_all-patient_psd-fc-wpli_finetune_seed7_pre20_proj32_mask0_03_noise0_02_mlp1_0_sup100,True,barlow,psd,all-patient,True,7,1.0,0.1,32,0.03,0.02
multimodal_psd-fc-wpli_gated_cnn,1,sub05,sub01;sub08;sub09;sub10;sub11;sub13;sub14;sub15;sub16;sub17;sub18;sub20;sub22;sub24;sub27;sub28;sub29,sub07,21,0.5236772298812866,0.38787606358528137,0.002,1e-05,1.0,1.0,True,False,multimodal,psd-fc-wpli,gated,cnn,True,finetune,segssl_barlow_all-patient_psd-fc-wpli_finetune_seed7_pre20_proj32_mask0_03_noise0_02_mlp1_0_sup100,True,barlow,psd,all-patient,True,7,1.0,0.1,32,0.03,0.02
multimodal_psd-fc-wpli_gated_cnn,1,sub05,sub01;sub08;sub09;sub10;sub11;sub13;sub14;sub15;sub16;sub17;sub18;sub20;sub22;sub24;sub27;sub28;sub29,sub07,22,0.5059447884559631,0.36118605732917786,0.002,1e-05,1.0,1.0,True,False,multimodal,psd-fc-wpli,gated,cnn,True,finetune,segssl_barlow_all-patient_psd-fc-wpli_finetune_seed7_pre20_proj32_mask0_03_noise0_02_mlp1_0_sup100,True,barlow,psd,all-patient,True,7,1.0,0.1,32,0.03,0.02
multimodal_psd-fc-wpli_gated_cnn,1,sub05,sub01;sub08;sub09;sub10;sub11;sub13;sub14;sub15;sub16;sub17;sub18;sub20;sub22;sub24;sub27;sub28;sub29,sub07,23,0.48711052536964417,0.33316847681999207,0.002,1e-05,1.0,1.0,True,False,multimodal,psd-fc-wpli,gated,cnn,True,finetune,segssl_barlow_all-patient_psd-fc-wpli_finetune_seed7_pre20_proj32_mask0_03_noise0_02_mlp1_0_sup100,True,barlow,psd,all-patient,True,7,1.0,0.1,32,0.03,0.02
multimodal_psd-fc-wpli_gated_cnn,1,sub05,sub01;sub08;sub09;sub10;sub11;sub13;sub14;sub15;sub16;sub17;sub18;sub20;sub22;sub24;sub27;sub28;sub29,sub07,24,0.4671620726585388,0.3049182593822479,0.002,1e-05,1.0,1.0,True,False,multimodal,psd-fc-wpli,gated,cnn,True,finetune,segssl_barlow_all-patient_psd-fc-wpli_finetune_seed7_pre20_proj32_mask0_03_noise0_02_mlp1_0_sup100,True,barlow,psd,all-patient,True,7,1.0,0.1,32,0.03,0.02
multimodal_psd-fc-wpli_gated_cnn,1,sub05,sub01;sub08;sub09;sub10;sub11;sub13;sub14;sub15;sub16;sub17;sub18;sub20;sub22;sub24;sub27;sub28;sub29,sub07,25,0.44585922360420227,0.27743610739707947,0.002,1e-05,1.0,1.0,True,False,multimodal,psd-fc-wpli,gated,cnn,True,finetune,segssl_barlow_all-patient_psd-fc-wpli_finetune_seed7_pre20_proj32_mask0_03_noise0_02_mlp1_0_sup100,True,barlow,psd,all-patient,True,7,1.0,0.1,32,0.03,0.02
multimodal_psd-fc-wpli_gated_cnn,1,sub05,sub01;sub08;sub09;sub10;sub11;sub13;sub14;sub15;sub16;sub17;sub18;sub20;sub22;sub24;sub27;sub28;sub29,sub07,26,0.42338210344314575,0.25043386220932007,0.002,1e-05,1.0,1.0,True,False,multimodal,psd-fc-wpli,gated,cnn,True,finetune,segssl_barlow_all-patient_psd-fc-wpli_finetune_seed7_pre20_proj32_mask0_03_noise0_02_mlp1_0_sup100,True,barlow,psd,all-patient,True,7,1.0,0.1,32,0.03,0.02
multimodal_psd-fc-wpli_gated_cnn,1,sub05,sub01;sub08;sub09;sub10;sub11;sub13;sub14;sub15;sub16;sub17;sub18;sub20;sub22;sub24;sub27;sub28;sub29,sub07,27,0.3999832570552826,0.2233067899942398,0.002,1e-05,1.0,1.0,True,False,multimodal,psd-fc-wpli,gated,cnn,True,finetune,segssl_barlow_all-patient_psd-fc-wpli_finetune_seed7_pre20_proj32_mask0_03_noise0_02_mlp1_0_sup100,True,barlow,psd,all-patient,True,7,1.0,0.1,32,0.03,0.02
multimodal_psd-fc-wpli_gated_cnn,1,sub05,sub01;sub08;sub09;sub10;sub11;sub13;sub14;sub15;sub16;sub17;sub18;sub20;sub22;sub24;sub27;sub28;sub29,sub07,28,0.3759215176105499,0.1973654180765152,0.002,1e-05,1.0,1.0,True,False,multimodal,psd-fc-wpli,gated,cnn,True,finetune,segssl_barlow_all-patient_psd-fc-wpli_finetune_seed7_pre20_proj32_mask0_03_noise0_02_mlp1_0_sup100,True,barlow,psd,all-patient,True,7,1.0,0.1,32,0.03,0.02
multimodal_psd-fc-wpli_gated_cnn,1,sub05,sub01;sub08;sub09;sub10;sub11;sub13;sub14;sub15;sub16;sub17;sub18;sub20;sub22;sub24;sub27;sub28;sub29,sub07,29,0.3511633574962616,0.17349199950695038,0.002,1e-05,1.0,1.0,True,False,multimodal,psd-fc-wpli,gated,cnn,True,finetune,segssl_barlow_all-patient_psd-fc-wpli_finetune_seed7_pre20_proj32_mask0_03_noise0_02_mlp1_0_sup100,True,barlow,psd,all-patient,True,7,1.0,0.1,32,0.03,0.02
multimodal_psd-fc-wpli_gated_cnn,1,sub05,sub01;sub08;sub09;sub10;sub11;sub13;sub14;sub15;sub16;sub17;sub18;sub20;sub22;sub24;sub27;sub28;sub29,sub07,30,0.3255617022514343,0.1520111858844757,0.002,1e-05,1.0,1.0,True,False,multimodal,psd-fc-wpli,gated,cnn,True,finetune,segssl_barlow_all-patient_psd-fc-wpli_finetune_seed7_pre20_proj32_mask0_03_noise0_02_mlp1_0_sup100,True,barlow,psd,all-patient,True,7,1.0,0.1,32,0.03,0.02
multimodal_psd-fc-wpli_gated_cnn,1,sub05,sub01;sub08;sub09;sub10;sub11;sub13;sub14;sub15;sub16;sub17;sub18;sub20;sub22;sub24;sub27;sub28;sub29,sub07,31,0.2993738651275635,0.13391800224781036,0.002,1e-05,1.0,1.0,True,False,multimodal,psd-fc-wpli,gated,cnn,True,finetune,segssl_barlow_all-patient_psd-fc-wpli_finetune_seed7_pre20_proj32_mask0_03_noise0_02_mlp1_0_sup100,True,barlow,psd,all-patient,True,7,1.0,0.1,32,0.03,0.02
multimodal_psd-fc-wpli_gated_cnn,1,sub05,sub01;sub08;sub09;sub10;sub11;sub13;sub14;sub15;sub16;sub17;sub18;sub20;sub22;sub24;sub27;sub28;sub29,sub07,32,0.27287060022354126,0.11751845479011536,0.002,1e-05,1.0,1.0,True,False,multimodal,psd-fc-wpli,gated,cnn,True,finetune,segssl_barlow_all-patient_psd-fc-wpli_finetune_seed7_pre20_proj32_mask0_03_noise0_02_mlp1_0_sup100,True,barlow,psd,all-patient,True,7,1.0,0.1,32,0.03,0.02
multimodal_psd-fc-wpli_gated_cnn,1,sub05,sub01;sub08;sub09;sub10;sub11;sub13;sub14;sub15;sub16;sub17;sub18;sub20;sub22;sub24;sub27;sub28;sub29,sub07,33,0.24639523029327393,0.10445260256528854,0.002,1e-05,1.0,1.0,True,False,multimodal,psd-fc-wpli,gated,cnn,True,finetune,segssl_barlow_all-patient_psd-fc-wpli_finetune_seed7_pre20_proj32_mask0_03_noise0_02_mlp1_0_sup100,True,barlow,psd,all-patient,True,7,1.0,0.1,32,0.03,0.02
multimodal_psd-fc-wpli_gated_cnn,1,sub05,sub01;sub08;sub09;sub10;sub11;sub13;sub14;sub15;sub16;sub17;sub18;sub20;sub22;sub24;sub27;sub28;sub29,sub07,34,0.2202371507883072,0.09321216493844986,0.002,1e-05,1.0,1.0,True,False,multimodal,psd-fc-wpli,gated,cnn,True,finetune,segssl_barlow_all-patient_psd-fc-wpli_finetune_seed7_pre20_proj32_mask0_03_noise0_02_mlp1_0_sup100,True,barlow,psd,all-patient,True,7,1.0,0.1,32,0.03,0.02
multimodal_psd-fc-wpli_gated_cnn,1,sub05,sub01;sub08;sub09;sub10;sub11;sub13;sub14;sub15;sub16;sub17;sub18;sub20;sub22;sub24;sub27;sub28;sub29,sub07,35,0.19486822187900543,0.08121392130851746,0.002,1e-05,1.0,1.0,True,False,multimodal,psd-fc-wpli,gated,cnn,True,finetune,segssl_barlow_all-patient_psd-fc-wpli_finetune_seed7_pre20_proj32_mask0_03_noise0_02_mlp1_0_sup100,True,barlow,psd,all-patient,True,7,1.0,0.1,32,0.03,0.02
multimodal_psd-fc-wpli_gated_cnn,1,sub05,sub01;sub08;sub09;sub10;sub11;sub13;sub14;sub15;sub16;sub17;sub18;sub20;sub22;sub24;sub27;sub28;sub29,sub07,36,0.17064990103244781,0.06955586373806,0.002,1e-05,1.0,1.0,True,False,multimodal,psd-fc-wpli,gated,cnn,True,finetune,segssl_barlow_all-patient_psd-fc-wpli_finetune_seed7_pre20_proj32_mask0_03_noise0_02_mlp1_0_sup100,True,barlow,psd,all-patient,True,7,1.0,0.1,32,0.03,0.02
multimodal_psd-fc-wpli_gated_cnn,1,sub05,sub01;sub08;sub09;sub10;sub11;sub13;sub14;sub15;sub16;sub17;sub18;sub20;sub22;sub24;sub27;sub28;sub29,sub07,37,0.14798368513584137,0.059910163283348083,0.002,1e-05,1.0,1.0,True,False,multimodal,psd-fc-wpli,gated,cnn,True,finetune,segssl_barlow_all-patient_psd-fc-wpli_finetune_seed7_pre20_proj32_mask0_03_noise0_02_mlp1_0_sup100,True,barlow,psd,all-patient,True,7,1.0,0.1,32,0.03,0.02
multimodal_psd-fc-wpli_gated_cnn,1,sub05,sub01;sub08;sub09;sub10;sub11;sub13;sub14;sub15;sub16;sub17;sub18;sub20;sub22;sub24;sub27;sub28;sub29,sub07,38,0.12695063650608063,0.055536530911922455,0.002,1e-05,1.0,1.0,True,False,multimodal,psd-fc-wpli,gated,cnn,True,finetune,segssl_barlow_all-patient_psd-fc-wpli_finetune_seed7_pre20_proj32_mask0_03_noise0_02_mlp1_0_sup100,True,barlow,psd,all-patient,True,7,1.0,0.1,32,0.03,0.02
multimodal_psd-fc-wpli_gated_cnn,1,sub05,sub01;sub08;sub09;sub10;sub11;sub13;sub14;sub15;sub16;sub17;sub18;sub20;sub22;sub24;sub27;sub28;sub29,sub07,39,0.1077924370765686,0.05606037750840187,0.002,1e-05,1.0,1.0,False,False,multimodal,psd-fc-wpli,gated,cnn,True,finetune,segssl_barlow_all-patient_psd-fc-wpli_finetune_seed7_pre20_proj32_mask0_03_noise0_02_mlp1_0_sup100,True,barlow,psd,all-patient,True,7,1.0,0.1,32,0.03,0.02
multimodal_psd-fc-wpli_gated_cnn,1,sub05,sub01;sub08;sub09;sub10;sub11;sub13;sub14;sub15;sub16;sub17;sub18;sub20;sub22;sub24;sub27;sub28;sub29,sub07,40,0.09061471372842789,0.06068682298064232,0.002,1e-05,1.0,1.0,False,False,multimodal,psd-fc-wpli,gated,cnn,True,finetune,segssl_barlow_all-patient_psd-fc-wpli_finetune_seed7_pre20_proj32_mask0_03_noise0_02_mlp1_0_sup100,True,barlow,psd,all-patient,True,7,1.0,0.1,32,0.03,0.02
multimodal_psd-fc-wpli_gated_cnn,1,sub05,sub01;sub08;sub09;sub10;sub11;sub13;sub14;sub15;sub16;sub17;sub18;sub20;sub22;sub24;sub27;sub28;sub29,sub07,41,0.07548687607049942,0.07388190180063248,0.002,1e-05,1.0,1.0,False,False,multimodal,psd-fc-wpli,gated,cnn,True,finetune,segssl_barlow_all-patient_psd-fc-wpli_finetune_seed7_pre20_proj32_mask0_03_noise0_02_mlp1_0_sup100,True,barlow,psd,all-patient,True,7,1.0,0.1,32,0.03,0.02
multimodal_psd-fc-wpli_gated_cnn,1,sub05,sub01;sub08;sub09;sub10;sub11;sub13;sub14;sub15;sub16;sub17;sub18;sub20;sub22;sub24;sub27;sub28;sub29,sub07,42,0.06239420548081398,0.09165782481431961,0.002,1e-05,1.0,1.0,False,False,multimodal,psd-fc-wpli,gated,cnn,True,finetune,segssl_barlow_all-patient_psd-fc-wpli_finetune_seed7_pre20_proj32_mask0_03_noise0_02_mlp1_0_sup100,True,barlow,psd,all-patient,True,7,1.0,0.1,32,0.03,0.02
multimodal_psd-fc-wpli_gated_cnn,1,sub05,sub01;sub08;sub09;sub10;sub11;sub13;sub14;sub15;sub16;sub17;sub18;sub20;sub22;sub24;sub27;sub28;sub29,sub07,43,0.051314227283000946,0.10390111804008484,0.002,1e-05,1.0,1.0,False,False,multimodal,psd-fc-wpli,gated,cnn,True,finetune,segssl_barlow_all-patient_psd-fc-wpli_finetune_seed7_pre20_proj32_mask0_03_noise0_02_mlp1_0_sup100,True,barlow,psd,all-patient,True,7,1.0,0.1,32,0.03,0.02
multimodal_psd-fc-wpli_gated_cnn,1,sub05,sub01;sub08;sub09;sub10;sub11;sub13;sub14;sub15;sub16;sub17;sub18;sub20;sub22;sub24;sub27;sub28;sub29,sub07,44,0.04205069690942764,0.10558772832155228,0.002,1e-05,1.0,1.0,False,False,multimodal,psd-fc-wpli,gated,cnn,True,finetune,segssl_barlow_all-patient_psd-fc-wpli_finetune_seed7_pre20_proj32_mask0_03_noise0_02_mlp1_0_sup100,True,barlow,psd,all-patient,True,7,1.0,0.1,32,0.03,0.02
multimodal_psd-fc-wpli_gated_cnn,1,sub05,sub01;sub08;sub09;sub10;sub11;sub13;sub14;sub15;sub16;sub17;sub18;sub20;sub22;sub24;sub27;sub28;sub29,sub07,45,0.03436969220638275,0.09622365236282349,0.002,1e-05,1.0,1.0,False,False,multimodal,psd-fc-wpli,gated,cnn,True,finetune,segssl_barlow_all-patient_psd-fc-wpli_finetune_seed7_pre20_proj32_mask0_03_noise0_02_mlp1_0_sup100,True,barlow,psd,all-patient,True,7,1.0,0.1,32,0.03,0.02
multimodal_psd-fc-wpli_gated_cnn,1,sub05,sub01;sub08;sub09;sub10;sub11;sub13;sub14;sub15;sub16;sub17;sub18;sub20;sub22;sub24;sub27;sub28;sub29,sub07,46,0.02806166373193264,0.08037159591913223,0.002,1e-05,1.0,1.0,False,False,multimodal,psd-fc-wpli,gated,cnn,True,finetune,segssl_barlow_all-patient_psd-fc-wpli_finetune_seed7_pre20_proj32_mask0_03_noise0_02_mlp1_0_sup100,True,barlow,psd,all-patient,True,7,1.0,0.1,32,0.03,0.02
multimodal_psd-fc-wpli_gated_cnn,1,sub05,sub01;sub08;sub09;sub10;sub11;sub13;sub14;sub15;sub16;sub17;sub18;sub20;sub22;sub24;sub27;sub28;sub29,sub07,47,0.02290663868188858,0.06379334628582001,0.002,1e-05,1.0,1.0,False,False,multimodal,psd-fc-wpli,gated,cnn,True,finetune,segssl_barlow_all-patient_psd-fc-wpli_finetune_seed7_pre20_proj32_mask0_03_noise0_02_mlp1_0_sup100,True,barlow,psd,all-patient,True,7,1.0,0.1,32,0.03,0.02
multimodal_psd-fc-wpli_gated_cnn,1,sub05,sub01;sub08;sub09;sub10;sub11;sub13;sub14;sub15;sub16;sub17;sub18;sub20;sub22;sub24;sub27;sub28;sub29,sub07,48,0.01872020587325096,0.049858458340168,0.002,1e-05,1.0,1.0,True,False,multimodal,psd-fc-wpli,gated,cnn,True,finetune,segssl_barlow_all-patient_psd-fc-wpli_finetune_seed7_pre20_proj32_mask0_03_noise0_02_mlp1_0_sup100,True,barlow,psd,all-patient,True,7,1.0,0.1,32,0.03,0.02
multimodal_psd-fc-wpli_gated_cnn,1,sub05,sub01;sub08;sub09;sub10;sub11;sub13;sub14;sub15;sub16;sub17;sub18;sub20;sub22;sub24;sub27;sub28;sub29,sub07,49,0.015340115875005722,0.03836873173713684,0.002,1e-05,1.0,1.0,True,False,multimodal,psd-fc-wpli,gated,cnn,True,finetune,segssl_barlow_all-patient_psd-fc-wpli_finetune_seed7_pre20_proj32_mask0_03_noise0_02_mlp1_0_sup100,True,barlow,psd,all-patient,True,7,1.0,0.1,32,0.03,0.02
multimodal_psd-fc-wpli_gated_cnn,1,sub05,sub01;sub08;sub09;sub10;sub11;sub13;sub14;sub15;sub16;sub17;sub18;sub20;sub22;sub24;sub27;sub28;sub29,sub07,50,0.012638924643397331,0.02918429486453533,0.002,1e-05,1.0,1.0,True,False,multimodal,psd-fc-wpli,gated,cnn,True,finetune,segssl_barlow_all-patient_psd-fc-wpli_finetune_seed7_pre20_proj32_mask0_03_noise0_02_mlp1_0_sup100,True,barlow,psd,all-patient,True,7,1.0,0.1,32,0.03,0.02
multimodal_psd-fc-wpli_gated_cnn,1,sub05,sub01;sub08;sub09;sub10;sub11;sub13;sub14;sub15;sub16;sub17;sub18;sub20;sub22;sub24;sub27;sub28;sub29,sub07,51,0.010466249659657478,0.02149313874542713,0.002,1e-05,1.0,1.0,True,False,multimodal,psd-fc-wpli,gated,cnn,True,finetune,segssl_barlow_all-patient_psd-fc-wpli_finetune_seed7_pre20_proj32_mask0_03_noise0_02_mlp1_0_sup100,True,barlow,psd,all-patient,True,7,1.0,0.1,32,0.03,0.02
multimodal_psd-fc-wpli_gated_cnn,1,sub05,sub01;sub08;sub09;sub10;sub11;sub13;sub14;sub15;sub16;sub17;sub18;sub20;sub22;sub24;sub27;sub28;sub29,sub07,52,0.008712789043784142,0.0157073512673378,0.002,1e-05,1.0,1.0,True,False,multimodal,psd-fc-wpli,gated,cnn,True,finetune,segssl_barlow_all-patient_psd-fc-wpli_finetune_seed7_pre20_proj32_mask0_03_noise0_02_mlp1_0_sup100,True,barlow,psd,all-patient,True,7,1.0,0.1,32,0.03,0.02
multimodal_psd-fc-wpli_gated_cnn,1,sub05,sub01;sub08;sub09;sub10;sub11;sub13;sub14;sub15;sub16;sub17;sub18;sub20;sub22;sub24;sub27;sub28;sub29,sub07,53,0.007295379880815744,0.011495457030832767,0.002,1e-05,1.0,1.0,True,False,multimodal,psd-fc-wpli,gated,cnn,True,finetune,segssl_barlow_all-patient_psd-fc-wpli_finetune_seed7_pre20_proj32_mask0_03_noise0_02_mlp1_0_sup100,True,barlow,psd,all-patient,True,7,1.0,0.1,32,0.03,0.02
multimodal_psd-fc-wpli_gated_cnn,1,sub05,sub01;sub08;sub09;sub10;sub11;sub13;sub14;sub15;sub16;sub17;sub18;sub20;sub22;sub24;sub27;sub28;sub29,sub07,54,0.006145770661532879,0.008534441702067852,0.002,1e-05,1.0,1.0,True,False,multimodal,psd-fc-wpli,gated,cnn,True,finetune,segssl_barlow_all-patient_psd-fc-wpli_finetune_seed7_pre20_proj32_mask0_03_noise0_02_mlp1_0_sup100,True,barlow,psd,all-patient,True,7,1.0,0.1,32,0.03,0.02
multimodal_psd-fc-wpli_gated_cnn,1,sub05,sub01;sub08;sub09;sub10;sub11;sub13;sub14;sub15;sub16;sub17;sub18;sub20;sub22;sub24;sub27;sub28;sub29,sub07,55,0.005210844334214926,0.006455123424530029,0.002,1e-05,1.0,1.0,True,False,multimodal,psd-fc-wpli,gated,cnn,True,finetune,segssl_barlow_all-patient_psd-fc-wpli_finetune_seed7_pre20_proj32_mask0_03_noise0_02_mlp1_0_sup100,True,barlow,psd,all-patient,True,7,1.0,0.1,32,0.03,0.02
multimodal_psd-fc-wpli_gated_cnn,1,sub05,sub01;sub08;sub09;sub10;sub11;sub13;sub14;sub15;sub16;sub17;sub18;sub20;sub22;sub24;sub27;sub28;sub29,sub07,56,0.004449975211173296,0.005053503438830376,0.002,1e-05,1.0,1.0,True,False,multimodal,psd-fc-wpli,gated,cnn,True,finetune,segssl_barlow_all-patient_psd-fc-wpli_finetune_seed7_pre20_proj32_mask0_03_noise0_02_mlp1_0_sup100,True,barlow,psd,all-patient,True,7,1.0,0.1,32,0.03,0.02
multimodal_psd-fc-wpli_gated_cnn,1,sub05,sub01;sub08;sub09;sub10;sub11;sub13;sub14;sub15;sub16;sub17;sub18;sub20;sub22;sub24;sub27;sub28;sub29,sub07,57,0.0038274640683084726,0.004053662996739149,0.002,1e-05,1.0,1.0,True,False,multimodal,psd-fc-wpli,gated,cnn,True,finetune,segssl_barlow_all-patient_psd-fc-wpli_finetune_seed7_pre20_proj32_mask0_03_noise0_02_mlp1_0_sup100,True,barlow,psd,all-patient,True,7,1.0,0.1,32,0.03,0.02
multimodal_psd-fc-wpli_gated_cnn,1,sub05,sub01;sub08;sub09;sub10;sub11;sub13;sub14;sub15;sub16;sub17;sub18;sub20;sub22;sub24;sub27;sub28;sub29,sub07,58,0.003315306268632412,0.003322083968669176,0.002,1e-05,1.0,1.0,True,False,multimodal,psd-fc-wpli,gated,cnn,True,finetune,segssl_barlow_all-patient_psd-fc-wpli_finetune_seed7_pre20_proj32_mask0_03_noise0_02_mlp1_0_sup100,True,barlow,psd,all-patient,True,7,1.0,0.1,32,0.03,0.02
multimodal_psd-fc-wpli_gated_cnn,1,sub05,sub01;sub08;sub09;sub10;sub11;sub13;sub14;sub15;sub16;sub17;sub18;sub20;sub22;sub24;sub27;sub28;sub29,sub07,59,0.0028923223726451397,0.0027711831498891115,0.002,1e-05,1.0,1.0,True,False,multimodal,psd-fc-wpli,gated,cnn,True,finetune,segssl_barlow_all-patient_psd-fc-wpli_finetune_seed7_pre20_proj32_mask0_03_noise0_02_mlp1_0_sup100,True,barlow,psd,all-patient,True,7,1.0,0.1,32,0.03,0.02
multimodal_psd-fc-wpli_gated_cnn,1,sub05,sub01;sub08;sub09;sub10;sub11;sub13;sub14;sub15;sub16;sub17;sub18;sub20;sub22;sub24;sub27;sub28;sub29,sub07,60,0.0025413313414901495,0.00235635950230062,0.002,1e-05,1.0,1.0,True,False,multimodal,psd-fc-wpli,gated,cnn,True,finetune,segssl_barlow_all-patient_psd-fc-wpli_finetune_seed7_pre20_proj32_mask0_03_noise0_02_mlp1_0_sup100,True,barlow,psd,all-patient,True,7,1.0,0.1,32,0.03,0.02
multimodal_psd-fc-wpli_gated_cnn,1,sub05,sub01;sub08;sub09;sub10;sub11;sub13;sub14;sub15;sub16;sub17;sub18;sub20;sub22;sub24;sub27;sub28;sub29,sub07,61,0.0022486820816993713,0.002032885793596506,0.002,1e-05,1.0,1.0,True,False,multimodal,psd-fc-wpli,gated,cnn,True,finetune,segssl_barlow_all-patient_psd-fc-wpli_finetune_seed7_pre20_proj32_mask0_03_noise0_02_mlp1_0_sup100,True,barlow,psd,all-patient,True,7,1.0,0.1,32,0.03,0.02
multimodal_psd-fc-wpli_gated_cnn,1,sub05,sub01;sub08;sub09;sub10;sub11;sub13;sub14;sub15;sub16;sub17;sub18;sub20;sub22;sub24;sub27;sub28;sub29,sub07,62,0.002003338886424899,0.001776058808900416,0.002,1e-05,1.0,1.0,True,False,multimodal,psd-fc-wpli,gated,cnn,True,finetune,segssl_barlow_all-patient_psd-fc-wpli_finetune_seed7_pre20_proj32_mask0_03_noise0_02_mlp1_0_sup100,True,barlow,psd,all-patient,True,7,1.0,0.1,32,0.03,0.02
multimodal_psd-fc-wpli_gated_cnn,1,sub05,sub01;sub08;sub09;sub10;sub11;sub13;sub14;sub15;sub16;sub17;sub18;sub20;sub22;sub24;sub27;sub28;sub29,sub07,63,0.0017965111183002591,0.001565369893796742,0.002,1e-05,1.0,1.0,True,False,multimodal,psd-fc-wpli,gated,cnn,True,finetune,segssl_barlow_all-patient_psd-fc-wpli_finetune_seed7_pre20_proj32_mask0_03_noise0_02_mlp1_0_sup100,True,barlow,psd,all-patient,True,7,1.0,0.1,32,0.03,0.02
multimodal_psd-fc-wpli_gated_cnn,1,sub05,sub01;sub08;sub09;sub10;sub11;sub13;sub14;sub15;sub16;sub17;sub18;sub20;sub22;sub24;sub27;sub28;sub29,sub07,64,0.0016214658971875906,0.001390357268974185,0.002,1e-05,1.0,1.0,True,False,multimodal,psd-fc-wpli,gated,cnn,True,finetune,segssl_barlow_all-patient_psd-fc-wpli_finetune_seed7_pre20_proj32_mask0_03_noise0_02_mlp1_0_sup100,True,barlow,psd,all-patient,True,7,1.0,0.1,32,0.03,0.02
multimodal_psd-fc-wpli_gated_cnn,1,sub05,sub01;sub08;sub09;sub10;sub11;sub13;sub14;sub15;sub16;sub17;sub18;sub20;sub22;sub24;sub27;sub28;sub29,sub07,65,0.0014725485816597939,0.0012432720977813005,0.002,1e-05,1.0,1.0,True,False,multimodal,psd-fc-wpli,gated,cnn,True,finetune,segssl_barlow_all-patient_psd-fc-wpli_finetune_seed7_pre20_proj32_mask0_03_noise0_02_mlp1_0_sup100,True,barlow,psd,all-patient,True,7,1.0,0.1,32,0.03,0.02
multimodal_psd-fc-wpli_gated_cnn,1,sub05,sub01;sub08;sub09;sub10;sub11;sub13;sub14;sub15;sub16;sub17;sub18;sub20;sub22;sub24;sub27;sub28;sub29,sub07,66,0.0013451448176056147,0.001119697350077331,0.002,1e-05,1.0,1.0,True,False,multimodal,psd-fc-wpli,gated,cnn,True,finetune,segssl_barlow_all-patient_psd-fc-wpli_finetune_seed7_pre20_proj32_mask0_03_noise0_02_mlp1_0_sup100,True,barlow,psd,all-patient,True,7,1.0,0.1,32,0.03,0.02
multimodal_psd-fc-wpli_gated_cnn,1,sub05,sub01;sub08;sub09;sub10;sub11;sub13;sub14;sub15;sub16;sub17;sub18;sub20;sub22;sub24;sub27;sub28;sub29,sub07,67,0.0012357165105640888,0.001016936614178121,0.002,1e-05,1.0,1.0,True,False,multimodal,psd-fc-wpli,gated,cnn,True,finetune,segssl_barlow_all-patient_psd-fc-wpli_finetune_seed7_pre20_proj32_mask0_03_noise0_02_mlp1_0_sup100,True,barlow,psd,all-patient,True,7,1.0,0.1,32,0.03,0.02
multimodal_psd-fc-wpli_gated_cnn,1,sub05,sub01;sub08;sub09;sub10;sub11;sub13;sub14;sub15;sub16;sub17;sub18;sub20;sub22;sub24;sub27;sub28;sub29,sub07,68,0.0011411942541599274,0.0009281008969992399,0.002,1e-05,1.0,1.0,True,False,multimodal,psd-fc-wpli,gated,cnn,True,finetune,segssl_barlow_all-patient_psd-fc-wpli_finetune_seed7_pre20_proj32_mask0_03_noise0_02_mlp1_0_sup100,True,barlow,psd,all-patient,True,7,1.0,0.1,32,0.03,0.02
multimodal_psd-fc-wpli_gated_cnn,1,sub05,sub01;sub08;sub09;sub10;sub11;sub13;sub14;sub15;sub16;sub17;sub18;sub20;sub22;sub24;sub27;sub28;sub29,sub07,69,0.00105925346724689,0.0008508712635375559,0.002,1e-05,1.0,1.0,True,False,multimodal,psd-fc-wpli,gated,cnn,True,finetune,segssl_barlow_all-patient_psd-fc-wpli_finetune_seed7_pre20_proj32_mask0_03_noise0_02_mlp1_0_sup100,True,barlow,psd,all-patient,True,7,1.0,0.1,32,0.03,0.02
multimodal_psd-fc-wpli_gated_cnn,1,sub05,sub01;sub08;sub09;sub10;sub11;sub13;sub14;sub15;sub16;sub17;sub18;sub20;sub22;sub24;sub27;sub28;sub29,sub07,70,0.000987880164757371,0.0007833835552446544,0.002,1e-05,1.0,1.0,True,False,multimodal,psd-fc-wpli,gated,cnn,True,finetune,segssl_barlow_all-patient_psd-fc-wpli_finetune_seed7_pre20_proj32_mask0_03_noise0_02_mlp1_0_sup100,True,barlow,psd,all-patient,True,7,1.0,0.1,32,0.03,0.02
multimodal_psd-fc-wpli_gated_cnn,1,sub05,sub01;sub08;sub09;sub10;sub11;sub13;sub14;sub15;sub16;sub17;sub18;sub20;sub22;sub24;sub27;sub28;sub29,sub07,71,0.0009254320175386965,0.0007241590647026896,0.002,1e-05,1.0,1.0,True,False,multimodal,psd-fc-wpli,gated,cnn,True,finetune,segssl_barlow_all-patient_psd-fc-wpli_finetune_seed7_pre20_proj32_mask0_03_noise0_02_mlp1_0_sup100,True,barlow,psd,all-patient,True,7,1.0,0.1,32,0.03,0.02
multimodal_psd-fc-wpli_gated_cnn,1,sub05,sub01;sub08;sub09;sub10;sub11;sub13;sub14;sub15;sub16;sub17;sub18;sub20;sub22;sub24;sub27;sub28;sub29,sub07,72,0.0008706520893611014,0.0006721703102812171,0.002,1e-05,1.0,1.0,True,False,multimodal,psd-fc-wpli,gated,cnn,True,finetune,segssl_barlow_all-patient_psd-fc-wpli_finetune_seed7_pre20_proj32_mask0_03_noise0_02_mlp1_0_sup100,True,barlow,psd,all-patient,True,7,1.0,0.1,32,0.03,0.02
multimodal_psd-fc-wpli_gated_cnn,1,sub05,sub01;sub08;sub09;sub10;sub11;sub13;sub14;sub15;sub16;sub17;sub18;sub20;sub22;sub24;sub27;sub28;sub29,sub07,73,0.0008223060285672545,0.0006263763061724603,0.002,1e-05,1.0,1.0,True,False,multimodal,psd-fc-wpli,gated,cnn,True,finetune,segssl_barlow_all-patient_psd-fc-wpli_finetune_seed7_pre20_proj32_mask0_03_noise0_02_mlp1_0_sup100,True,barlow,psd,all-patient,True,7,1.0,0.1,32,0.03,0.02
multimodal_psd-fc-wpli_gated_cnn,1,sub05,sub01;sub08;sub09;sub10;sub11;sub13;sub14;sub15;sub16;sub17;sub18;sub20;sub22;sub24;sub27;sub28;sub29,sub07,74,0.0007794443517923355,0.0005858354852534831,0.002,1e-05,1.0,1.0,True,False,multimodal,psd-fc-wpli,gated,cnn,True,finetune,segssl_barlow_all-patient_psd-fc-wpli_finetune_seed7_pre20_proj32_mask0_03_noise0_02_mlp1_0_sup100,True,barlow,psd,all-patient,True,7,1.0,0.1,32,0.03,0.02
multimodal_psd-fc-wpli_gated_cnn,1,sub05,sub01;sub08;sub09;sub10;sub11;sub13;sub14;sub15;sub16;sub17;sub18;sub20;sub22;sub24;sub27;sub28;sub29,sub07,75,0.0007413064013235271,0.000550000520888716,0.002,1e-05,1.0,1.0,True,False,multimodal,psd-fc-wpli,gated,cnn,True,finetune,segssl_barlow_all-patient_psd-fc-wpli_finetune_seed7_pre20_proj32_mask0_03_noise0_02_mlp1_0_sup100,True,barlow,psd,all-patient,True,7,1.0,0.1,32,0.03,0.02
multimodal_psd-fc-wpli_gated_cnn,1,sub05,sub01;sub08;sub09;sub10;sub11;sub13;sub14;sub15;sub16;sub17;sub18;sub20;sub22;sub24;sub27;sub28;sub29,sub07,76,0.000707219063770026,0.0005181739688850939,0.002,1e-05,1.0,1.0,True,False,multimodal,psd-fc-wpli,gated,cnn,True,finetune,segssl_barlow_all-patient_psd-fc-wpli_finetune_seed7_pre20_proj32_mask0_03_noise0_02_mlp1_0_sup100,True,barlow,psd,all-patient,True,7,1.0,0.1,32,0.03,0.02
multimodal_psd-fc-wpli_gated_cnn,1,sub05,sub01;sub08;sub09;sub10;sub11;sub13;sub14;sub15;sub16;sub17;sub18;sub20;sub22;sub24;sub27;sub28;sub29,sub07,77,0.0006766603328287601,0.0004900682251900434,0.002,1e-05,1.0,1.0,True,False,multimodal,psd-fc-wpli,gated,cnn,True,finetune,segssl_barlow_all-patient_psd-fc-wpli_finetune_seed7_pre20_proj32_mask0_03_noise0_02_mlp1_0_sup100,True,barlow,psd,all-patient,True,7,1.0,0.1,32,0.03,0.02
multimodal_psd-fc-wpli_gated_cnn,1,sub05,sub01;sub08;sub09;sub10;sub11;sub13;sub14;sub15;sub16;sub17;sub18;sub20;sub22;sub24;sub27;sub28;sub29,sub07,78,0.0006491999374702573,0.0004650917835533619,0.002,1e-05,1.0,1.0,True,False,multimodal,psd-fc-wpli,gated,cnn,True,finetune,segssl_barlow_all-patient_psd-fc-wpli_finetune_seed7_pre20_proj32_mask0_03_noise0_02_mlp1_0_sup100,True,barlow,psd,all-patient,True,7,1.0,0.1,32,0.03,0.02
multimodal_psd-fc-wpli_gated_cnn,1,sub05,sub01;sub08;sub09;sub10;sub11;sub13;sub14;sub15;sub16;sub17;sub18;sub20;sub22;sub24;sub27;sub28;sub29,sub07,79,0.0006244025425985456,0.00044277324923314154,0.002,1e-05,1.0,1.0,True,False,multimodal,psd-fc-wpli,gated,cnn,True,finetune,segssl_barlow_all-patient_psd-fc-wpli_finetune_seed7_pre20_proj32_mask0_03_noise0_02_mlp1_0_sup100,True,barlow,psd,all-patient,True,7,1.0,0.1,32,0.03,0.02
multimodal_psd-fc-wpli_gated_cnn,1,sub05,sub01;sub08;sub09;sub10;sub11;sub13;sub14;sub15;sub16;sub17;sub18;sub20;sub22;sub24;sub27;sub28;sub29,sub07,80,0.0006019450374878943,0.0004226767341606319,0.002,1e-05,1.0,1.0,True,False,multimodal,psd-fc-wpli,gated,cnn,True,finetune,segssl_barlow_all-patient_psd-fc-wpli_finetune_seed7_pre20_proj32_mask0_03_noise0_02_mlp1_0_sup100,True,barlow,psd,all-patient,True,7,1.0,0.1,32,0.03,0.02
multimodal_psd-fc-wpli_gated_cnn,1,sub05,sub01;sub08;sub09;sub10;sub11;sub13;sub14;sub15;sub16;sub17;sub18;sub20;sub22;sub24;sub27;sub28;sub29,sub07,81,0.0005815145559608936,0.0004044285451527685,0.002,1e-05,1.0,1.0,True,False,multimodal,psd-fc-wpli,gated,cnn,True,finetune,segssl_barlow_all-patient_psd-fc-wpli_finetune_seed7_pre20_proj32_mask0_03_noise0_02_mlp1_0_sup100,True,barlow,psd,all-patient,True,7,1.0,0.1,32,0.03,0.02
multimodal_psd-fc-wpli_gated_cnn,1,sub05,sub01;sub08;sub09;sub10;sub11;sub13;sub14;sub15;sub16;sub17;sub18;sub20;sub22;sub24;sub27;sub28;sub29,sub07,82,0.0005629057995975018,0.00038772012339904904,0.002,1e-05,1.0,1.0,True,False,multimodal,psd-fc-wpli,gated,cnn,True,finetune,segssl_barlow_all-patient_psd-fc-wpli_finetune_seed7_pre20_proj32_mask0_03_noise0_02_mlp1_0_sup100,True,barlow,psd,all-patient,True,7,1.0,0.1,32,0.03,0.02
multimodal_psd-fc-wpli_gated_cnn,1,sub05,sub01;sub08;sub09;sub10;sub11;sub13;sub14;sub15;sub16;sub17;sub18;sub20;sub22;sub24;sub27;sub28;sub29,sub07,83,0.0005458816885948181,0.0003723132249433547,0.002,1e-05,1.0,1.0,True,False,multimodal,psd-fc-wpli,gated,cnn,True,finetune,segssl_barlow_all-patient_psd-fc-wpli_finetune_seed7_pre20_proj32_mask0_03_noise0_02_mlp1_0_sup100,True,barlow,psd,all-patient,True,7,1.0,0.1,32,0.03,0.02
multimodal_psd-fc-wpli_gated_cnn,1,sub05,sub01;sub08;sub09;sub10;sub11;sub13;sub14;sub15;sub16;sub17;sub18;sub20;sub22;sub24;sub27;sub28;sub29,sub07,84,0.000530301476828754,0.00035798593307845294,0.002,1e-05,1.0,1.0,True,False,multimodal,psd-fc-wpli,gated,cnn,True,finetune,segssl_barlow_all-patient_psd-fc-wpli_finetune_seed7_pre20_proj32_mask0_03_noise0_02_mlp1_0_sup100,True,barlow,psd,all-patient,True,7,1.0,0.1,32,0.03,0.02
multimodal_psd-fc-wpli_gated_cnn,1,sub05,sub01;sub08;sub09;sub10;sub11;sub13;sub14;sub15;sub16;sub17;sub18;sub20;sub22;sub24;sub27;sub28;sub29,sub07,85,0.0005159549182280898,0.0003447201452217996,0.002,1e-05,1.0,1.0,True,False,multimodal,psd-fc-wpli,gated,cnn,True,finetune,segssl_barlow_all-patient_psd-fc-wpli_finetune_seed7_pre20_proj32_mask0_03_noise0_02_mlp1_0_sup100,True,barlow,psd,all-patient,True,7,1.0,0.1,32,0.03,0.02
multimodal_psd-fc-wpli_gated_cnn,1,sub05,sub01;sub08;sub09;sub10;sub11;sub13;sub14;sub15;sub16;sub17;sub18;sub20;sub22;sub24;sub27;sub28;sub29,sub07,86,0.0005027702427469194,0.00033233396243304014,0.002,1e-05,1.0,1.0,True,False,multimodal,psd-fc-wpli,gated,cnn,True,finetune,segssl_barlow_all-patient_psd-fc-wpli_finetune_seed7_pre20_proj32_mask0_03_noise0_02_mlp1_0_sup100,True,barlow,psd,all-patient,True,7,1.0,0.1,32,0.03,0.02
multimodal_psd-fc-wpli_gated_cnn,1,sub05,sub01;sub08;sub09;sub10;sub11;sub13;sub14;sub15;sub16;sub17;sub18;sub20;sub22;sub24;sub27;sub28;sub29,sub07,87,0.0004905823734588921,0.00032068119617179036,0.002,1e-05,1.0,1.0,True,False,multimodal,psd-fc-wpli,gated,cnn,True,finetune,segssl_barlow_all-patient_psd-fc-wpli_finetune_seed7_pre20_proj32_mask0_03_noise0_02_mlp1_0_sup100,True,barlow,psd,all-patient,True,7,1.0,0.1,32,0.03,0.02
multimodal_psd-fc-wpli_gated_cnn,1,sub05,sub01;sub08;sub09;sub10;sub11;sub13;sub14;sub15;sub16;sub17;sub18;sub20;sub22;sub24;sub27;sub28;sub29,sub07,88,0.0004792752442881465,0.0003097158332820982,0.002,1e-05,1.0,1.0,True,False,multimodal,psd-fc-wpli,gated,cnn,True,finetune,segssl_barlow_all-patient_psd-fc-wpli_finetune_seed7_pre20_proj32_mask0_03_noise0_02_mlp1_0_sup100,True,barlow,psd,all-patient,True,7,1.0,0.1,32,0.03,0.02
multimodal_psd-fc-wpli_gated_cnn,1,sub05,sub01;sub08;sub09;sub10;sub11;sub13;sub14;sub15;sub16;sub17;sub18;sub20;sub22;sub24;sub27;sub28;sub29,sub07,89,0.0004687657637987286,0.0002996546681970358,0.002,1e-05,1.0,1.0,True,False,multimodal,psd-fc-wpli,gated,cnn,True,finetune,segssl_barlow_all-patient_psd-fc-wpli_finetune_seed7_pre20_proj32_mask0_03_noise0_02_mlp1_0_sup100,True,barlow,psd,all-patient,True,7,1.0,0.1,32,0.03,0.02
multimodal_psd-fc-wpli_gated_cnn,1,sub05,sub01;sub08;sub09;sub10;sub11;sub13;sub14;sub15;sub16;sub17;sub18;sub20;sub22;sub24;sub27;sub28;sub29,sub07,90,0.0004589553573168814,0.0002902198175434023,0.002,1e-05,1.0,1.0,True,False,multimodal,psd-fc-wpli,gated,cnn,True,finetune,segssl_barlow_all-patient_psd-fc-wpli_finetune_seed7_pre20_proj32_mask0_03_noise0_02_mlp1_0_sup100,True,barlow,psd,all-patient,True,7,1.0,0.1,32,0.03,0.02
multimodal_psd-fc-wpli_gated_cnn,1,sub05,sub01;sub08;sub09;sub10;sub11;sub13;sub14;sub15;sub16;sub17;sub18;sub20;sub22;sub24;sub27;sub28;sub29,sub07,91,0.0004497983318287879,0.00028119998751208186,0.002,1e-05,1.0,1.0,True,False,multimodal,psd-fc-wpli,gated,cnn,True,finetune,segssl_barlow_all-patient_psd-fc-wpli_finetune_seed7_pre20_proj32_mask0_03_noise0_02_mlp1_0_sup100,True,barlow,psd,all-patient,True,7,1.0,0.1,32,0.03,0.02
multimodal_psd-fc-wpli_gated_cnn,1,sub05,sub01;sub08;sub09;sub10;sub11;sub13;sub14;sub15;sub16;sub17;sub18;sub20;sub22;sub24;sub27;sub28;sub29,sub07,92,0.00044119684025645256,0.0002725950034800917,0.002,1e-05,1.0,1.0,True,False,multimodal,psd-fc-wpli,gated,cnn,True,finetune,segssl_barlow_all-patient_psd-fc-wpli_finetune_seed7_pre20_proj32_mask0_03_noise0_02_mlp1_0_sup100,True,barlow,psd,all-patient,True,7,1.0,0.1,32,0.03,0.02
multimodal_psd-fc-wpli_gated_cnn,1,sub05,sub01;sub08;sub09;sub10;sub11;sub13;sub14;sub15;sub16;sub17;sub18;sub20;sub22;sub24;sub27;sub28;sub29,sub07,93,0.00043308010208420455,0.0002643496263772249,0.002,1e-05,1.0,1.0,True,False,multimodal,psd-fc-wpli,gated,cnn,True,finetune,segssl_barlow_all-patient_psd-fc-wpli_finetune_seed7_pre20_proj32_mask0_03_noise0_02_mlp1_0_sup100,True,barlow,psd,all-patient,True,7,1.0,0.1,32,0.03,0.02
multimodal_psd-fc-wpli_gated_cnn,1,sub05,sub01;sub08;sub09;sub10;sub11;sub13;sub14;sub15;sub16;sub17;sub18;sub20;sub22;sub24;sub27;sub28;sub29,sub07,94,0.00042536333785392344,0.0002563433372415602,0.002,1e-05,1.0,1.0,True,False,multimodal,psd-fc-wpli,gated,cnn,True,finetune,segssl_barlow_all-patient_psd-fc-wpli_finetune_seed7_pre20_proj32_mask0_03_noise0_02_mlp1_0_sup100,True,barlow,psd,all-patient,True,7,1.0,0.1,32,0.03,0.02
multimodal_psd-fc-wpli_gated_cnn,1,sub05,sub01;sub08;sub09;sub10;sub11;sub13;sub14;sub15;sub16;sub17;sub18;sub20;sub22;sub24;sub27;sub28;sub29,sub07,95,0.00041798828169703484,0.00024856554227881134,0.002,1e-05,1.0,1.0,True,False,multimodal,psd-fc-wpli,gated,cnn,True,finetune,segssl_barlow_all-patient_psd-fc-wpli_finetune_seed7_pre20_proj32_mask0_03_noise0_02_mlp1_0_sup100,True,barlow,psd,all-patient,True,7,1.0,0.1,32,0.03,0.02
multimodal_psd-fc-wpli_gated_cnn,1,sub05,sub01;sub08;sub09;sub10;sub11;sub13;sub14;sub15;sub16;sub17;sub18;sub20;sub22;sub24;sub27;sub28;sub29,sub07,96,0.00041089049773290753,0.00024098344147205353,0.002,1e-05,1.0,1.0,True,False,multimodal,psd-fc-wpli,gated,cnn,True,finetune,segssl_barlow_all-patient_psd-fc-wpli_finetune_seed7_pre20_proj32_mask0_03_noise0_02_mlp1_0_sup100,True,barlow,psd,all-patient,True,7,1.0,0.1,32,0.03,0.02
multimodal_psd-fc-wpli_gated_cnn,1,sub05,sub01;sub08;sub09;sub10;sub11;sub13;sub14;sub15;sub16;sub17;sub18;sub20;sub22;sub24;sub27;sub28;sub29,sub07,97,0.0004040025232825428,0.0002335439930902794,0.002,1e-05,1.0,1.0,True,False,multimodal,psd-fc-wpli,gated,cnn,True,finetune,segssl_barlow_all-patient_psd-fc-wpli_finetune_seed7_pre20_proj32_mask0_03_noise0_02_mlp1_0_sup100,True,barlow,psd,all-patient,True,7,1.0,0.1,32,0.03,0.02
multimodal_psd-fc-wpli_gated_cnn,1,sub05,sub01;sub08;sub09;sub10;sub11;sub13;sub14;sub15;sub16;sub17;sub18;sub20;sub22;sub24;sub27;sub28;sub29,sub07,98,0.0003973058774136007,0.0002262202324345708,0.002,1e-05,1.0,1.0,True,False,multimodal,psd-fc-wpli,gated,cnn,True,finetune,segssl_barlow_all-patient_psd-fc-wpli_finetune_seed7_pre20_proj32_mask0_03_noise0_02_mlp1_0_sup100,True,barlow,psd,all-patient,True,7,1.0,0.1,32,0.03,0.02
multimodal_psd-fc-wpli_gated_cnn,1,sub05,sub01;sub08;sub09;sub10;sub11;sub13;sub14;sub15;sub16;sub17;sub18;sub20;sub22;sub24;sub27;sub28;sub29,sub07,99,0.0003907633072230965,0.00021899242710787803,0.002,1e-05,1.0,1.0,True,False,multimodal,psd-fc-wpli,gated,cnn,True,finetune,segssl_barlow_all-patient_psd-fc-wpli_finetune_seed7_pre20_proj32_mask0_03_noise0_02_mlp1_0_sup100,True,barlow,psd,all-patient,True,7,1.0,0.1,32,0.03,0.02
multimodal_psd-fc-wpli_gated_cnn,1,sub05,sub01;sub08;sub09;sub10;sub11;sub13;sub14;sub15;sub16;sub17;sub18;sub20;sub22;sub24;sub27;sub28;sub29,sub07,100,0.0003843223094008863,0.00021188576647546142,0.002,1e-05,1.0,1.0,True,False,multimodal,psd-fc-wpli,gated,cnn,True,finetune,segssl_barlow_all-patient_psd-fc-wpli_finetune_seed7_pre20_proj32_mask0_03_noise0_02_mlp1_0_sup100,True,barlow,psd,all-patient,True,7,1.0,0.1,32,0.03,0.02
multimodal_psd-fc-wpli_gated_cnn,2,sub07,sub01;sub05;sub09;sub10;sub11;sub13;sub14;sub15;sub16;sub17;sub18;sub20;sub22;sub24;sub27;sub28;sub29,sub08,1,0.7114848494529724,0.6259598731994629,0.002,1e-05,1.0,1.0,True,False,multimodal,psd-fc-wpli,gated,cnn,True,finetune,segssl_barlow_all-patient_psd-fc-wpli_finetune_seed7_pre20_proj32_mask0_03_noise0_02_mlp1_0_sup100,True,barlow,psd,all-patient,True,7,1.0,0.1,32,0.03,0.02
multimodal_psd-fc-wpli_gated_cnn,2,sub07,sub01;sub05;sub09;sub10;sub11;sub13;sub14;sub15;sub16;sub17;sub18;sub20;sub22;sub24;sub27;sub28;sub29,sub08,2,0.7039801478385925,0.6261414289474487,0.002,1e-05,1.0,1.0,False,False,multimodal,psd-fc-wpli,gated,cnn,True,finetune,segssl_barlow_all-patient_psd-fc-wpli_finetune_seed7_pre20_proj32_mask0_03_noise0_02_mlp1_0_sup100,True,barlow,psd,all-patient,True,7,1.0,0.1,32,0.03,0.02
multimodal_psd-fc-wpli_gated_cnn,2,sub07,sub01;sub05;sub09;sub10;sub11;sub13;sub14;sub15;sub16;sub17;sub18;sub20;sub22;sub24;sub27;sub28;sub29,sub08,3,0.6977890133857727,0.6295435428619385,0.002,1e-05,1.0,1.0,False,False,multimodal,psd-fc-wpli,gated,cnn,True,finetune,segssl_barlow_all-patient_psd-fc-wpli_finetune_seed7_pre20_proj32_mask0_03_noise0_02_mlp1_0_sup100,True,barlow,psd,all-patient,True,7,1.0,0.1,32,0.03,0.02
multimodal_psd-fc-wpli_gated_cnn,2,sub07,sub01;sub05;sub09;sub10;sub11;sub13;sub14;sub15;sub16;sub17;sub18;sub20;sub22;sub24;sub27;sub28;sub29,sub08,4,0.6923010349273682,0.6339480876922607,0.002,1e-05,1.0,1.0,False,False,multimodal,psd-fc-wpli,gated,cnn,True,finetune,segssl_barlow_all-patient_psd-fc-wpli_finetune_seed7_pre20_proj32_mask0_03_noise0_02_mlp1_0_sup100,True,barlow,psd,all-patient,True,7,1.0,0.1,32,0.03,0.02
multimodal_psd-fc-wpli_gated_cnn,2,sub07,sub01;sub05;sub09;sub10;sub11;sub13;sub14;sub15;sub16;sub17;sub18;sub20;sub22;sub24;sub27;sub28;sub29,sub08,5,0.6863377094268799,0.6388744711875916,0.002,1e-05,1.0,1.0,False,False,multimodal,psd-fc-wpli,gated,cnn,True,finetune,segssl_barlow_all-patient_psd-fc-wpli_finetune_seed7_pre20_proj32_mask0_03_noise0_02_mlp1_0_sup100,True,barlow,psd,all-patient,True,7,1.0,0.1,32,0.03,0.02
multimodal_psd-fc-wpli_gated_cnn,2,sub07,sub01;sub05;sub09;sub10;sub11;sub13;sub14;sub15;sub16;sub17;sub18;sub20;sub22;sub24;sub27;sub28;sub29,sub08,6,0.6797323822975159,0.6454935669898987,0.002,1e-05,1.0,1.0,False,False,multimodal,psd-fc-wpli,gated,cnn,True,finetune,segssl_barlow_all-patient_psd-fc-wpli_finetune_seed7_pre20_proj32_mask0_03_noise0_02_mlp1_0_sup100,True,barlow,psd,all-patient,True,7,1.0,0.1,32,0.03,0.02
multimodal_psd-fc-wpli_gated_cnn,2,sub07,sub01;sub05;sub09;sub10;sub11;sub13;sub14;sub15;sub16;sub17;sub18;sub20;sub22;sub24;sub27;sub28;sub29,sub08,7,0.6726744174957275,0.6540722250938416,0.002,1e-05,1.0,1.0,False,False,multimodal,psd-fc-wpli,gated,cnn,True,finetune,segssl_barlow_all-patient_psd-fc-wpli_finetune_seed7_pre20_proj32_mask0_03_noise0_02_mlp1_0_sup100,True,barlow,psd,all-patient,True,7,1.0,0.1,32,0.03,0.02
multimodal_psd-fc-wpli_gated_cnn,2,sub07,sub01;sub05;sub09;sub10;sub11;sub13;sub14;sub15;sub16;sub17;sub18;sub20;sub22;sub24;sub27;sub28;sub29,sub08,8,0.6646690368652344,0.6638663411140442,0.002,1e-05,1.0,1.0,False,False,multimodal,psd-fc-wpli,gated,cnn,True,finetune,segssl_barlow_all-patient_psd-fc-wpli_finetune_seed7_pre20_proj32_mask0_03_noise0_02_mlp1_0_sup100,True,barlow,psd,all-patient,True,7,1.0,0.1,32,0.03,0.02
multimodal_psd-fc-wpli_gated_cnn,2,sub07,sub01;sub05;sub09;sub10;sub11;sub13;sub14;sub15;sub16;sub17;sub18;sub20;sub22;sub24;sub27;sub28;sub29,sub08,9,0.6559427976608276,0.6740776896476746,0.002,1e-05,1.0,1.0,False,False,multimodal,psd-fc-wpli,gated,cnn,True,finetune,segssl_barlow_all-patient_psd-fc-wpli_finetune_seed7_pre20_proj32_mask0_03_noise0_02_mlp1_0_sup100,True,barlow,psd,all-patient,True,7,1.0,0.1,32,0.03,0.02
multimodal_psd-fc-wpli_gated_cnn,2,sub07,sub01;sub05;sub09;sub10;sub11;sub13;sub14;sub15;sub16;sub17;sub18;sub20;sub22;sub24;sub27;sub28;sub29,sub08,10,0.6460072994232178,0.6868958473205566,0.002,1e-05,1.0,1.0,False,False,multimodal,psd-fc-wpli,gated,cnn,True,finetune,segssl_barlow_all-patient_psd-fc-wpli_finetune_seed7_pre20_proj32_mask0_03_noise0_02_mlp1_0_sup100,True,barlow,psd,all-patient,True,7,1.0,0.1,32,0.03,0.02
multimodal_psd-fc-wpli_gated_cnn,2,sub07,sub01;sub05;sub09;sub10;sub11;sub13;sub14;sub15;sub16;sub17;sub18;sub20;sub22;sub24;sub27;sub28;sub29,sub08,11,0.6346362829208374,0.7038367390632629,0.002,1e-05,1.0,1.0,False,False,multimodal,psd-fc-wpli,gated,cnn,True,finetune,segssl_barlow_all-patient_psd-fc-wpli_finetune_seed7_pre20_proj32_mask0_03_noise0_02_mlp1_0_sup100,True,barlow,psd,all-patient,True,7,1.0,0.1,32,0.03,0.02
multimodal_psd-fc-wpli_gated_cnn,2,sub07,sub01;sub05;sub09;sub10;sub11;sub13;sub14;sub15;sub16;sub17;sub18;sub20;sub22;sub24;sub27;sub28;sub29,sub08,12,0.6216168999671936,0.7312896251678467,0.002,1e-05,1.0,1.0,False,False,multimodal,psd-fc-wpli,gated,cnn,True,finetune,segssl_barlow_all-patient_psd-fc-wpli_finetune_seed7_pre20_proj32_mask0_03_noise0_02_mlp1_0_sup100,True,barlow,psd,all-patient,True,7,1.0,0.1,32,0.03,0.02
multimodal_psd-fc-wpli_gated_cnn,2,sub07,sub01;sub05;sub09;sub10;sub11;sub13;sub14;sub15;sub16;sub17;sub18;sub20;sub22;sub24;sub27;sub28;sub29,sub08,13,0.6071763038635254,0.7675610780715942,0.002,1e-05,1.0,1.0,False,False,multimodal,psd-fc-wpli,gated,cnn,True,finetune,segssl_barlow_all-patient_psd-fc-wpli_finetune_seed7_pre20_proj32_mask0_03_noise0_02_mlp1_0_sup100,True,barlow,psd,all-patient,True,7,1.0,0.1,32,0.03,0.02
multimodal_psd-fc-wpli_gated_cnn,2,sub07,sub01;sub05;sub09;sub10;sub11;sub13;sub14;sub15;sub16;sub17;sub18;sub20;sub22;sub24;sub27;sub28;sub29,sub08,14,0.5914527773857117,0.8161512613296509,0.002,1e-05,1.0,1.0,False,False,multimodal,psd-fc-wpli,gated,cnn,True,finetune,segssl_barlow_all-patient_psd-fc-wpli_finetune_seed7_pre20_proj32_mask0_03_noise0_02_mlp1_0_sup100,True,barlow,psd,all-patient,True,7,1.0,0.1,32,0.03,0.02
multimodal_psd-fc-wpli_gated_cnn,2,sub07,sub01;sub05;sub09;sub10;sub11;sub13;sub14;sub15;sub16;sub17;sub18;sub20;sub22;sub24;sub27;sub28;sub29,sub08,15,0.5748838782310486,0.8824485540390015,0.002,1e-05,1.0,1.0,False,False,multimodal,psd-fc-wpli,gated,cnn,True,finetune,segssl_barlow_all-patient_psd-fc-wpli_finetune_seed7_pre20_proj32_mask0_03_noise0_02_mlp1_0_sup100,True,barlow,psd,all-patient,True,7,1.0,0.1,32,0.03,0.02
multimodal_psd-fc-wpli_gated_cnn,2,sub07,sub01;sub05;sub09;sub10;sub11;sub13;sub14;sub15;sub16;sub17;sub18;sub20;sub22;sub24;sub27;sub28;sub29,sub08,16,0.5573391318321228,0.9692309498786926,0.002,1e-05,1.0,1.0,False,False,multimodal,psd-fc-wpli,gated,cnn,True,finetune,segssl_barlow_all-patient_psd-fc-wpli_finetune_seed7_pre20_proj32_mask0_03_noise0_02_mlp1_0_sup100,True,barlow,psd,all-patient,True,7,1.0,0.1,32,0.03,0.02
multimodal_psd-fc-wpli_gated_cnn,2,sub07,sub01;sub05;sub09;sub10;sub11;sub13;sub14;sub15;sub16;sub17;sub18;sub20;sub22;sub24;sub27;sub28;sub29,sub08,17,0.5391330718994141,1.0729889869689941,0.002,1e-05,1.0,1.0,False,False,multimodal,psd-fc-wpli,gated,cnn,True,finetune,segssl_barlow_all-patient_psd-fc-wpli_finetune_seed7_pre20_proj32_mask0_03_noise0_02_mlp1_0_sup100,True,barlow,psd,all-patient,True,7,1.0,0.1,32,0.03,0.02
multimodal_psd-fc-wpli_gated_cnn,2,sub07,sub01;sub05;sub09;sub10;sub11;sub13;sub14;sub15;sub16;sub17;sub18;sub20;sub22;sub24;sub27;sub28;sub29,sub08,18,0.5203223824501038,1.1914398670196533,0.002,1e-05,1.0,1.0,False,False,multimodal,psd-fc-wpli,gated,cnn,True,finetune,segssl_barlow_all-patient_psd-fc-wpli_finetune_seed7_pre20_proj32_mask0_03_noise0_02_mlp1_0_sup100,True,barlow,psd,all-patient,True,7,1.0,0.1,32,0.03,0.02
multimodal_psd-fc-wpli_gated_cnn,2,sub07,sub01;sub05;sub09;sub10;sub11;sub13;sub14;sub15;sub16;sub17;sub18;sub20;sub22;sub24;sub27;sub28;sub29,sub08,19,0.5011400580406189,1.3174906969070435,0.002,1e-05,1.0,1.0,False,False,multimodal,psd-fc-wpli,gated,cnn,True,finetune,segssl_barlow_all-patient_psd-fc-wpli_finetune_seed7_pre20_proj32_mask0_03_noise0_02_mlp1_0_sup100,True,barlow,psd,all-patient,True,7,1.0,0.1,32,0.03,0.02
multimodal_psd-fc-wpli_gated_cnn,2,sub07,sub01;sub05;sub09;sub10;sub11;sub13;sub14;sub15;sub16;sub17;sub18;sub20;sub22;sub24;sub27;sub28;sub29,sub08,20,0.481776624917984,1.4409725666046143,0.002,1e-05,1.0,1.0,False,False,multimodal,psd-fc-wpli,gated,cnn,True,finetune,segssl_barlow_all-patient_psd-fc-wpli_finetune_seed7_pre20_proj32_mask0_03_noise0_02_mlp1_0_sup100,True,barlow,psd,all-patient,True,7,1.0,0.1,32,0.03,0.02
multimodal_psd-fc-wpli_gated_cnn,2,sub07,sub01;sub05;sub09;sub10;sub11;sub13;sub14;sub15;sub16;sub17;sub18;sub20;sub22;sub24;sub27;sub28;sub29,sub08,21,0.4622635543346405,1.549021601676941,0.002,1e-05,1.0,1.0,False,False,multimodal,psd-fc-wpli,gated,cnn,True,finetune,segssl_barlow_all-patient_psd-fc-wpli_finetune_seed7_pre20_proj32_mask0_03_noise0_02_mlp1_0_sup100,True,barlow,psd,all-patient,True,7,1.0,0.1,32,0.03,0.02
multimodal_psd-fc-wpli_gated_cnn,2,sub07,sub01;sub05;sub09;sub10;sub11;sub13;sub14;sub15;sub16;sub17;sub18;sub20;sub22;sub24;sub27;sub28;sub29,sub08,22,0.4425937533378601,1.6287355422973633,0.002,1e-05,1.0,1.0,False,False,multimodal,psd-fc-wpli,gated,cnn,True,finetune,segssl_barlow_all-patient_psd-fc-wpli_finetune_seed7_pre20_proj32_mask0_03_noise0_02_mlp1_0_sup100,True,barlow,psd,all-patient,True,7,1.0,0.1,32,0.03,0.02
multimodal_psd-fc-wpli_gated_cnn,2,sub07,sub01;sub05;sub09;sub10;sub11;sub13;sub14;sub15;sub16;sub17;sub18;sub20;sub22;sub24;sub27;sub28;sub29,sub08,23,0.42286479473114014,1.6681015491485596,0.002,1e-05,1.0,1.0,False,False,multimodal,psd-fc-wpli,gated,cnn,True,finetune,segssl_barlow_all-patient_psd-fc-wpli_finetune_seed7_pre20_proj32_mask0_03_noise0_02_mlp1_0_sup100,True,barlow,psd,all-patient,True,7,1.0,0.1,32,0.03,0.02
multimodal_psd-fc-wpli_gated_cnn,2,sub07,sub01;sub05;sub09;sub10;sub11;sub13;sub14;sub15;sub16;sub17;sub18;sub20;sub22;sub24;sub27;sub28;sub29,sub08,24,0.40316975116729736,1.6891107559204102,0.002,1e-05,1.0,1.0,False,False,multimodal,psd-fc-wpli,gated,cnn,True,finetune,segssl_barlow_all-patient_psd-fc-wpli_finetune_seed7_pre20_proj32_mask0_03_noise0_02_mlp1_0_sup100,True,barlow,psd,all-patient,True,7,1.0,0.1,32,0.03,0.02
multimodal_psd-fc-wpli_gated_cnn,2,sub07,sub01;sub05;sub09;sub10;sub11;sub13;sub14;sub15;sub16;sub17;sub18;sub20;sub22;sub24;sub27;sub28;sub29,sub08,25,0.3835419714450836,1.6896860599517822,0.002,1e-05,1.0,1.0,False,False,multimodal,psd-fc-wpli,gated,cnn,True,finetune,segssl_barlow_all-patient_psd-fc-wpli_finetune_seed7_pre20_proj32_mask0_03_noise0_02_mlp1_0_sup100,True,barlow,psd,all-patient,True,7,1.0,0.1,32,0.03,0.02
multimodal_psd-fc-wpli_gated_cnn,2,sub07,sub01;sub05;sub09;sub10;sub11;sub13;sub14;sub15;sub16;sub17;sub18;sub20;sub22;sub24;sub27;sub28;sub29,sub08,26,0.3638019561767578,1.6626108884811401,0.002,1e-05,1.0,1.0,False,False,multimodal,psd-fc-wpli,gated,cnn,True,finetune,segssl_barlow_all-patient_psd-fc-wpli_finetune_seed7_pre20_proj32_mask0_03_noise0_02_mlp1_0_sup100,True,barlow,psd,all-patient,True,7,1.0,0.1,32,0.03,0.02
multimodal_psd-fc-wpli_gated_cnn,2,sub07,sub01;sub05;sub09;sub10;sub11;sub13;sub14;sub15;sub16;sub17;sub18;sub20;sub22;sub24;sub27;sub28;sub29,sub08,27,0.3439317047595978,1.6111369132995605,0.002,1e-05,1.0,1.0,False,False,multimodal,psd-fc-wpli,gated,cnn,True,finetune,segssl_barlow_all-patient_psd-fc-wpli_finetune_seed7_pre20_proj32_mask0_03_noise0_02_mlp1_0_sup100,True,barlow,psd,all-patient,True,7,1.0,0.1,32,0.03,0.02
multimodal_psd-fc-wpli_gated_cnn,2,sub07,sub01;sub05;sub09;sub10;sub11;sub13;sub14;sub15;sub16;sub17;sub18;sub20;sub22;sub24;sub27;sub28;sub29,sub08,28,0.32411307096481323,1.542914628982544,0.002,1e-05,1.0,1.0,False,False,multimodal,psd-fc-wpli,gated,cnn,True,finetune,segssl_barlow_all-patient_psd-fc-wpli_finetune_seed7_pre20_proj32_mask0_03_noise0_02_mlp1_0_sup100,True,barlow,psd,all-patient,True,7,1.0,0.1,32,0.03,0.02
multimodal_psd-fc-wpli_gated_cnn,2,sub07,sub01;sub05;sub09;sub10;sub11;sub13;sub14;sub15;sub16;sub17;sub18;sub20;sub22;sub24;sub27;sub28;sub29,sub08,29,0.30456632375717163,1.4727312326431274,0.002,1e-05,1.0,1.0,False,False,multimodal,psd-fc-wpli,gated,cnn,True,finetune,segssl_barlow_all-patient_psd-fc-wpli_finetune_seed7_pre20_proj32_mask0_03_noise0_02_mlp1_0_sup100,True,barlow,psd,all-patient,True,7,1.0,0.1,32,0.03,0.02
multimodal_psd-fc-wpli_gated_cnn,2,sub07,sub01;sub05;sub09;sub10;sub11;sub13;sub14;sub15;sub16;sub17;sub18;sub20;sub22;sub24;sub27;sub28;sub29,sub08,30,0.28563594818115234,1.3962414264678955,0.002,1e-05,1.0,1.0,False,False,multimodal,psd-fc-wpli,gated,cnn,True,finetune,segssl_barlow_all-patient_psd-fc-wpli_finetune_seed7_pre20_proj32_mask0_03_noise0_02_mlp1_0_sup100,True,barlow,psd,all-patient,True,7,1.0,0.1,32,0.03,0.02
multimodal_psd-fc-wpli_gated_cnn,2,sub07,sub01;sub05;sub09;sub10;sub11;sub13;sub14;sub15;sub16;sub17;sub18;sub20;sub22;sub24;sub27;sub28;sub29,sub08,31,0.26720282435417175,1.3210420608520508,0.002,1e-05,1.0,1.0,False,False,multimodal,psd-fc-wpli,gated,cnn,True,finetune,segssl_barlow_all-patient_psd-fc-wpli_finetune_seed7_pre20_proj32_mask0_03_noise0_02_mlp1_0_sup100,True,barlow,psd,all-patient,True,7,1.0,0.1,32,0.03,0.02
multimodal_psd-fc-wpli_gated_cnn,2,sub07,sub01;sub05;sub09;sub10;sub11;sub13;sub14;sub15;sub16;sub17;sub18;sub20;sub22;sub24;sub27;sub28;sub29,sub08,32,0.24933601915836334,1.2492598295211792,0.002,1e-05,1.0,1.0,False,False,multimodal,psd-fc-wpli,gated,cnn,True,finetune,segssl_barlow_all-patient_psd-fc-wpli_finetune_seed7_pre20_proj32_mask0_03_noise0_02_mlp1_0_sup100,True,barlow,psd,all-patient,True,7,1.0,0.1,32,0.03,0.02
multimodal_psd-fc-wpli_gated_cnn,2,sub07,sub01;sub05;sub09;sub10;sub11;sub13;sub14;sub15;sub16;sub17;sub18;sub20;sub22;sub24;sub27;sub28;sub29,sub08,33,0.23208416998386383,1.194507360458374,0.002,1e-05,1.0,1.0,False,False,multimodal,psd-fc-wpli,gated,cnn,True,finetune,segssl_barlow_all-patient_psd-fc-wpli_finetune_seed7_pre20_proj32_mask0_03_noise0_02_mlp1_0_sup100,True,barlow,psd,all-patient,True,7,1.0,0.1,32,0.03,0.02
multimodal_psd-fc-wpli_gated_cnn,2,sub07,sub01;sub05;sub09;sub10;sub11;sub13;sub14;sub15;sub16;sub17;sub18;sub20;sub22;sub24;sub27;sub28;sub29,sub08,34,0.2154819816350937,1.1534266471862793,0.002,1e-05,1.0,1.0,False,False,multimodal,psd-fc-wpli,gated,cnn,True,finetune,segssl_barlow_all-patient_psd-fc-wpli_finetune_seed7_pre20_proj32_mask0_03_noise0_02_mlp1_0_sup100,True,barlow,psd,all-patient,True,7,1.0,0.1,32,0.03,0.02
multimodal_psd-fc-wpli_gated_cnn,2,sub07,sub01;sub05;sub09;sub10;sub11;sub13;sub14;sub15;sub16;sub17;sub18;sub20;sub22;sub24;sub27;sub28;sub29,sub08,35,0.19953301548957825,1.1269054412841797,0.002,1e-05,1.0,1.0,False,False,multimodal,psd-fc-wpli,gated,cnn,True,finetune,segssl_barlow_all-patient_psd-fc-wpli_finetune_seed7_pre20_proj32_mask0_03_noise0_02_mlp1_0_sup100,True,barlow,psd,all-patient,True,7,1.0,0.1,32,0.03,0.02
multimodal_psd-fc-wpli_gated_cnn,2,sub07,sub01;sub05;sub09;sub10;sub11;sub13;sub14;sub15;sub16;sub17;sub18;sub20;sub22;sub24;sub27;sub28;sub29,sub08,36,0.18438780307769775,1.0977704524993896,0.002,1e-05,1.0,1.0,False,False,multimodal,psd-fc-wpli,gated,cnn,True,finetune,segssl_barlow_all-patient_psd-fc-wpli_finetune_seed7_pre20_proj32_mask0_03_noise0_02_mlp1_0_sup100,True,barlow,psd,all-patient,True,7,1.0,0.1,32,0.03,0.02
multimodal_psd-fc-wpli_gated_cnn,2,sub07,sub01;sub05;sub09;sub10;sub11;sub13;sub14;sub15;sub16;sub17;sub18;sub20;sub22;sub24;sub27;sub28;sub29,sub08,37,0.17015738785266876,1.0790672302246094,0.002,1e-05,1.0,1.0,False,False,multimodal,psd-fc-wpli,gated,cnn,True,finetune,segssl_barlow_all-patient_psd-fc-wpli_finetune_seed7_pre20_proj32_mask0_03_noise0_02_mlp1_0_sup100,True,barlow,psd,all-patient,True,7,1.0,0.1,32,0.03,0.02
multimodal_psd-fc-wpli_gated_cnn,2,sub07,sub01;sub05;sub09;sub10;sub11;sub13;sub14;sub15;sub16;sub17;sub18;sub20;sub22;sub24;sub27;sub28;sub29,sub08,38,0.15681175887584686,1.0563099384307861,0.002,1e-05,1.0,1.0,False,False,multimodal,psd-fc-wpli,gated,cnn,True,finetune,segssl_barlow_all-patient_psd-fc-wpli_finetune_seed7_pre20_proj32_mask0_03_noise0_02_mlp1_0_sup100,True,barlow,psd,all-patient,True,7,1.0,0.1,32,0.03,0.02
multimodal_psd-fc-wpli_gated_cnn,2,sub07,sub01;sub05;sub09;sub10;sub11;sub13;sub14;sub15;sub16;sub17;sub18;sub20;sub22;sub24;sub27;sub28;sub29,sub08,39,0.14411769807338715,1.020329475402832,0.002,1e-05,1.0,1.0,False,False,multimodal,psd-fc-wpli,gated,cnn,True,finetune,segssl_barlow_all-patient_psd-fc-wpli_finetune_seed7_pre20_proj32_mask0_03_noise0_02_mlp1_0_sup100,True,barlow,psd,all-patient,True,7,1.0,0.1,32,0.03,0.02
multimodal_psd-fc-wpli_gated_cnn,2,sub07,sub01;sub05;sub09;sub10;sub11;sub13;sub14;sub15;sub16;sub17;sub18;sub20;sub22;sub24;sub27;sub28;sub29,sub08,40,0.13232183456420898,0.967686653137207,0.002,1e-05,1.0,1.0,False,False,multimodal,psd-fc-wpli,gated,cnn,True,finetune,segssl_barlow_all-patient_psd-fc-wpli_finetune_seed7_pre20_proj32_mask0_03_noise0_02_mlp1_0_sup100,True,barlow,psd,all-patient,True,7,1.0,0.1,32,0.03,0.02
multimodal_psd-fc-wpli_gated_cnn,2,sub07,sub01;sub05;sub09;sub10;sub11;sub13;sub14;sub15;sub16;sub17;sub18;sub20;sub22;sub24;sub27;sub28;sub29,sub08,41,0.12113871425390244,0.897994875907898,0.002,1e-05,1.0,1.0,False,False,multimodal,psd-fc-wpli,gated,cnn,True,finetune,segssl_barlow_all-patient_psd-fc-wpli_finetune_seed7_pre20_proj32_mask0_03_noise0_02_mlp1_0_sup100,True,barlow,psd,all-patient,True,7,1.0,0.1,32,0.03,0.02
multimodal_psd-fc-wpli_gated_cnn,2,sub07,sub01;sub05;sub09;sub10;sub11;sub13;sub14;sub15;sub16;sub17;sub18;sub20;sub22;sub24;sub27;sub28;sub29,sub08,42,0.11075880378484726,0.8274180889129639,0.002,1e-05,1.0,1.0,False,False,multimodal,psd-fc-wpli,gated,cnn,True,finetune,segssl_barlow_all-patient_psd-fc-wpli_finetune_seed7_pre20_proj32_mask0_03_noise0_02_mlp1_0_sup100,True,barlow,psd,all-patient,True,7,1.0,0.1,32,0.03,0.02
multimodal_psd-fc-wpli_gated_cnn,2,sub07,sub01;sub05;sub09;sub10;sub11;sub13;sub14;sub15;sub16;sub17;sub18;sub20;sub22;sub24;sub27;sub28;sub29,sub08,43,0.10083311051130295,0.7661727070808411,0.002,1e-05,1.0,1.0,False,False,multimodal,psd-fc-wpli,gated,cnn,True,finetune,segssl_barlow_all-patient_psd-fc-wpli_finetune_seed7_pre20_proj32_mask0_03_noise0_02_mlp1_0_sup100,True,barlow,psd,all-patient,True,7,1.0,0.1,32,0.03,0.02
multimodal_psd-fc-wpli_gated_cnn,2,sub07,sub01;sub05;sub09;sub10;sub11;sub13;sub14;sub15;sub16;sub17;sub18;sub20;sub22;sub24;sub27;sub28;sub29,sub08,44,0.09138172119855881,0.7235664129257202,0.002,1e-05,1.0,1.0,False,False,multimodal,psd-fc-wpli,gated,cnn,True,finetune,segssl_barlow_all-patient_psd-fc-wpli_finetune_seed7_pre20_proj32_mask0_03_noise0_02_mlp1_0_sup100,True,barlow,psd,all-patient,True,7,1.0,0.1,32,0.03,0.02
multimodal_psd-fc-wpli_gated_cnn,2,sub07,sub01;sub05;sub09;sub10;sub11;sub13;sub14;sub15;sub16;sub17;sub18;sub20;sub22;sub24;sub27;sub28;sub29,sub08,45,0.08252986520528793,0.6981222033500671,0.002,1e-05,1.0,1.0,False,False,multimodal,psd-fc-wpli,gated,cnn,True,finetune,segssl_barlow_all-patient_psd-fc-wpli_finetune_seed7_pre20_proj32_mask0_03_noise0_02_mlp1_0_sup100,True,barlow,psd,all-patient,True,7,1.0,0.1,32,0.03,0.02
multimodal_psd-fc-wpli_gated_cnn,2,sub07,sub01;sub05;sub09;sub10;sub11;sub13;sub14;sub15;sub16;sub17;sub18;sub20;sub22;sub24;sub27;sub28;sub29,sub08,46,0.07424663007259369,0.6876077055931091,0.002,1e-05,1.0,1.0,False,False,multimodal,psd-fc-wpli,gated,cnn,True,finetune,segssl_barlow_all-patient_psd-fc-wpli_finetune_seed7_pre20_proj32_mask0_03_noise0_02_mlp1_0_sup100,True,barlow,psd,all-patient,True,7,1.0,0.1,32,0.03,0.02
multimodal_psd-fc-wpli_gated_cnn,2,sub07,sub01;sub05;sub09;sub10;sub11;sub13;sub14;sub15;sub16;sub17;sub18;sub20;sub22;sub24;sub27;sub28;sub29,sub08,47,0.06652209162712097,0.6946980953216553,0.002,1e-05,1.0,1.0,False,False,multimodal,psd-fc-wpli,gated,cnn,True,finetune,segssl_barlow_all-patient_psd-fc-wpli_finetune_seed7_pre20_proj32_mask0_03_noise0_02_mlp1_0_sup100,True,barlow,psd,all-patient,True,7,1.0,0.1,32,0.03,0.02
multimodal_psd-fc-wpli_gated_cnn,2,sub07,sub01;sub05;sub09;sub10;sub11;sub13;sub14;sub15;sub16;sub17;sub18;sub20;sub22;sub24;sub27;sub28;sub29,sub08,48,0.05934062600135803,0.7136864066123962,0.002,1e-05,1.0,1.0,False,False,multimodal,psd-fc-wpli,gated,cnn,True,finetune,segssl_barlow_all-patient_psd-fc-wpli_finetune_seed7_pre20_proj32_mask0_03_noise0_02_mlp1_0_sup100,True,barlow,psd,all-patient,True,7,1.0,0.1,32,0.03,0.02
multimodal_psd-fc-wpli_gated_cnn,2,sub07,sub01;sub05;sub09;sub10;sub11;sub13;sub14;sub15;sub16;sub17;sub18;sub20;sub22;sub24;sub27;sub28;sub29,sub08,49,0.052724067121744156,0.7436211109161377,0.002,1e-05,1.0,1.0,False,False,multimodal,psd-fc-wpli,gated,cnn,True,finetune,segssl_barlow_all-patient_psd-fc-wpli_finetune_seed7_pre20_proj32_mask0_03_noise0_02_mlp1_0_sup100,True,barlow,psd,all-patient,True,7,1.0,0.1,32,0.03,0.02
multimodal_psd-fc-wpli_gated_cnn,2,sub07,sub01;sub05;sub09;sub10;sub11;sub13;sub14;sub15;sub16;sub17;sub18;sub20;sub22;sub24;sub27;sub28;sub29,sub08,50,0.046723611652851105,0.7780531644821167,0.002,1e-05,1.0,1.0,False,False,multimodal,psd-fc-wpli,gated,cnn,True,finetune,segssl_barlow_all-patient_psd-fc-wpli_finetune_seed7_pre20_proj32_mask0_03_noise0_02_mlp1_0_sup100,True,barlow,psd,all-patient,True,7,1.0,0.1,32,0.03,0.02
multimodal_psd-fc-wpli_gated_cnn,2,sub07,sub01;sub05;sub09;sub10;sub11;sub13;sub14;sub15;sub16;sub17;sub18;sub20;sub22;sub24;sub27;sub28;sub29,sub08,51,0.0412641242146492,0.811809778213501,0.002,1e-05,1.0,1.0,False,False,multimodal,psd-fc-wpli,gated,cnn,True,finetune,segssl_barlow_all-patient_psd-fc-wpli_finetune_seed7_pre20_proj32_mask0_03_noise0_02_mlp1_0_sup100,True,barlow,psd,all-patient,True,7,1.0,0.1,32,0.03,0.02
multimodal_psd-fc-wpli_gated_cnn,2,sub07,sub01;sub05;sub09;sub10;sub11;sub13;sub14;sub15;sub16;sub17;sub18;sub20;sub22;sub24;sub27;sub28;sub29,sub08,52,0.03632897883653641,0.845384955406189,0.001,1e-05,1.0,1.0,False,False,multimodal,psd-fc-wpli,gated,cnn,True,finetune,segssl_barlow_all-patient_psd-fc-wpli_finetune_seed7_pre20_proj32_mask0_03_noise0_02_mlp1_0_sup100,True,barlow,psd,all-patient,True,7,1.0,0.1,32,0.03,0.02
multimodal_psd-fc-wpli_gated_cnn,2,sub07,sub01;sub05;sub09;sub10;sub11;sub13;sub14;sub15;sub16;sub17;sub18;sub20;sub22;sub24;sub27;sub28;sub29,sub08,53,0.03194855526089668,0.8308089971542358,0.001,1e-05,1.0,1.0,False,False,multimodal,psd-fc-wpli,gated,cnn,True,finetune,segssl_barlow_all-patient_psd-fc-wpli_finetune_seed7_pre20_proj32_mask0_03_noise0_02_mlp1_0_sup100,True,barlow,psd,all-patient,True,7,1.0,0.1,32,0.03,0.02
multimodal_psd-fc-wpli_gated_cnn,2,sub07,sub01;sub05;sub09;sub10;sub11;sub13;sub14;sub15;sub16;sub17;sub18;sub20;sub22;sub24;sub27;sub28;sub29,sub08,54,0.029914848506450653,0.8197885155677795,0.001,1e-05,1.0,1.0,False,False,multimodal,psd-fc-wpli,gated,cnn,True,finetune,segssl_barlow_all-patient_psd-fc-wpli_finetune_seed7_pre20_proj32_mask0_03_noise0_02_mlp1_0_sup100,True,barlow,psd,all-patient,True,7,1.0,0.1,32,0.03,0.02
multimodal_psd-fc-wpli_gated_cnn,2,sub07,sub01;sub05;sub09;sub10;sub11;sub13;sub14;sub15;sub16;sub17;sub18;sub20;sub22;sub24;sub27;sub28;sub29,sub08,55,0.02799176424741745,0.8118574023246765,0.001,1e-05,1.0,1.0,False,False,multimodal,psd-fc-wpli,gated,cnn,True,finetune,segssl_barlow_all-patient_psd-fc-wpli_finetune_seed7_pre20_proj32_mask0_03_noise0_02_mlp1_0_sup100,True,barlow,psd,all-patient,True,7,1.0,0.1,32,0.03,0.02
multimodal_psd-fc-wpli_gated_cnn,2,sub07,sub01;sub05;sub09;sub10;sub11;sub13;sub14;sub15;sub16;sub17;sub18;sub20;sub22;sub24;sub27;sub28;sub29,sub08,56,0.026180775836110115,0.805874764919281,0.001,1e-05,1.0,1.0,False,False,multimodal,psd-fc-wpli,gated,cnn,True,finetune,segssl_barlow_all-patient_psd-fc-wpli_finetune_seed7_pre20_proj32_mask0_03_noise0_02_mlp1_0_sup100,True,barlow,psd,all-patient,True,7,1.0,0.1,32,0.03,0.02
multimodal_psd-fc-wpli_gated_cnn,2,sub07,sub01;sub05;sub09;sub10;sub11;sub13;sub14;sub15;sub16;sub17;sub18;sub20;sub22;sub24;sub27;sub28;sub29,sub08,57,0.02448996901512146,0.8010953664779663,0.001,1e-05,1.0,1.0,False,False,multimodal,psd-fc-wpli,gated,cnn,True,finetune,segssl_barlow_all-patient_psd-fc-wpli_finetune_seed7_pre20_proj32_mask0_03_noise0_02_mlp1_0_sup100,True,barlow,psd,all-patient,True,7,1.0,0.1,32,0.03,0.02
multimodal_psd-fc-wpli_gated_cnn,2,sub07,sub01;sub05;sub09;sub10;sub11;sub13;sub14;sub15;sub16;sub17;sub18;sub20;sub22;sub24;sub27;sub28;sub29,sub08,58,0.022912072017788887,0.7969526052474976,0.001,1e-05,1.0,1.0,False,False,multimodal,psd-fc-wpli,gated,cnn,True,finetune,segssl_barlow_all-patient_psd-fc-wpli_finetune_seed7_pre20_proj32_mask0_03_noise0_02_mlp1_0_sup100,True,barlow,psd,all-patient,True,7,1.0,0.1,32,0.03,0.02
multimodal_psd-fc-wpli_gated_cnn,2,sub07,sub01;sub05;sub09;sub10;sub11;sub13;sub14;sub15;sub16;sub17;sub18;sub20;sub22;sub24;sub27;sub28;sub29,sub08,59,0.02145431563258171,0.7921317219734192,0.001,1e-05,1.0,1.0,False,False,multimodal,psd-fc-wpli,gated,cnn,True,finetune,segssl_barlow_all-patient_psd-fc-wpli_finetune_seed7_pre20_proj32_mask0_03_noise0_02_mlp1_0_sup100,True,barlow,psd,all-patient,True,7,1.0,0.1,32,0.03,0.02
multimodal_psd-fc-wpli_gated_cnn,2,sub07,sub01;sub05;sub09;sub10;sub11;sub13;sub14;sub15;sub16;sub17;sub18;sub20;sub22;sub24;sub27;sub28;sub29,sub08,60,0.02010408043861389,0.7860957980155945,0.001,1e-05,1.0,1.0,False,False,multimodal,psd-fc-wpli,gated,cnn,True,finetune,segssl_barlow_all-patient_psd-fc-wpli_finetune_seed7_pre20_proj32_mask0_03_noise0_02_mlp1_0_sup100,True,barlow,psd,all-patient,True,7,1.0,0.1,32,0.03,0.02
multimodal_psd-fc-wpli_gated_cnn,2,sub07,sub01;sub05;sub09;sub10;sub11;sub13;sub14;sub15;sub16;sub17;sub18;sub20;sub22;sub24;sub27;sub28;sub29,sub08,61,0.018850747495889664,0.7791794538497925,0.001,1e-05,1.0,1.0,False,False,multimodal,psd-fc-wpli,gated,cnn,True,finetune,segssl_barlow_all-patient_psd-fc-wpli_finetune_seed7_pre20_proj32_mask0_03_noise0_02_mlp1_0_sup100,True,barlow,psd,all-patient,True,7,1.0,0.1,32,0.03,0.02
multimodal_psd-fc-wpli_gated_cnn,2,sub07,sub01;sub05;sub09;sub10;sub11;sub13;sub14;sub15;sub16;sub17;sub18;sub20;sub22;sub24;sub27;sub28;sub29,sub08,62,0.017690982669591904,0.7718044519424438,0.001,1e-05,1.0,1.0,False,False,multimodal,psd-fc-wpli,gated,cnn,True,finetune,segssl_barlow_all-patient_psd-fc-wpli_finetune_seed7_pre20_proj32_mask0_03_noise0_02_mlp1_0_sup100,True,barlow,psd,all-patient,True,7,1.0,0.1,32,0.03,0.02
multimodal_psd-fc-wpli_gated_cnn,2,sub07,sub01;sub05;sub09;sub10;sub11;sub13;sub14;sub15;sub16;sub17;sub18;sub20;sub22;sub24;sub27;sub28;sub29,sub08,63,0.016615677624940872,0.7650511264801025,0.001,1e-05,1.0,1.0,False,False,multimodal,psd-fc-wpli,gated,cnn,True,finetune,segssl_barlow_all-patient_psd-fc-wpli_finetune_seed7_pre20_proj32_mask0_03_noise0_02_mlp1_0_sup100,True,barlow,psd,all-patient,True,7,1.0,0.1,32,0.03,0.02
multimodal_psd-fc-wpli_gated_cnn,2,sub07,sub01;sub05;sub09;sub10;sub11;sub13;sub14;sub15;sub16;sub17;sub18;sub20;sub22;sub24;sub27;sub28;sub29,sub08,64,0.015618638135492802,0.7595780491828918,0.001,1e-05,1.0,1.0,False,False,multimodal,psd-fc-wpli,gated,cnn,True,finetune,segssl_barlow_all-patient_psd-fc-wpli_finetune_seed7_pre20_proj32_mask0_03_noise0_02_mlp1_0_sup100,True,barlow,psd,all-patient,True,7,1.0,0.1,32,0.03,0.02
multimodal_psd-fc-wpli_gated_cnn,2,sub07,sub01;sub05;sub09;sub10;sub11;sub13;sub14;sub15;sub16;sub17;sub18;sub20;sub22;sub24;sub27;sub28;sub29,sub08,65,0.014696119353175163,0.7550901174545288,0.001,1e-05,1.0,1.0,False,False,multimodal,psd-fc-wpli,gated,cnn,True,finetune,segssl_barlow_all-patient_psd-fc-wpli_finetune_seed7_pre20_proj32_mask0_03_noise0_02_mlp1_0_sup100,True,barlow,psd,all-patient,True,7,1.0,0.1,32,0.03,0.02
multimodal_psd-fc-wpli_gated_cnn,2,sub07,sub01;sub05;sub09;sub10;sub11;sub13;sub14;sub15;sub16;sub17;sub18;sub20;sub22;sub24;sub27;sub28;sub29,sub08,66,0.01384655199944973,0.7540898323059082,0.001,1e-05,1.0,1.0,False,False,multimodal,psd-fc-wpli,gated,cnn,True,finetune,segssl_barlow_all-patient_psd-fc-wpli_finetune_seed7_pre20_proj32_mask0_03_noise0_02_mlp1_0_sup100,True,barlow,psd,all-patient,True,7,1.0,0.1,32,0.03,0.02
multimodal_psd-fc-wpli_gated_cnn,2,sub07,sub01;sub05;sub09;sub10;sub11;sub13;sub14;sub15;sub16;sub17;sub18;sub20;sub22;sub24;sub27;sub28;sub29,sub08,67,0.013063126243650913,0.7563528418540955,0.001,1e-05,1.0,1.0,False,False,multimodal,psd-fc-wpli,gated,cnn,True,finetune,segssl_barlow_all-patient_psd-fc-wpli_finetune_seed7_pre20_proj32_mask0_03_noise0_02_mlp1_0_sup100,True,barlow,psd,all-patient,True,7,1.0,0.1,32,0.03,0.02
multimodal_psd-fc-wpli_gated_cnn,2,sub07,sub01;sub05;sub09;sub10;sub11;sub13;sub14;sub15;sub16;sub17;sub18;sub20;sub22;sub24;sub27;sub28;sub29,sub08,68,0.012335443869233131,0.7614576816558838,0.001,1e-05,1.0,1.0,False,False,multimodal,psd-fc-wpli,gated,cnn,True,finetune,segssl_barlow_all-patient_psd-fc-wpli_finetune_seed7_pre20_proj32_mask0_03_noise0_02_mlp1_0_sup100,True,barlow,psd,all-patient,True,7,1.0,0.1,32,0.03,0.02
multimodal_psd-fc-wpli_gated_cnn,2,sub07,sub01;sub05;sub09;sub10;sub11;sub13;sub14;sub15;sub16;sub17;sub18;sub20;sub22;sub24;sub27;sub28;sub29,sub08,69,0.01165811251848936,0.7691839337348938,0.001,1e-05,1.0,1.0,False,False,multimodal,psd-fc-wpli,gated,cnn,True,finetune,segssl_barlow_all-patient_psd-fc-wpli_finetune_seed7_pre20_proj32_mask0_03_noise0_02_mlp1_0_sup100,True,barlow,psd,all-patient,True,7,1.0,0.1,32,0.03,0.02
multimodal_psd-fc-wpli_gated_cnn,2,sub07,sub01;sub05;sub09;sub10;sub11;sub13;sub14;sub15;sub16;sub17;sub18;sub20;sub22;sub24;sub27;sub28;sub29,sub08,70,0.011027493514120579,0.7789735198020935,0.001,1e-05,1.0,1.0,False,False,multimodal,psd-fc-wpli,gated,cnn,True,finetune,segssl_barlow_all-patient_psd-fc-wpli_finetune_seed7_pre20_proj32_mask0_03_noise0_02_mlp1_0_sup100,True,barlow,psd,all-patient,True,7,1.0,0.1,32,0.03,0.02
multimodal_psd-fc-wpli_gated_cnn,2,sub07,sub01;sub05;sub09;sub10;sub11;sub13;sub14;sub15;sub16;sub17;sub18;sub20;sub22;sub24;sub27;sub28;sub29,sub08,71,0.0104399798437953,0.7904783487319946,0.001,1e-05,1.0,1.0,False,False,multimodal,psd-fc-wpli,gated,cnn,True,finetune,segssl_barlow_all-patient_psd-fc-wpli_finetune_seed7_pre20_proj32_mask0_03_noise0_02_mlp1_0_sup100,True,barlow,psd,all-patient,True,7,1.0,0.1,32,0.03,0.02
multimodal_psd-fc-wpli_gated_cnn,2,sub07,sub01;sub05;sub09;sub10;sub11;sub13;sub14;sub15;sub16;sub17;sub18;sub20;sub22;sub24;sub27;sub28;sub29,sub08,72,0.009892457164824009,0.8028903007507324,0.001,1e-05,1.0,1.0,False,False,multimodal,psd-fc-wpli,gated,cnn,True,finetune,segssl_barlow_all-patient_psd-fc-wpli_finetune_seed7_pre20_proj32_mask0_03_noise0_02_mlp1_0_sup100,True,barlow,psd,all-patient,True,7,1.0,0.1,32,0.03,0.02
multimodal_psd-fc-wpli_gated_cnn,2,sub07,sub01;sub05;sub09;sub10;sub11;sub13;sub14;sub15;sub16;sub17;sub18;sub20;sub22;sub24;sub27;sub28;sub29,sub08,73,0.009382092393934727,0.8150718808174133,0.001,1e-05,1.0,1.0,False,False,multimodal,psd-fc-wpli,gated,cnn,True,finetune,segssl_barlow_all-patient_psd-fc-wpli_finetune_seed7_pre20_proj32_mask0_03_noise0_02_mlp1_0_sup100,True,barlow,psd,all-patient,True,7,1.0,0.1,32,0.03,0.02
multimodal_psd-fc-wpli_gated_cnn,2,sub07,sub01;sub05;sub09;sub10;sub11;sub13;sub14;sub15;sub16;sub17;sub18;sub20;sub22;sub24;sub27;sub28;sub29,sub08,74,0.008908532559871674,0.8259326815605164,0.001,1e-05,1.0,1.0,False,False,multimodal,psd-fc-wpli,gated,cnn,True,finetune,segssl_barlow_all-patient_psd-fc-wpli_finetune_seed7_pre20_proj32_mask0_03_noise0_02_mlp1_0_sup100,True,barlow,psd,all-patient,True,7,1.0,0.1,32,0.03,0.02
multimodal_psd-fc-wpli_gated_cnn,2,sub07,sub01;sub05;sub09;sub10;sub11;sub13;sub14;sub15;sub16;sub17;sub18;sub20;sub22;sub24;sub27;sub28;sub29,sub08,75,0.008466659113764763,0.8337202072143555,0.001,1e-05,1.0,1.0,False,False,multimodal,psd-fc-wpli,gated,cnn,True,finetune,segssl_barlow_all-patient_psd-fc-wpli_finetune_seed7_pre20_proj32_mask0_03_noise0_02_mlp1_0_sup100,True,barlow,psd,all-patient,True,7,1.0,0.1,32,0.03,0.02
multimodal_psd-fc-wpli_gated_cnn,2,sub07,sub01;sub05;sub09;sub10;sub11;sub13;sub14;sub15;sub16;sub17;sub18;sub20;sub22;sub24;sub27;sub28;sub29,sub08,76,0.008053340949118137,0.8380765914916992,0.001,1e-05,1.0,1.0,False,False,multimodal,psd-fc-wpli,gated,cnn,True,finetune,segssl_barlow_all-patient_psd-fc-wpli_finetune_seed7_pre20_proj32_mask0_03_noise0_02_mlp1_0_sup100,True,barlow,psd,all-patient,True,7,1.0,0.1,32,0.03,0.02
multimodal_psd-fc-wpli_gated_cnn,2,sub07,sub01;sub05;sub09;sub10;sub11;sub13;sub14;sub15;sub16;sub17;sub18;sub20;sub22;sub24;sub27;sub28;sub29,sub08,77,0.007666110992431641,0.8390692472457886,0.001,1e-05,1.0,1.0,False,False,multimodal,psd-fc-wpli,gated,cnn,True,finetune,segssl_barlow_all-patient_psd-fc-wpli_finetune_seed7_pre20_proj32_mask0_03_noise0_02_mlp1_0_sup100,True,barlow,psd,all-patient,True,7,1.0,0.1,32,0.03,0.02
multimodal_psd-fc-wpli_gated_cnn,2,sub07,sub01;sub05;sub09;sub10;sub11;sub13;sub14;sub15;sub16;sub17;sub18;sub20;sub22;sub24;sub27;sub28;sub29,sub08,78,0.007303488440811634,0.8379014730453491,0.001,1e-05,1.0,1.0,False,False,multimodal,psd-fc-wpli,gated,cnn,True,finetune,segssl_barlow_all-patient_psd-fc-wpli_finetune_seed7_pre20_proj32_mask0_03_noise0_02_mlp1_0_sup100,True,barlow,psd,all-patient,True,7,1.0,0.1,32,0.03,0.02
multimodal_psd-fc-wpli_gated_cnn,2,sub07,sub01;sub05;sub09;sub10;sub11;sub13;sub14;sub15;sub16;sub17;sub18;sub20;sub22;sub24;sub27;sub28;sub29,sub08,79,0.006966094020754099,0.8346198201179504,0.001,1e-05,1.0,1.0,False,False,multimodal,psd-fc-wpli,gated,cnn,True,finetune,segssl_barlow_all-patient_psd-fc-wpli_finetune_seed7_pre20_proj32_mask0_03_noise0_02_mlp1_0_sup100,True,barlow,psd,all-patient,True,7,1.0,0.1,32,0.03,0.02
multimodal_psd-fc-wpli_gated_cnn,2,sub07,sub01;sub05;sub09;sub10;sub11;sub13;sub14;sub15;sub16;sub17;sub18;sub20;sub22;sub24;sub27;sub28;sub29,sub08,80,0.006651282776147127,0.829565167427063,0.001,1e-05,1.0,1.0,False,False,multimodal,psd-fc-wpli,gated,cnn,True,finetune,segssl_barlow_all-patient_psd-fc-wpli_finetune_seed7_pre20_proj32_mask0_03_noise0_02_mlp1_0_sup100,True,barlow,psd,all-patient,True,7,1.0,0.1,32,0.03,0.02
multimodal_psd-fc-wpli_gated_cnn,2,sub07,sub01;sub05;sub09;sub10;sub11;sub13;sub14;sub15;sub16;sub17;sub18;sub20;sub22;sub24;sub27;sub28;sub29,sub08,81,0.006357314996421337,0.8230553269386292,0.001,1e-05,1.0,1.0,False,False,multimodal,psd-fc-wpli,gated,cnn,True,finetune,segssl_barlow_all-patient_psd-fc-wpli_finetune_seed7_pre20_proj32_mask0_03_noise0_02_mlp1_0_sup100,True,barlow,psd,all-patient,True,7,1.0,0.1,32,0.03,0.02
multimodal_psd-fc-wpli_gated_cnn,2,sub07,sub01;sub05;sub09;sub10;sub11;sub13;sub14;sub15;sub16;sub17;sub18;sub20;sub22;sub24;sub27;sub28;sub29,sub08,82,0.006083381362259388,0.8158621191978455,0.001,1e-05,1.0,1.0,False,False,multimodal,psd-fc-wpli,gated,cnn,True,finetune,segssl_barlow_all-patient_psd-fc-wpli_finetune_seed7_pre20_proj32_mask0_03_noise0_02_mlp1_0_sup100,True,barlow,psd,all-patient,True,7,1.0,0.1,32,0.03,0.02
multimodal_psd-fc-wpli_gated_cnn,2,sub07,sub01;sub05;sub09;sub10;sub11;sub13;sub14;sub15;sub16;sub17;sub18;sub20;sub22;sub24;sub27;sub28;sub29,sub08,83,0.005826979409903288,0.8081595301628113,0.001,1e-05,1.0,1.0,False,False,multimodal,psd-fc-wpli,gated,cnn,True,finetune,segssl_barlow_all-patient_psd-fc-wpli_finetune_seed7_pre20_proj32_mask0_03_noise0_02_mlp1_0_sup100,True,barlow,psd,all-patient,True,7,1.0,0.1,32,0.03,0.02
multimodal_psd-fc-wpli_gated_cnn,2,sub07,sub01;sub05;sub09;sub10;sub11;sub13;sub14;sub15;sub16;sub17;sub18;sub20;sub22;sub24;sub27;sub28;sub29,sub08,84,0.005585892125964165,0.8002191781997681,0.001,1e-05,1.0,1.0,False,False,multimodal,psd-fc-wpli,gated,cnn,True,finetune,segssl_barlow_all-patient_psd-fc-wpli_finetune_seed7_pre20_proj32_mask0_03_noise0_02_mlp1_0_sup100,True,barlow,psd,all-patient,True,7,1.0,0.1,32,0.03,0.02
multimodal_psd-fc-wpli_gated_cnn,2,sub07,sub01;sub05;sub09;sub10;sub11;sub13;sub14;sub15;sub16;sub17;sub18;sub20;sub22;sub24;sub27;sub28;sub29,sub08,85,0.005358912982046604,0.792253315448761,0.001,1e-05,1.0,1.0,False,False,multimodal,psd-fc-wpli,gated,cnn,True,finetune,segssl_barlow_all-patient_psd-fc-wpli_finetune_seed7_pre20_proj32_mask0_03_noise0_02_mlp1_0_sup100,True,barlow,psd,all-patient,True,7,1.0,0.1,32,0.03,0.02
multimodal_psd-fc-wpli_gated_cnn,2,sub07,sub01;sub05;sub09;sub10;sub11;sub13;sub14;sub15;sub16;sub17;sub18;sub20;sub22;sub24;sub27;sub28;sub29,sub08,86,0.005146097857505083,0.7840702533721924,0.001,1e-05,1.0,1.0,False,False,multimodal,psd-fc-wpli,gated,cnn,True,finetune,segssl_barlow_all-patient_psd-fc-wpli_finetune_seed7_pre20_proj32_mask0_03_noise0_02_mlp1_0_sup100,True,barlow,psd,all-patient,True,7,1.0,0.1,32,0.03,0.02
multimodal_psd-fc-wpli_gated_cnn,2,sub07,sub01;sub05;sub09;sub10;sub11;sub13;sub14;sub15;sub16;sub17;sub18;sub20;sub22;sub24;sub27;sub28;sub29,sub08,87,0.004946596454828978,0.7759393453598022,0.001,1e-05,1.0,1.0,False,False,multimodal,psd-fc-wpli,gated,cnn,True,finetune,segssl_barlow_all-patient_psd-fc-wpli_finetune_seed7_pre20_proj32_mask0_03_noise0_02_mlp1_0_sup100,True,barlow,psd,all-patient,True,7,1.0,0.1,32,0.03,0.02
multimodal_psd-fc-wpli_gated_cnn,2,sub07,sub01;sub05;sub09;sub10;sub11;sub13;sub14;sub15;sub16;sub17;sub18;sub20;sub22;sub24;sub27;sub28;sub29,sub08,88,0.004757954739034176,0.7684879302978516,0.001,1e-05,1.0,1.0,False,False,multimodal,psd-fc-wpli,gated,cnn,True,finetune,segssl_barlow_all-patient_psd-fc-wpli_finetune_seed7_pre20_proj32_mask0_03_noise0_02_mlp1_0_sup100,True,barlow,psd,all-patient,True,7,1.0,0.1,32,0.03,0.02
multimodal_psd-fc-wpli_gated_cnn,2,sub07,sub01;sub05;sub09;sub10;sub11;sub13;sub14;sub15;sub16;sub17;sub18;sub20;sub22;sub24;sub27;sub28;sub29,sub08,89,0.004580733831971884,0.7617298364639282,0.001,1e-05,1.0,1.0,False,False,multimodal,psd-fc-wpli,gated,cnn,True,finetune,segssl_barlow_all-patient_psd-fc-wpli_finetune_seed7_pre20_proj32_mask0_03_noise0_02_mlp1_0_sup100,True,barlow,psd,all-patient,True,7,1.0,0.1,32,0.03,0.02
multimodal_psd-fc-wpli_gated_cnn,2,sub07,sub01;sub05;sub09;sub10;sub11;sub13;sub14;sub15;sub16;sub17;sub18;sub20;sub22;sub24;sub27;sub28;sub29,sub08,90,0.004413751885294914,0.7557239532470703,0.001,1e-05,1.0,1.0,False,False,multimodal,psd-fc-wpli,gated,cnn,True,finetune,segssl_barlow_all-patient_psd-fc-wpli_finetune_seed7_pre20_proj32_mask0_03_noise0_02_mlp1_0_sup100,True,barlow,psd,all-patient,True,7,1.0,0.1,32,0.03,0.02
multimodal_psd-fc-wpli_gated_cnn,2,sub07,sub01;sub05;sub09;sub10;sub11;sub13;sub14;sub15;sub16;sub17;sub18;sub20;sub22;sub24;sub27;sub28;sub29,sub08,91,0.00425603287294507,0.7505939602851868,0.001,1e-05,1.0,1.0,False,False,multimodal,psd-fc-wpli,gated,cnn,True,finetune,segssl_barlow_all-patient_psd-fc-wpli_finetune_seed7_pre20_proj32_mask0_03_noise0_02_mlp1_0_sup100,True,barlow,psd,all-patient,True,7,1.0,0.1,32,0.03,0.02
multimodal_psd-fc-wpli_gated_cnn,2,sub07,sub01;sub05;sub09;sub10;sub11;sub13;sub14;sub15;sub16;sub17;sub18;sub20;sub22;sub24;sub27;sub28;sub29,sub08,92,0.004106474108994007,0.746246874332428,0.001,1e-05,1.0,1.0,False,False,multimodal,psd-fc-wpli,gated,cnn,True,finetune,segssl_barlow_all-patient_psd-fc-wpli_finetune_seed7_pre20_proj32_mask0_03_noise0_02_mlp1_0_sup100,True,barlow,psd,all-patient,True,7,1.0,0.1,32,0.03,0.02
multimodal_psd-fc-wpli_gated_cnn,2,sub07,sub01;sub05;sub09;sub10;sub11;sub13;sub14;sub15;sub16;sub17;sub18;sub20;sub22;sub24;sub27;sub28;sub29,sub08,93,0.003964509814977646,0.7427170276641846,0.001,1e-05,1.0,1.0,False,False,multimodal,psd-fc-wpli,gated,cnn,True,finetune,segssl_barlow_all-patient_psd-fc-wpli_finetune_seed7_pre20_proj32_mask0_03_noise0_02_mlp1_0_sup100,True,barlow,psd,all-patient,True,7,1.0,0.1,32,0.03,0.02
multimodal_psd-fc-wpli_gated_cnn,2,sub07,sub01;sub05;sub09;sub10;sub11;sub13;sub14;sub15;sub16;sub17;sub18;sub20;sub22;sub24;sub27;sub28;sub29,sub08,94,0.003830045461654663,0.7400878667831421,0.001,1e-05,1.0,1.0,False,False,multimodal,psd-fc-wpli,gated,cnn,True,finetune,segssl_barlow_all-patient_psd-fc-wpli_finetune_seed7_pre20_proj32_mask0_03_noise0_02_mlp1_0_sup100,True,barlow,psd,all-patient,True,7,1.0,0.1,32,0.03,0.02
multimodal_psd-fc-wpli_gated_cnn,2,sub07,sub01;sub05;sub09;sub10;sub11;sub13;sub14;sub15;sub16;sub17;sub18;sub20;sub22;sub24;sub27;sub28;sub29,sub08,95,0.0037023702170699835,0.7382475733757019,0.001,1e-05,1.0,1.0,False,False,multimodal,psd-fc-wpli,gated,cnn,True,finetune,segssl_barlow_all-patient_psd-fc-wpli_finetune_seed7_pre20_proj32_mask0_03_noise0_02_mlp1_0_sup100,True,barlow,psd,all-patient,True,7,1.0,0.1,32,0.03,0.02
multimodal_psd-fc-wpli_gated_cnn,2,sub07,sub01;sub05;sub09;sub10;sub11;sub13;sub14;sub15;sub16;sub17;sub18;sub20;sub22;sub24;sub27;sub28;sub29,sub08,96,0.003580898977816105,0.7371886372566223,0.001,1e-05,1.0,1.0,False,False,multimodal,psd-fc-wpli,gated,cnn,True,finetune,segssl_barlow_all-patient_psd-fc-wpli_finetune_seed7_pre20_proj32_mask0_03_noise0_02_mlp1_0_sup100,True,barlow,psd,all-patient,True,7,1.0,0.1,32,0.03,0.02
multimodal_psd-fc-wpli_gated_cnn,2,sub07,sub01;sub05;sub09;sub10;sub11;sub13;sub14;sub15;sub16;sub17;sub18;sub20;sub22;sub24;sub27;sub28;sub29,sub08,97,0.0034657323267310858,0.7366808652877808,0.001,1e-05,1.0,1.0,False,False,multimodal,psd-fc-wpli,gated,cnn,True,finetune,segssl_barlow_all-patient_psd-fc-wpli_finetune_seed7_pre20_proj32_mask0_03_noise0_02_mlp1_0_sup100,True,barlow,psd,all-patient,True,7,1.0,0.1,32,0.03,0.02
multimodal_psd-fc-wpli_gated_cnn,2,sub07,sub01;sub05;sub09;sub10;sub11;sub13;sub14;sub15;sub16;sub17;sub18;sub20;sub22;sub24;sub27;sub28;sub29,sub08,98,0.0033563964534550905,0.7364999651908875,0.001,1e-05,1.0,1.0,False,False,multimodal,psd-fc-wpli,gated,cnn,True,finetune,segssl_barlow_all-patient_psd-fc-wpli_finetune_seed7_pre20_proj32_mask0_03_noise0_02_mlp1_0_sup100,True,barlow,psd,all-patient,True,7,1.0,0.1,32,0.03,0.02
multimodal_psd-fc-wpli_gated_cnn,2,sub07,sub01;sub05;sub09;sub10;sub11;sub13;sub14;sub15;sub16;sub17;sub18;sub20;sub22;sub24;sub27;sub28;sub29,sub08,99,0.003252222202718258,0.7365778684616089,0.001,1e-05,1.0,1.0,False,False,multimodal,psd-fc-wpli,gated,cnn,True,finetune,segssl_barlow_all-patient_psd-fc-wpli_finetune_seed7_pre20_proj32_mask0_03_noise0_02_mlp1_0_sup100,True,barlow,psd,all-patient,True,7,1.0,0.1,32,0.03,0.02
multimodal_psd-fc-wpli_gated_cnn,2,sub07,sub01;sub05;sub09;sub10;sub11;sub13;sub14;sub15;sub16;sub17;sub18;sub20;sub22;sub24;sub27;sub28;sub29,sub08,100,0.003152920166030526,0.7369282841682434,0.001,1e-05,1.0,1.0,False,False,multimodal,psd-fc-wpli,gated,cnn,True,finetune,segssl_barlow_all-patient_psd-fc-wpli_finetune_seed7_pre20_proj32_mask0_03_noise0_02_mlp1_0_sup100,True,barlow,psd,all-patient,True,7,1.0,0.1,32,0.03,0.02
multimodal_psd-fc-wpli_gated_cnn,3,sub08,sub01;sub05;sub07;sub10;sub11;sub13;sub14;sub15;sub16;sub17;sub18;sub20;sub22;sub24;sub27;sub28;sub29,sub09,1,0.6870406866073608,0.6922179460525513,0.002,1e-05,1.0,1.0,True,False,multimodal,psd-fc-wpli,gated,cnn,True,finetune,segssl_barlow_all-patient_psd-fc-wpli_finetune_seed7_pre20_proj32_mask0_03_noise0_02_mlp1_0_sup100,True,barlow,psd,all-patient,True,7,1.0,0.1,32,0.03,0.02
multimodal_psd-fc-wpli_gated_cnn,3,sub08,sub01;sub05;sub07;sub10;sub11;sub13;sub14;sub15;sub16;sub17;sub18;sub20;sub22;sub24;sub27;sub28;sub29,sub09,2,0.6799147725105286,0.7000134587287903,0.002,1e-05,1.0,1.0,False,False,multimodal,psd-fc-wpli,gated,cnn,True,finetune,segssl_barlow_all-patient_psd-fc-wpli_finetune_seed7_pre20_proj32_mask0_03_noise0_02_mlp1_0_sup100,True,barlow,psd,all-patient,True,7,1.0,0.1,32,0.03,0.02
multimodal_psd-fc-wpli_gated_cnn,3,sub08,sub01;sub05;sub07;sub10;sub11;sub13;sub14;sub15;sub16;sub17;sub18;sub20;sub22;sub24;sub27;sub28;sub29,sub09,3,0.6735552549362183,0.710582435131073,0.002,1e-05,1.0,1.0,False,False,multimodal,psd-fc-wpli,gated,cnn,True,finetune,segssl_barlow_all-patient_psd-fc-wpli_finetune_seed7_pre20_proj32_mask0_03_noise0_02_mlp1_0_sup100,True,barlow,psd,all-patient,True,7,1.0,0.1,32,0.03,0.02
multimodal_psd-fc-wpli_gated_cnn,3,sub08,sub01;sub05;sub07;sub10;sub11;sub13;sub14;sub15;sub16;sub17;sub18;sub20;sub22;sub24;sub27;sub28;sub29,sub09,4,0.6668205261230469,0.719915509223938,0.002,1e-05,1.0,1.0,False,False,multimodal,psd-fc-wpli,gated,cnn,True,finetune,segssl_barlow_all-patient_psd-fc-wpli_finetune_seed7_pre20_proj32_mask0_03_noise0_02_mlp1_0_sup100,True,barlow,psd,all-patient,True,7,1.0,0.1,32,0.03,0.02
multimodal_psd-fc-wpli_gated_cnn,3,sub08,sub01;sub05;sub07;sub10;sub11;sub13;sub14;sub15;sub16;sub17;sub18;sub20;sub22;sub24;sub27;sub28;sub29,sub09,5,0.6595492362976074,0.7274615168571472,0.002,1e-05,1.0,1.0,False,False,multimodal,psd-fc-wpli,gated,cnn,True,finetune,segssl_barlow_all-patient_psd-fc-wpli_finetune_seed7_pre20_proj32_mask0_03_noise0_02_mlp1_0_sup100,True,barlow,psd,all-patient,True,7,1.0,0.1,32,0.03,0.02
multimodal_psd-fc-wpli_gated_cnn,3,sub08,sub01;sub05;sub07;sub10;sub11;sub13;sub14;sub15;sub16;sub17;sub18;sub20;sub22;sub24;sub27;sub28;sub29,sub09,6,0.6510587930679321,0.7353377342224121,0.002,1e-05,1.0,1.0,False,False,multimodal,psd-fc-wpli,gated,cnn,True,finetune,segssl_barlow_all-patient_psd-fc-wpli_finetune_seed7_pre20_proj32_mask0_03_noise0_02_mlp1_0_sup100,True,barlow,psd,all-patient,True,7,1.0,0.1,32,0.03,0.02
multimodal_psd-fc-wpli_gated_cnn,3,sub08,sub01;sub05;sub07;sub10;sub11;sub13;sub14;sub15;sub16;sub17;sub18;sub20;sub22;sub24;sub27;sub28;sub29,sub09,7,0.6416532397270203,0.7493683695793152,0.002,1e-05,1.0,1.0,False,False,multimodal,psd-fc-wpli,gated,cnn,True,finetune,segssl_barlow_all-patient_psd-fc-wpli_finetune_seed7_pre20_proj32_mask0_03_noise0_02_mlp1_0_sup100,True,barlow,psd,all-patient,True,7,1.0,0.1,32,0.03,0.02
multimodal_psd-fc-wpli_gated_cnn,3,sub08,sub01;sub05;sub07;sub10;sub11;sub13;sub14;sub15;sub16;sub17;sub18;sub20;sub22;sub24;sub27;sub28;sub29,sub09,8,0.6314218640327454,0.7703688144683838,0.002,1e-05,1.0,1.0,False,False,multimodal,psd-fc-wpli,gated,cnn,True,finetune,segssl_barlow_all-patient_psd-fc-wpli_finetune_seed7_pre20_proj32_mask0_03_noise0_02_mlp1_0_sup100,True,barlow,psd,all-patient,True,7,1.0,0.1,32,0.03,0.02
multimodal_psd-fc-wpli_gated_cnn,3,sub08,sub01;sub05;sub07;sub10;sub11;sub13;sub14;sub15;sub16;sub17;sub18;sub20;sub22;sub24;sub27;sub28;sub29,sub09,9,0.6205338835716248,0.7990189790725708,0.002,1e-05,1.0,1.0,False,False,multimodal,psd-fc-wpli,gated,cnn,True,finetune,segssl_barlow_all-patient_psd-fc-wpli_finetune_seed7_pre20_proj32_mask0_03_noise0_02_mlp1_0_sup100,True,barlow,psd,all-patient,True,7,1.0,0.1,32,0.03,0.02
multimodal_psd-fc-wpli_gated_cnn,3,sub08,sub01;sub05;sub07;sub10;sub11;sub13;sub14;sub15;sub16;sub17;sub18;sub20;sub22;sub24;sub27;sub28;sub29,sub09,10,0.6087965369224548,0.8396087884902954,0.002,1e-05,1.0,1.0,False,False,multimodal,psd-fc-wpli,gated,cnn,True,finetune,segssl_barlow_all-patient_psd-fc-wpli_finetune_seed7_pre20_proj32_mask0_03_noise0_02_mlp1_0_sup100,True,barlow,psd,all-patient,True,7,1.0,0.1,32,0.03,0.02
multimodal_psd-fc-wpli_gated_cnn,3,sub08,sub01;sub05;sub07;sub10;sub11;sub13;sub14;sub15;sub16;sub17;sub18;sub20;sub22;sub24;sub27;sub28;sub29,sub09,11,0.5959518551826477,0.8923263549804688,0.002,1e-05,1.0,1.0,False,False,multimodal,psd-fc-wpli,gated,cnn,True,finetune,segssl_barlow_all-patient_psd-fc-wpli_finetune_seed7_pre20_proj32_mask0_03_noise0_02_mlp1_0_sup100,True,barlow,psd,all-patient,True,7,1.0,0.1,32,0.03,0.02
multimodal_psd-fc-wpli_gated_cnn,3,sub08,sub01;sub05;sub07;sub10;sub11;sub13;sub14;sub15;sub16;sub17;sub18;sub20;sub22;sub24;sub27;sub28;sub29,sub09,12,0.5823093056678772,0.958082377910614,0.002,1e-05,1.0,1.0,False,False,multimodal,psd-fc-wpli,gated,cnn,True,finetune,segssl_barlow_all-patient_psd-fc-wpli_finetune_seed7_pre20_proj32_mask0_03_noise0_02_mlp1_0_sup100,True,barlow,psd,all-patient,True,7,1.0,0.1,32,0.03,0.02
multimodal_psd-fc-wpli_gated_cnn,3,sub08,sub01;sub05;sub07;sub10;sub11;sub13;sub14;sub15;sub16;sub17;sub18;sub20;sub22;sub24;sub27;sub28;sub29,sub09,13,0.5676463842391968,1.0387641191482544,0.002,1e-05,1.0,1.0,False,False,multimodal,psd-fc-wpli,gated,cnn,True,finetune,segssl_barlow_all-patient_psd-fc-wpli_finetune_seed7_pre20_proj32_mask0_03_noise0_02_mlp1_0_sup100,True,barlow,psd,all-patient,True,7,1.0,0.1,32,0.03,0.02
multimodal_psd-fc-wpli_gated_cnn,3,sub08,sub01;sub05;sub07;sub10;sub11;sub13;sub14;sub15;sub16;sub17;sub18;sub20;sub22;sub24;sub27;sub28;sub29,sub09,14,0.5518134832382202,1.133150577545166,0.002,1e-05,1.0,1.0,False,False,multimodal,psd-fc-wpli,gated,cnn,True,finetune,segssl_barlow_all-patient_psd-fc-wpli_finetune_seed7_pre20_proj32_mask0_03_noise0_02_mlp1_0_sup100,True,barlow,psd,all-patient,True,7,1.0,0.1,32,0.03,0.02
multimodal_psd-fc-wpli_gated_cnn,3,sub08,sub01;sub05;sub07;sub10;sub11;sub13;sub14;sub15;sub16;sub17;sub18;sub20;sub22;sub24;sub27;sub28;sub29,sub09,15,0.5347990393638611,1.2355444431304932,0.002,1e-05,1.0,1.0,False,False,multimodal,psd-fc-wpli,gated,cnn,True,finetune,segssl_barlow_all-patient_psd-fc-wpli_finetune_seed7_pre20_proj32_mask0_03_noise0_02_mlp1_0_sup100,True,barlow,psd,all-patient,True,7,1.0,0.1,32,0.03,0.02
multimodal_psd-fc-wpli_gated_cnn,3,sub08,sub01;sub05;sub07;sub10;sub11;sub13;sub14;sub15;sub16;sub17;sub18;sub20;sub22;sub24;sub27;sub28;sub29,sub09,16,0.5167688727378845,1.342674970626831,0.002,1e-05,1.0,1.0,False,False,multimodal,psd-fc-wpli,gated,cnn,True,finetune,segssl_barlow_all-patient_psd-fc-wpli_finetune_seed7_pre20_proj32_mask0_03_noise0_02_mlp1_0_sup100,True,barlow,psd,all-patient,True,7,1.0,0.1,32,0.03,0.02
multimodal_psd-fc-wpli_gated_cnn,3,sub08,sub01;sub05;sub07;sub10;sub11;sub13;sub14;sub15;sub16;sub17;sub18;sub20;sub22;sub24;sub27;sub28;sub29,sub09,17,0.49785175919532776,1.4510111808776855,0.002,1e-05,1.0,1.0,False,False,multimodal,psd-fc-wpli,gated,cnn,True,finetune,segssl_barlow_all-patient_psd-fc-wpli_finetune_seed7_pre20_proj32_mask0_03_noise0_02_mlp1_0_sup100,True,barlow,psd,all-patient,True,7,1.0,0.1,32,0.03,0.02
multimodal_psd-fc-wpli_gated_cnn,3,sub08,sub01;sub05;sub07;sub10;sub11;sub13;sub14;sub15;sub16;sub17;sub18;sub20;sub22;sub24;sub27;sub28;sub29,sub09,18,0.4781992435455322,1.545111060142517,0.002,1e-05,1.0,1.0,False,False,multimodal,psd-fc-wpli,gated,cnn,True,finetune,segssl_barlow_all-patient_psd-fc-wpli_finetune_seed7_pre20_proj32_mask0_03_noise0_02_mlp1_0_sup100,True,barlow,psd,all-patient,True,7,1.0,0.1,32,0.03,0.02
multimodal_psd-fc-wpli_gated_cnn,3,sub08,sub01;sub05;sub07;sub10;sub11;sub13;sub14;sub15;sub16;sub17;sub18;sub20;sub22;sub24;sub27;sub28;sub29,sub09,19,0.4575577676296234,1.6290147304534912,0.002,1e-05,1.0,1.0,False,False,multimodal,psd-fc-wpli,gated,cnn,True,finetune,segssl_barlow_all-patient_psd-fc-wpli_finetune_seed7_pre20_proj32_mask0_03_noise0_02_mlp1_0_sup100,True,barlow,psd,all-patient,True,7,1.0,0.1,32,0.03,0.02
multimodal_psd-fc-wpli_gated_cnn,3,sub08,sub01;sub05;sub07;sub10;sub11;sub13;sub14;sub15;sub16;sub17;sub18;sub20;sub22;sub24;sub27;sub28;sub29,sub09,20,0.43591561913490295,1.7098100185394287,0.002,1e-05,1.0,1.0,False,False,multimodal,psd-fc-wpli,gated,cnn,True,finetune,segssl_barlow_all-patient_psd-fc-wpli_finetune_seed7_pre20_proj32_mask0_03_noise0_02_mlp1_0_sup100,True,barlow,psd,all-patient,True,7,1.0,0.1,32,0.03,0.02
multimodal_psd-fc-wpli_gated_cnn,3,sub08,sub01;sub05;sub07;sub10;sub11;sub13;sub14;sub15;sub16;sub17;sub18;sub20;sub22;sub24;sub27;sub28;sub29,sub09,21,0.4136337637901306,1.7977783679962158,0.002,1e-05,1.0,1.0,False,False,multimodal,psd-fc-wpli,gated,cnn,True,finetune,segssl_barlow_all-patient_psd-fc-wpli_finetune_seed7_pre20_proj32_mask0_03_noise0_02_mlp1_0_sup100,True,barlow,psd,all-patient,True,7,1.0,0.1,32,0.03,0.02
multimodal_psd-fc-wpli_gated_cnn,3,sub08,sub01;sub05;sub07;sub10;sub11;sub13;sub14;sub15;sub16;sub17;sub18;sub20;sub22;sub24;sub27;sub28;sub29,sub09,22,0.39086443185806274,1.8949331045150757,0.002,1e-05,1.0,1.0,False,False,multimodal,psd-fc-wpli,gated,cnn,True,finetune,segssl_barlow_all-patient_psd-fc-wpli_finetune_seed7_pre20_proj32_mask0_03_noise0_02_mlp1_0_sup100,True,barlow,psd,all-patient,True,7,1.0,0.1,32,0.03,0.02
multimodal_psd-fc-wpli_gated_cnn,3,sub08,sub01;sub05;sub07;sub10;sub11;sub13;sub14;sub15;sub16;sub17;sub18;sub20;sub22;sub24;sub27;sub28;sub29,sub09,23,0.3674219250679016,1.9896645545959473,0.002,1e-05,1.0,1.0,False,False,multimodal,psd-fc-wpli,gated,cnn,True,finetune,segssl_barlow_all-patient_psd-fc-wpli_finetune_seed7_pre20_proj32_mask0_03_noise0_02_mlp1_0_sup100,True,barlow,psd,all-patient,True,7,1.0,0.1,32,0.03,0.02
multimodal_psd-fc-wpli_gated_cnn,3,sub08,sub01;sub05;sub07;sub10;sub11;sub13;sub14;sub15;sub16;sub17;sub18;sub20;sub22;sub24;sub27;sub28;sub29,sub09,24,0.34362438321113586,2.0717928409576416,0.002,1e-05,1.0,1.0,False,False,multimodal,psd-fc-wpli,gated,cnn,True,finetune,segssl_barlow_all-patient_psd-fc-wpli_finetune_seed7_pre20_proj32_mask0_03_noise0_02_mlp1_0_sup100,True,barlow,psd,all-patient,True,7,1.0,0.1,32,0.03,0.02
multimodal_psd-fc-wpli_gated_cnn,3,sub08,sub01;sub05;sub07;sub10;sub11;sub13;sub14;sub15;sub16;sub17;sub18;sub20;sub22;sub24;sub27;sub28;sub29,sub09,25,0.31983092427253723,2.1396355628967285,0.002,1e-05,1.0,1.0,False,False,multimodal,psd-fc-wpli,gated,cnn,True,finetune,segssl_barlow_all-patient_psd-fc-wpli_finetune_seed7_pre20_proj32_mask0_03_noise0_02_mlp1_0_sup100,True,barlow,psd,all-patient,True,7,1.0,0.1,32,0.03,0.02
multimodal_psd-fc-wpli_gated_cnn,3,sub08,sub01;sub05;sub07;sub10;sub11;sub13;sub14;sub15;sub16;sub17;sub18;sub20;sub22;sub24;sub27;sub28;sub29,sub09,26,0.2960798740386963,2.187415361404419,0.002,1e-05,1.0,1.0,False,False,multimodal,psd-fc-wpli,gated,cnn,True,finetune,segssl_barlow_all-patient_psd-fc-wpli_finetune_seed7_pre20_proj32_mask0_03_noise0_02_mlp1_0_sup100,True,barlow,psd,all-patient,True,7,1.0,0.1,32,0.03,0.02
multimodal_psd-fc-wpli_gated_cnn,3,sub08,sub01;sub05;sub07;sub10;sub11;sub13;sub14;sub15;sub16;sub17;sub18;sub20;sub22;sub24;sub27;sub28;sub29,sub09,27,0.27250510454177856,2.215933084487915,0.002,1e-05,1.0,1.0,False,False,multimodal,psd-fc-wpli,gated,cnn,True,finetune,segssl_barlow_all-patient_psd-fc-wpli_finetune_seed7_pre20_proj32_mask0_03_noise0_02_mlp1_0_sup100,True,barlow,psd,all-patient,True,7,1.0,0.1,32,0.03,0.02
multimodal_psd-fc-wpli_gated_cnn,3,sub08,sub01;sub05;sub07;sub10;sub11;sub13;sub14;sub15;sub16;sub17;sub18;sub20;sub22;sub24;sub27;sub28;sub29,sub09,28,0.24915911257266998,2.2240757942199707,0.002,1e-05,1.0,1.0,False,False,multimodal,psd-fc-wpli,gated,cnn,True,finetune,segssl_barlow_all-patient_psd-fc-wpli_finetune_seed7_pre20_proj32_mask0_03_noise0_02_mlp1_0_sup100,True,barlow,psd,all-patient,True,7,1.0,0.1,32,0.03,0.02
multimodal_psd-fc-wpli_gated_cnn,3,sub08,sub01;sub05;sub07;sub10;sub11;sub13;sub14;sub15;sub16;sub17;sub18;sub20;sub22;sub24;sub27;sub28;sub29,sub09,29,0.22624148428440094,2.209289789199829,0.002,1e-05,1.0,1.0,False,False,multimodal,psd-fc-wpli,gated,cnn,True,finetune,segssl_barlow_all-patient_psd-fc-wpli_finetune_seed7_pre20_proj32_mask0_03_noise0_02_mlp1_0_sup100,True,barlow,psd,all-patient,True,7,1.0,0.1,32,0.03,0.02
multimodal_psd-fc-wpli_gated_cnn,3,sub08,sub01;sub05;sub07;sub10;sub11;sub13;sub14;sub15;sub16;sub17;sub18;sub20;sub22;sub24;sub27;sub28;sub29,sub09,30,0.20422852039337158,2.197908401489258,0.002,1e-05,1.0,1.0,False,False,multimodal,psd-fc-wpli,gated,cnn,True,finetune,segssl_barlow_all-patient_psd-fc-wpli_finetune_seed7_pre20_proj32_mask0_03_noise0_02_mlp1_0_sup100,True,barlow,psd,all-patient,True,7,1.0,0.1,32,0.03,0.02
multimodal_psd-fc-wpli_gated_cnn,3,sub08,sub01;sub05;sub07;sub10;sub11;sub13;sub14;sub15;sub16;sub17;sub18;sub20;sub22;sub24;sub27;sub28;sub29,sub09,31,0.18333999812602997,2.197361946105957,0.002,1e-05,1.0,1.0,False,False,multimodal,psd-fc-wpli,gated,cnn,True,finetune,segssl_barlow_all-patient_psd-fc-wpli_finetune_seed7_pre20_proj32_mask0_03_noise0_02_mlp1_0_sup100,True,barlow,psd,all-patient,True,7,1.0,0.1,32,0.03,0.02
multimodal_psd-fc-wpli_gated_cnn,3,sub08,sub01;sub05;sub07;sub10;sub11;sub13;sub14;sub15;sub16;sub17;sub18;sub20;sub22;sub24;sub27;sub28;sub29,sub09,32,0.16354331374168396,2.1807432174682617,0.002,1e-05,1.0,1.0,False,False,multimodal,psd-fc-wpli,gated,cnn,True,finetune,segssl_barlow_all-patient_psd-fc-wpli_finetune_seed7_pre20_proj32_mask0_03_noise0_02_mlp1_0_sup100,True,barlow,psd,all-patient,True,7,1.0,0.1,32,0.03,0.02
multimodal_psd-fc-wpli_gated_cnn,3,sub08,sub01;sub05;sub07;sub10;sub11;sub13;sub14;sub15;sub16;sub17;sub18;sub20;sub22;sub24;sub27;sub28;sub29,sub09,33,0.1451403945684433,2.141685724258423,0.002,1e-05,1.0,1.0,False,False,multimodal,psd-fc-wpli,gated,cnn,True,finetune,segssl_barlow_all-patient_psd-fc-wpli_finetune_seed7_pre20_proj32_mask0_03_noise0_02_mlp1_0_sup100,True,barlow,psd,all-patient,True,7,1.0,0.1,32,0.03,0.02
multimodal_psd-fc-wpli_gated_cnn,3,sub08,sub01;sub05;sub07;sub10;sub11;sub13;sub14;sub15;sub16;sub17;sub18;sub20;sub22;sub24;sub27;sub28;sub29,sub09,34,0.1279928833246231,2.0870132446289062,0.002,1e-05,1.0,1.0,False,False,multimodal,psd-fc-wpli,gated,cnn,True,finetune,segssl_barlow_all-patient_psd-fc-wpli_finetune_seed7_pre20_proj32_mask0_03_noise0_02_mlp1_0_sup100,True,barlow,psd,all-patient,True,7,1.0,0.1,32,0.03,0.02
multimodal_psd-fc-wpli_gated_cnn,3,sub08,sub01;sub05;sub07;sub10;sub11;sub13;sub14;sub15;sub16;sub17;sub18;sub20;sub22;sub24;sub27;sub28;sub29,sub09,35,0.11217431724071503,2.0271925926208496,0.002,1e-05,1.0,1.0,False,False,multimodal,psd-fc-wpli,gated,cnn,True,finetune,segssl_barlow_all-patient_psd-fc-wpli_finetune_seed7_pre20_proj32_mask0_03_noise0_02_mlp1_0_sup100,True,barlow,psd,all-patient,True,7,1.0,0.1,32,0.03,0.02
multimodal_psd-fc-wpli_gated_cnn,3,sub08,sub01;sub05;sub07;sub10;sub11;sub13;sub14;sub15;sub16;sub17;sub18;sub20;sub22;sub24;sub27;sub28;sub29,sub09,36,0.09779920428991318,1.9843218326568604,0.002,1e-05,1.0,1.0,False,False,multimodal,psd-fc-wpli,gated,cnn,True,finetune,segssl_barlow_all-patient_psd-fc-wpli_finetune_seed7_pre20_proj32_mask0_03_noise0_02_mlp1_0_sup100,True,barlow,psd,all-patient,True,7,1.0,0.1,32,0.03,0.02
multimodal_psd-fc-wpli_gated_cnn,3,sub08,sub01;sub05;sub07;sub10;sub11;sub13;sub14;sub15;sub16;sub17;sub18;sub20;sub22;sub24;sub27;sub28;sub29,sub09,37,0.08484479784965515,1.9596798419952393,0.002,1e-05,1.0,1.0,False,False,multimodal,psd-fc-wpli,gated,cnn,True,finetune,segssl_barlow_all-patient_psd-fc-wpli_finetune_seed7_pre20_proj32_mask0_03_noise0_02_mlp1_0_sup100,True,barlow,psd,all-patient,True,7,1.0,0.1,32,0.03,0.02
multimodal_psd-fc-wpli_gated_cnn,3,sub08,sub01;sub05;sub07;sub10;sub11;sub13;sub14;sub15;sub16;sub17;sub18;sub20;sub22;sub24;sub27;sub28;sub29,sub09,38,0.07322128862142563,1.9459564685821533,0.002,1e-05,1.0,1.0,False,False,multimodal,psd-fc-wpli,gated,cnn,True,finetune,segssl_barlow_all-patient_psd-fc-wpli_finetune_seed7_pre20_proj32_mask0_03_noise0_02_mlp1_0_sup100,True,barlow,psd,all-patient,True,7,1.0,0.1,32,0.03,0.02
multimodal_psd-fc-wpli_gated_cnn,3,sub08,sub01;sub05;sub07;sub10;sub11;sub13;sub14;sub15;sub16;sub17;sub18;sub20;sub22;sub24;sub27;sub28;sub29,sub09,39,0.06302748620510101,1.9322453737258911,0.002,1e-05,1.0,1.0,False,False,multimodal,psd-fc-wpli,gated,cnn,True,finetune,segssl_barlow_all-patient_psd-fc-wpli_finetune_seed7_pre20_proj32_mask0_03_noise0_02_mlp1_0_sup100,True,barlow,psd,all-patient,True,7,1.0,0.1,32,0.03,0.02
multimodal_psd-fc-wpli_gated_cnn,3,sub08,sub01;sub05;sub07;sub10;sub11;sub13;sub14;sub15;sub16;sub17;sub18;sub20;sub22;sub24;sub27;sub28;sub29,sub09,40,0.05416006222367287,1.9053202867507935,0.002,1e-05,1.0,1.0,False,False,multimodal,psd-fc-wpli,gated,cnn,True,finetune,segssl_barlow_all-patient_psd-fc-wpli_finetune_seed7_pre20_proj32_mask0_03_noise0_02_mlp1_0_sup100,True,barlow,psd,all-patient,True,7,1.0,0.1,32,0.03,0.02
multimodal_psd-fc-wpli_gated_cnn,3,sub08,sub01;sub05;sub07;sub10;sub11;sub13;sub14;sub15;sub16;sub17;sub18;sub20;sub22;sub24;sub27;sub28;sub29,sub09,41,0.0464998297393322,1.8626041412353516,0.002,1e-05,1.0,1.0,False,False,multimodal,psd-fc-wpli,gated,cnn,True,finetune,segssl_barlow_all-patient_psd-fc-wpli_finetune_seed7_pre20_proj32_mask0_03_noise0_02_mlp1_0_sup100,True,barlow,psd,all-patient,True,7,1.0,0.1,32,0.03,0.02
multimodal_psd-fc-wpli_gated_cnn,3,sub08,sub01;sub05;sub07;sub10;sub11;sub13;sub14;sub15;sub16;sub17;sub18;sub20;sub22;sub24;sub27;sub28;sub29,sub09,42,0.03986958786845207,1.8047258853912354,0.002,1e-05,1.0,1.0,False,False,multimodal,psd-fc-wpli,gated,cnn,True,finetune,segssl_barlow_all-patient_psd-fc-wpli_finetune_seed7_pre20_proj32_mask0_03_noise0_02_mlp1_0_sup100,True,barlow,psd,all-patient,True,7,1.0,0.1,32,0.03,0.02
multimodal_psd-fc-wpli_gated_cnn,3,sub08,sub01;sub05;sub07;sub10;sub11;sub13;sub14;sub15;sub16;sub17;sub18;sub20;sub22;sub24;sub27;sub28;sub29,sub09,43,0.03416457027196884,1.7274078130722046,0.002,1e-05,1.0,1.0,False,False,multimodal,psd-fc-wpli,gated,cnn,True,finetune,segssl_barlow_all-patient_psd-fc-wpli_finetune_seed7_pre20_proj32_mask0_03_noise0_02_mlp1_0_sup100,True,barlow,psd,all-patient,True,7,1.0,0.1,32,0.03,0.02
multimodal_psd-fc-wpli_gated_cnn,3,sub08,sub01;sub05;sub07;sub10;sub11;sub13;sub14;sub15;sub16;sub17;sub18;sub20;sub22;sub24;sub27;sub28;sub29,sub09,44,0.029278218746185303,1.6448198556900024,0.002,1e-05,1.0,1.0,False,False,multimodal,psd-fc-wpli,gated,cnn,True,finetune,segssl_barlow_all-patient_psd-fc-wpli_finetune_seed7_pre20_proj32_mask0_03_noise0_02_mlp1_0_sup100,True,barlow,psd,all-patient,True,7,1.0,0.1,32,0.03,0.02
multimodal_psd-fc-wpli_gated_cnn,3,sub08,sub01;sub05;sub07;sub10;sub11;sub13;sub14;sub15;sub16;sub17;sub18;sub20;sub22;sub24;sub27;sub28;sub29,sub09,45,0.02510935254395008,1.5707087516784668,0.002,1e-05,1.0,1.0,False,False,multimodal,psd-fc-wpli,gated,cnn,True,finetune,segssl_barlow_all-patient_psd-fc-wpli_finetune_seed7_pre20_proj32_mask0_03_noise0_02_mlp1_0_sup100,True,barlow,psd,all-patient,True,7,1.0,0.1,32,0.03,0.02
multimodal_psd-fc-wpli_gated_cnn,3,sub08,sub01;sub05;sub07;sub10;sub11;sub13;sub14;sub15;sub16;sub17;sub18;sub20;sub22;sub24;sub27;sub28;sub29,sub09,46,0.021566053852438927,1.512053370475769,0.002,1e-05,1.0,1.0,False,False,multimodal,psd-fc-wpli,gated,cnn,True,finetune,segssl_barlow_all-patient_psd-fc-wpli_finetune_seed7_pre20_proj32_mask0_03_noise0_02_mlp1_0_sup100,True,barlow,psd,all-patient,True,7,1.0,0.1,32,0.03,0.02
multimodal_psd-fc-wpli_gated_cnn,3,sub08,sub01;sub05;sub07;sub10;sub11;sub13;sub14;sub15;sub16;sub17;sub18;sub20;sub22;sub24;sub27;sub28;sub29,sub09,47,0.018555089831352234,1.4727047681808472,0.002,1e-05,1.0,1.0,False,False,multimodal,psd-fc-wpli,gated,cnn,True,finetune,segssl_barlow_all-patient_psd-fc-wpli_finetune_seed7_pre20_proj32_mask0_03_noise0_02_mlp1_0_sup100,True,barlow,psd,all-patient,True,7,1.0,0.1,32,0.03,0.02
multimodal_psd-fc-wpli_gated_cnn,3,sub08,sub01;sub05;sub07;sub10;sub11;sub13;sub14;sub15;sub16;sub17;sub18;sub20;sub22;sub24;sub27;sub28;sub29,sub09,48,0.015982849523425102,1.4495067596435547,0.002,1e-05,1.0,1.0,False,False,multimodal,psd-fc-wpli,gated,cnn,True,finetune,segssl_barlow_all-patient_psd-fc-wpli_finetune_seed7_pre20_proj32_mask0_03_noise0_02_mlp1_0_sup100,True,barlow,psd,all-patient,True,7,1.0,0.1,32,0.03,0.02
multimodal_psd-fc-wpli_gated_cnn,3,sub08,sub01;sub05;sub07;sub10;sub11;sub13;sub14;sub15;sub16;sub17;sub18;sub20;sub22;sub24;sub27;sub28;sub29,sub09,49,0.01380273886024952,1.4360525608062744,0.002,1e-05,1.0,1.0,False,False,multimodal,psd-fc-wpli,gated,cnn,True,finetune,segssl_barlow_all-patient_psd-fc-wpli_finetune_seed7_pre20_proj32_mask0_03_noise0_02_mlp1_0_sup100,True,barlow,psd,all-patient,True,7,1.0,0.1,32,0.03,0.02
multimodal_psd-fc-wpli_gated_cnn,3,sub08,sub01;sub05;sub07;sub10;sub11;sub13;sub14;sub15;sub16;sub17;sub18;sub20;sub22;sub24;sub27;sub28;sub29,sub09,50,0.011961545795202255,1.4277182817459106,0.002,1e-05,1.0,1.0,False,False,multimodal,psd-fc-wpli,gated,cnn,True,finetune,segssl_barlow_all-patient_psd-fc-wpli_finetune_seed7_pre20_proj32_mask0_03_noise0_02_mlp1_0_sup100,True,barlow,psd,all-patient,True,7,1.0,0.1,32,0.03,0.02
multimodal_psd-fc-wpli_gated_cnn,3,sub08,sub01;sub05;sub07;sub10;sub11;sub13;sub14;sub15;sub16;sub17;sub18;sub20;sub22;sub24;sub27;sub28;sub29,sub09,51,0.010398236103355885,1.4217190742492676,0.002,1e-05,1.0,1.0,False,False,multimodal,psd-fc-wpli,gated,cnn,True,finetune,segssl_barlow_all-patient_psd-fc-wpli_finetune_seed7_pre20_proj32_mask0_03_noise0_02_mlp1_0_sup100,True,barlow,psd,all-patient,True,7,1.0,0.1,32,0.03,0.02
multimodal_psd-fc-wpli_gated_cnn,3,sub08,sub01;sub05;sub07;sub10;sub11;sub13;sub14;sub15;sub16;sub17;sub18;sub20;sub22;sub24;sub27;sub28;sub29,sub09,52,0.009072517976164818,1.415900468826294,0.001,1e-05,1.0,1.0,False,False,multimodal,psd-fc-wpli,gated,cnn,True,finetune,segssl_barlow_all-patient_psd-fc-wpli_finetune_seed7_pre20_proj32_mask0_03_noise0_02_mlp1_0_sup100,True,barlow,psd,all-patient,True,7,1.0,0.1,32,0.03,0.02
multimodal_psd-fc-wpli_gated_cnn,3,sub08,sub01;sub05;sub07;sub10;sub11;sub13;sub14;sub15;sub16;sub17;sub18;sub20;sub22;sub24;sub27;sub28;sub29,sub09,53,0.007948894053697586,1.3957935571670532,0.001,1e-05,1.0,1.0,False,False,multimodal,psd-fc-wpli,gated,cnn,True,finetune,segssl_barlow_all-patient_psd-fc-wpli_finetune_seed7_pre20_proj32_mask0_03_noise0_02_mlp1_0_sup100,True,barlow,psd,all-patient,True,7,1.0,0.1,32,0.03,0.02
multimodal_psd-fc-wpli_gated_cnn,3,sub08,sub01;sub05;sub07;sub10;sub11;sub13;sub14;sub15;sub16;sub17;sub18;sub20;sub22;sub24;sub27;sub28;sub29,sub09,54,0.00745779974386096,1.3782655000686646,0.001,1e-05,1.0,1.0,False,False,multimodal,psd-fc-wpli,gated,cnn,True,finetune,segssl_barlow_all-patient_psd-fc-wpli_finetune_seed7_pre20_proj32_mask0_03_noise0_02_mlp1_0_sup100,True,barlow,psd,all-patient,True,7,1.0,0.1,32,0.03,0.02
multimodal_psd-fc-wpli_gated_cnn,3,sub08,sub01;sub05;sub07;sub10;sub11;sub13;sub14;sub15;sub16;sub17;sub18;sub20;sub22;sub24;sub27;sub28;sub29,sub09,55,0.007015377748757601,1.3629984855651855,0.001,1e-05,1.0,1.0,False,False,multimodal,psd-fc-wpli,gated,cnn,True,finetune,segssl_barlow_all-patient_psd-fc-wpli_finetune_seed7_pre20_proj32_mask0_03_noise0_02_mlp1_0_sup100,True,barlow,psd,all-patient,True,7,1.0,0.1,32,0.03,0.02
multimodal_psd-fc-wpli_gated_cnn,3,sub08,sub01;sub05;sub07;sub10;sub11;sub13;sub14;sub15;sub16;sub17;sub18;sub20;sub22;sub24;sub27;sub28;sub29,sub09,56,0.006616910453885794,1.350266695022583,0.001,1e-05,1.0,1.0,False,False,multimodal,psd-fc-wpli,gated,cnn,True,finetune,segssl_barlow_all-patient_psd-fc-wpli_finetune_seed7_pre20_proj32_mask0_03_noise0_02_mlp1_0_sup100,True,barlow,psd,all-patient,True,7,1.0,0.1,32,0.03,0.02
multimodal_psd-fc-wpli_gated_cnn,3,sub08,sub01;sub05;sub07;sub10;sub11;sub13;sub14;sub15;sub16;sub17;sub18;sub20;sub22;sub24;sub27;sub28;sub29,sub09,57,0.006257233675569296,1.3396472930908203,0.001,1e-05,1.0,1.0,False,False,multimodal,psd-fc-wpli,gated,cnn,True,finetune,segssl_barlow_all-patient_psd-fc-wpli_finetune_seed7_pre20_proj32_mask0_03_noise0_02_mlp1_0_sup100,True,barlow,psd,all-patient,True,7,1.0,0.1,32,0.03,0.02
multimodal_psd-fc-wpli_gated_cnn,3,sub08,sub01;sub05;sub07;sub10;sub11;sub13;sub14;sub15;sub16;sub17;sub18;sub20;sub22;sub24;sub27;sub28;sub29,sub09,58,0.005931264255195856,1.3307905197143555,0.001,1e-05,1.0,1.0,False,False,multimodal,psd-fc-wpli,gated,cnn,True,finetune,segssl_barlow_all-patient_psd-fc-wpli_finetune_seed7_pre20_proj32_mask0_03_noise0_02_mlp1_0_sup100,True,barlow,psd,all-patient,True,7,1.0,0.1,32,0.03,0.02
multimodal_psd-fc-wpli_gated_cnn,3,sub08,sub01;sub05;sub07;sub10;sub11;sub13;sub14;sub15;sub16;sub17;sub18;sub20;sub22;sub24;sub27;sub28;sub29,sub09,59,0.005634232424199581,1.3230013847351074,0.001,1e-05,1.0,1.0,False,False,multimodal,psd-fc-wpli,gated,cnn,True,finetune,segssl_barlow_all-patient_psd-fc-wpli_finetune_seed7_pre20_proj32_mask0_03_noise0_02_mlp1_0_sup100,True,barlow,psd,all-patient,True,7,1.0,0.1,32,0.03,0.02
multimodal_psd-fc-wpli_gated_cnn,3,sub08,sub01;sub05;sub07;sub10;sub11;sub13;sub14;sub15;sub16;sub17;sub18;sub20;sub22;sub24;sub27;sub28;sub29,sub09,60,0.005363323260098696,1.3158986568450928,0.001,1e-05,1.0,1.0,False,False,multimodal,psd-fc-wpli,gated,cnn,True,finetune,segssl_barlow_all-patient_psd-fc-wpli_finetune_seed7_pre20_proj32_mask0_03_noise0_02_mlp1_0_sup100,True,barlow,psd,all-patient,True,7,1.0,0.1,32,0.03,0.02
multimodal_psd-fc-wpli_gated_cnn,3,sub08,sub01;sub05;sub07;sub10;sub11;sub13;sub14;sub15;sub16;sub17;sub18;sub20;sub22;sub24;sub27;sub28;sub29,sub09,61,0.00511576933786273,1.3089081048965454,0.001,1e-05,1.0,1.0,False,False,multimodal,psd-fc-wpli,gated,cnn,True,finetune,segssl_barlow_all-patient_psd-fc-wpli_finetune_seed7_pre20_proj32_mask0_03_noise0_02_mlp1_0_sup100,True,barlow,psd,all-patient,True,7,1.0,0.1,32,0.03,0.02
multimodal_psd-fc-wpli_gated_cnn,3,sub08,sub01;sub05;sub07;sub10;sub11;sub13;sub14;sub15;sub16;sub17;sub18;sub20;sub22;sub24;sub27;sub28;sub29,sub09,62,0.004890055861324072,1.3007534742355347,0.001,1e-05,1.0,1.0,False,False,multimodal,psd-fc-wpli,gated,cnn,True,finetune,segssl_barlow_all-patient_psd-fc-wpli_finetune_seed7_pre20_proj32_mask0_03_noise0_02_mlp1_0_sup100,True,barlow,psd,all-patient,True,7,1.0,0.1,32,0.03,0.02
multimodal_psd-fc-wpli_gated_cnn,3,sub08,sub01;sub05;sub07;sub10;sub11;sub13;sub14;sub15;sub16;sub17;sub18;sub20;sub22;sub24;sub27;sub28;sub29,sub09,63,0.0046828994527459145,1.2915599346160889,0.001,1e-05,1.0,1.0,False,False,multimodal,psd-fc-wpli,gated,cnn,True,finetune,segssl_barlow_all-patient_psd-fc-wpli_finetune_seed7_pre20_proj32_mask0_03_noise0_02_mlp1_0_sup100,True,barlow,psd,all-patient,True,7,1.0,0.1,32,0.03,0.02
multimodal_psd-fc-wpli_gated_cnn,3,sub08,sub01;sub05;sub07;sub10;sub11;sub13;sub14;sub15;sub16;sub17;sub18;sub20;sub22;sub24;sub27;sub28;sub29,sub09,64,0.0044923704117536545,1.281246304512024,0.001,1e-05,1.0,1.0,False,False,multimodal,psd-fc-wpli,gated,cnn,True,finetune,segssl_barlow_all-patient_psd-fc-wpli_finetune_seed7_pre20_proj32_mask0_03_noise0_02_mlp1_0_sup100,True,barlow,psd,all-patient,True,7,1.0,0.1,32,0.03,0.02
multimodal_psd-fc-wpli_gated_cnn,3,sub08,sub01;sub05;sub07;sub10;sub11;sub13;sub14;sub15;sub16;sub17;sub18;sub20;sub22;sub24;sub27;sub28;sub29,sub09,65,0.004317191429436207,1.2697992324829102,0.001,1e-05,1.0,1.0,False,False,multimodal,psd-fc-wpli,gated,cnn,True,finetune,segssl_barlow_all-patient_psd-fc-wpli_finetune_seed7_pre20_proj32_mask0_03_noise0_02_mlp1_0_sup100,True,barlow,psd,all-patient,True,7,1.0,0.1,32,0.03,0.02
multimodal_psd-fc-wpli_gated_cnn,3,sub08,sub01;sub05;sub07;sub10;sub11;sub13;sub14;sub15;sub16;sub17;sub18;sub20;sub22;sub24;sub27;sub28;sub29,sub09,66,0.004154462832957506,1.2574387788772583,0.001,1e-05,1.0,1.0,False,False,multimodal,psd-fc-wpli,gated,cnn,True,finetune,segssl_barlow_all-patient_psd-fc-wpli_finetune_seed7_pre20_proj32_mask0_03_noise0_02_mlp1_0_sup100,True,barlow,psd,all-patient,True,7,1.0,0.1,32,0.03,0.02
multimodal_psd-fc-wpli_gated_cnn,3,sub08,sub01;sub05;sub07;sub10;sub11;sub13;sub14;sub15;sub16;sub17;sub18;sub20;sub22;sub24;sub27;sub28;sub29,sub09,67,0.004003097303211689,1.2443927526474,0.001,1e-05,1.0,1.0,False,False,multimodal,psd-fc-wpli,gated,cnn,True,finetune,segssl_barlow_all-patient_psd-fc-wpli_finetune_seed7_pre20_proj32_mask0_03_noise0_02_mlp1_0_sup100,True,barlow,psd,all-patient,True,7,1.0,0.1,32,0.03,0.02
multimodal_psd-fc-wpli_gated_cnn,3,sub08,sub01;sub05;sub07;sub10;sub11;sub13;sub14;sub15;sub16;sub17;sub18;sub20;sub22;sub24;sub27;sub28;sub29,sub09,68,0.0038620487321168184,1.2308472394943237,0.001,1e-05,1.0,1.0,False,False,multimodal,psd-fc-wpli,gated,cnn,True,finetune,segssl_barlow_all-patient_psd-fc-wpli_finetune_seed7_pre20_proj32_mask0_03_noise0_02_mlp1_0_sup100,True,barlow,psd,all-patient,True,7,1.0,0.1,32,0.03,0.02
multimodal_psd-fc-wpli_gated_cnn,3,sub08,sub01;sub05;sub07;sub10;sub11;sub13;sub14;sub15;sub16;sub17;sub18;sub20;sub22;sub24;sub27;sub28;sub29,sub09,69,0.0037305315490812063,1.2170783281326294,0.001,1e-05,1.0,1.0,False,False,multimodal,psd-fc-wpli,gated,cnn,True,finetune,segssl_barlow_all-patient_psd-fc-wpli_finetune_seed7_pre20_proj32_mask0_03_noise0_02_mlp1_0_sup100,True,barlow,psd,all-patient,True,7,1.0,0.1,32,0.03,0.02
multimodal_psd-fc-wpli_gated_cnn,3,sub08,sub01;sub05;sub07;sub10;sub11;sub13;sub14;sub15;sub16;sub17;sub18;sub20;sub22;sub24;sub27;sub28;sub29,sub09,70,0.003607909893617034,1.2036042213439941,0.001,1e-05,1.0,1.0,False,False,multimodal,psd-fc-wpli,gated,cnn,True,finetune,segssl_barlow_all-patient_psd-fc-wpli_finetune_seed7_pre20_proj32_mask0_03_noise0_02_mlp1_0_sup100,True,barlow,psd,all-patient,True,7,1.0,0.1,32,0.03,0.02
multimodal_psd-fc-wpli_gated_cnn,3,sub08,sub01;sub05;sub07;sub10;sub11;sub13;sub14;sub15;sub16;sub17;sub18;sub20;sub22;sub24;sub27;sub28;sub29,sub09,71,0.0034938252065330744,1.1914052963256836,0.001,1e-05,1.0,1.0,False,False,multimodal,psd-fc-wpli,gated,cnn,True,finetune,segssl_barlow_all-patient_psd-fc-wpli_finetune_seed7_pre20_proj32_mask0_03_noise0_02_mlp1_0_sup100,True,barlow,psd,all-patient,True,7,1.0,0.1,32,0.03,0.02
multimodal_psd-fc-wpli_gated_cnn,3,sub08,sub01;sub05;sub07;sub10;sub11;sub13;sub14;sub15;sub16;sub17;sub18;sub20;sub22;sub24;sub27;sub28;sub29,sub09,72,0.0033875731751322746,1.181815266609192,0.001,1e-05,1.0,1.0,False,False,multimodal,psd-fc-wpli,gated,cnn,True,finetune,segssl_barlow_all-patient_psd-fc-wpli_finetune_seed7_pre20_proj32_mask0_03_noise0_02_mlp1_0_sup100,True,barlow,psd,all-patient,True,7,1.0,0.1,32,0.03,0.02
multimodal_psd-fc-wpli_gated_cnn,3,sub08,sub01;sub05;sub07;sub10;sub11;sub13;sub14;sub15;sub16;sub17;sub18;sub20;sub22;sub24;sub27;sub28;sub29,sub09,73,0.0032875891774892807,1.1751629114151,0.001,1e-05,1.0,1.0,False,False,multimodal,psd-fc-wpli,gated,cnn,True,finetune,segssl_barlow_all-patient_psd-fc-wpli_finetune_seed7_pre20_proj32_mask0_03_noise0_02_mlp1_0_sup100,True,barlow,psd,all-patient,True,7,1.0,0.1,32,0.03,0.02
multimodal_psd-fc-wpli_gated_cnn,3,sub08,sub01;sub05;sub07;sub10;sub11;sub13;sub14;sub15;sub16;sub17;sub18;sub20;sub22;sub24;sub27;sub28;sub29,sub09,74,0.0031929719261825085,1.1711052656173706,0.001,1e-05,1.0,1.0,False,False,multimodal,psd-fc-wpli,gated,cnn,True,finetune,segssl_barlow_all-patient_psd-fc-wpli_finetune_seed7_pre20_proj32_mask0_03_noise0_02_mlp1_0_sup100,True,barlow,psd,all-patient,True,7,1.0,0.1,32,0.03,0.02
multimodal_psd-fc-wpli_gated_cnn,3,sub08,sub01;sub05;sub07;sub10;sub11;sub13;sub14;sub15;sub16;sub17;sub18;sub20;sub22;sub24;sub27;sub28;sub29,sub09,75,0.0031036916188895702,1.1681352853775024,0.001,1e-05,1.0,1.0,False,False,multimodal,psd-fc-wpli,gated,cnn,True,finetune,segssl_barlow_all-patient_psd-fc-wpli_finetune_seed7_pre20_proj32_mask0_03_noise0_02_mlp1_0_sup100,True,barlow,psd,all-patient,True,7,1.0,0.1,32,0.03,0.02
multimodal_psd-fc-wpli_gated_cnn,3,sub08,sub01;sub05;sub07;sub10;sub11;sub13;sub14;sub15;sub16;sub17;sub18;sub20;sub22;sub24;sub27;sub28;sub29,sub09,76,0.003019588068127632,1.1661131381988525,0.001,1e-05,1.0,1.0,False,False,multimodal,psd-fc-wpli,gated,cnn,True,finetune,segssl_barlow_all-patient_psd-fc-wpli_finetune_seed7_pre20_proj32_mask0_03_noise0_02_mlp1_0_sup100,True,barlow,psd,all-patient,True,7,1.0,0.1,32,0.03,0.02
multimodal_psd-fc-wpli_gated_cnn,3,sub08,sub01;sub05;sub07;sub10;sub11;sub13;sub14;sub15;sub16;sub17;sub18;sub20;sub22;sub24;sub27;sub28;sub29,sub09,77,0.002940278733149171,1.1648486852645874,0.001,1e-05,1.0,1.0,False,False,multimodal,psd-fc-wpli,gated,cnn,True,finetune,segssl_barlow_all-patient_psd-fc-wpli_finetune_seed7_pre20_proj32_mask0_03_noise0_02_mlp1_0_sup100,True,barlow,psd,all-patient,True,7,1.0,0.1,32,0.03,0.02
multimodal_psd-fc-wpli_gated_cnn,3,sub08,sub01;sub05;sub07;sub10;sub11;sub13;sub14;sub15;sub16;sub17;sub18;sub20;sub22;sub24;sub27;sub28;sub29,sub09,78,0.002865080488845706,1.1641439199447632,0.001,1e-05,1.0,1.0,False,False,multimodal,psd-fc-wpli,gated,cnn,True,finetune,segssl_barlow_all-patient_psd-fc-wpli_finetune_seed7_pre20_proj32_mask0_03_noise0_02_mlp1_0_sup100,True,barlow,psd,all-patient,True,7,1.0,0.1,32,0.03,0.02
multimodal_psd-fc-wpli_gated_cnn,3,sub08,sub01;sub05;sub07;sub10;sub11;sub13;sub14;sub15;sub16;sub17;sub18;sub20;sub22;sub24;sub27;sub28;sub29,sub09,79,0.0027935479301959276,1.1639466285705566,0.001,1e-05,1.0,1.0,False,False,multimodal,psd-fc-wpli,gated,cnn,True,finetune,segssl_barlow_all-patient_psd-fc-wpli_finetune_seed7_pre20_proj32_mask0_03_noise0_02_mlp1_0_sup100,True,barlow,psd,all-patient,True,7,1.0,0.1,32,0.03,0.02
multimodal_psd-fc-wpli_gated_cnn,3,sub08,sub01;sub05;sub07;sub10;sub11;sub13;sub14;sub15;sub16;sub17;sub18;sub20;sub22;sub24;sub27;sub28;sub29,sub09,80,0.0027253772132098675,1.1640522480010986,0.001,1e-05,1.0,1.0,False,False,multimodal,psd-fc-wpli,gated,cnn,True,finetune,segssl_barlow_all-patient_psd-fc-wpli_finetune_seed7_pre20_proj32_mask0_03_noise0_02_mlp1_0_sup100,True,barlow,psd,all-patient,True,7,1.0,0.1,32,0.03,0.02
multimodal_psd-fc-wpli_gated_cnn,3,sub08,sub01;sub05;sub07;sub10;sub11;sub13;sub14;sub15;sub16;sub17;sub18;sub20;sub22;sub24;sub27;sub28;sub29,sub09,81,0.002660347381606698,1.1643848419189453,0.001,1e-05,1.0,1.0,False,False,multimodal,psd-fc-wpli,gated,cnn,True,finetune,segssl_barlow_all-patient_psd-fc-wpli_finetune_seed7_pre20_proj32_mask0_03_noise0_02_mlp1_0_sup100,True,barlow,psd,all-patient,True,7,1.0,0.1,32,0.03,0.02
multimodal_psd-fc-wpli_gated_cnn,3,sub08,sub01;sub05;sub07;sub10;sub11;sub13;sub14;sub15;sub16;sub17;sub18;sub20;sub22;sub24;sub27;sub28;sub29,sub09,82,0.002598101506009698,1.1648756265640259,0.001,1e-05,1.0,1.0,False,False,multimodal,psd-fc-wpli,gated,cnn,True,finetune,segssl_barlow_all-patient_psd-fc-wpli_finetune_seed7_pre20_proj32_mask0_03_noise0_02_mlp1_0_sup100,True,barlow,psd,all-patient,True,7,1.0,0.1,32,0.03,0.02
multimodal_psd-fc-wpli_gated_cnn,3,sub08,sub01;sub05;sub07;sub10;sub11;sub13;sub14;sub15;sub16;sub17;sub18;sub20;sub22;sub24;sub27;sub28;sub29,sub09,83,0.002538521308451891,1.1655590534210205,0.001,1e-05,1.0,1.0,False,False,multimodal,psd-fc-wpli,gated,cnn,True,finetune,segssl_barlow_all-patient_psd-fc-wpli_finetune_seed7_pre20_proj32_mask0_03_noise0_02_mlp1_0_sup100,True,barlow,psd,all-patient,True,7,1.0,0.1,32,0.03,0.02
multimodal_psd-fc-wpli_gated_cnn,3,sub08,sub01;sub05;sub07;sub10;sub11;sub13;sub14;sub15;sub16;sub17;sub18;sub20;sub22;sub24;sub27;sub28;sub29,sub09,84,0.0024814472999423742,1.1668567657470703,0.001,1e-05,1.0,1.0,False,False,multimodal,psd-fc-wpli,gated,cnn,True,finetune,segssl_barlow_all-patient_psd-fc-wpli_finetune_seed7_pre20_proj32_mask0_03_noise0_02_mlp1_0_sup100,True,barlow,psd,all-patient,True,7,1.0,0.1,32,0.03,0.02
multimodal_psd-fc-wpli_gated_cnn,3,sub08,sub01;sub05;sub07;sub10;sub11;sub13;sub14;sub15;sub16;sub17;sub18;sub20;sub22;sub24;sub27;sub28;sub29,sub09,85,0.0024267977569252253,1.1685220003128052,0.001,1e-05,1.0,1.0,False,False,multimodal,psd-fc-wpli,gated,cnn,True,finetune,segssl_barlow_all-patient_psd-fc-wpli_finetune_seed7_pre20_proj32_mask0_03_noise0_02_mlp1_0_sup100,True,barlow,psd,all-patient,True,7,1.0,0.1,32,0.03,0.02
multimodal_psd-fc-wpli_gated_cnn,3,sub08,sub01;sub05;sub07;sub10;sub11;sub13;sub14;sub15;sub16;sub17;sub18;sub20;sub22;sub24;sub27;sub28;sub29,sub09,86,0.0023742711637169123,1.1705807447433472,0.001,1e-05,1.0,1.0,False,False,multimodal,psd-fc-wpli,gated,cnn,True,finetune,segssl_barlow_all-patient_psd-fc-wpli_finetune_seed7_pre20_proj32_mask0_03_noise0_02_mlp1_0_sup100,True,barlow,psd,all-patient,True,7,1.0,0.1,32,0.03,0.02
multimodal_psd-fc-wpli_gated_cnn,3,sub08,sub01;sub05;sub07;sub10;sub11;sub13;sub14;sub15;sub16;sub17;sub18;sub20;sub22;sub24;sub27;sub28;sub29,sub09,87,0.0023238409776240587,1.1723060607910156,0.001,1e-05,1.0,1.0,False,False,multimodal,psd-fc-wpli,gated,cnn,True,finetune,segssl_barlow_all-patient_psd-fc-wpli_finetune_seed7_pre20_proj32_mask0_03_noise0_02_mlp1_0_sup100,True,barlow,psd,all-patient,True,7,1.0,0.1,32,0.03,0.02
multimodal_psd-fc-wpli_gated_cnn,3,sub08,sub01;sub05;sub07;sub10;sub11;sub13;sub14;sub15;sub16;sub17;sub18;sub20;sub22;sub24;sub27;sub28;sub29,sub09,88,0.0022753248922526836,1.173680305480957,0.001,1e-05,1.0,1.0,False,False,multimodal,psd-fc-wpli,gated,cnn,True,finetune,segssl_barlow_all-patient_psd-fc-wpli_finetune_seed7_pre20_proj32_mask0_03_noise0_02_mlp1_0_sup100,True,barlow,psd,all-patient,True,7,1.0,0.1,32,0.03,0.02
multimodal_psd-fc-wpli_gated_cnn,3,sub08,sub01;sub05;sub07;sub10;sub11;sub13;sub14;sub15;sub16;sub17;sub18;sub20;sub22;sub24;sub27;sub28;sub29,sub09,89,0.0022285699378699064,1.1749353408813477,0.001,1e-05,1.0,1.0,False,False,multimodal,psd-fc-wpli,gated,cnn,True,finetune,segssl_barlow_all-patient_psd-fc-wpli_finetune_seed7_pre20_proj32_mask0_03_noise0_02_mlp1_0_sup100,True,barlow,psd,all-patient,True,7,1.0,0.1,32,0.03,0.02
multimodal_psd-fc-wpli_gated_cnn,3,sub08,sub01;sub05;sub07;sub10;sub11;sub13;sub14;sub15;sub16;sub17;sub18;sub20;sub22;sub24;sub27;sub28;sub29,sub09,90,0.0021835786756128073,1.1763275861740112,0.001,1e-05,1.0,1.0,False,False,multimodal,psd-fc-wpli,gated,cnn,True,finetune,segssl_barlow_all-patient_psd-fc-wpli_finetune_seed7_pre20_proj32_mask0_03_noise0_02_mlp1_0_sup100,True,barlow,psd,all-patient,True,7,1.0,0.1,32,0.03,0.02
multimodal_psd-fc-wpli_gated_cnn,3,sub08,sub01;sub05;sub07;sub10;sub11;sub13;sub14;sub15;sub16;sub17;sub18;sub20;sub22;sub24;sub27;sub28;sub29,sub09,91,0.0021401976700872183,1.1779190301895142,0.001,1e-05,1.0,1.0,False,False,multimodal,psd-fc-wpli,gated,cnn,True,finetune,segssl_barlow_all-patient_psd-fc-wpli_finetune_seed7_pre20_proj32_mask0_03_noise0_02_mlp1_0_sup100,True,barlow,psd,all-patient,True,7,1.0,0.1,32,0.03,0.02
multimodal_psd-fc-wpli_gated_cnn,3,sub08,sub01;sub05;sub07;sub10;sub11;sub13;sub14;sub15;sub16;sub17;sub18;sub20;sub22;sub24;sub27;sub28;sub29,sub09,92,0.002098226919770241,1.1802247762680054,0.001,1e-05,1.0,1.0,False,False,multimodal,psd-fc-wpli,gated,cnn,True,finetune,segssl_barlow_all-patient_psd-fc-wpli_finetune_seed7_pre20_proj32_mask0_03_noise0_02_mlp1_0_sup100,True,barlow,psd,all-patient,True,7,1.0,0.1,32,0.03,0.02
multimodal_psd-fc-wpli_gated_cnn,3,sub08,sub01;sub05;sub07;sub10;sub11;sub13;sub14;sub15;sub16;sub17;sub18;sub20;sub22;sub24;sub27;sub28;sub29,sub09,93,0.002057613804936409,1.1834805011749268,0.001,1e-05,1.0,1.0,False,False,multimodal,psd-fc-wpli,gated,cnn,True,finetune,segssl_barlow_all-patient_psd-fc-wpli_finetune_seed7_pre20_proj32_mask0_03_noise0_02_mlp1_0_sup100,True,barlow,psd,all-patient,True,7,1.0,0.1,32,0.03,0.02
multimodal_psd-fc-wpli_gated_cnn,3,sub08,sub01;sub05;sub07;sub10;sub11;sub13;sub14;sub15;sub16;sub17;sub18;sub20;sub22;sub24;sub27;sub28;sub29,sub09,94,0.0020182146690785885,1.187368631362915,0.001,1e-05,1.0,1.0,False,False,multimodal,psd-fc-wpli,gated,cnn,True,finetune,segssl_barlow_all-patient_psd-fc-wpli_finetune_seed7_pre20_proj32_mask0_03_noise0_02_mlp1_0_sup100,True,barlow,psd,all-patient,True,7,1.0,0.1,32,0.03,0.02
multimodal_psd-fc-wpli_gated_cnn,3,sub08,sub01;sub05;sub07;sub10;sub11;sub13;sub14;sub15;sub16;sub17;sub18;sub20;sub22;sub24;sub27;sub28;sub29,sub09,95,0.0019800325389951468,1.1917016506195068,0.001,1e-05,1.0,1.0,False,False,multimodal,psd-fc-wpli,gated,cnn,True,finetune,segssl_barlow_all-patient_psd-fc-wpli_finetune_seed7_pre20_proj32_mask0_03_noise0_02_mlp1_0_sup100,True,barlow,psd,all-patient,True,7,1.0,0.1,32,0.03,0.02
multimodal_psd-fc-wpli_gated_cnn,3,sub08,sub01;sub05;sub07;sub10;sub11;sub13;sub14;sub15;sub16;sub17;sub18;sub20;sub22;sub24;sub27;sub28;sub29,sub09,96,0.001942998613230884,1.196100115776062,0.001,1e-05,1.0,1.0,False,False,multimodal,psd-fc-wpli,gated,cnn,True,finetune,segssl_barlow_all-patient_psd-fc-wpli_finetune_seed7_pre20_proj32_mask0_03_noise0_02_mlp1_0_sup100,True,barlow,psd,all-patient,True,7,1.0,0.1,32,0.03,0.02
multimodal_psd-fc-wpli_gated_cnn,3,sub08,sub01;sub05;sub07;sub10;sub11;sub13;sub14;sub15;sub16;sub17;sub18;sub20;sub22;sub24;sub27;sub28;sub29,sub09,97,0.001907101715914905,1.2005712985992432,0.001,1e-05,1.0,1.0,False,False,multimodal,psd-fc-wpli,gated,cnn,True,finetune,segssl_barlow_all-patient_psd-fc-wpli_finetune_seed7_pre20_proj32_mask0_03_noise0_02_mlp1_0_sup100,True,barlow,psd,all-patient,True,7,1.0,0.1,32,0.03,0.02
multimodal_psd-fc-wpli_gated_cnn,3,sub08,sub01;sub05;sub07;sub10;sub11;sub13;sub14;sub15;sub16;sub17;sub18;sub20;sub22;sub24;sub27;sub28;sub29,sub09,98,0.0018722496461123228,1.2049345970153809,0.001,1e-05,1.0,1.0,False,False,multimodal,psd-fc-wpli,gated,cnn,True,finetune,segssl_barlow_all-patient_psd-fc-wpli_finetune_seed7_pre20_proj32_mask0_03_noise0_02_mlp1_0_sup100,True,barlow,psd,all-patient,True,7,1.0,0.1,32,0.03,0.02
multimodal_psd-fc-wpli_gated_cnn,3,sub08,sub01;sub05;sub07;sub10;sub11;sub13;sub14;sub15;sub16;sub17;sub18;sub20;sub22;sub24;sub27;sub28;sub29,sub09,99,0.0018383050337433815,1.2091822624206543,0.001,1e-05,1.0,1.0,False,False,multimodal,psd-fc-wpli,gated,cnn,True,finetune,segssl_barlow_all-patient_psd-fc-wpli_finetune_seed7_pre20_proj32_mask0_03_noise0_02_mlp1_0_sup100,True,barlow,psd,all-patient,True,7,1.0,0.1,32,0.03,0.02
multimodal_psd-fc-wpli_gated_cnn,3,sub08,sub01;sub05;sub07;sub10;sub11;sub13;sub14;sub15;sub16;sub17;sub18;sub20;sub22;sub24;sub27;sub28;sub29,sub09,100,0.0018053475068882108,1.2137155532836914,0.001,1e-05,1.0,1.0,False,False,multimodal,psd-fc-wpli,gated,cnn,True,finetune,segssl_barlow_all-patient_psd-fc-wpli_finetune_seed7_pre20_proj32_mask0_03_noise0_02_mlp1_0_sup100,True,barlow,psd,all-patient,True,7,1.0,0.1,32,0.03,0.02
multimodal_psd-fc-wpli_gated_cnn,4,sub09,sub01;sub05;sub07;sub08;sub11;sub13;sub14;sub15;sub16;sub17;sub18;sub20;sub22;sub24;sub27;sub28;sub29,sub10,1,0.6961193084716797,0.6599448323249817,0.002,1e-05,1.0,1.0,True,False,multimodal,psd-fc-wpli,gated,cnn,True,finetune,segssl_barlow_all-patient_psd-fc-wpli_finetune_seed7_pre20_proj32_mask0_03_noise0_02_mlp1_0_sup100,True,barlow,psd,all-patient,True,7,1.0,0.1,32,0.03,0.02
multimodal_psd-fc-wpli_gated_cnn,4,sub09,sub01;sub05;sub07;sub08;sub11;sub13;sub14;sub15;sub16;sub17;sub18;sub20;sub22;sub24;sub27;sub28;sub29,sub10,2,0.6909236907958984,0.6519252061843872,0.002,1e-05,1.0,1.0,True,False,multimodal,psd-fc-wpli,gated,cnn,True,finetune,segssl_barlow_all-patient_psd-fc-wpli_finetune_seed7_pre20_proj32_mask0_03_noise0_02_mlp1_0_sup100,True,barlow,psd,all-patient,True,7,1.0,0.1,32,0.03,0.02
multimodal_psd-fc-wpli_gated_cnn,4,sub09,sub01;sub05;sub07;sub08;sub11;sub13;sub14;sub15;sub16;sub17;sub18;sub20;sub22;sub24;sub27;sub28;sub29,sub10,3,0.6856844425201416,0.6452209949493408,0.002,1e-05,1.0,1.0,True,False,multimodal,psd-fc-wpli,gated,cnn,True,finetune,segssl_barlow_all-patient_psd-fc-wpli_finetune_seed7_pre20_proj32_mask0_03_noise0_02_mlp1_0_sup100,True,barlow,psd,all-patient,True,7,1.0,0.1,32,0.03,0.02
multimodal_psd-fc-wpli_gated_cnn,4,sub09,sub01;sub05;sub07;sub08;sub11;sub13;sub14;sub15;sub16;sub17;sub18;sub20;sub22;sub24;sub27;sub28;sub29,sub10,4,0.6799994111061096,0.642717182636261,0.002,1e-05,1.0,1.0,True,False,multimodal,psd-fc-wpli,gated,cnn,True,finetune,segssl_barlow_all-patient_psd-fc-wpli_finetune_seed7_pre20_proj32_mask0_03_noise0_02_mlp1_0_sup100,True,barlow,psd,all-patient,True,7,1.0,0.1,32,0.03,0.02
multimodal_psd-fc-wpli_gated_cnn,4,sub09,sub01;sub05;sub07;sub08;sub11;sub13;sub14;sub15;sub16;sub17;sub18;sub20;sub22;sub24;sub27;sub28;sub29,sub10,5,0.6737084984779358,0.6374898552894592,0.002,1e-05,1.0,1.0,True,False,multimodal,psd-fc-wpli,gated,cnn,True,finetune,segssl_barlow_all-patient_psd-fc-wpli_finetune_seed7_pre20_proj32_mask0_03_noise0_02_mlp1_0_sup100,True,barlow,psd,all-patient,True,7,1.0,0.1,32,0.03,0.02
multimodal_psd-fc-wpli_gated_cnn,4,sub09,sub01;sub05;sub07;sub08;sub11;sub13;sub14;sub15;sub16;sub17;sub18;sub20;sub22;sub24;sub27;sub28;sub29,sub10,6,0.6670569181442261,0.6331663131713867,0.002,1e-05,1.0,1.0,True,False,multimodal,psd-fc-wpli,gated,cnn,True,finetune,segssl_barlow_all-patient_psd-fc-wpli_finetune_seed7_pre20_proj32_mask0_03_noise0_02_mlp1_0_sup100,True,barlow,psd,all-patient,True,7,1.0,0.1,32,0.03,0.02
multimodal_psd-fc-wpli_gated_cnn,4,sub09,sub01;sub05;sub07;sub08;sub11;sub13;sub14;sub15;sub16;sub17;sub18;sub20;sub22;sub24;sub27;sub28;sub29,sub10,7,0.6600246429443359,0.6283509135246277,0.002,1e-05,1.0,1.0,True,False,multimodal,psd-fc-wpli,gated,cnn,True,finetune,segssl_barlow_all-patient_psd-fc-wpli_finetune_seed7_pre20_proj32_mask0_03_noise0_02_mlp1_0_sup100,True,barlow,psd,all-patient,True,7,1.0,0.1,32,0.03,0.02
multimodal_psd-fc-wpli_gated_cnn,4,sub09,sub01;sub05;sub07;sub08;sub11;sub13;sub14;sub15;sub16;sub17;sub18;sub20;sub22;sub24;sub27;sub28;sub29,sub10,8,0.6526136994361877,0.6194372177124023,0.002,1e-05,1.0,1.0,True,False,multimodal,psd-fc-wpli,gated,cnn,True,finetune,segssl_barlow_all-patient_psd-fc-wpli_finetune_seed7_pre20_proj32_mask0_03_noise0_02_mlp1_0_sup100,True,barlow,psd,all-patient,True,7,1.0,0.1,32,0.03,0.02
multimodal_psd-fc-wpli_gated_cnn,4,sub09,sub01;sub05;sub07;sub08;sub11;sub13;sub14;sub15;sub16;sub17;sub18;sub20;sub22;sub24;sub27;sub28;sub29,sub10,9,0.6446398496627808,0.6101347208023071,0.002,1e-05,1.0,1.0,True,False,multimodal,psd-fc-wpli,gated,cnn,True,finetune,segssl_barlow_all-patient_psd-fc-wpli_finetune_seed7_pre20_proj32_mask0_03_noise0_02_mlp1_0_sup100,True,barlow,psd,all-patient,True,7,1.0,0.1,32,0.03,0.02
multimodal_psd-fc-wpli_gated_cnn,4,sub09,sub01;sub05;sub07;sub08;sub11;sub13;sub14;sub15;sub16;sub17;sub18;sub20;sub22;sub24;sub27;sub28;sub29,sub10,10,0.6358399987220764,0.5970658659934998,0.002,1e-05,1.0,1.0,True,False,multimodal,psd-fc-wpli,gated,cnn,True,finetune,segssl_barlow_all-patient_psd-fc-wpli_finetune_seed7_pre20_proj32_mask0_03_noise0_02_mlp1_0_sup100,True,barlow,psd,all-patient,True,7,1.0,0.1,32,0.03,0.02
multimodal_psd-fc-wpli_gated_cnn,4,sub09,sub01;sub05;sub07;sub08;sub11;sub13;sub14;sub15;sub16;sub17;sub18;sub20;sub22;sub24;sub27;sub28;sub29,sub10,11,0.6265537738800049,0.5830559134483337,0.002,1e-05,1.0,1.0,True,False,multimodal,psd-fc-wpli,gated,cnn,True,finetune,segssl_barlow_all-patient_psd-fc-wpli_finetune_seed7_pre20_proj32_mask0_03_noise0_02_mlp1_0_sup100,True,barlow,psd,all-patient,True,7,1.0,0.1,32,0.03,0.02
multimodal_psd-fc-wpli_gated_cnn,4,sub09,sub01;sub05;sub07;sub08;sub11;sub13;sub14;sub15;sub16;sub17;sub18;sub20;sub22;sub24;sub27;sub28;sub29,sub10,12,0.6167501211166382,0.5676544308662415,0.002,1e-05,1.0,1.0,True,False,multimodal,psd-fc-wpli,gated,cnn,True,finetune,segssl_barlow_all-patient_psd-fc-wpli_finetune_seed7_pre20_proj32_mask0_03_noise0_02_mlp1_0_sup100,True,barlow,psd,all-patient,True,7,1.0,0.1,32,0.03,0.02
multimodal_psd-fc-wpli_gated_cnn,4,sub09,sub01;sub05;sub07;sub08;sub11;sub13;sub14;sub15;sub16;sub17;sub18;sub20;sub22;sub24;sub27;sub28;sub29,sub10,13,0.605917751789093,0.5467302799224854,0.002,1e-05,1.0,1.0,True,False,multimodal,psd-fc-wpli,gated,cnn,True,finetune,segssl_barlow_all-patient_psd-fc-wpli_finetune_seed7_pre20_proj32_mask0_03_noise0_02_mlp1_0_sup100,True,barlow,psd,all-patient,True,7,1.0,0.1,32,0.03,0.02
multimodal_psd-fc-wpli_gated_cnn,4,sub09,sub01;sub05;sub07;sub08;sub11;sub13;sub14;sub15;sub16;sub17;sub18;sub20;sub22;sub24;sub27;sub28;sub29,sub10,14,0.5940194725990295,0.5203611850738525,0.002,1e-05,1.0,1.0,True,False,multimodal,psd-fc-wpli,gated,cnn,True,finetune,segssl_barlow_all-patient_psd-fc-wpli_finetune_seed7_pre20_proj32_mask0_03_noise0_02_mlp1_0_sup100,True,barlow,psd,all-patient,True,7,1.0,0.1,32,0.03,0.02
multimodal_psd-fc-wpli_gated_cnn,4,sub09,sub01;sub05;sub07;sub08;sub11;sub13;sub14;sub15;sub16;sub17;sub18;sub20;sub22;sub24;sub27;sub28;sub29,sub10,15,0.5811925530433655,0.49231791496276855,0.002,1e-05,1.0,1.0,True,False,multimodal,psd-fc-wpli,gated,cnn,True,finetune,segssl_barlow_all-patient_psd-fc-wpli_finetune_seed7_pre20_proj32_mask0_03_noise0_02_mlp1_0_sup100,True,barlow,psd,all-patient,True,7,1.0,0.1,32,0.03,0.02
multimodal_psd-fc-wpli_gated_cnn,4,sub09,sub01;sub05;sub07;sub08;sub11;sub13;sub14;sub15;sub16;sub17;sub18;sub20;sub22;sub24;sub27;sub28;sub29,sub10,16,0.56742262840271,0.46449220180511475,0.002,1e-05,1.0,1.0,True,False,multimodal,psd-fc-wpli,gated,cnn,True,finetune,segssl_barlow_all-patient_psd-fc-wpli_finetune_seed7_pre20_proj32_mask0_03_noise0_02_mlp1_0_sup100,True,barlow,psd,all-patient,True,7,1.0,0.1,32,0.03,0.02
multimodal_psd-fc-wpli_gated_cnn,4,sub09,sub01;sub05;sub07;sub08;sub11;sub13;sub14;sub15;sub16;sub17;sub18;sub20;sub22;sub24;sub27;sub28;sub29,sub10,17,0.5526157021522522,0.4352460205554962,0.002,1e-05,1.0,1.0,True,False,multimodal,psd-fc-wpli,gated,cnn,True,finetune,segssl_barlow_all-patient_psd-fc-wpli_finetune_seed7_pre20_proj32_mask0_03_noise0_02_mlp1_0_sup100,True,barlow,psd,all-patient,True,7,1.0,0.1,32,0.03,0.02
multimodal_psd-fc-wpli_gated_cnn,4,sub09,sub01;sub05;sub07;sub08;sub11;sub13;sub14;sub15;sub16;sub17;sub18;sub20;sub22;sub24;sub27;sub28;sub29,sub10,18,0.5368107557296753,0.40345248579978943,0.002,1e-05,1.0,1.0,True,False,multimodal,psd-fc-wpli,gated,cnn,True,finetune,segssl_barlow_all-patient_psd-fc-wpli_finetune_seed7_pre20_proj32_mask0_03_noise0_02_mlp1_0_sup100,True,barlow,psd,all-patient,True,7,1.0,0.1,32,0.03,0.02
multimodal_psd-fc-wpli_gated_cnn,4,sub09,sub01;sub05;sub07;sub08;sub11;sub13;sub14;sub15;sub16;sub17;sub18;sub20;sub22;sub24;sub27;sub28;sub29,sub10,19,0.5197213292121887,0.3690335750579834,0.002,1e-05,1.0,1.0,True,False,multimodal,psd-fc-wpli,gated,cnn,True,finetune,segssl_barlow_all-patient_psd-fc-wpli_finetune_seed7_pre20_proj32_mask0_03_noise0_02_mlp1_0_sup100,True,barlow,psd,all-patient,True,7,1.0,0.1,32,0.03,0.02
multimodal_psd-fc-wpli_gated_cnn,4,sub09,sub01;sub05;sub07;sub08;sub11;sub13;sub14;sub15;sub16;sub17;sub18;sub20;sub22;sub24;sub27;sub28;sub29,sub10,20,0.5014739632606506,0.3327777683734894,0.002,1e-05,1.0,1.0,True,False,multimodal,psd-fc-wpli,gated,cnn,True,finetune,segssl_barlow_all-patient_psd-fc-wpli_finetune_seed7_pre20_proj32_mask0_03_noise0_02_mlp1_0_sup100,True,barlow,psd,all-patient,True,7,1.0,0.1,32,0.03,0.02
multimodal_psd-fc-wpli_gated_cnn,4,sub09,sub01;sub05;sub07;sub08;sub11;sub13;sub14;sub15;sub16;sub17;sub18;sub20;sub22;sub24;sub27;sub28;sub29,sub10,21,0.4822544753551483,0.2961435616016388,0.002,1e-05,1.0,1.0,True,False,multimodal,psd-fc-wpli,gated,cnn,True,finetune,segssl_barlow_all-patient_psd-fc-wpli_finetune_seed7_pre20_proj32_mask0_03_noise0_02_mlp1_0_sup100,True,barlow,psd,all-patient,True,7,1.0,0.1,32,0.03,0.02
multimodal_psd-fc-wpli_gated_cnn,4,sub09,sub01;sub05;sub07;sub08;sub11;sub13;sub14;sub15;sub16;sub17;sub18;sub20;sub22;sub24;sub27;sub28;sub29,sub10,22,0.46215274930000305,0.2619848847389221,0.002,1e-05,1.0,1.0,True,False,multimodal,psd-fc-wpli,gated,cnn,True,finetune,segssl_barlow_all-patient_psd-fc-wpli_finetune_seed7_pre20_proj32_mask0_03_noise0_02_mlp1_0_sup100,True,barlow,psd,all-patient,True,7,1.0,0.1,32,0.03,0.02
multimodal_psd-fc-wpli_gated_cnn,4,sub09,sub01;sub05;sub07;sub08;sub11;sub13;sub14;sub15;sub16;sub17;sub18;sub20;sub22;sub24;sub27;sub28;sub29,sub10,23,0.44123563170433044,0.2343892604112625,0.002,1e-05,1.0,1.0,True,False,multimodal,psd-fc-wpli,gated,cnn,True,finetune,segssl_barlow_all-patient_psd-fc-wpli_finetune_seed7_pre20_proj32_mask0_03_noise0_02_mlp1_0_sup100,True,barlow,psd,all-patient,True,7,1.0,0.1,32,0.03,0.02
multimodal_psd-fc-wpli_gated_cnn,4,sub09,sub01;sub05;sub07;sub08;sub11;sub13;sub14;sub15;sub16;sub17;sub18;sub20;sub22;sub24;sub27;sub28;sub29,sub10,24,0.41951441764831543,0.214787557721138,0.002,1e-05,1.0,1.0,True,False,multimodal,psd-fc-wpli,gated,cnn,True,finetune,segssl_barlow_all-patient_psd-fc-wpli_finetune_seed7_pre20_proj32_mask0_03_noise0_02_mlp1_0_sup100,True,barlow,psd,all-patient,True,7,1.0,0.1,32,0.03,0.02
multimodal_psd-fc-wpli_gated_cnn,4,sub09,sub01;sub05;sub07;sub08;sub11;sub13;sub14;sub15;sub16;sub17;sub18;sub20;sub22;sub24;sub27;sub28;sub29,sub10,25,0.39718225598335266,0.20660589635372162,0.002,1e-05,1.0,1.0,True,False,multimodal,psd-fc-wpli,gated,cnn,True,finetune,segssl_barlow_all-patient_psd-fc-wpli_finetune_seed7_pre20_proj32_mask0_03_noise0_02_mlp1_0_sup100,True,barlow,psd,all-patient,True,7,1.0,0.1,32,0.03,0.02
multimodal_psd-fc-wpli_gated_cnn,4,sub09,sub01;sub05;sub07;sub08;sub11;sub13;sub14;sub15;sub16;sub17;sub18;sub20;sub22;sub24;sub27;sub28;sub29,sub10,26,0.37430140376091003,0.20952634513378143,0.002,1e-05,1.0,1.0,False,False,multimodal,psd-fc-wpli,gated,cnn,True,finetune,segssl_barlow_all-patient_psd-fc-wpli_finetune_seed7_pre20_proj32_mask0_03_noise0_02_mlp1_0_sup100,True,barlow,psd,all-patient,True,7,1.0,0.1,32,0.03,0.02
multimodal_psd-fc-wpli_gated_cnn,4,sub09,sub01;sub05;sub07;sub08;sub11;sub13;sub14;sub15;sub16;sub17;sub18;sub20;sub22;sub24;sub27;sub28;sub29,sub10,27,0.3510778248310089,0.22024425864219666,0.002,1e-05,1.0,1.0,False,False,multimodal,psd-fc-wpli,gated,cnn,True,finetune,segssl_barlow_all-patient_psd-fc-wpli_finetune_seed7_pre20_proj32_mask0_03_noise0_02_mlp1_0_sup100,True,barlow,psd,all-patient,True,7,1.0,0.1,32,0.03,0.02
multimodal_psd-fc-wpli_gated_cnn,4,sub09,sub01;sub05;sub07;sub08;sub11;sub13;sub14;sub15;sub16;sub17;sub18;sub20;sub22;sub24;sub27;sub28;sub29,sub10,28,0.32779836654663086,0.2353612780570984,0.002,1e-05,1.0,1.0,False,False,multimodal,psd-fc-wpli,gated,cnn,True,finetune,segssl_barlow_all-patient_psd-fc-wpli_finetune_seed7_pre20_proj32_mask0_03_noise0_02_mlp1_0_sup100,True,barlow,psd,all-patient,True,7,1.0,0.1,32,0.03,0.02
multimodal_psd-fc-wpli_gated_cnn,4,sub09,sub01;sub05;sub07;sub08;sub11;sub13;sub14;sub15;sub16;sub17;sub18;sub20;sub22;sub24;sub27;sub28;sub29,sub10,29,0.3046928346157074,0.24932588636875153,0.002,1e-05,1.0,1.0,False,False,multimodal,psd-fc-wpli,gated,cnn,True,finetune,segssl_barlow_all-patient_psd-fc-wpli_finetune_seed7_pre20_proj32_mask0_03_noise0_02_mlp1_0_sup100,True,barlow,psd,all-patient,True,7,1.0,0.1,32,0.03,0.02
multimodal_psd-fc-wpli_gated_cnn,4,sub09,sub01;sub05;sub07;sub08;sub11;sub13;sub14;sub15;sub16;sub17;sub18;sub20;sub22;sub24;sub27;sub28;sub29,sub10,30,0.28210094571113586,0.26501893997192383,0.002,1e-05,1.0,1.0,False,False,multimodal,psd-fc-wpli,gated,cnn,True,finetune,segssl_barlow_all-patient_psd-fc-wpli_finetune_seed7_pre20_proj32_mask0_03_noise0_02_mlp1_0_sup100,True,barlow,psd,all-patient,True,7,1.0,0.1,32,0.03,0.02
multimodal_psd-fc-wpli_gated_cnn,4,sub09,sub01;sub05;sub07;sub08;sub11;sub13;sub14;sub15;sub16;sub17;sub18;sub20;sub22;sub24;sub27;sub28;sub29,sub10,31,0.26002711057662964,0.286090224981308,0.002,1e-05,1.0,1.0,False,False,multimodal,psd-fc-wpli,gated,cnn,True,finetune,segssl_barlow_all-patient_psd-fc-wpli_finetune_seed7_pre20_proj32_mask0_03_noise0_02_mlp1_0_sup100,True,barlow,psd,all-patient,True,7,1.0,0.1,32,0.03,0.02
multimodal_psd-fc-wpli_gated_cnn,4,sub09,sub01;sub05;sub07;sub08;sub11;sub13;sub14;sub15;sub16;sub17;sub18;sub20;sub22;sub24;sub27;sub28;sub29,sub10,32,0.23890221118927002,0.3099892735481262,0.002,1e-05,1.0,1.0,False,False,multimodal,psd-fc-wpli,gated,cnn,True,finetune,segssl_barlow_all-patient_psd-fc-wpli_finetune_seed7_pre20_proj32_mask0_03_noise0_02_mlp1_0_sup100,True,barlow,psd,all-patient,True,7,1.0,0.1,32,0.03,0.02
multimodal_psd-fc-wpli_gated_cnn,4,sub09,sub01;sub05;sub07;sub08;sub11;sub13;sub14;sub15;sub16;sub17;sub18;sub20;sub22;sub24;sub27;sub28;sub29,sub10,33,0.2185375839471817,0.3347941040992737,0.002,1e-05,1.0,1.0,False,False,multimodal,psd-fc-wpli,gated,cnn,True,finetune,segssl_barlow_all-patient_psd-fc-wpli_finetune_seed7_pre20_proj32_mask0_03_noise0_02_mlp1_0_sup100,True,barlow,psd,all-patient,True,7,1.0,0.1,32,0.03,0.02
multimodal_psd-fc-wpli_gated_cnn,4,sub09,sub01;sub05;sub07;sub08;sub11;sub13;sub14;sub15;sub16;sub17;sub18;sub20;sub22;sub24;sub27;sub28;sub29,sub10,34,0.19895750284194946,0.3625304400920868,0.002,1e-05,1.0,1.0,False,False,multimodal,psd-fc-wpli,gated,cnn,True,finetune,segssl_barlow_all-patient_psd-fc-wpli_finetune_seed7_pre20_proj32_mask0_03_noise0_02_mlp1_0_sup100,True,barlow,psd,all-patient,True,7,1.0,0.1,32,0.03,0.02
multimodal_psd-fc-wpli_gated_cnn,4,sub09,sub01;sub05;sub07;sub08;sub11;sub13;sub14;sub15;sub16;sub17;sub18;sub20;sub22;sub24;sub27;sub28;sub29,sub10,35,0.18024377524852753,0.3881542384624481,0.002,1e-05,1.0,1.0,False,False,multimodal,psd-fc-wpli,gated,cnn,True,finetune,segssl_barlow_all-patient_psd-fc-wpli_finetune_seed7_pre20_proj32_mask0_03_noise0_02_mlp1_0_sup100,True,barlow,psd,all-patient,True,7,1.0,0.1,32,0.03,0.02
multimodal_psd-fc-wpli_gated_cnn,4,sub09,sub01;sub05;sub07;sub08;sub11;sub13;sub14;sub15;sub16;sub17;sub18;sub20;sub22;sub24;sub27;sub28;sub29,sub10,36,0.16274121403694153,0.40066054463386536,0.002,1e-05,1.0,1.0,False,False,multimodal,psd-fc-wpli,gated,cnn,True,finetune,segssl_barlow_all-patient_psd-fc-wpli_finetune_seed7_pre20_proj32_mask0_03_noise0_02_mlp1_0_sup100,True,barlow,psd,all-patient,True,7,1.0,0.1,32,0.03,0.02
multimodal_psd-fc-wpli_gated_cnn,4,sub09,sub01;sub05;sub07;sub08;sub11;sub13;sub14;sub15;sub16;sub17;sub18;sub20;sub22;sub24;sub27;sub28;sub29,sub10,37,0.14626365900039673,0.39930465817451477,0.002,1e-05,1.0,1.0,False,False,multimodal,psd-fc-wpli,gated,cnn,True,finetune,segssl_barlow_all-patient_psd-fc-wpli_finetune_seed7_pre20_proj32_mask0_03_noise0_02_mlp1_0_sup100,True,barlow,psd,all-patient,True,7,1.0,0.1,32,0.03,0.02
multimodal_psd-fc-wpli_gated_cnn,4,sub09,sub01;sub05;sub07;sub08;sub11;sub13;sub14;sub15;sub16;sub17;sub18;sub20;sub22;sub24;sub27;sub28;sub29,sub10,38,0.13093113899230957,0.3920654356479645,0.002,1e-05,1.0,1.0,False,False,multimodal,psd-fc-wpli,gated,cnn,True,finetune,segssl_barlow_all-patient_psd-fc-wpli_finetune_seed7_pre20_proj32_mask0_03_noise0_02_mlp1_0_sup100,True,barlow,psd,all-patient,True,7,1.0,0.1,32,0.03,0.02
multimodal_psd-fc-wpli_gated_cnn,4,sub09,sub01;sub05;sub07;sub08;sub11;sub13;sub14;sub15;sub16;sub17;sub18;sub20;sub22;sub24;sub27;sub28;sub29,sub10,39,0.11665931344032288,0.3847220540046692,0.002,1e-05,1.0,1.0,False,False,multimodal,psd-fc-wpli,gated,cnn,True,finetune,segssl_barlow_all-patient_psd-fc-wpli_finetune_seed7_pre20_proj32_mask0_03_noise0_02_mlp1_0_sup100,True,barlow,psd,all-patient,True,7,1.0,0.1,32,0.03,0.02
multimodal_psd-fc-wpli_gated_cnn,4,sub09,sub01;sub05;sub07;sub08;sub11;sub13;sub14;sub15;sub16;sub17;sub18;sub20;sub22;sub24;sub27;sub28;sub29,sub10,40,0.10348758846521378,0.37898358702659607,0.002,1e-05,1.0,1.0,False,False,multimodal,psd-fc-wpli,gated,cnn,True,finetune,segssl_barlow_all-patient_psd-fc-wpli_finetune_seed7_pre20_proj32_mask0_03_noise0_02_mlp1_0_sup100,True,barlow,psd,all-patient,True,7,1.0,0.1,32,0.03,0.02
multimodal_psd-fc-wpli_gated_cnn,4,sub09,sub01;sub05;sub07;sub08;sub11;sub13;sub14;sub15;sub16;sub17;sub18;sub20;sub22;sub24;sub27;sub28;sub29,sub10,41,0.09138749539852142,0.3656657338142395,0.002,1e-05,1.0,1.0,False,False,multimodal,psd-fc-wpli,gated,cnn,True,finetune,segssl_barlow_all-patient_psd-fc-wpli_finetune_seed7_pre20_proj32_mask0_03_noise0_02_mlp1_0_sup100,True,barlow,psd,all-patient,True,7,1.0,0.1,32,0.03,0.02
multimodal_psd-fc-wpli_gated_cnn,4,sub09,sub01;sub05;sub07;sub08;sub11;sub13;sub14;sub15;sub16;sub17;sub18;sub20;sub22;sub24;sub27;sub28;sub29,sub10,42,0.08041749894618988,0.337126225233078,0.002,1e-05,1.0,1.0,False,False,multimodal,psd-fc-wpli,gated,cnn,True,finetune,segssl_barlow_all-patient_psd-fc-wpli_finetune_seed7_pre20_proj32_mask0_03_noise0_02_mlp1_0_sup100,True,barlow,psd,all-patient,True,7,1.0,0.1,32,0.03,0.02
multimodal_psd-fc-wpli_gated_cnn,4,sub09,sub01;sub05;sub07;sub08;sub11;sub13;sub14;sub15;sub16;sub17;sub18;sub20;sub22;sub24;sub27;sub28;sub29,sub10,43,0.07045459002256393,0.2996554970741272,0.002,1e-05,1.0,1.0,False,False,multimodal,psd-fc-wpli,gated,cnn,True,finetune,segssl_barlow_all-patient_psd-fc-wpli_finetune_seed7_pre20_proj32_mask0_03_noise0_02_mlp1_0_sup100,True,barlow,psd,all-patient,True,7,1.0,0.1,32,0.03,0.02
multimodal_psd-fc-wpli_gated_cnn,4,sub09,sub01;sub05;sub07;sub08;sub11;sub13;sub14;sub15;sub16;sub17;sub18;sub20;sub22;sub24;sub27;sub28;sub29,sub10,44,0.06150402873754501,0.2617237865924835,0.002,1e-05,1.0,1.0,False,False,multimodal,psd-fc-wpli,gated,cnn,True,finetune,segssl_barlow_all-patient_psd-fc-wpli_finetune_seed7_pre20_proj32_mask0_03_noise0_02_mlp1_0_sup100,True,barlow,psd,all-patient,True,7,1.0,0.1,32,0.03,0.02
multimodal_psd-fc-wpli_gated_cnn,4,sub09,sub01;sub05;sub07;sub08;sub11;sub13;sub14;sub15;sub16;sub17;sub18;sub20;sub22;sub24;sub27;sub28;sub29,sub10,45,0.05352699011564255,0.22762495279312134,0.002,1e-05,1.0,1.0,False,False,multimodal,psd-fc-wpli,gated,cnn,True,finetune,segssl_barlow_all-patient_psd-fc-wpli_finetune_seed7_pre20_proj32_mask0_03_noise0_02_mlp1_0_sup100,True,barlow,psd,all-patient,True,7,1.0,0.1,32,0.03,0.02
multimodal_psd-fc-wpli_gated_cnn,4,sub09,sub01;sub05;sub07;sub08;sub11;sub13;sub14;sub15;sub16;sub17;sub18;sub20;sub22;sub24;sub27;sub28;sub29,sub10,46,0.046490252017974854,0.19868190586566925,0.002,1e-05,1.0,1.0,True,False,multimodal,psd-fc-wpli,gated,cnn,True,finetune,segssl_barlow_all-patient_psd-fc-wpli_finetune_seed7_pre20_proj32_mask0_03_noise0_02_mlp1_0_sup100,True,barlow,psd,all-patient,True,7,1.0,0.1,32,0.03,0.02
multimodal_psd-fc-wpli_gated_cnn,4,sub09,sub01;sub05;sub07;sub08;sub11;sub13;sub14;sub15;sub16;sub17;sub18;sub20;sub22;sub24;sub27;sub28;sub29,sub10,47,0.040303561836481094,0.17293667793273926,0.002,1e-05,1.0,1.0,True,False,multimodal,psd-fc-wpli,gated,cnn,True,finetune,segssl_barlow_all-patient_psd-fc-wpli_finetune_seed7_pre20_proj32_mask0_03_noise0_02_mlp1_0_sup100,True,barlow,psd,all-patient,True,7,1.0,0.1,32,0.03,0.02
multimodal_psd-fc-wpli_gated_cnn,4,sub09,sub01;sub05;sub07;sub08;sub11;sub13;sub14;sub15;sub16;sub17;sub18;sub20;sub22;sub24;sub27;sub28;sub29,sub10,48,0.034919168800115585,0.1483495682477951,0.002,1e-05,1.0,1.0,True,False,multimodal,psd-fc-wpli,gated,cnn,True,finetune,segssl_barlow_all-patient_psd-fc-wpli_finetune_seed7_pre20_proj32_mask0_03_noise0_02_mlp1_0_sup100,True,barlow,psd,all-patient,True,7,1.0,0.1,32,0.03,0.02
multimodal_psd-fc-wpli_gated_cnn,4,sub09,sub01;sub05;sub07;sub08;sub11;sub13;sub14;sub15;sub16;sub17;sub18;sub20;sub22;sub24;sub27;sub28;sub29,sub10,49,0.030227530747652054,0.1255585253238678,0.002,1e-05,1.0,1.0,True,False,multimodal,psd-fc-wpli,gated,cnn,True,finetune,segssl_barlow_all-patient_psd-fc-wpli_finetune_seed7_pre20_proj32_mask0_03_noise0_02_mlp1_0_sup100,True,barlow,psd,all-patient,True,7,1.0,0.1,32,0.03,0.02
multimodal_psd-fc-wpli_gated_cnn,4,sub09,sub01;sub05;sub07;sub08;sub11;sub13;sub14;sub15;sub16;sub17;sub18;sub20;sub22;sub24;sub27;sub28;sub29,sub10,50,0.026156244799494743,0.10598234832286835,0.002,1e-05,1.0,1.0,True,False,multimodal,psd-fc-wpli,gated,cnn,True,finetune,segssl_barlow_all-patient_psd-fc-wpli_finetune_seed7_pre20_proj32_mask0_03_noise0_02_mlp1_0_sup100,True,barlow,psd,all-patient,True,7,1.0,0.1,32,0.03,0.02
multimodal_psd-fc-wpli_gated_cnn,4,sub09,sub01;sub05;sub07;sub08;sub11;sub13;sub14;sub15;sub16;sub17;sub18;sub20;sub22;sub24;sub27;sub28;sub29,sub10,51,0.02262941002845764,0.08992493152618408,0.002,1e-05,1.0,1.0,True,False,multimodal,psd-fc-wpli,gated,cnn,True,finetune,segssl_barlow_all-patient_psd-fc-wpli_finetune_seed7_pre20_proj32_mask0_03_noise0_02_mlp1_0_sup100,True,barlow,psd,all-patient,True,7,1.0,0.1,32,0.03,0.02
multimodal_psd-fc-wpli_gated_cnn,4,sub09,sub01;sub05;sub07;sub08;sub11;sub13;sub14;sub15;sub16;sub17;sub18;sub20;sub22;sub24;sub27;sub28;sub29,sub10,52,0.01958954706788063,0.07785695046186447,0.002,1e-05,1.0,1.0,True,False,multimodal,psd-fc-wpli,gated,cnn,True,finetune,segssl_barlow_all-patient_psd-fc-wpli_finetune_seed7_pre20_proj32_mask0_03_noise0_02_mlp1_0_sup100,True,barlow,psd,all-patient,True,7,1.0,0.1,32,0.03,0.02
multimodal_psd-fc-wpli_gated_cnn,4,sub09,sub01;sub05;sub07;sub08;sub11;sub13;sub14;sub15;sub16;sub17;sub18;sub20;sub22;sub24;sub27;sub28;sub29,sub10,53,0.016978776082396507,0.06907103955745697,0.002,1e-05,1.0,1.0,True,False,multimodal,psd-fc-wpli,gated,cnn,True,finetune,segssl_barlow_all-patient_psd-fc-wpli_finetune_seed7_pre20_proj32_mask0_03_noise0_02_mlp1_0_sup100,True,barlow,psd,all-patient,True,7,1.0,0.1,32,0.03,0.02
multimodal_psd-fc-wpli_gated_cnn,4,sub09,sub01;sub05;sub07;sub08;sub11;sub13;sub14;sub15;sub16;sub17;sub18;sub20;sub22;sub24;sub27;sub28;sub29,sub10,54,0.014755992218852043,0.06419004499912262,0.002,1e-05,1.0,1.0,True,False,multimodal,psd-fc-wpli,gated,cnn,True,finetune,segssl_barlow_all-patient_psd-fc-wpli_finetune_seed7_pre20_proj32_mask0_03_noise0_02_mlp1_0_sup100,True,barlow,psd,all-patient,True,7,1.0,0.1,32,0.03,0.02
multimodal_psd-fc-wpli_gated_cnn,4,sub09,sub01;sub05;sub07;sub08;sub11;sub13;sub14;sub15;sub16;sub17;sub18;sub20;sub22;sub24;sub27;sub28;sub29,sub10,55,0.012862563133239746,0.06238648667931557,0.002,1e-05,1.0,1.0,True,False,multimodal,psd-fc-wpli,gated,cnn,True,finetune,segssl_barlow_all-patient_psd-fc-wpli_finetune_seed7_pre20_proj32_mask0_03_noise0_02_mlp1_0_sup100,True,barlow,psd,all-patient,True,7,1.0,0.1,32,0.03,0.02
multimodal_psd-fc-wpli_gated_cnn,4,sub09,sub01;sub05;sub07;sub08;sub11;sub13;sub14;sub15;sub16;sub17;sub18;sub20;sub22;sub24;sub27;sub28;sub29,sub10,56,0.011239959858357906,0.06294093281030655,0.002,1e-05,1.0,1.0,False,False,multimodal,psd-fc-wpli,gated,cnn,True,finetune,segssl_barlow_all-patient_psd-fc-wpli_finetune_seed7_pre20_proj32_mask0_03_noise0_02_mlp1_0_sup100,True,barlow,psd,all-patient,True,7,1.0,0.1,32,0.03,0.02
multimodal_psd-fc-wpli_gated_cnn,4,sub09,sub01;sub05;sub07;sub08;sub11;sub13;sub14;sub15;sub16;sub17;sub18;sub20;sub22;sub24;sub27;sub28;sub29,sub10,57,0.009845513850450516,0.06581535190343857,0.002,1e-05,1.0,1.0,False,False,multimodal,psd-fc-wpli,gated,cnn,True,finetune,segssl_barlow_all-patient_psd-fc-wpli_finetune_seed7_pre20_proj32_mask0_03_noise0_02_mlp1_0_sup100,True,barlow,psd,all-patient,True,7,1.0,0.1,32,0.03,0.02
multimodal_psd-fc-wpli_gated_cnn,4,sub09,sub01;sub05;sub07;sub08;sub11;sub13;sub14;sub15;sub16;sub17;sub18;sub20;sub22;sub24;sub27;sub28;sub29,sub10,58,0.00864975992590189,0.07043399661779404,0.002,1e-05,1.0,1.0,False,False,multimodal,psd-fc-wpli,gated,cnn,True,finetune,segssl_barlow_all-patient_psd-fc-wpli_finetune_seed7_pre20_proj32_mask0_03_noise0_02_mlp1_0_sup100,True,barlow,psd,all-patient,True,7,1.0,0.1,32,0.03,0.02
multimodal_psd-fc-wpli_gated_cnn,4,sub09,sub01;sub05;sub07;sub08;sub11;sub13;sub14;sub15;sub16;sub17;sub18;sub20;sub22;sub24;sub27;sub28;sub29,sub10,59,0.007625744678080082,0.07600551098585129,0.002,1e-05,1.0,1.0,False,False,multimodal,psd-fc-wpli,gated,cnn,True,finetune,segssl_barlow_all-patient_psd-fc-wpli_finetune_seed7_pre20_proj32_mask0_03_noise0_02_mlp1_0_sup100,True,barlow,psd,all-patient,True,7,1.0,0.1,32,0.03,0.02
multimodal_psd-fc-wpli_gated_cnn,4,sub09,sub01;sub05;sub07;sub08;sub11;sub13;sub14;sub15;sub16;sub17;sub18;sub20;sub22;sub24;sub27;sub28;sub29,sub10,60,0.006743221543729305,0.08211605250835419,0.002,1e-05,1.0,1.0,False,False,multimodal,psd-fc-wpli,gated,cnn,True,finetune,segssl_barlow_all-patient_psd-fc-wpli_finetune_seed7_pre20_proj32_mask0_03_noise0_02_mlp1_0_sup100,True,barlow,psd,all-patient,True,7,1.0,0.1,32,0.03,0.02
multimodal_psd-fc-wpli_gated_cnn,4,sub09,sub01;sub05;sub07;sub08;sub11;sub13;sub14;sub15;sub16;sub17;sub18;sub20;sub22;sub24;sub27;sub28;sub29,sub10,61,0.005984303075820208,0.0886380597949028,0.002,1e-05,1.0,1.0,False,False,multimodal,psd-fc-wpli,gated,cnn,True,finetune,segssl_barlow_all-patient_psd-fc-wpli_finetune_seed7_pre20_proj32_mask0_03_noise0_02_mlp1_0_sup100,True,barlow,psd,all-patient,True,7,1.0,0.1,32,0.03,0.02
multimodal_psd-fc-wpli_gated_cnn,4,sub09,sub01;sub05;sub07;sub08;sub11;sub13;sub14;sub15;sub16;sub17;sub18;sub20;sub22;sub24;sub27;sub28;sub29,sub10,62,0.005329134874045849,0.09533146023750305,0.002,1e-05,1.0,1.0,False,False,multimodal,psd-fc-wpli,gated,cnn,True,finetune,segssl_barlow_all-patient_psd-fc-wpli_finetune_seed7_pre20_proj32_mask0_03_noise0_02_mlp1_0_sup100,True,barlow,psd,all-patient,True,7,1.0,0.1,32,0.03,0.02
multimodal_psd-fc-wpli_gated_cnn,4,sub09,sub01;sub05;sub07;sub08;sub11;sub13;sub14;sub15;sub16;sub17;sub18;sub20;sub22;sub24;sub27;sub28;sub29,sub10,63,0.00476140296086669,0.10206481069326401,0.002,1e-05,1.0,1.0,False,False,multimodal,psd-fc-wpli,gated,cnn,True,finetune,segssl_barlow_all-patient_psd-fc-wpli_finetune_seed7_pre20_proj32_mask0_03_noise0_02_mlp1_0_sup100,True,barlow,psd,all-patient,True,7,1.0,0.1,32,0.03,0.02
multimodal_psd-fc-wpli_gated_cnn,4,sub09,sub01;sub05;sub07;sub08;sub11;sub13;sub14;sub15;sub16;sub17;sub18;sub20;sub22;sub24;sub27;sub28;sub29,sub10,64,0.004269977565854788,0.10887503623962402,0.002,1e-05,1.0,1.0,False,False,multimodal,psd-fc-wpli,gated,cnn,True,finetune,segssl_barlow_all-patient_psd-fc-wpli_finetune_seed7_pre20_proj32_mask0_03_noise0_02_mlp1_0_sup100,True,barlow,psd,all-patient,True,7,1.0,0.1,32,0.03,0.02
multimodal_psd-fc-wpli_gated_cnn,4,sub09,sub01;sub05;sub07;sub08;sub11;sub13;sub14;sub15;sub16;sub17;sub18;sub20;sub22;sub24;sub27;sub28;sub29,sub10,65,0.003844441380351782,0.11571918427944183,0.002,1e-05,1.0,1.0,False,False,multimodal,psd-fc-wpli,gated,cnn,True,finetune,segssl_barlow_all-patient_psd-fc-wpli_finetune_seed7_pre20_proj32_mask0_03_noise0_02_mlp1_0_sup100,True,barlow,psd,all-patient,True,7,1.0,0.1,32,0.03,0.02
multimodal_psd-fc-wpli_gated_cnn,4,sub09,sub01;sub05;sub07;sub08;sub11;sub13;sub14;sub15;sub16;sub17;sub18;sub20;sub22;sub24;sub27;sub28;sub29,sub10,66,0.0034743361175060272,0.12274250388145447,0.002,1e-05,1.0,1.0,False,False,multimodal,psd-fc-wpli,gated,cnn,True,finetune,segssl_barlow_all-patient_psd-fc-wpli_finetune_seed7_pre20_proj32_mask0_03_noise0_02_mlp1_0_sup100,True,barlow,psd,all-patient,True,7,1.0,0.1,32,0.03,0.02
multimodal_psd-fc-wpli_gated_cnn,4,sub09,sub01;sub05;sub07;sub08;sub11;sub13;sub14;sub15;sub16;sub17;sub18;sub20;sub22;sub24;sub27;sub28;sub29,sub10,67,0.003151855431497097,0.12995083630084991,0.002,1e-05,1.0,1.0,False,False,multimodal,psd-fc-wpli,gated,cnn,True,finetune,segssl_barlow_all-patient_psd-fc-wpli_finetune_seed7_pre20_proj32_mask0_03_noise0_02_mlp1_0_sup100,True,barlow,psd,all-patient,True,7,1.0,0.1,32,0.03,0.02
multimodal_psd-fc-wpli_gated_cnn,4,sub09,sub01;sub05;sub07;sub08;sub11;sub13;sub14;sub15;sub16;sub17;sub18;sub20;sub22;sub24;sub27;sub28;sub29,sub10,68,0.0028704004362225533,0.13728725910186768,0.002,1e-05,1.0,1.0,False,False,multimodal,psd-fc-wpli,gated,cnn,True,finetune,segssl_barlow_all-patient_psd-fc-wpli_finetune_seed7_pre20_proj32_mask0_03_noise0_02_mlp1_0_sup100,True,barlow,psd,all-patient,True,7,1.0,0.1,32,0.03,0.02
multimodal_psd-fc-wpli_gated_cnn,4,sub09,sub01;sub05;sub07;sub08;sub11;sub13;sub14;sub15;sub16;sub17;sub18;sub20;sub22;sub24;sub27;sub28;sub29,sub10,69,0.0026229077484458685,0.14467233419418335,0.002,1e-05,1.0,1.0,False,False,multimodal,psd-fc-wpli,gated,cnn,True,finetune,segssl_barlow_all-patient_psd-fc-wpli_finetune_seed7_pre20_proj32_mask0_03_noise0_02_mlp1_0_sup100,True,barlow,psd,all-patient,True,7,1.0,0.1,32,0.03,0.02
multimodal_psd-fc-wpli_gated_cnn,4,sub09,sub01;sub05;sub07;sub08;sub11;sub13;sub14;sub15;sub16;sub17;sub18;sub20;sub22;sub24;sub27;sub28;sub29,sub10,70,0.0024045086465775967,0.15206994116306305,0.002,1e-05,1.0,1.0,False,False,multimodal,psd-fc-wpli,gated,cnn,True,finetune,segssl_barlow_all-patient_psd-fc-wpli_finetune_seed7_pre20_proj32_mask0_03_noise0_02_mlp1_0_sup100,True,barlow,psd,all-patient,True,7,1.0,0.1,32,0.03,0.02
multimodal_psd-fc-wpli_gated_cnn,4,sub09,sub01;sub05;sub07;sub08;sub11;sub13;sub14;sub15;sub16;sub17;sub18;sub20;sub22;sub24;sub27;sub28;sub29,sub10,71,0.0022114962339401245,0.15923866629600525,0.002,1e-05,1.0,1.0,False,False,multimodal,psd-fc-wpli,gated,cnn,True,finetune,segssl_barlow_all-patient_psd-fc-wpli_finetune_seed7_pre20_proj32_mask0_03_noise0_02_mlp1_0_sup100,True,barlow,psd,all-patient,True,7,1.0,0.1,32,0.03,0.02
multimodal_psd-fc-wpli_gated_cnn,4,sub09,sub01;sub05;sub07;sub08;sub11;sub13;sub14;sub15;sub16;sub17;sub18;sub20;sub22;sub24;sub27;sub28;sub29,sub10,72,0.002040135907009244,0.16577355563640594,0.002,1e-05,1.0,1.0,False,False,multimodal,psd-fc-wpli,gated,cnn,True,finetune,segssl_barlow_all-patient_psd-fc-wpli_finetune_seed7_pre20_proj32_mask0_03_noise0_02_mlp1_0_sup100,True,barlow,psd,all-patient,True,7,1.0,0.1,32,0.03,0.02
multimodal_psd-fc-wpli_gated_cnn,4,sub09,sub01;sub05;sub07;sub08;sub11;sub13;sub14;sub15;sub16;sub17;sub18;sub20;sub22;sub24;sub27;sub28;sub29,sub10,73,0.001887367106974125,0.17123004794120789,0.002,1e-05,1.0,1.0,False,False,multimodal,psd-fc-wpli,gated,cnn,True,finetune,segssl_barlow_all-patient_psd-fc-wpli_finetune_seed7_pre20_proj32_mask0_03_noise0_02_mlp1_0_sup100,True,barlow,psd,all-patient,True,7,1.0,0.1,32,0.03,0.02
multimodal_psd-fc-wpli_gated_cnn,4,sub09,sub01;sub05;sub07;sub08;sub11;sub13;sub14;sub15;sub16;sub17;sub18;sub20;sub22;sub24;sub27;sub28;sub29,sub10,74,0.0017507934244349599,0.17537885904312134,0.002,1e-05,1.0,1.0,False,False,multimodal,psd-fc-wpli,gated,cnn,True,finetune,segssl_barlow_all-patient_psd-fc-wpli_finetune_seed7_pre20_proj32_mask0_03_noise0_02_mlp1_0_sup100,True,barlow,psd,all-patient,True,7,1.0,0.1,32,0.03,0.02
multimodal_psd-fc-wpli_gated_cnn,4,sub09,sub01;sub05;sub07;sub08;sub11;sub13;sub14;sub15;sub16;sub17;sub18;sub20;sub22;sub24;sub27;sub28;sub29,sub10,75,0.0016284050652757287,0.17806343734264374,0.002,1e-05,1.0,1.0,False,False,multimodal,psd-fc-wpli,gated,cnn,True,finetune,segssl_barlow_all-patient_psd-fc-wpli_finetune_seed7_pre20_proj32_mask0_03_noise0_02_mlp1_0_sup100,True,barlow,psd,all-patient,True,7,1.0,0.1,32,0.03,0.02
multimodal_psd-fc-wpli_gated_cnn,4,sub09,sub01;sub05;sub07;sub08;sub11;sub13;sub14;sub15;sub16;sub17;sub18;sub20;sub22;sub24;sub27;sub28;sub29,sub10,76,0.001518384669907391,0.179101824760437,0.002,1e-05,1.0,1.0,False,False,multimodal,psd-fc-wpli,gated,cnn,True,finetune,segssl_barlow_all-patient_psd-fc-wpli_finetune_seed7_pre20_proj32_mask0_03_noise0_02_mlp1_0_sup100,True,barlow,psd,all-patient,True,7,1.0,0.1,32,0.03,0.02
multimodal_psd-fc-wpli_gated_cnn,4,sub09,sub01;sub05;sub07;sub08;sub11;sub13;sub14;sub15;sub16;sub17;sub18;sub20;sub22;sub24;sub27;sub28;sub29,sub10,77,0.0014190790243446827,0.1786368042230606,0.002,1e-05,1.0,1.0,False,False,multimodal,psd-fc-wpli,gated,cnn,True,finetune,segssl_barlow_all-patient_psd-fc-wpli_finetune_seed7_pre20_proj32_mask0_03_noise0_02_mlp1_0_sup100,True,barlow,psd,all-patient,True,7,1.0,0.1,32,0.03,0.02
multimodal_psd-fc-wpli_gated_cnn,4,sub09,sub01;sub05;sub07;sub08;sub11;sub13;sub14;sub15;sub16;sub17;sub18;sub20;sub22;sub24;sub27;sub28;sub29,sub10,78,0.0013290396891534328,0.17682857811450958,0.002,1e-05,1.0,1.0,False,False,multimodal,psd-fc-wpli,gated,cnn,True,finetune,segssl_barlow_all-patient_psd-fc-wpli_finetune_seed7_pre20_proj32_mask0_03_noise0_02_mlp1_0_sup100,True,barlow,psd,all-patient,True,7,1.0,0.1,32,0.03,0.02
multimodal_psd-fc-wpli_gated_cnn,4,sub09,sub01;sub05;sub07;sub08;sub11;sub13;sub14;sub15;sub16;sub17;sub18;sub20;sub22;sub24;sub27;sub28;sub29,sub10,79,0.0012474094983190298,0.17425350844860077,0.002,1e-05,1.0,1.0,False,False,multimodal,psd-fc-wpli,gated,cnn,True,finetune,segssl_barlow_all-patient_psd-fc-wpli_finetune_seed7_pre20_proj32_mask0_03_noise0_02_mlp1_0_sup100,True,barlow,psd,all-patient,True,7,1.0,0.1,32,0.03,0.02
multimodal_psd-fc-wpli_gated_cnn,4,sub09,sub01;sub05;sub07;sub08;sub11;sub13;sub14;sub15;sub16;sub17;sub18;sub20;sub22;sub24;sub27;sub28;sub29,sub10,80,0.0011731601553037763,0.17113526165485382,0.002,1e-05,1.0,1.0,False,False,multimodal,psd-fc-wpli,gated,cnn,True,finetune,segssl_barlow_all-patient_psd-fc-wpli_finetune_seed7_pre20_proj32_mask0_03_noise0_02_mlp1_0_sup100,True,barlow,psd,all-patient,True,7,1.0,0.1,32,0.03,0.02
multimodal_psd-fc-wpli_gated_cnn,4,sub09,sub01;sub05;sub07;sub08;sub11;sub13;sub14;sub15;sub16;sub17;sub18;sub20;sub22;sub24;sub27;sub28;sub29,sub10,81,0.0011056336807087064,0.16770333051681519,0.002,1e-05,1.0,1.0,False,False,multimodal,psd-fc-wpli,gated,cnn,True,finetune,segssl_barlow_all-patient_psd-fc-wpli_finetune_seed7_pre20_proj32_mask0_03_noise0_02_mlp1_0_sup100,True,barlow,psd,all-patient,True,7,1.0,0.1,32,0.03,0.02
multimodal_psd-fc-wpli_gated_cnn,4,sub09,sub01;sub05;sub07;sub08;sub11;sub13;sub14;sub15;sub16;sub17;sub18;sub20;sub22;sub24;sub27;sub28;sub29,sub10,82,0.001043810392729938,0.16422511637210846,0.002,1e-05,1.0,1.0,False,False,multimodal,psd-fc-wpli,gated,cnn,True,finetune,segssl_barlow_all-patient_psd-fc-wpli_finetune_seed7_pre20_proj32_mask0_03_noise0_02_mlp1_0_sup100,True,barlow,psd,all-patient,True,7,1.0,0.1,32,0.03,0.02
multimodal_psd-fc-wpli_gated_cnn,4,sub09,sub01;sub05;sub07;sub08;sub11;sub13;sub14;sub15;sub16;sub17;sub18;sub20;sub22;sub24;sub27;sub28;sub29,sub10,83,0.0009870583890005946,0.16082888841629028,0.002,1e-05,1.0,1.0,False,False,multimodal,psd-fc-wpli,gated,cnn,True,finetune,segssl_barlow_all-patient_psd-fc-wpli_finetune_seed7_pre20_proj32_mask0_03_noise0_02_mlp1_0_sup100,True,barlow,psd,all-patient,True,7,1.0,0.1,32,0.03,0.02
multimodal_psd-fc-wpli_gated_cnn,4,sub09,sub01;sub05;sub07;sub08;sub11;sub13;sub14;sub15;sub16;sub17;sub18;sub20;sub22;sub24;sub27;sub28;sub29,sub10,84,0.0009349078172817826,0.15763826668262482,0.002,1e-05,1.0,1.0,False,False,multimodal,psd-fc-wpli,gated,cnn,True,finetune,segssl_barlow_all-patient_psd-fc-wpli_finetune_seed7_pre20_proj32_mask0_03_noise0_02_mlp1_0_sup100,True,barlow,psd,all-patient,True,7,1.0,0.1,32,0.03,0.02
multimodal_psd-fc-wpli_gated_cnn,4,sub09,sub01;sub05;sub07;sub08;sub11;sub13;sub14;sub15;sub16;sub17;sub18;sub20;sub22;sub24;sub27;sub28;sub29,sub10,85,0.0008866327698342502,0.15477107465267181,0.002,1e-05,1.0,1.0,False,False,multimodal,psd-fc-wpli,gated,cnn,True,finetune,segssl_barlow_all-patient_psd-fc-wpli_finetune_seed7_pre20_proj32_mask0_03_noise0_02_mlp1_0_sup100,True,barlow,psd,all-patient,True,7,1.0,0.1,32,0.03,0.02
multimodal_psd-fc-wpli_gated_cnn,4,sub09,sub01;sub05;sub07;sub08;sub11;sub13;sub14;sub15;sub16;sub17;sub18;sub20;sub22;sub24;sub27;sub28;sub29,sub10,86,0.000841799599584192,0.1522076278924942,0.002,1e-05,1.0,1.0,False,False,multimodal,psd-fc-wpli,gated,cnn,True,finetune,segssl_barlow_all-patient_psd-fc-wpli_finetune_seed7_pre20_proj32_mask0_03_noise0_02_mlp1_0_sup100,True,barlow,psd,all-patient,True,7,1.0,0.1,32,0.03,0.02
multimodal_psd-fc-wpli_gated_cnn,4,sub09,sub01;sub05;sub07;sub08;sub11;sub13;sub14;sub15;sub16;sub17;sub18;sub20;sub22;sub24;sub27;sub28;sub29,sub10,87,0.0007999011431820691,0.14994575083255768,0.002,1e-05,1.0,1.0,False,False,multimodal,psd-fc-wpli,gated,cnn,True,finetune,segssl_barlow_all-patient_psd-fc-wpli_finetune_seed7_pre20_proj32_mask0_03_noise0_02_mlp1_0_sup100,True,barlow,psd,all-patient,True,7,1.0,0.1,32,0.03,0.02
multimodal_psd-fc-wpli_gated_cnn,4,sub09,sub01;sub05;sub07;sub08;sub11;sub13;sub14;sub15;sub16;sub17;sub18;sub20;sub22;sub24;sub27;sub28;sub29,sub10,88,0.0007605828577652574,0.14801126718521118,0.002,1e-05,1.0,1.0,False,False,multimodal,psd-fc-wpli,gated,cnn,True,finetune,segssl_barlow_all-patient_psd-fc-wpli_finetune_seed7_pre20_proj32_mask0_03_noise0_02_mlp1_0_sup100,True,barlow,psd,all-patient,True,7,1.0,0.1,32,0.03,0.02
multimodal_psd-fc-wpli_gated_cnn,4,sub09,sub01;sub05;sub07;sub08;sub11;sub13;sub14;sub15;sub16;sub17;sub18;sub20;sub22;sub24;sub27;sub28;sub29,sub10,89,0.0007235615630634129,0.14633184671401978,0.002,1e-05,1.0,1.0,False,False,multimodal,psd-fc-wpli,gated,cnn,True,finetune,segssl_barlow_all-patient_psd-fc-wpli_finetune_seed7_pre20_proj32_mask0_03_noise0_02_mlp1_0_sup100,True,barlow,psd,all-patient,True,7,1.0,0.1,32,0.03,0.02
multimodal_psd-fc-wpli_gated_cnn,4,sub09,sub01;sub05;sub07;sub08;sub11;sub13;sub14;sub15;sub16;sub17;sub18;sub20;sub22;sub24;sub27;sub28;sub29,sub10,90,0.0006885800394229591,0.1449449360370636,0.002,1e-05,1.0,1.0,False,False,multimodal,psd-fc-wpli,gated,cnn,True,finetune,segssl_barlow_all-patient_psd-fc-wpli_finetune_seed7_pre20_proj32_mask0_03_noise0_02_mlp1_0_sup100,True,barlow,psd,all-patient,True,7,1.0,0.1,32,0.03,0.02
multimodal_psd-fc-wpli_gated_cnn,4,sub09,sub01;sub05;sub07;sub08;sub11;sub13;sub14;sub15;sub16;sub17;sub18;sub20;sub22;sub24;sub27;sub28;sub29,sub10,91,0.0006555305444635451,0.1438857913017273,0.002,1e-05,1.0,1.0,False,False,multimodal,psd-fc-wpli,gated,cnn,True,finetune,segssl_barlow_all-patient_psd-fc-wpli_finetune_seed7_pre20_proj32_mask0_03_noise0_02_mlp1_0_sup100,True,barlow,psd,all-patient,True,7,1.0,0.1,32,0.03,0.02
multimodal_psd-fc-wpli_gated_cnn,4,sub09,sub01;sub05;sub07;sub08;sub11;sub13;sub14;sub15;sub16;sub17;sub18;sub20;sub22;sub24;sub27;sub28;sub29,sub10,92,0.000624213251285255,0.14311149716377258,0.002,1e-05,1.0,1.0,False,False,multimodal,psd-fc-wpli,gated,cnn,True,finetune,segssl_barlow_all-patient_psd-fc-wpli_finetune_seed7_pre20_proj32_mask0_03_noise0_02_mlp1_0_sup100,True,barlow,psd,all-patient,True,7,1.0,0.1,32,0.03,0.02
multimodal_psd-fc-wpli_gated_cnn,4,sub09,sub01;sub05;sub07;sub08;sub11;sub13;sub14;sub15;sub16;sub17;sub18;sub20;sub22;sub24;sub27;sub28;sub29,sub10,93,0.0005944364820607007,0.14259622991085052,0.002,1e-05,1.0,1.0,False,False,multimodal,psd-fc-wpli,gated,cnn,True,finetune,segssl_barlow_all-patient_psd-fc-wpli_finetune_seed7_pre20_proj32_mask0_03_noise0_02_mlp1_0_sup100,True,barlow,psd,all-patient,True,7,1.0,0.1,32,0.03,0.02
multimodal_psd-fc-wpli_gated_cnn,4,sub09,sub01;sub05;sub07;sub08;sub11;sub13;sub14;sub15;sub16;sub17;sub18;sub20;sub22;sub24;sub27;sub28;sub29,sub10,94,0.0005660542519763112,0.14232446253299713,0.002,1e-05,1.0,1.0,False,False,multimodal,psd-fc-wpli,gated,cnn,True,finetune,segssl_barlow_all-patient_psd-fc-wpli_finetune_seed7_pre20_proj32_mask0_03_noise0_02_mlp1_0_sup100,True,barlow,psd,all-patient,True,7,1.0,0.1,32,0.03,0.02
multimodal_psd-fc-wpli_gated_cnn,4,sub09,sub01;sub05;sub07;sub08;sub11;sub13;sub14;sub15;sub16;sub17;sub18;sub20;sub22;sub24;sub27;sub28;sub29,sub10,95,0.0005389867583289742,0.14228728413581848,0.002,1e-05,1.0,1.0,False,False,multimodal,psd-fc-wpli,gated,cnn,True,finetune,segssl_barlow_all-patient_psd-fc-wpli_finetune_seed7_pre20_proj32_mask0_03_noise0_02_mlp1_0_sup100,True,barlow,psd,all-patient,True,7,1.0,0.1,32,0.03,0.02
multimodal_psd-fc-wpli_gated_cnn,4,sub09,sub01;sub05;sub07;sub08;sub11;sub13;sub14;sub15;sub16;sub17;sub18;sub20;sub22;sub24;sub27;sub28;sub29,sub10,96,0.000513227772898972,0.14246432483196259,0.002,1e-05,1.0,1.0,False,False,multimodal,psd-fc-wpli,gated,cnn,True,finetune,segssl_barlow_all-patient_psd-fc-wpli_finetune_seed7_pre20_proj32_mask0_03_noise0_02_mlp1_0_sup100,True,barlow,psd,all-patient,True,7,1.0,0.1,32,0.03,0.02
multimodal_psd-fc-wpli_gated_cnn,4,sub09,sub01;sub05;sub07;sub08;sub11;sub13;sub14;sub15;sub16;sub17;sub18;sub20;sub22;sub24;sub27;sub28;sub29,sub10,97,0.000488672056235373,0.1428496390581131,0.002,1e-05,1.0,1.0,False,False,multimodal,psd-fc-wpli,gated,cnn,True,finetune,segssl_barlow_all-patient_psd-fc-wpli_finetune_seed7_pre20_proj32_mask0_03_noise0_02_mlp1_0_sup100,True,barlow,psd,all-patient,True,7,1.0,0.1,32,0.03,0.02
multimodal_psd-fc-wpli_gated_cnn,4,sub09,sub01;sub05;sub07;sub08;sub11;sub13;sub14;sub15;sub16;sub17;sub18;sub20;sub22;sub24;sub27;sub28;sub29,sub10,98,0.00046530968393199146,0.1434183418750763,0.002,1e-05,1.0,1.0,False,False,multimodal,psd-fc-wpli,gated,cnn,True,finetune,segssl_barlow_all-patient_psd-fc-wpli_finetune_seed7_pre20_proj32_mask0_03_noise0_02_mlp1_0_sup100,True,barlow,psd,all-patient,True,7,1.0,0.1,32,0.03,0.02
multimodal_psd-fc-wpli_gated_cnn,4,sub09,sub01;sub05;sub07;sub08;sub11;sub13;sub14;sub15;sub16;sub17;sub18;sub20;sub22;sub24;sub27;sub28;sub29,sub10,99,0.00044310130761004984,0.1441207230091095,0.002,1e-05,1.0,1.0,False,False,multimodal,psd-fc-wpli,gated,cnn,True,finetune,segssl_barlow_all-patient_psd-fc-wpli_finetune_seed7_pre20_proj32_mask0_03_noise0_02_mlp1_0_sup100,True,barlow,psd,all-patient,True,7,1.0,0.1,32,0.03,0.02
multimodal_psd-fc-wpli_gated_cnn,4,sub09,sub01;sub05;sub07;sub08;sub11;sub13;sub14;sub15;sub16;sub17;sub18;sub20;sub22;sub24;sub27;sub28;sub29,sub10,100,0.00042198991286568344,0.14502623677253723,0.002,1e-05,1.0,1.0,False,False,multimodal,psd-fc-wpli,gated,cnn,True,finetune,segssl_barlow_all-patient_psd-fc-wpli_finetune_seed7_pre20_proj32_mask0_03_noise0_02_mlp1_0_sup100,True,barlow,psd,all-patient,True,7,1.0,0.1,32,0.03,0.02
multimodal_psd-fc-wpli_gated_cnn,5,sub10,sub01;sub05;sub07;sub08;sub09;sub13;sub14;sub15;sub16;sub17;sub18;sub20;sub22;sub24;sub27;sub28;sub29,sub11,1,0.6895880699157715,0.7683570981025696,0.002,1e-05,1.0,1.0,True,False,multimodal,psd-fc-wpli,gated,cnn,True,finetune,segssl_barlow_all-patient_psd-fc-wpli_finetune_seed7_pre20_proj32_mask0_03_noise0_02_mlp1_0_sup100,True,barlow,psd,all-patient,True,7,1.0,0.1,32,0.03,0.02
multimodal_psd-fc-wpli_gated_cnn,5,sub10,sub01;sub05;sub07;sub08;sub09;sub13;sub14;sub15;sub16;sub17;sub18;sub20;sub22;sub24;sub27;sub28;sub29,sub11,2,0.6837520599365234,0.7688448429107666,0.002,1e-05,1.0,1.0,False,False,multimodal,psd-fc-wpli,gated,cnn,True,finetune,segssl_barlow_all-patient_psd-fc-wpli_finetune_seed7_pre20_proj32_mask0_03_noise0_02_mlp1_0_sup100,True,barlow,psd,all-patient,True,7,1.0,0.1,32,0.03,0.02
multimodal_psd-fc-wpli_gated_cnn,5,sub10,sub01;sub05;sub07;sub08;sub09;sub13;sub14;sub15;sub16;sub17;sub18;sub20;sub22;sub24;sub27;sub28;sub29,sub11,3,0.6785938143730164,0.7702270150184631,0.002,1e-05,1.0,1.0,False,False,multimodal,psd-fc-wpli,gated,cnn,True,finetune,segssl_barlow_all-patient_psd-fc-wpli_finetune_seed7_pre20_proj32_mask0_03_noise0_02_mlp1_0_sup100,True,barlow,psd,all-patient,True,7,1.0,0.1,32,0.03,0.02
multimodal_psd-fc-wpli_gated_cnn,5,sub10,sub01;sub05;sub07;sub08;sub09;sub13;sub14;sub15;sub16;sub17;sub18;sub20;sub22;sub24;sub27;sub28;sub29,sub11,4,0.6728692054748535,0.7722159028053284,0.002,1e-05,1.0,1.0,False,False,multimodal,psd-fc-wpli,gated,cnn,True,finetune,segssl_barlow_all-patient_psd-fc-wpli_finetune_seed7_pre20_proj32_mask0_03_noise0_02_mlp1_0_sup100,True,barlow,psd,all-patient,True,7,1.0,0.1,32,0.03,0.02
multimodal_psd-fc-wpli_gated_cnn,5,sub10,sub01;sub05;sub07;sub08;sub09;sub13;sub14;sub15;sub16;sub17;sub18;sub20;sub22;sub24;sub27;sub28;sub29,sub11,5,0.6666619181632996,0.7726870775222778,0.002,1e-05,1.0,1.0,False,False,multimodal,psd-fc-wpli,gated,cnn,True,finetune,segssl_barlow_all-patient_psd-fc-wpli_finetune_seed7_pre20_proj32_mask0_03_noise0_02_mlp1_0_sup100,True,barlow,psd,all-patient,True,7,1.0,0.1,32,0.03,0.02
multimodal_psd-fc-wpli_gated_cnn,5,sub10,sub01;sub05;sub07;sub08;sub09;sub13;sub14;sub15;sub16;sub17;sub18;sub20;sub22;sub24;sub27;sub28;sub29,sub11,6,0.6595280766487122,0.7700185775756836,0.002,1e-05,1.0,1.0,False,False,multimodal,psd-fc-wpli,gated,cnn,True,finetune,segssl_barlow_all-patient_psd-fc-wpli_finetune_seed7_pre20_proj32_mask0_03_noise0_02_mlp1_0_sup100,True,barlow,psd,all-patient,True,7,1.0,0.1,32,0.03,0.02
multimodal_psd-fc-wpli_gated_cnn,5,sub10,sub01;sub05;sub07;sub08;sub09;sub13;sub14;sub15;sub16;sub17;sub18;sub20;sub22;sub24;sub27;sub28;sub29,sub11,7,0.6515598297119141,0.7637768387794495,0.002,1e-05,1.0,1.0,True,False,multimodal,psd-fc-wpli,gated,cnn,True,finetune,segssl_barlow_all-patient_psd-fc-wpli_finetune_seed7_pre20_proj32_mask0_03_noise0_02_mlp1_0_sup100,True,barlow,psd,all-patient,True,7,1.0,0.1,32,0.03,0.02
multimodal_psd-fc-wpli_gated_cnn,5,sub10,sub01;sub05;sub07;sub08;sub09;sub13;sub14;sub15;sub16;sub17;sub18;sub20;sub22;sub24;sub27;sub28;sub29,sub11,8,0.6426680684089661,0.7484890222549438,0.002,1e-05,1.0,1.0,True,False,multimodal,psd-fc-wpli,gated,cnn,True,finetune,segssl_barlow_all-patient_psd-fc-wpli_finetune_seed7_pre20_proj32_mask0_03_noise0_02_mlp1_0_sup100,True,barlow,psd,all-patient,True,7,1.0,0.1,32,0.03,0.02
multimodal_psd-fc-wpli_gated_cnn,5,sub10,sub01;sub05;sub07;sub08;sub09;sub13;sub14;sub15;sub16;sub17;sub18;sub20;sub22;sub24;sub27;sub28;sub29,sub11,9,0.6327703595161438,0.7264338731765747,0.002,1e-05,1.0,1.0,True,False,multimodal,psd-fc-wpli,gated,cnn,True,finetune,segssl_barlow_all-patient_psd-fc-wpli_finetune_seed7_pre20_proj32_mask0_03_noise0_02_mlp1_0_sup100,True,barlow,psd,all-patient,True,7,1.0,0.1,32,0.03,0.02
multimodal_psd-fc-wpli_gated_cnn,5,sub10,sub01;sub05;sub07;sub08;sub09;sub13;sub14;sub15;sub16;sub17;sub18;sub20;sub22;sub24;sub27;sub28;sub29,sub11,10,0.6217910647392273,0.700705885887146,0.002,1e-05,1.0,1.0,True,False,multimodal,psd-fc-wpli,gated,cnn,True,finetune,segssl_barlow_all-patient_psd-fc-wpli_finetune_seed7_pre20_proj32_mask0_03_noise0_02_mlp1_0_sup100,True,barlow,psd,all-patient,True,7,1.0,0.1,32,0.03,0.02
multimodal_psd-fc-wpli_gated_cnn,5,sub10,sub01;sub05;sub07;sub08;sub09;sub13;sub14;sub15;sub16;sub17;sub18;sub20;sub22;sub24;sub27;sub28;sub29,sub11,11,0.6097341179847717,0.6712867021560669,0.002,1e-05,1.0,1.0,True,False,multimodal,psd-fc-wpli,gated,cnn,True,finetune,segssl_barlow_all-patient_psd-fc-wpli_finetune_seed7_pre20_proj32_mask0_03_noise0_02_mlp1_0_sup100,True,barlow,psd,all-patient,True,7,1.0,0.1,32,0.03,0.02
multimodal_psd-fc-wpli_gated_cnn,5,sub10,sub01;sub05;sub07;sub08;sub09;sub13;sub14;sub15;sub16;sub17;sub18;sub20;sub22;sub24;sub27;sub28;sub29,sub11,12,0.5966453552246094,0.6408882737159729,0.002,1e-05,1.0,1.0,True,False,multimodal,psd-fc-wpli,gated,cnn,True,finetune,segssl_barlow_all-patient_psd-fc-wpli_finetune_seed7_pre20_proj32_mask0_03_noise0_02_mlp1_0_sup100,True,barlow,psd,all-patient,True,7,1.0,0.1,32,0.03,0.02
multimodal_psd-fc-wpli_gated_cnn,5,sub10,sub01;sub05;sub07;sub08;sub09;sub13;sub14;sub15;sub16;sub17;sub18;sub20;sub22;sub24;sub27;sub28;sub29,sub11,13,0.5825502872467041,0.6095695495605469,0.002,1e-05,1.0,1.0,True,False,multimodal,psd-fc-wpli,gated,cnn,True,finetune,segssl_barlow_all-patient_psd-fc-wpli_finetune_seed7_pre20_proj32_mask0_03_noise0_02_mlp1_0_sup100,True,barlow,psd,all-patient,True,7,1.0,0.1,32,0.03,0.02
multimodal_psd-fc-wpli_gated_cnn,5,sub10,sub01;sub05;sub07;sub08;sub09;sub13;sub14;sub15;sub16;sub17;sub18;sub20;sub22;sub24;sub27;sub28;sub29,sub11,14,0.5674567222595215,0.5814967155456543,0.002,1e-05,1.0,1.0,True,False,multimodal,psd-fc-wpli,gated,cnn,True,finetune,segssl_barlow_all-patient_psd-fc-wpli_finetune_seed7_pre20_proj32_mask0_03_noise0_02_mlp1_0_sup100,True,barlow,psd,all-patient,True,7,1.0,0.1,32,0.03,0.02
multimodal_psd-fc-wpli_gated_cnn,5,sub10,sub01;sub05;sub07;sub08;sub09;sub13;sub14;sub15;sub16;sub17;sub18;sub20;sub22;sub24;sub27;sub28;sub29,sub11,15,0.5511708855628967,0.5587443113327026,0.002,1e-05,1.0,1.0,True,False,multimodal,psd-fc-wpli,gated,cnn,True,finetune,segssl_barlow_all-patient_psd-fc-wpli_finetune_seed7_pre20_proj32_mask0_03_noise0_02_mlp1_0_sup100,True,barlow,psd,all-patient,True,7,1.0,0.1,32,0.03,0.02
multimodal_psd-fc-wpli_gated_cnn,5,sub10,sub01;sub05;sub07;sub08;sub09;sub13;sub14;sub15;sub16;sub17;sub18;sub20;sub22;sub24;sub27;sub28;sub29,sub11,16,0.5335816740989685,0.540398120880127,0.002,1e-05,1.0,1.0,True,False,multimodal,psd-fc-wpli,gated,cnn,True,finetune,segssl_barlow_all-patient_psd-fc-wpli_finetune_seed7_pre20_proj32_mask0_03_noise0_02_mlp1_0_sup100,True,barlow,psd,all-patient,True,7,1.0,0.1,32,0.03,0.02
multimodal_psd-fc-wpli_gated_cnn,5,sub10,sub01;sub05;sub07;sub08;sub09;sub13;sub14;sub15;sub16;sub17;sub18;sub20;sub22;sub24;sub27;sub28;sub29,sub11,17,0.5147820711135864,0.518893837928772,0.002,1e-05,1.0,1.0,True,False,multimodal,psd-fc-wpli,gated,cnn,True,finetune,segssl_barlow_all-patient_psd-fc-wpli_finetune_seed7_pre20_proj32_mask0_03_noise0_02_mlp1_0_sup100,True,barlow,psd,all-patient,True,7,1.0,0.1,32,0.03,0.02
multimodal_psd-fc-wpli_gated_cnn,5,sub10,sub01;sub05;sub07;sub08;sub09;sub13;sub14;sub15;sub16;sub17;sub18;sub20;sub22;sub24;sub27;sub28;sub29,sub11,18,0.49461129307746887,0.4973464012145996,0.002,1e-05,1.0,1.0,True,False,multimodal,psd-fc-wpli,gated,cnn,True,finetune,segssl_barlow_all-patient_psd-fc-wpli_finetune_seed7_pre20_proj32_mask0_03_noise0_02_mlp1_0_sup100,True,barlow,psd,all-patient,True,7,1.0,0.1,32,0.03,0.02
multimodal_psd-fc-wpli_gated_cnn,5,sub10,sub01;sub05;sub07;sub08;sub09;sub13;sub14;sub15;sub16;sub17;sub18;sub20;sub22;sub24;sub27;sub28;sub29,sub11,19,0.4729934632778168,0.47879064083099365,0.002,1e-05,1.0,1.0,True,False,multimodal,psd-fc-wpli,gated,cnn,True,finetune,segssl_barlow_all-patient_psd-fc-wpli_finetune_seed7_pre20_proj32_mask0_03_noise0_02_mlp1_0_sup100,True,barlow,psd,all-patient,True,7,1.0,0.1,32,0.03,0.02
multimodal_psd-fc-wpli_gated_cnn,5,sub10,sub01;sub05;sub07;sub08;sub09;sub13;sub14;sub15;sub16;sub17;sub18;sub20;sub22;sub24;sub27;sub28;sub29,sub11,20,0.45049360394477844,0.4625746011734009,0.002,1e-05,1.0,1.0,True,False,multimodal,psd-fc-wpli,gated,cnn,True,finetune,segssl_barlow_all-patient_psd-fc-wpli_finetune_seed7_pre20_proj32_mask0_03_noise0_02_mlp1_0_sup100,True,barlow,psd,all-patient,True,7,1.0,0.1,32,0.03,0.02
multimodal_psd-fc-wpli_gated_cnn,5,sub10,sub01;sub05;sub07;sub08;sub09;sub13;sub14;sub15;sub16;sub17;sub18;sub20;sub22;sub24;sub27;sub28;sub29,sub11,21,0.42699259519577026,0.4442445933818817,0.002,1e-05,1.0,1.0,True,False,multimodal,psd-fc-wpli,gated,cnn,True,finetune,segssl_barlow_all-patient_psd-fc-wpli_finetune_seed7_pre20_proj32_mask0_03_noise0_02_mlp1_0_sup100,True,barlow,psd,all-patient,True,7,1.0,0.1,32,0.03,0.02
multimodal_psd-fc-wpli_gated_cnn,5,sub10,sub01;sub05;sub07;sub08;sub09;sub13;sub14;sub15;sub16;sub17;sub18;sub20;sub22;sub24;sub27;sub28;sub29,sub11,22,0.40260836482048035,0.4220806956291199,0.002,1e-05,1.0,1.0,True,False,multimodal,psd-fc-wpli,gated,cnn,True,finetune,segssl_barlow_all-patient_psd-fc-wpli_finetune_seed7_pre20_proj32_mask0_03_noise0_02_mlp1_0_sup100,True,barlow,psd,all-patient,True,7,1.0,0.1,32,0.03,0.02
multimodal_psd-fc-wpli_gated_cnn,5,sub10,sub01;sub05;sub07;sub08;sub09;sub13;sub14;sub15;sub16;sub17;sub18;sub20;sub22;sub24;sub27;sub28;sub29,sub11,23,0.3773394823074341,0.4029446542263031,0.002,1e-05,1.0,1.0,True,False,multimodal,psd-fc-wpli,gated,cnn,True,finetune,segssl_barlow_all-patient_psd-fc-wpli_finetune_seed7_pre20_proj32_mask0_03_noise0_02_mlp1_0_sup100,True,barlow,psd,all-patient,True,7,1.0,0.1,32,0.03,0.02
multimodal_psd-fc-wpli_gated_cnn,5,sub10,sub01;sub05;sub07;sub08;sub09;sub13;sub14;sub15;sub16;sub17;sub18;sub20;sub22;sub24;sub27;sub28;sub29,sub11,24,0.35165631771087646,0.38749396800994873,0.002,1e-05,1.0,1.0,True,False,multimodal,psd-fc-wpli,gated,cnn,True,finetune,segssl_barlow_all-patient_psd-fc-wpli_finetune_seed7_pre20_proj32_mask0_03_noise0_02_mlp1_0_sup100,True,barlow,psd,all-patient,True,7,1.0,0.1,32,0.03,0.02
multimodal_psd-fc-wpli_gated_cnn,5,sub10,sub01;sub05;sub07;sub08;sub09;sub13;sub14;sub15;sub16;sub17;sub18;sub20;sub22;sub24;sub27;sub28;sub29,sub11,25,0.32529380917549133,0.374185711145401,0.002,1e-05,1.0,1.0,True,False,multimodal,psd-fc-wpli,gated,cnn,True,finetune,segssl_barlow_all-patient_psd-fc-wpli_finetune_seed7_pre20_proj32_mask0_03_noise0_02_mlp1_0_sup100,True,barlow,psd,all-patient,True,7,1.0,0.1,32,0.03,0.02
multimodal_psd-fc-wpli_gated_cnn,5,sub10,sub01;sub05;sub07;sub08;sub09;sub13;sub14;sub15;sub16;sub17;sub18;sub20;sub22;sub24;sub27;sub28;sub29,sub11,26,0.29836520552635193,0.3601335883140564,0.002,1e-05,1.0,1.0,True,False,multimodal,psd-fc-wpli,gated,cnn,True,finetune,segssl_barlow_all-patient_psd-fc-wpli_finetune_seed7_pre20_proj32_mask0_03_noise0_02_mlp1_0_sup100,True,barlow,psd,all-patient,True,7,1.0,0.1,32,0.03,0.02
multimodal_psd-fc-wpli_gated_cnn,5,sub10,sub01;sub05;sub07;sub08;sub09;sub13;sub14;sub15;sub16;sub17;sub18;sub20;sub22;sub24;sub27;sub28;sub29,sub11,27,0.2714976668357849,0.34656044840812683,0.002,1e-05,1.0,1.0,True,False,multimodal,psd-fc-wpli,gated,cnn,True,finetune,segssl_barlow_all-patient_psd-fc-wpli_finetune_seed7_pre20_proj32_mask0_03_noise0_02_mlp1_0_sup100,True,barlow,psd,all-patient,True,7,1.0,0.1,32,0.03,0.02
multimodal_psd-fc-wpli_gated_cnn,5,sub10,sub01;sub05;sub07;sub08;sub09;sub13;sub14;sub15;sub16;sub17;sub18;sub20;sub22;sub24;sub27;sub28;sub29,sub11,28,0.24545714259147644,0.3384726047515869,0.002,1e-05,1.0,1.0,True,False,multimodal,psd-fc-wpli,gated,cnn,True,finetune,segssl_barlow_all-patient_psd-fc-wpli_finetune_seed7_pre20_proj32_mask0_03_noise0_02_mlp1_0_sup100,True,barlow,psd,all-patient,True,7,1.0,0.1,32,0.03,0.02
multimodal_psd-fc-wpli_gated_cnn,5,sub10,sub01;sub05;sub07;sub08;sub09;sub13;sub14;sub15;sub16;sub17;sub18;sub20;sub22;sub24;sub27;sub28;sub29,sub11,29,0.22043250501155853,0.3267830014228821,0.002,1e-05,1.0,1.0,True,False,multimodal,psd-fc-wpli,gated,cnn,True,finetune,segssl_barlow_all-patient_psd-fc-wpli_finetune_seed7_pre20_proj32_mask0_03_noise0_02_mlp1_0_sup100,True,barlow,psd,all-patient,True,7,1.0,0.1,32,0.03,0.02
multimodal_psd-fc-wpli_gated_cnn,5,sub10,sub01;sub05;sub07;sub08;sub09;sub13;sub14;sub15;sub16;sub17;sub18;sub20;sub22;sub24;sub27;sub28;sub29,sub11,30,0.19627536833286285,0.30943548679351807,0.002,1e-05,1.0,1.0,True,False,multimodal,psd-fc-wpli,gated,cnn,True,finetune,segssl_barlow_all-patient_psd-fc-wpli_finetune_seed7_pre20_proj32_mask0_03_noise0_02_mlp1_0_sup100,True,barlow,psd,all-patient,True,7,1.0,0.1,32,0.03,0.02
multimodal_psd-fc-wpli_gated_cnn,5,sub10,sub01;sub05;sub07;sub08;sub09;sub13;sub14;sub15;sub16;sub17;sub18;sub20;sub22;sub24;sub27;sub28;sub29,sub11,31,0.1733406037092209,0.2907981276512146,0.002,1e-05,1.0,1.0,True,False,multimodal,psd-fc-wpli,gated,cnn,True,finetune,segssl_barlow_all-patient_psd-fc-wpli_finetune_seed7_pre20_proj32_mask0_03_noise0_02_mlp1_0_sup100,True,barlow,psd,all-patient,True,7,1.0,0.1,32,0.03,0.02
multimodal_psd-fc-wpli_gated_cnn,5,sub10,sub01;sub05;sub07;sub08;sub09;sub13;sub14;sub15;sub16;sub17;sub18;sub20;sub22;sub24;sub27;sub28;sub29,sub11,32,0.1523517519235611,0.27506375312805176,0.002,1e-05,1.0,1.0,True,False,multimodal,psd-fc-wpli,gated,cnn,True,finetune,segssl_barlow_all-patient_psd-fc-wpli_finetune_seed7_pre20_proj32_mask0_03_noise0_02_mlp1_0_sup100,True,barlow,psd,all-patient,True,7,1.0,0.1,32,0.03,0.02
multimodal_psd-fc-wpli_gated_cnn,5,sub10,sub01;sub05;sub07;sub08;sub09;sub13;sub14;sub15;sub16;sub17;sub18;sub20;sub22;sub24;sub27;sub28;sub29,sub11,33,0.13322438299655914,0.2687256634235382,0.002,1e-05,1.0,1.0,True,False,multimodal,psd-fc-wpli,gated,cnn,True,finetune,segssl_barlow_all-patient_psd-fc-wpli_finetune_seed7_pre20_proj32_mask0_03_noise0_02_mlp1_0_sup100,True,barlow,psd,all-patient,True,7,1.0,0.1,32,0.03,0.02
multimodal_psd-fc-wpli_gated_cnn,5,sub10,sub01;sub05;sub07;sub08;sub09;sub13;sub14;sub15;sub16;sub17;sub18;sub20;sub22;sub24;sub27;sub28;sub29,sub11,34,0.1159101128578186,0.26803579926490784,0.002,1e-05,1.0,1.0,True,False,multimodal,psd-fc-wpli,gated,cnn,True,finetune,segssl_barlow_all-patient_psd-fc-wpli_finetune_seed7_pre20_proj32_mask0_03_noise0_02_mlp1_0_sup100,True,barlow,psd,all-patient,True,7,1.0,0.1,32,0.03,0.02
multimodal_psd-fc-wpli_gated_cnn,5,sub10,sub01;sub05;sub07;sub08;sub09;sub13;sub14;sub15;sub16;sub17;sub18;sub20;sub22;sub24;sub27;sub28;sub29,sub11,35,0.10031165927648544,0.26601871848106384,0.002,1e-05,1.0,1.0,True,False,multimodal,psd-fc-wpli,gated,cnn,True,finetune,segssl_barlow_all-patient_psd-fc-wpli_finetune_seed7_pre20_proj32_mask0_03_noise0_02_mlp1_0_sup100,True,barlow,psd,all-patient,True,7,1.0,0.1,32,0.03,0.02
multimodal_psd-fc-wpli_gated_cnn,5,sub10,sub01;sub05;sub07;sub08;sub09;sub13;sub14;sub15;sub16;sub17;sub18;sub20;sub22;sub24;sub27;sub28;sub29,sub11,36,0.08632639050483704,0.2595292627811432,0.002,1e-05,1.0,1.0,True,False,multimodal,psd-fc-wpli,gated,cnn,True,finetune,segssl_barlow_all-patient_psd-fc-wpli_finetune_seed7_pre20_proj32_mask0_03_noise0_02_mlp1_0_sup100,True,barlow,psd,all-patient,True,7,1.0,0.1,32,0.03,0.02
multimodal_psd-fc-wpli_gated_cnn,5,sub10,sub01;sub05;sub07;sub08;sub09;sub13;sub14;sub15;sub16;sub17;sub18;sub20;sub22;sub24;sub27;sub28;sub29,sub11,37,0.07402798533439636,0.2613947093486786,0.002,1e-05,1.0,1.0,False,False,multimodal,psd-fc-wpli,gated,cnn,True,finetune,segssl_barlow_all-patient_psd-fc-wpli_finetune_seed7_pre20_proj32_mask0_03_noise0_02_mlp1_0_sup100,True,barlow,psd,all-patient,True,7,1.0,0.1,32,0.03,0.02
multimodal_psd-fc-wpli_gated_cnn,5,sub10,sub01;sub05;sub07;sub08;sub09;sub13;sub14;sub15;sub16;sub17;sub18;sub20;sub22;sub24;sub27;sub28;sub29,sub11,38,0.06324388086795807,0.2673059105873108,0.002,1e-05,1.0,1.0,False,False,multimodal,psd-fc-wpli,gated,cnn,True,finetune,segssl_barlow_all-patient_psd-fc-wpli_finetune_seed7_pre20_proj32_mask0_03_noise0_02_mlp1_0_sup100,True,barlow,psd,all-patient,True,7,1.0,0.1,32,0.03,0.02
multimodal_psd-fc-wpli_gated_cnn,5,sub10,sub01;sub05;sub07;sub08;sub09;sub13;sub14;sub15;sub16;sub17;sub18;sub20;sub22;sub24;sub27;sub28;sub29,sub11,39,0.05390700325369835,0.26290494203567505,0.002,1e-05,1.0,1.0,False,False,multimodal,psd-fc-wpli,gated,cnn,True,finetune,segssl_barlow_all-patient_psd-fc-wpli_finetune_seed7_pre20_proj32_mask0_03_noise0_02_mlp1_0_sup100,True,barlow,psd,all-patient,True,7,1.0,0.1,32,0.03,0.02
multimodal_psd-fc-wpli_gated_cnn,5,sub10,sub01;sub05;sub07;sub08;sub09;sub13;sub14;sub15;sub16;sub17;sub18;sub20;sub22;sub24;sub27;sub28;sub29,sub11,40,0.04586081579327583,0.2469276338815689,0.002,1e-05,1.0,1.0,True,False,multimodal,psd-fc-wpli,gated,cnn,True,finetune,segssl_barlow_all-patient_psd-fc-wpli_finetune_seed7_pre20_proj32_mask0_03_noise0_02_mlp1_0_sup100,True,barlow,psd,all-patient,True,7,1.0,0.1,32,0.03,0.02
multimodal_psd-fc-wpli_gated_cnn,5,sub10,sub01;sub05;sub07;sub08;sub09;sub13;sub14;sub15;sub16;sub17;sub18;sub20;sub22;sub24;sub27;sub28;sub29,sub11,41,0.038873519748449326,0.22586524486541748,0.002,1e-05,1.0,1.0,True,False,multimodal,psd-fc-wpli,gated,cnn,True,finetune,segssl_barlow_all-patient_psd-fc-wpli_finetune_seed7_pre20_proj32_mask0_03_noise0_02_mlp1_0_sup100,True,barlow,psd,all-patient,True,7,1.0,0.1,32,0.03,0.02
multimodal_psd-fc-wpli_gated_cnn,5,sub10,sub01;sub05;sub07;sub08;sub09;sub13;sub14;sub15;sub16;sub17;sub18;sub20;sub22;sub24;sub27;sub28;sub29,sub11,42,0.03292343392968178,0.2097814679145813,0.002,1e-05,1.0,1.0,True,False,multimodal,psd-fc-wpli,gated,cnn,True,finetune,segssl_barlow_all-patient_psd-fc-wpli_finetune_seed7_pre20_proj32_mask0_03_noise0_02_mlp1_0_sup100,True,barlow,psd,all-patient,True,7,1.0,0.1,32,0.03,0.02
multimodal_psd-fc-wpli_gated_cnn,5,sub10,sub01;sub05;sub07;sub08;sub09;sub13;sub14;sub15;sub16;sub17;sub18;sub20;sub22;sub24;sub27;sub28;sub29,sub11,43,0.02789715863764286,0.2037600725889206,0.002,1e-05,1.0,1.0,True,False,multimodal,psd-fc-wpli,gated,cnn,True,finetune,segssl_barlow_all-patient_psd-fc-wpli_finetune_seed7_pre20_proj32_mask0_03_noise0_02_mlp1_0_sup100,True,barlow,psd,all-patient,True,7,1.0,0.1,32,0.03,0.02
multimodal_psd-fc-wpli_gated_cnn,5,sub10,sub01;sub05;sub07;sub08;sub09;sub13;sub14;sub15;sub16;sub17;sub18;sub20;sub22;sub24;sub27;sub28;sub29,sub11,44,0.023636948317289352,0.19507639110088348,0.002,1e-05,1.0,1.0,True,False,multimodal,psd-fc-wpli,gated,cnn,True,finetune,segssl_barlow_all-patient_psd-fc-wpli_finetune_seed7_pre20_proj32_mask0_03_noise0_02_mlp1_0_sup100,True,barlow,psd,all-patient,True,7,1.0,0.1,32,0.03,0.02
multimodal_psd-fc-wpli_gated_cnn,5,sub10,sub01;sub05;sub07;sub08;sub09;sub13;sub14;sub15;sub16;sub17;sub18;sub20;sub22;sub24;sub27;sub28;sub29,sub11,45,0.020140159875154495,0.18357908725738525,0.002,1e-05,1.0,1.0,True,False,multimodal,psd-fc-wpli,gated,cnn,True,finetune,segssl_barlow_all-patient_psd-fc-wpli_finetune_seed7_pre20_proj32_mask0_03_noise0_02_mlp1_0_sup100,True,barlow,psd,all-patient,True,7,1.0,0.1,32,0.03,0.02
multimodal_psd-fc-wpli_gated_cnn,5,sub10,sub01;sub05;sub07;sub08;sub09;sub13;sub14;sub15;sub16;sub17;sub18;sub20;sub22;sub24;sub27;sub28;sub29,sub11,46,0.01720205508172512,0.17099744081497192,0.002,1e-05,1.0,1.0,True,False,multimodal,psd-fc-wpli,gated,cnn,True,finetune,segssl_barlow_all-patient_psd-fc-wpli_finetune_seed7_pre20_proj32_mask0_03_noise0_02_mlp1_0_sup100,True,barlow,psd,all-patient,True,7,1.0,0.1,32,0.03,0.02
multimodal_psd-fc-wpli_gated_cnn,5,sub10,sub01;sub05;sub07;sub08;sub09;sub13;sub14;sub15;sub16;sub17;sub18;sub20;sub22;sub24;sub27;sub28;sub29,sub11,47,0.014730500988662243,0.16063697636127472,0.002,1e-05,1.0,1.0,True,False,multimodal,psd-fc-wpli,gated,cnn,True,finetune,segssl_barlow_all-patient_psd-fc-wpli_finetune_seed7_pre20_proj32_mask0_03_noise0_02_mlp1_0_sup100,True,barlow,psd,all-patient,True,7,1.0,0.1,32,0.03,0.02
multimodal_psd-fc-wpli_gated_cnn,5,sub10,sub01;sub05;sub07;sub08;sub09;sub13;sub14;sub15;sub16;sub17;sub18;sub20;sub22;sub24;sub27;sub28;sub29,sub11,48,0.012662427499890327,0.15512442588806152,0.002,1e-05,1.0,1.0,True,False,multimodal,psd-fc-wpli,gated,cnn,True,finetune,segssl_barlow_all-patient_psd-fc-wpli_finetune_seed7_pre20_proj32_mask0_03_noise0_02_mlp1_0_sup100,True,barlow,psd,all-patient,True,7,1.0,0.1,32,0.03,0.02
multimodal_psd-fc-wpli_gated_cnn,5,sub10,sub01;sub05;sub07;sub08;sub09;sub13;sub14;sub15;sub16;sub17;sub18;sub20;sub22;sub24;sub27;sub28;sub29,sub11,49,0.01092407014220953,0.15535032749176025,0.002,1e-05,1.0,1.0,False,False,multimodal,psd-fc-wpli,gated,cnn,True,finetune,segssl_barlow_all-patient_psd-fc-wpli_finetune_seed7_pre20_proj32_mask0_03_noise0_02_mlp1_0_sup100,True,barlow,psd,all-patient,True,7,1.0,0.1,32,0.03,0.02
multimodal_psd-fc-wpli_gated_cnn,5,sub10,sub01;sub05;sub07;sub08;sub09;sub13;sub14;sub15;sub16;sub17;sub18;sub20;sub22;sub24;sub27;sub28;sub29,sub11,50,0.009452732279896736,0.15996341407299042,0.002,1e-05,1.0,1.0,False,False,multimodal,psd-fc-wpli,gated,cnn,True,finetune,segssl_barlow_all-patient_psd-fc-wpli_finetune_seed7_pre20_proj32_mask0_03_noise0_02_mlp1_0_sup100,True,barlow,psd,all-patient,True,7,1.0,0.1,32,0.03,0.02
multimodal_psd-fc-wpli_gated_cnn,5,sub10,sub01;sub05;sub07;sub08;sub09;sub13;sub14;sub15;sub16;sub17;sub18;sub20;sub22;sub24;sub27;sub28;sub29,sub11,51,0.008214878849685192,0.1663500815629959,0.002,1e-05,1.0,1.0,False,False,multimodal,psd-fc-wpli,gated,cnn,True,finetune,segssl_barlow_all-patient_psd-fc-wpli_finetune_seed7_pre20_proj32_mask0_03_noise0_02_mlp1_0_sup100,True,barlow,psd,all-patient,True,7,1.0,0.1,32,0.03,0.02
multimodal_psd-fc-wpli_gated_cnn,5,sub10,sub01;sub05;sub07;sub08;sub09;sub13;sub14;sub15;sub16;sub17;sub18;sub20;sub22;sub24;sub27;sub28;sub29,sub11,52,0.0071886274963617325,0.172100231051445,0.002,1e-05,1.0,1.0,False,False,multimodal,psd-fc-wpli,gated,cnn,True,finetune,segssl_barlow_all-patient_psd-fc-wpli_finetune_seed7_pre20_proj32_mask0_03_noise0_02_mlp1_0_sup100,True,barlow,psd,all-patient,True,7,1.0,0.1,32,0.03,0.02
multimodal_psd-fc-wpli_gated_cnn,5,sub10,sub01;sub05;sub07;sub08;sub09;sub13;sub14;sub15;sub16;sub17;sub18;sub20;sub22;sub24;sub27;sub28;sub29,sub11,53,0.006322805304080248,0.17670880258083344,0.002,1e-05,1.0,1.0,False,False,multimodal,psd-fc-wpli,gated,cnn,True,finetune,segssl_barlow_all-patient_psd-fc-wpli_finetune_seed7_pre20_proj32_mask0_03_noise0_02_mlp1_0_sup100,True,barlow,psd,all-patient,True,7,1.0,0.1,32,0.03,0.02
multimodal_psd-fc-wpli_gated_cnn,5,sub10,sub01;sub05;sub07;sub08;sub09;sub13;sub14;sub15;sub16;sub17;sub18;sub20;sub22;sub24;sub27;sub28;sub29,sub11,54,0.005585347767919302,0.18164560198783875,0.002,1e-05,1.0,1.0,False,False,multimodal,psd-fc-wpli,gated,cnn,True,finetune,segssl_barlow_all-patient_psd-fc-wpli_finetune_seed7_pre20_proj32_mask0_03_noise0_02_mlp1_0_sup100,True,barlow,psd,all-patient,True,7,1.0,0.1,32,0.03,0.02
multimodal_psd-fc-wpli_gated_cnn,5,sub10,sub01;sub05;sub07;sub08;sub09;sub13;sub14;sub15;sub16;sub17;sub18;sub20;sub22;sub24;sub27;sub28;sub29,sub11,55,0.004965117666870356,0.1888227015733719,0.002,1e-05,1.0,1.0,False,False,multimodal,psd-fc-wpli,gated,cnn,True,finetune,segssl_barlow_all-patient_psd-fc-wpli_finetune_seed7_pre20_proj32_mask0_03_noise0_02_mlp1_0_sup100,True,barlow,psd,all-patient,True,7,1.0,0.1,32,0.03,0.02
multimodal_psd-fc-wpli_gated_cnn,5,sub10,sub01;sub05;sub07;sub08;sub09;sub13;sub14;sub15;sub16;sub17;sub18;sub20;sub22;sub24;sub27;sub28;sub29,sub11,56,0.0044387755915522575,0.19823338091373444,0.002,1e-05,1.0,1.0,False,False,multimodal,psd-fc-wpli,gated,cnn,True,finetune,segssl_barlow_all-patient_psd-fc-wpli_finetune_seed7_pre20_proj32_mask0_03_noise0_02_mlp1_0_sup100,True,barlow,psd,all-patient,True,7,1.0,0.1,32,0.03,0.02
multimodal_psd-fc-wpli_gated_cnn,5,sub10,sub01;sub05;sub07;sub08;sub09;sub13;sub14;sub15;sub16;sub17;sub18;sub20;sub22;sub24;sub27;sub28;sub29,sub11,57,0.003987426403909922,0.20983479917049408,0.002,1e-05,1.0,1.0,False,False,multimodal,psd-fc-wpli,gated,cnn,True,finetune,segssl_barlow_all-patient_psd-fc-wpli_finetune_seed7_pre20_proj32_mask0_03_noise0_02_mlp1_0_sup100,True,barlow,psd,all-patient,True,7,1.0,0.1,32,0.03,0.02
multimodal_psd-fc-wpli_gated_cnn,5,sub10,sub01;sub05;sub07;sub08;sub09;sub13;sub14;sub15;sub16;sub17;sub18;sub20;sub22;sub24;sub27;sub28;sub29,sub11,58,0.0035979077219963074,0.2220703661441803,0.002,1e-05,1.0,1.0,False,False,multimodal,psd-fc-wpli,gated,cnn,True,finetune,segssl_barlow_all-patient_psd-fc-wpli_finetune_seed7_pre20_proj32_mask0_03_noise0_02_mlp1_0_sup100,True,barlow,psd,all-patient,True,7,1.0,0.1,32,0.03,0.02
multimodal_psd-fc-wpli_gated_cnn,5,sub10,sub01;sub05;sub07;sub08;sub09;sub13;sub14;sub15;sub16;sub17;sub18;sub20;sub22;sub24;sub27;sub28;sub29,sub11,59,0.0032630404457449913,0.23331773281097412,0.002,1e-05,1.0,1.0,False,False,multimodal,psd-fc-wpli,gated,cnn,True,finetune,segssl_barlow_all-patient_psd-fc-wpli_finetune_seed7_pre20_proj32_mask0_03_noise0_02_mlp1_0_sup100,True,barlow,psd,all-patient,True,7,1.0,0.1,32,0.03,0.02
multimodal_psd-fc-wpli_gated_cnn,5,sub10,sub01;sub05;sub07;sub08;sub09;sub13;sub14;sub15;sub16;sub17;sub18;sub20;sub22;sub24;sub27;sub28;sub29,sub11,60,0.0029754622373729944,0.24205565452575684,0.002,1e-05,1.0,1.0,False,False,multimodal,psd-fc-wpli,gated,cnn,True,finetune,segssl_barlow_all-patient_psd-fc-wpli_finetune_seed7_pre20_proj32_mask0_03_noise0_02_mlp1_0_sup100,True,barlow,psd,all-patient,True,7,1.0,0.1,32,0.03,0.02
multimodal_psd-fc-wpli_gated_cnn,5,sub10,sub01;sub05;sub07;sub08;sub09;sub13;sub14;sub15;sub16;sub17;sub18;sub20;sub22;sub24;sub27;sub28;sub29,sub11,61,0.0027276575565338135,0.24683436751365662,0.002,1e-05,1.0,1.0,False,False,multimodal,psd-fc-wpli,gated,cnn,True,finetune,segssl_barlow_all-patient_psd-fc-wpli_finetune_seed7_pre20_proj32_mask0_03_noise0_02_mlp1_0_sup100,True,barlow,psd,all-patient,True,7,1.0,0.1,32,0.03,0.02
multimodal_psd-fc-wpli_gated_cnn,5,sub10,sub01;sub05;sub07;sub08;sub09;sub13;sub14;sub15;sub16;sub17;sub18;sub20;sub22;sub24;sub27;sub28;sub29,sub11,62,0.002510810038074851,0.2485080063343048,0.002,1e-05,1.0,1.0,False,False,multimodal,psd-fc-wpli,gated,cnn,True,finetune,segssl_barlow_all-patient_psd-fc-wpli_finetune_seed7_pre20_proj32_mask0_03_noise0_02_mlp1_0_sup100,True,barlow,psd,all-patient,True,7,1.0,0.1,32,0.03,0.02
multimodal_psd-fc-wpli_gated_cnn,5,sub10,sub01;sub05;sub07;sub08;sub09;sub13;sub14;sub15;sub16;sub17;sub18;sub20;sub22;sub24;sub27;sub28;sub29,sub11,63,0.0023203720338642597,0.24805958569049835,0.002,1e-05,1.0,1.0,False,False,multimodal,psd-fc-wpli,gated,cnn,True,finetune,segssl_barlow_all-patient_psd-fc-wpli_finetune_seed7_pre20_proj32_mask0_03_noise0_02_mlp1_0_sup100,True,barlow,psd,all-patient,True,7,1.0,0.1,32,0.03,0.02
multimodal_psd-fc-wpli_gated_cnn,5,sub10,sub01;sub05;sub07;sub08;sub09;sub13;sub14;sub15;sub16;sub17;sub18;sub20;sub22;sub24;sub27;sub28;sub29,sub11,64,0.0021545381750911474,0.24792446196079254,0.002,1e-05,1.0,1.0,False,False,multimodal,psd-fc-wpli,gated,cnn,True,finetune,segssl_barlow_all-patient_psd-fc-wpli_finetune_seed7_pre20_proj32_mask0_03_noise0_02_mlp1_0_sup100,True,barlow,psd,all-patient,True,7,1.0,0.1,32,0.03,0.02
multimodal_psd-fc-wpli_gated_cnn,5,sub10,sub01;sub05;sub07;sub08;sub09;sub13;sub14;sub15;sub16;sub17;sub18;sub20;sub22;sub24;sub27;sub28;sub29,sub11,65,0.0020089552272111177,0.24798722565174103,0.002,1e-05,1.0,1.0,False,False,multimodal,psd-fc-wpli,gated,cnn,True,finetune,segssl_barlow_all-patient_psd-fc-wpli_finetune_seed7_pre20_proj32_mask0_03_noise0_02_mlp1_0_sup100,True,barlow,psd,all-patient,True,7,1.0,0.1,32,0.03,0.02
multimodal_psd-fc-wpli_gated_cnn,5,sub10,sub01;sub05;sub07;sub08;sub09;sub13;sub14;sub15;sub16;sub17;sub18;sub20;sub22;sub24;sub27;sub28;sub29,sub11,66,0.0018796572694554925,0.24835841357707977,0.002,1e-05,1.0,1.0,False,False,multimodal,psd-fc-wpli,gated,cnn,True,finetune,segssl_barlow_all-patient_psd-fc-wpli_finetune_seed7_pre20_proj32_mask0_03_noise0_02_mlp1_0_sup100,True,barlow,psd,all-patient,True,7,1.0,0.1,32,0.03,0.02
multimodal_psd-fc-wpli_gated_cnn,5,sub10,sub01;sub05;sub07;sub08;sub09;sub13;sub14;sub15;sub16;sub17;sub18;sub20;sub22;sub24;sub27;sub28;sub29,sub11,67,0.0017640185542404652,0.2488437294960022,0.002,1e-05,1.0,1.0,False,False,multimodal,psd-fc-wpli,gated,cnn,True,finetune,segssl_barlow_all-patient_psd-fc-wpli_finetune_seed7_pre20_proj32_mask0_03_noise0_02_mlp1_0_sup100,True,barlow,psd,all-patient,True,7,1.0,0.1,32,0.03,0.02
multimodal_psd-fc-wpli_gated_cnn,5,sub10,sub01;sub05;sub07;sub08;sub09;sub13;sub14;sub15;sub16;sub17;sub18;sub20;sub22;sub24;sub27;sub28;sub29,sub11,68,0.0016608588630333543,0.24827183783054352,0.002,1e-05,1.0,1.0,False,False,multimodal,psd-fc-wpli,gated,cnn,True,finetune,segssl_barlow_all-patient_psd-fc-wpli_finetune_seed7_pre20_proj32_mask0_03_noise0_02_mlp1_0_sup100,True,barlow,psd,all-patient,True,7,1.0,0.1,32,0.03,0.02
multimodal_psd-fc-wpli_gated_cnn,5,sub10,sub01;sub05;sub07;sub08;sub09;sub13;sub14;sub15;sub16;sub17;sub18;sub20;sub22;sub24;sub27;sub28;sub29,sub11,69,0.0015693637542426586,0.2462981790304184,0.002,1e-05,1.0,1.0,False,False,multimodal,psd-fc-wpli,gated,cnn,True,finetune,segssl_barlow_all-patient_psd-fc-wpli_finetune_seed7_pre20_proj32_mask0_03_noise0_02_mlp1_0_sup100,True,barlow,psd,all-patient,True,7,1.0,0.1,32,0.03,0.02
multimodal_psd-fc-wpli_gated_cnn,5,sub10,sub01;sub05;sub07;sub08;sub09;sub13;sub14;sub15;sub16;sub17;sub18;sub20;sub22;sub24;sub27;sub28;sub29,sub11,70,0.001487535540945828,0.2430049479007721,0.002,1e-05,1.0,1.0,False,False,multimodal,psd-fc-wpli,gated,cnn,True,finetune,segssl_barlow_all-patient_psd-fc-wpli_finetune_seed7_pre20_proj32_mask0_03_noise0_02_mlp1_0_sup100,True,barlow,psd,all-patient,True,7,1.0,0.1,32,0.03,0.02
multimodal_psd-fc-wpli_gated_cnn,5,sub10,sub01;sub05;sub07;sub08;sub09;sub13;sub14;sub15;sub16;sub17;sub18;sub20;sub22;sub24;sub27;sub28;sub29,sub11,71,0.0014140503481030464,0.2389131486415863,0.002,1e-05,1.0,1.0,False,False,multimodal,psd-fc-wpli,gated,cnn,True,finetune,segssl_barlow_all-patient_psd-fc-wpli_finetune_seed7_pre20_proj32_mask0_03_noise0_02_mlp1_0_sup100,True,barlow,psd,all-patient,True,7,1.0,0.1,32,0.03,0.02
multimodal_psd-fc-wpli_gated_cnn,5,sub10,sub01;sub05;sub07;sub08;sub09;sub13;sub14;sub15;sub16;sub17;sub18;sub20;sub22;sub24;sub27;sub28;sub29,sub11,72,0.0013475819723680615,0.2344399392604828,0.002,1e-05,1.0,1.0,False,False,multimodal,psd-fc-wpli,gated,cnn,True,finetune,segssl_barlow_all-patient_psd-fc-wpli_finetune_seed7_pre20_proj32_mask0_03_noise0_02_mlp1_0_sup100,True,barlow,psd,all-patient,True,7,1.0,0.1,32,0.03,0.02
multimodal_psd-fc-wpli_gated_cnn,5,sub10,sub01;sub05;sub07;sub08;sub09;sub13;sub14;sub15;sub16;sub17;sub18;sub20;sub22;sub24;sub27;sub28;sub29,sub11,73,0.0012873758096247911,0.2301127165555954,0.002,1e-05,1.0,1.0,False,False,multimodal,psd-fc-wpli,gated,cnn,True,finetune,segssl_barlow_all-patient_psd-fc-wpli_finetune_seed7_pre20_proj32_mask0_03_noise0_02_mlp1_0_sup100,True,barlow,psd,all-patient,True,7,1.0,0.1,32,0.03,0.02
multimodal_psd-fc-wpli_gated_cnn,5,sub10,sub01;sub05;sub07;sub08;sub09;sub13;sub14;sub15;sub16;sub17;sub18;sub20;sub22;sub24;sub27;sub28;sub29,sub11,74,0.001232817186973989,0.22671404480934143,0.002,1e-05,1.0,1.0,False,False,multimodal,psd-fc-wpli,gated,cnn,True,finetune,segssl_barlow_all-patient_psd-fc-wpli_finetune_seed7_pre20_proj32_mask0_03_noise0_02_mlp1_0_sup100,True,barlow,psd,all-patient,True,7,1.0,0.1,32,0.03,0.02
multimodal_psd-fc-wpli_gated_cnn,5,sub10,sub01;sub05;sub07;sub08;sub09;sub13;sub14;sub15;sub16;sub17;sub18;sub20;sub22;sub24;sub27;sub28;sub29,sub11,75,0.0011833084281533957,0.22440943121910095,0.002,1e-05,1.0,1.0,False,False,multimodal,psd-fc-wpli,gated,cnn,True,finetune,segssl_barlow_all-patient_psd-fc-wpli_finetune_seed7_pre20_proj32_mask0_03_noise0_02_mlp1_0_sup100,True,barlow,psd,all-patient,True,7,1.0,0.1,32,0.03,0.02
multimodal_psd-fc-wpli_gated_cnn,5,sub10,sub01;sub05;sub07;sub08;sub09;sub13;sub14;sub15;sub16;sub17;sub18;sub20;sub22;sub24;sub27;sub28;sub29,sub11,76,0.0011381496442481875,0.22325794398784637,0.002,1e-05,1.0,1.0,False,False,multimodal,psd-fc-wpli,gated,cnn,True,finetune,segssl_barlow_all-patient_psd-fc-wpli_finetune_seed7_pre20_proj32_mask0_03_noise0_02_mlp1_0_sup100,True,barlow,psd,all-patient,True,7,1.0,0.1,32,0.03,0.02
multimodal_psd-fc-wpli_gated_cnn,5,sub10,sub01;sub05;sub07;sub08;sub09;sub13;sub14;sub15;sub16;sub17;sub18;sub20;sub22;sub24;sub27;sub28;sub29,sub11,77,0.0010965998517349362,0.22288121283054352,0.002,1e-05,1.0,1.0,False,False,multimodal,psd-fc-wpli,gated,cnn,True,finetune,segssl_barlow_all-patient_psd-fc-wpli_finetune_seed7_pre20_proj32_mask0_03_noise0_02_mlp1_0_sup100,True,barlow,psd,all-patient,True,7,1.0,0.1,32,0.03,0.02
multimodal_psd-fc-wpli_gated_cnn,5,sub10,sub01;sub05;sub07;sub08;sub09;sub13;sub14;sub15;sub16;sub17;sub18;sub20;sub22;sub24;sub27;sub28;sub29,sub11,78,0.0010582589311525226,0.2228502333164215,0.002,1e-05,1.0,1.0,False,False,multimodal,psd-fc-wpli,gated,cnn,True,finetune,segssl_barlow_all-patient_psd-fc-wpli_finetune_seed7_pre20_proj32_mask0_03_noise0_02_mlp1_0_sup100,True,barlow,psd,all-patient,True,7,1.0,0.1,32,0.03,0.02
multimodal_psd-fc-wpli_gated_cnn,5,sub10,sub01;sub05;sub07;sub08;sub09;sub13;sub14;sub15;sub16;sub17;sub18;sub20;sub22;sub24;sub27;sub28;sub29,sub11,79,0.001022740383632481,0.22290223836898804,0.002,1e-05,1.0,1.0,False,False,multimodal,psd-fc-wpli,gated,cnn,True,finetune,segssl_barlow_all-patient_psd-fc-wpli_finetune_seed7_pre20_proj32_mask0_03_noise0_02_mlp1_0_sup100,True,barlow,psd,all-patient,True,7,1.0,0.1,32,0.03,0.02
multimodal_psd-fc-wpli_gated_cnn,5,sub10,sub01;sub05;sub07;sub08;sub09;sub13;sub14;sub15;sub16;sub17;sub18;sub20;sub22;sub24;sub27;sub28;sub29,sub11,80,0.0009897728450596333,0.22301273047924042,0.002,1e-05,1.0,1.0,False,False,multimodal,psd-fc-wpli,gated,cnn,True,finetune,segssl_barlow_all-patient_psd-fc-wpli_finetune_seed7_pre20_proj32_mask0_03_noise0_02_mlp1_0_sup100,True,barlow,psd,all-patient,True,7,1.0,0.1,32,0.03,0.02
multimodal_psd-fc-wpli_gated_cnn,5,sub10,sub01;sub05;sub07;sub08;sub09;sub13;sub14;sub15;sub16;sub17;sub18;sub20;sub22;sub24;sub27;sub28;sub29,sub11,81,0.0009592931601218879,0.22306114435195923,0.002,1e-05,1.0,1.0,False,False,multimodal,psd-fc-wpli,gated,cnn,True,finetune,segssl_barlow_all-patient_psd-fc-wpli_finetune_seed7_pre20_proj32_mask0_03_noise0_02_mlp1_0_sup100,True,barlow,psd,all-patient,True,7,1.0,0.1,32,0.03,0.02
multimodal_psd-fc-wpli_gated_cnn,5,sub10,sub01;sub05;sub07;sub08;sub09;sub13;sub14;sub15;sub16;sub17;sub18;sub20;sub22;sub24;sub27;sub28;sub29,sub11,82,0.0009310116292908788,0.22286643087863922,0.002,1e-05,1.0,1.0,False,False,multimodal,psd-fc-wpli,gated,cnn,True,finetune,segssl_barlow_all-patient_psd-fc-wpli_finetune_seed7_pre20_proj32_mask0_03_noise0_02_mlp1_0_sup100,True,barlow,psd,all-patient,True,7,1.0,0.1,32,0.03,0.02
multimodal_psd-fc-wpli_gated_cnn,5,sub10,sub01;sub05;sub07;sub08;sub09;sub13;sub14;sub15;sub16;sub17;sub18;sub20;sub22;sub24;sub27;sub28;sub29,sub11,83,0.0009046189370565116,0.22226554155349731,0.002,1e-05,1.0,1.0,False,False,multimodal,psd-fc-wpli,gated,cnn,True,finetune,segssl_barlow_all-patient_psd-fc-wpli_finetune_seed7_pre20_proj32_mask0_03_noise0_02_mlp1_0_sup100,True,barlow,psd,all-patient,True,7,1.0,0.1,32,0.03,0.02
multimodal_psd-fc-wpli_gated_cnn,5,sub10,sub01;sub05;sub07;sub08;sub09;sub13;sub14;sub15;sub16;sub17;sub18;sub20;sub22;sub24;sub27;sub28;sub29,sub11,84,0.0008798974449746311,0.22121839225292206,0.002,1e-05,1.0,1.0,False,False,multimodal,psd-fc-wpli,gated,cnn,True,finetune,segssl_barlow_all-patient_psd-fc-wpli_finetune_seed7_pre20_proj32_mask0_03_noise0_02_mlp1_0_sup100,True,barlow,psd,all-patient,True,7,1.0,0.1,32,0.03,0.02
multimodal_psd-fc-wpli_gated_cnn,5,sub10,sub01;sub05;sub07;sub08;sub09;sub13;sub14;sub15;sub16;sub17;sub18;sub20;sub22;sub24;sub27;sub28;sub29,sub11,85,0.0008566849282942712,0.21955442428588867,0.002,1e-05,1.0,1.0,False,False,multimodal,psd-fc-wpli,gated,cnn,True,finetune,segssl_barlow_all-patient_psd-fc-wpli_finetune_seed7_pre20_proj32_mask0_03_noise0_02_mlp1_0_sup100,True,barlow,psd,all-patient,True,7,1.0,0.1,32,0.03,0.02
multimodal_psd-fc-wpli_gated_cnn,5,sub10,sub01;sub05;sub07;sub08;sub09;sub13;sub14;sub15;sub16;sub17;sub18;sub20;sub22;sub24;sub27;sub28;sub29,sub11,86,0.0008348138071596622,0.21760766208171844,0.002,1e-05,1.0,1.0,False,False,multimodal,psd-fc-wpli,gated,cnn,True,finetune,segssl_barlow_all-patient_psd-fc-wpli_finetune_seed7_pre20_proj32_mask0_03_noise0_02_mlp1_0_sup100,True,barlow,psd,all-patient,True,7,1.0,0.1,32,0.03,0.02
multimodal_psd-fc-wpli_gated_cnn,5,sub10,sub01;sub05;sub07;sub08;sub09;sub13;sub14;sub15;sub16;sub17;sub18;sub20;sub22;sub24;sub27;sub28;sub29,sub11,87,0.0008141606231220067,0.21598684787750244,0.002,1e-05,1.0,1.0,False,False,multimodal,psd-fc-wpli,gated,cnn,True,finetune,segssl_barlow_all-patient_psd-fc-wpli_finetune_seed7_pre20_proj32_mask0_03_noise0_02_mlp1_0_sup100,True,barlow,psd,all-patient,True,7,1.0,0.1,32,0.03,0.02
multimodal_psd-fc-wpli_gated_cnn,5,sub10,sub01;sub05;sub07;sub08;sub09;sub13;sub14;sub15;sub16;sub17;sub18;sub20;sub22;sub24;sub27;sub28;sub29,sub11,88,0.0007946724654175341,0.21477116644382477,0.002,1e-05,1.0,1.0,False,False,multimodal,psd-fc-wpli,gated,cnn,True,finetune,segssl_barlow_all-patient_psd-fc-wpli_finetune_seed7_pre20_proj32_mask0_03_noise0_02_mlp1_0_sup100,True,barlow,psd,all-patient,True,7,1.0,0.1,32,0.03,0.02
multimodal_psd-fc-wpli_gated_cnn,5,sub10,sub01;sub05;sub07;sub08;sub09;sub13;sub14;sub15;sub16;sub17;sub18;sub20;sub22;sub24;sub27;sub28;sub29,sub11,89,0.0007761985179968178,0.21400563418865204,0.002,1e-05,1.0,1.0,False,False,multimodal,psd-fc-wpli,gated,cnn,True,finetune,segssl_barlow_all-patient_psd-fc-wpli_finetune_seed7_pre20_proj32_mask0_03_noise0_02_mlp1_0_sup100,True,barlow,psd,all-patient,True,7,1.0,0.1,32,0.03,0.02
multimodal_psd-fc-wpli_gated_cnn,5,sub10,sub01;sub05;sub07;sub08;sub09;sub13;sub14;sub15;sub16;sub17;sub18;sub20;sub22;sub24;sub27;sub28;sub29,sub11,90,0.0007586445426568389,0.213447704911232,0.002,1e-05,1.0,1.0,False,False,multimodal,psd-fc-wpli,gated,cnn,True,finetune,segssl_barlow_all-patient_psd-fc-wpli_finetune_seed7_pre20_proj32_mask0_03_noise0_02_mlp1_0_sup100,True,barlow,psd,all-patient,True,7,1.0,0.1,32,0.03,0.02
multimodal_psd-fc-wpli_gated_cnn,5,sub10,sub01;sub05;sub07;sub08;sub09;sub13;sub14;sub15;sub16;sub17;sub18;sub20;sub22;sub24;sub27;sub28;sub29,sub11,91,0.0007419279427267611,0.21312758326530457,0.002,1e-05,1.0,1.0,False,False,multimodal,psd-fc-wpli,gated,cnn,True,finetune,segssl_barlow_all-patient_psd-fc-wpli_finetune_seed7_pre20_proj32_mask0_03_noise0_02_mlp1_0_sup100,True,barlow,psd,all-patient,True,7,1.0,0.1,32,0.03,0.02
multimodal_psd-fc-wpli_gated_cnn,5,sub10,sub01;sub05;sub07;sub08;sub09;sub13;sub14;sub15;sub16;sub17;sub18;sub20;sub22;sub24;sub27;sub28;sub29,sub11,92,0.0007258940604515374,0.21296711266040802,0.002,1e-05,1.0,1.0,False,False,multimodal,psd-fc-wpli,gated,cnn,True,finetune,segssl_barlow_all-patient_psd-fc-wpli_finetune_seed7_pre20_proj32_mask0_03_noise0_02_mlp1_0_sup100,True,barlow,psd,all-patient,True,7,1.0,0.1,32,0.03,0.02
multimodal_psd-fc-wpli_gated_cnn,5,sub10,sub01;sub05;sub07;sub08;sub09;sub13;sub14;sub15;sub16;sub17;sub18;sub20;sub22;sub24;sub27;sub28;sub29,sub11,93,0.0007104587857611477,0.21276316046714783,0.002,1e-05,1.0,1.0,False,False,multimodal,psd-fc-wpli,gated,cnn,True,finetune,segssl_barlow_all-patient_psd-fc-wpli_finetune_seed7_pre20_proj32_mask0_03_noise0_02_mlp1_0_sup100,True,barlow,psd,all-patient,True,7,1.0,0.1,32,0.03,0.02
multimodal_psd-fc-wpli_gated_cnn,5,sub10,sub01;sub05;sub07;sub08;sub09;sub13;sub14;sub15;sub16;sub17;sub18;sub20;sub22;sub24;sub27;sub28;sub29,sub11,94,0.0006956277065910399,0.21277755498886108,0.002,1e-05,1.0,1.0,False,False,multimodal,psd-fc-wpli,gated,cnn,True,finetune,segssl_barlow_all-patient_psd-fc-wpli_finetune_seed7_pre20_proj32_mask0_03_noise0_02_mlp1_0_sup100,True,barlow,psd,all-patient,True,7,1.0,0.1,32,0.03,0.02
multimodal_psd-fc-wpli_gated_cnn,5,sub10,sub01;sub05;sub07;sub08;sub09;sub13;sub14;sub15;sub16;sub17;sub18;sub20;sub22;sub24;sub27;sub28;sub29,sub11,95,0.0006812269566580653,0.21299974620342255,0.002,1e-05,1.0,1.0,False,False,multimodal,psd-fc-wpli,gated,cnn,True,finetune,segssl_barlow_all-patient_psd-fc-wpli_finetune_seed7_pre20_proj32_mask0_03_noise0_02_mlp1_0_sup100,True,barlow,psd,all-patient,True,7,1.0,0.1,32,0.03,0.02
multimodal_psd-fc-wpli_gated_cnn,5,sub10,sub01;sub05;sub07;sub08;sub09;sub13;sub14;sub15;sub16;sub17;sub18;sub20;sub22;sub24;sub27;sub28;sub29,sub11,96,0.000667237734887749,0.21325533092021942,0.002,1e-05,1.0,1.0,False,False,multimodal,psd-fc-wpli,gated,cnn,True,finetune,segssl_barlow_all-patient_psd-fc-wpli_finetune_seed7_pre20_proj32_mask0_03_noise0_02_mlp1_0_sup100,True,barlow,psd,all-patient,True,7,1.0,0.1,32,0.03,0.02
multimodal_psd-fc-wpli_gated_cnn,5,sub10,sub01;sub05;sub07;sub08;sub09;sub13;sub14;sub15;sub16;sub17;sub18;sub20;sub22;sub24;sub27;sub28;sub29,sub11,97,0.0006535862921737134,0.21349851787090302,0.002,1e-05,1.0,1.0,False,False,multimodal,psd-fc-wpli,gated,cnn,True,finetune,segssl_barlow_all-patient_psd-fc-wpli_finetune_seed7_pre20_proj32_mask0_03_noise0_02_mlp1_0_sup100,True,barlow,psd,all-patient,True,7,1.0,0.1,32,0.03,0.02
multimodal_psd-fc-wpli_gated_cnn,5,sub10,sub01;sub05;sub07;sub08;sub09;sub13;sub14;sub15;sub16;sub17;sub18;sub20;sub22;sub24;sub27;sub28;sub29,sub11,98,0.0006401367136277258,0.21361151337623596,0.002,1e-05,1.0,1.0,False,False,multimodal,psd-fc-wpli,gated,cnn,True,finetune,segssl_barlow_all-patient_psd-fc-wpli_finetune_seed7_pre20_proj32_mask0_03_noise0_02_mlp1_0_sup100,True,barlow,psd,all-patient,True,7,1.0,0.1,32,0.03,0.02
multimodal_psd-fc-wpli_gated_cnn,5,sub10,sub01;sub05;sub07;sub08;sub09;sub13;sub14;sub15;sub16;sub17;sub18;sub20;sub22;sub24;sub27;sub28;sub29,sub11,99,0.000626829219982028,0.21359480917453766,0.001,1e-05,1.0,1.0,False,False,multimodal,psd-fc-wpli,gated,cnn,True,finetune,segssl_barlow_all-patient_psd-fc-wpli_finetune_seed7_pre20_proj32_mask0_03_noise0_02_mlp1_0_sup100,True,barlow,psd,all-patient,True,7,1.0,0.1,32,0.03,0.02
multimodal_psd-fc-wpli_gated_cnn,5,sub10,sub01;sub05;sub07;sub08;sub09;sub13;sub14;sub15;sub16;sub17;sub18;sub20;sub22;sub24;sub27;sub28;sub29,sub11,100,0.0006137273157946765,0.2136187106370926,0.001,1e-05,1.0,1.0,False,False,multimodal,psd-fc-wpli,gated,cnn,True,finetune,segssl_barlow_all-patient_psd-fc-wpli_finetune_seed7_pre20_proj32_mask0_03_noise0_02_mlp1_0_sup100,True,barlow,psd,all-patient,True,7,1.0,0.1,32,0.03,0.02
multimodal_psd-fc-wpli_gated_cnn,6,sub11,sub01;sub05;sub07;sub08;sub09;sub10;sub14;sub15;sub16;sub17;sub18;sub20;sub22;sub24;sub27;sub28;sub29,sub13,1,0.6942573189735413,0.6776365041732788,0.002,1e-05,1.0,1.0,True,False,multimodal,psd-fc-wpli,gated,cnn,True,finetune,segssl_barlow_all-patient_psd-fc-wpli_finetune_seed7_pre20_proj32_mask0_03_noise0_02_mlp1_0_sup100,True,barlow,psd,all-patient,True,7,1.0,0.1,32,0.03,0.02
multimodal_psd-fc-wpli_gated_cnn,6,sub11,sub01;sub05;sub07;sub08;sub09;sub10;sub14;sub15;sub16;sub17;sub18;sub20;sub22;sub24;sub27;sub28;sub29,sub13,2,0.6882950067520142,0.6742267608642578,0.002,1e-05,1.0,1.0,True,False,multimodal,psd-fc-wpli,gated,cnn,True,finetune,segssl_barlow_all-patient_psd-fc-wpli_finetune_seed7_pre20_proj32_mask0_03_noise0_02_mlp1_0_sup100,True,barlow,psd,all-patient,True,7,1.0,0.1,32,0.03,0.02
multimodal_psd-fc-wpli_gated_cnn,6,sub11,sub01;sub05;sub07;sub08;sub09;sub10;sub14;sub15;sub16;sub17;sub18;sub20;sub22;sub24;sub27;sub28;sub29,sub13,3,0.6822442412376404,0.671835720539093,0.002,1e-05,1.0,1.0,True,False,multimodal,psd-fc-wpli,gated,cnn,True,finetune,segssl_barlow_all-patient_psd-fc-wpli_finetune_seed7_pre20_proj32_mask0_03_noise0_02_mlp1_0_sup100,True,barlow,psd,all-patient,True,7,1.0,0.1,32,0.03,0.02
multimodal_psd-fc-wpli_gated_cnn,6,sub11,sub01;sub05;sub07;sub08;sub09;sub10;sub14;sub15;sub16;sub17;sub18;sub20;sub22;sub24;sub27;sub28;sub29,sub13,4,0.6760472059249878,0.6697769165039062,0.002,1e-05,1.0,1.0,True,False,multimodal,psd-fc-wpli,gated,cnn,True,finetune,segssl_barlow_all-patient_psd-fc-wpli_finetune_seed7_pre20_proj32_mask0_03_noise0_02_mlp1_0_sup100,True,barlow,psd,all-patient,True,7,1.0,0.1,32,0.03,0.02
multimodal_psd-fc-wpli_gated_cnn,6,sub11,sub01;sub05;sub07;sub08;sub09;sub10;sub14;sub15;sub16;sub17;sub18;sub20;sub22;sub24;sub27;sub28;sub29,sub13,5,0.6694042682647705,0.6681259870529175,0.002,1e-05,1.0,1.0,True,False,multimodal,psd-fc-wpli,gated,cnn,True,finetune,segssl_barlow_all-patient_psd-fc-wpli_finetune_seed7_pre20_proj32_mask0_03_noise0_02_mlp1_0_sup100,True,barlow,psd,all-patient,True,7,1.0,0.1,32,0.03,0.02
multimodal_psd-fc-wpli_gated_cnn,6,sub11,sub01;sub05;sub07;sub08;sub09;sub10;sub14;sub15;sub16;sub17;sub18;sub20;sub22;sub24;sub27;sub28;sub29,sub13,6,0.6624821424484253,0.6668792366981506,0.002,1e-05,1.0,1.0,True,False,multimodal,psd-fc-wpli,gated,cnn,True,finetune,segssl_barlow_all-patient_psd-fc-wpli_finetune_seed7_pre20_proj32_mask0_03_noise0_02_mlp1_0_sup100,True,barlow,psd,all-patient,True,7,1.0,0.1,32,0.03,0.02
multimodal_psd-fc-wpli_gated_cnn,6,sub11,sub01;sub05;sub07;sub08;sub09;sub10;sub14;sub15;sub16;sub17;sub18;sub20;sub22;sub24;sub27;sub28;sub29,sub13,7,0.655038058757782,0.66493821144104,0.002,1e-05,1.0,1.0,True,False,multimodal,psd-fc-wpli,gated,cnn,True,finetune,segssl_barlow_all-patient_psd-fc-wpli_finetune_seed7_pre20_proj32_mask0_03_noise0_02_mlp1_0_sup100,True,barlow,psd,all-patient,True,7,1.0,0.1,32,0.03,0.02
multimodal_psd-fc-wpli_gated_cnn,6,sub11,sub01;sub05;sub07;sub08;sub09;sub10;sub14;sub15;sub16;sub17;sub18;sub20;sub22;sub24;sub27;sub28;sub29,sub13,8,0.6465855836868286,0.6607093811035156,0.002,1e-05,1.0,1.0,True,False,multimodal,psd-fc-wpli,gated,cnn,True,finetune,segssl_barlow_all-patient_psd-fc-wpli_finetune_seed7_pre20_proj32_mask0_03_noise0_02_mlp1_0_sup100,True,barlow,psd,all-patient,True,7,1.0,0.1,32,0.03,0.02
multimodal_psd-fc-wpli_gated_cnn,6,sub11,sub01;sub05;sub07;sub08;sub09;sub10;sub14;sub15;sub16;sub17;sub18;sub20;sub22;sub24;sub27;sub28;sub29,sub13,9,0.6373003721237183,0.654865026473999,0.002,1e-05,1.0,1.0,True,False,multimodal,psd-fc-wpli,gated,cnn,True,finetune,segssl_barlow_all-patient_psd-fc-wpli_finetune_seed7_pre20_proj32_mask0_03_noise0_02_mlp1_0_sup100,True,barlow,psd,all-patient,True,7,1.0,0.1,32,0.03,0.02
multimodal_psd-fc-wpli_gated_cnn,6,sub11,sub01;sub05;sub07;sub08;sub09;sub10;sub14;sub15;sub16;sub17;sub18;sub20;sub22;sub24;sub27;sub28;sub29,sub13,10,0.6273623704910278,0.6484295129776001,0.002,1e-05,1.0,1.0,True,False,multimodal,psd-fc-wpli,gated,cnn,True,finetune,segssl_barlow_all-patient_psd-fc-wpli_finetune_seed7_pre20_proj32_mask0_03_noise0_02_mlp1_0_sup100,True,barlow,psd,all-patient,True,7,1.0,0.1,32,0.03,0.02
multimodal_psd-fc-wpli_gated_cnn,6,sub11,sub01;sub05;sub07;sub08;sub09;sub10;sub14;sub15;sub16;sub17;sub18;sub20;sub22;sub24;sub27;sub28;sub29,sub13,11,0.616533100605011,0.6400905251502991,0.002,1e-05,1.0,1.0,True,False,multimodal,psd-fc-wpli,gated,cnn,True,finetune,segssl_barlow_all-patient_psd-fc-wpli_finetune_seed7_pre20_proj32_mask0_03_noise0_02_mlp1_0_sup100,True,barlow,psd,all-patient,True,7,1.0,0.1,32,0.03,0.02
multimodal_psd-fc-wpli_gated_cnn,6,sub11,sub01;sub05;sub07;sub08;sub09;sub10;sub14;sub15;sub16;sub17;sub18;sub20;sub22;sub24;sub27;sub28;sub29,sub13,12,0.6048620343208313,0.6303392648696899,0.002,1e-05,1.0,1.0,True,False,multimodal,psd-fc-wpli,gated,cnn,True,finetune,segssl_barlow_all-patient_psd-fc-wpli_finetune_seed7_pre20_proj32_mask0_03_noise0_02_mlp1_0_sup100,True,barlow,psd,all-patient,True,7,1.0,0.1,32,0.03,0.02
multimodal_psd-fc-wpli_gated_cnn,6,sub11,sub01;sub05;sub07;sub08;sub09;sub10;sub14;sub15;sub16;sub17;sub18;sub20;sub22;sub24;sub27;sub28;sub29,sub13,13,0.5924738645553589,0.6199068427085876,0.002,1e-05,1.0,1.0,True,False,multimodal,psd-fc-wpli,gated,cnn,True,finetune,segssl_barlow_all-patient_psd-fc-wpli_finetune_seed7_pre20_proj32_mask0_03_noise0_02_mlp1_0_sup100,True,barlow,psd,all-patient,True,7,1.0,0.1,32,0.03,0.02
multimodal_psd-fc-wpli_gated_cnn,6,sub11,sub01;sub05;sub07;sub08;sub09;sub10;sub14;sub15;sub16;sub17;sub18;sub20;sub22;sub24;sub27;sub28;sub29,sub13,14,0.5795464515686035,0.610180675983429,0.002,1e-05,1.0,1.0,True,False,multimodal,psd-fc-wpli,gated,cnn,True,finetune,segssl_barlow_all-patient_psd-fc-wpli_finetune_seed7_pre20_proj32_mask0_03_noise0_02_mlp1_0_sup100,True,barlow,psd,all-patient,True,7,1.0,0.1,32,0.03,0.02
multimodal_psd-fc-wpli_gated_cnn,6,sub11,sub01;sub05;sub07;sub08;sub09;sub10;sub14;sub15;sub16;sub17;sub18;sub20;sub22;sub24;sub27;sub28;sub29,sub13,15,0.5658546686172485,0.5997443795204163,0.002,1e-05,1.0,1.0,True,False,multimodal,psd-fc-wpli,gated,cnn,True,finetune,segssl_barlow_all-patient_psd-fc-wpli_finetune_seed7_pre20_proj32_mask0_03_noise0_02_mlp1_0_sup100,True,barlow,psd,all-patient,True,7,1.0,0.1,32,0.03,0.02
multimodal_psd-fc-wpli_gated_cnn,6,sub11,sub01;sub05;sub07;sub08;sub09;sub10;sub14;sub15;sub16;sub17;sub18;sub20;sub22;sub24;sub27;sub28;sub29,sub13,16,0.5512974262237549,0.5883563756942749,0.002,1e-05,1.0,1.0,True,False,multimodal,psd-fc-wpli,gated,cnn,True,finetune,segssl_barlow_all-patient_psd-fc-wpli_finetune_seed7_pre20_proj32_mask0_03_noise0_02_mlp1_0_sup100,True,barlow,psd,all-patient,True,7,1.0,0.1,32,0.03,0.02
multimodal_psd-fc-wpli_gated_cnn,6,sub11,sub01;sub05;sub07;sub08;sub09;sub10;sub14;sub15;sub16;sub17;sub18;sub20;sub22;sub24;sub27;sub28;sub29,sub13,17,0.5360866189002991,0.5757771730422974,0.002,1e-05,1.0,1.0,True,False,multimodal,psd-fc-wpli,gated,cnn,True,finetune,segssl_barlow_all-patient_psd-fc-wpli_finetune_seed7_pre20_proj32_mask0_03_noise0_02_mlp1_0_sup100,True,barlow,psd,all-patient,True,7,1.0,0.1,32,0.03,0.02
multimodal_psd-fc-wpli_gated_cnn,6,sub11,sub01;sub05;sub07;sub08;sub09;sub10;sub14;sub15;sub16;sub17;sub18;sub20;sub22;sub24;sub27;sub28;sub29,sub13,18,0.5200170278549194,0.5620598196983337,0.002,1e-05,1.0,1.0,True,False,multimodal,psd-fc-wpli,gated,cnn,True,finetune,segssl_barlow_all-patient_psd-fc-wpli_finetune_seed7_pre20_proj32_mask0_03_noise0_02_mlp1_0_sup100,True,barlow,psd,all-patient,True,7,1.0,0.1,32,0.03,0.02
multimodal_psd-fc-wpli_gated_cnn,6,sub11,sub01;sub05;sub07;sub08;sub09;sub10;sub14;sub15;sub16;sub17;sub18;sub20;sub22;sub24;sub27;sub28;sub29,sub13,19,0.503271222114563,0.5460605025291443,0.002,1e-05,1.0,1.0,True,False,multimodal,psd-fc-wpli,gated,cnn,True,finetune,segssl_barlow_all-patient_psd-fc-wpli_finetune_seed7_pre20_proj32_mask0_03_noise0_02_mlp1_0_sup100,True,barlow,psd,all-patient,True,7,1.0,0.1,32,0.03,0.02
multimodal_psd-fc-wpli_gated_cnn,6,sub11,sub01;sub05;sub07;sub08;sub09;sub10;sub14;sub15;sub16;sub17;sub18;sub20;sub22;sub24;sub27;sub28;sub29,sub13,20,0.48605963587760925,0.527429461479187,0.002,1e-05,1.0,1.0,True,False,multimodal,psd-fc-wpli,gated,cnn,True,finetune,segssl_barlow_all-patient_psd-fc-wpli_finetune_seed7_pre20_proj32_mask0_03_noise0_02_mlp1_0_sup100,True,barlow,psd,all-patient,True,7,1.0,0.1,32,0.03,0.02
multimodal_psd-fc-wpli_gated_cnn,6,sub11,sub01;sub05;sub07;sub08;sub09;sub10;sub14;sub15;sub16;sub17;sub18;sub20;sub22;sub24;sub27;sub28;sub29,sub13,21,0.46809694170951843,0.506803035736084,0.002,1e-05,1.0,1.0,True,False,multimodal,psd-fc-wpli,gated,cnn,True,finetune,segssl_barlow_all-patient_psd-fc-wpli_finetune_seed7_pre20_proj32_mask0_03_noise0_02_mlp1_0_sup100,True,barlow,psd,all-patient,True,7,1.0,0.1,32,0.03,0.02
multimodal_psd-fc-wpli_gated_cnn,6,sub11,sub01;sub05;sub07;sub08;sub09;sub10;sub14;sub15;sub16;sub17;sub18;sub20;sub22;sub24;sub27;sub28;sub29,sub13,22,0.44983822107315063,0.48553740978240967,0.002,1e-05,1.0,1.0,True,False,multimodal,psd-fc-wpli,gated,cnn,True,finetune,segssl_barlow_all-patient_psd-fc-wpli_finetune_seed7_pre20_proj32_mask0_03_noise0_02_mlp1_0_sup100,True,barlow,psd,all-patient,True,7,1.0,0.1,32,0.03,0.02
multimodal_psd-fc-wpli_gated_cnn,6,sub11,sub01;sub05;sub07;sub08;sub09;sub10;sub14;sub15;sub16;sub17;sub18;sub20;sub22;sub24;sub27;sub28;sub29,sub13,23,0.4312640428543091,0.4634929597377777,0.002,1e-05,1.0,1.0,True,False,multimodal,psd-fc-wpli,gated,cnn,True,finetune,segssl_barlow_all-patient_psd-fc-wpli_finetune_seed7_pre20_proj32_mask0_03_noise0_02_mlp1_0_sup100,True,barlow,psd,all-patient,True,7,1.0,0.1,32,0.03,0.02
multimodal_psd-fc-wpli_gated_cnn,6,sub11,sub01;sub05;sub07;sub08;sub09;sub10;sub14;sub15;sub16;sub17;sub18;sub20;sub22;sub24;sub27;sub28;sub29,sub13,24,0.4123135805130005,0.440573513507843,0.002,1e-05,1.0,1.0,True,False,multimodal,psd-fc-wpli,gated,cnn,True,finetune,segssl_barlow_all-patient_psd-fc-wpli_finetune_seed7_pre20_proj32_mask0_03_noise0_02_mlp1_0_sup100,True,barlow,psd,all-patient,True,7,1.0,0.1,32,0.03,0.02
multimodal_psd-fc-wpli_gated_cnn,6,sub11,sub01;sub05;sub07;sub08;sub09;sub10;sub14;sub15;sub16;sub17;sub18;sub20;sub22;sub24;sub27;sub28;sub29,sub13,25,0.3928823471069336,0.41581618785858154,0.002,1e-05,1.0,1.0,True,False,multimodal,psd-fc-wpli,gated,cnn,True,finetune,segssl_barlow_all-patient_psd-fc-wpli_finetune_seed7_pre20_proj32_mask0_03_noise0_02_mlp1_0_sup100,True,barlow,psd,all-patient,True,7,1.0,0.1,32,0.03,0.02
multimodal_psd-fc-wpli_gated_cnn,6,sub11,sub01;sub05;sub07;sub08;sub09;sub10;sub14;sub15;sub16;sub17;sub18;sub20;sub22;sub24;sub27;sub28;sub29,sub13,26,0.37321487069129944,0.39025643467903137,0.002,1e-05,1.0,1.0,True,False,multimodal,psd-fc-wpli,gated,cnn,True,finetune,segssl_barlow_all-patient_psd-fc-wpli_finetune_seed7_pre20_proj32_mask0_03_noise0_02_mlp1_0_sup100,True,barlow,psd,all-patient,True,7,1.0,0.1,32,0.03,0.02
multimodal_psd-fc-wpli_gated_cnn,6,sub11,sub01;sub05;sub07;sub08;sub09;sub10;sub14;sub15;sub16;sub17;sub18;sub20;sub22;sub24;sub27;sub28;sub29,sub13,27,0.3533160090446472,0.3661416471004486,0.002,1e-05,1.0,1.0,True,False,multimodal,psd-fc-wpli,gated,cnn,True,finetune,segssl_barlow_all-patient_psd-fc-wpli_finetune_seed7_pre20_proj32_mask0_03_noise0_02_mlp1_0_sup100,True,barlow,psd,all-patient,True,7,1.0,0.1,32,0.03,0.02
multimodal_psd-fc-wpli_gated_cnn,6,sub11,sub01;sub05;sub07;sub08;sub09;sub10;sub14;sub15;sub16;sub17;sub18;sub20;sub22;sub24;sub27;sub28;sub29,sub13,28,0.33353182673454285,0.34203383326530457,0.002,1e-05,1.0,1.0,True,False,multimodal,psd-fc-wpli,gated,cnn,True,finetune,segssl_barlow_all-patient_psd-fc-wpli_finetune_seed7_pre20_proj32_mask0_03_noise0_02_mlp1_0_sup100,True,barlow,psd,all-patient,True,7,1.0,0.1,32,0.03,0.02
multimodal_psd-fc-wpli_gated_cnn,6,sub11,sub01;sub05;sub07;sub08;sub09;sub10;sub14;sub15;sub16;sub17;sub18;sub20;sub22;sub24;sub27;sub28;sub29,sub13,29,0.3136243224143982,0.31863972544670105,0.002,1e-05,1.0,1.0,True,False,multimodal,psd-fc-wpli,gated,cnn,True,finetune,segssl_barlow_all-patient_psd-fc-wpli_finetune_seed7_pre20_proj32_mask0_03_noise0_02_mlp1_0_sup100,True,barlow,psd,all-patient,True,7,1.0,0.1,32,0.03,0.02
multimodal_psd-fc-wpli_gated_cnn,6,sub11,sub01;sub05;sub07;sub08;sub09;sub10;sub14;sub15;sub16;sub17;sub18;sub20;sub22;sub24;sub27;sub28;sub29,sub13,30,0.29346996545791626,0.295380562543869,0.002,1e-05,1.0,1.0,True,False,multimodal,psd-fc-wpli,gated,cnn,True,finetune,segssl_barlow_all-patient_psd-fc-wpli_finetune_seed7_pre20_proj32_mask0_03_noise0_02_mlp1_0_sup100,True,barlow,psd,all-patient,True,7,1.0,0.1,32,0.03,0.02
multimodal_psd-fc-wpli_gated_cnn,6,sub11,sub01;sub05;sub07;sub08;sub09;sub10;sub14;sub15;sub16;sub17;sub18;sub20;sub22;sub24;sub27;sub28;sub29,sub13,31,0.2734415829181671,0.2730655372142792,0.002,1e-05,1.0,1.0,True,False,multimodal,psd-fc-wpli,gated,cnn,True,finetune,segssl_barlow_all-patient_psd-fc-wpli_finetune_seed7_pre20_proj32_mask0_03_noise0_02_mlp1_0_sup100,True,barlow,psd,all-patient,True,7,1.0,0.1,32,0.03,0.02
multimodal_psd-fc-wpli_gated_cnn,6,sub11,sub01;sub05;sub07;sub08;sub09;sub10;sub14;sub15;sub16;sub17;sub18;sub20;sub22;sub24;sub27;sub28;sub29,sub13,32,0.2533433139324188,0.25108978152275085,0.002,1e-05,1.0,1.0,True,False,multimodal,psd-fc-wpli,gated,cnn,True,finetune,segssl_barlow_all-patient_psd-fc-wpli_finetune_seed7_pre20_proj32_mask0_03_noise0_02_mlp1_0_sup100,True,barlow,psd,all-patient,True,7,1.0,0.1,32,0.03,0.02
multimodal_psd-fc-wpli_gated_cnn,6,sub11,sub01;sub05;sub07;sub08;sub09;sub10;sub14;sub15;sub16;sub17;sub18;sub20;sub22;sub24;sub27;sub28;sub29,sub13,33,0.2339499145746231,0.23027844727039337,0.002,1e-05,1.0,1.0,True,False,multimodal,psd-fc-wpli,gated,cnn,True,finetune,segssl_barlow_all-patient_psd-fc-wpli_finetune_seed7_pre20_proj32_mask0_03_noise0_02_mlp1_0_sup100,True,barlow,psd,all-patient,True,7,1.0,0.1,32,0.03,0.02
multimodal_psd-fc-wpli_gated_cnn,6,sub11,sub01;sub05;sub07;sub08;sub09;sub10;sub14;sub15;sub16;sub17;sub18;sub20;sub22;sub24;sub27;sub28;sub29,sub13,34,0.21555747091770172,0.20914790034294128,0.002,1e-05,1.0,1.0,True,False,multimodal,psd-fc-wpli,gated,cnn,True,finetune,segssl_barlow_all-patient_psd-fc-wpli_finetune_seed7_pre20_proj32_mask0_03_noise0_02_mlp1_0_sup100,True,barlow,psd,all-patient,True,7,1.0,0.1,32,0.03,0.02
multimodal_psd-fc-wpli_gated_cnn,6,sub11,sub01;sub05;sub07;sub08;sub09;sub10;sub14;sub15;sub16;sub17;sub18;sub20;sub22;sub24;sub27;sub28;sub29,sub13,35,0.19796182215213776,0.18867652118206024,0.002,1e-05,1.0,1.0,True,False,multimodal,psd-fc-wpli,gated,cnn,True,finetune,segssl_barlow_all-patient_psd-fc-wpli_finetune_seed7_pre20_proj32_mask0_03_noise0_02_mlp1_0_sup100,True,barlow,psd,all-patient,True,7,1.0,0.1,32,0.03,0.02
multimodal_psd-fc-wpli_gated_cnn,6,sub11,sub01;sub05;sub07;sub08;sub09;sub10;sub14;sub15;sub16;sub17;sub18;sub20;sub22;sub24;sub27;sub28;sub29,sub13,36,0.1811760514974594,0.16789142787456512,0.002,1e-05,1.0,1.0,True,False,multimodal,psd-fc-wpli,gated,cnn,True,finetune,segssl_barlow_all-patient_psd-fc-wpli_finetune_seed7_pre20_proj32_mask0_03_noise0_02_mlp1_0_sup100,True,barlow,psd,all-patient,True,7,1.0,0.1,32,0.03,0.02
multimodal_psd-fc-wpli_gated_cnn,6,sub11,sub01;sub05;sub07;sub08;sub09;sub10;sub14;sub15;sub16;sub17;sub18;sub20;sub22;sub24;sub27;sub28;sub29,sub13,37,0.16566193103790283,0.14788952469825745,0.002,1e-05,1.0,1.0,True,False,multimodal,psd-fc-wpli,gated,cnn,True,finetune,segssl_barlow_all-patient_psd-fc-wpli_finetune_seed7_pre20_proj32_mask0_03_noise0_02_mlp1_0_sup100,True,barlow,psd,all-patient,True,7,1.0,0.1,32,0.03,0.02
multimodal_psd-fc-wpli_gated_cnn,6,sub11,sub01;sub05;sub07;sub08;sub09;sub10;sub14;sub15;sub16;sub17;sub18;sub20;sub22;sub24;sub27;sub28;sub29,sub13,38,0.15098927915096283,0.1293504685163498,0.002,1e-05,1.0,1.0,True,False,multimodal,psd-fc-wpli,gated,cnn,True,finetune,segssl_barlow_all-patient_psd-fc-wpli_finetune_seed7_pre20_proj32_mask0_03_noise0_02_mlp1_0_sup100,True,barlow,psd,all-patient,True,7,1.0,0.1,32,0.03,0.02
multimodal_psd-fc-wpli_gated_cnn,6,sub11,sub01;sub05;sub07;sub08;sub09;sub10;sub14;sub15;sub16;sub17;sub18;sub20;sub22;sub24;sub27;sub28;sub29,sub13,39,0.13713493943214417,0.11295914649963379,0.002,1e-05,1.0,1.0,True,False,multimodal,psd-fc-wpli,gated,cnn,True,finetune,segssl_barlow_all-patient_psd-fc-wpli_finetune_seed7_pre20_proj32_mask0_03_noise0_02_mlp1_0_sup100,True,barlow,psd,all-patient,True,7,1.0,0.1,32,0.03,0.02
multimodal_psd-fc-wpli_gated_cnn,6,sub11,sub01;sub05;sub07;sub08;sub09;sub10;sub14;sub15;sub16;sub17;sub18;sub20;sub22;sub24;sub27;sub28;sub29,sub13,40,0.12419150769710541,0.0984373465180397,0.002,1e-05,1.0,1.0,True,False,multimodal,psd-fc-wpli,gated,cnn,True,finetune,segssl_barlow_all-patient_psd-fc-wpli_finetune_seed7_pre20_proj32_mask0_03_noise0_02_mlp1_0_sup100,True,barlow,psd,all-patient,True,7,1.0,0.1,32,0.03,0.02
multimodal_psd-fc-wpli_gated_cnn,6,sub11,sub01;sub05;sub07;sub08;sub09;sub10;sub14;sub15;sub16;sub17;sub18;sub20;sub22;sub24;sub27;sub28;sub29,sub13,41,0.11207012832164764,0.08563078939914703,0.002,1e-05,1.0,1.0,True,False,multimodal,psd-fc-wpli,gated,cnn,True,finetune,segssl_barlow_all-patient_psd-fc-wpli_finetune_seed7_pre20_proj32_mask0_03_noise0_02_mlp1_0_sup100,True,barlow,psd,all-patient,True,7,1.0,0.1,32,0.03,0.02
multimodal_psd-fc-wpli_gated_cnn,6,sub11,sub01;sub05;sub07;sub08;sub09;sub10;sub14;sub15;sub16;sub17;sub18;sub20;sub22;sub24;sub27;sub28;sub29,sub13,42,0.10061164945363998,0.07497071474790573,0.002,1e-05,1.0,1.0,True,False,multimodal,psd-fc-wpli,gated,cnn,True,finetune,segssl_barlow_all-patient_psd-fc-wpli_finetune_seed7_pre20_proj32_mask0_03_noise0_02_mlp1_0_sup100,True,barlow,psd,all-patient,True,7,1.0,0.1,32,0.03,0.02
multimodal_psd-fc-wpli_gated_cnn,6,sub11,sub01;sub05;sub07;sub08;sub09;sub10;sub14;sub15;sub16;sub17;sub18;sub20;sub22;sub24;sub27;sub28;sub29,sub13,43,0.08988270163536072,0.0662388727068901,0.002,1e-05,1.0,1.0,True,False,multimodal,psd-fc-wpli,gated,cnn,True,finetune,segssl_barlow_all-patient_psd-fc-wpli_finetune_seed7_pre20_proj32_mask0_03_noise0_02_mlp1_0_sup100,True,barlow,psd,all-patient,True,7,1.0,0.1,32,0.03,0.02
multimodal_psd-fc-wpli_gated_cnn,6,sub11,sub01;sub05;sub07;sub08;sub09;sub10;sub14;sub15;sub16;sub17;sub18;sub20;sub22;sub24;sub27;sub28;sub29,sub13,44,0.07988899201154709,0.059044159948825836,0.002,1e-05,1.0,1.0,True,False,multimodal,psd-fc-wpli,gated,cnn,True,finetune,segssl_barlow_all-patient_psd-fc-wpli_finetune_seed7_pre20_proj32_mask0_03_noise0_02_mlp1_0_sup100,True,barlow,psd,all-patient,True,7,1.0,0.1,32,0.03,0.02
multimodal_psd-fc-wpli_gated_cnn,6,sub11,sub01;sub05;sub07;sub08;sub09;sub10;sub14;sub15;sub16;sub17;sub18;sub20;sub22;sub24;sub27;sub28;sub29,sub13,45,0.07078654319047928,0.05292091146111488,0.002,1e-05,1.0,1.0,True,False,multimodal,psd-fc-wpli,gated,cnn,True,finetune,segssl_barlow_all-patient_psd-fc-wpli_finetune_seed7_pre20_proj32_mask0_03_noise0_02_mlp1_0_sup100,True,barlow,psd,all-patient,True,7,1.0,0.1,32,0.03,0.02
multimodal_psd-fc-wpli_gated_cnn,6,sub11,sub01;sub05;sub07;sub08;sub09;sub10;sub14;sub15;sub16;sub17;sub18;sub20;sub22;sub24;sub27;sub28;sub29,sub13,46,0.06245948374271393,0.04744216427206993,0.002,1e-05,1.0,1.0,True,False,multimodal,psd-fc-wpli,gated,cnn,True,finetune,segssl_barlow_all-patient_psd-fc-wpli_finetune_seed7_pre20_proj32_mask0_03_noise0_02_mlp1_0_sup100,True,barlow,psd,all-patient,True,7,1.0,0.1,32,0.03,0.02
multimodal_psd-fc-wpli_gated_cnn,6,sub11,sub01;sub05;sub07;sub08;sub09;sub10;sub14;sub15;sub16;sub17;sub18;sub20;sub22;sub24;sub27;sub28;sub29,sub13,47,0.0550871342420578,0.04281413182616234,0.002,1e-05,1.0,1.0,True,False,multimodal,psd-fc-wpli,gated,cnn,True,finetune,segssl_barlow_all-patient_psd-fc-wpli_finetune_seed7_pre20_proj32_mask0_03_noise0_02_mlp1_0_sup100,True,barlow,psd,all-patient,True,7,1.0,0.1,32,0.03,0.02
multimodal_psd-fc-wpli_gated_cnn,6,sub11,sub01;sub05;sub07;sub08;sub09;sub10;sub14;sub15;sub16;sub17;sub18;sub20;sub22;sub24;sub27;sub28;sub29,sub13,48,0.048605334013700485,0.03863680735230446,0.002,1e-05,1.0,1.0,True,False,multimodal,psd-fc-wpli,gated,cnn,True,finetune,segssl_barlow_all-patient_psd-fc-wpli_finetune_seed7_pre20_proj32_mask0_03_noise0_02_mlp1_0_sup100,True,barlow,psd,all-patient,True,7,1.0,0.1,32,0.03,0.02
multimodal_psd-fc-wpli_gated_cnn,6,sub11,sub01;sub05;sub07;sub08;sub09;sub10;sub14;sub15;sub16;sub17;sub18;sub20;sub22;sub24;sub27;sub28;sub29,sub13,49,0.042747970670461655,0.03479422628879547,0.002,1e-05,1.0,1.0,True,False,multimodal,psd-fc-wpli,gated,cnn,True,finetune,segssl_barlow_all-patient_psd-fc-wpli_finetune_seed7_pre20_proj32_mask0_03_noise0_02_mlp1_0_sup100,True,barlow,psd,all-patient,True,7,1.0,0.1,32,0.03,0.02
multimodal_psd-fc-wpli_gated_cnn,6,sub11,sub01;sub05;sub07;sub08;sub09;sub10;sub14;sub15;sub16;sub17;sub18;sub20;sub22;sub24;sub27;sub28;sub29,sub13,50,0.03750993311405182,0.031043220311403275,0.002,1e-05,1.0,1.0,True,False,multimodal,psd-fc-wpli,gated,cnn,True,finetune,segssl_barlow_all-patient_psd-fc-wpli_finetune_seed7_pre20_proj32_mask0_03_noise0_02_mlp1_0_sup100,True,barlow,psd,all-patient,True,7,1.0,0.1,32,0.03,0.02
multimodal_psd-fc-wpli_gated_cnn,6,sub11,sub01;sub05;sub07;sub08;sub09;sub10;sub14;sub15;sub16;sub17;sub18;sub20;sub22;sub24;sub27;sub28;sub29,sub13,51,0.032841186970472336,0.027516931295394897,0.002,1e-05,1.0,1.0,True,False,multimodal,psd-fc-wpli,gated,cnn,True,finetune,segssl_barlow_all-patient_psd-fc-wpli_finetune_seed7_pre20_proj32_mask0_03_noise0_02_mlp1_0_sup100,True,barlow,psd,all-patient,True,7,1.0,0.1,32,0.03,0.02
multimodal_psd-fc-wpli_gated_cnn,6,sub11,sub01;sub05;sub07;sub08;sub09;sub10;sub14;sub15;sub16;sub17;sub18;sub20;sub22;sub24;sub27;sub28;sub29,sub13,52,0.028706226497888565,0.02424858883023262,0.002,1e-05,1.0,1.0,True,False,multimodal,psd-fc-wpli,gated,cnn,True,finetune,segssl_barlow_all-patient_psd-fc-wpli_finetune_seed7_pre20_proj32_mask0_03_noise0_02_mlp1_0_sup100,True,barlow,psd,all-patient,True,7,1.0,0.1,32,0.03,0.02
multimodal_psd-fc-wpli_gated_cnn,6,sub11,sub01;sub05;sub07;sub08;sub09;sub10;sub14;sub15;sub16;sub17;sub18;sub20;sub22;sub24;sub27;sub28;sub29,sub13,53,0.025088481605052948,0.021278247237205505,0.002,1e-05,1.0,1.0,True,False,multimodal,psd-fc-wpli,gated,cnn,True,finetune,segssl_barlow_all-patient_psd-fc-wpli_finetune_seed7_pre20_proj32_mask0_03_noise0_02_mlp1_0_sup100,True,barlow,psd,all-patient,True,7,1.0,0.1,32,0.03,0.02
multimodal_psd-fc-wpli_gated_cnn,6,sub11,sub01;sub05;sub07;sub08;sub09;sub10;sub14;sub15;sub16;sub17;sub18;sub20;sub22;sub24;sub27;sub28;sub29,sub13,54,0.02194012701511383,0.018637333065271378,0.002,1e-05,1.0,1.0,True,False,multimodal,psd-fc-wpli,gated,cnn,True,finetune,segssl_barlow_all-patient_psd-fc-wpli_finetune_seed7_pre20_proj32_mask0_03_noise0_02_mlp1_0_sup100,True,barlow,psd,all-patient,True,7,1.0,0.1,32,0.03,0.02
multimodal_psd-fc-wpli_gated_cnn,6,sub11,sub01;sub05;sub07;sub08;sub09;sub10;sub14;sub15;sub16;sub17;sub18;sub20;sub22;sub24;sub27;sub28;sub29,sub13,55,0.019217869266867638,0.016434594988822937,0.002,1e-05,1.0,1.0,True,False,multimodal,psd-fc-wpli,gated,cnn,True,finetune,segssl_barlow_all-patient_psd-fc-wpli_finetune_seed7_pre20_proj32_mask0_03_noise0_02_mlp1_0_sup100,True,barlow,psd,all-patient,True,7,1.0,0.1,32,0.03,0.02
multimodal_psd-fc-wpli_gated_cnn,6,sub11,sub01;sub05;sub07;sub08;sub09;sub10;sub14;sub15;sub16;sub17;sub18;sub20;sub22;sub24;sub27;sub28;sub29,sub13,56,0.016867175698280334,0.014697683043777943,0.002,1e-05,1.0,1.0,True,False,multimodal,psd-fc-wpli,gated,cnn,True,finetune,segssl_barlow_all-patient_psd-fc-wpli_finetune_seed7_pre20_proj32_mask0_03_noise0_02_mlp1_0_sup100,True,barlow,psd,all-patient,True,7,1.0,0.1,32,0.03,0.02
multimodal_psd-fc-wpli_gated_cnn,6,sub11,sub01;sub05;sub07;sub08;sub09;sub10;sub14;sub15;sub16;sub17;sub18;sub20;sub22;sub24;sub27;sub28;sub29,sub13,57,0.014811631292104721,0.013330460526049137,0.002,1e-05,1.0,1.0,True,False,multimodal,psd-fc-wpli,gated,cnn,True,finetune,segssl_barlow_all-patient_psd-fc-wpli_finetune_seed7_pre20_proj32_mask0_03_noise0_02_mlp1_0_sup100,True,barlow,psd,all-patient,True,7,1.0,0.1,32,0.03,0.02
multimodal_psd-fc-wpli_gated_cnn,6,sub11,sub01;sub05;sub07;sub08;sub09;sub10;sub14;sub15;sub16;sub17;sub18;sub20;sub22;sub24;sub27;sub28;sub29,sub13,58,0.013005797751247883,0.012218434363603592,0.002,1e-05,1.0,1.0,True,False,multimodal,psd-fc-wpli,gated,cnn,True,finetune,segssl_barlow_all-patient_psd-fc-wpli_finetune_seed7_pre20_proj32_mask0_03_noise0_02_mlp1_0_sup100,True,barlow,psd,all-patient,True,7,1.0,0.1,32,0.03,0.02
multimodal_psd-fc-wpli_gated_cnn,6,sub11,sub01;sub05;sub07;sub08;sub09;sub10;sub14;sub15;sub16;sub17;sub18;sub20;sub22;sub24;sub27;sub28;sub29,sub13,59,0.011437722481787205,0.01125062070786953,0.002,1e-05,1.0,1.0,True,False,multimodal,psd-fc-wpli,gated,cnn,True,finetune,segssl_barlow_all-patient_psd-fc-wpli_finetune_seed7_pre20_proj32_mask0_03_noise0_02_mlp1_0_sup100,True,barlow,psd,all-patient,True,7,1.0,0.1,32,0.03,0.02
multimodal_psd-fc-wpli_gated_cnn,6,sub11,sub01;sub05;sub07;sub08;sub09;sub10;sub14;sub15;sub16;sub17;sub18;sub20;sub22;sub24;sub27;sub28;sub29,sub13,60,0.01009419932961464,0.01033204048871994,0.002,1e-05,1.0,1.0,True,False,multimodal,psd-fc-wpli,gated,cnn,True,finetune,segssl_barlow_all-patient_psd-fc-wpli_finetune_seed7_pre20_proj32_mask0_03_noise0_02_mlp1_0_sup100,True,barlow,psd,all-patient,True,7,1.0,0.1,32,0.03,0.02
multimodal_psd-fc-wpli_gated_cnn,6,sub11,sub01;sub05;sub07;sub08;sub09;sub10;sub14;sub15;sub16;sub17;sub18;sub20;sub22;sub24;sub27;sub28;sub29,sub13,61,0.008949593640863895,0.009436974301934242,0.002,1e-05,1.0,1.0,True,False,multimodal,psd-fc-wpli,gated,cnn,True,finetune,segssl_barlow_all-patient_psd-fc-wpli_finetune_seed7_pre20_proj32_mask0_03_noise0_02_mlp1_0_sup100,True,barlow,psd,all-patient,True,7,1.0,0.1,32,0.03,0.02
multimodal_psd-fc-wpli_gated_cnn,6,sub11,sub01;sub05;sub07;sub08;sub09;sub10;sub14;sub15;sub16;sub17;sub18;sub20;sub22;sub24;sub27;sub28;sub29,sub13,62,0.00796561036258936,0.008550047874450684,0.002,1e-05,1.0,1.0,True,False,multimodal,psd-fc-wpli,gated,cnn,True,finetune,segssl_barlow_all-patient_psd-fc-wpli_finetune_seed7_pre20_proj32_mask0_03_noise0_02_mlp1_0_sup100,True,barlow,psd,all-patient,True,7,1.0,0.1,32,0.03,0.02
multimodal_psd-fc-wpli_gated_cnn,6,sub11,sub01;sub05;sub07;sub08;sub09;sub10;sub14;sub15;sub16;sub17;sub18;sub20;sub22;sub24;sub27;sub28;sub29,sub13,63,0.007113215513527393,0.007688258774578571,0.002,1e-05,1.0,1.0,True,False,multimodal,psd-fc-wpli,gated,cnn,True,finetune,segssl_barlow_all-patient_psd-fc-wpli_finetune_seed7_pre20_proj32_mask0_03_noise0_02_mlp1_0_sup100,True,barlow,psd,all-patient,True,7,1.0,0.1,32,0.03,0.02
multimodal_psd-fc-wpli_gated_cnn,6,sub11,sub01;sub05;sub07;sub08;sub09;sub10;sub14;sub15;sub16;sub17;sub18;sub20;sub22;sub24;sub27;sub28;sub29,sub13,64,0.006370495539158583,0.006877418141812086,0.002,1e-05,1.0,1.0,True,False,multimodal,psd-fc-wpli,gated,cnn,True,finetune,segssl_barlow_all-patient_psd-fc-wpli_finetune_seed7_pre20_proj32_mask0_03_noise0_02_mlp1_0_sup100,True,barlow,psd,all-patient,True,7,1.0,0.1,32,0.03,0.02
multimodal_psd-fc-wpli_gated_cnn,6,sub11,sub01;sub05;sub07;sub08;sub09;sub10;sub14;sub15;sub16;sub17;sub18;sub20;sub22;sub24;sub27;sub28;sub29,sub13,65,0.005730432458221912,0.006149034481495619,0.002,1e-05,1.0,1.0,True,False,multimodal,psd-fc-wpli,gated,cnn,True,finetune,segssl_barlow_all-patient_psd-fc-wpli_finetune_seed7_pre20_proj32_mask0_03_noise0_02_mlp1_0_sup100,True,barlow,psd,all-patient,True,7,1.0,0.1,32,0.03,0.02
multimodal_psd-fc-wpli_gated_cnn,6,sub11,sub01;sub05;sub07;sub08;sub09;sub10;sub14;sub15;sub16;sub17;sub18;sub20;sub22;sub24;sub27;sub28;sub29,sub13,66,0.005180886015295982,0.0055062780156731606,0.002,1e-05,1.0,1.0,True,False,multimodal,psd-fc-wpli,gated,cnn,True,finetune,segssl_barlow_all-patient_psd-fc-wpli_finetune_seed7_pre20_proj32_mask0_03_noise0_02_mlp1_0_sup100,True,barlow,psd,all-patient,True,7,1.0,0.1,32,0.03,0.02
multimodal_psd-fc-wpli_gated_cnn,6,sub11,sub01;sub05;sub07;sub08;sub09;sub10;sub14;sub15;sub16;sub17;sub18;sub20;sub22;sub24;sub27;sub28;sub29,sub13,67,0.0047057801857590675,0.004946910310536623,0.002,1e-05,1.0,1.0,True,False,multimodal,psd-fc-wpli,gated,cnn,True,finetune,segssl_barlow_all-patient_psd-fc-wpli_finetune_seed7_pre20_proj32_mask0_03_noise0_02_mlp1_0_sup100,True,barlow,psd,all-patient,True,7,1.0,0.1,32,0.03,0.02
multimodal_psd-fc-wpli_gated_cnn,6,sub11,sub01;sub05;sub07;sub08;sub09;sub10;sub14;sub15;sub16;sub17;sub18;sub20;sub22;sub24;sub27;sub28;sub29,sub13,68,0.004292015451937914,0.004465505946427584,0.002,1e-05,1.0,1.0,True,False,multimodal,psd-fc-wpli,gated,cnn,True,finetune,segssl_barlow_all-patient_psd-fc-wpli_finetune_seed7_pre20_proj32_mask0_03_noise0_02_mlp1_0_sup100,True,barlow,psd,all-patient,True,7,1.0,0.1,32,0.03,0.02
multimodal_psd-fc-wpli_gated_cnn,6,sub11,sub01;sub05;sub07;sub08;sub09;sub10;sub14;sub15;sub16;sub17;sub18;sub20;sub22;sub24;sub27;sub28;sub29,sub13,69,0.003930198028683662,0.004054218530654907,0.002,1e-05,1.0,1.0,True,False,multimodal,psd-fc-wpli,gated,cnn,True,finetune,segssl_barlow_all-patient_psd-fc-wpli_finetune_seed7_pre20_proj32_mask0_03_noise0_02_mlp1_0_sup100,True,barlow,psd,all-patient,True,7,1.0,0.1,32,0.03,0.02
multimodal_psd-fc-wpli_gated_cnn,6,sub11,sub01;sub05;sub07;sub08;sub09;sub10;sub14;sub15;sub16;sub17;sub18;sub20;sub22;sub24;sub27;sub28;sub29,sub13,70,0.0036122892051935196,0.003704021219164133,0.002,1e-05,1.0,1.0,True,False,multimodal,psd-fc-wpli,gated,cnn,True,finetune,segssl_barlow_all-patient_psd-fc-wpli_finetune_seed7_pre20_proj32_mask0_03_noise0_02_mlp1_0_sup100,True,barlow,psd,all-patient,True,7,1.0,0.1,32,0.03,0.02
multimodal_psd-fc-wpli_gated_cnn,6,sub11,sub01;sub05;sub07;sub08;sub09;sub10;sub14;sub15;sub16;sub17;sub18;sub20;sub22;sub24;sub27;sub28;sub29,sub13,71,0.003331634681671858,0.003404674818739295,0.002,1e-05,1.0,1.0,True,False,multimodal,psd-fc-wpli,gated,cnn,True,finetune,segssl_barlow_all-patient_psd-fc-wpli_finetune_seed7_pre20_proj32_mask0_03_noise0_02_mlp1_0_sup100,True,barlow,psd,all-patient,True,7,1.0,0.1,32,0.03,0.02
multimodal_psd-fc-wpli_gated_cnn,6,sub11,sub01;sub05;sub07;sub08;sub09;sub10;sub14;sub15;sub16;sub17;sub18;sub20;sub22;sub24;sub27;sub28;sub29,sub13,72,0.0030823934357613325,0.003142945235595107,0.002,1e-05,1.0,1.0,True,False,multimodal,psd-fc-wpli,gated,cnn,True,finetune,segssl_barlow_all-patient_psd-fc-wpli_finetune_seed7_pre20_proj32_mask0_03_noise0_02_mlp1_0_sup100,True,barlow,psd,all-patient,True,7,1.0,0.1,32,0.03,0.02
multimodal_psd-fc-wpli_gated_cnn,6,sub11,sub01;sub05;sub07;sub08;sub09;sub10;sub14;sub15;sub16;sub17;sub18;sub20;sub22;sub24;sub27;sub28;sub29,sub13,73,0.0028587356209754944,0.002914133947342634,0.002,1e-05,1.0,1.0,True,False,multimodal,psd-fc-wpli,gated,cnn,True,finetune,segssl_barlow_all-patient_psd-fc-wpli_finetune_seed7_pre20_proj32_mask0_03_noise0_02_mlp1_0_sup100,True,barlow,psd,all-patient,True,7,1.0,0.1,32,0.03,0.02
multimodal_psd-fc-wpli_gated_cnn,6,sub11,sub01;sub05;sub07;sub08;sub09;sub10;sub14;sub15;sub16;sub17;sub18;sub20;sub22;sub24;sub27;sub28;sub29,sub13,74,0.002660535043105483,0.0027116001583635807,0.002,1e-05,1.0,1.0,True,False,multimodal,psd-fc-wpli,gated,cnn,True,finetune,segssl_barlow_all-patient_psd-fc-wpli_finetune_seed7_pre20_proj32_mask0_03_noise0_02_mlp1_0_sup100,True,barlow,psd,all-patient,True,7,1.0,0.1,32,0.03,0.02
multimodal_psd-fc-wpli_gated_cnn,6,sub11,sub01;sub05;sub07;sub08;sub09;sub10;sub14;sub15;sub16;sub17;sub18;sub20;sub22;sub24;sub27;sub28;sub29,sub13,75,0.0024855020456016064,0.0025316444225609303,0.002,1e-05,1.0,1.0,True,False,multimodal,psd-fc-wpli,gated,cnn,True,finetune,segssl_barlow_all-patient_psd-fc-wpli_finetune_seed7_pre20_proj32_mask0_03_noise0_02_mlp1_0_sup100,True,barlow,psd,all-patient,True,7,1.0,0.1,32,0.03,0.02
multimodal_psd-fc-wpli_gated_cnn,6,sub11,sub01;sub05;sub07;sub08;sub09;sub10;sub14;sub15;sub16;sub17;sub18;sub20;sub22;sub24;sub27;sub28;sub29,sub13,76,0.0023277467116713524,0.00236926949582994,0.002,1e-05,1.0,1.0,True,False,multimodal,psd-fc-wpli,gated,cnn,True,finetune,segssl_barlow_all-patient_psd-fc-wpli_finetune_seed7_pre20_proj32_mask0_03_noise0_02_mlp1_0_sup100,True,barlow,psd,all-patient,True,7,1.0,0.1,32,0.03,0.02
multimodal_psd-fc-wpli_gated_cnn,6,sub11,sub01;sub05;sub07;sub08;sub09;sub10;sub14;sub15;sub16;sub17;sub18;sub20;sub22;sub24;sub27;sub28;sub29,sub13,77,0.00218426831997931,0.002222380368039012,0.002,1e-05,1.0,1.0,True,False,multimodal,psd-fc-wpli,gated,cnn,True,finetune,segssl_barlow_all-patient_psd-fc-wpli_finetune_seed7_pre20_proj32_mask0_03_noise0_02_mlp1_0_sup100,True,barlow,psd,all-patient,True,7,1.0,0.1,32,0.03,0.02
multimodal_psd-fc-wpli_gated_cnn,6,sub11,sub01;sub05;sub07;sub08;sub09;sub10;sub14;sub15;sub16;sub17;sub18;sub20;sub22;sub24;sub27;sub28;sub29,sub13,78,0.002053353236988187,0.0020884363912045956,0.002,1e-05,1.0,1.0,True,False,multimodal,psd-fc-wpli,gated,cnn,True,finetune,segssl_barlow_all-patient_psd-fc-wpli_finetune_seed7_pre20_proj32_mask0_03_noise0_02_mlp1_0_sup100,True,barlow,psd,all-patient,True,7,1.0,0.1,32,0.03,0.02
multimodal_psd-fc-wpli_gated_cnn,6,sub11,sub01;sub05;sub07;sub08;sub09;sub10;sub14;sub15;sub16;sub17;sub18;sub20;sub22;sub24;sub27;sub28;sub29,sub13,79,0.001933760941028595,0.0019659316167235374,0.002,1e-05,1.0,1.0,True,False,multimodal,psd-fc-wpli,gated,cnn,True,finetune,segssl_barlow_all-patient_psd-fc-wpli_finetune_seed7_pre20_proj32_mask0_03_noise0_02_mlp1_0_sup100,True,barlow,psd,all-patient,True,7,1.0,0.1,32,0.03,0.02
multimodal_psd-fc-wpli_gated_cnn,6,sub11,sub01;sub05;sub07;sub08;sub09;sub10;sub14;sub15;sub16;sub17;sub18;sub20;sub22;sub24;sub27;sub28;sub29,sub13,80,0.0018245961982756853,0.0018536952557042241,0.002,1e-05,1.0,1.0,True,False,multimodal,psd-fc-wpli,gated,cnn,True,finetune,segssl_barlow_all-patient_psd-fc-wpli_finetune_seed7_pre20_proj32_mask0_03_noise0_02_mlp1_0_sup100,True,barlow,psd,all-patient,True,7,1.0,0.1,32,0.03,0.02
multimodal_psd-fc-wpli_gated_cnn,6,sub11,sub01;sub05;sub07;sub08;sub09;sub10;sub14;sub15;sub16;sub17;sub18;sub20;sub22;sub24;sub27;sub28;sub29,sub13,81,0.0017259611049667,0.001750136842019856,0.002,1e-05,1.0,1.0,True,False,multimodal,psd-fc-wpli,gated,cnn,True,finetune,segssl_barlow_all-patient_psd-fc-wpli_finetune_seed7_pre20_proj32_mask0_03_noise0_02_mlp1_0_sup100,True,barlow,psd,all-patient,True,7,1.0,0.1,32,0.03,0.02
multimodal_psd-fc-wpli_gated_cnn,6,sub11,sub01;sub05;sub07;sub08;sub09;sub10;sub14;sub15;sub16;sub17;sub18;sub20;sub22;sub24;sub27;sub28;sub29,sub13,82,0.0016361871967092156,0.0016544843092560768,0.002,1e-05,1.0,1.0,True,False,multimodal,psd-fc-wpli,gated,cnn,True,finetune,segssl_barlow_all-patient_psd-fc-wpli_finetune_seed7_pre20_proj32_mask0_03_noise0_02_mlp1_0_sup100,True,barlow,psd,all-patient,True,7,1.0,0.1,32,0.03,0.02
multimodal_psd-fc-wpli_gated_cnn,6,sub11,sub01;sub05;sub07;sub08;sub09;sub10;sub14;sub15;sub16;sub17;sub18;sub20;sub22;sub24;sub27;sub28;sub29,sub13,83,0.001553902169689536,0.0015664076199755073,0.002,1e-05,1.0,1.0,True,False,multimodal,psd-fc-wpli,gated,cnn,True,finetune,segssl_barlow_all-patient_psd-fc-wpli_finetune_seed7_pre20_proj32_mask0_03_noise0_02_mlp1_0_sup100,True,barlow,psd,all-patient,True,7,1.0,0.1,32,0.03,0.02
multimodal_psd-fc-wpli_gated_cnn,6,sub11,sub01;sub05;sub07;sub08;sub09;sub10;sub14;sub15;sub16;sub17;sub18;sub20;sub22;sub24;sub27;sub28;sub29,sub13,84,0.0014771829592064023,0.0014851950109004974,0.002,1e-05,1.0,1.0,True,False,multimodal,psd-fc-wpli,gated,cnn,True,finetune,segssl_barlow_all-patient_psd-fc-wpli_finetune_seed7_pre20_proj32_mask0_03_noise0_02_mlp1_0_sup100,True,barlow,psd,all-patient,True,7,1.0,0.1,32,0.03,0.02
multimodal_psd-fc-wpli_gated_cnn,6,sub11,sub01;sub05;sub07;sub08;sub09;sub10;sub14;sub15;sub16;sub17;sub18;sub20;sub22;sub24;sub27;sub28;sub29,sub13,85,0.00140526017639786,0.0014099047984927893,0.002,1e-05,1.0,1.0,True,False,multimodal,psd-fc-wpli,gated,cnn,True,finetune,segssl_barlow_all-patient_psd-fc-wpli_finetune_seed7_pre20_proj32_mask0_03_noise0_02_mlp1_0_sup100,True,barlow,psd,all-patient,True,7,1.0,0.1,32,0.03,0.02
multimodal_psd-fc-wpli_gated_cnn,6,sub11,sub01;sub05;sub07;sub08;sub09;sub10;sub14;sub15;sub16;sub17;sub18;sub20;sub22;sub24;sub27;sub28;sub29,sub13,86,0.0013379022711887956,0.0013394528068602085,0.002,1e-05,1.0,1.0,True,False,multimodal,psd-fc-wpli,gated,cnn,True,finetune,segssl_barlow_all-patient_psd-fc-wpli_finetune_seed7_pre20_proj32_mask0_03_noise0_02_mlp1_0_sup100,True,barlow,psd,all-patient,True,7,1.0,0.1,32,0.03,0.02
multimodal_psd-fc-wpli_gated_cnn,6,sub11,sub01;sub05;sub07;sub08;sub09;sub10;sub14;sub15;sub16;sub17;sub18;sub20;sub22;sub24;sub27;sub28;sub29,sub13,87,0.0012749913148581982,0.0012725100386887789,0.002,1e-05,1.0,1.0,True,False,multimodal,psd-fc-wpli,gated,cnn,True,finetune,segssl_barlow_all-patient_psd-fc-wpli_finetune_seed7_pre20_proj32_mask0_03_noise0_02_mlp1_0_sup100,True,barlow,psd,all-patient,True,7,1.0,0.1,32,0.03,0.02
multimodal_psd-fc-wpli_gated_cnn,6,sub11,sub01;sub05;sub07;sub08;sub09;sub10;sub14;sub15;sub16;sub17;sub18;sub20;sub22;sub24;sub27;sub28;sub29,sub13,88,0.0012161220656707883,0.0012082713656127453,0.002,1e-05,1.0,1.0,True,False,multimodal,psd-fc-wpli,gated,cnn,True,finetune,segssl_barlow_all-patient_psd-fc-wpli_finetune_seed7_pre20_proj32_mask0_03_noise0_02_mlp1_0_sup100,True,barlow,psd,all-patient,True,7,1.0,0.1,32,0.03,0.02
multimodal_psd-fc-wpli_gated_cnn,6,sub11,sub01;sub05;sub07;sub08;sub09;sub10;sub14;sub15;sub16;sub17;sub18;sub20;sub22;sub24;sub27;sub28;sub29,sub13,89,0.001160956104286015,0.0011464677518233657,0.002,1e-05,1.0,1.0,True,False,multimodal,psd-fc-wpli,gated,cnn,True,finetune,segssl_barlow_all-patient_psd-fc-wpli_finetune_seed7_pre20_proj32_mask0_03_noise0_02_mlp1_0_sup100,True,barlow,psd,all-patient,True,7,1.0,0.1,32,0.03,0.02
multimodal_psd-fc-wpli_gated_cnn,6,sub11,sub01;sub05;sub07;sub08;sub09;sub10;sub14;sub15;sub16;sub17;sub18;sub20;sub22;sub24;sub27;sub28;sub29,sub13,90,0.0011091532651335,0.0010871699778363109,0.002,1e-05,1.0,1.0,True,False,multimodal,psd-fc-wpli,gated,cnn,True,finetune,segssl_barlow_all-patient_psd-fc-wpli_finetune_seed7_pre20_proj32_mask0_03_noise0_02_mlp1_0_sup100,True,barlow,psd,all-patient,True,7,1.0,0.1,32,0.03,0.02
multimodal_psd-fc-wpli_gated_cnn,6,sub11,sub01;sub05;sub07;sub08;sub09;sub10;sub14;sub15;sub16;sub17;sub18;sub20;sub22;sub24;sub27;sub28;sub29,sub13,91,0.001060179783962667,0.0010299546411260962,0.002,1e-05,1.0,1.0,True,False,multimodal,psd-fc-wpli,gated,cnn,True,finetune,segssl_barlow_all-patient_psd-fc-wpli_finetune_seed7_pre20_proj32_mask0_03_noise0_02_mlp1_0_sup100,True,barlow,psd,all-patient,True,7,1.0,0.1,32,0.03,0.02
multimodal_psd-fc-wpli_gated_cnn,6,sub11,sub01;sub05;sub07;sub08;sub09;sub10;sub14;sub15;sub16;sub17;sub18;sub20;sub22;sub24;sub27;sub28;sub29,sub13,92,0.0010137761710211635,0.0009747024159878492,0.002,1e-05,1.0,1.0,True,False,multimodal,psd-fc-wpli,gated,cnn,True,finetune,segssl_barlow_all-patient_psd-fc-wpli_finetune_seed7_pre20_proj32_mask0_03_noise0_02_mlp1_0_sup100,True,barlow,psd,all-patient,True,7,1.0,0.1,32,0.03,0.02
multimodal_psd-fc-wpli_gated_cnn,6,sub11,sub01;sub05;sub07;sub08;sub09;sub10;sub14;sub15;sub16;sub17;sub18;sub20;sub22;sub24;sub27;sub28;sub29,sub13,93,0.0009695505141280591,0.0009214529418386519,0.002,1e-05,1.0,1.0,True,False,multimodal,psd-fc-wpli,gated,cnn,True,finetune,segssl_barlow_all-patient_psd-fc-wpli_finetune_seed7_pre20_proj32_mask0_03_noise0_02_mlp1_0_sup100,True,barlow,psd,all-patient,True,7,1.0,0.1,32,0.03,0.02
multimodal_psd-fc-wpli_gated_cnn,6,sub11,sub01;sub05;sub07;sub08;sub09;sub10;sub14;sub15;sub16;sub17;sub18;sub20;sub22;sub24;sub27;sub28;sub29,sub13,94,0.0009273738833144307,0.0008704301435500383,0.002,1e-05,1.0,1.0,True,False,multimodal,psd-fc-wpli,gated,cnn,True,finetune,segssl_barlow_all-patient_psd-fc-wpli_finetune_seed7_pre20_proj32_mask0_03_noise0_02_mlp1_0_sup100,True,barlow,psd,all-patient,True,7,1.0,0.1,32,0.03,0.02
multimodal_psd-fc-wpli_gated_cnn,6,sub11,sub01;sub05;sub07;sub08;sub09;sub10;sub14;sub15;sub16;sub17;sub18;sub20;sub22;sub24;sub27;sub28;sub29,sub13,95,0.0008872697944752872,0.0008216892601922154,0.002,1e-05,1.0,1.0,True,False,multimodal,psd-fc-wpli,gated,cnn,True,finetune,segssl_barlow_all-patient_psd-fc-wpli_finetune_seed7_pre20_proj32_mask0_03_noise0_02_mlp1_0_sup100,True,barlow,psd,all-patient,True,7,1.0,0.1,32,0.03,0.02
multimodal_psd-fc-wpli_gated_cnn,6,sub11,sub01;sub05;sub07;sub08;sub09;sub10;sub14;sub15;sub16;sub17;sub18;sub20;sub22;sub24;sub27;sub28;sub29,sub13,96,0.0008496118243783712,0.0007746397750452161,0.002,1e-05,1.0,1.0,True,False,multimodal,psd-fc-wpli,gated,cnn,True,finetune,segssl_barlow_all-patient_psd-fc-wpli_finetune_seed7_pre20_proj32_mask0_03_noise0_02_mlp1_0_sup100,True,barlow,psd,all-patient,True,7,1.0,0.1,32,0.03,0.02
multimodal_psd-fc-wpli_gated_cnn,6,sub11,sub01;sub05;sub07;sub08;sub09;sub10;sub14;sub15;sub16;sub17;sub18;sub20;sub22;sub24;sub27;sub28;sub29,sub13,97,0.0008140580030158162,0.0007293869857676327,0.002,1e-05,1.0,1.0,True,False,multimodal,psd-fc-wpli,gated,cnn,True,finetune,segssl_barlow_all-patient_psd-fc-wpli_finetune_seed7_pre20_proj32_mask0_03_noise0_02_mlp1_0_sup100,True,barlow,psd,all-patient,True,7,1.0,0.1,32,0.03,0.02
multimodal_psd-fc-wpli_gated_cnn,6,sub11,sub01;sub05;sub07;sub08;sub09;sub10;sub14;sub15;sub16;sub17;sub18;sub20;sub22;sub24;sub27;sub28;sub29,sub13,98,0.0007801696192473173,0.0006859594723209739,0.002,1e-05,1.0,1.0,True,False,multimodal,psd-fc-wpli,gated,cnn,True,finetune,segssl_barlow_all-patient_psd-fc-wpli_finetune_seed7_pre20_proj32_mask0_03_noise0_02_mlp1_0_sup100,True,barlow,psd,all-patient,True,7,1.0,0.1,32,0.03,0.02
multimodal_psd-fc-wpli_gated_cnn,6,sub11,sub01;sub05;sub07;sub08;sub09;sub10;sub14;sub15;sub16;sub17;sub18;sub20;sub22;sub24;sub27;sub28;sub29,sub13,99,0.0007478381157852709,0.0006446018815040588,0.002,1e-05,1.0,1.0,True,False,multimodal,psd-fc-wpli,gated,cnn,True,finetune,segssl_barlow_all-patient_psd-fc-wpli_finetune_seed7_pre20_proj32_mask0_03_noise0_02_mlp1_0_sup100,True,barlow,psd,all-patient,True,7,1.0,0.1,32,0.03,0.02
multimodal_psd-fc-wpli_gated_cnn,6,sub11,sub01;sub05;sub07;sub08;sub09;sub10;sub14;sub15;sub16;sub17;sub18;sub20;sub22;sub24;sub27;sub28;sub29,sub13,100,0.0007168751326389611,0.0006053336546756327,0.002,1e-05,1.0,1.0,True,False,multimodal,psd-fc-wpli,gated,cnn,True,finetune,segssl_barlow_all-patient_psd-fc-wpli_finetune_seed7_pre20_proj32_mask0_03_noise0_02_mlp1_0_sup100,True,barlow,psd,all-patient,True,7,1.0,0.1,32,0.03,0.02
multimodal_psd-fc-wpli_gated_cnn,7,sub13,sub01;sub05;sub07;sub08;sub09;sub10;sub11;sub15;sub16;sub17;sub18;sub20;sub22;sub24;sub27;sub28;sub29,sub14,1,0.6945149898529053,0.6810182332992554,0.002,1e-05,1.0,1.0,True,False,multimodal,psd-fc-wpli,gated,cnn,True,finetune,segssl_barlow_all-patient_psd-fc-wpli_finetune_seed7_pre20_proj32_mask0_03_noise0_02_mlp1_0_sup100,True,barlow,psd,all-patient,True,7,1.0,0.1,32,0.03,0.02
multimodal_psd-fc-wpli_gated_cnn,7,sub13,sub01;sub05;sub07;sub08;sub09;sub10;sub11;sub15;sub16;sub17;sub18;sub20;sub22;sub24;sub27;sub28;sub29,sub14,2,0.6870740056037903,0.6850365996360779,0.002,1e-05,1.0,1.0,False,False,multimodal,psd-fc-wpli,gated,cnn,True,finetune,segssl_barlow_all-patient_psd-fc-wpli_finetune_seed7_pre20_proj32_mask0_03_noise0_02_mlp1_0_sup100,True,barlow,psd,all-patient,True,7,1.0,0.1,32,0.03,0.02
multimodal_psd-fc-wpli_gated_cnn,7,sub13,sub01;sub05;sub07;sub08;sub09;sub10;sub11;sub15;sub16;sub17;sub18;sub20;sub22;sub24;sub27;sub28;sub29,sub14,3,0.6809244155883789,0.688586413860321,0.002,1e-05,1.0,1.0,False,False,multimodal,psd-fc-wpli,gated,cnn,True,finetune,segssl_barlow_all-patient_psd-fc-wpli_finetune_seed7_pre20_proj32_mask0_03_noise0_02_mlp1_0_sup100,True,barlow,psd,all-patient,True,7,1.0,0.1,32,0.03,0.02
multimodal_psd-fc-wpli_gated_cnn,7,sub13,sub01;sub05;sub07;sub08;sub09;sub10;sub11;sub15;sub16;sub17;sub18;sub20;sub22;sub24;sub27;sub28;sub29,sub14,4,0.6756395697593689,0.6879830360412598,0.002,1e-05,1.0,1.0,False,False,multimodal,psd-fc-wpli,gated,cnn,True,finetune,segssl_barlow_all-patient_psd-fc-wpli_finetune_seed7_pre20_proj32_mask0_03_noise0_02_mlp1_0_sup100,True,barlow,psd,all-patient,True,7,1.0,0.1,32,0.03,0.02
multimodal_psd-fc-wpli_gated_cnn,7,sub13,sub01;sub05;sub07;sub08;sub09;sub10;sub11;sub15;sub16;sub17;sub18;sub20;sub22;sub24;sub27;sub28;sub29,sub14,5,0.6699115633964539,0.6877816915512085,0.002,1e-05,1.0,1.0,False,False,multimodal,psd-fc-wpli,gated,cnn,True,finetune,segssl_barlow_all-patient_psd-fc-wpli_finetune_seed7_pre20_proj32_mask0_03_noise0_02_mlp1_0_sup100,True,barlow,psd,all-patient,True,7,1.0,0.1,32,0.03,0.02
multimodal_psd-fc-wpli_gated_cnn,7,sub13,sub01;sub05;sub07;sub08;sub09;sub10;sub11;sub15;sub16;sub17;sub18;sub20;sub22;sub24;sub27;sub28;sub29,sub14,6,0.6635366082191467,0.687990665435791,0.002,1e-05,1.0,1.0,False,False,multimodal,psd-fc-wpli,gated,cnn,True,finetune,segssl_barlow_all-patient_psd-fc-wpli_finetune_seed7_pre20_proj32_mask0_03_noise0_02_mlp1_0_sup100,True,barlow,psd,all-patient,True,7,1.0,0.1,32,0.03,0.02
multimodal_psd-fc-wpli_gated_cnn,7,sub13,sub01;sub05;sub07;sub08;sub09;sub10;sub11;sub15;sub16;sub17;sub18;sub20;sub22;sub24;sub27;sub28;sub29,sub14,7,0.6563664078712463,0.6912732124328613,0.002,1e-05,1.0,1.0,False,False,multimodal,psd-fc-wpli,gated,cnn,True,finetune,segssl_barlow_all-patient_psd-fc-wpli_finetune_seed7_pre20_proj32_mask0_03_noise0_02_mlp1_0_sup100,True,barlow,psd,all-patient,True,7,1.0,0.1,32,0.03,0.02
multimodal_psd-fc-wpli_gated_cnn,7,sub13,sub01;sub05;sub07;sub08;sub09;sub10;sub11;sub15;sub16;sub17;sub18;sub20;sub22;sub24;sub27;sub28;sub29,sub14,8,0.6485121846199036,0.6987795829772949,0.002,1e-05,1.0,1.0,False,False,multimodal,psd-fc-wpli,gated,cnn,True,finetune,segssl_barlow_all-patient_psd-fc-wpli_finetune_seed7_pre20_proj32_mask0_03_noise0_02_mlp1_0_sup100,True,barlow,psd,all-patient,True,7,1.0,0.1,32,0.03,0.02
multimodal_psd-fc-wpli_gated_cnn,7,sub13,sub01;sub05;sub07;sub08;sub09;sub10;sub11;sub15;sub16;sub17;sub18;sub20;sub22;sub24;sub27;sub28;sub29,sub14,9,0.6398981809616089,0.712787926197052,0.002,1e-05,1.0,1.0,False,False,multimodal,psd-fc-wpli,gated,cnn,True,finetune,segssl_barlow_all-patient_psd-fc-wpli_finetune_seed7_pre20_proj32_mask0_03_noise0_02_mlp1_0_sup100,True,barlow,psd,all-patient,True,7,1.0,0.1,32,0.03,0.02
multimodal_psd-fc-wpli_gated_cnn,7,sub13,sub01;sub05;sub07;sub08;sub09;sub10;sub11;sub15;sub16;sub17;sub18;sub20;sub22;sub24;sub27;sub28;sub29,sub14,10,0.6309005618095398,0.7305529117584229,0.002,1e-05,1.0,1.0,False,False,multimodal,psd-fc-wpli,gated,cnn,True,finetune,segssl_barlow_all-patient_psd-fc-wpli_finetune_seed7_pre20_proj32_mask0_03_noise0_02_mlp1_0_sup100,True,barlow,psd,all-patient,True,7,1.0,0.1,32,0.03,0.02
multimodal_psd-fc-wpli_gated_cnn,7,sub13,sub01;sub05;sub07;sub08;sub09;sub10;sub11;sub15;sub16;sub17;sub18;sub20;sub22;sub24;sub27;sub28;sub29,sub14,11,0.6212268471717834,0.7510987520217896,0.002,1e-05,1.0,1.0,False,False,multimodal,psd-fc-wpli,gated,cnn,True,finetune,segssl_barlow_all-patient_psd-fc-wpli_finetune_seed7_pre20_proj32_mask0_03_noise0_02_mlp1_0_sup100,True,barlow,psd,all-patient,True,7,1.0,0.1,32,0.03,0.02
multimodal_psd-fc-wpli_gated_cnn,7,sub13,sub01;sub05;sub07;sub08;sub09;sub10;sub11;sub15;sub16;sub17;sub18;sub20;sub22;sub24;sub27;sub28;sub29,sub14,12,0.6107348799705505,0.7783339023590088,0.002,1e-05,1.0,1.0,False,False,multimodal,psd-fc-wpli,gated,cnn,True,finetune,segssl_barlow_all-patient_psd-fc-wpli_finetune_seed7_pre20_proj32_mask0_03_noise0_02_mlp1_0_sup100,True,barlow,psd,all-patient,True,7,1.0,0.1,32,0.03,0.02
multimodal_psd-fc-wpli_gated_cnn,7,sub13,sub01;sub05;sub07;sub08;sub09;sub10;sub11;sub15;sub16;sub17;sub18;sub20;sub22;sub24;sub27;sub28;sub29,sub14,13,0.5994789004325867,0.8115437626838684,0.002,1e-05,1.0,1.0,False,False,multimodal,psd-fc-wpli,gated,cnn,True,finetune,segssl_barlow_all-patient_psd-fc-wpli_finetune_seed7_pre20_proj32_mask0_03_noise0_02_mlp1_0_sup100,True,barlow,psd,all-patient,True,7,1.0,0.1,32,0.03,0.02
multimodal_psd-fc-wpli_gated_cnn,7,sub13,sub01;sub05;sub07;sub08;sub09;sub10;sub11;sub15;sub16;sub17;sub18;sub20;sub22;sub24;sub27;sub28;sub29,sub14,14,0.5872412919998169,0.847172200679779,0.002,1e-05,1.0,1.0,False,False,multimodal,psd-fc-wpli,gated,cnn,True,finetune,segssl_barlow_all-patient_psd-fc-wpli_finetune_seed7_pre20_proj32_mask0_03_noise0_02_mlp1_0_sup100,True,barlow,psd,all-patient,True,7,1.0,0.1,32,0.03,0.02
multimodal_psd-fc-wpli_gated_cnn,7,sub13,sub01;sub05;sub07;sub08;sub09;sub10;sub11;sub15;sub16;sub17;sub18;sub20;sub22;sub24;sub27;sub28;sub29,sub14,15,0.5741440653800964,0.8821942210197449,0.002,1e-05,1.0,1.0,False,False,multimodal,psd-fc-wpli,gated,cnn,True,finetune,segssl_barlow_all-patient_psd-fc-wpli_finetune_seed7_pre20_proj32_mask0_03_noise0_02_mlp1_0_sup100,True,barlow,psd,all-patient,True,7,1.0,0.1,32,0.03,0.02
multimodal_psd-fc-wpli_gated_cnn,7,sub13,sub01;sub05;sub07;sub08;sub09;sub10;sub11;sub15;sub16;sub17;sub18;sub20;sub22;sub24;sub27;sub28;sub29,sub14,16,0.5602348446846008,0.9170958995819092,0.002,1e-05,1.0,1.0,False,False,multimodal,psd-fc-wpli,gated,cnn,True,finetune,segssl_barlow_all-patient_psd-fc-wpli_finetune_seed7_pre20_proj32_mask0_03_noise0_02_mlp1_0_sup100,True,barlow,psd,all-patient,True,7,1.0,0.1,32,0.03,0.02
multimodal_psd-fc-wpli_gated_cnn,7,sub13,sub01;sub05;sub07;sub08;sub09;sub10;sub11;sub15;sub16;sub17;sub18;sub20;sub22;sub24;sub27;sub28;sub29,sub14,17,0.5453957915306091,0.9515962600708008,0.002,1e-05,1.0,1.0,False,False,multimodal,psd-fc-wpli,gated,cnn,True,finetune,segssl_barlow_all-patient_psd-fc-wpli_finetune_seed7_pre20_proj32_mask0_03_noise0_02_mlp1_0_sup100,True,barlow,psd,all-patient,True,7,1.0,0.1,32,0.03,0.02
multimodal_psd-fc-wpli_gated_cnn,7,sub13,sub01;sub05;sub07;sub08;sub09;sub10;sub11;sub15;sub16;sub17;sub18;sub20;sub22;sub24;sub27;sub28;sub29,sub14,18,0.5296052694320679,0.9843732118606567,0.002,1e-05,1.0,1.0,False,False,multimodal,psd-fc-wpli,gated,cnn,True,finetune,segssl_barlow_all-patient_psd-fc-wpli_finetune_seed7_pre20_proj32_mask0_03_noise0_02_mlp1_0_sup100,True,barlow,psd,all-patient,True,7,1.0,0.1,32,0.03,0.02
multimodal_psd-fc-wpli_gated_cnn,7,sub13,sub01;sub05;sub07;sub08;sub09;sub10;sub11;sub15;sub16;sub17;sub18;sub20;sub22;sub24;sub27;sub28;sub29,sub14,19,0.5127150416374207,1.0191835165023804,0.002,1e-05,1.0,1.0,False,False,multimodal,psd-fc-wpli,gated,cnn,True,finetune,segssl_barlow_all-patient_psd-fc-wpli_finetune_seed7_pre20_proj32_mask0_03_noise0_02_mlp1_0_sup100,True,barlow,psd,all-patient,True,7,1.0,0.1,32,0.03,0.02
multimodal_psd-fc-wpli_gated_cnn,7,sub13,sub01;sub05;sub07;sub08;sub09;sub10;sub11;sub15;sub16;sub17;sub18;sub20;sub22;sub24;sub27;sub28;sub29,sub14,20,0.4949653744697571,1.0552504062652588,0.002,1e-05,1.0,1.0,False,False,multimodal,psd-fc-wpli,gated,cnn,True,finetune,segssl_barlow_all-patient_psd-fc-wpli_finetune_seed7_pre20_proj32_mask0_03_noise0_02_mlp1_0_sup100,True,barlow,psd,all-patient,True,7,1.0,0.1,32,0.03,0.02
multimodal_psd-fc-wpli_gated_cnn,7,sub13,sub01;sub05;sub07;sub08;sub09;sub10;sub11;sub15;sub16;sub17;sub18;sub20;sub22;sub24;sub27;sub28;sub29,sub14,21,0.4763094484806061,1.0930979251861572,0.002,1e-05,1.0,1.0,False,False,multimodal,psd-fc-wpli,gated,cnn,True,finetune,segssl_barlow_all-patient_psd-fc-wpli_finetune_seed7_pre20_proj32_mask0_03_noise0_02_mlp1_0_sup100,True,barlow,psd,all-patient,True,7,1.0,0.1,32,0.03,0.02
multimodal_psd-fc-wpli_gated_cnn,7,sub13,sub01;sub05;sub07;sub08;sub09;sub10;sub11;sub15;sub16;sub17;sub18;sub20;sub22;sub24;sub27;sub28;sub29,sub14,22,0.4567854404449463,1.1301934719085693,0.002,1e-05,1.0,1.0,False,False,multimodal,psd-fc-wpli,gated,cnn,True,finetune,segssl_barlow_all-patient_psd-fc-wpli_finetune_seed7_pre20_proj32_mask0_03_noise0_02_mlp1_0_sup100,True,barlow,psd,all-patient,True,7,1.0,0.1,32,0.03,0.02
multimodal_psd-fc-wpli_gated_cnn,7,sub13,sub01;sub05;sub07;sub08;sub09;sub10;sub11;sub15;sub16;sub17;sub18;sub20;sub22;sub24;sub27;sub28;sub29,sub14,23,0.4365561902523041,1.1662919521331787,0.002,1e-05,1.0,1.0,False,False,multimodal,psd-fc-wpli,gated,cnn,True,finetune,segssl_barlow_all-patient_psd-fc-wpli_finetune_seed7_pre20_proj32_mask0_03_noise0_02_mlp1_0_sup100,True,barlow,psd,all-patient,True,7,1.0,0.1,32,0.03,0.02
multimodal_psd-fc-wpli_gated_cnn,7,sub13,sub01;sub05;sub07;sub08;sub09;sub10;sub11;sub15;sub16;sub17;sub18;sub20;sub22;sub24;sub27;sub28;sub29,sub14,24,0.4156275987625122,1.2036080360412598,0.002,1e-05,1.0,1.0,False,False,multimodal,psd-fc-wpli,gated,cnn,True,finetune,segssl_barlow_all-patient_psd-fc-wpli_finetune_seed7_pre20_proj32_mask0_03_noise0_02_mlp1_0_sup100,True,barlow,psd,all-patient,True,7,1.0,0.1,32,0.03,0.02
multimodal_psd-fc-wpli_gated_cnn,7,sub13,sub01;sub05;sub07;sub08;sub09;sub10;sub11;sub15;sub16;sub17;sub18;sub20;sub22;sub24;sub27;sub28;sub29,sub14,25,0.39398080110549927,1.244879126548767,0.002,1e-05,1.0,1.0,False,False,multimodal,psd-fc-wpli,gated,cnn,True,finetune,segssl_barlow_all-patient_psd-fc-wpli_finetune_seed7_pre20_proj32_mask0_03_noise0_02_mlp1_0_sup100,True,barlow,psd,all-patient,True,7,1.0,0.1,32,0.03,0.02
multimodal_psd-fc-wpli_gated_cnn,7,sub13,sub01;sub05;sub07;sub08;sub09;sub10;sub11;sub15;sub16;sub17;sub18;sub20;sub22;sub24;sub27;sub28;sub29,sub14,26,0.3715803623199463,1.2942652702331543,0.002,1e-05,1.0,1.0,False,False,multimodal,psd-fc-wpli,gated,cnn,True,finetune,segssl_barlow_all-patient_psd-fc-wpli_finetune_seed7_pre20_proj32_mask0_03_noise0_02_mlp1_0_sup100,True,barlow,psd,all-patient,True,7,1.0,0.1,32,0.03,0.02
multimodal_psd-fc-wpli_gated_cnn,7,sub13,sub01;sub05;sub07;sub08;sub09;sub10;sub11;sub15;sub16;sub17;sub18;sub20;sub22;sub24;sub27;sub28;sub29,sub14,27,0.3483370244503021,1.3537321090698242,0.002,1e-05,1.0,1.0,False,False,multimodal,psd-fc-wpli,gated,cnn,True,finetune,segssl_barlow_all-patient_psd-fc-wpli_finetune_seed7_pre20_proj32_mask0_03_noise0_02_mlp1_0_sup100,True,barlow,psd,all-patient,True,7,1.0,0.1,32,0.03,0.02
multimodal_psd-fc-wpli_gated_cnn,7,sub13,sub01;sub05;sub07;sub08;sub09;sub10;sub11;sub15;sub16;sub17;sub18;sub20;sub22;sub24;sub27;sub28;sub29,sub14,28,0.32464319467544556,1.4230587482452393,0.002,1e-05,1.0,1.0,False,False,multimodal,psd-fc-wpli,gated,cnn,True,finetune,segssl_barlow_all-patient_psd-fc-wpli_finetune_seed7_pre20_proj32_mask0_03_noise0_02_mlp1_0_sup100,True,barlow,psd,all-patient,True,7,1.0,0.1,32,0.03,0.02
multimodal_psd-fc-wpli_gated_cnn,7,sub13,sub01;sub05;sub07;sub08;sub09;sub10;sub11;sub15;sub16;sub17;sub18;sub20;sub22;sub24;sub27;sub28;sub29,sub14,29,0.30049678683280945,1.5007332563400269,0.002,1e-05,1.0,1.0,False,False,multimodal,psd-fc-wpli,gated,cnn,True,finetune,segssl_barlow_all-patient_psd-fc-wpli_finetune_seed7_pre20_proj32_mask0_03_noise0_02_mlp1_0_sup100,True,barlow,psd,all-patient,True,7,1.0,0.1,32,0.03,0.02
multimodal_psd-fc-wpli_gated_cnn,7,sub13,sub01;sub05;sub07;sub08;sub09;sub10;sub11;sub15;sub16;sub17;sub18;sub20;sub22;sub24;sub27;sub28;sub29,sub14,30,0.2760014832019806,1.5863676071166992,0.002,1e-05,1.0,1.0,False,False,multimodal,psd-fc-wpli,gated,cnn,True,finetune,segssl_barlow_all-patient_psd-fc-wpli_finetune_seed7_pre20_proj32_mask0_03_noise0_02_mlp1_0_sup100,True,barlow,psd,all-patient,True,7,1.0,0.1,32,0.03,0.02
multimodal_psd-fc-wpli_gated_cnn,7,sub13,sub01;sub05;sub07;sub08;sub09;sub10;sub11;sub15;sub16;sub17;sub18;sub20;sub22;sub24;sub27;sub28;sub29,sub14,31,0.2516571581363678,1.6899831295013428,0.002,1e-05,1.0,1.0,False,False,multimodal,psd-fc-wpli,gated,cnn,True,finetune,segssl_barlow_all-patient_psd-fc-wpli_finetune_seed7_pre20_proj32_mask0_03_noise0_02_mlp1_0_sup100,True,barlow,psd,all-patient,True,7,1.0,0.1,32,0.03,0.02
multimodal_psd-fc-wpli_gated_cnn,7,sub13,sub01;sub05;sub07;sub08;sub09;sub10;sub11;sub15;sub16;sub17;sub18;sub20;sub22;sub24;sub27;sub28;sub29,sub14,32,0.22733205556869507,1.7985321283340454,0.002,1e-05,1.0,1.0,False,False,multimodal,psd-fc-wpli,gated,cnn,True,finetune,segssl_barlow_all-patient_psd-fc-wpli_finetune_seed7_pre20_proj32_mask0_03_noise0_02_mlp1_0_sup100,True,barlow,psd,all-patient,True,7,1.0,0.1,32,0.03,0.02
multimodal_psd-fc-wpli_gated_cnn,7,sub13,sub01;sub05;sub07;sub08;sub09;sub10;sub11;sub15;sub16;sub17;sub18;sub20;sub22;sub24;sub27;sub28;sub29,sub14,33,0.20397017896175385,1.9017945528030396,0.002,1e-05,1.0,1.0,False,False,multimodal,psd-fc-wpli,gated,cnn,True,finetune,segssl_barlow_all-patient_psd-fc-wpli_finetune_seed7_pre20_proj32_mask0_03_noise0_02_mlp1_0_sup100,True,barlow,psd,all-patient,True,7,1.0,0.1,32,0.03,0.02
multimodal_psd-fc-wpli_gated_cnn,7,sub13,sub01;sub05;sub07;sub08;sub09;sub10;sub11;sub15;sub16;sub17;sub18;sub20;sub22;sub24;sub27;sub28;sub29,sub14,34,0.18146340548992157,2.0118041038513184,0.002,1e-05,1.0,1.0,False,False,multimodal,psd-fc-wpli,gated,cnn,True,finetune,segssl_barlow_all-patient_psd-fc-wpli_finetune_seed7_pre20_proj32_mask0_03_noise0_02_mlp1_0_sup100,True,barlow,psd,all-patient,True,7,1.0,0.1,32,0.03,0.02
multimodal_psd-fc-wpli_gated_cnn,7,sub13,sub01;sub05;sub07;sub08;sub09;sub10;sub11;sub15;sub16;sub17;sub18;sub20;sub22;sub24;sub27;sub28;sub29,sub14,35,0.16032084822654724,2.133202075958252,0.002,1e-05,1.0,1.0,False,False,multimodal,psd-fc-wpli,gated,cnn,True,finetune,segssl_barlow_all-patient_psd-fc-wpli_finetune_seed7_pre20_proj32_mask0_03_noise0_02_mlp1_0_sup100,True,barlow,psd,all-patient,True,7,1.0,0.1,32,0.03,0.02
multimodal_psd-fc-wpli_gated_cnn,7,sub13,sub01;sub05;sub07;sub08;sub09;sub10;sub11;sub15;sub16;sub17;sub18;sub20;sub22;sub24;sub27;sub28;sub29,sub14,36,0.14031730592250824,2.2607271671295166,0.002,1e-05,1.0,1.0,False,False,multimodal,psd-fc-wpli,gated,cnn,True,finetune,segssl_barlow_all-patient_psd-fc-wpli_finetune_seed7_pre20_proj32_mask0_03_noise0_02_mlp1_0_sup100,True,barlow,psd,all-patient,True,7,1.0,0.1,32,0.03,0.02
multimodal_psd-fc-wpli_gated_cnn,7,sub13,sub01;sub05;sub07;sub08;sub09;sub10;sub11;sub15;sub16;sub17;sub18;sub20;sub22;sub24;sub27;sub28;sub29,sub14,37,0.12188415229320526,2.378976583480835,0.002,1e-05,1.0,1.0,False,False,multimodal,psd-fc-wpli,gated,cnn,True,finetune,segssl_barlow_all-patient_psd-fc-wpli_finetune_seed7_pre20_proj32_mask0_03_noise0_02_mlp1_0_sup100,True,barlow,psd,all-patient,True,7,1.0,0.1,32,0.03,0.02
multimodal_psd-fc-wpli_gated_cnn,7,sub13,sub01;sub05;sub07;sub08;sub09;sub10;sub11;sub15;sub16;sub17;sub18;sub20;sub22;sub24;sub27;sub28;sub29,sub14,38,0.10514934360980988,2.463050365447998,0.002,1e-05,1.0,1.0,False,False,multimodal,psd-fc-wpli,gated,cnn,True,finetune,segssl_barlow_all-patient_psd-fc-wpli_finetune_seed7_pre20_proj32_mask0_03_noise0_02_mlp1_0_sup100,True,barlow,psd,all-patient,True,7,1.0,0.1,32,0.03,0.02
multimodal_psd-fc-wpli_gated_cnn,7,sub13,sub01;sub05;sub07;sub08;sub09;sub10;sub11;sub15;sub16;sub17;sub18;sub20;sub22;sub24;sub27;sub28;sub29,sub14,39,0.09004084020853043,2.515029191970825,0.002,1e-05,1.0,1.0,False,False,multimodal,psd-fc-wpli,gated,cnn,True,finetune,segssl_barlow_all-patient_psd-fc-wpli_finetune_seed7_pre20_proj32_mask0_03_noise0_02_mlp1_0_sup100,True,barlow,psd,all-patient,True,7,1.0,0.1,32,0.03,0.02
multimodal_psd-fc-wpli_gated_cnn,7,sub13,sub01;sub05;sub07;sub08;sub09;sub10;sub11;sub15;sub16;sub17;sub18;sub20;sub22;sub24;sub27;sub28;sub29,sub14,40,0.07663321495056152,2.5675928592681885,0.002,1e-05,1.0,1.0,False,False,multimodal,psd-fc-wpli,gated,cnn,True,finetune,segssl_barlow_all-patient_psd-fc-wpli_finetune_seed7_pre20_proj32_mask0_03_noise0_02_mlp1_0_sup100,True,barlow,psd,all-patient,True,7,1.0,0.1,32,0.03,0.02
multimodal_psd-fc-wpli_gated_cnn,7,sub13,sub01;sub05;sub07;sub08;sub09;sub10;sub11;sub15;sub16;sub17;sub18;sub20;sub22;sub24;sub27;sub28;sub29,sub14,41,0.064778633415699,2.6207473278045654,0.002,1e-05,1.0,1.0,False,False,multimodal,psd-fc-wpli,gated,cnn,True,finetune,segssl_barlow_all-patient_psd-fc-wpli_finetune_seed7_pre20_proj32_mask0_03_noise0_02_mlp1_0_sup100,True,barlow,psd,all-patient,True,7,1.0,0.1,32,0.03,0.02
multimodal_psd-fc-wpli_gated_cnn,7,sub13,sub01;sub05;sub07;sub08;sub09;sub10;sub11;sub15;sub16;sub17;sub18;sub20;sub22;sub24;sub27;sub28;sub29,sub14,42,0.05439968407154083,2.675689458847046,0.002,1e-05,1.0,1.0,False,False,multimodal,psd-fc-wpli,gated,cnn,True,finetune,segssl_barlow_all-patient_psd-fc-wpli_finetune_seed7_pre20_proj32_mask0_03_noise0_02_mlp1_0_sup100,True,barlow,psd,all-patient,True,7,1.0,0.1,32,0.03,0.02
multimodal_psd-fc-wpli_gated_cnn,7,sub13,sub01;sub05;sub07;sub08;sub09;sub10;sub11;sub15;sub16;sub17;sub18;sub20;sub22;sub24;sub27;sub28;sub29,sub14,43,0.04546767473220825,2.7336652278900146,0.002,1e-05,1.0,1.0,False,False,multimodal,psd-fc-wpli,gated,cnn,True,finetune,segssl_barlow_all-patient_psd-fc-wpli_finetune_seed7_pre20_proj32_mask0_03_noise0_02_mlp1_0_sup100,True,barlow,psd,all-patient,True,7,1.0,0.1,32,0.03,0.02
multimodal_psd-fc-wpli_gated_cnn,7,sub13,sub01;sub05;sub07;sub08;sub09;sub10;sub11;sub15;sub16;sub17;sub18;sub20;sub22;sub24;sub27;sub28;sub29,sub14,44,0.03791038319468498,2.8075389862060547,0.002,1e-05,1.0,1.0,False,False,multimodal,psd-fc-wpli,gated,cnn,True,finetune,segssl_barlow_all-patient_psd-fc-wpli_finetune_seed7_pre20_proj32_mask0_03_noise0_02_mlp1_0_sup100,True,barlow,psd,all-patient,True,7,1.0,0.1,32,0.03,0.02
multimodal_psd-fc-wpli_gated_cnn,7,sub13,sub01;sub05;sub07;sub08;sub09;sub10;sub11;sub15;sub16;sub17;sub18;sub20;sub22;sub24;sub27;sub28;sub29,sub14,45,0.03158915042877197,2.9079692363739014,0.002,1e-05,1.0,1.0,False,False,multimodal,psd-fc-wpli,gated,cnn,True,finetune,segssl_barlow_all-patient_psd-fc-wpli_finetune_seed7_pre20_proj32_mask0_03_noise0_02_mlp1_0_sup100,True,barlow,psd,all-patient,True,7,1.0,0.1,32,0.03,0.02
multimodal_psd-fc-wpli_gated_cnn,7,sub13,sub01;sub05;sub07;sub08;sub09;sub10;sub11;sub15;sub16;sub17;sub18;sub20;sub22;sub24;sub27;sub28;sub29,sub14,46,0.026311704888939857,3.023386001586914,0.002,1e-05,1.0,1.0,False,False,multimodal,psd-fc-wpli,gated,cnn,True,finetune,segssl_barlow_all-patient_psd-fc-wpli_finetune_seed7_pre20_proj32_mask0_03_noise0_02_mlp1_0_sup100,True,barlow,psd,all-patient,True,7,1.0,0.1,32,0.03,0.02
multimodal_psd-fc-wpli_gated_cnn,7,sub13,sub01;sub05;sub07;sub08;sub09;sub10;sub11;sub15;sub16;sub17;sub18;sub20;sub22;sub24;sub27;sub28;sub29,sub14,47,0.021947113797068596,3.1511764526367188,0.002,1e-05,1.0,1.0,False,False,multimodal,psd-fc-wpli,gated,cnn,True,finetune,segssl_barlow_all-patient_psd-fc-wpli_finetune_seed7_pre20_proj32_mask0_03_noise0_02_mlp1_0_sup100,True,barlow,psd,all-patient,True,7,1.0,0.1,32,0.03,0.02
multimodal_psd-fc-wpli_gated_cnn,7,sub13,sub01;sub05;sub07;sub08;sub09;sub10;sub11;sub15;sub16;sub17;sub18;sub20;sub22;sub24;sub27;sub28;sub29,sub14,48,0.018353689461946487,3.294330596923828,0.002,1e-05,1.0,1.0,False,False,multimodal,psd-fc-wpli,gated,cnn,True,finetune,segssl_barlow_all-patient_psd-fc-wpli_finetune_seed7_pre20_proj32_mask0_03_noise0_02_mlp1_0_sup100,True,barlow,psd,all-patient,True,7,1.0,0.1,32,0.03,0.02
multimodal_psd-fc-wpli_gated_cnn,7,sub13,sub01;sub05;sub07;sub08;sub09;sub10;sub11;sub15;sub16;sub17;sub18;sub20;sub22;sub24;sub27;sub28;sub29,sub14,49,0.015389885753393173,3.454594373703003,0.002,1e-05,1.0,1.0,False,False,multimodal,psd-fc-wpli,gated,cnn,True,finetune,segssl_barlow_all-patient_psd-fc-wpli_finetune_seed7_pre20_proj32_mask0_03_noise0_02_mlp1_0_sup100,True,barlow,psd,all-patient,True,7,1.0,0.1,32,0.03,0.02
multimodal_psd-fc-wpli_gated_cnn,7,sub13,sub01;sub05;sub07;sub08;sub09;sub10;sub11;sub15;sub16;sub17;sub18;sub20;sub22;sub24;sub27;sub28;sub29,sub14,50,0.01294136792421341,3.638716220855713,0.002,1e-05,1.0,1.0,False,False,multimodal,psd-fc-wpli,gated,cnn,True,finetune,segssl_barlow_all-patient_psd-fc-wpli_finetune_seed7_pre20_proj32_mask0_03_noise0_02_mlp1_0_sup100,True,barlow,psd,all-patient,True,7,1.0,0.1,32,0.03,0.02
multimodal_psd-fc-wpli_gated_cnn,7,sub13,sub01;sub05;sub07;sub08;sub09;sub10;sub11;sub15;sub16;sub17;sub18;sub20;sub22;sub24;sub27;sub28;sub29,sub14,51,0.010916956700384617,3.8383755683898926,0.002,1e-05,1.0,1.0,False,False,multimodal,psd-fc-wpli,gated,cnn,True,finetune,segssl_barlow_all-patient_psd-fc-wpli_finetune_seed7_pre20_proj32_mask0_03_noise0_02_mlp1_0_sup100,True,barlow,psd,all-patient,True,7,1.0,0.1,32,0.03,0.02
multimodal_psd-fc-wpli_gated_cnn,7,sub13,sub01;sub05;sub07;sub08;sub09;sub10;sub11;sub15;sub16;sub17;sub18;sub20;sub22;sub24;sub27;sub28;sub29,sub14,52,0.009254624135792255,4.037782669067383,0.001,1e-05,1.0,1.0,False,False,multimodal,psd-fc-wpli,gated,cnn,True,finetune,segssl_barlow_all-patient_psd-fc-wpli_finetune_seed7_pre20_proj32_mask0_03_noise0_02_mlp1_0_sup100,True,barlow,psd,all-patient,True,7,1.0,0.1,32,0.03,0.02
multimodal_psd-fc-wpli_gated_cnn,7,sub13,sub01;sub05;sub07;sub08;sub09;sub10;sub11;sub15;sub16;sub17;sub18;sub20;sub22;sub24;sub27;sub28;sub29,sub14,53,0.007887696847319603,4.176326274871826,0.001,1e-05,1.0,1.0,False,False,multimodal,psd-fc-wpli,gated,cnn,True,finetune,segssl_barlow_all-patient_psd-fc-wpli_finetune_seed7_pre20_proj32_mask0_03_noise0_02_mlp1_0_sup100,True,barlow,psd,all-patient,True,7,1.0,0.1,32,0.03,0.02
multimodal_psd-fc-wpli_gated_cnn,7,sub13,sub01;sub05;sub07;sub08;sub09;sub10;sub11;sub15;sub16;sub17;sub18;sub20;sub22;sub24;sub27;sub28;sub29,sub14,54,0.007303137332201004,4.300442218780518,0.001,1e-05,1.0,1.0,False,False,multimodal,psd-fc-wpli,gated,cnn,True,finetune,segssl_barlow_all-patient_psd-fc-wpli_finetune_seed7_pre20_proj32_mask0_03_noise0_02_mlp1_0_sup100,True,barlow,psd,all-patient,True,7,1.0,0.1,32,0.03,0.02
multimodal_psd-fc-wpli_gated_cnn,7,sub13,sub01;sub05;sub07;sub08;sub09;sub10;sub11;sub15;sub16;sub17;sub18;sub20;sub22;sub24;sub27;sub28;sub29,sub14,55,0.006783721968531609,4.413389682769775,0.001,1e-05,1.0,1.0,False,False,multimodal,psd-fc-wpli,gated,cnn,True,finetune,segssl_barlow_all-patient_psd-fc-wpli_finetune_seed7_pre20_proj32_mask0_03_noise0_02_mlp1_0_sup100,True,barlow,psd,all-patient,True,7,1.0,0.1,32,0.03,0.02
multimodal_psd-fc-wpli_gated_cnn,7,sub13,sub01;sub05;sub07;sub08;sub09;sub10;sub11;sub15;sub16;sub17;sub18;sub20;sub22;sub24;sub27;sub28;sub29,sub14,56,0.006321616005152464,4.5180559158325195,0.001,1e-05,1.0,1.0,False,False,multimodal,psd-fc-wpli,gated,cnn,True,finetune,segssl_barlow_all-patient_psd-fc-wpli_finetune_seed7_pre20_proj32_mask0_03_noise0_02_mlp1_0_sup100,True,barlow,psd,all-patient,True,7,1.0,0.1,32,0.03,0.02
multimodal_psd-fc-wpli_gated_cnn,7,sub13,sub01;sub05;sub07;sub08;sub09;sub10;sub11;sub15;sub16;sub17;sub18;sub20;sub22;sub24;sub27;sub28;sub29,sub14,57,0.00591040076687932,4.615120887756348,0.001,1e-05,1.0,1.0,False,False,multimodal,psd-fc-wpli,gated,cnn,True,finetune,segssl_barlow_all-patient_psd-fc-wpli_finetune_seed7_pre20_proj32_mask0_03_noise0_02_mlp1_0_sup100,True,barlow,psd,all-patient,True,7,1.0,0.1,32,0.03,0.02
multimodal_psd-fc-wpli_gated_cnn,7,sub13,sub01;sub05;sub07;sub08;sub09;sub10;sub11;sub15;sub16;sub17;sub18;sub20;sub22;sub24;sub27;sub28;sub29,sub14,58,0.005544061306864023,4.706808567047119,0.001,1e-05,1.0,1.0,False,False,multimodal,psd-fc-wpli,gated,cnn,True,finetune,segssl_barlow_all-patient_psd-fc-wpli_finetune_seed7_pre20_proj32_mask0_03_noise0_02_mlp1_0_sup100,True,barlow,psd,all-patient,True,7,1.0,0.1,32,0.03,0.02
multimodal_psd-fc-wpli_gated_cnn,7,sub13,sub01;sub05;sub07;sub08;sub09;sub10;sub11;sub15;sub16;sub17;sub18;sub20;sub22;sub24;sub27;sub28;sub29,sub14,59,0.005216823425143957,4.794641971588135,0.001,1e-05,1.0,1.0,False,False,multimodal,psd-fc-wpli,gated,cnn,True,finetune,segssl_barlow_all-patient_psd-fc-wpli_finetune_seed7_pre20_proj32_mask0_03_noise0_02_mlp1_0_sup100,True,barlow,psd,all-patient,True,7,1.0,0.1,32,0.03,0.02
multimodal_psd-fc-wpli_gated_cnn,7,sub13,sub01;sub05;sub07;sub08;sub09;sub10;sub11;sub15;sub16;sub17;sub18;sub20;sub22;sub24;sub27;sub28;sub29,sub14,60,0.004923959728330374,4.878641605377197,0.001,1e-05,1.0,1.0,False,False,multimodal,psd-fc-wpli,gated,cnn,True,finetune,segssl_barlow_all-patient_psd-fc-wpli_finetune_seed7_pre20_proj32_mask0_03_noise0_02_mlp1_0_sup100,True,barlow,psd,all-patient,True,7,1.0,0.1,32,0.03,0.02
multimodal_psd-fc-wpli_gated_cnn,7,sub13,sub01;sub05;sub07;sub08;sub09;sub10;sub11;sub15;sub16;sub17;sub18;sub20;sub22;sub24;sub27;sub28;sub29,sub14,61,0.004660424776375294,4.958712577819824,0.001,1e-05,1.0,1.0,False,False,multimodal,psd-fc-wpli,gated,cnn,True,finetune,segssl_barlow_all-patient_psd-fc-wpli_finetune_seed7_pre20_proj32_mask0_03_noise0_02_mlp1_0_sup100,True,barlow,psd,all-patient,True,7,1.0,0.1,32,0.03,0.02
multimodal_psd-fc-wpli_gated_cnn,7,sub13,sub01;sub05;sub07;sub08;sub09;sub10;sub11;sub15;sub16;sub17;sub18;sub20;sub22;sub24;sub27;sub28;sub29,sub14,62,0.004423773381859064,5.03226375579834,0.001,1e-05,1.0,1.0,False,False,multimodal,psd-fc-wpli,gated,cnn,True,finetune,segssl_barlow_all-patient_psd-fc-wpli_finetune_seed7_pre20_proj32_mask0_03_noise0_02_mlp1_0_sup100,True,barlow,psd,all-patient,True,7,1.0,0.1,32,0.03,0.02
multimodal_psd-fc-wpli_gated_cnn,7,sub13,sub01;sub05;sub07;sub08;sub09;sub10;sub11;sub15;sub16;sub17;sub18;sub20;sub22;sub24;sub27;sub28;sub29,sub14,63,0.004210590850561857,5.098587512969971,0.001,1e-05,1.0,1.0,False,False,multimodal,psd-fc-wpli,gated,cnn,True,finetune,segssl_barlow_all-patient_psd-fc-wpli_finetune_seed7_pre20_proj32_mask0_03_noise0_02_mlp1_0_sup100,True,barlow,psd,all-patient,True,7,1.0,0.1,32,0.03,0.02
multimodal_psd-fc-wpli_gated_cnn,7,sub13,sub01;sub05;sub07;sub08;sub09;sub10;sub11;sub15;sub16;sub17;sub18;sub20;sub22;sub24;sub27;sub28;sub29,sub14,64,0.004017379600554705,5.1580891609191895,0.001,1e-05,1.0,1.0,False,False,multimodal,psd-fc-wpli,gated,cnn,True,finetune,segssl_barlow_all-patient_psd-fc-wpli_finetune_seed7_pre20_proj32_mask0_03_noise0_02_mlp1_0_sup100,True,barlow,psd,all-patient,True,7,1.0,0.1,32,0.03,0.02
multimodal_psd-fc-wpli_gated_cnn,7,sub13,sub01;sub05;sub07;sub08;sub09;sub10;sub11;sub15;sub16;sub17;sub18;sub20;sub22;sub24;sub27;sub28;sub29,sub14,65,0.003841190133243799,5.210804462432861,0.001,1e-05,1.0,1.0,False,False,multimodal,psd-fc-wpli,gated,cnn,True,finetune,segssl_barlow_all-patient_psd-fc-wpli_finetune_seed7_pre20_proj32_mask0_03_noise0_02_mlp1_0_sup100,True,barlow,psd,all-patient,True,7,1.0,0.1,32,0.03,0.02
multimodal_psd-fc-wpli_gated_cnn,7,sub13,sub01;sub05;sub07;sub08;sub09;sub10;sub11;sub15;sub16;sub17;sub18;sub20;sub22;sub24;sub27;sub28;sub29,sub14,66,0.0036802291870117188,5.2574992179870605,0.001,1e-05,1.0,1.0,False,False,multimodal,psd-fc-wpli,gated,cnn,True,finetune,segssl_barlow_all-patient_psd-fc-wpli_finetune_seed7_pre20_proj32_mask0_03_noise0_02_mlp1_0_sup100,True,barlow,psd,all-patient,True,7,1.0,0.1,32,0.03,0.02
multimodal_psd-fc-wpli_gated_cnn,7,sub13,sub01;sub05;sub07;sub08;sub09;sub10;sub11;sub15;sub16;sub17;sub18;sub20;sub22;sub24;sub27;sub28;sub29,sub14,67,0.003532515140250325,5.2989501953125,0.001,1e-05,1.0,1.0,False,False,multimodal,psd-fc-wpli,gated,cnn,True,finetune,segssl_barlow_all-patient_psd-fc-wpli_finetune_seed7_pre20_proj32_mask0_03_noise0_02_mlp1_0_sup100,True,barlow,psd,all-patient,True,7,1.0,0.1,32,0.03,0.02
multimodal_psd-fc-wpli_gated_cnn,7,sub13,sub01;sub05;sub07;sub08;sub09;sub10;sub11;sub15;sub16;sub17;sub18;sub20;sub22;sub24;sub27;sub28;sub29,sub14,68,0.0033970270305871964,5.3362579345703125,0.001,1e-05,1.0,1.0,False,False,multimodal,psd-fc-wpli,gated,cnn,True,finetune,segssl_barlow_all-patient_psd-fc-wpli_finetune_seed7_pre20_proj32_mask0_03_noise0_02_mlp1_0_sup100,True,barlow,psd,all-patient,True,7,1.0,0.1,32,0.03,0.02
multimodal_psd-fc-wpli_gated_cnn,7,sub13,sub01;sub05;sub07;sub08;sub09;sub10;sub11;sub15;sub16;sub17;sub18;sub20;sub22;sub24;sub27;sub28;sub29,sub14,69,0.0032727480866014957,5.37005615234375,0.001,1e-05,1.0,1.0,False,False,multimodal,psd-fc-wpli,gated,cnn,True,finetune,segssl_barlow_all-patient_psd-fc-wpli_finetune_seed7_pre20_proj32_mask0_03_noise0_02_mlp1_0_sup100,True,barlow,psd,all-patient,True,7,1.0,0.1,32,0.03,0.02
multimodal_psd-fc-wpli_gated_cnn,7,sub13,sub01;sub05;sub07;sub08;sub09;sub10;sub11;sub15;sub16;sub17;sub18;sub20;sub22;sub24;sub27;sub28;sub29,sub14,70,0.00315817235969007,5.401461601257324,0.001,1e-05,1.0,1.0,False,False,multimodal,psd-fc-wpli,gated,cnn,True,finetune,segssl_barlow_all-patient_psd-fc-wpli_finetune_seed7_pre20_proj32_mask0_03_noise0_02_mlp1_0_sup100,True,barlow,psd,all-patient,True,7,1.0,0.1,32,0.03,0.02
multimodal_psd-fc-wpli_gated_cnn,7,sub13,sub01;sub05;sub07;sub08;sub09;sub10;sub11;sub15;sub16;sub17;sub18;sub20;sub22;sub24;sub27;sub28;sub29,sub14,71,0.003052342915907502,5.431675910949707,0.001,1e-05,1.0,1.0,False,False,multimodal,psd-fc-wpli,gated,cnn,True,finetune,segssl_barlow_all-patient_psd-fc-wpli_finetune_seed7_pre20_proj32_mask0_03_noise0_02_mlp1_0_sup100,True,barlow,psd,all-patient,True,7,1.0,0.1,32,0.03,0.02
multimodal_psd-fc-wpli_gated_cnn,7,sub13,sub01;sub05;sub07;sub08;sub09;sub10;sub11;sub15;sub16;sub17;sub18;sub20;sub22;sub24;sub27;sub28;sub29,sub14,72,0.0029541272670030594,5.4610490798950195,0.001,1e-05,1.0,1.0,False,False,multimodal,psd-fc-wpli,gated,cnn,True,finetune,segssl_barlow_all-patient_psd-fc-wpli_finetune_seed7_pre20_proj32_mask0_03_noise0_02_mlp1_0_sup100,True,barlow,psd,all-patient,True,7,1.0,0.1,32,0.03,0.02
multimodal_psd-fc-wpli_gated_cnn,7,sub13,sub01;sub05;sub07;sub08;sub09;sub10;sub11;sub15;sub16;sub17;sub18;sub20;sub22;sub24;sub27;sub28;sub29,sub14,73,0.0028626008424907923,5.490039348602295,0.001,1e-05,1.0,1.0,False,False,multimodal,psd-fc-wpli,gated,cnn,True,finetune,segssl_barlow_all-patient_psd-fc-wpli_finetune_seed7_pre20_proj32_mask0_03_noise0_02_mlp1_0_sup100,True,barlow,psd,all-patient,True,7,1.0,0.1,32,0.03,0.02
multimodal_psd-fc-wpli_gated_cnn,7,sub13,sub01;sub05;sub07;sub08;sub09;sub10;sub11;sub15;sub16;sub17;sub18;sub20;sub22;sub24;sub27;sub28;sub29,sub14,74,0.0027770816814154387,5.519136905670166,0.001,1e-05,1.0,1.0,False,False,multimodal,psd-fc-wpli,gated,cnn,True,finetune,segssl_barlow_all-patient_psd-fc-wpli_finetune_seed7_pre20_proj32_mask0_03_noise0_02_mlp1_0_sup100,True,barlow,psd,all-patient,True,7,1.0,0.1,32,0.03,0.02
multimodal_psd-fc-wpli_gated_cnn,7,sub13,sub01;sub05;sub07;sub08;sub09;sub10;sub11;sub15;sub16;sub17;sub18;sub20;sub22;sub24;sub27;sub28;sub29,sub14,75,0.0026970079634338617,5.5483717918396,0.001,1e-05,1.0,1.0,False,False,multimodal,psd-fc-wpli,gated,cnn,True,finetune,segssl_barlow_all-patient_psd-fc-wpli_finetune_seed7_pre20_proj32_mask0_03_noise0_02_mlp1_0_sup100,True,barlow,psd,all-patient,True,7,1.0,0.1,32,0.03,0.02
multimodal_psd-fc-wpli_gated_cnn,7,sub13,sub01;sub05;sub07;sub08;sub09;sub10;sub11;sub15;sub16;sub17;sub18;sub20;sub22;sub24;sub27;sub28;sub29,sub14,76,0.002621809020638466,5.576532363891602,0.001,1e-05,1.0,1.0,False,False,multimodal,psd-fc-wpli,gated,cnn,True,finetune,segssl_barlow_all-patient_psd-fc-wpli_finetune_seed7_pre20_proj32_mask0_03_noise0_02_mlp1_0_sup100,True,barlow,psd,all-patient,True,7,1.0,0.1,32,0.03,0.02
multimodal_psd-fc-wpli_gated_cnn,7,sub13,sub01;sub05;sub07;sub08;sub09;sub10;sub11;sub15;sub16;sub17;sub18;sub20;sub22;sub24;sub27;sub28;sub29,sub14,77,0.0025512075517326593,5.604423999786377,0.001,1e-05,1.0,1.0,False,False,multimodal,psd-fc-wpli,gated,cnn,True,finetune,segssl_barlow_all-patient_psd-fc-wpli_finetune_seed7_pre20_proj32_mask0_03_noise0_02_mlp1_0_sup100,True,barlow,psd,all-patient,True,7,1.0,0.1,32,0.03,0.02
multimodal_psd-fc-wpli_gated_cnn,7,sub13,sub01;sub05;sub07;sub08;sub09;sub10;sub11;sub15;sub16;sub17;sub18;sub20;sub22;sub24;sub27;sub28;sub29,sub14,78,0.0024847378954291344,5.631900310516357,0.001,1e-05,1.0,1.0,False,False,multimodal,psd-fc-wpli,gated,cnn,True,finetune,segssl_barlow_all-patient_psd-fc-wpli_finetune_seed7_pre20_proj32_mask0_03_noise0_02_mlp1_0_sup100,True,barlow,psd,all-patient,True,7,1.0,0.1,32,0.03,0.02
multimodal_psd-fc-wpli_gated_cnn,7,sub13,sub01;sub05;sub07;sub08;sub09;sub10;sub11;sub15;sub16;sub17;sub18;sub20;sub22;sub24;sub27;sub28;sub29,sub14,79,0.0024220217019319534,5.658938407897949,0.001,1e-05,1.0,1.0,False,False,multimodal,psd-fc-wpli,gated,cnn,True,finetune,segssl_barlow_all-patient_psd-fc-wpli_finetune_seed7_pre20_proj32_mask0_03_noise0_02_mlp1_0_sup100,True,barlow,psd,all-patient,True,7,1.0,0.1,32,0.03,0.02
multimodal_psd-fc-wpli_gated_cnn,7,sub13,sub01;sub05;sub07;sub08;sub09;sub10;sub11;sub15;sub16;sub17;sub18;sub20;sub22;sub24;sub27;sub28;sub29,sub14,80,0.002362751867622137,5.6853928565979,0.001,1e-05,1.0,1.0,False,False,multimodal,psd-fc-wpli,gated,cnn,True,finetune,segssl_barlow_all-patient_psd-fc-wpli_finetune_seed7_pre20_proj32_mask0_03_noise0_02_mlp1_0_sup100,True,barlow,psd,all-patient,True,7,1.0,0.1,32,0.03,0.02
multimodal_psd-fc-wpli_gated_cnn,7,sub13,sub01;sub05;sub07;sub08;sub09;sub10;sub11;sub15;sub16;sub17;sub18;sub20;sub22;sub24;sub27;sub28;sub29,sub14,81,0.0023067768197506666,5.710925579071045,0.001,1e-05,1.0,1.0,False,False,multimodal,psd-fc-wpli,gated,cnn,True,finetune,segssl_barlow_all-patient_psd-fc-wpli_finetune_seed7_pre20_proj32_mask0_03_noise0_02_mlp1_0_sup100,True,barlow,psd,all-patient,True,7,1.0,0.1,32,0.03,0.02
multimodal_psd-fc-wpli_gated_cnn,7,sub13,sub01;sub05;sub07;sub08;sub09;sub10;sub11;sub15;sub16;sub17;sub18;sub20;sub22;sub24;sub27;sub28;sub29,sub14,82,0.0022537107579410076,5.735391616821289,0.001,1e-05,1.0,1.0,False,False,multimodal,psd-fc-wpli,gated,cnn,True,finetune,segssl_barlow_all-patient_psd-fc-wpli_finetune_seed7_pre20_proj32_mask0_03_noise0_02_mlp1_0_sup100,True,barlow,psd,all-patient,True,7,1.0,0.1,32,0.03,0.02
multimodal_psd-fc-wpli_gated_cnn,7,sub13,sub01;sub05;sub07;sub08;sub09;sub10;sub11;sub15;sub16;sub17;sub18;sub20;sub22;sub24;sub27;sub28;sub29,sub14,83,0.0022032896522432566,5.758693218231201,0.001,1e-05,1.0,1.0,False,False,multimodal,psd-fc-wpli,gated,cnn,True,finetune,segssl_barlow_all-patient_psd-fc-wpli_finetune_seed7_pre20_proj32_mask0_03_noise0_02_mlp1_0_sup100,True,barlow,psd,all-patient,True,7,1.0,0.1,32,0.03,0.02
multimodal_psd-fc-wpli_gated_cnn,7,sub13,sub01;sub05;sub07;sub08;sub09;sub10;sub11;sub15;sub16;sub17;sub18;sub20;sub22;sub24;sub27;sub28;sub29,sub14,84,0.002155379159376025,5.781159400939941,0.001,1e-05,1.0,1.0,False,False,multimodal,psd-fc-wpli,gated,cnn,True,finetune,segssl_barlow_all-patient_psd-fc-wpli_finetune_seed7_pre20_proj32_mask0_03_noise0_02_mlp1_0_sup100,True,barlow,psd,all-patient,True,7,1.0,0.1,32,0.03,0.02
multimodal_psd-fc-wpli_gated_cnn,7,sub13,sub01;sub05;sub07;sub08;sub09;sub10;sub11;sub15;sub16;sub17;sub18;sub20;sub22;sub24;sub27;sub28;sub29,sub14,85,0.002109705237671733,5.803292274475098,0.001,1e-05,1.0,1.0,False,False,multimodal,psd-fc-wpli,gated,cnn,True,finetune,segssl_barlow_all-patient_psd-fc-wpli_finetune_seed7_pre20_proj32_mask0_03_noise0_02_mlp1_0_sup100,True,barlow,psd,all-patient,True,7,1.0,0.1,32,0.03,0.02
multimodal_psd-fc-wpli_gated_cnn,7,sub13,sub01;sub05;sub07;sub08;sub09;sub10;sub11;sub15;sub16;sub17;sub18;sub20;sub22;sub24;sub27;sub28;sub29,sub14,86,0.002066328888759017,5.825178146362305,0.001,1e-05,1.0,1.0,False,False,multimodal,psd-fc-wpli,gated,cnn,True,finetune,segssl_barlow_all-patient_psd-fc-wpli_finetune_seed7_pre20_proj32_mask0_03_noise0_02_mlp1_0_sup100,True,barlow,psd,all-patient,True,7,1.0,0.1,32,0.03,0.02
multimodal_psd-fc-wpli_gated_cnn,7,sub13,sub01;sub05;sub07;sub08;sub09;sub10;sub11;sub15;sub16;sub17;sub18;sub20;sub22;sub24;sub27;sub28;sub29,sub14,87,0.002024831483140588,5.847781658172607,0.001,1e-05,1.0,1.0,False,False,multimodal,psd-fc-wpli,gated,cnn,True,finetune,segssl_barlow_all-patient_psd-fc-wpli_finetune_seed7_pre20_proj32_mask0_03_noise0_02_mlp1_0_sup100,True,barlow,psd,all-patient,True,7,1.0,0.1,32,0.03,0.02
multimodal_psd-fc-wpli_gated_cnn,7,sub13,sub01;sub05;sub07;sub08;sub09;sub10;sub11;sub15;sub16;sub17;sub18;sub20;sub22;sub24;sub27;sub28;sub29,sub14,88,0.0019849969539791346,5.871055603027344,0.001,1e-05,1.0,1.0,False,False,multimodal,psd-fc-wpli,gated,cnn,True,finetune,segssl_barlow_all-patient_psd-fc-wpli_finetune_seed7_pre20_proj32_mask0_03_noise0_02_mlp1_0_sup100,True,barlow,psd,all-patient,True,7,1.0,0.1,32,0.03,0.02
multimodal_psd-fc-wpli_gated_cnn,7,sub13,sub01;sub05;sub07;sub08;sub09;sub10;sub11;sub15;sub16;sub17;sub18;sub20;sub22;sub24;sub27;sub28;sub29,sub14,89,0.0019466596422716975,5.893888473510742,0.001,1e-05,1.0,1.0,False,False,multimodal,psd-fc-wpli,gated,cnn,True,finetune,segssl_barlow_all-patient_psd-fc-wpli_finetune_seed7_pre20_proj32_mask0_03_noise0_02_mlp1_0_sup100,True,barlow,psd,all-patient,True,7,1.0,0.1,32,0.03,0.02
multimodal_psd-fc-wpli_gated_cnn,7,sub13,sub01;sub05;sub07;sub08;sub09;sub10;sub11;sub15;sub16;sub17;sub18;sub20;sub22;sub24;sub27;sub28;sub29,sub14,90,0.0019098493503406644,5.915927886962891,0.001,1e-05,1.0,1.0,False,False,multimodal,psd-fc-wpli,gated,cnn,True,finetune,segssl_barlow_all-patient_psd-fc-wpli_finetune_seed7_pre20_proj32_mask0_03_noise0_02_mlp1_0_sup100,True,barlow,psd,all-patient,True,7,1.0,0.1,32,0.03,0.02
multimodal_psd-fc-wpli_gated_cnn,7,sub13,sub01;sub05;sub07;sub08;sub09;sub10;sub11;sub15;sub16;sub17;sub18;sub20;sub22;sub24;sub27;sub28;sub29,sub14,91,0.0018745573470368981,5.935957431793213,0.001,1e-05,1.0,1.0,False,False,multimodal,psd-fc-wpli,gated,cnn,True,finetune,segssl_barlow_all-patient_psd-fc-wpli_finetune_seed7_pre20_proj32_mask0_03_noise0_02_mlp1_0_sup100,True,barlow,psd,all-patient,True,7,1.0,0.1,32,0.03,0.02
multimodal_psd-fc-wpli_gated_cnn,7,sub13,sub01;sub05;sub07;sub08;sub09;sub10;sub11;sub15;sub16;sub17;sub18;sub20;sub22;sub24;sub27;sub28;sub29,sub14,92,0.0018406120361760259,5.953890323638916,0.001,1e-05,1.0,1.0,False,False,multimodal,psd-fc-wpli,gated,cnn,True,finetune,segssl_barlow_all-patient_psd-fc-wpli_finetune_seed7_pre20_proj32_mask0_03_noise0_02_mlp1_0_sup100,True,barlow,psd,all-patient,True,7,1.0,0.1,32,0.03,0.02
multimodal_psd-fc-wpli_gated_cnn,7,sub13,sub01;sub05;sub07;sub08;sub09;sub10;sub11;sub15;sub16;sub17;sub18;sub20;sub22;sub24;sub27;sub28;sub29,sub14,93,0.0018078414723277092,5.970398426055908,0.001,1e-05,1.0,1.0,False,False,multimodal,psd-fc-wpli,gated,cnn,True,finetune,segssl_barlow_all-patient_psd-fc-wpli_finetune_seed7_pre20_proj32_mask0_03_noise0_02_mlp1_0_sup100,True,barlow,psd,all-patient,True,7,1.0,0.1,32,0.03,0.02
multimodal_psd-fc-wpli_gated_cnn,7,sub13,sub01;sub05;sub07;sub08;sub09;sub10;sub11;sub15;sub16;sub17;sub18;sub20;sub22;sub24;sub27;sub28;sub29,sub14,94,0.001776160323061049,5.985593795776367,0.001,1e-05,1.0,1.0,False,False,multimodal,psd-fc-wpli,gated,cnn,True,finetune,segssl_barlow_all-patient_psd-fc-wpli_finetune_seed7_pre20_proj32_mask0_03_noise0_02_mlp1_0_sup100,True,barlow,psd,all-patient,True,7,1.0,0.1,32,0.03,0.02
multimodal_psd-fc-wpli_gated_cnn,7,sub13,sub01;sub05;sub07;sub08;sub09;sub10;sub11;sub15;sub16;sub17;sub18;sub20;sub22;sub24;sub27;sub28;sub29,sub14,95,0.0017455783672630787,6.000277996063232,0.001,1e-05,1.0,1.0,False,False,multimodal,psd-fc-wpli,gated,cnn,True,finetune,segssl_barlow_all-patient_psd-fc-wpli_finetune_seed7_pre20_proj32_mask0_03_noise0_02_mlp1_0_sup100,True,barlow,psd,all-patient,True,7,1.0,0.1,32,0.03,0.02
multimodal_psd-fc-wpli_gated_cnn,7,sub13,sub01;sub05;sub07;sub08;sub09;sub10;sub11;sub15;sub16;sub17;sub18;sub20;sub22;sub24;sub27;sub28;sub29,sub14,96,0.001716111903078854,6.0150346755981445,0.001,1e-05,1.0,1.0,False,False,multimodal,psd-fc-wpli,gated,cnn,True,finetune,segssl_barlow_all-patient_psd-fc-wpli_finetune_seed7_pre20_proj32_mask0_03_noise0_02_mlp1_0_sup100,True,barlow,psd,all-patient,True,7,1.0,0.1,32,0.03,0.02
multimodal_psd-fc-wpli_gated_cnn,7,sub13,sub01;sub05;sub07;sub08;sub09;sub10;sub11;sub15;sub16;sub17;sub18;sub20;sub22;sub24;sub27;sub28;sub29,sub14,97,0.0016875392757356167,6.030359268188477,0.001,1e-05,1.0,1.0,False,False,multimodal,psd-fc-wpli,gated,cnn,True,finetune,segssl_barlow_all-patient_psd-fc-wpli_finetune_seed7_pre20_proj32_mask0_03_noise0_02_mlp1_0_sup100,True,barlow,psd,all-patient,True,7,1.0,0.1,32,0.03,0.02
multimodal_psd-fc-wpli_gated_cnn,7,sub13,sub01;sub05;sub07;sub08;sub09;sub10;sub11;sub15;sub16;sub17;sub18;sub20;sub22;sub24;sub27;sub28;sub29,sub14,98,0.001659790868870914,6.046274662017822,0.001,1e-05,1.0,1.0,False,False,multimodal,psd-fc-wpli,gated,cnn,True,finetune,segssl_barlow_all-patient_psd-fc-wpli_finetune_seed7_pre20_proj32_mask0_03_noise0_02_mlp1_0_sup100,True,barlow,psd,all-patient,True,7,1.0,0.1,32,0.03,0.02
multimodal_psd-fc-wpli_gated_cnn,7,sub13,sub01;sub05;sub07;sub08;sub09;sub10;sub11;sub15;sub16;sub17;sub18;sub20;sub22;sub24;sub27;sub28;sub29,sub14,99,0.0016328749479725957,6.062550067901611,0.001,1e-05,1.0,1.0,False,False,multimodal,psd-fc-wpli,gated,cnn,True,finetune,segssl_barlow_all-patient_psd-fc-wpli_finetune_seed7_pre20_proj32_mask0_03_noise0_02_mlp1_0_sup100,True,barlow,psd,all-patient,True,7,1.0,0.1,32,0.03,0.02
multimodal_psd-fc-wpli_gated_cnn,7,sub13,sub01;sub05;sub07;sub08;sub09;sub10;sub11;sub15;sub16;sub17;sub18;sub20;sub22;sub24;sub27;sub28;sub29,sub14,100,0.0016068448312580585,6.078314304351807,0.001,1e-05,1.0,1.0,False,False,multimodal,psd-fc-wpli,gated,cnn,True,finetune,segssl_barlow_all-patient_psd-fc-wpli_finetune_seed7_pre20_proj32_mask0_03_noise0_02_mlp1_0_sup100,True,barlow,psd,all-patient,True,7,1.0,0.1,32,0.03,0.02
multimodal_psd-fc-wpli_gated_cnn,8,sub14,sub01;sub05;sub07;sub08;sub09;sub10;sub11;sub13;sub16;sub17;sub18;sub20;sub22;sub24;sub27;sub28;sub29,sub15,1,0.6922081112861633,0.6028571128845215,0.002,1e-05,1.0,1.0,True,False,multimodal,psd-fc-wpli,gated,cnn,True,finetune,segssl_barlow_all-patient_psd-fc-wpli_finetune_seed7_pre20_proj32_mask0_03_noise0_02_mlp1_0_sup100,True,barlow,psd,all-patient,True,7,1.0,0.1,32,0.03,0.02
multimodal_psd-fc-wpli_gated_cnn,8,sub14,sub01;sub05;sub07;sub08;sub09;sub10;sub11;sub13;sub16;sub17;sub18;sub20;sub22;sub24;sub27;sub28;sub29,sub15,2,0.6865181922912598,0.6027017831802368,0.002,1e-05,1.0,1.0,True,False,multimodal,psd-fc-wpli,gated,cnn,True,finetune,segssl_barlow_all-patient_psd-fc-wpli_finetune_seed7_pre20_proj32_mask0_03_noise0_02_mlp1_0_sup100,True,barlow,psd,all-patient,True,7,1.0,0.1,32,0.03,0.02
multimodal_psd-fc-wpli_gated_cnn,8,sub14,sub01;sub05;sub07;sub08;sub09;sub10;sub11;sub13;sub16;sub17;sub18;sub20;sub22;sub24;sub27;sub28;sub29,sub15,3,0.6812605261802673,0.6008257865905762,0.002,1e-05,1.0,1.0,True,False,multimodal,psd-fc-wpli,gated,cnn,True,finetune,segssl_barlow_all-patient_psd-fc-wpli_finetune_seed7_pre20_proj32_mask0_03_noise0_02_mlp1_0_sup100,True,barlow,psd,all-patient,True,7,1.0,0.1,32,0.03,0.02
multimodal_psd-fc-wpli_gated_cnn,8,sub14,sub01;sub05;sub07;sub08;sub09;sub10;sub11;sub13;sub16;sub17;sub18;sub20;sub22;sub24;sub27;sub28;sub29,sub15,4,0.675835907459259,0.5983402729034424,0.002,1e-05,1.0,1.0,True,False,multimodal,psd-fc-wpli,gated,cnn,True,finetune,segssl_barlow_all-patient_psd-fc-wpli_finetune_seed7_pre20_proj32_mask0_03_noise0_02_mlp1_0_sup100,True,barlow,psd,all-patient,True,7,1.0,0.1,32,0.03,0.02
multimodal_psd-fc-wpli_gated_cnn,8,sub14,sub01;sub05;sub07;sub08;sub09;sub10;sub11;sub13;sub16;sub17;sub18;sub20;sub22;sub24;sub27;sub28;sub29,sub15,5,0.6699573397636414,0.595582902431488,0.002,1e-05,1.0,1.0,True,False,multimodal,psd-fc-wpli,gated,cnn,True,finetune,segssl_barlow_all-patient_psd-fc-wpli_finetune_seed7_pre20_proj32_mask0_03_noise0_02_mlp1_0_sup100,True,barlow,psd,all-patient,True,7,1.0,0.1,32,0.03,0.02
multimodal_psd-fc-wpli_gated_cnn,8,sub14,sub01;sub05;sub07;sub08;sub09;sub10;sub11;sub13;sub16;sub17;sub18;sub20;sub22;sub24;sub27;sub28;sub29,sub15,6,0.6638685464859009,0.5925992131233215,0.002,1e-05,1.0,1.0,True,False,multimodal,psd-fc-wpli,gated,cnn,True,finetune,segssl_barlow_all-patient_psd-fc-wpli_finetune_seed7_pre20_proj32_mask0_03_noise0_02_mlp1_0_sup100,True,barlow,psd,all-patient,True,7,1.0,0.1,32,0.03,0.02
multimodal_psd-fc-wpli_gated_cnn,8,sub14,sub01;sub05;sub07;sub08;sub09;sub10;sub11;sub13;sub16;sub17;sub18;sub20;sub22;sub24;sub27;sub28;sub29,sub15,7,0.6571537852287292,0.5871274471282959,0.002,1e-05,1.0,1.0,True,False,multimodal,psd-fc-wpli,gated,cnn,True,finetune,segssl_barlow_all-patient_psd-fc-wpli_finetune_seed7_pre20_proj32_mask0_03_noise0_02_mlp1_0_sup100,True,barlow,psd,all-patient,True,7,1.0,0.1,32,0.03,0.02
multimodal_psd-fc-wpli_gated_cnn,8,sub14,sub01;sub05;sub07;sub08;sub09;sub10;sub11;sub13;sub16;sub17;sub18;sub20;sub22;sub24;sub27;sub28;sub29,sub15,8,0.6499131321907043,0.5822609066963196,0.002,1e-05,1.0,1.0,True,False,multimodal,psd-fc-wpli,gated,cnn,True,finetune,segssl_barlow_all-patient_psd-fc-wpli_finetune_seed7_pre20_proj32_mask0_03_noise0_02_mlp1_0_sup100,True,barlow,psd,all-patient,True,7,1.0,0.1,32,0.03,0.02
multimodal_psd-fc-wpli_gated_cnn,8,sub14,sub01;sub05;sub07;sub08;sub09;sub10;sub11;sub13;sub16;sub17;sub18;sub20;sub22;sub24;sub27;sub28;sub29,sub15,9,0.6419559121131897,0.577538251876831,0.002,1e-05,1.0,1.0,True,False,multimodal,psd-fc-wpli,gated,cnn,True,finetune,segssl_barlow_all-patient_psd-fc-wpli_finetune_seed7_pre20_proj32_mask0_03_noise0_02_mlp1_0_sup100,True,barlow,psd,all-patient,True,7,1.0,0.1,32,0.03,0.02
multimodal_psd-fc-wpli_gated_cnn,8,sub14,sub01;sub05;sub07;sub08;sub09;sub10;sub11;sub13;sub16;sub17;sub18;sub20;sub22;sub24;sub27;sub28;sub29,sub15,10,0.6332205533981323,0.5720374584197998,0.002,1e-05,1.0,1.0,True,False,multimodal,psd-fc-wpli,gated,cnn,True,finetune,segssl_barlow_all-patient_psd-fc-wpli_finetune_seed7_pre20_proj32_mask0_03_noise0_02_mlp1_0_sup100,True,barlow,psd,all-patient,True,7,1.0,0.1,32,0.03,0.02
multimodal_psd-fc-wpli_gated_cnn,8,sub14,sub01;sub05;sub07;sub08;sub09;sub10;sub11;sub13;sub16;sub17;sub18;sub20;sub22;sub24;sub27;sub28;sub29,sub15,11,0.6236236691474915,0.5685831308364868,0.002,1e-05,1.0,1.0,True,False,multimodal,psd-fc-wpli,gated,cnn,True,finetune,segssl_barlow_all-patient_psd-fc-wpli_finetune_seed7_pre20_proj32_mask0_03_noise0_02_mlp1_0_sup100,True,barlow,psd,all-patient,True,7,1.0,0.1,32,0.03,0.02
multimodal_psd-fc-wpli_gated_cnn,8,sub14,sub01;sub05;sub07;sub08;sub09;sub10;sub11;sub13;sub16;sub17;sub18;sub20;sub22;sub24;sub27;sub28;sub29,sub15,12,0.6128495335578918,0.5652311444282532,0.002,1e-05,1.0,1.0,True,False,multimodal,psd-fc-wpli,gated,cnn,True,finetune,segssl_barlow_all-patient_psd-fc-wpli_finetune_seed7_pre20_proj32_mask0_03_noise0_02_mlp1_0_sup100,True,barlow,psd,all-patient,True,7,1.0,0.1,32,0.03,0.02
multimodal_psd-fc-wpli_gated_cnn,8,sub14,sub01;sub05;sub07;sub08;sub09;sub10;sub11;sub13;sub16;sub17;sub18;sub20;sub22;sub24;sub27;sub28;sub29,sub15,13,0.6008119583129883,0.5674406290054321,0.002,1e-05,1.0,1.0,False,False,multimodal,psd-fc-wpli,gated,cnn,True,finetune,segssl_barlow_all-patient_psd-fc-wpli_finetune_seed7_pre20_proj32_mask0_03_noise0_02_mlp1_0_sup100,True,barlow,psd,all-patient,True,7,1.0,0.1,32,0.03,0.02
multimodal_psd-fc-wpli_gated_cnn,8,sub14,sub01;sub05;sub07;sub08;sub09;sub10;sub11;sub13;sub16;sub17;sub18;sub20;sub22;sub24;sub27;sub28;sub29,sub15,14,0.5875630378723145,0.5704618096351624,0.002,1e-05,1.0,1.0,False,False,multimodal,psd-fc-wpli,gated,cnn,True,finetune,segssl_barlow_all-patient_psd-fc-wpli_finetune_seed7_pre20_proj32_mask0_03_noise0_02_mlp1_0_sup100,True,barlow,psd,all-patient,True,7,1.0,0.1,32,0.03,0.02
multimodal_psd-fc-wpli_gated_cnn,8,sub14,sub01;sub05;sub07;sub08;sub09;sub10;sub11;sub13;sub16;sub17;sub18;sub20;sub22;sub24;sub27;sub28;sub29,sub15,15,0.5732161402702332,0.5734229683876038,0.002,1e-05,1.0,1.0,False,False,multimodal,psd-fc-wpli,gated,cnn,True,finetune,segssl_barlow_all-patient_psd-fc-wpli_finetune_seed7_pre20_proj32_mask0_03_noise0_02_mlp1_0_sup100,True,barlow,psd,all-patient,True,7,1.0,0.1,32,0.03,0.02
multimodal_psd-fc-wpli_gated_cnn,8,sub14,sub01;sub05;sub07;sub08;sub09;sub10;sub11;sub13;sub16;sub17;sub18;sub20;sub22;sub24;sub27;sub28;sub29,sub15,16,0.557988703250885,0.5753832459449768,0.002,1e-05,1.0,1.0,False,False,multimodal,psd-fc-wpli,gated,cnn,True,finetune,segssl_barlow_all-patient_psd-fc-wpli_finetune_seed7_pre20_proj32_mask0_03_noise0_02_mlp1_0_sup100,True,barlow,psd,all-patient,True,7,1.0,0.1,32,0.03,0.02
multimodal_psd-fc-wpli_gated_cnn,8,sub14,sub01;sub05;sub07;sub08;sub09;sub10;sub11;sub13;sub16;sub17;sub18;sub20;sub22;sub24;sub27;sub28;sub29,sub15,17,0.5417982935905457,0.5753467679023743,0.002,1e-05,1.0,1.0,False,False,multimodal,psd-fc-wpli,gated,cnn,True,finetune,segssl_barlow_all-patient_psd-fc-wpli_finetune_seed7_pre20_proj32_mask0_03_noise0_02_mlp1_0_sup100,True,barlow,psd,all-patient,True,7,1.0,0.1,32,0.03,0.02
multimodal_psd-fc-wpli_gated_cnn,8,sub14,sub01;sub05;sub07;sub08;sub09;sub10;sub11;sub13;sub16;sub17;sub18;sub20;sub22;sub24;sub27;sub28;sub29,sub15,18,0.5245105028152466,0.573093056678772,0.002,1e-05,1.0,1.0,False,False,multimodal,psd-fc-wpli,gated,cnn,True,finetune,segssl_barlow_all-patient_psd-fc-wpli_finetune_seed7_pre20_proj32_mask0_03_noise0_02_mlp1_0_sup100,True,barlow,psd,all-patient,True,7,1.0,0.1,32,0.03,0.02
multimodal_psd-fc-wpli_gated_cnn,8,sub14,sub01;sub05;sub07;sub08;sub09;sub10;sub11;sub13;sub16;sub17;sub18;sub20;sub22;sub24;sub27;sub28;sub29,sub15,19,0.505967915058136,0.5678644776344299,0.002,1e-05,1.0,1.0,False,False,multimodal,psd-fc-wpli,gated,cnn,True,finetune,segssl_barlow_all-patient_psd-fc-wpli_finetune_seed7_pre20_proj32_mask0_03_noise0_02_mlp1_0_sup100,True,barlow,psd,all-patient,True,7,1.0,0.1,32,0.03,0.02
multimodal_psd-fc-wpli_gated_cnn,8,sub14,sub01;sub05;sub07;sub08;sub09;sub10;sub11;sub13;sub16;sub17;sub18;sub20;sub22;sub24;sub27;sub28;sub29,sub15,20,0.48621228337287903,0.5580539107322693,0.002,1e-05,1.0,1.0,True,False,multimodal,psd-fc-wpli,gated,cnn,True,finetune,segssl_barlow_all-patient_psd-fc-wpli_finetune_seed7_pre20_proj32_mask0_03_noise0_02_mlp1_0_sup100,True,barlow,psd,all-patient,True,7,1.0,0.1,32,0.03,0.02
multimodal_psd-fc-wpli_gated_cnn,8,sub14,sub01;sub05;sub07;sub08;sub09;sub10;sub11;sub13;sub16;sub17;sub18;sub20;sub22;sub24;sub27;sub28;sub29,sub15,21,0.4653259217739105,0.5436235666275024,0.002,1e-05,1.0,1.0,True,False,multimodal,psd-fc-wpli,gated,cnn,True,finetune,segssl_barlow_all-patient_psd-fc-wpli_finetune_seed7_pre20_proj32_mask0_03_noise0_02_mlp1_0_sup100,True,barlow,psd,all-patient,True,7,1.0,0.1,32,0.03,0.02
multimodal_psd-fc-wpli_gated_cnn,8,sub14,sub01;sub05;sub07;sub08;sub09;sub10;sub11;sub13;sub16;sub17;sub18;sub20;sub22;sub24;sub27;sub28;sub29,sub15,22,0.4432580769062042,0.5265337228775024,0.002,1e-05,1.0,1.0,True,False,multimodal,psd-fc-wpli,gated,cnn,True,finetune,segssl_barlow_all-patient_psd-fc-wpli_finetune_seed7_pre20_proj32_mask0_03_noise0_02_mlp1_0_sup100,True,barlow,psd,all-patient,True,7,1.0,0.1,32,0.03,0.02
multimodal_psd-fc-wpli_gated_cnn,8,sub14,sub01;sub05;sub07;sub08;sub09;sub10;sub11;sub13;sub16;sub17;sub18;sub20;sub22;sub24;sub27;sub28;sub29,sub15,23,0.42019614577293396,0.5089430809020996,0.002,1e-05,1.0,1.0,True,False,multimodal,psd-fc-wpli,gated,cnn,True,finetune,segssl_barlow_all-patient_psd-fc-wpli_finetune_seed7_pre20_proj32_mask0_03_noise0_02_mlp1_0_sup100,True,barlow,psd,all-patient,True,7,1.0,0.1,32,0.03,0.02
multimodal_psd-fc-wpli_gated_cnn,8,sub14,sub01;sub05;sub07;sub08;sub09;sub10;sub11;sub13;sub16;sub17;sub18;sub20;sub22;sub24;sub27;sub28;sub29,sub15,24,0.396261990070343,0.4931328296661377,0.002,1e-05,1.0,1.0,True,False,multimodal,psd-fc-wpli,gated,cnn,True,finetune,segssl_barlow_all-patient_psd-fc-wpli_finetune_seed7_pre20_proj32_mask0_03_noise0_02_mlp1_0_sup100,True,barlow,psd,all-patient,True,7,1.0,0.1,32,0.03,0.02
multimodal_psd-fc-wpli_gated_cnn,8,sub14,sub01;sub05;sub07;sub08;sub09;sub10;sub11;sub13;sub16;sub17;sub18;sub20;sub22;sub24;sub27;sub28;sub29,sub15,25,0.37135612964630127,0.481181800365448,0.002,1e-05,1.0,1.0,True,False,multimodal,psd-fc-wpli,gated,cnn,True,finetune,segssl_barlow_all-patient_psd-fc-wpli_finetune_seed7_pre20_proj32_mask0_03_noise0_02_mlp1_0_sup100,True,barlow,psd,all-patient,True,7,1.0,0.1,32,0.03,0.02
multimodal_psd-fc-wpli_gated_cnn,8,sub14,sub01;sub05;sub07;sub08;sub09;sub10;sub11;sub13;sub16;sub17;sub18;sub20;sub22;sub24;sub27;sub28;sub29,sub15,26,0.34574905037879944,0.47309640049934387,0.002,1e-05,1.0,1.0,True,False,multimodal,psd-fc-wpli,gated,cnn,True,finetune,segssl_barlow_all-patient_psd-fc-wpli_finetune_seed7_pre20_proj32_mask0_03_noise0_02_mlp1_0_sup100,True,barlow,psd,all-patient,True,7,1.0,0.1,32,0.03,0.02
multimodal_psd-fc-wpli_gated_cnn,8,sub14,sub01;sub05;sub07;sub08;sub09;sub10;sub11;sub13;sub16;sub17;sub18;sub20;sub22;sub24;sub27;sub28;sub29,sub15,27,0.3195313811302185,0.469086617231369,0.002,1e-05,1.0,1.0,True,False,multimodal,psd-fc-wpli,gated,cnn,True,finetune,segssl_barlow_all-patient_psd-fc-wpli_finetune_seed7_pre20_proj32_mask0_03_noise0_02_mlp1_0_sup100,True,barlow,psd,all-patient,True,7,1.0,0.1,32,0.03,0.02
multimodal_psd-fc-wpli_gated_cnn,8,sub14,sub01;sub05;sub07;sub08;sub09;sub10;sub11;sub13;sub16;sub17;sub18;sub20;sub22;sub24;sub27;sub28;sub29,sub15,28,0.2931593954563141,0.464438796043396,0.002,1e-05,1.0,1.0,True,False,multimodal,psd-fc-wpli,gated,cnn,True,finetune,segssl_barlow_all-patient_psd-fc-wpli_finetune_seed7_pre20_proj32_mask0_03_noise0_02_mlp1_0_sup100,True,barlow,psd,all-patient,True,7,1.0,0.1,32,0.03,0.02
multimodal_psd-fc-wpli_gated_cnn,8,sub14,sub01;sub05;sub07;sub08;sub09;sub10;sub11;sub13;sub16;sub17;sub18;sub20;sub22;sub24;sub27;sub28;sub29,sub15,29,0.267184317111969,0.45199114084243774,0.002,1e-05,1.0,1.0,True,False,multimodal,psd-fc-wpli,gated,cnn,True,finetune,segssl_barlow_all-patient_psd-fc-wpli_finetune_seed7_pre20_proj32_mask0_03_noise0_02_mlp1_0_sup100,True,barlow,psd,all-patient,True,7,1.0,0.1,32,0.03,0.02
multimodal_psd-fc-wpli_gated_cnn,8,sub14,sub01;sub05;sub07;sub08;sub09;sub10;sub11;sub13;sub16;sub17;sub18;sub20;sub22;sub24;sub27;sub28;sub29,sub15,30,0.24159711599349976,0.42789629101753235,0.002,1e-05,1.0,1.0,True,False,multimodal,psd-fc-wpli,gated,cnn,True,finetune,segssl_barlow_all-patient_psd-fc-wpli_finetune_seed7_pre20_proj32_mask0_03_noise0_02_mlp1_0_sup100,True,barlow,psd,all-patient,True,7,1.0,0.1,32,0.03,0.02
multimodal_psd-fc-wpli_gated_cnn,8,sub14,sub01;sub05;sub07;sub08;sub09;sub10;sub11;sub13;sub16;sub17;sub18;sub20;sub22;sub24;sub27;sub28;sub29,sub15,31,0.21663999557495117,0.39266011118888855,0.002,1e-05,1.0,1.0,True,False,multimodal,psd-fc-wpli,gated,cnn,True,finetune,segssl_barlow_all-patient_psd-fc-wpli_finetune_seed7_pre20_proj32_mask0_03_noise0_02_mlp1_0_sup100,True,barlow,psd,all-patient,True,7,1.0,0.1,32,0.03,0.02
multimodal_psd-fc-wpli_gated_cnn,8,sub14,sub01;sub05;sub07;sub08;sub09;sub10;sub11;sub13;sub16;sub17;sub18;sub20;sub22;sub24;sub27;sub28;sub29,sub15,32,0.19243554770946503,0.3529816269874573,0.002,1e-05,1.0,1.0,True,False,multimodal,psd-fc-wpli,gated,cnn,True,finetune,segssl_barlow_all-patient_psd-fc-wpli_finetune_seed7_pre20_proj32_mask0_03_noise0_02_mlp1_0_sup100,True,barlow,psd,all-patient,True,7,1.0,0.1,32,0.03,0.02
multimodal_psd-fc-wpli_gated_cnn,8,sub14,sub01;sub05;sub07;sub08;sub09;sub10;sub11;sub13;sub16;sub17;sub18;sub20;sub22;sub24;sub27;sub28;sub29,sub15,33,0.1692938357591629,0.3152579963207245,0.002,1e-05,1.0,1.0,True,False,multimodal,psd-fc-wpli,gated,cnn,True,finetune,segssl_barlow_all-patient_psd-fc-wpli_finetune_seed7_pre20_proj32_mask0_03_noise0_02_mlp1_0_sup100,True,barlow,psd,all-patient,True,7,1.0,0.1,32,0.03,0.02
multimodal_psd-fc-wpli_gated_cnn,8,sub14,sub01;sub05;sub07;sub08;sub09;sub10;sub11;sub13;sub16;sub17;sub18;sub20;sub22;sub24;sub27;sub28;sub29,sub15,34,0.14745131134986877,0.28099262714385986,0.002,1e-05,1.0,1.0,True,False,multimodal,psd-fc-wpli,gated,cnn,True,finetune,segssl_barlow_all-patient_psd-fc-wpli_finetune_seed7_pre20_proj32_mask0_03_noise0_02_mlp1_0_sup100,True,barlow,psd,all-patient,True,7,1.0,0.1,32,0.03,0.02
multimodal_psd-fc-wpli_gated_cnn,8,sub14,sub01;sub05;sub07;sub08;sub09;sub10;sub11;sub13;sub16;sub17;sub18;sub20;sub22;sub24;sub27;sub28;sub29,sub15,35,0.12695732712745667,0.24962152540683746,0.002,1e-05,1.0,1.0,True,False,multimodal,psd-fc-wpli,gated,cnn,True,finetune,segssl_barlow_all-patient_psd-fc-wpli_finetune_seed7_pre20_proj32_mask0_03_noise0_02_mlp1_0_sup100,True,barlow,psd,all-patient,True,7,1.0,0.1,32,0.03,0.02
multimodal_psd-fc-wpli_gated_cnn,8,sub14,sub01;sub05;sub07;sub08;sub09;sub10;sub11;sub13;sub16;sub17;sub18;sub20;sub22;sub24;sub27;sub28;sub29,sub15,36,0.10793453454971313,0.22219456732273102,0.002,1e-05,1.0,1.0,True,False,multimodal,psd-fc-wpli,gated,cnn,True,finetune,segssl_barlow_all-patient_psd-fc-wpli_finetune_seed7_pre20_proj32_mask0_03_noise0_02_mlp1_0_sup100,True,barlow,psd,all-patient,True,7,1.0,0.1,32,0.03,0.02
multimodal_psd-fc-wpli_gated_cnn,8,sub14,sub01;sub05;sub07;sub08;sub09;sub10;sub11;sub13;sub16;sub17;sub18;sub20;sub22;sub24;sub27;sub28;sub29,sub15,37,0.09048473089933395,0.19897836446762085,0.002,1e-05,1.0,1.0,True,False,multimodal,psd-fc-wpli,gated,cnn,True,finetune,segssl_barlow_all-patient_psd-fc-wpli_finetune_seed7_pre20_proj32_mask0_03_noise0_02_mlp1_0_sup100,True,barlow,psd,all-patient,True,7,1.0,0.1,32,0.03,0.02
multimodal_psd-fc-wpli_gated_cnn,8,sub14,sub01;sub05;sub07;sub08;sub09;sub10;sub11;sub13;sub16;sub17;sub18;sub20;sub22;sub24;sub27;sub28;sub29,sub15,38,0.07522442936897278,0.17943419516086578,0.002,1e-05,1.0,1.0,True,False,multimodal,psd-fc-wpli,gated,cnn,True,finetune,segssl_barlow_all-patient_psd-fc-wpli_finetune_seed7_pre20_proj32_mask0_03_noise0_02_mlp1_0_sup100,True,barlow,psd,all-patient,True,7,1.0,0.1,32,0.03,0.02
multimodal_psd-fc-wpli_gated_cnn,8,sub14,sub01;sub05;sub07;sub08;sub09;sub10;sub11;sub13;sub16;sub17;sub18;sub20;sub22;sub24;sub27;sub28;sub29,sub15,39,0.06212965026497841,0.16036416590213776,0.002,1e-05,1.0,1.0,True,False,multimodal,psd-fc-wpli,gated,cnn,True,finetune,segssl_barlow_all-patient_psd-fc-wpli_finetune_seed7_pre20_proj32_mask0_03_noise0_02_mlp1_0_sup100,True,barlow,psd,all-patient,True,7,1.0,0.1,32,0.03,0.02
multimodal_psd-fc-wpli_gated_cnn,8,sub14,sub01;sub05;sub07;sub08;sub09;sub10;sub11;sub13;sub16;sub17;sub18;sub20;sub22;sub24;sub27;sub28;sub29,sub15,40,0.05102703347802162,0.13913396000862122,0.002,1e-05,1.0,1.0,True,False,multimodal,psd-fc-wpli,gated,cnn,True,finetune,segssl_barlow_all-patient_psd-fc-wpli_finetune_seed7_pre20_proj32_mask0_03_noise0_02_mlp1_0_sup100,True,barlow,psd,all-patient,True,7,1.0,0.1,32,0.03,0.02
multimodal_psd-fc-wpli_gated_cnn,8,sub14,sub01;sub05;sub07;sub08;sub09;sub10;sub11;sub13;sub16;sub17;sub18;sub20;sub22;sub24;sub27;sub28;sub29,sub15,41,0.041794080287218094,0.11551517993211746,0.002,1e-05,1.0,1.0,True,False,multimodal,psd-fc-wpli,gated,cnn,True,finetune,segssl_barlow_all-patient_psd-fc-wpli_finetune_seed7_pre20_proj32_mask0_03_noise0_02_mlp1_0_sup100,True,barlow,psd,all-patient,True,7,1.0,0.1,32,0.03,0.02
multimodal_psd-fc-wpli_gated_cnn,8,sub14,sub01;sub05;sub07;sub08;sub09;sub10;sub11;sub13;sub16;sub17;sub18;sub20;sub22;sub24;sub27;sub28;sub29,sub15,42,0.03418437018990517,0.09159930795431137,0.002,1e-05,1.0,1.0,True,False,multimodal,psd-fc-wpli,gated,cnn,True,finetune,segssl_barlow_all-patient_psd-fc-wpli_finetune_seed7_pre20_proj32_mask0_03_noise0_02_mlp1_0_sup100,True,barlow,psd,all-patient,True,7,1.0,0.1,32,0.03,0.02
multimodal_psd-fc-wpli_gated_cnn,8,sub14,sub01;sub05;sub07;sub08;sub09;sub10;sub11;sub13;sub16;sub17;sub18;sub20;sub22;sub24;sub27;sub28;sub29,sub15,43,0.02791929990053177,0.06958255171775818,0.002,1e-05,1.0,1.0,True,False,multimodal,psd-fc-wpli,gated,cnn,True,finetune,segssl_barlow_all-patient_psd-fc-wpli_finetune_seed7_pre20_proj32_mask0_03_noise0_02_mlp1_0_sup100,True,barlow,psd,all-patient,True,7,1.0,0.1,32,0.03,0.02
multimodal_psd-fc-wpli_gated_cnn,8,sub14,sub01;sub05;sub07;sub08;sub09;sub10;sub11;sub13;sub16;sub17;sub18;sub20;sub22;sub24;sub27;sub28;sub29,sub15,44,0.022770598530769348,0.05158277601003647,0.002,1e-05,1.0,1.0,True,False,multimodal,psd-fc-wpli,gated,cnn,True,finetune,segssl_barlow_all-patient_psd-fc-wpli_finetune_seed7_pre20_proj32_mask0_03_noise0_02_mlp1_0_sup100,True,barlow,psd,all-patient,True,7,1.0,0.1,32,0.03,0.02
multimodal_psd-fc-wpli_gated_cnn,8,sub14,sub01;sub05;sub07;sub08;sub09;sub10;sub11;sub13;sub16;sub17;sub18;sub20;sub22;sub24;sub27;sub28;sub29,sub15,45,0.018557220697402954,0.0382416732609272,0.002,1e-05,1.0,1.0,True,False,multimodal,psd-fc-wpli,gated,cnn,True,finetune,segssl_barlow_all-patient_psd-fc-wpli_finetune_seed7_pre20_proj32_mask0_03_noise0_02_mlp1_0_sup100,True,barlow,psd,all-patient,True,7,1.0,0.1,32,0.03,0.02
multimodal_psd-fc-wpli_gated_cnn,8,sub14,sub01;sub05;sub07;sub08;sub09;sub10;sub11;sub13;sub16;sub17;sub18;sub20;sub22;sub24;sub27;sub28;sub29,sub15,46,0.015162680298089981,0.028957348316907883,0.002,1e-05,1.0,1.0,True,False,multimodal,psd-fc-wpli,gated,cnn,True,finetune,segssl_barlow_all-patient_psd-fc-wpli_finetune_seed7_pre20_proj32_mask0_03_noise0_02_mlp1_0_sup100,True,barlow,psd,all-patient,True,7,1.0,0.1,32,0.03,0.02
multimodal_psd-fc-wpli_gated_cnn,8,sub14,sub01;sub05;sub07;sub08;sub09;sub10;sub11;sub13;sub16;sub17;sub18;sub20;sub22;sub24;sub27;sub28;sub29,sub15,47,0.012423359788954258,0.02267623506486416,0.002,1e-05,1.0,1.0,True,False,multimodal,psd-fc-wpli,gated,cnn,True,finetune,segssl_barlow_all-patient_psd-fc-wpli_finetune_seed7_pre20_proj32_mask0_03_noise0_02_mlp1_0_sup100,True,barlow,psd,all-patient,True,7,1.0,0.1,32,0.03,0.02
multimodal_psd-fc-wpli_gated_cnn,8,sub14,sub01;sub05;sub07;sub08;sub09;sub10;sub11;sub13;sub16;sub17;sub18;sub20;sub22;sub24;sub27;sub28;sub29,sub15,48,0.010211516171693802,0.018432963639497757,0.002,1e-05,1.0,1.0,True,False,multimodal,psd-fc-wpli,gated,cnn,True,finetune,segssl_barlow_all-patient_psd-fc-wpli_finetune_seed7_pre20_proj32_mask0_03_noise0_02_mlp1_0_sup100,True,barlow,psd,all-patient,True,7,1.0,0.1,32,0.03,0.02
multimodal_psd-fc-wpli_gated_cnn,8,sub14,sub01;sub05;sub07;sub08;sub09;sub10;sub11;sub13;sub16;sub17;sub18;sub20;sub22;sub24;sub27;sub28;sub29,sub15,49,0.00843234732747078,0.015611582435667515,0.002,1e-05,1.0,1.0,True,False,multimodal,psd-fc-wpli,gated,cnn,True,finetune,segssl_barlow_all-patient_psd-fc-wpli_finetune_seed7_pre20_proj32_mask0_03_noise0_02_mlp1_0_sup100,True,barlow,psd,all-patient,True,7,1.0,0.1,32,0.03,0.02
multimodal_psd-fc-wpli_gated_cnn,8,sub14,sub01;sub05;sub07;sub08;sub09;sub10;sub11;sub13;sub16;sub17;sub18;sub20;sub22;sub24;sub27;sub28;sub29,sub15,50,0.006994691677391529,0.013675674796104431,0.002,1e-05,1.0,1.0,True,False,multimodal,psd-fc-wpli,gated,cnn,True,finetune,segssl_barlow_all-patient_psd-fc-wpli_finetune_seed7_pre20_proj32_mask0_03_noise0_02_mlp1_0_sup100,True,barlow,psd,all-patient,True,7,1.0,0.1,32,0.03,0.02
multimodal_psd-fc-wpli_gated_cnn,8,sub14,sub01;sub05;sub07;sub08;sub09;sub10;sub11;sub13;sub16;sub17;sub18;sub20;sub22;sub24;sub27;sub28;sub29,sub15,51,0.005834745708853006,0.01235275063663721,0.002,1e-05,1.0,1.0,True,False,multimodal,psd-fc-wpli,gated,cnn,True,finetune,segssl_barlow_all-patient_psd-fc-wpli_finetune_seed7_pre20_proj32_mask0_03_noise0_02_mlp1_0_sup100,True,barlow,psd,all-patient,True,7,1.0,0.1,32,0.03,0.02
multimodal_psd-fc-wpli_gated_cnn,8,sub14,sub01;sub05;sub07;sub08;sub09;sub10;sub11;sub13;sub16;sub17;sub18;sub20;sub22;sub24;sub27;sub28;sub29,sub15,52,0.004901852924376726,0.011417772620916367,0.002,1e-05,1.0,1.0,True,False,multimodal,psd-fc-wpli,gated,cnn,True,finetune,segssl_barlow_all-patient_psd-fc-wpli_finetune_seed7_pre20_proj32_mask0_03_noise0_02_mlp1_0_sup100,True,barlow,psd,all-patient,True,7,1.0,0.1,32,0.03,0.02
multimodal_psd-fc-wpli_gated_cnn,8,sub14,sub01;sub05;sub07;sub08;sub09;sub10;sub11;sub13;sub16;sub17;sub18;sub20;sub22;sub24;sub27;sub28;sub29,sub15,53,0.0041501400992274284,0.010754269547760487,0.002,1e-05,1.0,1.0,True,False,multimodal,psd-fc-wpli,gated,cnn,True,finetune,segssl_barlow_all-patient_psd-fc-wpli_finetune_seed7_pre20_proj32_mask0_03_noise0_02_mlp1_0_sup100,True,barlow,psd,all-patient,True,7,1.0,0.1,32,0.03,0.02
multimodal_psd-fc-wpli_gated_cnn,8,sub14,sub01;sub05;sub07;sub08;sub09;sub10;sub11;sub13;sub16;sub17;sub18;sub20;sub22;sub24;sub27;sub28;sub29,sub15,54,0.003537809709087014,0.010262095369398594,0.002,1e-05,1.0,1.0,True,False,multimodal,psd-fc-wpli,gated,cnn,True,finetune,segssl_barlow_all-patient_psd-fc-wpli_finetune_seed7_pre20_proj32_mask0_03_noise0_02_mlp1_0_sup100,True,barlow,psd,all-patient,True,7,1.0,0.1,32,0.03,0.02
multimodal_psd-fc-wpli_gated_cnn,8,sub14,sub01;sub05;sub07;sub08;sub09;sub10;sub11;sub13;sub16;sub17;sub18;sub20;sub22;sub24;sub27;sub28;sub29,sub15,55,0.0030371074099093676,0.00984895508736372,0.002,1e-05,1.0,1.0,True,False,multimodal,psd-fc-wpli,gated,cnn,True,finetune,segssl_barlow_all-patient_psd-fc-wpli_finetune_seed7_pre20_proj32_mask0_03_noise0_02_mlp1_0_sup100,True,barlow,psd,all-patient,True,7,1.0,0.1,32,0.03,0.02
multimodal_psd-fc-wpli_gated_cnn,8,sub14,sub01;sub05;sub07;sub08;sub09;sub10;sub11;sub13;sub16;sub17;sub18;sub20;sub22;sub24;sub27;sub28;sub29,sub15,56,0.0026250830851495266,0.009493568912148476,0.002,1e-05,1.0,1.0,True,False,multimodal,psd-fc-wpli,gated,cnn,True,finetune,segssl_barlow_all-patient_psd-fc-wpli_finetune_seed7_pre20_proj32_mask0_03_noise0_02_mlp1_0_sup100,True,barlow,psd,all-patient,True,7,1.0,0.1,32,0.03,0.02
multimodal_psd-fc-wpli_gated_cnn,8,sub14,sub01;sub05;sub07;sub08;sub09;sub10;sub11;sub13;sub16;sub17;sub18;sub20;sub22;sub24;sub27;sub28;sub29,sub15,57,0.0022835121490061283,0.009184988215565681,0.002,1e-05,1.0,1.0,True,False,multimodal,psd-fc-wpli,gated,cnn,True,finetune,segssl_barlow_all-patient_psd-fc-wpli_finetune_seed7_pre20_proj32_mask0_03_noise0_02_mlp1_0_sup100,True,barlow,psd,all-patient,True,7,1.0,0.1,32,0.03,0.02
multimodal_psd-fc-wpli_gated_cnn,8,sub14,sub01;sub05;sub07;sub08;sub09;sub10;sub11;sub13;sub16;sub17;sub18;sub20;sub22;sub24;sub27;sub28;sub29,sub15,58,0.0019987805280834436,0.008916674181818962,0.002,1e-05,1.0,1.0,True,False,multimodal,psd-fc-wpli,gated,cnn,True,finetune,segssl_barlow_all-patient_psd-fc-wpli_finetune_seed7_pre20_proj32_mask0_03_noise0_02_mlp1_0_sup100,True,barlow,psd,all-patient,True,7,1.0,0.1,32,0.03,0.02
multimodal_psd-fc-wpli_gated_cnn,8,sub14,sub01;sub05;sub07;sub08;sub09;sub10;sub11;sub13;sub16;sub17;sub18;sub20;sub22;sub24;sub27;sub28;sub29,sub15,59,0.00176024972461164,0.00867644976824522,0.002,1e-05,1.0,1.0,True,False,multimodal,psd-fc-wpli,gated,cnn,True,finetune,segssl_barlow_all-patient_psd-fc-wpli_finetune_seed7_pre20_proj32_mask0_03_noise0_02_mlp1_0_sup100,True,barlow,psd,all-patient,True,7,1.0,0.1,32,0.03,0.02
multimodal_psd-fc-wpli_gated_cnn,8,sub14,sub01;sub05;sub07;sub08;sub09;sub10;sub11;sub13;sub16;sub17;sub18;sub20;sub22;sub24;sub27;sub28;sub29,sub15,60,0.0015596022130921483,0.008458524011075497,0.002,1e-05,1.0,1.0,True,False,multimodal,psd-fc-wpli,gated,cnn,True,finetune,segssl_barlow_all-patient_psd-fc-wpli_finetune_seed7_pre20_proj32_mask0_03_noise0_02_mlp1_0_sup100,True,barlow,psd,all-patient,True,7,1.0,0.1,32,0.03,0.02
multimodal_psd-fc-wpli_gated_cnn,8,sub14,sub01;sub05;sub07;sub08;sub09;sub10;sub11;sub13;sub16;sub17;sub18;sub20;sub22;sub24;sub27;sub28;sub29,sub15,61,0.0013901852071285248,0.00826180074363947,0.002,1e-05,1.0,1.0,True,False,multimodal,psd-fc-wpli,gated,cnn,True,finetune,segssl_barlow_all-patient_psd-fc-wpli_finetune_seed7_pre20_proj32_mask0_03_noise0_02_mlp1_0_sup100,True,barlow,psd,all-patient,True,7,1.0,0.1,32,0.03,0.02
multimodal_psd-fc-wpli_gated_cnn,8,sub14,sub01;sub05;sub07;sub08;sub09;sub10;sub11;sub13;sub16;sub17;sub18;sub20;sub22;sub24;sub27;sub28;sub29,sub15,62,0.0012467479100450873,0.008092215284705162,0.002,1e-05,1.0,1.0,True,False,multimodal,psd-fc-wpli,gated,cnn,True,finetune,segssl_barlow_all-patient_psd-fc-wpli_finetune_seed7_pre20_proj32_mask0_03_noise0_02_mlp1_0_sup100,True,barlow,psd,all-patient,True,7,1.0,0.1,32,0.03,0.02
multimodal_psd-fc-wpli_gated_cnn,8,sub14,sub01;sub05;sub07;sub08;sub09;sub10;sub11;sub13;sub16;sub17;sub18;sub20;sub22;sub24;sub27;sub28;sub29,sub15,63,0.0011241597821936011,0.007948793470859528,0.002,1e-05,1.0,1.0,True,False,multimodal,psd-fc-wpli,gated,cnn,True,finetune,segssl_barlow_all-patient_psd-fc-wpli_finetune_seed7_pre20_proj32_mask0_03_noise0_02_mlp1_0_sup100,True,barlow,psd,all-patient,True,7,1.0,0.1,32,0.03,0.02
multimodal_psd-fc-wpli_gated_cnn,8,sub14,sub01;sub05;sub07;sub08;sub09;sub10;sub11;sub13;sub16;sub17;sub18;sub20;sub22;sub24;sub27;sub28;sub29,sub15,64,0.0010192212648689747,0.007830020971596241,0.002,1e-05,1.0,1.0,True,False,multimodal,psd-fc-wpli,gated,cnn,True,finetune,segssl_barlow_all-patient_psd-fc-wpli_finetune_seed7_pre20_proj32_mask0_03_noise0_02_mlp1_0_sup100,True,barlow,psd,all-patient,True,7,1.0,0.1,32,0.03,0.02
multimodal_psd-fc-wpli_gated_cnn,8,sub14,sub01;sub05;sub07;sub08;sub09;sub10;sub11;sub13;sub16;sub17;sub18;sub20;sub22;sub24;sub27;sub28;sub29,sub15,65,0.0009291668538935483,0.007733308244496584,0.002,1e-05,1.0,1.0,True,False,multimodal,psd-fc-wpli,gated,cnn,True,finetune,segssl_barlow_all-patient_psd-fc-wpli_finetune_seed7_pre20_proj32_mask0_03_noise0_02_mlp1_0_sup100,True,barlow,psd,all-patient,True,7,1.0,0.1,32,0.03,0.02
multimodal_psd-fc-wpli_gated_cnn,8,sub14,sub01;sub05;sub07;sub08;sub09;sub10;sub11;sub13;sub16;sub17;sub18;sub20;sub22;sub24;sub27;sub28;sub29,sub15,66,0.0008517276146449149,0.0076566049829125404,0.002,1e-05,1.0,1.0,True,False,multimodal,psd-fc-wpli,gated,cnn,True,finetune,segssl_barlow_all-patient_psd-fc-wpli_finetune_seed7_pre20_proj32_mask0_03_noise0_02_mlp1_0_sup100,True,barlow,psd,all-patient,True,7,1.0,0.1,32,0.03,0.02
multimodal_psd-fc-wpli_gated_cnn,8,sub14,sub01;sub05;sub07;sub08;sub09;sub10;sub11;sub13;sub16;sub17;sub18;sub20;sub22;sub24;sub27;sub28;sub29,sub15,67,0.0007847933447919786,0.0075990064069628716,0.002,1e-05,1.0,1.0,True,False,multimodal,psd-fc-wpli,gated,cnn,True,finetune,segssl_barlow_all-patient_psd-fc-wpli_finetune_seed7_pre20_proj32_mask0_03_noise0_02_mlp1_0_sup100,True,barlow,psd,all-patient,True,7,1.0,0.1,32,0.03,0.02
multimodal_psd-fc-wpli_gated_cnn,8,sub14,sub01;sub05;sub07;sub08;sub09;sub10;sub11;sub13;sub16;sub17;sub18;sub20;sub22;sub24;sub27;sub28;sub29,sub15,68,0.0007264817832037807,0.007559488527476788,0.002,1e-05,1.0,1.0,True,False,multimodal,psd-fc-wpli,gated,cnn,True,finetune,segssl_barlow_all-patient_psd-fc-wpli_finetune_seed7_pre20_proj32_mask0_03_noise0_02_mlp1_0_sup100,True,barlow,psd,all-patient,True,7,1.0,0.1,32,0.03,0.02
multimodal_psd-fc-wpli_gated_cnn,8,sub14,sub01;sub05;sub07;sub08;sub09;sub10;sub11;sub13;sub16;sub17;sub18;sub20;sub22;sub24;sub27;sub28;sub29,sub15,69,0.0006753703928552568,0.00753810815513134,0.002,1e-05,1.0,1.0,True,False,multimodal,psd-fc-wpli,gated,cnn,True,finetune,segssl_barlow_all-patient_psd-fc-wpli_finetune_seed7_pre20_proj32_mask0_03_noise0_02_mlp1_0_sup100,True,barlow,psd,all-patient,True,7,1.0,0.1,32,0.03,0.02
multimodal_psd-fc-wpli_gated_cnn,8,sub14,sub01;sub05;sub07;sub08;sub09;sub10;sub11;sub13;sub16;sub17;sub18;sub20;sub22;sub24;sub27;sub28;sub29,sub15,70,0.0006302842521108687,0.00753228273242712,0.002,1e-05,1.0,1.0,True,False,multimodal,psd-fc-wpli,gated,cnn,True,finetune,segssl_barlow_all-patient_psd-fc-wpli_finetune_seed7_pre20_proj32_mask0_03_noise0_02_mlp1_0_sup100,True,barlow,psd,all-patient,True,7,1.0,0.1,32,0.03,0.02
multimodal_psd-fc-wpli_gated_cnn,8,sub14,sub01;sub05;sub07;sub08;sub09;sub10;sub11;sub13;sub16;sub17;sub18;sub20;sub22;sub24;sub27;sub28;sub29,sub15,71,0.0005904339486733079,0.007539849728345871,0.002,1e-05,1.0,1.0,False,False,multimodal,psd-fc-wpli,gated,cnn,True,finetune,segssl_barlow_all-patient_psd-fc-wpli_finetune_seed7_pre20_proj32_mask0_03_noise0_02_mlp1_0_sup100,True,barlow,psd,all-patient,True,7,1.0,0.1,32,0.03,0.02
multimodal_psd-fc-wpli_gated_cnn,8,sub14,sub01;sub05;sub07;sub08;sub09;sub10;sub11;sub13;sub16;sub17;sub18;sub20;sub22;sub24;sub27;sub28;sub29,sub15,72,0.0005550297209993005,0.007558767683804035,0.002,1e-05,1.0,1.0,False,False,multimodal,psd-fc-wpli,gated,cnn,True,finetune,segssl_barlow_all-patient_psd-fc-wpli_finetune_seed7_pre20_proj32_mask0_03_noise0_02_mlp1_0_sup100,True,barlow,psd,all-patient,True,7,1.0,0.1,32,0.03,0.02
multimodal_psd-fc-wpli_gated_cnn,8,sub14,sub01;sub05;sub07;sub08;sub09;sub10;sub11;sub13;sub16;sub17;sub18;sub20;sub22;sub24;sub27;sub28;sub29,sub15,73,0.0005234224954620004,0.00758813600987196,0.002,1e-05,1.0,1.0,False,False,multimodal,psd-fc-wpli,gated,cnn,True,finetune,segssl_barlow_all-patient_psd-fc-wpli_finetune_seed7_pre20_proj32_mask0_03_noise0_02_mlp1_0_sup100,True,barlow,psd,all-patient,True,7,1.0,0.1,32,0.03,0.02
multimodal_psd-fc-wpli_gated_cnn,8,sub14,sub01;sub05;sub07;sub08;sub09;sub10;sub11;sub13;sub16;sub17;sub18;sub20;sub22;sub24;sub27;sub28;sub29,sub15,74,0.0004950873553752899,0.007626333739608526,0.002,1e-05,1.0,1.0,False,False,multimodal,psd-fc-wpli,gated,cnn,True,finetune,segssl_barlow_all-patient_psd-fc-wpli_finetune_seed7_pre20_proj32_mask0_03_noise0_02_mlp1_0_sup100,True,barlow,psd,all-patient,True,7,1.0,0.1,32,0.03,0.02
multimodal_psd-fc-wpli_gated_cnn,8,sub14,sub01;sub05;sub07;sub08;sub09;sub10;sub11;sub13;sub16;sub17;sub18;sub20;sub22;sub24;sub27;sub28;sub29,sub15,75,0.0004696036339737475,0.0076716807670891285,0.002,1e-05,1.0,1.0,False,False,multimodal,psd-fc-wpli,gated,cnn,True,finetune,segssl_barlow_all-patient_psd-fc-wpli_finetune_seed7_pre20_proj32_mask0_03_noise0_02_mlp1_0_sup100,True,barlow,psd,all-patient,True,7,1.0,0.1,32,0.03,0.02
multimodal_psd-fc-wpli_gated_cnn,8,sub14,sub01;sub05;sub07;sub08;sub09;sub10;sub11;sub13;sub16;sub17;sub18;sub20;sub22;sub24;sub27;sub28;sub29,sub15,76,0.0004466080863494426,0.007720633875578642,0.002,1e-05,1.0,1.0,False,False,multimodal,psd-fc-wpli,gated,cnn,True,finetune,segssl_barlow_all-patient_psd-fc-wpli_finetune_seed7_pre20_proj32_mask0_03_noise0_02_mlp1_0_sup100,True,barlow,psd,all-patient,True,7,1.0,0.1,32,0.03,0.02
multimodal_psd-fc-wpli_gated_cnn,8,sub14,sub01;sub05;sub07;sub08;sub09;sub10;sub11;sub13;sub16;sub17;sub18;sub20;sub22;sub24;sub27;sub28;sub29,sub15,77,0.00042579256114549935,0.007771511562168598,0.002,1e-05,1.0,1.0,False,False,multimodal,psd-fc-wpli,gated,cnn,True,finetune,segssl_barlow_all-patient_psd-fc-wpli_finetune_seed7_pre20_proj32_mask0_03_noise0_02_mlp1_0_sup100,True,barlow,psd,all-patient,True,7,1.0,0.1,32,0.03,0.02
multimodal_psd-fc-wpli_gated_cnn,8,sub14,sub01;sub05;sub07;sub08;sub09;sub10;sub11;sub13;sub16;sub17;sub18;sub20;sub22;sub24;sub27;sub28;sub29,sub15,78,0.00040691386675462127,0.007825996726751328,0.002,1e-05,1.0,1.0,False,False,multimodal,psd-fc-wpli,gated,cnn,True,finetune,segssl_barlow_all-patient_psd-fc-wpli_finetune_seed7_pre20_proj32_mask0_03_noise0_02_mlp1_0_sup100,True,barlow,psd,all-patient,True,7,1.0,0.1,32,0.03,0.02
multimodal_psd-fc-wpli_gated_cnn,8,sub14,sub01;sub05;sub07;sub08;sub09;sub10;sub11;sub13;sub16;sub17;sub18;sub20;sub22;sub24;sub27;sub28;sub29,sub15,79,0.0003897545684594661,0.007883608341217041,0.002,1e-05,1.0,1.0,False,False,multimodal,psd-fc-wpli,gated,cnn,True,finetune,segssl_barlow_all-patient_psd-fc-wpli_finetune_seed7_pre20_proj32_mask0_03_noise0_02_mlp1_0_sup100,True,barlow,psd,all-patient,True,7,1.0,0.1,32,0.03,0.02
multimodal_psd-fc-wpli_gated_cnn,8,sub14,sub01;sub05;sub07;sub08;sub09;sub10;sub11;sub13;sub16;sub17;sub18;sub20;sub22;sub24;sub27;sub28;sub29,sub15,80,0.0003740901011042297,0.007945127785205841,0.002,1e-05,1.0,1.0,False,False,multimodal,psd-fc-wpli,gated,cnn,True,finetune,segssl_barlow_all-patient_psd-fc-wpli_finetune_seed7_pre20_proj32_mask0_03_noise0_02_mlp1_0_sup100,True,barlow,psd,all-patient,True,7,1.0,0.1,32,0.03,0.02
multimodal_psd-fc-wpli_gated_cnn,8,sub14,sub01;sub05;sub07;sub08;sub09;sub10;sub11;sub13;sub16;sub17;sub18;sub20;sub22;sub24;sub27;sub28;sub29,sub15,81,0.00035972235491499305,0.008009235374629498,0.002,1e-05,1.0,1.0,False,False,multimodal,psd-fc-wpli,gated,cnn,True,finetune,segssl_barlow_all-patient_psd-fc-wpli_finetune_seed7_pre20_proj32_mask0_03_noise0_02_mlp1_0_sup100,True,barlow,psd,all-patient,True,7,1.0,0.1,32,0.03,0.02
multimodal_psd-fc-wpli_gated_cnn,8,sub14,sub01;sub05;sub07;sub08;sub09;sub10;sub11;sub13;sub16;sub17;sub18;sub20;sub22;sub24;sub27;sub28;sub29,sub15,82,0.0003464837500359863,0.008072145283222198,0.002,1e-05,1.0,1.0,False,False,multimodal,psd-fc-wpli,gated,cnn,True,finetune,segssl_barlow_all-patient_psd-fc-wpli_finetune_seed7_pre20_proj32_mask0_03_noise0_02_mlp1_0_sup100,True,barlow,psd,all-patient,True,7,1.0,0.1,32,0.03,0.02
multimodal_psd-fc-wpli_gated_cnn,8,sub14,sub01;sub05;sub07;sub08;sub09;sub10;sub11;sub13;sub16;sub17;sub18;sub20;sub22;sub24;sub27;sub28;sub29,sub15,83,0.00033430405892431736,0.00812959112226963,0.002,1e-05,1.0,1.0,False,False,multimodal,psd-fc-wpli,gated,cnn,True,finetune,segssl_barlow_all-patient_psd-fc-wpli_finetune_seed7_pre20_proj32_mask0_03_noise0_02_mlp1_0_sup100,True,barlow,psd,all-patient,True,7,1.0,0.1,32,0.03,0.02
multimodal_psd-fc-wpli_gated_cnn,8,sub14,sub01;sub05;sub07;sub08;sub09;sub10;sub11;sub13;sub16;sub17;sub18;sub20;sub22;sub24;sub27;sub28;sub29,sub15,84,0.0003230544680263847,0.008180669508874416,0.002,1e-05,1.0,1.0,False,False,multimodal,psd-fc-wpli,gated,cnn,True,finetune,segssl_barlow_all-patient_psd-fc-wpli_finetune_seed7_pre20_proj32_mask0_03_noise0_02_mlp1_0_sup100,True,barlow,psd,all-patient,True,7,1.0,0.1,32,0.03,0.02
multimodal_psd-fc-wpli_gated_cnn,8,sub14,sub01;sub05;sub07;sub08;sub09;sub10;sub11;sub13;sub16;sub17;sub18;sub20;sub22;sub24;sub27;sub28;sub29,sub15,85,0.00031260939431376755,0.008222796954214573,0.002,1e-05,1.0,1.0,False,False,multimodal,psd-fc-wpli,gated,cnn,True,finetune,segssl_barlow_all-patient_psd-fc-wpli_finetune_seed7_pre20_proj32_mask0_03_noise0_02_mlp1_0_sup100,True,barlow,psd,all-patient,True,7,1.0,0.1,32,0.03,0.02
multimodal_psd-fc-wpli_gated_cnn,8,sub14,sub01;sub05;sub07;sub08;sub09;sub10;sub11;sub13;sub16;sub17;sub18;sub20;sub22;sub24;sub27;sub28;sub29,sub15,86,0.0003028969222214073,0.008255730383098125,0.002,1e-05,1.0,1.0,False,False,multimodal,psd-fc-wpli,gated,cnn,True,finetune,segssl_barlow_all-patient_psd-fc-wpli_finetune_seed7_pre20_proj32_mask0_03_noise0_02_mlp1_0_sup100,True,barlow,psd,all-patient,True,7,1.0,0.1,32,0.03,0.02
multimodal_psd-fc-wpli_gated_cnn,8,sub14,sub01;sub05;sub07;sub08;sub09;sub10;sub11;sub13;sub16;sub17;sub18;sub20;sub22;sub24;sub27;sub28;sub29,sub15,87,0.00029380974592640996,0.008280010893940926,0.002,1e-05,1.0,1.0,False,False,multimodal,psd-fc-wpli,gated,cnn,True,finetune,segssl_barlow_all-patient_psd-fc-wpli_finetune_seed7_pre20_proj32_mask0_03_noise0_02_mlp1_0_sup100,True,barlow,psd,all-patient,True,7,1.0,0.1,32,0.03,0.02
multimodal_psd-fc-wpli_gated_cnn,8,sub14,sub01;sub05;sub07;sub08;sub09;sub10;sub11;sub13;sub16;sub17;sub18;sub20;sub22;sub24;sub27;sub28;sub29,sub15,88,0.00028530016425065696,0.008294675499200821,0.002,1e-05,1.0,1.0,False,False,multimodal,psd-fc-wpli,gated,cnn,True,finetune,segssl_barlow_all-patient_psd-fc-wpli_finetune_seed7_pre20_proj32_mask0_03_noise0_02_mlp1_0_sup100,True,barlow,psd,all-patient,True,7,1.0,0.1,32,0.03,0.02
multimodal_psd-fc-wpli_gated_cnn,8,sub14,sub01;sub05;sub07;sub08;sub09;sub10;sub11;sub13;sub16;sub17;sub18;sub20;sub22;sub24;sub27;sub28;sub29,sub15,89,0.00027732248418033123,0.008303389884531498,0.002,1e-05,1.0,1.0,False,False,multimodal,psd-fc-wpli,gated,cnn,True,finetune,segssl_barlow_all-patient_psd-fc-wpli_finetune_seed7_pre20_proj32_mask0_03_noise0_02_mlp1_0_sup100,True,barlow,psd,all-patient,True,7,1.0,0.1,32,0.03,0.02
multimodal_psd-fc-wpli_gated_cnn,8,sub14,sub01;sub05;sub07;sub08;sub09;sub10;sub11;sub13;sub16;sub17;sub18;sub20;sub22;sub24;sub27;sub28;sub29,sub15,90,0.00026981637347489595,0.008306575007736683,0.002,1e-05,1.0,1.0,False,False,multimodal,psd-fc-wpli,gated,cnn,True,finetune,segssl_barlow_all-patient_psd-fc-wpli_finetune_seed7_pre20_proj32_mask0_03_noise0_02_mlp1_0_sup100,True,barlow,psd,all-patient,True,7,1.0,0.1,32,0.03,0.02
multimodal_psd-fc-wpli_gated_cnn,8,sub14,sub01;sub05;sub07;sub08;sub09;sub10;sub11;sub13;sub16;sub17;sub18;sub20;sub22;sub24;sub27;sub28;sub29,sub15,91,0.0002627488865982741,0.008307176642119884,0.002,1e-05,1.0,1.0,False,False,multimodal,psd-fc-wpli,gated,cnn,True,finetune,segssl_barlow_all-patient_psd-fc-wpli_finetune_seed7_pre20_proj32_mask0_03_noise0_02_mlp1_0_sup100,True,barlow,psd,all-patient,True,7,1.0,0.1,32,0.03,0.02
multimodal_psd-fc-wpli_gated_cnn,8,sub14,sub01;sub05;sub07;sub08;sub09;sub10;sub11;sub13;sub16;sub17;sub18;sub20;sub22;sub24;sub27;sub28;sub29,sub15,92,0.0002560715365689248,0.008304952643811703,0.002,1e-05,1.0,1.0,False,False,multimodal,psd-fc-wpli,gated,cnn,True,finetune,segssl_barlow_all-patient_psd-fc-wpli_finetune_seed7_pre20_proj32_mask0_03_noise0_02_mlp1_0_sup100,True,barlow,psd,all-patient,True,7,1.0,0.1,32,0.03,0.02
multimodal_psd-fc-wpli_gated_cnn,8,sub14,sub01;sub05;sub07;sub08;sub09;sub10;sub11;sub13;sub16;sub17;sub18;sub20;sub22;sub24;sub27;sub28;sub29,sub15,93,0.0002497422101441771,0.008300925604999065,0.002,1e-05,1.0,1.0,False,False,multimodal,psd-fc-wpli,gated,cnn,True,finetune,segssl_barlow_all-patient_psd-fc-wpli_finetune_seed7_pre20_proj32_mask0_03_noise0_02_mlp1_0_sup100,True,barlow,psd,all-patient,True,7,1.0,0.1,32,0.03,0.02
multimodal_psd-fc-wpli_gated_cnn,8,sub14,sub01;sub05;sub07;sub08;sub09;sub10;sub11;sub13;sub16;sub17;sub18;sub20;sub22;sub24;sub27;sub28;sub29,sub15,94,0.00024374171334784478,0.008294675499200821,0.002,1e-05,1.0,1.0,False,False,multimodal,psd-fc-wpli,gated,cnn,True,finetune,segssl_barlow_all-patient_psd-fc-wpli_finetune_seed7_pre20_proj32_mask0_03_noise0_02_mlp1_0_sup100,True,barlow,psd,all-patient,True,7,1.0,0.1,32,0.03,0.02
multimodal_psd-fc-wpli_gated_cnn,8,sub14,sub01;sub05;sub07;sub08;sub09;sub10;sub11;sub13;sub16;sub17;sub18;sub20;sub22;sub24;sub27;sub28;sub29,sub15,95,0.0002380394726060331,0.00828481838107109,0.002,1e-05,1.0,1.0,False,False,multimodal,psd-fc-wpli,gated,cnn,True,finetune,segssl_barlow_all-patient_psd-fc-wpli_finetune_seed7_pre20_proj32_mask0_03_noise0_02_mlp1_0_sup100,True,barlow,psd,all-patient,True,7,1.0,0.1,32,0.03,0.02
multimodal_psd-fc-wpli_gated_cnn,8,sub14,sub01;sub05;sub07;sub08;sub09;sub10;sub11;sub13;sub16;sub17;sub18;sub20;sub22;sub24;sub27;sub28;sub29,sub15,96,0.00023261079331859946,0.008271836675703526,0.002,1e-05,1.0,1.0,False,False,multimodal,psd-fc-wpli,gated,cnn,True,finetune,segssl_barlow_all-patient_psd-fc-wpli_finetune_seed7_pre20_proj32_mask0_03_noise0_02_mlp1_0_sup100,True,barlow,psd,all-patient,True,7,1.0,0.1,32,0.03,0.02
multimodal_psd-fc-wpli_gated_cnn,8,sub14,sub01;sub05;sub07;sub08;sub09;sub10;sub11;sub13;sub16;sub17;sub18;sub20;sub22;sub24;sub27;sub28;sub29,sub15,97,0.00022744241869077086,0.008256331086158752,0.002,1e-05,1.0,1.0,False,False,multimodal,psd-fc-wpli,gated,cnn,True,finetune,segssl_barlow_all-patient_psd-fc-wpli_finetune_seed7_pre20_proj32_mask0_03_noise0_02_mlp1_0_sup100,True,barlow,psd,all-patient,True,7,1.0,0.1,32,0.03,0.02
multimodal_psd-fc-wpli_gated_cnn,8,sub14,sub01;sub05;sub07;sub08;sub09;sub10;sub11;sub13;sub16;sub17;sub18;sub20;sub22;sub24;sub27;sub28;sub29,sub15,98,0.00022249478206504136,0.008238602429628372,0.002,1e-05,1.0,1.0,False,False,multimodal,psd-fc-wpli,gated,cnn,True,finetune,segssl_barlow_all-patient_psd-fc-wpli_finetune_seed7_pre20_proj32_mask0_03_noise0_02_mlp1_0_sup100,True,barlow,psd,all-patient,True,7,1.0,0.1,32,0.03,0.02
multimodal_psd-fc-wpli_gated_cnn,8,sub14,sub01;sub05;sub07;sub08;sub09;sub10;sub11;sub13;sub16;sub17;sub18;sub20;sub22;sub24;sub27;sub28;sub29,sub15,99,0.00021778841619379818,0.00821877084672451,0.002,1e-05,1.0,1.0,False,False,multimodal,psd-fc-wpli,gated,cnn,True,finetune,segssl_barlow_all-patient_psd-fc-wpli_finetune_seed7_pre20_proj32_mask0_03_noise0_02_mlp1_0_sup100,True,barlow,psd,all-patient,True,7,1.0,0.1,32,0.03,0.02
multimodal_psd-fc-wpli_gated_cnn,8,sub14,sub01;sub05;sub07;sub08;sub09;sub10;sub11;sub13;sub16;sub17;sub18;sub20;sub22;sub24;sub27;sub28;sub29,sub15,100,0.00021324405679479241,0.00819773692637682,0.002,1e-05,1.0,1.0,False,False,multimodal,psd-fc-wpli,gated,cnn,True,finetune,segssl_barlow_all-patient_psd-fc-wpli_finetune_seed7_pre20_proj32_mask0_03_noise0_02_mlp1_0_sup100,True,barlow,psd,all-patient,True,7,1.0,0.1,32,0.03,0.02
multimodal_psd-fc-wpli_gated_cnn,9,sub15,sub01;sub05;sub07;sub08;sub09;sub10;sub11;sub13;sub14;sub17;sub18;sub20;sub22;sub24;sub27;sub28;sub29,sub16,1,0.6886109709739685,0.7452389597892761,0.002,1e-05,1.0,1.0,True,False,multimodal,psd-fc-wpli,gated,cnn,True,finetune,segssl_barlow_all-patient_psd-fc-wpli_finetune_seed7_pre20_proj32_mask0_03_noise0_02_mlp1_0_sup100,True,barlow,psd,all-patient,True,7,1.0,0.1,32,0.03,0.02
multimodal_psd-fc-wpli_gated_cnn,9,sub15,sub01;sub05;sub07;sub08;sub09;sub10;sub11;sub13;sub14;sub17;sub18;sub20;sub22;sub24;sub27;sub28;sub29,sub16,2,0.6816958785057068,0.7390677332878113,0.002,1e-05,1.0,1.0,True,False,multimodal,psd-fc-wpli,gated,cnn,True,finetune,segssl_barlow_all-patient_psd-fc-wpli_finetune_seed7_pre20_proj32_mask0_03_noise0_02_mlp1_0_sup100,True,barlow,psd,all-patient,True,7,1.0,0.1,32,0.03,0.02
multimodal_psd-fc-wpli_gated_cnn,9,sub15,sub01;sub05;sub07;sub08;sub09;sub10;sub11;sub13;sub14;sub17;sub18;sub20;sub22;sub24;sub27;sub28;sub29,sub16,3,0.6753131151199341,0.7305984497070312,0.002,1e-05,1.0,1.0,True,False,multimodal,psd-fc-wpli,gated,cnn,True,finetune,segssl_barlow_all-patient_psd-fc-wpli_finetune_seed7_pre20_proj32_mask0_03_noise0_02_mlp1_0_sup100,True,barlow,psd,all-patient,True,7,1.0,0.1,32,0.03,0.02
multimodal_psd-fc-wpli_gated_cnn,9,sub15,sub01;sub05;sub07;sub08;sub09;sub10;sub11;sub13;sub14;sub17;sub18;sub20;sub22;sub24;sub27;sub28;sub29,sub16,4,0.6690760254859924,0.7219599485397339,0.002,1e-05,1.0,1.0,True,False,multimodal,psd-fc-wpli,gated,cnn,True,finetune,segssl_barlow_all-patient_psd-fc-wpli_finetune_seed7_pre20_proj32_mask0_03_noise0_02_mlp1_0_sup100,True,barlow,psd,all-patient,True,7,1.0,0.1,32,0.03,0.02
multimodal_psd-fc-wpli_gated_cnn,9,sub15,sub01;sub05;sub07;sub08;sub09;sub10;sub11;sub13;sub14;sub17;sub18;sub20;sub22;sub24;sub27;sub28;sub29,sub16,5,0.6624309420585632,0.7130403518676758,0.002,1e-05,1.0,1.0,True,False,multimodal,psd-fc-wpli,gated,cnn,True,finetune,segssl_barlow_all-patient_psd-fc-wpli_finetune_seed7_pre20_proj32_mask0_03_noise0_02_mlp1_0_sup100,True,barlow,psd,all-patient,True,7,1.0,0.1,32,0.03,0.02
multimodal_psd-fc-wpli_gated_cnn,9,sub15,sub01;sub05;sub07;sub08;sub09;sub10;sub11;sub13;sub14;sub17;sub18;sub20;sub22;sub24;sub27;sub28;sub29,sub16,6,0.6546072959899902,0.7070906758308411,0.002,1e-05,1.0,1.0,True,False,multimodal,psd-fc-wpli,gated,cnn,True,finetune,segssl_barlow_all-patient_psd-fc-wpli_finetune_seed7_pre20_proj32_mask0_03_noise0_02_mlp1_0_sup100,True,barlow,psd,all-patient,True,7,1.0,0.1,32,0.03,0.02
multimodal_psd-fc-wpli_gated_cnn,9,sub15,sub01;sub05;sub07;sub08;sub09;sub10;sub11;sub13;sub14;sub17;sub18;sub20;sub22;sub24;sub27;sub28;sub29,sub16,7,0.6456427574157715,0.7009438872337341,0.002,1e-05,1.0,1.0,True,False,multimodal,psd-fc-wpli,gated,cnn,True,finetune,segssl_barlow_all-patient_psd-fc-wpli_finetune_seed7_pre20_proj32_mask0_03_noise0_02_mlp1_0_sup100,True,barlow,psd,all-patient,True,7,1.0,0.1,32,0.03,0.02
multimodal_psd-fc-wpli_gated_cnn,9,sub15,sub01;sub05;sub07;sub08;sub09;sub10;sub11;sub13;sub14;sub17;sub18;sub20;sub22;sub24;sub27;sub28;sub29,sub16,8,0.635524332523346,0.6905821561813354,0.002,1e-05,1.0,1.0,True,False,multimodal,psd-fc-wpli,gated,cnn,True,finetune,segssl_barlow_all-patient_psd-fc-wpli_finetune_seed7_pre20_proj32_mask0_03_noise0_02_mlp1_0_sup100,True,barlow,psd,all-patient,True,7,1.0,0.1,32,0.03,0.02
multimodal_psd-fc-wpli_gated_cnn,9,sub15,sub01;sub05;sub07;sub08;sub09;sub10;sub11;sub13;sub14;sub17;sub18;sub20;sub22;sub24;sub27;sub28;sub29,sub16,9,0.6245336532592773,0.6813856959342957,0.002,1e-05,1.0,1.0,True,False,multimodal,psd-fc-wpli,gated,cnn,True,finetune,segssl_barlow_all-patient_psd-fc-wpli_finetune_seed7_pre20_proj32_mask0_03_noise0_02_mlp1_0_sup100,True,barlow,psd,all-patient,True,7,1.0,0.1,32,0.03,0.02
multimodal_psd-fc-wpli_gated_cnn,9,sub15,sub01;sub05;sub07;sub08;sub09;sub10;sub11;sub13;sub14;sub17;sub18;sub20;sub22;sub24;sub27;sub28;sub29,sub16,10,0.6124523878097534,0.6731459498405457,0.002,1e-05,1.0,1.0,True,False,multimodal,psd-fc-wpli,gated,cnn,True,finetune,segssl_barlow_all-patient_psd-fc-wpli_finetune_seed7_pre20_proj32_mask0_03_noise0_02_mlp1_0_sup100,True,barlow,psd,all-patient,True,7,1.0,0.1,32,0.03,0.02
multimodal_psd-fc-wpli_gated_cnn,9,sub15,sub01;sub05;sub07;sub08;sub09;sub10;sub11;sub13;sub14;sub17;sub18;sub20;sub22;sub24;sub27;sub28;sub29,sub16,11,0.5990721583366394,0.6642849445343018,0.002,1e-05,1.0,1.0,True,False,multimodal,psd-fc-wpli,gated,cnn,True,finetune,segssl_barlow_all-patient_psd-fc-wpli_finetune_seed7_pre20_proj32_mask0_03_noise0_02_mlp1_0_sup100,True,barlow,psd,all-patient,True,7,1.0,0.1,32,0.03,0.02
multimodal_psd-fc-wpli_gated_cnn,9,sub15,sub01;sub05;sub07;sub08;sub09;sub10;sub11;sub13;sub14;sub17;sub18;sub20;sub22;sub24;sub27;sub28;sub29,sub16,12,0.5845292210578918,0.6536026000976562,0.002,1e-05,1.0,1.0,True,False,multimodal,psd-fc-wpli,gated,cnn,True,finetune,segssl_barlow_all-patient_psd-fc-wpli_finetune_seed7_pre20_proj32_mask0_03_noise0_02_mlp1_0_sup100,True,barlow,psd,all-patient,True,7,1.0,0.1,32,0.03,0.02
multimodal_psd-fc-wpli_gated_cnn,9,sub15,sub01;sub05;sub07;sub08;sub09;sub10;sub11;sub13;sub14;sub17;sub18;sub20;sub22;sub24;sub27;sub28;sub29,sub16,13,0.5688174962997437,0.6404566168785095,0.002,1e-05,1.0,1.0,True,False,multimodal,psd-fc-wpli,gated,cnn,True,finetune,segssl_barlow_all-patient_psd-fc-wpli_finetune_seed7_pre20_proj32_mask0_03_noise0_02_mlp1_0_sup100,True,barlow,psd,all-patient,True,7,1.0,0.1,32,0.03,0.02
multimodal_psd-fc-wpli_gated_cnn,9,sub15,sub01;sub05;sub07;sub08;sub09;sub10;sub11;sub13;sub14;sub17;sub18;sub20;sub22;sub24;sub27;sub28;sub29,sub16,14,0.5519722104072571,0.6238882541656494,0.002,1e-05,1.0,1.0,True,False,multimodal,psd-fc-wpli,gated,cnn,True,finetune,segssl_barlow_all-patient_psd-fc-wpli_finetune_seed7_pre20_proj32_mask0_03_noise0_02_mlp1_0_sup100,True,barlow,psd,all-patient,True,7,1.0,0.1,32,0.03,0.02
multimodal_psd-fc-wpli_gated_cnn,9,sub15,sub01;sub05;sub07;sub08;sub09;sub10;sub11;sub13;sub14;sub17;sub18;sub20;sub22;sub24;sub27;sub28;sub29,sub16,15,0.5338082909584045,0.6063223481178284,0.002,1e-05,1.0,1.0,True,False,multimodal,psd-fc-wpli,gated,cnn,True,finetune,segssl_barlow_all-patient_psd-fc-wpli_finetune_seed7_pre20_proj32_mask0_03_noise0_02_mlp1_0_sup100,True,barlow,psd,all-patient,True,7,1.0,0.1,32,0.03,0.02
multimodal_psd-fc-wpli_gated_cnn,9,sub15,sub01;sub05;sub07;sub08;sub09;sub10;sub11;sub13;sub14;sub17;sub18;sub20;sub22;sub24;sub27;sub28;sub29,sub16,16,0.5145182609558105,0.5885587930679321,0.002,1e-05,1.0,1.0,True,False,multimodal,psd-fc-wpli,gated,cnn,True,finetune,segssl_barlow_all-patient_psd-fc-wpli_finetune_seed7_pre20_proj32_mask0_03_noise0_02_mlp1_0_sup100,True,barlow,psd,all-patient,True,7,1.0,0.1,32,0.03,0.02
multimodal_psd-fc-wpli_gated_cnn,9,sub15,sub01;sub05;sub07;sub08;sub09;sub10;sub11;sub13;sub14;sub17;sub18;sub20;sub22;sub24;sub27;sub28;sub29,sub16,17,0.49349918961524963,0.570862352848053,0.002,1e-05,1.0,1.0,True,False,multimodal,psd-fc-wpli,gated,cnn,True,finetune,segssl_barlow_all-patient_psd-fc-wpli_finetune_seed7_pre20_proj32_mask0_03_noise0_02_mlp1_0_sup100,True,barlow,psd,all-patient,True,7,1.0,0.1,32,0.03,0.02
multimodal_psd-fc-wpli_gated_cnn,9,sub15,sub01;sub05;sub07;sub08;sub09;sub10;sub11;sub13;sub14;sub17;sub18;sub20;sub22;sub24;sub27;sub28;sub29,sub16,18,0.47108516097068787,0.5524559617042542,0.002,1e-05,1.0,1.0,True,False,multimodal,psd-fc-wpli,gated,cnn,True,finetune,segssl_barlow_all-patient_psd-fc-wpli_finetune_seed7_pre20_proj32_mask0_03_noise0_02_mlp1_0_sup100,True,barlow,psd,all-patient,True,7,1.0,0.1,32,0.03,0.02
multimodal_psd-fc-wpli_gated_cnn,9,sub15,sub01;sub05;sub07;sub08;sub09;sub10;sub11;sub13;sub14;sub17;sub18;sub20;sub22;sub24;sub27;sub28;sub29,sub16,19,0.4475249648094177,0.5312932729721069,0.002,1e-05,1.0,1.0,True,False,multimodal,psd-fc-wpli,gated,cnn,True,finetune,segssl_barlow_all-patient_psd-fc-wpli_finetune_seed7_pre20_proj32_mask0_03_noise0_02_mlp1_0_sup100,True,barlow,psd,all-patient,True,7,1.0,0.1,32,0.03,0.02
multimodal_psd-fc-wpli_gated_cnn,9,sub15,sub01;sub05;sub07;sub08;sub09;sub10;sub11;sub13;sub14;sub17;sub18;sub20;sub22;sub24;sub27;sub28;sub29,sub16,20,0.42299917340278625,0.5078103542327881,0.002,1e-05,1.0,1.0,True,False,multimodal,psd-fc-wpli,gated,cnn,True,finetune,segssl_barlow_all-patient_psd-fc-wpli_finetune_seed7_pre20_proj32_mask0_03_noise0_02_mlp1_0_sup100,True,barlow,psd,all-patient,True,7,1.0,0.1,32,0.03,0.02
multimodal_psd-fc-wpli_gated_cnn,9,sub15,sub01;sub05;sub07;sub08;sub09;sub10;sub11;sub13;sub14;sub17;sub18;sub20;sub22;sub24;sub27;sub28;sub29,sub16,21,0.3977009057998657,0.4812072217464447,0.002,1e-05,1.0,1.0,True,False,multimodal,psd-fc-wpli,gated,cnn,True,finetune,segssl_barlow_all-patient_psd-fc-wpli_finetune_seed7_pre20_proj32_mask0_03_noise0_02_mlp1_0_sup100,True,barlow,psd,all-patient,True,7,1.0,0.1,32,0.03,0.02
multimodal_psd-fc-wpli_gated_cnn,9,sub15,sub01;sub05;sub07;sub08;sub09;sub10;sub11;sub13;sub14;sub17;sub18;sub20;sub22;sub24;sub27;sub28;sub29,sub16,22,0.37128880620002747,0.4538854956626892,0.002,1e-05,1.0,1.0,True,False,multimodal,psd-fc-wpli,gated,cnn,True,finetune,segssl_barlow_all-patient_psd-fc-wpli_finetune_seed7_pre20_proj32_mask0_03_noise0_02_mlp1_0_sup100,True,barlow,psd,all-patient,True,7,1.0,0.1,32,0.03,0.02
multimodal_psd-fc-wpli_gated_cnn,9,sub15,sub01;sub05;sub07;sub08;sub09;sub10;sub11;sub13;sub14;sub17;sub18;sub20;sub22;sub24;sub27;sub28;sub29,sub16,23,0.34397485852241516,0.42706769704818726,0.002,1e-05,1.0,1.0,True,False,multimodal,psd-fc-wpli,gated,cnn,True,finetune,segssl_barlow_all-patient_psd-fc-wpli_finetune_seed7_pre20_proj32_mask0_03_noise0_02_mlp1_0_sup100,True,barlow,psd,all-patient,True,7,1.0,0.1,32,0.03,0.02
multimodal_psd-fc-wpli_gated_cnn,9,sub15,sub01;sub05;sub07;sub08;sub09;sub10;sub11;sub13;sub14;sub17;sub18;sub20;sub22;sub24;sub27;sub28;sub29,sub16,24,0.31582629680633545,0.3983519971370697,0.002,1e-05,1.0,1.0,True,False,multimodal,psd-fc-wpli,gated,cnn,True,finetune,segssl_barlow_all-patient_psd-fc-wpli_finetune_seed7_pre20_proj32_mask0_03_noise0_02_mlp1_0_sup100,True,barlow,psd,all-patient,True,7,1.0,0.1,32,0.03,0.02
multimodal_psd-fc-wpli_gated_cnn,9,sub15,sub01;sub05;sub07;sub08;sub09;sub10;sub11;sub13;sub14;sub17;sub18;sub20;sub22;sub24;sub27;sub28;sub29,sub16,25,0.287705659866333,0.37163951992988586,0.002,1e-05,1.0,1.0,True,False,multimodal,psd-fc-wpli,gated,cnn,True,finetune,segssl_barlow_all-patient_psd-fc-wpli_finetune_seed7_pre20_proj32_mask0_03_noise0_02_mlp1_0_sup100,True,barlow,psd,all-patient,True,7,1.0,0.1,32,0.03,0.02
multimodal_psd-fc-wpli_gated_cnn,9,sub15,sub01;sub05;sub07;sub08;sub09;sub10;sub11;sub13;sub14;sub17;sub18;sub20;sub22;sub24;sub27;sub28;sub29,sub16,26,0.2602197229862213,0.34660935401916504,0.002,1e-05,1.0,1.0,True,False,multimodal,psd-fc-wpli,gated,cnn,True,finetune,segssl_barlow_all-patient_psd-fc-wpli_finetune_seed7_pre20_proj32_mask0_03_noise0_02_mlp1_0_sup100,True,barlow,psd,all-patient,True,7,1.0,0.1,32,0.03,0.02
multimodal_psd-fc-wpli_gated_cnn,9,sub15,sub01;sub05;sub07;sub08;sub09;sub10;sub11;sub13;sub14;sub17;sub18;sub20;sub22;sub24;sub27;sub28;sub29,sub16,27,0.23310226202011108,0.3224692642688751,0.002,1e-05,1.0,1.0,True,False,multimodal,psd-fc-wpli,gated,cnn,True,finetune,segssl_barlow_all-patient_psd-fc-wpli_finetune_seed7_pre20_proj32_mask0_03_noise0_02_mlp1_0_sup100,True,barlow,psd,all-patient,True,7,1.0,0.1,32,0.03,0.02
multimodal_psd-fc-wpli_gated_cnn,9,sub15,sub01;sub05;sub07;sub08;sub09;sub10;sub11;sub13;sub14;sub17;sub18;sub20;sub22;sub24;sub27;sub28;sub29,sub16,28,0.20681394636631012,0.29565221071243286,0.002,1e-05,1.0,1.0,True,False,multimodal,psd-fc-wpli,gated,cnn,True,finetune,segssl_barlow_all-patient_psd-fc-wpli_finetune_seed7_pre20_proj32_mask0_03_noise0_02_mlp1_0_sup100,True,barlow,psd,all-patient,True,7,1.0,0.1,32,0.03,0.02
multimodal_psd-fc-wpli_gated_cnn,9,sub15,sub01;sub05;sub07;sub08;sub09;sub10;sub11;sub13;sub14;sub17;sub18;sub20;sub22;sub24;sub27;sub28;sub29,sub16,29,0.1822834312915802,0.2622140645980835,0.002,1e-05,1.0,1.0,True,False,multimodal,psd-fc-wpli,gated,cnn,True,finetune,segssl_barlow_all-patient_psd-fc-wpli_finetune_seed7_pre20_proj32_mask0_03_noise0_02_mlp1_0_sup100,True,barlow,psd,all-patient,True,7,1.0,0.1,32,0.03,0.02
multimodal_psd-fc-wpli_gated_cnn,9,sub15,sub01;sub05;sub07;sub08;sub09;sub10;sub11;sub13;sub14;sub17;sub18;sub20;sub22;sub24;sub27;sub28;sub29,sub16,30,0.15920588374137878,0.2254532426595688,0.002,1e-05,1.0,1.0,True,False,multimodal,psd-fc-wpli,gated,cnn,True,finetune,segssl_barlow_all-patient_psd-fc-wpli_finetune_seed7_pre20_proj32_mask0_03_noise0_02_mlp1_0_sup100,True,barlow,psd,all-patient,True,7,1.0,0.1,32,0.03,0.02
multimodal_psd-fc-wpli_gated_cnn,9,sub15,sub01;sub05;sub07;sub08;sub09;sub10;sub11;sub13;sub14;sub17;sub18;sub20;sub22;sub24;sub27;sub28;sub29,sub16,31,0.13797372579574585,0.19121558964252472,0.002,1e-05,1.0,1.0,True,False,multimodal,psd-fc-wpli,gated,cnn,True,finetune,segssl_barlow_all-patient_psd-fc-wpli_finetune_seed7_pre20_proj32_mask0_03_noise0_02_mlp1_0_sup100,True,barlow,psd,all-patient,True,7,1.0,0.1,32,0.03,0.02
multimodal_psd-fc-wpli_gated_cnn,9,sub15,sub01;sub05;sub07;sub08;sub09;sub10;sub11;sub13;sub14;sub17;sub18;sub20;sub22;sub24;sub27;sub28;sub29,sub16,32,0.1187201514840126,0.1609916090965271,0.002,1e-05,1.0,1.0,True,False,multimodal,psd-fc-wpli,gated,cnn,True,finetune,segssl_barlow_all-patient_psd-fc-wpli_finetune_seed7_pre20_proj32_mask0_03_noise0_02_mlp1_0_sup100,True,barlow,psd,all-patient,True,7,1.0,0.1,32,0.03,0.02
multimodal_psd-fc-wpli_gated_cnn,9,sub15,sub01;sub05;sub07;sub08;sub09;sub10;sub11;sub13;sub14;sub17;sub18;sub20;sub22;sub24;sub27;sub28;sub29,sub16,33,0.10131911188364029,0.13362205028533936,0.002,1e-05,1.0,1.0,True,False,multimodal,psd-fc-wpli,gated,cnn,True,finetune,segssl_barlow_all-patient_psd-fc-wpli_finetune_seed7_pre20_proj32_mask0_03_noise0_02_mlp1_0_sup100,True,barlow,psd,all-patient,True,7,1.0,0.1,32,0.03,0.02
multimodal_psd-fc-wpli_gated_cnn,9,sub15,sub01;sub05;sub07;sub08;sub09;sub10;sub11;sub13;sub14;sub17;sub18;sub20;sub22;sub24;sub27;sub28;sub29,sub16,34,0.08613074570894241,0.10870950669050217,0.002,1e-05,1.0,1.0,True,False,multimodal,psd-fc-wpli,gated,cnn,True,finetune,segssl_barlow_all-patient_psd-fc-wpli_finetune_seed7_pre20_proj32_mask0_03_noise0_02_mlp1_0_sup100,True,barlow,psd,all-patient,True,7,1.0,0.1,32,0.03,0.02
multimodal_psd-fc-wpli_gated_cnn,9,sub15,sub01;sub05;sub07;sub08;sub09;sub10;sub11;sub13;sub14;sub17;sub18;sub20;sub22;sub24;sub27;sub28;sub29,sub16,35,0.07260564714670181,0.0872766375541687,0.002,1e-05,1.0,1.0,True,False,multimodal,psd-fc-wpli,gated,cnn,True,finetune,segssl_barlow_all-patient_psd-fc-wpli_finetune_seed7_pre20_proj32_mask0_03_noise0_02_mlp1_0_sup100,True,barlow,psd,all-patient,True,7,1.0,0.1,32,0.03,0.02
multimodal_psd-fc-wpli_gated_cnn,9,sub15,sub01;sub05;sub07;sub08;sub09;sub10;sub11;sub13;sub14;sub17;sub18;sub20;sub22;sub24;sub27;sub28;sub29,sub16,36,0.06091758981347084,0.06973753869533539,0.002,1e-05,1.0,1.0,True,False,multimodal,psd-fc-wpli,gated,cnn,True,finetune,segssl_barlow_all-patient_psd-fc-wpli_finetune_seed7_pre20_proj32_mask0_03_noise0_02_mlp1_0_sup100,True,barlow,psd,all-patient,True,7,1.0,0.1,32,0.03,0.02
multimodal_psd-fc-wpli_gated_cnn,9,sub15,sub01;sub05;sub07;sub08;sub09;sub10;sub11;sub13;sub14;sub17;sub18;sub20;sub22;sub24;sub27;sub28;sub29,sub16,37,0.0509687215089798,0.0558716356754303,0.002,1e-05,1.0,1.0,True,False,multimodal,psd-fc-wpli,gated,cnn,True,finetune,segssl_barlow_all-patient_psd-fc-wpli_finetune_seed7_pre20_proj32_mask0_03_noise0_02_mlp1_0_sup100,True,barlow,psd,all-patient,True,7,1.0,0.1,32,0.03,0.02
multimodal_psd-fc-wpli_gated_cnn,9,sub15,sub01;sub05;sub07;sub08;sub09;sub10;sub11;sub13;sub14;sub17;sub18;sub20;sub22;sub24;sub27;sub28;sub29,sub16,38,0.04245114326477051,0.04481736198067665,0.002,1e-05,1.0,1.0,True,False,multimodal,psd-fc-wpli,gated,cnn,True,finetune,segssl_barlow_all-patient_psd-fc-wpli_finetune_seed7_pre20_proj32_mask0_03_noise0_02_mlp1_0_sup100,True,barlow,psd,all-patient,True,7,1.0,0.1,32,0.03,0.02
multimodal_psd-fc-wpli_gated_cnn,9,sub15,sub01;sub05;sub07;sub08;sub09;sub10;sub11;sub13;sub14;sub17;sub18;sub20;sub22;sub24;sub27;sub28;sub29,sub16,39,0.035309769213199615,0.03605317696928978,0.002,1e-05,1.0,1.0,True,False,multimodal,psd-fc-wpli,gated,cnn,True,finetune,segssl_barlow_all-patient_psd-fc-wpli_finetune_seed7_pre20_proj32_mask0_03_noise0_02_mlp1_0_sup100,True,barlow,psd,all-patient,True,7,1.0,0.1,32,0.03,0.02
multimodal_psd-fc-wpli_gated_cnn,9,sub15,sub01;sub05;sub07;sub08;sub09;sub10;sub11;sub13;sub14;sub17;sub18;sub20;sub22;sub24;sub27;sub28;sub29,sub16,40,0.029354946687817574,0.02905498631298542,0.002,1e-05,1.0,1.0,True,False,multimodal,psd-fc-wpli,gated,cnn,True,finetune,segssl_barlow_all-patient_psd-fc-wpli_finetune_seed7_pre20_proj32_mask0_03_noise0_02_mlp1_0_sup100,True,barlow,psd,all-patient,True,7,1.0,0.1,32,0.03,0.02
multimodal_psd-fc-wpli_gated_cnn,9,sub15,sub01;sub05;sub07;sub08;sub09;sub10;sub11;sub13;sub14;sub17;sub18;sub20;sub22;sub24;sub27;sub28;sub29,sub16,41,0.024416837841272354,0.023407936096191406,0.002,1e-05,1.0,1.0,True,False,multimodal,psd-fc-wpli,gated,cnn,True,finetune,segssl_barlow_all-patient_psd-fc-wpli_finetune_seed7_pre20_proj32_mask0_03_noise0_02_mlp1_0_sup100,True,barlow,psd,all-patient,True,7,1.0,0.1,32,0.03,0.02
multimodal_psd-fc-wpli_gated_cnn,9,sub15,sub01;sub05;sub07;sub08;sub09;sub10;sub11;sub13;sub14;sub17;sub18;sub20;sub22;sub24;sub27;sub28;sub29,sub16,42,0.020331138744950294,0.018835773691534996,0.002,1e-05,1.0,1.0,True,False,multimodal,psd-fc-wpli,gated,cnn,True,finetune,segssl_barlow_all-patient_psd-fc-wpli_finetune_seed7_pre20_proj32_mask0_03_noise0_02_mlp1_0_sup100,True,barlow,psd,all-patient,True,7,1.0,0.1,32,0.03,0.02
multimodal_psd-fc-wpli_gated_cnn,9,sub15,sub01;sub05;sub07;sub08;sub09;sub10;sub11;sub13;sub14;sub17;sub18;sub20;sub22;sub24;sub27;sub28;sub29,sub16,43,0.016956757754087448,0.01514013484120369,0.002,1e-05,1.0,1.0,True,False,multimodal,psd-fc-wpli,gated,cnn,True,finetune,segssl_barlow_all-patient_psd-fc-wpli_finetune_seed7_pre20_proj32_mask0_03_noise0_02_mlp1_0_sup100,True,barlow,psd,all-patient,True,7,1.0,0.1,32,0.03,0.02
multimodal_psd-fc-wpli_gated_cnn,9,sub15,sub01;sub05;sub07;sub08;sub09;sub10;sub11;sub13;sub14;sub17;sub18;sub20;sub22;sub24;sub27;sub28;sub29,sub16,44,0.014185172505676746,0.012176048941910267,0.002,1e-05,1.0,1.0,True,False,multimodal,psd-fc-wpli,gated,cnn,True,finetune,segssl_barlow_all-patient_psd-fc-wpli_finetune_seed7_pre20_proj32_mask0_03_noise0_02_mlp1_0_sup100,True,barlow,psd,all-patient,True,7,1.0,0.1,32,0.03,0.02
multimodal_psd-fc-wpli_gated_cnn,9,sub15,sub01;sub05;sub07;sub08;sub09;sub10;sub11;sub13;sub14;sub17;sub18;sub20;sub22;sub24;sub27;sub28;sub29,sub16,45,0.011919817887246609,0.009820313192903996,0.002,1e-05,1.0,1.0,True,False,multimodal,psd-fc-wpli,gated,cnn,True,finetune,segssl_barlow_all-patient_psd-fc-wpli_finetune_seed7_pre20_proj32_mask0_03_noise0_02_mlp1_0_sup100,True,barlow,psd,all-patient,True,7,1.0,0.1,32,0.03,0.02
multimodal_psd-fc-wpli_gated_cnn,9,sub15,sub01;sub05;sub07;sub08;sub09;sub10;sub11;sub13;sub14;sub17;sub18;sub20;sub22;sub24;sub27;sub28;sub29,sub16,46,0.010062855668365955,0.00795946829020977,0.002,1e-05,1.0,1.0,True,False,multimodal,psd-fc-wpli,gated,cnn,True,finetune,segssl_barlow_all-patient_psd-fc-wpli_finetune_seed7_pre20_proj32_mask0_03_noise0_02_mlp1_0_sup100,True,barlow,psd,all-patient,True,7,1.0,0.1,32,0.03,0.02
multimodal_psd-fc-wpli_gated_cnn,9,sub15,sub01;sub05;sub07;sub08;sub09;sub10;sub11;sub13;sub14;sub17;sub18;sub20;sub22;sub24;sub27;sub28;sub29,sub16,47,0.008533104322850704,0.006495175417512655,0.002,1e-05,1.0,1.0,True,False,multimodal,psd-fc-wpli,gated,cnn,True,finetune,segssl_barlow_all-patient_psd-fc-wpli_finetune_seed7_pre20_proj32_mask0_03_noise0_02_mlp1_0_sup100,True,barlow,psd,all-patient,True,7,1.0,0.1,32,0.03,0.02
multimodal_psd-fc-wpli_gated_cnn,9,sub15,sub01;sub05;sub07;sub08;sub09;sub10;sub11;sub13;sub14;sub17;sub18;sub20;sub22;sub24;sub27;sub28;sub29,sub16,48,0.007273577153682709,0.005481031723320484,0.002,1e-05,1.0,1.0,True,False,multimodal,psd-fc-wpli,gated,cnn,True,finetune,segssl_barlow_all-patient_psd-fc-wpli_finetune_seed7_pre20_proj32_mask0_03_noise0_02_mlp1_0_sup100,True,barlow,psd,all-patient,True,7,1.0,0.1,32,0.03,0.02
multimodal_psd-fc-wpli_gated_cnn,9,sub15,sub01;sub05;sub07;sub08;sub09;sub10;sub11;sub13;sub14;sub17;sub18;sub20;sub22;sub24;sub27;sub28;sub29,sub16,49,0.006243371870368719,0.004653754644095898,0.002,1e-05,1.0,1.0,True,False,multimodal,psd-fc-wpli,gated,cnn,True,finetune,segssl_barlow_all-patient_psd-fc-wpli_finetune_seed7_pre20_proj32_mask0_03_noise0_02_mlp1_0_sup100,True,barlow,psd,all-patient,True,7,1.0,0.1,32,0.03,0.02
multimodal_psd-fc-wpli_gated_cnn,9,sub15,sub01;sub05;sub07;sub08;sub09;sub10;sub11;sub13;sub14;sub17;sub18;sub20;sub22;sub24;sub27;sub28;sub29,sub16,50,0.00540039362385869,0.003982470836490393,0.002,1e-05,1.0,1.0,True,False,multimodal,psd-fc-wpli,gated,cnn,True,finetune,segssl_barlow_all-patient_psd-fc-wpli_finetune_seed7_pre20_proj32_mask0_03_noise0_02_mlp1_0_sup100,True,barlow,psd,all-patient,True,7,1.0,0.1,32,0.03,0.02
multimodal_psd-fc-wpli_gated_cnn,9,sub15,sub01;sub05;sub07;sub08;sub09;sub10;sub11;sub13;sub14;sub17;sub18;sub20;sub22;sub24;sub27;sub28;sub29,sub16,51,0.004703450947999954,0.003449885407462716,0.002,1e-05,1.0,1.0,True,False,multimodal,psd-fc-wpli,gated,cnn,True,finetune,segssl_barlow_all-patient_psd-fc-wpli_finetune_seed7_pre20_proj32_mask0_03_noise0_02_mlp1_0_sup100,True,barlow,psd,all-patient,True,7,1.0,0.1,32,0.03,0.02
multimodal_psd-fc-wpli_gated_cnn,9,sub15,sub01;sub05;sub07;sub08;sub09;sub10;sub11;sub13;sub14;sub17;sub18;sub20;sub22;sub24;sub27;sub28;sub29,sub16,52,0.004120103549212217,0.002991368528455496,0.002,1e-05,1.0,1.0,True,False,multimodal,psd-fc-wpli,gated,cnn,True,finetune,segssl_barlow_all-patient_psd-fc-wpli_finetune_seed7_pre20_proj32_mask0_03_noise0_02_mlp1_0_sup100,True,barlow,psd,all-patient,True,7,1.0,0.1,32,0.03,0.02
multimodal_psd-fc-wpli_gated_cnn,9,sub15,sub01;sub05;sub07;sub08;sub09;sub10;sub11;sub13;sub14;sub17;sub18;sub20;sub22;sub24;sub27;sub28;sub29,sub16,53,0.0036285000387579203,0.0025911126285791397,0.002,1e-05,1.0,1.0,True,False,multimodal,psd-fc-wpli,gated,cnn,True,finetune,segssl_barlow_all-patient_psd-fc-wpli_finetune_seed7_pre20_proj32_mask0_03_noise0_02_mlp1_0_sup100,True,barlow,psd,all-patient,True,7,1.0,0.1,32,0.03,0.02
multimodal_psd-fc-wpli_gated_cnn,9,sub15,sub01;sub05;sub07;sub08;sub09;sub10;sub11;sub13;sub14;sub17;sub18;sub20;sub22;sub24;sub27;sub28;sub29,sub16,54,0.003213050775229931,0.0022426133509725332,0.002,1e-05,1.0,1.0,True,False,multimodal,psd-fc-wpli,gated,cnn,True,finetune,segssl_barlow_all-patient_psd-fc-wpli_finetune_seed7_pre20_proj32_mask0_03_noise0_02_mlp1_0_sup100,True,barlow,psd,all-patient,True,7,1.0,0.1,32,0.03,0.02
multimodal_psd-fc-wpli_gated_cnn,9,sub15,sub01;sub05;sub07;sub08;sub09;sub10;sub11;sub13;sub14;sub17;sub18;sub20;sub22;sub24;sub27;sub28;sub29,sub16,55,0.002861060667783022,0.0019394058035686612,0.002,1e-05,1.0,1.0,True,False,multimodal,psd-fc-wpli,gated,cnn,True,finetune,segssl_barlow_all-patient_psd-fc-wpli_finetune_seed7_pre20_proj32_mask0_03_noise0_02_mlp1_0_sup100,True,barlow,psd,all-patient,True,7,1.0,0.1,32,0.03,0.02
multimodal_psd-fc-wpli_gated_cnn,9,sub15,sub01;sub05;sub07;sub08;sub09;sub10;sub11;sub13;sub14;sub17;sub18;sub20;sub22;sub24;sub27;sub28;sub29,sub16,56,0.002563569461926818,0.0016779039287939668,0.002,1e-05,1.0,1.0,True,False,multimodal,psd-fc-wpli,gated,cnn,True,finetune,segssl_barlow_all-patient_psd-fc-wpli_finetune_seed7_pre20_proj32_mask0_03_noise0_02_mlp1_0_sup100,True,barlow,psd,all-patient,True,7,1.0,0.1,32,0.03,0.02
multimodal_psd-fc-wpli_gated_cnn,9,sub15,sub01;sub05;sub07;sub08;sub09;sub10;sub11;sub13;sub14;sub17;sub18;sub20;sub22;sub24;sub27;sub28;sub29,sub16,57,0.002310327487066388,0.0014535397058352828,0.002,1e-05,1.0,1.0,True,False,multimodal,psd-fc-wpli,gated,cnn,True,finetune,segssl_barlow_all-patient_psd-fc-wpli_finetune_seed7_pre20_proj32_mask0_03_noise0_02_mlp1_0_sup100,True,barlow,psd,all-patient,True,7,1.0,0.1,32,0.03,0.02
multimodal_psd-fc-wpli_gated_cnn,9,sub15,sub01;sub05;sub07;sub08;sub09;sub10;sub11;sub13;sub14;sub17;sub18;sub20;sub22;sub24;sub27;sub28;sub29,sub16,58,0.0020931155886501074,0.001261278404854238,0.002,1e-05,1.0,1.0,True,False,multimodal,psd-fc-wpli,gated,cnn,True,finetune,segssl_barlow_all-patient_psd-fc-wpli_finetune_seed7_pre20_proj32_mask0_03_noise0_02_mlp1_0_sup100,True,barlow,psd,all-patient,True,7,1.0,0.1,32,0.03,0.02
multimodal_psd-fc-wpli_gated_cnn,9,sub15,sub01;sub05;sub07;sub08;sub09;sub10;sub11;sub13;sub14;sub17;sub18;sub20;sub22;sub24;sub27;sub28;sub29,sub16,59,0.0019060566555708647,0.0010974464239552617,0.002,1e-05,1.0,1.0,True,False,multimodal,psd-fc-wpli,gated,cnn,True,finetune,segssl_barlow_all-patient_psd-fc-wpli_finetune_seed7_pre20_proj32_mask0_03_noise0_02_mlp1_0_sup100,True,barlow,psd,all-patient,True,7,1.0,0.1,32,0.03,0.02
multimodal_psd-fc-wpli_gated_cnn,9,sub15,sub01;sub05;sub07;sub08;sub09;sub10;sub11;sub13;sub14;sub17;sub18;sub20;sub22;sub24;sub27;sub28;sub29,sub16,60,0.0017433742759749293,0.0009577369200997055,0.002,1e-05,1.0,1.0,True,False,multimodal,psd-fc-wpli,gated,cnn,True,finetune,segssl_barlow_all-patient_psd-fc-wpli_finetune_seed7_pre20_proj32_mask0_03_noise0_02_mlp1_0_sup100,True,barlow,psd,all-patient,True,7,1.0,0.1,32,0.03,0.02
multimodal_psd-fc-wpli_gated_cnn,9,sub15,sub01;sub05;sub07;sub08;sub09;sub10;sub11;sub13;sub14;sub17;sub18;sub20;sub22;sub24;sub27;sub28;sub29,sub16,61,0.0016011431580409408,0.0008387158741243184,0.002,1e-05,1.0,1.0,True,False,multimodal,psd-fc-wpli,gated,cnn,True,finetune,segssl_barlow_all-patient_psd-fc-wpli_finetune_seed7_pre20_proj32_mask0_03_noise0_02_mlp1_0_sup100,True,barlow,psd,all-patient,True,7,1.0,0.1,32,0.03,0.02
multimodal_psd-fc-wpli_gated_cnn,9,sub15,sub01;sub05;sub07;sub08;sub09;sub10;sub11;sub13;sub14;sub17;sub18;sub20;sub22;sub24;sub27;sub28;sub29,sub16,62,0.0014766189269721508,0.0007368069491349161,0.002,1e-05,1.0,1.0,True,False,multimodal,psd-fc-wpli,gated,cnn,True,finetune,segssl_barlow_all-patient_psd-fc-wpli_finetune_seed7_pre20_proj32_mask0_03_noise0_02_mlp1_0_sup100,True,barlow,psd,all-patient,True,7,1.0,0.1,32,0.03,0.02
multimodal_psd-fc-wpli_gated_cnn,9,sub15,sub01;sub05;sub07;sub08;sub09;sub10;sub11;sub13;sub14;sub17;sub18;sub20;sub22;sub24;sub27;sub28;sub29,sub16,63,0.0013673319481313229,0.000649124791380018,0.002,1e-05,1.0,1.0,True,False,multimodal,psd-fc-wpli,gated,cnn,True,finetune,segssl_barlow_all-patient_psd-fc-wpli_finetune_seed7_pre20_proj32_mask0_03_noise0_02_mlp1_0_sup100,True,barlow,psd,all-patient,True,7,1.0,0.1,32,0.03,0.02
multimodal_psd-fc-wpli_gated_cnn,9,sub15,sub01;sub05;sub07;sub08;sub09;sub10;sub11;sub13;sub14;sub17;sub18;sub20;sub22;sub24;sub27;sub28;sub29,sub16,64,0.0012709815055131912,0.0005733096040785313,0.002,1e-05,1.0,1.0,True,False,multimodal,psd-fc-wpli,gated,cnn,True,finetune,segssl_barlow_all-patient_psd-fc-wpli_finetune_seed7_pre20_proj32_mask0_03_noise0_02_mlp1_0_sup100,True,barlow,psd,all-patient,True,7,1.0,0.1,32,0.03,0.02
multimodal_psd-fc-wpli_gated_cnn,9,sub15,sub01;sub05;sub07;sub08;sub09;sub10;sub11;sub13;sub14;sub17;sub18;sub20;sub22;sub24;sub27;sub28;sub29,sub16,65,0.0011858545476570725,0.000507350021507591,0.002,1e-05,1.0,1.0,True,False,multimodal,psd-fc-wpli,gated,cnn,True,finetune,segssl_barlow_all-patient_psd-fc-wpli_finetune_seed7_pre20_proj32_mask0_03_noise0_02_mlp1_0_sup100,True,barlow,psd,all-patient,True,7,1.0,0.1,32,0.03,0.02
multimodal_psd-fc-wpli_gated_cnn,9,sub15,sub01;sub05;sub07;sub08;sub09;sub10;sub11;sub13;sub14;sub17;sub18;sub20;sub22;sub24;sub27;sub28;sub29,sub16,66,0.0011100932024419308,0.00044965342385694385,0.002,1e-05,1.0,1.0,True,False,multimodal,psd-fc-wpli,gated,cnn,True,finetune,segssl_barlow_all-patient_psd-fc-wpli_finetune_seed7_pre20_proj32_mask0_03_noise0_02_mlp1_0_sup100,True,barlow,psd,all-patient,True,7,1.0,0.1,32,0.03,0.02
multimodal_psd-fc-wpli_gated_cnn,9,sub15,sub01;sub05;sub07;sub08;sub09;sub10;sub11;sub13;sub14;sub17;sub18;sub20;sub22;sub24;sub27;sub28;sub29,sub16,67,0.0010423784842714667,0.0003989662800449878,0.002,1e-05,1.0,1.0,True,False,multimodal,psd-fc-wpli,gated,cnn,True,finetune,segssl_barlow_all-patient_psd-fc-wpli_finetune_seed7_pre20_proj32_mask0_03_noise0_02_mlp1_0_sup100,True,barlow,psd,all-patient,True,7,1.0,0.1,32,0.03,0.02
multimodal_psd-fc-wpli_gated_cnn,9,sub15,sub01;sub05;sub07;sub08;sub09;sub10;sub11;sub13;sub14;sub17;sub18;sub20;sub22;sub24;sub27;sub28;sub29,sub16,68,0.0009814574150368571,0.00035424710949882865,0.002,1e-05,1.0,1.0,True,False,multimodal,psd-fc-wpli,gated,cnn,True,finetune,segssl_barlow_all-patient_psd-fc-wpli_finetune_seed7_pre20_proj32_mask0_03_noise0_02_mlp1_0_sup100,True,barlow,psd,all-patient,True,7,1.0,0.1,32,0.03,0.02
multimodal_psd-fc-wpli_gated_cnn,9,sub15,sub01;sub05;sub07;sub08;sub09;sub10;sub11;sub13;sub14;sub17;sub18;sub20;sub22;sub24;sub27;sub28;sub29,sub16,69,0.0009264280088245869,0.00031469587702304125,0.002,1e-05,1.0,1.0,True,False,multimodal,psd-fc-wpli,gated,cnn,True,finetune,segssl_barlow_all-patient_psd-fc-wpli_finetune_seed7_pre20_proj32_mask0_03_noise0_02_mlp1_0_sup100,True,barlow,psd,all-patient,True,7,1.0,0.1,32,0.03,0.02
multimodal_psd-fc-wpli_gated_cnn,9,sub15,sub01;sub05;sub07;sub08;sub09;sub10;sub11;sub13;sub14;sub17;sub18;sub20;sub22;sub24;sub27;sub28;sub29,sub16,70,0.0008764560334384441,0.00027970666997134686,0.002,1e-05,1.0,1.0,True,False,multimodal,psd-fc-wpli,gated,cnn,True,finetune,segssl_barlow_all-patient_psd-fc-wpli_finetune_seed7_pre20_proj32_mask0_03_noise0_02_mlp1_0_sup100,True,barlow,psd,all-patient,True,7,1.0,0.1,32,0.03,0.02
multimodal_psd-fc-wpli_gated_cnn,9,sub15,sub01;sub05;sub07;sub08;sub09;sub10;sub11;sub13;sub14;sub17;sub18;sub20;sub22;sub24;sub27;sub28;sub29,sub16,71,0.0008309168624691665,0.0002487348101567477,0.002,1e-05,1.0,1.0,True,False,multimodal,psd-fc-wpli,gated,cnn,True,finetune,segssl_barlow_all-patient_psd-fc-wpli_finetune_seed7_pre20_proj32_mask0_03_noise0_02_mlp1_0_sup100,True,barlow,psd,all-patient,True,7,1.0,0.1,32,0.03,0.02
multimodal_psd-fc-wpli_gated_cnn,9,sub15,sub01;sub05;sub07;sub08;sub09;sub10;sub11;sub13;sub14;sub17;sub18;sub20;sub22;sub24;sub27;sub28;sub29,sub16,72,0.000789229350630194,0.00022134608298074454,0.002,1e-05,1.0,1.0,True,False,multimodal,psd-fc-wpli,gated,cnn,True,finetune,segssl_barlow_all-patient_psd-fc-wpli_finetune_seed7_pre20_proj32_mask0_03_noise0_02_mlp1_0_sup100,True,barlow,psd,all-patient,True,7,1.0,0.1,32,0.03,0.02
multimodal_psd-fc-wpli_gated_cnn,9,sub15,sub01;sub05;sub07;sub08;sub09;sub10;sub11;sub13;sub14;sub17;sub18;sub20;sub22;sub24;sub27;sub28;sub29,sub16,73,0.0007509738206863403,0.00019728834740817547,0.002,1e-05,1.0,1.0,True,False,multimodal,psd-fc-wpli,gated,cnn,True,finetune,segssl_barlow_all-patient_psd-fc-wpli_finetune_seed7_pre20_proj32_mask0_03_noise0_02_mlp1_0_sup100,True,barlow,psd,all-patient,True,7,1.0,0.1,32,0.03,0.02
multimodal_psd-fc-wpli_gated_cnn,9,sub15,sub01;sub05;sub07;sub08;sub09;sub10;sub11;sub13;sub14;sub17;sub18;sub20;sub22;sub24;sub27;sub28;sub29,sub16,74,0.0007158166263252497,0.00017611485964152962,0.002,1e-05,1.0,1.0,True,False,multimodal,psd-fc-wpli,gated,cnn,True,finetune,segssl_barlow_all-patient_psd-fc-wpli_finetune_seed7_pre20_proj32_mask0_03_noise0_02_mlp1_0_sup100,True,barlow,psd,all-patient,True,7,1.0,0.1,32,0.03,0.02
multimodal_psd-fc-wpli_gated_cnn,9,sub15,sub01;sub05;sub07;sub08;sub09;sub10;sub11;sub13;sub14;sub17;sub18;sub20;sub22;sub24;sub27;sub28;sub29,sub16,75,0.0006834320374764502,0.0001574437046656385,0.002,1e-05,1.0,1.0,True,False,multimodal,psd-fc-wpli,gated,cnn,True,finetune,segssl_barlow_all-patient_psd-fc-wpli_finetune_seed7_pre20_proj32_mask0_03_noise0_02_mlp1_0_sup100,True,barlow,psd,all-patient,True,7,1.0,0.1,32,0.03,0.02
multimodal_psd-fc-wpli_gated_cnn,9,sub15,sub01;sub05;sub07;sub08;sub09;sub10;sub11;sub13;sub14;sub17;sub18;sub20;sub22;sub24;sub27;sub28;sub29,sub16,76,0.000653526047244668,0.00014099475811235607,0.002,1e-05,1.0,1.0,True,False,multimodal,psd-fc-wpli,gated,cnn,True,finetune,segssl_barlow_all-patient_psd-fc-wpli_finetune_seed7_pre20_proj32_mask0_03_noise0_02_mlp1_0_sup100,True,barlow,psd,all-patient,True,7,1.0,0.1,32,0.03,0.02
multimodal_psd-fc-wpli_gated_cnn,9,sub15,sub01;sub05;sub07;sub08;sub09;sub10;sub11;sub13;sub14;sub17;sub18;sub20;sub22;sub24;sub27;sub28;sub29,sub16,77,0.0006258689099922776,0.00012654373131226748,0.002,1e-05,1.0,1.0,True,False,multimodal,psd-fc-wpli,gated,cnn,True,finetune,segssl_barlow_all-patient_psd-fc-wpli_finetune_seed7_pre20_proj32_mask0_03_noise0_02_mlp1_0_sup100,True,barlow,psd,all-patient,True,7,1.0,0.1,32,0.03,0.02
multimodal_psd-fc-wpli_gated_cnn,9,sub15,sub01;sub05;sub07;sub08;sub09;sub10;sub11;sub13;sub14;sub17;sub18;sub20;sub22;sub24;sub27;sub28;sub29,sub16,78,0.0006001568399369717,0.00011384411482140422,0.002,1e-05,1.0,1.0,True,False,multimodal,psd-fc-wpli,gated,cnn,True,finetune,segssl_barlow_all-patient_psd-fc-wpli_finetune_seed7_pre20_proj32_mask0_03_noise0_02_mlp1_0_sup100,True,barlow,psd,all-patient,True,7,1.0,0.1,32,0.03,0.02
multimodal_psd-fc-wpli_gated_cnn,9,sub15,sub01;sub05;sub07;sub08;sub09;sub10;sub11;sub13;sub14;sub17;sub18;sub20;sub22;sub24;sub27;sub28;sub29,sub16,79,0.0005761355278082192,0.00010267560719512403,0.002,1e-05,1.0,1.0,True,False,multimodal,psd-fc-wpli,gated,cnn,True,finetune,segssl_barlow_all-patient_psd-fc-wpli_finetune_seed7_pre20_proj32_mask0_03_noise0_02_mlp1_0_sup100,True,barlow,psd,all-patient,True,7,1.0,0.1,32,0.03,0.02
multimodal_psd-fc-wpli_gated_cnn,9,sub15,sub01;sub05;sub07;sub08;sub09;sub10;sub11;sub13;sub14;sub17;sub18;sub20;sub22;sub24;sub27;sub28;sub29,sub16,80,0.0005536393728107214,9.284102998208255e-05,0.002,1e-05,1.0,1.0,True,False,multimodal,psd-fc-wpli,gated,cnn,True,finetune,segssl_barlow_all-patient_psd-fc-wpli_finetune_seed7_pre20_proj32_mask0_03_noise0_02_mlp1_0_sup100,True,barlow,psd,all-patient,True,7,1.0,0.1,32,0.03,0.02
multimodal_psd-fc-wpli_gated_cnn,9,sub15,sub01;sub05;sub07;sub08;sub09;sub10;sub11;sub13;sub14;sub17;sub18;sub20;sub22;sub24;sub27;sub28;sub29,sub16,81,0.0005325018428266048,8.416595665039495e-05,0.002,1e-05,1.0,1.0,True,False,multimodal,psd-fc-wpli,gated,cnn,True,finetune,segssl_barlow_all-patient_psd-fc-wpli_finetune_seed7_pre20_proj32_mask0_03_noise0_02_mlp1_0_sup100,True,barlow,psd,all-patient,True,7,1.0,0.1,32,0.03,0.02
multimodal_psd-fc-wpli_gated_cnn,9,sub15,sub01;sub05;sub07;sub08;sub09;sub10;sub11;sub13;sub14;sub17;sub18;sub20;sub22;sub24;sub27;sub28;sub29,sub16,82,0.0005126436590217054,7.649618783034384e-05,0.002,1e-05,1.0,1.0,True,False,multimodal,psd-fc-wpli,gated,cnn,True,finetune,segssl_barlow_all-patient_psd-fc-wpli_finetune_seed7_pre20_proj32_mask0_03_noise0_02_mlp1_0_sup100,True,barlow,psd,all-patient,True,7,1.0,0.1,32,0.03,0.02
multimodal_psd-fc-wpli_gated_cnn,9,sub15,sub01;sub05;sub07;sub08;sub09;sub10;sub11;sub13;sub14;sub17;sub18;sub20;sub22;sub24;sub27;sub28;sub29,sub16,83,0.0004939780337736011,6.968947855057195e-05,0.002,1e-05,1.0,1.0,True,False,multimodal,psd-fc-wpli,gated,cnn,True,finetune,segssl_barlow_all-patient_psd-fc-wpli_finetune_seed7_pre20_proj32_mask0_03_noise0_02_mlp1_0_sup100,True,barlow,psd,all-patient,True,7,1.0,0.1,32,0.03,0.02
multimodal_psd-fc-wpli_gated_cnn,9,sub15,sub01;sub05;sub07;sub08;sub09;sub10;sub11;sub13;sub14;sub17;sub18;sub20;sub22;sub24;sub27;sub28;sub29,sub16,84,0.00047641366836614907,6.363321881508455e-05,0.002,1e-05,1.0,1.0,True,False,multimodal,psd-fc-wpli,gated,cnn,True,finetune,segssl_barlow_all-patient_psd-fc-wpli_finetune_seed7_pre20_proj32_mask0_03_noise0_02_mlp1_0_sup100,True,barlow,psd,all-patient,True,7,1.0,0.1,32,0.03,0.02
multimodal_psd-fc-wpli_gated_cnn,9,sub15,sub01;sub05;sub07;sub08;sub09;sub10;sub11;sub13;sub14;sub17;sub18;sub20;sub22;sub24;sub27;sub28;sub29,sub16,85,0.0004598236409947276,5.823156607220881e-05,0.002,1e-05,1.0,1.0,True,False,multimodal,psd-fc-wpli,gated,cnn,True,finetune,segssl_barlow_all-patient_psd-fc-wpli_finetune_seed7_pre20_proj32_mask0_03_noise0_02_mlp1_0_sup100,True,barlow,psd,all-patient,True,7,1.0,0.1,32,0.03,0.02
multimodal_psd-fc-wpli_gated_cnn,9,sub15,sub01;sub05;sub07;sub08;sub09;sub10;sub11;sub13;sub14;sub17;sub18;sub20;sub22;sub24;sub27;sub28;sub29,sub16,86,0.0004441252676770091,5.3399337048176676e-05,0.002,1e-05,1.0,1.0,True,False,multimodal,psd-fc-wpli,gated,cnn,True,finetune,segssl_barlow_all-patient_psd-fc-wpli_finetune_seed7_pre20_proj32_mask0_03_noise0_02_mlp1_0_sup100,True,barlow,psd,all-patient,True,7,1.0,0.1,32,0.03,0.02
multimodal_psd-fc-wpli_gated_cnn,9,sub15,sub01;sub05;sub07;sub08;sub09;sub10;sub11;sub13;sub14;sub17;sub18;sub20;sub22;sub24;sub27;sub28;sub29,sub16,87,0.0004292265512049198,4.905614332528785e-05,0.002,1e-05,1.0,1.0,True,False,multimodal,psd-fc-wpli,gated,cnn,True,finetune,segssl_barlow_all-patient_psd-fc-wpli_finetune_seed7_pre20_proj32_mask0_03_noise0_02_mlp1_0_sup100,True,barlow,psd,all-patient,True,7,1.0,0.1,32,0.03,0.02
multimodal_psd-fc-wpli_gated_cnn,9,sub15,sub01;sub05;sub07;sub08;sub09;sub10;sub11;sub13;sub14;sub17;sub18;sub20;sub22;sub24;sub27;sub28;sub29,sub16,88,0.00041510353912599385,4.5131822844268754e-05,0.002,1e-05,1.0,1.0,True,False,multimodal,psd-fc-wpli,gated,cnn,True,finetune,segssl_barlow_all-patient_psd-fc-wpli_finetune_seed7_pre20_proj32_mask0_03_noise0_02_mlp1_0_sup100,True,barlow,psd,all-patient,True,7,1.0,0.1,32,0.03,0.02
multimodal_psd-fc-wpli_gated_cnn,9,sub15,sub01;sub05;sub07;sub08;sub09;sub10;sub11;sub13;sub14;sub17;sub18;sub20;sub22;sub24;sub27;sub28;sub29,sub16,89,0.00040169598651118577,4.157511648372747e-05,0.002,1e-05,1.0,1.0,True,False,multimodal,psd-fc-wpli,gated,cnn,True,finetune,segssl_barlow_all-patient_psd-fc-wpli_finetune_seed7_pre20_proj32_mask0_03_noise0_02_mlp1_0_sup100,True,barlow,psd,all-patient,True,7,1.0,0.1,32,0.03,0.02
multimodal_psd-fc-wpli_gated_cnn,9,sub15,sub01;sub05;sub07;sub08;sub09;sub10;sub11;sub13;sub14;sub17;sub18;sub20;sub22;sub24;sub27;sub28;sub29,sub16,90,0.0003889407671522349,3.833458322333172e-05,0.002,1e-05,1.0,1.0,True,False,multimodal,psd-fc-wpli,gated,cnn,True,finetune,segssl_barlow_all-patient_psd-fc-wpli_finetune_seed7_pre20_proj32_mask0_03_noise0_02_mlp1_0_sup100,True,barlow,psd,all-patient,True,7,1.0,0.1,32,0.03,0.02
multimodal_psd-fc-wpli_gated_cnn,9,sub15,sub01;sub05;sub07;sub08;sub09;sub10;sub11;sub13;sub14;sub17;sub18;sub20;sub22;sub24;sub27;sub28;sub29,sub16,91,0.0003767567395698279,3.537387237884104e-05,0.002,1e-05,1.0,1.0,True,False,multimodal,psd-fc-wpli,gated,cnn,True,finetune,segssl_barlow_all-patient_psd-fc-wpli_finetune_seed7_pre20_proj32_mask0_03_noise0_02_mlp1_0_sup100,True,barlow,psd,all-patient,True,7,1.0,0.1,32,0.03,0.02
multimodal_psd-fc-wpli_gated_cnn,9,sub15,sub01;sub05;sub07;sub08;sub09;sub10;sub11;sub13;sub14;sub17;sub18;sub20;sub22;sub24;sub27;sub28;sub29,sub16,92,0.0003651371516752988,3.2665491744410247e-05,0.002,1e-05,1.0,1.0,True,False,multimodal,psd-fc-wpli,gated,cnn,True,finetune,segssl_barlow_all-patient_psd-fc-wpli_finetune_seed7_pre20_proj32_mask0_03_noise0_02_mlp1_0_sup100,True,barlow,psd,all-patient,True,7,1.0,0.1,32,0.03,0.02
multimodal_psd-fc-wpli_gated_cnn,9,sub15,sub01;sub05;sub07;sub08;sub09;sub10;sub11;sub13;sub14;sub17;sub18;sub20;sub22;sub24;sub27;sub28;sub29,sub16,93,0.00035403098445385695,3.018614006577991e-05,0.002,1e-05,1.0,1.0,True,False,multimodal,psd-fc-wpli,gated,cnn,True,finetune,segssl_barlow_all-patient_psd-fc-wpli_finetune_seed7_pre20_proj32_mask0_03_noise0_02_mlp1_0_sup100,True,barlow,psd,all-patient,True,7,1.0,0.1,32,0.03,0.02
multimodal_psd-fc-wpli_gated_cnn,9,sub15,sub01;sub05;sub07;sub08;sub09;sub10;sub11;sub13;sub14;sub17;sub18;sub20;sub22;sub24;sub27;sub28;sub29,sub16,94,0.0003434130921959877,2.791490805975627e-05,0.002,1e-05,1.0,1.0,True,False,multimodal,psd-fc-wpli,gated,cnn,True,finetune,segssl_barlow_all-patient_psd-fc-wpli_finetune_seed7_pre20_proj32_mask0_03_noise0_02_mlp1_0_sup100,True,barlow,psd,all-patient,True,7,1.0,0.1,32,0.03,0.02
multimodal_psd-fc-wpli_gated_cnn,9,sub15,sub01;sub05;sub07;sub08;sub09;sub10;sub11;sub13;sub14;sub17;sub18;sub20;sub22;sub24;sub27;sub28;sub29,sub16,95,0.0003332917985972017,2.582605702627916e-05,0.002,1e-05,1.0,1.0,True,False,multimodal,psd-fc-wpli,gated,cnn,True,finetune,segssl_barlow_all-patient_psd-fc-wpli_finetune_seed7_pre20_proj32_mask0_03_noise0_02_mlp1_0_sup100,True,barlow,psd,all-patient,True,7,1.0,0.1,32,0.03,0.02
multimodal_psd-fc-wpli_gated_cnn,9,sub15,sub01;sub05;sub07;sub08;sub09;sub10;sub11;sub13;sub14;sub17;sub18;sub20;sub22;sub24;sub27;sub28;sub29,sub16,96,0.0003236121847294271,2.3905573470983654e-05,0.002,1e-05,1.0,1.0,True,False,multimodal,psd-fc-wpli,gated,cnn,True,finetune,segssl_barlow_all-patient_psd-fc-wpli_finetune_seed7_pre20_proj32_mask0_03_noise0_02_mlp1_0_sup100,True,barlow,psd,all-patient,True,7,1.0,0.1,32,0.03,0.02
multimodal_psd-fc-wpli_gated_cnn,9,sub15,sub01;sub05;sub07;sub08;sub09;sub10;sub11;sub13;sub14;sub17;sub18;sub20;sub22;sub24;sub27;sub28;sub29,sub16,97,0.000314388977130875,2.21445534407394e-05,0.002,1e-05,1.0,1.0,True,False,multimodal,psd-fc-wpli,gated,cnn,True,finetune,segssl_barlow_all-patient_psd-fc-wpli_finetune_seed7_pre20_proj32_mask0_03_noise0_02_mlp1_0_sup100,True,barlow,psd,all-patient,True,7,1.0,0.1,32,0.03,0.02
multimodal_psd-fc-wpli_gated_cnn,9,sub15,sub01;sub05;sub07;sub08;sub09;sub10;sub11;sub13;sub14;sub17;sub18;sub20;sub22;sub24;sub27;sub28;sub29,sub16,98,0.000305536319501698,2.0536690499284305e-05,0.002,1e-05,1.0,1.0,True,False,multimodal,psd-fc-wpli,gated,cnn,True,finetune,segssl_barlow_all-patient_psd-fc-wpli_finetune_seed7_pre20_proj32_mask0_03_noise0_02_mlp1_0_sup100,True,barlow,psd,all-patient,True,7,1.0,0.1,32,0.03,0.02
multimodal_psd-fc-wpli_gated_cnn,9,sub15,sub01;sub05;sub07;sub08;sub09;sub10;sub11;sub13;sub14;sub17;sub18;sub20;sub22;sub24;sub27;sub28;sub29,sub16,99,0.0002970292407553643,1.9068666006205603e-05,0.002,1e-05,1.0,1.0,True,False,multimodal,psd-fc-wpli,gated,cnn,True,finetune,segssl_barlow_all-patient_psd-fc-wpli_finetune_seed7_pre20_proj32_mask0_03_noise0_02_mlp1_0_sup100,True,barlow,psd,all-patient,True,7,1.0,0.1,32,0.03,0.02
multimodal_psd-fc-wpli_gated_cnn,9,sub15,sub01;sub05;sub07;sub08;sub09;sub10;sub11;sub13;sub14;sub17;sub18;sub20;sub22;sub24;sub27;sub28;sub29,sub16,100,0.00028885036590509117,1.772933865140658e-05,0.002,1e-05,1.0,1.0,True,False,multimodal,psd-fc-wpli,gated,cnn,True,finetune,segssl_barlow_all-patient_psd-fc-wpli_finetune_seed7_pre20_proj32_mask0_03_noise0_02_mlp1_0_sup100,True,barlow,psd,all-patient,True,7,1.0,0.1,32,0.03,0.02
multimodal_psd-fc-wpli_gated_cnn,10,sub16,sub01;sub05;sub07;sub08;sub09;sub10;sub11;sub13;sub14;sub15;sub18;sub20;sub22;sub24;sub27;sub28;sub29,sub17,1,0.7002981305122375,0.7440574765205383,0.002,1e-05,1.0,1.0,True,False,multimodal,psd-fc-wpli,gated,cnn,True,finetune,segssl_barlow_all-patient_psd-fc-wpli_finetune_seed7_pre20_proj32_mask0_03_noise0_02_mlp1_0_sup100,True,barlow,psd,all-patient,True,7,1.0,0.1,32,0.03,0.02
multimodal_psd-fc-wpli_gated_cnn,10,sub16,sub01;sub05;sub07;sub08;sub09;sub10;sub11;sub13;sub14;sub15;sub18;sub20;sub22;sub24;sub27;sub28;sub29,sub17,2,0.6934448480606079,0.7419255375862122,0.002,1e-05,1.0,1.0,True,False,multimodal,psd-fc-wpli,gated,cnn,True,finetune,segssl_barlow_all-patient_psd-fc-wpli_finetune_seed7_pre20_proj32_mask0_03_noise0_02_mlp1_0_sup100,True,barlow,psd,all-patient,True,7,1.0,0.1,32,0.03,0.02
multimodal_psd-fc-wpli_gated_cnn,10,sub16,sub01;sub05;sub07;sub08;sub09;sub10;sub11;sub13;sub14;sub15;sub18;sub20;sub22;sub24;sub27;sub28;sub29,sub17,3,0.6869828701019287,0.7389399409294128,0.002,1e-05,1.0,1.0,True,False,multimodal,psd-fc-wpli,gated,cnn,True,finetune,segssl_barlow_all-patient_psd-fc-wpli_finetune_seed7_pre20_proj32_mask0_03_noise0_02_mlp1_0_sup100,True,barlow,psd,all-patient,True,7,1.0,0.1,32,0.03,0.02
multimodal_psd-fc-wpli_gated_cnn,10,sub16,sub01;sub05;sub07;sub08;sub09;sub10;sub11;sub13;sub14;sub15;sub18;sub20;sub22;sub24;sub27;sub28;sub29,sub17,4,0.6809350252151489,0.7357197999954224,0.002,1e-05,1.0,1.0,True,False,multimodal,psd-fc-wpli,gated,cnn,True,finetune,segssl_barlow_all-patient_psd-fc-wpli_finetune_seed7_pre20_proj32_mask0_03_noise0_02_mlp1_0_sup100,True,barlow,psd,all-patient,True,7,1.0,0.1,32,0.03,0.02
multimodal_psd-fc-wpli_gated_cnn,10,sub16,sub01;sub05;sub07;sub08;sub09;sub10;sub11;sub13;sub14;sub15;sub18;sub20;sub22;sub24;sub27;sub28;sub29,sub17,5,0.6748718023300171,0.7295666933059692,0.002,1e-05,1.0,1.0,True,False,multimodal,psd-fc-wpli,gated,cnn,True,finetune,segssl_barlow_all-patient_psd-fc-wpli_finetune_seed7_pre20_proj32_mask0_03_noise0_02_mlp1_0_sup100,True,barlow,psd,all-patient,True,7,1.0,0.1,32,0.03,0.02
multimodal_psd-fc-wpli_gated_cnn,10,sub16,sub01;sub05;sub07;sub08;sub09;sub10;sub11;sub13;sub14;sub15;sub18;sub20;sub22;sub24;sub27;sub28;sub29,sub17,6,0.668209969997406,0.722362756729126,0.002,1e-05,1.0,1.0,True,False,multimodal,psd-fc-wpli,gated,cnn,True,finetune,segssl_barlow_all-patient_psd-fc-wpli_finetune_seed7_pre20_proj32_mask0_03_noise0_02_mlp1_0_sup100,True,barlow,psd,all-patient,True,7,1.0,0.1,32,0.03,0.02
multimodal_psd-fc-wpli_gated_cnn,10,sub16,sub01;sub05;sub07;sub08;sub09;sub10;sub11;sub13;sub14;sub15;sub18;sub20;sub22;sub24;sub27;sub28;sub29,sub17,7,0.6612475514411926,0.7142077088356018,0.002,1e-05,1.0,1.0,True,False,multimodal,psd-fc-wpli,gated,cnn,True,finetune,segssl_barlow_all-patient_psd-fc-wpli_finetune_seed7_pre20_proj32_mask0_03_noise0_02_mlp1_0_sup100,True,barlow,psd,all-patient,True,7,1.0,0.1,32,0.03,0.02
multimodal_psd-fc-wpli_gated_cnn,10,sub16,sub01;sub05;sub07;sub08;sub09;sub10;sub11;sub13;sub14;sub15;sub18;sub20;sub22;sub24;sub27;sub28;sub29,sub17,8,0.6539049744606018,0.7072426080703735,0.002,1e-05,1.0,1.0,True,False,multimodal,psd-fc-wpli,gated,cnn,True,finetune,segssl_barlow_all-patient_psd-fc-wpli_finetune_seed7_pre20_proj32_mask0_03_noise0_02_mlp1_0_sup100,True,barlow,psd,all-patient,True,7,1.0,0.1,32,0.03,0.02
multimodal_psd-fc-wpli_gated_cnn,10,sub16,sub01;sub05;sub07;sub08;sub09;sub10;sub11;sub13;sub14;sub15;sub18;sub20;sub22;sub24;sub27;sub28;sub29,sub17,9,0.6460071206092834,0.7007158994674683,0.002,1e-05,1.0,1.0,True,False,multimodal,psd-fc-wpli,gated,cnn,True,finetune,segssl_barlow_all-patient_psd-fc-wpli_finetune_seed7_pre20_proj32_mask0_03_noise0_02_mlp1_0_sup100,True,barlow,psd,all-patient,True,7,1.0,0.1,32,0.03,0.02
multimodal_psd-fc-wpli_gated_cnn,10,sub16,sub01;sub05;sub07;sub08;sub09;sub10;sub11;sub13;sub14;sub15;sub18;sub20;sub22;sub24;sub27;sub28;sub29,sub17,10,0.637276828289032,0.6923272609710693,0.002,1e-05,1.0,1.0,True,False,multimodal,psd-fc-wpli,gated,cnn,True,finetune,segssl_barlow_all-patient_psd-fc-wpli_finetune_seed7_pre20_proj32_mask0_03_noise0_02_mlp1_0_sup100,True,barlow,psd,all-patient,True,7,1.0,0.1,32,0.03,0.02
multimodal_psd-fc-wpli_gated_cnn,10,sub16,sub01;sub05;sub07;sub08;sub09;sub10;sub11;sub13;sub14;sub15;sub18;sub20;sub22;sub24;sub27;sub28;sub29,sub17,11,0.627665102481842,0.6820570230484009,0.002,1e-05,1.0,1.0,True,False,multimodal,psd-fc-wpli,gated,cnn,True,finetune,segssl_barlow_all-patient_psd-fc-wpli_finetune_seed7_pre20_proj32_mask0_03_noise0_02_mlp1_0_sup100,True,barlow,psd,all-patient,True,7,1.0,0.1,32,0.03,0.02
multimodal_psd-fc-wpli_gated_cnn,10,sub16,sub01;sub05;sub07;sub08;sub09;sub10;sub11;sub13;sub14;sub15;sub18;sub20;sub22;sub24;sub27;sub28;sub29,sub17,12,0.6170716881752014,0.6703625917434692,0.002,1e-05,1.0,1.0,True,False,multimodal,psd-fc-wpli,gated,cnn,True,finetune,segssl_barlow_all-patient_psd-fc-wpli_finetune_seed7_pre20_proj32_mask0_03_noise0_02_mlp1_0_sup100,True,barlow,psd,all-patient,True,7,1.0,0.1,32,0.03,0.02
multimodal_psd-fc-wpli_gated_cnn,10,sub16,sub01;sub05;sub07;sub08;sub09;sub10;sub11;sub13;sub14;sub15;sub18;sub20;sub22;sub24;sub27;sub28;sub29,sub17,13,0.6055337190628052,0.6569177508354187,0.002,1e-05,1.0,1.0,True,False,multimodal,psd-fc-wpli,gated,cnn,True,finetune,segssl_barlow_all-patient_psd-fc-wpli_finetune_seed7_pre20_proj32_mask0_03_noise0_02_mlp1_0_sup100,True,barlow,psd,all-patient,True,7,1.0,0.1,32,0.03,0.02
multimodal_psd-fc-wpli_gated_cnn,10,sub16,sub01;sub05;sub07;sub08;sub09;sub10;sub11;sub13;sub14;sub15;sub18;sub20;sub22;sub24;sub27;sub28;sub29,sub17,14,0.5929232239723206,0.6411184668540955,0.002,1e-05,1.0,1.0,True,False,multimodal,psd-fc-wpli,gated,cnn,True,finetune,segssl_barlow_all-patient_psd-fc-wpli_finetune_seed7_pre20_proj32_mask0_03_noise0_02_mlp1_0_sup100,True,barlow,psd,all-patient,True,7,1.0,0.1,32,0.03,0.02
multimodal_psd-fc-wpli_gated_cnn,10,sub16,sub01;sub05;sub07;sub08;sub09;sub10;sub11;sub13;sub14;sub15;sub18;sub20;sub22;sub24;sub27;sub28;sub29,sub17,15,0.5792308449745178,0.6237744688987732,0.002,1e-05,1.0,1.0,True,False,multimodal,psd-fc-wpli,gated,cnn,True,finetune,segssl_barlow_all-patient_psd-fc-wpli_finetune_seed7_pre20_proj32_mask0_03_noise0_02_mlp1_0_sup100,True,barlow,psd,all-patient,True,7,1.0,0.1,32,0.03,0.02
multimodal_psd-fc-wpli_gated_cnn,10,sub16,sub01;sub05;sub07;sub08;sub09;sub10;sub11;sub13;sub14;sub15;sub18;sub20;sub22;sub24;sub27;sub28;sub29,sub17,16,0.564398467540741,0.6054544448852539,0.002,1e-05,1.0,1.0,True,False,multimodal,psd-fc-wpli,gated,cnn,True,finetune,segssl_barlow_all-patient_psd-fc-wpli_finetune_seed7_pre20_proj32_mask0_03_noise0_02_mlp1_0_sup100,True,barlow,psd,all-patient,True,7,1.0,0.1,32,0.03,0.02
multimodal_psd-fc-wpli_gated_cnn,10,sub16,sub01;sub05;sub07;sub08;sub09;sub10;sub11;sub13;sub14;sub15;sub18;sub20;sub22;sub24;sub27;sub28;sub29,sub17,17,0.5481309294700623,0.585311770439148,0.002,1e-05,1.0,1.0,True,False,multimodal,psd-fc-wpli,gated,cnn,True,finetune,segssl_barlow_all-patient_psd-fc-wpli_finetune_seed7_pre20_proj32_mask0_03_noise0_02_mlp1_0_sup100,True,barlow,psd,all-patient,True,7,1.0,0.1,32,0.03,0.02
multimodal_psd-fc-wpli_gated_cnn,10,sub16,sub01;sub05;sub07;sub08;sub09;sub10;sub11;sub13;sub14;sub15;sub18;sub20;sub22;sub24;sub27;sub28;sub29,sub17,18,0.5304360389709473,0.5633048415184021,0.002,1e-05,1.0,1.0,True,False,multimodal,psd-fc-wpli,gated,cnn,True,finetune,segssl_barlow_all-patient_psd-fc-wpli_finetune_seed7_pre20_proj32_mask0_03_noise0_02_mlp1_0_sup100,True,barlow,psd,all-patient,True,7,1.0,0.1,32,0.03,0.02
multimodal_psd-fc-wpli_gated_cnn,10,sub16,sub01;sub05;sub07;sub08;sub09;sub10;sub11;sub13;sub14;sub15;sub18;sub20;sub22;sub24;sub27;sub28;sub29,sub17,19,0.5114323496818542,0.539311408996582,0.002,1e-05,1.0,1.0,True,False,multimodal,psd-fc-wpli,gated,cnn,True,finetune,segssl_barlow_all-patient_psd-fc-wpli_finetune_seed7_pre20_proj32_mask0_03_noise0_02_mlp1_0_sup100,True,barlow,psd,all-patient,True,7,1.0,0.1,32,0.03,0.02
multimodal_psd-fc-wpli_gated_cnn,10,sub16,sub01;sub05;sub07;sub08;sub09;sub10;sub11;sub13;sub14;sub15;sub18;sub20;sub22;sub24;sub27;sub28;sub29,sub17,20,0.4909631013870239,0.5131800770759583,0.002,1e-05,1.0,1.0,True,False,multimodal,psd-fc-wpli,gated,cnn,True,finetune,segssl_barlow_all-patient_psd-fc-wpli_finetune_seed7_pre20_proj32_mask0_03_noise0_02_mlp1_0_sup100,True,barlow,psd,all-patient,True,7,1.0,0.1,32,0.03,0.02
multimodal_psd-fc-wpli_gated_cnn,10,sub16,sub01;sub05;sub07;sub08;sub09;sub10;sub11;sub13;sub14;sub15;sub18;sub20;sub22;sub24;sub27;sub28;sub29,sub17,21,0.46916306018829346,0.48438042402267456,0.002,1e-05,1.0,1.0,True,False,multimodal,psd-fc-wpli,gated,cnn,True,finetune,segssl_barlow_all-patient_psd-fc-wpli_finetune_seed7_pre20_proj32_mask0_03_noise0_02_mlp1_0_sup100,True,barlow,psd,all-patient,True,7,1.0,0.1,32,0.03,0.02
multimodal_psd-fc-wpli_gated_cnn,10,sub16,sub01;sub05;sub07;sub08;sub09;sub10;sub11;sub13;sub14;sub15;sub18;sub20;sub22;sub24;sub27;sub28;sub29,sub17,22,0.4461198151111603,0.45450735092163086,0.002,1e-05,1.0,1.0,True,False,multimodal,psd-fc-wpli,gated,cnn,True,finetune,segssl_barlow_all-patient_psd-fc-wpli_finetune_seed7_pre20_proj32_mask0_03_noise0_02_mlp1_0_sup100,True,barlow,psd,all-patient,True,7,1.0,0.1,32,0.03,0.02
multimodal_psd-fc-wpli_gated_cnn,10,sub16,sub01;sub05;sub07;sub08;sub09;sub10;sub11;sub13;sub14;sub15;sub18;sub20;sub22;sub24;sub27;sub28;sub29,sub17,23,0.4219881594181061,0.42402613162994385,0.002,1e-05,1.0,1.0,True,False,multimodal,psd-fc-wpli,gated,cnn,True,finetune,segssl_barlow_all-patient_psd-fc-wpli_finetune_seed7_pre20_proj32_mask0_03_noise0_02_mlp1_0_sup100,True,barlow,psd,all-patient,True,7,1.0,0.1,32,0.03,0.02
multimodal_psd-fc-wpli_gated_cnn,10,sub16,sub01;sub05;sub07;sub08;sub09;sub10;sub11;sub13;sub14;sub15;sub18;sub20;sub22;sub24;sub27;sub28;sub29,sub17,24,0.397141695022583,0.39409613609313965,0.002,1e-05,1.0,1.0,True,False,multimodal,psd-fc-wpli,gated,cnn,True,finetune,segssl_barlow_all-patient_psd-fc-wpli_finetune_seed7_pre20_proj32_mask0_03_noise0_02_mlp1_0_sup100,True,barlow,psd,all-patient,True,7,1.0,0.1,32,0.03,0.02
multimodal_psd-fc-wpli_gated_cnn,10,sub16,sub01;sub05;sub07;sub08;sub09;sub10;sub11;sub13;sub14;sub15;sub18;sub20;sub22;sub24;sub27;sub28;sub29,sub17,25,0.3716508150100708,0.36777985095977783,0.002,1e-05,1.0,1.0,True,False,multimodal,psd-fc-wpli,gated,cnn,True,finetune,segssl_barlow_all-patient_psd-fc-wpli_finetune_seed7_pre20_proj32_mask0_03_noise0_02_mlp1_0_sup100,True,barlow,psd,all-patient,True,7,1.0,0.1,32,0.03,0.02
multimodal_psd-fc-wpli_gated_cnn,10,sub16,sub01;sub05;sub07;sub08;sub09;sub10;sub11;sub13;sub14;sub15;sub18;sub20;sub22;sub24;sub27;sub28;sub29,sub17,26,0.3459186851978302,0.3453385531902313,0.002,1e-05,1.0,1.0,True,False,multimodal,psd-fc-wpli,gated,cnn,True,finetune,segssl_barlow_all-patient_psd-fc-wpli_finetune_seed7_pre20_proj32_mask0_03_noise0_02_mlp1_0_sup100,True,barlow,psd,all-patient,True,7,1.0,0.1,32,0.03,0.02
multimodal_psd-fc-wpli_gated_cnn,10,sub16,sub01;sub05;sub07;sub08;sub09;sub10;sub11;sub13;sub14;sub15;sub18;sub20;sub22;sub24;sub27;sub28;sub29,sub17,27,0.3200646638870239,0.32586100697517395,0.002,1e-05,1.0,1.0,True,False,multimodal,psd-fc-wpli,gated,cnn,True,finetune,segssl_barlow_all-patient_psd-fc-wpli_finetune_seed7_pre20_proj32_mask0_03_noise0_02_mlp1_0_sup100,True,barlow,psd,all-patient,True,7,1.0,0.1,32,0.03,0.02
multimodal_psd-fc-wpli_gated_cnn,10,sub16,sub01;sub05;sub07;sub08;sub09;sub10;sub11;sub13;sub14;sub15;sub18;sub20;sub22;sub24;sub27;sub28;sub29,sub17,28,0.2943456768989563,0.30853721499443054,0.002,1e-05,1.0,1.0,True,False,multimodal,psd-fc-wpli,gated,cnn,True,finetune,segssl_barlow_all-patient_psd-fc-wpli_finetune_seed7_pre20_proj32_mask0_03_noise0_02_mlp1_0_sup100,True,barlow,psd,all-patient,True,7,1.0,0.1,32,0.03,0.02
multimodal_psd-fc-wpli_gated_cnn,10,sub16,sub01;sub05;sub07;sub08;sub09;sub10;sub11;sub13;sub14;sub15;sub18;sub20;sub22;sub24;sub27;sub28;sub29,sub17,29,0.2687825560569763,0.2922191321849823,0.002,1e-05,1.0,1.0,True,False,multimodal,psd-fc-wpli,gated,cnn,True,finetune,segssl_barlow_all-patient_psd-fc-wpli_finetune_seed7_pre20_proj32_mask0_03_noise0_02_mlp1_0_sup100,True,barlow,psd,all-patient,True,7,1.0,0.1,32,0.03,0.02
multimodal_psd-fc-wpli_gated_cnn,10,sub16,sub01;sub05;sub07;sub08;sub09;sub10;sub11;sub13;sub14;sub15;sub18;sub20;sub22;sub24;sub27;sub28;sub29,sub17,30,0.243543341755867,0.2761082053184509,0.002,1e-05,1.0,1.0,True,False,multimodal,psd-fc-wpli,gated,cnn,True,finetune,segssl_barlow_all-patient_psd-fc-wpli_finetune_seed7_pre20_proj32_mask0_03_noise0_02_mlp1_0_sup100,True,barlow,psd,all-patient,True,7,1.0,0.1,32,0.03,0.02
multimodal_psd-fc-wpli_gated_cnn,10,sub16,sub01;sub05;sub07;sub08;sub09;sub10;sub11;sub13;sub14;sub15;sub18;sub20;sub22;sub24;sub27;sub28;sub29,sub17,31,0.21869520843029022,0.25874847173690796,0.002,1e-05,1.0,1.0,True,False,multimodal,psd-fc-wpli,gated,cnn,True,finetune,segssl_barlow_all-patient_psd-fc-wpli_finetune_seed7_pre20_proj32_mask0_03_noise0_02_mlp1_0_sup100,True,barlow,psd,all-patient,True,7,1.0,0.1,32,0.03,0.02
multimodal_psd-fc-wpli_gated_cnn,10,sub16,sub01;sub05;sub07;sub08;sub09;sub10;sub11;sub13;sub14;sub15;sub18;sub20;sub22;sub24;sub27;sub28;sub29,sub17,32,0.19461430609226227,0.24007157981395721,0.002,1e-05,1.0,1.0,True,False,multimodal,psd-fc-wpli,gated,cnn,True,finetune,segssl_barlow_all-patient_psd-fc-wpli_finetune_seed7_pre20_proj32_mask0_03_noise0_02_mlp1_0_sup100,True,barlow,psd,all-patient,True,7,1.0,0.1,32,0.03,0.02
multimodal_psd-fc-wpli_gated_cnn,10,sub16,sub01;sub05;sub07;sub08;sub09;sub10;sub11;sub13;sub14;sub15;sub18;sub20;sub22;sub24;sub27;sub28;sub29,sub17,33,0.17179183661937714,0.2201564460992813,0.002,1e-05,1.0,1.0,True,False,multimodal,psd-fc-wpli,gated,cnn,True,finetune,segssl_barlow_all-patient_psd-fc-wpli_finetune_seed7_pre20_proj32_mask0_03_noise0_02_mlp1_0_sup100,True,barlow,psd,all-patient,True,7,1.0,0.1,32,0.03,0.02
multimodal_psd-fc-wpli_gated_cnn,10,sub16,sub01;sub05;sub07;sub08;sub09;sub10;sub11;sub13;sub14;sub15;sub18;sub20;sub22;sub24;sub27;sub28;sub29,sub17,34,0.15054570138454437,0.20129981637001038,0.002,1e-05,1.0,1.0,True,False,multimodal,psd-fc-wpli,gated,cnn,True,finetune,segssl_barlow_all-patient_psd-fc-wpli_finetune_seed7_pre20_proj32_mask0_03_noise0_02_mlp1_0_sup100,True,barlow,psd,all-patient,True,7,1.0,0.1,32,0.03,0.02
multimodal_psd-fc-wpli_gated_cnn,10,sub16,sub01;sub05;sub07;sub08;sub09;sub10;sub11;sub13;sub14;sub15;sub18;sub20;sub22;sub24;sub27;sub28;sub29,sub17,35,0.13131847977638245,0.18480029702186584,0.002,1e-05,1.0,1.0,True,False,multimodal,psd-fc-wpli,gated,cnn,True,finetune,segssl_barlow_all-patient_psd-fc-wpli_finetune_seed7_pre20_proj32_mask0_03_noise0_02_mlp1_0_sup100,True,barlow,psd,all-patient,True,7,1.0,0.1,32,0.03,0.02
multimodal_psd-fc-wpli_gated_cnn,10,sub16,sub01;sub05;sub07;sub08;sub09;sub10;sub11;sub13;sub14;sub15;sub18;sub20;sub22;sub24;sub27;sub28;sub29,sub17,36,0.11353842169046402,0.16883741319179535,0.002,1e-05,1.0,1.0,True,False,multimodal,psd-fc-wpli,gated,cnn,True,finetune,segssl_barlow_all-patient_psd-fc-wpli_finetune_seed7_pre20_proj32_mask0_03_noise0_02_mlp1_0_sup100,True,barlow,psd,all-patient,True,7,1.0,0.1,32,0.03,0.02
multimodal_psd-fc-wpli_gated_cnn,10,sub16,sub01;sub05;sub07;sub08;sub09;sub10;sub11;sub13;sub14;sub15;sub18;sub20;sub22;sub24;sub27;sub28;sub29,sub17,37,0.09761005640029907,0.15268218517303467,0.002,1e-05,1.0,1.0,True,False,multimodal,psd-fc-wpli,gated,cnn,True,finetune,segssl_barlow_all-patient_psd-fc-wpli_finetune_seed7_pre20_proj32_mask0_03_noise0_02_mlp1_0_sup100,True,barlow,psd,all-patient,True,7,1.0,0.1,32,0.03,0.02
multimodal_psd-fc-wpli_gated_cnn,10,sub16,sub01;sub05;sub07;sub08;sub09;sub10;sub11;sub13;sub14;sub15;sub18;sub20;sub22;sub24;sub27;sub28;sub29,sub17,38,0.08343488723039627,0.13792739808559418,0.002,1e-05,1.0,1.0,True,False,multimodal,psd-fc-wpli,gated,cnn,True,finetune,segssl_barlow_all-patient_psd-fc-wpli_finetune_seed7_pre20_proj32_mask0_03_noise0_02_mlp1_0_sup100,True,barlow,psd,all-patient,True,7,1.0,0.1,32,0.03,0.02
multimodal_psd-fc-wpli_gated_cnn,10,sub16,sub01;sub05;sub07;sub08;sub09;sub10;sub11;sub13;sub14;sub15;sub18;sub20;sub22;sub24;sub27;sub28;sub29,sub17,39,0.07104261219501495,0.12540358304977417,0.002,1e-05,1.0,1.0,True,False,multimodal,psd-fc-wpli,gated,cnn,True,finetune,segssl_barlow_all-patient_psd-fc-wpli_finetune_seed7_pre20_proj32_mask0_03_noise0_02_mlp1_0_sup100,True,barlow,psd,all-patient,True,7,1.0,0.1,32,0.03,0.02
multimodal_psd-fc-wpli_gated_cnn,10,sub16,sub01;sub05;sub07;sub08;sub09;sub10;sub11;sub13;sub14;sub15;sub18;sub20;sub22;sub24;sub27;sub28;sub29,sub17,40,0.06027091294527054,0.1145859882235527,0.002,1e-05,1.0,1.0,True,False,multimodal,psd-fc-wpli,gated,cnn,True,finetune,segssl_barlow_all-patient_psd-fc-wpli_finetune_seed7_pre20_proj32_mask0_03_noise0_02_mlp1_0_sup100,True,barlow,psd,all-patient,True,7,1.0,0.1,32,0.03,0.02
multimodal_psd-fc-wpli_gated_cnn,10,sub16,sub01;sub05;sub07;sub08;sub09;sub10;sub11;sub13;sub14;sub15;sub18;sub20;sub22;sub24;sub27;sub28;sub29,sub17,41,0.05095026269555092,0.10482325404882431,0.002,1e-05,1.0,1.0,True,False,multimodal,psd-fc-wpli,gated,cnn,True,finetune,segssl_barlow_all-patient_psd-fc-wpli_finetune_seed7_pre20_proj32_mask0_03_noise0_02_mlp1_0_sup100,True,barlow,psd,all-patient,True,7,1.0,0.1,32,0.03,0.02
multimodal_psd-fc-wpli_gated_cnn,10,sub16,sub01;sub05;sub07;sub08;sub09;sub10;sub11;sub13;sub14;sub15;sub18;sub20;sub22;sub24;sub27;sub28;sub29,sub17,42,0.04295551776885986,0.0956319272518158,0.002,1e-05,1.0,1.0,True,False,multimodal,psd-fc-wpli,gated,cnn,True,finetune,segssl_barlow_all-patient_psd-fc-wpli_finetune_seed7_pre20_proj32_mask0_03_noise0_02_mlp1_0_sup100,True,barlow,psd,all-patient,True,7,1.0,0.1,32,0.03,0.02
multimodal_psd-fc-wpli_gated_cnn,10,sub16,sub01;sub05;sub07;sub08;sub09;sub10;sub11;sub13;sub14;sub15;sub18;sub20;sub22;sub24;sub27;sub28;sub29,sub17,43,0.03616199269890785,0.08667764812707901,0.002,1e-05,1.0,1.0,True,False,multimodal,psd-fc-wpli,gated,cnn,True,finetune,segssl_barlow_all-patient_psd-fc-wpli_finetune_seed7_pre20_proj32_mask0_03_noise0_02_mlp1_0_sup100,True,barlow,psd,all-patient,True,7,1.0,0.1,32,0.03,0.02
multimodal_psd-fc-wpli_gated_cnn,10,sub16,sub01;sub05;sub07;sub08;sub09;sub10;sub11;sub13;sub14;sub15;sub18;sub20;sub22;sub24;sub27;sub28;sub29,sub17,44,0.03047259710729122,0.07742806524038315,0.002,1e-05,1.0,1.0,True,False,multimodal,psd-fc-wpli,gated,cnn,True,finetune,segssl_barlow_all-patient_psd-fc-wpli_finetune_seed7_pre20_proj32_mask0_03_noise0_02_mlp1_0_sup100,True,barlow,psd,all-patient,True,7,1.0,0.1,32,0.03,0.02
multimodal_psd-fc-wpli_gated_cnn,10,sub16,sub01;sub05;sub07;sub08;sub09;sub10;sub11;sub13;sub14;sub15;sub18;sub20;sub22;sub24;sub27;sub28;sub29,sub17,45,0.02572043426334858,0.06833070516586304,0.002,1e-05,1.0,1.0,True,False,multimodal,psd-fc-wpli,gated,cnn,True,finetune,segssl_barlow_all-patient_psd-fc-wpli_finetune_seed7_pre20_proj32_mask0_03_noise0_02_mlp1_0_sup100,True,barlow,psd,all-patient,True,7,1.0,0.1,32,0.03,0.02
multimodal_psd-fc-wpli_gated_cnn,10,sub16,sub01;sub05;sub07;sub08;sub09;sub10;sub11;sub13;sub14;sub15;sub18;sub20;sub22;sub24;sub27;sub28;sub29,sub17,46,0.021757522597908974,0.059729091823101044,0.002,1e-05,1.0,1.0,True,False,multimodal,psd-fc-wpli,gated,cnn,True,finetune,segssl_barlow_all-patient_psd-fc-wpli_finetune_seed7_pre20_proj32_mask0_03_noise0_02_mlp1_0_sup100,True,barlow,psd,all-patient,True,7,1.0,0.1,32,0.03,0.02
multimodal_psd-fc-wpli_gated_cnn,10,sub16,sub01;sub05;sub07;sub08;sub09;sub10;sub11;sub13;sub14;sub15;sub18;sub20;sub22;sub24;sub27;sub28;sub29,sub17,47,0.018450625240802765,0.05184709280729294,0.002,1e-05,1.0,1.0,True,False,multimodal,psd-fc-wpli,gated,cnn,True,finetune,segssl_barlow_all-patient_psd-fc-wpli_finetune_seed7_pre20_proj32_mask0_03_noise0_02_mlp1_0_sup100,True,barlow,psd,all-patient,True,7,1.0,0.1,32,0.03,0.02
multimodal_psd-fc-wpli_gated_cnn,10,sub16,sub01;sub05;sub07;sub08;sub09;sub10;sub11;sub13;sub14;sub15;sub18;sub20;sub22;sub24;sub27;sub28;sub29,sub17,48,0.0157138854265213,0.044797591865062714,0.002,1e-05,1.0,1.0,True,False,multimodal,psd-fc-wpli,gated,cnn,True,finetune,segssl_barlow_all-patient_psd-fc-wpli_finetune_seed7_pre20_proj32_mask0_03_noise0_02_mlp1_0_sup100,True,barlow,psd,all-patient,True,7,1.0,0.1,32,0.03,0.02
multimodal_psd-fc-wpli_gated_cnn,10,sub16,sub01;sub05;sub07;sub08;sub09;sub10;sub11;sub13;sub14;sub15;sub18;sub20;sub22;sub24;sub27;sub28;sub29,sub17,49,0.013441670686006546,0.038597699254751205,0.002,1e-05,1.0,1.0,True,False,multimodal,psd-fc-wpli,gated,cnn,True,finetune,segssl_barlow_all-patient_psd-fc-wpli_finetune_seed7_pre20_proj32_mask0_03_noise0_02_mlp1_0_sup100,True,barlow,psd,all-patient,True,7,1.0,0.1,32,0.03,0.02
multimodal_psd-fc-wpli_gated_cnn,10,sub16,sub01;sub05;sub07;sub08;sub09;sub10;sub11;sub13;sub14;sub15;sub18;sub20;sub22;sub24;sub27;sub28;sub29,sub17,50,0.011550841853022575,0.033242713660001755,0.002,1e-05,1.0,1.0,True,False,multimodal,psd-fc-wpli,gated,cnn,True,finetune,segssl_barlow_all-patient_psd-fc-wpli_finetune_seed7_pre20_proj32_mask0_03_noise0_02_mlp1_0_sup100,True,barlow,psd,all-patient,True,7,1.0,0.1,32,0.03,0.02
multimodal_psd-fc-wpli_gated_cnn,10,sub16,sub01;sub05;sub07;sub08;sub09;sub10;sub11;sub13;sub14;sub15;sub18;sub20;sub22;sub24;sub27;sub28;sub29,sub17,51,0.009978287853300571,0.028698336333036423,0.002,1e-05,1.0,1.0,True,False,multimodal,psd-fc-wpli,gated,cnn,True,finetune,segssl_barlow_all-patient_psd-fc-wpli_finetune_seed7_pre20_proj32_mask0_03_noise0_02_mlp1_0_sup100,True,barlow,psd,all-patient,True,7,1.0,0.1,32,0.03,0.02
multimodal_psd-fc-wpli_gated_cnn,10,sub16,sub01;sub05;sub07;sub08;sub09;sub10;sub11;sub13;sub14;sub15;sub18;sub20;sub22;sub24;sub27;sub28;sub29,sub17,52,0.008663715794682503,0.02493223175406456,0.002,1e-05,1.0,1.0,True,False,multimodal,psd-fc-wpli,gated,cnn,True,finetune,segssl_barlow_all-patient_psd-fc-wpli_finetune_seed7_pre20_proj32_mask0_03_noise0_02_mlp1_0_sup100,True,barlow,psd,all-patient,True,7,1.0,0.1,32,0.03,0.02
multimodal_psd-fc-wpli_gated_cnn,10,sub16,sub01;sub05;sub07;sub08;sub09;sub10;sub11;sub13;sub14;sub15;sub18;sub20;sub22;sub24;sub27;sub28;sub29,sub17,53,0.007561010308563709,0.021809715777635574,0.002,1e-05,1.0,1.0,True,False,multimodal,psd-fc-wpli,gated,cnn,True,finetune,segssl_barlow_all-patient_psd-fc-wpli_finetune_seed7_pre20_proj32_mask0_03_noise0_02_mlp1_0_sup100,True,barlow,psd,all-patient,True,7,1.0,0.1,32,0.03,0.02
multimodal_psd-fc-wpli_gated_cnn,10,sub16,sub01;sub05;sub07;sub08;sub09;sub10;sub11;sub13;sub14;sub15;sub18;sub20;sub22;sub24;sub27;sub28;sub29,sub17,54,0.006635021418333054,0.019199278205633163,0.002,1e-05,1.0,1.0,True,False,multimodal,psd-fc-wpli,gated,cnn,True,finetune,segssl_barlow_all-patient_psd-fc-wpli_finetune_seed7_pre20_proj32_mask0_03_noise0_02_mlp1_0_sup100,True,barlow,psd,all-patient,True,7,1.0,0.1,32,0.03,0.02
multimodal_psd-fc-wpli_gated_cnn,10,sub16,sub01;sub05;sub07;sub08;sub09;sub10;sub11;sub13;sub14;sub15;sub18;sub20;sub22;sub24;sub27;sub28;sub29,sub17,55,0.0058558015152812,0.017019156366586685,0.002,1e-05,1.0,1.0,True,False,multimodal,psd-fc-wpli,gated,cnn,True,finetune,segssl_barlow_all-patient_psd-fc-wpli_finetune_seed7_pre20_proj32_mask0_03_noise0_02_mlp1_0_sup100,True,barlow,psd,all-patient,True,7,1.0,0.1,32,0.03,0.02
multimodal_psd-fc-wpli_gated_cnn,10,sub16,sub01;sub05;sub07;sub08;sub09;sub10;sub11;sub13;sub14;sub15;sub18;sub20;sub22;sub24;sub27;sub28;sub29,sub17,56,0.005198486149311066,0.015159371308982372,0.002,1e-05,1.0,1.0,True,False,multimodal,psd-fc-wpli,gated,cnn,True,finetune,segssl_barlow_all-patient_psd-fc-wpli_finetune_seed7_pre20_proj32_mask0_03_noise0_02_mlp1_0_sup100,True,barlow,psd,all-patient,True,7,1.0,0.1,32,0.03,0.02
multimodal_psd-fc-wpli_gated_cnn,10,sub16,sub01;sub05;sub07;sub08;sub09;sub10;sub11;sub13;sub14;sub15;sub18;sub20;sub22;sub24;sub27;sub28;sub29,sub17,57,0.004640692379325628,0.01358830276876688,0.002,1e-05,1.0,1.0,True,False,multimodal,psd-fc-wpli,gated,cnn,True,finetune,segssl_barlow_all-patient_psd-fc-wpli_finetune_seed7_pre20_proj32_mask0_03_noise0_02_mlp1_0_sup100,True,barlow,psd,all-patient,True,7,1.0,0.1,32,0.03,0.02
multimodal_psd-fc-wpli_gated_cnn,10,sub16,sub01;sub05;sub07;sub08;sub09;sub10;sub11;sub13;sub14;sub15;sub18;sub20;sub22;sub24;sub27;sub28;sub29,sub17,58,0.004165812395513058,0.012265495024621487,0.002,1e-05,1.0,1.0,True,False,multimodal,psd-fc-wpli,gated,cnn,True,finetune,segssl_barlow_all-patient_psd-fc-wpli_finetune_seed7_pre20_proj32_mask0_03_noise0_02_mlp1_0_sup100,True,barlow,psd,all-patient,True,7,1.0,0.1,32,0.03,0.02
multimodal_psd-fc-wpli_gated_cnn,10,sub16,sub01;sub05;sub07;sub08;sub09;sub10;sub11;sub13;sub14;sub15;sub18;sub20;sub22;sub24;sub27;sub28;sub29,sub17,59,0.0037580211646854877,0.011143735609948635,0.002,1e-05,1.0,1.0,True,False,multimodal,psd-fc-wpli,gated,cnn,True,finetune,segssl_barlow_all-patient_psd-fc-wpli_finetune_seed7_pre20_proj32_mask0_03_noise0_02_mlp1_0_sup100,True,barlow,psd,all-patient,True,7,1.0,0.1,32,0.03,0.02
multimodal_psd-fc-wpli_gated_cnn,10,sub16,sub01;sub05;sub07;sub08;sub09;sub10;sub11;sub13;sub14;sub15;sub18;sub20;sub22;sub24;sub27;sub28;sub29,sub17,60,0.0034049612004309893,0.01017700880765915,0.002,1e-05,1.0,1.0,True,False,multimodal,psd-fc-wpli,gated,cnn,True,finetune,segssl_barlow_all-patient_psd-fc-wpli_finetune_seed7_pre20_proj32_mask0_03_noise0_02_mlp1_0_sup100,True,barlow,psd,all-patient,True,7,1.0,0.1,32,0.03,0.02
multimodal_psd-fc-wpli_gated_cnn,10,sub16,sub01;sub05;sub07;sub08;sub09;sub10;sub11;sub13;sub14;sub15;sub18;sub20;sub22;sub24;sub27;sub28;sub29,sub17,61,0.003099817084148526,0.009347238577902317,0.002,1e-05,1.0,1.0,True,False,multimodal,psd-fc-wpli,gated,cnn,True,finetune,segssl_barlow_all-patient_psd-fc-wpli_finetune_seed7_pre20_proj32_mask0_03_noise0_02_mlp1_0_sup100,True,barlow,psd,all-patient,True,7,1.0,0.1,32,0.03,0.02
multimodal_psd-fc-wpli_gated_cnn,10,sub16,sub01;sub05;sub07;sub08;sub09;sub10;sub11;sub13;sub14;sub15;sub18;sub20;sub22;sub24;sub27;sub28;sub29,sub17,62,0.0028355480171740055,0.008628111332654953,0.002,1e-05,1.0,1.0,True,False,multimodal,psd-fc-wpli,gated,cnn,True,finetune,segssl_barlow_all-patient_psd-fc-wpli_finetune_seed7_pre20_proj32_mask0_03_noise0_02_mlp1_0_sup100,True,barlow,psd,all-patient,True,7,1.0,0.1,32,0.03,0.02
multimodal_psd-fc-wpli_gated_cnn,10,sub16,sub01;sub05;sub07;sub08;sub09;sub10;sub11;sub13;sub14;sub15;sub18;sub20;sub22;sub24;sub27;sub28;sub29,sub17,63,0.00260620703920722,0.007995717227458954,0.002,1e-05,1.0,1.0,True,False,multimodal,psd-fc-wpli,gated,cnn,True,finetune,segssl_barlow_all-patient_psd-fc-wpli_finetune_seed7_pre20_proj32_mask0_03_noise0_02_mlp1_0_sup100,True,barlow,psd,all-patient,True,7,1.0,0.1,32,0.03,0.02
multimodal_psd-fc-wpli_gated_cnn,10,sub16,sub01;sub05;sub07;sub08;sub09;sub10;sub11;sub13;sub14;sub15;sub18;sub20;sub22;sub24;sub27;sub28;sub29,sub17,64,0.002405902836471796,0.007436559535562992,0.002,1e-05,1.0,1.0,True,False,multimodal,psd-fc-wpli,gated,cnn,True,finetune,segssl_barlow_all-patient_psd-fc-wpli_finetune_seed7_pre20_proj32_mask0_03_noise0_02_mlp1_0_sup100,True,barlow,psd,all-patient,True,7,1.0,0.1,32,0.03,0.02
multimodal_psd-fc-wpli_gated_cnn,10,sub16,sub01;sub05;sub07;sub08;sub09;sub10;sub11;sub13;sub14;sub15;sub18;sub20;sub22;sub24;sub27;sub28;sub29,sub17,65,0.002230112673714757,0.006943733897060156,0.002,1e-05,1.0,1.0,True,False,multimodal,psd-fc-wpli,gated,cnn,True,finetune,segssl_barlow_all-patient_psd-fc-wpli_finetune_seed7_pre20_proj32_mask0_03_noise0_02_mlp1_0_sup100,True,barlow,psd,all-patient,True,7,1.0,0.1,32,0.03,0.02
multimodal_psd-fc-wpli_gated_cnn,10,sub16,sub01;sub05;sub07;sub08;sub09;sub10;sub11;sub13;sub14;sub15;sub18;sub20;sub22;sub24;sub27;sub28;sub29,sub17,66,0.0020761212799698114,0.006503704469650984,0.002,1e-05,1.0,1.0,True,False,multimodal,psd-fc-wpli,gated,cnn,True,finetune,segssl_barlow_all-patient_psd-fc-wpli_finetune_seed7_pre20_proj32_mask0_03_noise0_02_mlp1_0_sup100,True,barlow,psd,all-patient,True,7,1.0,0.1,32,0.03,0.02
multimodal_psd-fc-wpli_gated_cnn,10,sub16,sub01;sub05;sub07;sub08;sub09;sub10;sub11;sub13;sub14;sub15;sub18;sub20;sub22;sub24;sub27;sub28;sub29,sub17,67,0.0019406781066209078,0.006106146145612001,0.002,1e-05,1.0,1.0,True,False,multimodal,psd-fc-wpli,gated,cnn,True,finetune,segssl_barlow_all-patient_psd-fc-wpli_finetune_seed7_pre20_proj32_mask0_03_noise0_02_mlp1_0_sup100,True,barlow,psd,all-patient,True,7,1.0,0.1,32,0.03,0.02
multimodal_psd-fc-wpli_gated_cnn,10,sub16,sub01;sub05;sub07;sub08;sub09;sub10;sub11;sub13;sub14;sub15;sub18;sub20;sub22;sub24;sub27;sub28;sub29,sub17,68,0.0018204395892098546,0.005745793227106333,0.002,1e-05,1.0,1.0,True,False,multimodal,psd-fc-wpli,gated,cnn,True,finetune,segssl_barlow_all-patient_psd-fc-wpli_finetune_seed7_pre20_proj32_mask0_03_noise0_02_mlp1_0_sup100,True,barlow,psd,all-patient,True,7,1.0,0.1,32,0.03,0.02
multimodal_psd-fc-wpli_gated_cnn,10,sub16,sub01;sub05;sub07;sub08;sub09;sub10;sub11;sub13;sub14;sub15;sub18;sub20;sub22;sub24;sub27;sub28;sub29,sub17,69,0.0017134876688942313,0.005417810752987862,0.002,1e-05,1.0,1.0,True,False,multimodal,psd-fc-wpli,gated,cnn,True,finetune,segssl_barlow_all-patient_psd-fc-wpli_finetune_seed7_pre20_proj32_mask0_03_noise0_02_mlp1_0_sup100,True,barlow,psd,all-patient,True,7,1.0,0.1,32,0.03,0.02
multimodal_psd-fc-wpli_gated_cnn,10,sub16,sub01;sub05;sub07;sub08;sub09;sub10;sub11;sub13;sub14;sub15;sub18;sub20;sub22;sub24;sub27;sub28;sub29,sub17,70,0.0016183601692318916,0.0051179141737520695,0.002,1e-05,1.0,1.0,True,False,multimodal,psd-fc-wpli,gated,cnn,True,finetune,segssl_barlow_all-patient_psd-fc-wpli_finetune_seed7_pre20_proj32_mask0_03_noise0_02_mlp1_0_sup100,True,barlow,psd,all-patient,True,7,1.0,0.1,32,0.03,0.02
multimodal_psd-fc-wpli_gated_cnn,10,sub16,sub01;sub05;sub07;sub08;sub09;sub10;sub11;sub13;sub14;sub15;sub18;sub20;sub22;sub24;sub27;sub28;sub29,sub17,71,0.0015331668546423316,0.0048432620242238045,0.002,1e-05,1.0,1.0,True,False,multimodal,psd-fc-wpli,gated,cnn,True,finetune,segssl_barlow_all-patient_psd-fc-wpli_finetune_seed7_pre20_proj32_mask0_03_noise0_02_mlp1_0_sup100,True,barlow,psd,all-patient,True,7,1.0,0.1,32,0.03,0.02
multimodal_psd-fc-wpli_gated_cnn,10,sub16,sub01;sub05;sub07;sub08;sub09;sub10;sub11;sub13;sub14;sub15;sub18;sub20;sub22;sub24;sub27;sub28;sub29,sub17,72,0.0014567351900041103,0.0045906612649559975,0.002,1e-05,1.0,1.0,True,False,multimodal,psd-fc-wpli,gated,cnn,True,finetune,segssl_barlow_all-patient_psd-fc-wpli_finetune_seed7_pre20_proj32_mask0_03_noise0_02_mlp1_0_sup100,True,barlow,psd,all-patient,True,7,1.0,0.1,32,0.03,0.02
multimodal_psd-fc-wpli_gated_cnn,10,sub16,sub01;sub05;sub07;sub08;sub09;sub10;sub11;sub13;sub14;sub15;sub18;sub20;sub22;sub24;sub27;sub28;sub29,sub17,73,0.0013878901954740286,0.0043579391203820705,0.002,1e-05,1.0,1.0,True,False,multimodal,psd-fc-wpli,gated,cnn,True,finetune,segssl_barlow_all-patient_psd-fc-wpli_finetune_seed7_pre20_proj32_mask0_03_noise0_02_mlp1_0_sup100,True,barlow,psd,all-patient,True,7,1.0,0.1,32,0.03,0.02
multimodal_psd-fc-wpli_gated_cnn,10,sub16,sub01;sub05;sub07;sub08;sub09;sub10;sub11;sub13;sub14;sub15;sub18;sub20;sub22;sub24;sub27;sub28;sub29,sub17,74,0.0013255194062367082,0.004142867401242256,0.002,1e-05,1.0,1.0,True,False,multimodal,psd-fc-wpli,gated,cnn,True,finetune,segssl_barlow_all-patient_psd-fc-wpli_finetune_seed7_pre20_proj32_mask0_03_noise0_02_mlp1_0_sup100,True,barlow,psd,all-patient,True,7,1.0,0.1,32,0.03,0.02
multimodal_psd-fc-wpli_gated_cnn,10,sub16,sub01;sub05;sub07;sub08;sub09;sub10;sub11;sub13;sub14;sub15;sub18;sub20;sub22;sub24;sub27;sub28;sub29,sub17,75,0.0012688424903899431,0.003943399991840124,0.002,1e-05,1.0,1.0,True,False,multimodal,psd-fc-wpli,gated,cnn,True,finetune,segssl_barlow_all-patient_psd-fc-wpli_finetune_seed7_pre20_proj32_mask0_03_noise0_02_mlp1_0_sup100,True,barlow,psd,all-patient,True,7,1.0,0.1,32,0.03,0.02
multimodal_psd-fc-wpli_gated_cnn,10,sub16,sub01;sub05;sub07;sub08;sub09;sub10;sub11;sub13;sub14;sub15;sub18;sub20;sub22;sub24;sub27;sub28;sub29,sub17,76,0.0012173214927315712,0.0037586307153105736,0.002,1e-05,1.0,1.0,True,False,multimodal,psd-fc-wpli,gated,cnn,True,finetune,segssl_barlow_all-patient_psd-fc-wpli_finetune_seed7_pre20_proj32_mask0_03_noise0_02_mlp1_0_sup100,True,barlow,psd,all-patient,True,7,1.0,0.1,32,0.03,0.02
multimodal_psd-fc-wpli_gated_cnn,10,sub16,sub01;sub05;sub07;sub08;sub09;sub10;sub11;sub13;sub14;sub15;sub18;sub20;sub22;sub24;sub27;sub28;sub29,sub17,77,0.001170261180959642,0.003586995881050825,0.002,1e-05,1.0,1.0,True,False,multimodal,psd-fc-wpli,gated,cnn,True,finetune,segssl_barlow_all-patient_psd-fc-wpli_finetune_seed7_pre20_proj32_mask0_03_noise0_02_mlp1_0_sup100,True,barlow,psd,all-patient,True,7,1.0,0.1,32,0.03,0.02
multimodal_psd-fc-wpli_gated_cnn,10,sub16,sub01;sub05;sub07;sub08;sub09;sub10;sub11;sub13;sub14;sub15;sub18;sub20;sub22;sub24;sub27;sub28;sub29,sub17,78,0.0011270374525338411,0.003426753915846348,0.002,1e-05,1.0,1.0,True,False,multimodal,psd-fc-wpli,gated,cnn,True,finetune,segssl_barlow_all-patient_psd-fc-wpli_finetune_seed7_pre20_proj32_mask0_03_noise0_02_mlp1_0_sup100,True,barlow,psd,all-patient,True,7,1.0,0.1,32,0.03,0.02
multimodal_psd-fc-wpli_gated_cnn,10,sub16,sub01;sub05;sub07;sub08;sub09;sub10;sub11;sub13;sub14;sub15;sub18;sub20;sub22;sub24;sub27;sub28;sub29,sub17,79,0.0010872597340494394,0.0032769429963082075,0.002,1e-05,1.0,1.0,True,False,multimodal,psd-fc-wpli,gated,cnn,True,finetune,segssl_barlow_all-patient_psd-fc-wpli_finetune_seed7_pre20_proj32_mask0_03_noise0_02_mlp1_0_sup100,True,barlow,psd,all-patient,True,7,1.0,0.1,32,0.03,0.02
multimodal_psd-fc-wpli_gated_cnn,10,sub16,sub01;sub05;sub07;sub08;sub09;sub10;sub11;sub13;sub14;sub15;sub18;sub20;sub22;sub24;sub27;sub28;sub29,sub17,80,0.0010505067184567451,0.003136242972686887,0.002,1e-05,1.0,1.0,True,False,multimodal,psd-fc-wpli,gated,cnn,True,finetune,segssl_barlow_all-patient_psd-fc-wpli_finetune_seed7_pre20_proj32_mask0_03_noise0_02_mlp1_0_sup100,True,barlow,psd,all-patient,True,7,1.0,0.1,32,0.03,0.02
multimodal_psd-fc-wpli_gated_cnn,10,sub16,sub01;sub05;sub07;sub08;sub09;sub10;sub11;sub13;sub14;sub15;sub18;sub20;sub22;sub24;sub27;sub28;sub29,sub17,81,0.001016440219245851,0.0030068019405007362,0.002,1e-05,1.0,1.0,True,False,multimodal,psd-fc-wpli,gated,cnn,True,finetune,segssl_barlow_all-patient_psd-fc-wpli_finetune_seed7_pre20_proj32_mask0_03_noise0_02_mlp1_0_sup100,True,barlow,psd,all-patient,True,7,1.0,0.1,32,0.03,0.02
multimodal_psd-fc-wpli_gated_cnn,10,sub16,sub01;sub05;sub07;sub08;sub09;sub10;sub11;sub13;sub14;sub15;sub18;sub20;sub22;sub24;sub27;sub28;sub29,sub17,82,0.0009848113404586911,0.0028854473493993282,0.002,1e-05,1.0,1.0,True,False,multimodal,psd-fc-wpli,gated,cnn,True,finetune,segssl_barlow_all-patient_psd-fc-wpli_finetune_seed7_pre20_proj32_mask0_03_noise0_02_mlp1_0_sup100,True,barlow,psd,all-patient,True,7,1.0,0.1,32,0.03,0.02
multimodal_psd-fc-wpli_gated_cnn,10,sub16,sub01;sub05;sub07;sub08;sub09;sub10;sub11;sub13;sub14;sub15;sub18;sub20;sub22;sub24;sub27;sub28;sub29,sub17,83,0.0009553334093652666,0.0027714595198631287,0.002,1e-05,1.0,1.0,True,False,multimodal,psd-fc-wpli,gated,cnn,True,finetune,segssl_barlow_all-patient_psd-fc-wpli_finetune_seed7_pre20_proj32_mask0_03_noise0_02_mlp1_0_sup100,True,barlow,psd,all-patient,True,7,1.0,0.1,32,0.03,0.02
multimodal_psd-fc-wpli_gated_cnn,10,sub16,sub01;sub05;sub07;sub08;sub09;sub10;sub11;sub13;sub14;sub15;sub18;sub20;sub22;sub24;sub27;sub28;sub29,sub17,84,0.0009278374491259456,0.0026649548672139645,0.002,1e-05,1.0,1.0,True,False,multimodal,psd-fc-wpli,gated,cnn,True,finetune,segssl_barlow_all-patient_psd-fc-wpli_finetune_seed7_pre20_proj32_mask0_03_noise0_02_mlp1_0_sup100,True,barlow,psd,all-patient,True,7,1.0,0.1,32,0.03,0.02
multimodal_psd-fc-wpli_gated_cnn,10,sub16,sub01;sub05;sub07;sub08;sub09;sub10;sub11;sub13;sub14;sub15;sub18;sub20;sub22;sub24;sub27;sub28;sub29,sub17,85,0.0009021938312798738,0.0025650947354733944,0.002,1e-05,1.0,1.0,True,False,multimodal,psd-fc-wpli,gated,cnn,True,finetune,segssl_barlow_all-patient_psd-fc-wpli_finetune_seed7_pre20_proj32_mask0_03_noise0_02_mlp1_0_sup100,True,barlow,psd,all-patient,True,7,1.0,0.1,32,0.03,0.02
multimodal_psd-fc-wpli_gated_cnn,10,sub16,sub01;sub05;sub07;sub08;sub09;sub10;sub11;sub13;sub14;sub15;sub18;sub20;sub22;sub24;sub27;sub28;sub29,sub17,86,0.0008779859635978937,0.0024718171916902065,0.002,1e-05,1.0,1.0,True,False,multimodal,psd-fc-wpli,gated,cnn,True,finetune,segssl_barlow_all-patient_psd-fc-wpli_finetune_seed7_pre20_proj32_mask0_03_noise0_02_mlp1_0_sup100,True,barlow,psd,all-patient,True,7,1.0,0.1,32,0.03,0.02
multimodal_psd-fc-wpli_gated_cnn,10,sub16,sub01;sub05;sub07;sub08;sub09;sub10;sub11;sub13;sub14;sub15;sub18;sub20;sub22;sub24;sub27;sub28;sub29,sub17,87,0.000855155405588448,0.0023848218843340874,0.002,1e-05,1.0,1.0,True,False,multimodal,psd-fc-wpli,gated,cnn,True,finetune,segssl_barlow_all-patient_psd-fc-wpli_finetune_seed7_pre20_proj32_mask0_03_noise0_02_mlp1_0_sup100,True,barlow,psd,all-patient,True,7,1.0,0.1,32,0.03,0.02
multimodal_psd-fc-wpli_gated_cnn,10,sub16,sub01;sub05;sub07;sub08;sub09;sub10;sub11;sub13;sub14;sub15;sub18;sub20;sub22;sub24;sub27;sub28;sub29,sub17,88,0.0008335484308190644,0.0023034499026834965,0.002,1e-05,1.0,1.0,True,False,multimodal,psd-fc-wpli,gated,cnn,True,finetune,segssl_barlow_all-patient_psd-fc-wpli_finetune_seed7_pre20_proj32_mask0_03_noise0_02_mlp1_0_sup100,True,barlow,psd,all-patient,True,7,1.0,0.1,32,0.03,0.02
multimodal_psd-fc-wpli_gated_cnn,10,sub16,sub01;sub05;sub07;sub08;sub09;sub10;sub11;sub13;sub14;sub15;sub18;sub20;sub22;sub24;sub27;sub28;sub29,sub17,89,0.0008130708010867238,0.0022274607326835394,0.002,1e-05,1.0,1.0,True,False,multimodal,psd-fc-wpli,gated,cnn,True,finetune,segssl_barlow_all-patient_psd-fc-wpli_finetune_seed7_pre20_proj32_mask0_03_noise0_02_mlp1_0_sup100,True,barlow,psd,all-patient,True,7,1.0,0.1,32,0.03,0.02
multimodal_psd-fc-wpli_gated_cnn,10,sub16,sub01;sub05;sub07;sub08;sub09;sub10;sub11;sub13;sub14;sub15;sub18;sub20;sub22;sub24;sub27;sub28;sub29,sub17,90,0.0007936324691399932,0.0021563158370554447,0.002,1e-05,1.0,1.0,True,False,multimodal,psd-fc-wpli,gated,cnn,True,finetune,segssl_barlow_all-patient_psd-fc-wpli_finetune_seed7_pre20_proj32_mask0_03_noise0_02_mlp1_0_sup100,True,barlow,psd,all-patient,True,7,1.0,0.1,32,0.03,0.02
multimodal_psd-fc-wpli_gated_cnn,10,sub16,sub01;sub05;sub07;sub08;sub09;sub10;sub11;sub13;sub14;sub15;sub18;sub20;sub22;sub24;sub27;sub28;sub29,sub17,91,0.0007752686506137252,0.0020894764456897974,0.002,1e-05,1.0,1.0,True,False,multimodal,psd-fc-wpli,gated,cnn,True,finetune,segssl_barlow_all-patient_psd-fc-wpli_finetune_seed7_pre20_proj32_mask0_03_noise0_02_mlp1_0_sup100,True,barlow,psd,all-patient,True,7,1.0,0.1,32,0.03,0.02
multimodal_psd-fc-wpli_gated_cnn,10,sub16,sub01;sub05;sub07;sub08;sub09;sub10;sub11;sub13;sub14;sub15;sub18;sub20;sub22;sub24;sub27;sub28;sub29,sub17,92,0.0007578149088658392,0.002026523696258664,0.002,1e-05,1.0,1.0,True,False,multimodal,psd-fc-wpli,gated,cnn,True,finetune,segssl_barlow_all-patient_psd-fc-wpli_finetune_seed7_pre20_proj32_mask0_03_noise0_02_mlp1_0_sup100,True,barlow,psd,all-patient,True,7,1.0,0.1,32,0.03,0.02
multimodal_psd-fc-wpli_gated_cnn,10,sub16,sub01;sub05;sub07;sub08;sub09;sub10;sub11;sub13;sub14;sub15;sub18;sub20;sub22;sub24;sub27;sub28;sub29,sub17,93,0.0007411812548525631,0.0019673972856253386,0.002,1e-05,1.0,1.0,True,False,multimodal,psd-fc-wpli,gated,cnn,True,finetune,segssl_barlow_all-patient_psd-fc-wpli_finetune_seed7_pre20_proj32_mask0_03_noise0_02_mlp1_0_sup100,True,barlow,psd,all-patient,True,7,1.0,0.1,32,0.03,0.02
multimodal_psd-fc-wpli_gated_cnn,10,sub16,sub01;sub05;sub07;sub08;sub09;sub10;sub11;sub13;sub14;sub15;sub18;sub20;sub22;sub24;sub27;sub28;sub29,sub17,94,0.0007252867217175663,0.001911737839691341,0.002,1e-05,1.0,1.0,True,False,multimodal,psd-fc-wpli,gated,cnn,True,finetune,segssl_barlow_all-patient_psd-fc-wpli_finetune_seed7_pre20_proj32_mask0_03_noise0_02_mlp1_0_sup100,True,barlow,psd,all-patient,True,7,1.0,0.1,32,0.03,0.02
multimodal_psd-fc-wpli_gated_cnn,10,sub16,sub01;sub05;sub07;sub08;sub09;sub10;sub11;sub13;sub14;sub15;sub18;sub20;sub22;sub24;sub27;sub28;sub29,sub17,95,0.0007101072696968913,0.001859127078205347,0.002,1e-05,1.0,1.0,True,False,multimodal,psd-fc-wpli,gated,cnn,True,finetune,segssl_barlow_all-patient_psd-fc-wpli_finetune_seed7_pre20_proj32_mask0_03_noise0_02_mlp1_0_sup100,True,barlow,psd,all-patient,True,7,1.0,0.1,32,0.03,0.02
multimodal_psd-fc-wpli_gated_cnn,10,sub16,sub01;sub05;sub07;sub08;sub09;sub10;sub11;sub13;sub14;sub15;sub18;sub20;sub22;sub24;sub27;sub28;sub29,sub17,96,0.0006955611752346158,0.0018092658137902617,0.002,1e-05,1.0,1.0,True,False,multimodal,psd-fc-wpli,gated,cnn,True,finetune,segssl_barlow_all-patient_psd-fc-wpli_finetune_seed7_pre20_proj32_mask0_03_noise0_02_mlp1_0_sup100,True,barlow,psd,all-patient,True,7,1.0,0.1,32,0.03,0.02
multimodal_psd-fc-wpli_gated_cnn,10,sub16,sub01;sub05;sub07;sub08;sub09;sub10;sub11;sub13;sub14;sub15;sub18;sub20;sub22;sub24;sub27;sub28;sub29,sub17,97,0.0006816046661697328,0.001762273139320314,0.002,1e-05,1.0,1.0,True,False,multimodal,psd-fc-wpli,gated,cnn,True,finetune,segssl_barlow_all-patient_psd-fc-wpli_finetune_seed7_pre20_proj32_mask0_03_noise0_02_mlp1_0_sup100,True,barlow,psd,all-patient,True,7,1.0,0.1,32,0.03,0.02
multimodal_psd-fc-wpli_gated_cnn,10,sub16,sub01;sub05;sub07;sub08;sub09;sub10;sub11;sub13;sub14;sub15;sub18;sub20;sub22;sub24;sub27;sub28;sub29,sub17,98,0.0006683031679131091,0.0017177305417135358,0.002,1e-05,1.0,1.0,True,False,multimodal,psd-fc-wpli,gated,cnn,True,finetune,segssl_barlow_all-patient_psd-fc-wpli_finetune_seed7_pre20_proj32_mask0_03_noise0_02_mlp1_0_sup100,True,barlow,psd,all-patient,True,7,1.0,0.1,32,0.03,0.02
multimodal_psd-fc-wpli_gated_cnn,10,sub16,sub01;sub05;sub07;sub08;sub09;sub10;sub11;sub13;sub14;sub15;sub18;sub20;sub22;sub24;sub27;sub28;sub29,sub17,99,0.0006554099963977933,0.0016744438325986266,0.002,1e-05,1.0,1.0,True,False,multimodal,psd-fc-wpli,gated,cnn,True,finetune,segssl_barlow_all-patient_psd-fc-wpli_finetune_seed7_pre20_proj32_mask0_03_noise0_02_mlp1_0_sup100,True,barlow,psd,all-patient,True,7,1.0,0.1,32,0.03,0.02
multimodal_psd-fc-wpli_gated_cnn,10,sub16,sub01;sub05;sub07;sub08;sub09;sub10;sub11;sub13;sub14;sub15;sub18;sub20;sub22;sub24;sub27;sub28;sub29,sub17,100,0.000642853497993201,0.0016322933370247483,0.002,1e-05,1.0,1.0,True,False,multimodal,psd-fc-wpli,gated,cnn,True,finetune,segssl_barlow_all-patient_psd-fc-wpli_finetune_seed7_pre20_proj32_mask0_03_noise0_02_mlp1_0_sup100,True,barlow,psd,all-patient,True,7,1.0,0.1,32,0.03,0.02
multimodal_psd-fc-wpli_gated_cnn,11,sub17,sub01;sub05;sub07;sub08;sub09;sub10;sub11;sub13;sub14;sub15;sub16;sub20;sub22;sub24;sub27;sub28;sub29,sub18,1,0.6838086247444153,0.7668458223342896,0.002,1e-05,1.0,1.0,True,False,multimodal,psd-fc-wpli,gated,cnn,True,finetune,segssl_barlow_all-patient_psd-fc-wpli_finetune_seed7_pre20_proj32_mask0_03_noise0_02_mlp1_0_sup100,True,barlow,psd,all-patient,True,7,1.0,0.1,32,0.03,0.02
multimodal_psd-fc-wpli_gated_cnn,11,sub17,sub01;sub05;sub07;sub08;sub09;sub10;sub11;sub13;sub14;sub15;sub16;sub20;sub22;sub24;sub27;sub28;sub29,sub18,2,0.6761119365692139,0.756330668926239,0.002,1e-05,1.0,1.0,True,False,multimodal,psd-fc-wpli,gated,cnn,True,finetune,segssl_barlow_all-patient_psd-fc-wpli_finetune_seed7_pre20_proj32_mask0_03_noise0_02_mlp1_0_sup100,True,barlow,psd,all-patient,True,7,1.0,0.1,32,0.03,0.02
multimodal_psd-fc-wpli_gated_cnn,11,sub17,sub01;sub05;sub07;sub08;sub09;sub10;sub11;sub13;sub14;sub15;sub16;sub20;sub22;sub24;sub27;sub28;sub29,sub18,3,0.6681969165802002,0.7371415495872498,0.002,1e-05,1.0,1.0,True,False,multimodal,psd-fc-wpli,gated,cnn,True,finetune,segssl_barlow_all-patient_psd-fc-wpli_finetune_seed7_pre20_proj32_mask0_03_noise0_02_mlp1_0_sup100,True,barlow,psd,all-patient,True,7,1.0,0.1,32,0.03,0.02
multimodal_psd-fc-wpli_gated_cnn,11,sub17,sub01;sub05;sub07;sub08;sub09;sub10;sub11;sub13;sub14;sub15;sub16;sub20;sub22;sub24;sub27;sub28;sub29,sub18,4,0.6597516536712646,0.7261388301849365,0.002,1e-05,1.0,1.0,True,False,multimodal,psd-fc-wpli,gated,cnn,True,finetune,segssl_barlow_all-patient_psd-fc-wpli_finetune_seed7_pre20_proj32_mask0_03_noise0_02_mlp1_0_sup100,True,barlow,psd,all-patient,True,7,1.0,0.1,32,0.03,0.02
multimodal_psd-fc-wpli_gated_cnn,11,sub17,sub01;sub05;sub07;sub08;sub09;sub10;sub11;sub13;sub14;sub15;sub16;sub20;sub22;sub24;sub27;sub28;sub29,sub18,5,0.6503879427909851,0.7076132297515869,0.002,1e-05,1.0,1.0,True,False,multimodal,psd-fc-wpli,gated,cnn,True,finetune,segssl_barlow_all-patient_psd-fc-wpli_finetune_seed7_pre20_proj32_mask0_03_noise0_02_mlp1_0_sup100,True,barlow,psd,all-patient,True,7,1.0,0.1,32,0.03,0.02
multimodal_psd-fc-wpli_gated_cnn,11,sub17,sub01;sub05;sub07;sub08;sub09;sub10;sub11;sub13;sub14;sub15;sub16;sub20;sub22;sub24;sub27;sub28;sub29,sub18,6,0.640203058719635,0.6920904517173767,0.002,1e-05,1.0,1.0,True,False,multimodal,psd-fc-wpli,gated,cnn,True,finetune,segssl_barlow_all-patient_psd-fc-wpli_finetune_seed7_pre20_proj32_mask0_03_noise0_02_mlp1_0_sup100,True,barlow,psd,all-patient,True,7,1.0,0.1,32,0.03,0.02
multimodal_psd-fc-wpli_gated_cnn,11,sub17,sub01;sub05;sub07;sub08;sub09;sub10;sub11;sub13;sub14;sub15;sub16;sub20;sub22;sub24;sub27;sub28;sub29,sub18,7,0.6294455528259277,0.6802061200141907,0.002,1e-05,1.0,1.0,True,False,multimodal,psd-fc-wpli,gated,cnn,True,finetune,segssl_barlow_all-patient_psd-fc-wpli_finetune_seed7_pre20_proj32_mask0_03_noise0_02_mlp1_0_sup100,True,barlow,psd,all-patient,True,7,1.0,0.1,32,0.03,0.02
multimodal_psd-fc-wpli_gated_cnn,11,sub17,sub01;sub05;sub07;sub08;sub09;sub10;sub11;sub13;sub14;sub15;sub16;sub20;sub22;sub24;sub27;sub28;sub29,sub18,8,0.6181628704071045,0.6705898642539978,0.002,1e-05,1.0,1.0,True,False,multimodal,psd-fc-wpli,gated,cnn,True,finetune,segssl_barlow_all-patient_psd-fc-wpli_finetune_seed7_pre20_proj32_mask0_03_noise0_02_mlp1_0_sup100,True,barlow,psd,all-patient,True,7,1.0,0.1,32,0.03,0.02
multimodal_psd-fc-wpli_gated_cnn,11,sub17,sub01;sub05;sub07;sub08;sub09;sub10;sub11;sub13;sub14;sub15;sub16;sub20;sub22;sub24;sub27;sub28;sub29,sub18,9,0.6061739325523376,0.6611617803573608,0.002,1e-05,1.0,1.0,True,False,multimodal,psd-fc-wpli,gated,cnn,True,finetune,segssl_barlow_all-patient_psd-fc-wpli_finetune_seed7_pre20_proj32_mask0_03_noise0_02_mlp1_0_sup100,True,barlow,psd,all-patient,True,7,1.0,0.1,32,0.03,0.02
multimodal_psd-fc-wpli_gated_cnn,11,sub17,sub01;sub05;sub07;sub08;sub09;sub10;sub11;sub13;sub14;sub15;sub16;sub20;sub22;sub24;sub27;sub28;sub29,sub18,10,0.5935678482055664,0.6546118259429932,0.002,1e-05,1.0,1.0,True,False,multimodal,psd-fc-wpli,gated,cnn,True,finetune,segssl_barlow_all-patient_psd-fc-wpli_finetune_seed7_pre20_proj32_mask0_03_noise0_02_mlp1_0_sup100,True,barlow,psd,all-patient,True,7,1.0,0.1,32,0.03,0.02
multimodal_psd-fc-wpli_gated_cnn,11,sub17,sub01;sub05;sub07;sub08;sub09;sub10;sub11;sub13;sub14;sub15;sub16;sub20;sub22;sub24;sub27;sub28;sub29,sub18,11,0.5801838636398315,0.654558539390564,0.002,1e-05,1.0,1.0,True,False,multimodal,psd-fc-wpli,gated,cnn,True,finetune,segssl_barlow_all-patient_psd-fc-wpli_finetune_seed7_pre20_proj32_mask0_03_noise0_02_mlp1_0_sup100,True,barlow,psd,all-patient,True,7,1.0,0.1,32,0.03,0.02
multimodal_psd-fc-wpli_gated_cnn,11,sub17,sub01;sub05;sub07;sub08;sub09;sub10;sub11;sub13;sub14;sub15;sub16;sub20;sub22;sub24;sub27;sub28;sub29,sub18,12,0.5661243200302124,0.6571217179298401,0.002,1e-05,1.0,1.0,False,False,multimodal,psd-fc-wpli,gated,cnn,True,finetune,segssl_barlow_all-patient_psd-fc-wpli_finetune_seed7_pre20_proj32_mask0_03_noise0_02_mlp1_0_sup100,True,barlow,psd,all-patient,True,7,1.0,0.1,32,0.03,0.02
multimodal_psd-fc-wpli_gated_cnn,11,sub17,sub01;sub05;sub07;sub08;sub09;sub10;sub11;sub13;sub14;sub15;sub16;sub20;sub22;sub24;sub27;sub28;sub29,sub18,13,0.5511701107025146,0.6625388860702515,0.002,1e-05,1.0,1.0,False,False,multimodal,psd-fc-wpli,gated,cnn,True,finetune,segssl_barlow_all-patient_psd-fc-wpli_finetune_seed7_pre20_proj32_mask0_03_noise0_02_mlp1_0_sup100,True,barlow,psd,all-patient,True,7,1.0,0.1,32,0.03,0.02
multimodal_psd-fc-wpli_gated_cnn,11,sub17,sub01;sub05;sub07;sub08;sub09;sub10;sub11;sub13;sub14;sub15;sub16;sub20;sub22;sub24;sub27;sub28;sub29,sub18,14,0.5353125333786011,0.6657307744026184,0.002,1e-05,1.0,1.0,False,False,multimodal,psd-fc-wpli,gated,cnn,True,finetune,segssl_barlow_all-patient_psd-fc-wpli_finetune_seed7_pre20_proj32_mask0_03_noise0_02_mlp1_0_sup100,True,barlow,psd,all-patient,True,7,1.0,0.1,32,0.03,0.02
multimodal_psd-fc-wpli_gated_cnn,11,sub17,sub01;sub05;sub07;sub08;sub09;sub10;sub11;sub13;sub14;sub15;sub16;sub20;sub22;sub24;sub27;sub28;sub29,sub18,15,0.5186212062835693,0.6651272773742676,0.002,1e-05,1.0,1.0,False,False,multimodal,psd-fc-wpli,gated,cnn,True,finetune,segssl_barlow_all-patient_psd-fc-wpli_finetune_seed7_pre20_proj32_mask0_03_noise0_02_mlp1_0_sup100,True,barlow,psd,all-patient,True,7,1.0,0.1,32,0.03,0.02
multimodal_psd-fc-wpli_gated_cnn,11,sub17,sub01;sub05;sub07;sub08;sub09;sub10;sub11;sub13;sub14;sub15;sub16;sub20;sub22;sub24;sub27;sub28;sub29,sub18,16,0.5012205839157104,0.6588083505630493,0.002,1e-05,1.0,1.0,False,False,multimodal,psd-fc-wpli,gated,cnn,True,finetune,segssl_barlow_all-patient_psd-fc-wpli_finetune_seed7_pre20_proj32_mask0_03_noise0_02_mlp1_0_sup100,True,barlow,psd,all-patient,True,7,1.0,0.1,32,0.03,0.02
multimodal_psd-fc-wpli_gated_cnn,11,sub17,sub01;sub05;sub07;sub08;sub09;sub10;sub11;sub13;sub14;sub15;sub16;sub20;sub22;sub24;sub27;sub28;sub29,sub18,17,0.4830019474029541,0.6493370532989502,0.002,1e-05,1.0,1.0,True,False,multimodal,psd-fc-wpli,gated,cnn,True,finetune,segssl_barlow_all-patient_psd-fc-wpli_finetune_seed7_pre20_proj32_mask0_03_noise0_02_mlp1_0_sup100,True,barlow,psd,all-patient,True,7,1.0,0.1,32,0.03,0.02
multimodal_psd-fc-wpli_gated_cnn,11,sub17,sub01;sub05;sub07;sub08;sub09;sub10;sub11;sub13;sub14;sub15;sub16;sub20;sub22;sub24;sub27;sub28;sub29,sub18,18,0.46397826075553894,0.6344037652015686,0.002,1e-05,1.0,1.0,True,False,multimodal,psd-fc-wpli,gated,cnn,True,finetune,segssl_barlow_all-patient_psd-fc-wpli_finetune_seed7_pre20_proj32_mask0_03_noise0_02_mlp1_0_sup100,True,barlow,psd,all-patient,True,7,1.0,0.1,32,0.03,0.02
multimodal_psd-fc-wpli_gated_cnn,11,sub17,sub01;sub05;sub07;sub08;sub09;sub10;sub11;sub13;sub14;sub15;sub16;sub20;sub22;sub24;sub27;sub28;sub29,sub18,19,0.44425588846206665,0.6231280565261841,0.002,1e-05,1.0,1.0,True,False,multimodal,psd-fc-wpli,gated,cnn,True,finetune,segssl_barlow_all-patient_psd-fc-wpli_finetune_seed7_pre20_proj32_mask0_03_noise0_02_mlp1_0_sup100,True,barlow,psd,all-patient,True,7,1.0,0.1,32,0.03,0.02
multimodal_psd-fc-wpli_gated_cnn,11,sub17,sub01;sub05;sub07;sub08;sub09;sub10;sub11;sub13;sub14;sub15;sub16;sub20;sub22;sub24;sub27;sub28;sub29,sub18,20,0.4239233732223511,0.6175290942192078,0.002,1e-05,1.0,1.0,True,False,multimodal,psd-fc-wpli,gated,cnn,True,finetune,segssl_barlow_all-patient_psd-fc-wpli_finetune_seed7_pre20_proj32_mask0_03_noise0_02_mlp1_0_sup100,True,barlow,psd,all-patient,True,7,1.0,0.1,32,0.03,0.02
multimodal_psd-fc-wpli_gated_cnn,11,sub17,sub01;sub05;sub07;sub08;sub09;sub10;sub11;sub13;sub14;sub15;sub16;sub20;sub22;sub24;sub27;sub28;sub29,sub18,21,0.4029872417449951,0.616551399230957,0.002,1e-05,1.0,1.0,True,False,multimodal,psd-fc-wpli,gated,cnn,True,finetune,segssl_barlow_all-patient_psd-fc-wpli_finetune_seed7_pre20_proj32_mask0_03_noise0_02_mlp1_0_sup100,True,barlow,psd,all-patient,True,7,1.0,0.1,32,0.03,0.02
multimodal_psd-fc-wpli_gated_cnn,11,sub17,sub01;sub05;sub07;sub08;sub09;sub10;sub11;sub13;sub14;sub15;sub16;sub20;sub22;sub24;sub27;sub28;sub29,sub18,22,0.38154056668281555,0.6213116645812988,0.002,1e-05,1.0,1.0,False,False,multimodal,psd-fc-wpli,gated,cnn,True,finetune,segssl_barlow_all-patient_psd-fc-wpli_finetune_seed7_pre20_proj32_mask0_03_noise0_02_mlp1_0_sup100,True,barlow,psd,all-patient,True,7,1.0,0.1,32,0.03,0.02
multimodal_psd-fc-wpli_gated_cnn,11,sub17,sub01;sub05;sub07;sub08;sub09;sub10;sub11;sub13;sub14;sub15;sub16;sub20;sub22;sub24;sub27;sub28;sub29,sub18,23,0.3597179055213928,0.6307938694953918,0.002,1e-05,1.0,1.0,False,False,multimodal,psd-fc-wpli,gated,cnn,True,finetune,segssl_barlow_all-patient_psd-fc-wpli_finetune_seed7_pre20_proj32_mask0_03_noise0_02_mlp1_0_sup100,True,barlow,psd,all-patient,True,7,1.0,0.1,32,0.03,0.02
multimodal_psd-fc-wpli_gated_cnn,11,sub17,sub01;sub05;sub07;sub08;sub09;sub10;sub11;sub13;sub14;sub15;sub16;sub20;sub22;sub24;sub27;sub28;sub29,sub18,24,0.337736576795578,0.6412476897239685,0.002,1e-05,1.0,1.0,False,False,multimodal,psd-fc-wpli,gated,cnn,True,finetune,segssl_barlow_all-patient_psd-fc-wpli_finetune_seed7_pre20_proj32_mask0_03_noise0_02_mlp1_0_sup100,True,barlow,psd,all-patient,True,7,1.0,0.1,32,0.03,0.02
multimodal_psd-fc-wpli_gated_cnn,11,sub17,sub01;sub05;sub07;sub08;sub09;sub10;sub11;sub13;sub14;sub15;sub16;sub20;sub22;sub24;sub27;sub28;sub29,sub18,25,0.31591182947158813,0.6447856426239014,0.002,1e-05,1.0,1.0,False,False,multimodal,psd-fc-wpli,gated,cnn,True,finetune,segssl_barlow_all-patient_psd-fc-wpli_finetune_seed7_pre20_proj32_mask0_03_noise0_02_mlp1_0_sup100,True,barlow,psd,all-patient,True,7,1.0,0.1,32,0.03,0.02
multimodal_psd-fc-wpli_gated_cnn,11,sub17,sub01;sub05;sub07;sub08;sub09;sub10;sub11;sub13;sub14;sub15;sub16;sub20;sub22;sub24;sub27;sub28;sub29,sub18,26,0.2943805158138275,0.6437186598777771,0.002,1e-05,1.0,1.0,False,False,multimodal,psd-fc-wpli,gated,cnn,True,finetune,segssl_barlow_all-patient_psd-fc-wpli_finetune_seed7_pre20_proj32_mask0_03_noise0_02_mlp1_0_sup100,True,barlow,psd,all-patient,True,7,1.0,0.1,32,0.03,0.02
multimodal_psd-fc-wpli_gated_cnn,11,sub17,sub01;sub05;sub07;sub08;sub09;sub10;sub11;sub13;sub14;sub15;sub16;sub20;sub22;sub24;sub27;sub28;sub29,sub18,27,0.27292296290397644,0.640369713306427,0.002,1e-05,1.0,1.0,False,False,multimodal,psd-fc-wpli,gated,cnn,True,finetune,segssl_barlow_all-patient_psd-fc-wpli_finetune_seed7_pre20_proj32_mask0_03_noise0_02_mlp1_0_sup100,True,barlow,psd,all-patient,True,7,1.0,0.1,32,0.03,0.02
multimodal_psd-fc-wpli_gated_cnn,11,sub17,sub01;sub05;sub07;sub08;sub09;sub10;sub11;sub13;sub14;sub15;sub16;sub20;sub22;sub24;sub27;sub28;sub29,sub18,28,0.25153446197509766,0.6375055313110352,0.002,1e-05,1.0,1.0,False,False,multimodal,psd-fc-wpli,gated,cnn,True,finetune,segssl_barlow_all-patient_psd-fc-wpli_finetune_seed7_pre20_proj32_mask0_03_noise0_02_mlp1_0_sup100,True,barlow,psd,all-patient,True,7,1.0,0.1,32,0.03,0.02
multimodal_psd-fc-wpli_gated_cnn,11,sub17,sub01;sub05;sub07;sub08;sub09;sub10;sub11;sub13;sub14;sub15;sub16;sub20;sub22;sub24;sub27;sub28;sub29,sub18,29,0.23047110438346863,0.6303529143333435,0.002,1e-05,1.0,1.0,False,False,multimodal,psd-fc-wpli,gated,cnn,True,finetune,segssl_barlow_all-patient_psd-fc-wpli_finetune_seed7_pre20_proj32_mask0_03_noise0_02_mlp1_0_sup100,True,barlow,psd,all-patient,True,7,1.0,0.1,32,0.03,0.02
multimodal_psd-fc-wpli_gated_cnn,11,sub17,sub01;sub05;sub07;sub08;sub09;sub10;sub11;sub13;sub14;sub15;sub16;sub20;sub22;sub24;sub27;sub28;sub29,sub18,30,0.2097855806350708,0.6348442435264587,0.002,1e-05,1.0,1.0,False,False,multimodal,psd-fc-wpli,gated,cnn,True,finetune,segssl_barlow_all-patient_psd-fc-wpli_finetune_seed7_pre20_proj32_mask0_03_noise0_02_mlp1_0_sup100,True,barlow,psd,all-patient,True,7,1.0,0.1,32,0.03,0.02
multimodal_psd-fc-wpli_gated_cnn,11,sub17,sub01;sub05;sub07;sub08;sub09;sub10;sub11;sub13;sub14;sub15;sub16;sub20;sub22;sub24;sub27;sub28;sub29,sub18,31,0.1895037591457367,0.6552566885948181,0.002,1e-05,1.0,1.0,False,False,multimodal,psd-fc-wpli,gated,cnn,True,finetune,segssl_barlow_all-patient_psd-fc-wpli_finetune_seed7_pre20_proj32_mask0_03_noise0_02_mlp1_0_sup100,True,barlow,psd,all-patient,True,7,1.0,0.1,32,0.03,0.02
multimodal_psd-fc-wpli_gated_cnn,11,sub17,sub01;sub05;sub07;sub08;sub09;sub10;sub11;sub13;sub14;sub15;sub16;sub20;sub22;sub24;sub27;sub28;sub29,sub18,32,0.16986389458179474,0.6858481168746948,0.002,1e-05,1.0,1.0,False,False,multimodal,psd-fc-wpli,gated,cnn,True,finetune,segssl_barlow_all-patient_psd-fc-wpli_finetune_seed7_pre20_proj32_mask0_03_noise0_02_mlp1_0_sup100,True,barlow,psd,all-patient,True,7,1.0,0.1,32,0.03,0.02
multimodal_psd-fc-wpli_gated_cnn,11,sub17,sub01;sub05;sub07;sub08;sub09;sub10;sub11;sub13;sub14;sub15;sub16;sub20;sub22;sub24;sub27;sub28;sub29,sub18,33,0.15094083547592163,0.7170616388320923,0.002,1e-05,1.0,1.0,False,False,multimodal,psd-fc-wpli,gated,cnn,True,finetune,segssl_barlow_all-patient_psd-fc-wpli_finetune_seed7_pre20_proj32_mask0_03_noise0_02_mlp1_0_sup100,True,barlow,psd,all-patient,True,7,1.0,0.1,32,0.03,0.02
multimodal_psd-fc-wpli_gated_cnn,11,sub17,sub01;sub05;sub07;sub08;sub09;sub10;sub11;sub13;sub14;sub15;sub16;sub20;sub22;sub24;sub27;sub28;sub29,sub18,34,0.13296954333782196,0.7425302267074585,0.002,1e-05,1.0,1.0,False,False,multimodal,psd-fc-wpli,gated,cnn,True,finetune,segssl_barlow_all-patient_psd-fc-wpli_finetune_seed7_pre20_proj32_mask0_03_noise0_02_mlp1_0_sup100,True,barlow,psd,all-patient,True,7,1.0,0.1,32,0.03,0.02
multimodal_psd-fc-wpli_gated_cnn,11,sub17,sub01;sub05;sub07;sub08;sub09;sub10;sub11;sub13;sub14;sub15;sub16;sub20;sub22;sub24;sub27;sub28;sub29,sub18,35,0.11619846522808075,0.7522427439689636,0.002,1e-05,1.0,1.0,False,False,multimodal,psd-fc-wpli,gated,cnn,True,finetune,segssl_barlow_all-patient_psd-fc-wpli_finetune_seed7_pre20_proj32_mask0_03_noise0_02_mlp1_0_sup100,True,barlow,psd,all-patient,True,7,1.0,0.1,32,0.03,0.02
multimodal_psd-fc-wpli_gated_cnn,11,sub17,sub01;sub05;sub07;sub08;sub09;sub10;sub11;sub13;sub14;sub15;sub16;sub20;sub22;sub24;sub27;sub28;sub29,sub18,36,0.10071626305580139,0.7353927493095398,0.002,1e-05,1.0,1.0,False,False,multimodal,psd-fc-wpli,gated,cnn,True,finetune,segssl_barlow_all-patient_psd-fc-wpli_finetune_seed7_pre20_proj32_mask0_03_noise0_02_mlp1_0_sup100,True,barlow,psd,all-patient,True,7,1.0,0.1,32,0.03,0.02
multimodal_psd-fc-wpli_gated_cnn,11,sub17,sub01;sub05;sub07;sub08;sub09;sub10;sub11;sub13;sub14;sub15;sub16;sub20;sub22;sub24;sub27;sub28;sub29,sub18,37,0.08671704679727554,0.6979824304580688,0.002,1e-05,1.0,1.0,False,False,multimodal,psd-fc-wpli,gated,cnn,True,finetune,segssl_barlow_all-patient_psd-fc-wpli_finetune_seed7_pre20_proj32_mask0_03_noise0_02_mlp1_0_sup100,True,barlow,psd,all-patient,True,7,1.0,0.1,32,0.03,0.02
multimodal_psd-fc-wpli_gated_cnn,11,sub17,sub01;sub05;sub07;sub08;sub09;sub10;sub11;sub13;sub14;sub15;sub16;sub20;sub22;sub24;sub27;sub28;sub29,sub18,38,0.07415493577718735,0.6535249352455139,0.002,1e-05,1.0,1.0,False,False,multimodal,psd-fc-wpli,gated,cnn,True,finetune,segssl_barlow_all-patient_psd-fc-wpli_finetune_seed7_pre20_proj32_mask0_03_noise0_02_mlp1_0_sup100,True,barlow,psd,all-patient,True,7,1.0,0.1,32,0.03,0.02
multimodal_psd-fc-wpli_gated_cnn,11,sub17,sub01;sub05;sub07;sub08;sub09;sub10;sub11;sub13;sub14;sub15;sub16;sub20;sub22;sub24;sub27;sub28;sub29,sub18,39,0.06296054273843765,0.6110441088676453,0.002,1e-05,1.0,1.0,True,False,multimodal,psd-fc-wpli,gated,cnn,True,finetune,segssl_barlow_all-patient_psd-fc-wpli_finetune_seed7_pre20_proj32_mask0_03_noise0_02_mlp1_0_sup100,True,barlow,psd,all-patient,True,7,1.0,0.1,32,0.03,0.02
multimodal_psd-fc-wpli_gated_cnn,11,sub17,sub01;sub05;sub07;sub08;sub09;sub10;sub11;sub13;sub14;sub15;sub16;sub20;sub22;sub24;sub27;sub28;sub29,sub18,40,0.05318653583526611,0.572371780872345,0.002,1e-05,1.0,1.0,True,False,multimodal,psd-fc-wpli,gated,cnn,True,finetune,segssl_barlow_all-patient_psd-fc-wpli_finetune_seed7_pre20_proj32_mask0_03_noise0_02_mlp1_0_sup100,True,barlow,psd,all-patient,True,7,1.0,0.1,32,0.03,0.02
multimodal_psd-fc-wpli_gated_cnn,11,sub17,sub01;sub05;sub07;sub08;sub09;sub10;sub11;sub13;sub14;sub15;sub16;sub20;sub22;sub24;sub27;sub28;sub29,sub18,41,0.044815778732299805,0.5453301072120667,0.002,1e-05,1.0,1.0,True,False,multimodal,psd-fc-wpli,gated,cnn,True,finetune,segssl_barlow_all-patient_psd-fc-wpli_finetune_seed7_pre20_proj32_mask0_03_noise0_02_mlp1_0_sup100,True,barlow,psd,all-patient,True,7,1.0,0.1,32,0.03,0.02
multimodal_psd-fc-wpli_gated_cnn,11,sub17,sub01;sub05;sub07;sub08;sub09;sub10;sub11;sub13;sub14;sub15;sub16;sub20;sub22;sub24;sub27;sub28;sub29,sub18,42,0.03767990320920944,0.5333446264266968,0.002,1e-05,1.0,1.0,True,False,multimodal,psd-fc-wpli,gated,cnn,True,finetune,segssl_barlow_all-patient_psd-fc-wpli_finetune_seed7_pre20_proj32_mask0_03_noise0_02_mlp1_0_sup100,True,barlow,psd,all-patient,True,7,1.0,0.1,32,0.03,0.02
multimodal_psd-fc-wpli_gated_cnn,11,sub17,sub01;sub05;sub07;sub08;sub09;sub10;sub11;sub13;sub14;sub15;sub16;sub20;sub22;sub24;sub27;sub28;sub29,sub18,43,0.03160718455910683,0.5329806804656982,0.002,1e-05,1.0,1.0,True,False,multimodal,psd-fc-wpli,gated,cnn,True,finetune,segssl_barlow_all-patient_psd-fc-wpli_finetune_seed7_pre20_proj32_mask0_03_noise0_02_mlp1_0_sup100,True,barlow,psd,all-patient,True,7,1.0,0.1,32,0.03,0.02
multimodal_psd-fc-wpli_gated_cnn,11,sub17,sub01;sub05;sub07;sub08;sub09;sub10;sub11;sub13;sub14;sub15;sub16;sub20;sub22;sub24;sub27;sub28;sub29,sub18,44,0.026498423889279366,0.5379676222801208,0.002,1e-05,1.0,1.0,False,False,multimodal,psd-fc-wpli,gated,cnn,True,finetune,segssl_barlow_all-patient_psd-fc-wpli_finetune_seed7_pre20_proj32_mask0_03_noise0_02_mlp1_0_sup100,True,barlow,psd,all-patient,True,7,1.0,0.1,32,0.03,0.02
multimodal_psd-fc-wpli_gated_cnn,11,sub17,sub01;sub05;sub07;sub08;sub09;sub10;sub11;sub13;sub14;sub15;sub16;sub20;sub22;sub24;sub27;sub28;sub29,sub18,45,0.022228142246603966,0.5426088571548462,0.002,1e-05,1.0,1.0,False,False,multimodal,psd-fc-wpli,gated,cnn,True,finetune,segssl_barlow_all-patient_psd-fc-wpli_finetune_seed7_pre20_proj32_mask0_03_noise0_02_mlp1_0_sup100,True,barlow,psd,all-patient,True,7,1.0,0.1,32,0.03,0.02
multimodal_psd-fc-wpli_gated_cnn,11,sub17,sub01;sub05;sub07;sub08;sub09;sub10;sub11;sub13;sub14;sub15;sub16;sub20;sub22;sub24;sub27;sub28;sub29,sub18,46,0.018671244382858276,0.5342929363250732,0.002,1e-05,1.0,1.0,False,False,multimodal,psd-fc-wpli,gated,cnn,True,finetune,segssl_barlow_all-patient_psd-fc-wpli_finetune_seed7_pre20_proj32_mask0_03_noise0_02_mlp1_0_sup100,True,barlow,psd,all-patient,True,7,1.0,0.1,32,0.03,0.02
multimodal_psd-fc-wpli_gated_cnn,11,sub17,sub01;sub05;sub07;sub08;sub09;sub10;sub11;sub13;sub14;sub15;sub16;sub20;sub22;sub24;sub27;sub28;sub29,sub18,47,0.01574636995792389,0.49226146936416626,0.002,1e-05,1.0,1.0,True,False,multimodal,psd-fc-wpli,gated,cnn,True,finetune,segssl_barlow_all-patient_psd-fc-wpli_finetune_seed7_pre20_proj32_mask0_03_noise0_02_mlp1_0_sup100,True,barlow,psd,all-patient,True,7,1.0,0.1,32,0.03,0.02
multimodal_psd-fc-wpli_gated_cnn,11,sub17,sub01;sub05;sub07;sub08;sub09;sub10;sub11;sub13;sub14;sub15;sub16;sub20;sub22;sub24;sub27;sub28;sub29,sub18,48,0.013309462927281857,0.42907750606536865,0.002,1e-05,1.0,1.0,True,False,multimodal,psd-fc-wpli,gated,cnn,True,finetune,segssl_barlow_all-patient_psd-fc-wpli_finetune_seed7_pre20_proj32_mask0_03_noise0_02_mlp1_0_sup100,True,barlow,psd,all-patient,True,7,1.0,0.1,32,0.03,0.02
multimodal_psd-fc-wpli_gated_cnn,11,sub17,sub01;sub05;sub07;sub08;sub09;sub10;sub11;sub13;sub14;sub15;sub16;sub20;sub22;sub24;sub27;sub28;sub29,sub18,49,0.011275642551481724,0.36115771532058716,0.002,1e-05,1.0,1.0,True,False,multimodal,psd-fc-wpli,gated,cnn,True,finetune,segssl_barlow_all-patient_psd-fc-wpli_finetune_seed7_pre20_proj32_mask0_03_noise0_02_mlp1_0_sup100,True,barlow,psd,all-patient,True,7,1.0,0.1,32,0.03,0.02
multimodal_psd-fc-wpli_gated_cnn,11,sub17,sub01;sub05;sub07;sub08;sub09;sub10;sub11;sub13;sub14;sub15;sub16;sub20;sub22;sub24;sub27;sub28;sub29,sub18,50,0.009587724693119526,0.30629584193229675,0.002,1e-05,1.0,1.0,True,False,multimodal,psd-fc-wpli,gated,cnn,True,finetune,segssl_barlow_all-patient_psd-fc-wpli_finetune_seed7_pre20_proj32_mask0_03_noise0_02_mlp1_0_sup100,True,barlow,psd,all-patient,True,7,1.0,0.1,32,0.03,0.02
multimodal_psd-fc-wpli_gated_cnn,11,sub17,sub01;sub05;sub07;sub08;sub09;sub10;sub11;sub13;sub14;sub15;sub16;sub20;sub22;sub24;sub27;sub28;sub29,sub18,51,0.008201024495065212,0.2669408917427063,0.002,1e-05,1.0,1.0,True,False,multimodal,psd-fc-wpli,gated,cnn,True,finetune,segssl_barlow_all-patient_psd-fc-wpli_finetune_seed7_pre20_proj32_mask0_03_noise0_02_mlp1_0_sup100,True,barlow,psd,all-patient,True,7,1.0,0.1,32,0.03,0.02
multimodal_psd-fc-wpli_gated_cnn,11,sub17,sub01;sub05;sub07;sub08;sub09;sub10;sub11;sub13;sub14;sub15;sub16;sub20;sub22;sub24;sub27;sub28;sub29,sub18,52,0.007055474445223808,0.24211952090263367,0.002,1e-05,1.0,1.0,True,False,multimodal,psd-fc-wpli,gated,cnn,True,finetune,segssl_barlow_all-patient_psd-fc-wpli_finetune_seed7_pre20_proj32_mask0_03_noise0_02_mlp1_0_sup100,True,barlow,psd,all-patient,True,7,1.0,0.1,32,0.03,0.02
multimodal_psd-fc-wpli_gated_cnn,11,sub17,sub01;sub05;sub07;sub08;sub09;sub10;sub11;sub13;sub14;sub15;sub16;sub20;sub22;sub24;sub27;sub28;sub29,sub18,53,0.00611004838719964,0.22799751162528992,0.002,1e-05,1.0,1.0,True,False,multimodal,psd-fc-wpli,gated,cnn,True,finetune,segssl_barlow_all-patient_psd-fc-wpli_finetune_seed7_pre20_proj32_mask0_03_noise0_02_mlp1_0_sup100,True,barlow,psd,all-patient,True,7,1.0,0.1,32,0.03,0.02
multimodal_psd-fc-wpli_gated_cnn,11,sub17,sub01;sub05;sub07;sub08;sub09;sub10;sub11;sub13;sub14;sub15;sub16;sub20;sub22;sub24;sub27;sub28;sub29,sub18,54,0.005321689415723085,0.22201578319072723,0.002,1e-05,1.0,1.0,True,False,multimodal,psd-fc-wpli,gated,cnn,True,finetune,segssl_barlow_all-patient_psd-fc-wpli_finetune_seed7_pre20_proj32_mask0_03_noise0_02_mlp1_0_sup100,True,barlow,psd,all-patient,True,7,1.0,0.1,32,0.03,0.02
multimodal_psd-fc-wpli_gated_cnn,11,sub17,sub01;sub05;sub07;sub08;sub09;sub10;sub11;sub13;sub14;sub15;sub16;sub20;sub22;sub24;sub27;sub28;sub29,sub18,55,0.004659944213926792,0.2220166027545929,0.002,1e-05,1.0,1.0,False,False,multimodal,psd-fc-wpli,gated,cnn,True,finetune,segssl_barlow_all-patient_psd-fc-wpli_finetune_seed7_pre20_proj32_mask0_03_noise0_02_mlp1_0_sup100,True,barlow,psd,all-patient,True,7,1.0,0.1,32,0.03,0.02
multimodal_psd-fc-wpli_gated_cnn,11,sub17,sub01;sub05;sub07;sub08;sub09;sub10;sub11;sub13;sub14;sub15;sub16;sub20;sub22;sub24;sub27;sub28;sub29,sub18,56,0.004101972561329603,0.22600126266479492,0.002,1e-05,1.0,1.0,False,False,multimodal,psd-fc-wpli,gated,cnn,True,finetune,segssl_barlow_all-patient_psd-fc-wpli_finetune_seed7_pre20_proj32_mask0_03_noise0_02_mlp1_0_sup100,True,barlow,psd,all-patient,True,7,1.0,0.1,32,0.03,0.02
multimodal_psd-fc-wpli_gated_cnn,11,sub17,sub01;sub05;sub07;sub08;sub09;sub10;sub11;sub13;sub14;sub15;sub16;sub20;sub22;sub24;sub27;sub28;sub29,sub18,57,0.003630103776231408,0.23260772228240967,0.002,1e-05,1.0,1.0,False,False,multimodal,psd-fc-wpli,gated,cnn,True,finetune,segssl_barlow_all-patient_psd-fc-wpli_finetune_seed7_pre20_proj32_mask0_03_noise0_02_mlp1_0_sup100,True,barlow,psd,all-patient,True,7,1.0,0.1,32,0.03,0.02
multimodal_psd-fc-wpli_gated_cnn,11,sub17,sub01;sub05;sub07;sub08;sub09;sub10;sub11;sub13;sub14;sub15;sub16;sub20;sub22;sub24;sub27;sub28;sub29,sub18,58,0.0032331948168575764,0.24046698212623596,0.002,1e-05,1.0,1.0,False,False,multimodal,psd-fc-wpli,gated,cnn,True,finetune,segssl_barlow_all-patient_psd-fc-wpli_finetune_seed7_pre20_proj32_mask0_03_noise0_02_mlp1_0_sup100,True,barlow,psd,all-patient,True,7,1.0,0.1,32,0.03,0.02
multimodal_psd-fc-wpli_gated_cnn,11,sub17,sub01;sub05;sub07;sub08;sub09;sub10;sub11;sub13;sub14;sub15;sub16;sub20;sub22;sub24;sub27;sub28;sub29,sub18,59,0.002895573154091835,0.24867798388004303,0.002,1e-05,1.0,1.0,False,False,multimodal,psd-fc-wpli,gated,cnn,True,finetune,segssl_barlow_all-patient_psd-fc-wpli_finetune_seed7_pre20_proj32_mask0_03_noise0_02_mlp1_0_sup100,True,barlow,psd,all-patient,True,7,1.0,0.1,32,0.03,0.02
multimodal_psd-fc-wpli_gated_cnn,11,sub17,sub01;sub05;sub07;sub08;sub09;sub10;sub11;sub13;sub14;sub15;sub16;sub20;sub22;sub24;sub27;sub28;sub29,sub18,60,0.0026076321955770254,0.2563709616661072,0.002,1e-05,1.0,1.0,False,False,multimodal,psd-fc-wpli,gated,cnn,True,finetune,segssl_barlow_all-patient_psd-fc-wpli_finetune_seed7_pre20_proj32_mask0_03_noise0_02_mlp1_0_sup100,True,barlow,psd,all-patient,True,7,1.0,0.1,32,0.03,0.02
multimodal_psd-fc-wpli_gated_cnn,11,sub17,sub01;sub05;sub07;sub08;sub09;sub10;sub11;sub13;sub14;sub15;sub16;sub20;sub22;sub24;sub27;sub28;sub29,sub18,61,0.0023604731541126966,0.2624507248401642,0.002,1e-05,1.0,1.0,False,False,multimodal,psd-fc-wpli,gated,cnn,True,finetune,segssl_barlow_all-patient_psd-fc-wpli_finetune_seed7_pre20_proj32_mask0_03_noise0_02_mlp1_0_sup100,True,barlow,psd,all-patient,True,7,1.0,0.1,32,0.03,0.02
multimodal_psd-fc-wpli_gated_cnn,11,sub17,sub01;sub05;sub07;sub08;sub09;sub10;sub11;sub13;sub14;sub15;sub16;sub20;sub22;sub24;sub27;sub28;sub29,sub18,62,0.002147771418094635,0.266934871673584,0.002,1e-05,1.0,1.0,False,False,multimodal,psd-fc-wpli,gated,cnn,True,finetune,segssl_barlow_all-patient_psd-fc-wpli_finetune_seed7_pre20_proj32_mask0_03_noise0_02_mlp1_0_sup100,True,barlow,psd,all-patient,True,7,1.0,0.1,32,0.03,0.02
multimodal_psd-fc-wpli_gated_cnn,11,sub17,sub01;sub05;sub07;sub08;sub09;sub10;sub11;sub13;sub14;sub15;sub16;sub20;sub22;sub24;sub27;sub28;sub29,sub18,63,0.0019633029587566853,0.2695436179637909,0.002,1e-05,1.0,1.0,False,False,multimodal,psd-fc-wpli,gated,cnn,True,finetune,segssl_barlow_all-patient_psd-fc-wpli_finetune_seed7_pre20_proj32_mask0_03_noise0_02_mlp1_0_sup100,True,barlow,psd,all-patient,True,7,1.0,0.1,32,0.03,0.02
multimodal_psd-fc-wpli_gated_cnn,11,sub17,sub01;sub05;sub07;sub08;sub09;sub10;sub11;sub13;sub14;sub15;sub16;sub20;sub22;sub24;sub27;sub28;sub29,sub18,64,0.0018023245502263308,0.2702794671058655,0.002,1e-05,1.0,1.0,False,False,multimodal,psd-fc-wpli,gated,cnn,True,finetune,segssl_barlow_all-patient_psd-fc-wpli_finetune_seed7_pre20_proj32_mask0_03_noise0_02_mlp1_0_sup100,True,barlow,psd,all-patient,True,7,1.0,0.1,32,0.03,0.02
multimodal_psd-fc-wpli_gated_cnn,11,sub17,sub01;sub05;sub07;sub08;sub09;sub10;sub11;sub13;sub14;sub15;sub16;sub20;sub22;sub24;sub27;sub28;sub29,sub18,65,0.0016612466424703598,0.26924484968185425,0.002,1e-05,1.0,1.0,False,False,multimodal,psd-fc-wpli,gated,cnn,True,finetune,segssl_barlow_all-patient_psd-fc-wpli_finetune_seed7_pre20_proj32_mask0_03_noise0_02_mlp1_0_sup100,True,barlow,psd,all-patient,True,7,1.0,0.1,32,0.03,0.02
multimodal_psd-fc-wpli_gated_cnn,11,sub17,sub01;sub05;sub07;sub08;sub09;sub10;sub11;sub13;sub14;sub15;sub16;sub20;sub22;sub24;sub27;sub28;sub29,sub18,66,0.0015372816706076264,0.26684141159057617,0.002,1e-05,1.0,1.0,False,False,multimodal,psd-fc-wpli,gated,cnn,True,finetune,segssl_barlow_all-patient_psd-fc-wpli_finetune_seed7_pre20_proj32_mask0_03_noise0_02_mlp1_0_sup100,True,barlow,psd,all-patient,True,7,1.0,0.1,32,0.03,0.02
multimodal_psd-fc-wpli_gated_cnn,11,sub17,sub01;sub05;sub07;sub08;sub09;sub10;sub11;sub13;sub14;sub15;sub16;sub20;sub22;sub24;sub27;sub28;sub29,sub18,67,0.0014276960864663124,0.26350975036621094,0.002,1e-05,1.0,1.0,False,False,multimodal,psd-fc-wpli,gated,cnn,True,finetune,segssl_barlow_all-patient_psd-fc-wpli_finetune_seed7_pre20_proj32_mask0_03_noise0_02_mlp1_0_sup100,True,barlow,psd,all-patient,True,7,1.0,0.1,32,0.03,0.02
multimodal_psd-fc-wpli_gated_cnn,11,sub17,sub01;sub05;sub07;sub08;sub09;sub10;sub11;sub13;sub14;sub15;sub16;sub20;sub22;sub24;sub27;sub28;sub29,sub18,68,0.0013304075691848993,0.25966957211494446,0.002,1e-05,1.0,1.0,False,False,multimodal,psd-fc-wpli,gated,cnn,True,finetune,segssl_barlow_all-patient_psd-fc-wpli_finetune_seed7_pre20_proj32_mask0_03_noise0_02_mlp1_0_sup100,True,barlow,psd,all-patient,True,7,1.0,0.1,32,0.03,0.02
multimodal_psd-fc-wpli_gated_cnn,11,sub17,sub01;sub05;sub07;sub08;sub09;sub10;sub11;sub13;sub14;sub15;sub16;sub20;sub22;sub24;sub27;sub28;sub29,sub18,69,0.0012438453268259764,0.2555571496486664,0.002,1e-05,1.0,1.0,False,False,multimodal,psd-fc-wpli,gated,cnn,True,finetune,segssl_barlow_all-patient_psd-fc-wpli_finetune_seed7_pre20_proj32_mask0_03_noise0_02_mlp1_0_sup100,True,barlow,psd,all-patient,True,7,1.0,0.1,32,0.03,0.02
multimodal_psd-fc-wpli_gated_cnn,11,sub17,sub01;sub05;sub07;sub08;sub09;sub10;sub11;sub13;sub14;sub15;sub16;sub20;sub22;sub24;sub27;sub28;sub29,sub18,70,0.0011664791963994503,0.25178268551826477,0.002,1e-05,1.0,1.0,False,False,multimodal,psd-fc-wpli,gated,cnn,True,finetune,segssl_barlow_all-patient_psd-fc-wpli_finetune_seed7_pre20_proj32_mask0_03_noise0_02_mlp1_0_sup100,True,barlow,psd,all-patient,True,7,1.0,0.1,32,0.03,0.02
multimodal_psd-fc-wpli_gated_cnn,11,sub17,sub01;sub05;sub07;sub08;sub09;sub10;sub11;sub13;sub14;sub15;sub16;sub20;sub22;sub24;sub27;sub28;sub29,sub18,71,0.0010972643503919244,0.24868325889110565,0.002,1e-05,1.0,1.0,False,False,multimodal,psd-fc-wpli,gated,cnn,True,finetune,segssl_barlow_all-patient_psd-fc-wpli_finetune_seed7_pre20_proj32_mask0_03_noise0_02_mlp1_0_sup100,True,barlow,psd,all-patient,True,7,1.0,0.1,32,0.03,0.02
multimodal_psd-fc-wpli_gated_cnn,11,sub17,sub01;sub05;sub07;sub08;sub09;sub10;sub11;sub13;sub14;sub15;sub16;sub20;sub22;sub24;sub27;sub28;sub29,sub18,72,0.001034761662594974,0.24619066715240479,0.002,1e-05,1.0,1.0,False,False,multimodal,psd-fc-wpli,gated,cnn,True,finetune,segssl_barlow_all-patient_psd-fc-wpli_finetune_seed7_pre20_proj32_mask0_03_noise0_02_mlp1_0_sup100,True,barlow,psd,all-patient,True,7,1.0,0.1,32,0.03,0.02
multimodal_psd-fc-wpli_gated_cnn,11,sub17,sub01;sub05;sub07;sub08;sub09;sub10;sub11;sub13;sub14;sub15;sub16;sub20;sub22;sub24;sub27;sub28;sub29,sub18,73,0.0009782452834770083,0.24441373348236084,0.002,1e-05,1.0,1.0,False,False,multimodal,psd-fc-wpli,gated,cnn,True,finetune,segssl_barlow_all-patient_psd-fc-wpli_finetune_seed7_pre20_proj32_mask0_03_noise0_02_mlp1_0_sup100,True,barlow,psd,all-patient,True,7,1.0,0.1,32,0.03,0.02
multimodal_psd-fc-wpli_gated_cnn,11,sub17,sub01;sub05;sub07;sub08;sub09;sub10;sub11;sub13;sub14;sub15;sub16;sub20;sub22;sub24;sub27;sub28;sub29,sub18,74,0.0009267418063245714,0.2429797500371933,0.002,1e-05,1.0,1.0,False,False,multimodal,psd-fc-wpli,gated,cnn,True,finetune,segssl_barlow_all-patient_psd-fc-wpli_finetune_seed7_pre20_proj32_mask0_03_noise0_02_mlp1_0_sup100,True,barlow,psd,all-patient,True,7,1.0,0.1,32,0.03,0.02
multimodal_psd-fc-wpli_gated_cnn,11,sub17,sub01;sub05;sub07;sub08;sub09;sub10;sub11;sub13;sub14;sub15;sub16;sub20;sub22;sub24;sub27;sub28;sub29,sub18,75,0.0008797053014859557,0.24171321094036102,0.002,1e-05,1.0,1.0,False,False,multimodal,psd-fc-wpli,gated,cnn,True,finetune,segssl_barlow_all-patient_psd-fc-wpli_finetune_seed7_pre20_proj32_mask0_03_noise0_02_mlp1_0_sup100,True,barlow,psd,all-patient,True,7,1.0,0.1,32,0.03,0.02
multimodal_psd-fc-wpli_gated_cnn,11,sub17,sub01;sub05;sub07;sub08;sub09;sub10;sub11;sub13;sub14;sub15;sub16;sub20;sub22;sub24;sub27;sub28;sub29,sub18,76,0.0008363876841031015,0.24055545032024384,0.002,1e-05,1.0,1.0,False,False,multimodal,psd-fc-wpli,gated,cnn,True,finetune,segssl_barlow_all-patient_psd-fc-wpli_finetune_seed7_pre20_proj32_mask0_03_noise0_02_mlp1_0_sup100,True,barlow,psd,all-patient,True,7,1.0,0.1,32,0.03,0.02
multimodal_psd-fc-wpli_gated_cnn,11,sub17,sub01;sub05;sub07;sub08;sub09;sub10;sub11;sub13;sub14;sub15;sub16;sub20;sub22;sub24;sub27;sub28;sub29,sub18,77,0.0007963453535921872,0.23926834762096405,0.002,1e-05,1.0,1.0,False,False,multimodal,psd-fc-wpli,gated,cnn,True,finetune,segssl_barlow_all-patient_psd-fc-wpli_finetune_seed7_pre20_proj32_mask0_03_noise0_02_mlp1_0_sup100,True,barlow,psd,all-patient,True,7,1.0,0.1,32,0.03,0.02
multimodal_psd-fc-wpli_gated_cnn,11,sub17,sub01;sub05;sub07;sub08;sub09;sub10;sub11;sub13;sub14;sub15;sub16;sub20;sub22;sub24;sub27;sub28;sub29,sub18,78,0.0007594564231112599,0.2377028465270996,0.002,1e-05,1.0,1.0,False,False,multimodal,psd-fc-wpli,gated,cnn,True,finetune,segssl_barlow_all-patient_psd-fc-wpli_finetune_seed7_pre20_proj32_mask0_03_noise0_02_mlp1_0_sup100,True,barlow,psd,all-patient,True,7,1.0,0.1,32,0.03,0.02
multimodal_psd-fc-wpli_gated_cnn,11,sub17,sub01;sub05;sub07;sub08;sub09;sub10;sub11;sub13;sub14;sub15;sub16;sub20;sub22;sub24;sub27;sub28;sub29,sub18,79,0.0007251786882989109,0.2355930656194687,0.002,1e-05,1.0,1.0,False,False,multimodal,psd-fc-wpli,gated,cnn,True,finetune,segssl_barlow_all-patient_psd-fc-wpli_finetune_seed7_pre20_proj32_mask0_03_noise0_02_mlp1_0_sup100,True,barlow,psd,all-patient,True,7,1.0,0.1,32,0.03,0.02
multimodal_psd-fc-wpli_gated_cnn,11,sub17,sub01;sub05;sub07;sub08;sub09;sub10;sub11;sub13;sub14;sub15;sub16;sub20;sub22;sub24;sub27;sub28;sub29,sub18,80,0.0006934241973794997,0.23311035335063934,0.002,1e-05,1.0,1.0,False,False,multimodal,psd-fc-wpli,gated,cnn,True,finetune,segssl_barlow_all-patient_psd-fc-wpli_finetune_seed7_pre20_proj32_mask0_03_noise0_02_mlp1_0_sup100,True,barlow,psd,all-patient,True,7,1.0,0.1,32,0.03,0.02
multimodal_psd-fc-wpli_gated_cnn,11,sub17,sub01;sub05;sub07;sub08;sub09;sub10;sub11;sub13;sub14;sub15;sub16;sub20;sub22;sub24;sub27;sub28;sub29,sub18,81,0.0006638446939177811,0.23050318658351898,0.002,1e-05,1.0,1.0,False,False,multimodal,psd-fc-wpli,gated,cnn,True,finetune,segssl_barlow_all-patient_psd-fc-wpli_finetune_seed7_pre20_proj32_mask0_03_noise0_02_mlp1_0_sup100,True,barlow,psd,all-patient,True,7,1.0,0.1,32,0.03,0.02
multimodal_psd-fc-wpli_gated_cnn,11,sub17,sub01;sub05;sub07;sub08;sub09;sub10;sub11;sub13;sub14;sub15;sub16;sub20;sub22;sub24;sub27;sub28;sub29,sub18,82,0.0006361972773447633,0.22781364619731903,0.002,1e-05,1.0,1.0,False,False,multimodal,psd-fc-wpli,gated,cnn,True,finetune,segssl_barlow_all-patient_psd-fc-wpli_finetune_seed7_pre20_proj32_mask0_03_noise0_02_mlp1_0_sup100,True,barlow,psd,all-patient,True,7,1.0,0.1,32,0.03,0.02
multimodal_psd-fc-wpli_gated_cnn,11,sub17,sub01;sub05;sub07;sub08;sub09;sub10;sub11;sub13;sub14;sub15;sub16;sub20;sub22;sub24;sub27;sub28;sub29,sub18,83,0.0006101769977249205,0.2250795066356659,0.002,1e-05,1.0,1.0,False,False,multimodal,psd-fc-wpli,gated,cnn,True,finetune,segssl_barlow_all-patient_psd-fc-wpli_finetune_seed7_pre20_proj32_mask0_03_noise0_02_mlp1_0_sup100,True,barlow,psd,all-patient,True,7,1.0,0.1,32,0.03,0.02
multimodal_psd-fc-wpli_gated_cnn,11,sub17,sub01;sub05;sub07;sub08;sub09;sub10;sub11;sub13;sub14;sub15;sub16;sub20;sub22;sub24;sub27;sub28;sub29,sub18,84,0.000585617613978684,0.22213062644004822,0.002,1e-05,1.0,1.0,False,False,multimodal,psd-fc-wpli,gated,cnn,True,finetune,segssl_barlow_all-patient_psd-fc-wpli_finetune_seed7_pre20_proj32_mask0_03_noise0_02_mlp1_0_sup100,True,barlow,psd,all-patient,True,7,1.0,0.1,32,0.03,0.02
multimodal_psd-fc-wpli_gated_cnn,11,sub17,sub01;sub05;sub07;sub08;sub09;sub10;sub11;sub13;sub14;sub15;sub16;sub20;sub22;sub24;sub27;sub28;sub29,sub18,85,0.0005624358891509473,0.218972846865654,0.002,1e-05,1.0,1.0,True,False,multimodal,psd-fc-wpli,gated,cnn,True,finetune,segssl_barlow_all-patient_psd-fc-wpli_finetune_seed7_pre20_proj32_mask0_03_noise0_02_mlp1_0_sup100,True,barlow,psd,all-patient,True,7,1.0,0.1,32,0.03,0.02
multimodal_psd-fc-wpli_gated_cnn,11,sub17,sub01;sub05;sub07;sub08;sub09;sub10;sub11;sub13;sub14;sub15;sub16;sub20;sub22;sub24;sub27;sub28;sub29,sub18,86,0.0005405350239016116,0.2156706601381302,0.002,1e-05,1.0,1.0,True,False,multimodal,psd-fc-wpli,gated,cnn,True,finetune,segssl_barlow_all-patient_psd-fc-wpli_finetune_seed7_pre20_proj32_mask0_03_noise0_02_mlp1_0_sup100,True,barlow,psd,all-patient,True,7,1.0,0.1,32,0.03,0.02
multimodal_psd-fc-wpli_gated_cnn,11,sub17,sub01;sub05;sub07;sub08;sub09;sub10;sub11;sub13;sub14;sub15;sub16;sub20;sub22;sub24;sub27;sub28;sub29,sub18,87,0.0005197778809815645,0.21229597926139832,0.002,1e-05,1.0,1.0,True,False,multimodal,psd-fc-wpli,gated,cnn,True,finetune,segssl_barlow_all-patient_psd-fc-wpli_finetune_seed7_pre20_proj32_mask0_03_noise0_02_mlp1_0_sup100,True,barlow,psd,all-patient,True,7,1.0,0.1,32,0.03,0.02
multimodal_psd-fc-wpli_gated_cnn,11,sub17,sub01;sub05;sub07;sub08;sub09;sub10;sub11;sub13;sub14;sub15;sub16;sub20;sub22;sub24;sub27;sub28;sub29,sub18,88,0.0005000471137464046,0.20891833305358887,0.002,1e-05,1.0,1.0,True,False,multimodal,psd-fc-wpli,gated,cnn,True,finetune,segssl_barlow_all-patient_psd-fc-wpli_finetune_seed7_pre20_proj32_mask0_03_noise0_02_mlp1_0_sup100,True,barlow,psd,all-patient,True,7,1.0,0.1,32,0.03,0.02
multimodal_psd-fc-wpli_gated_cnn,11,sub17,sub01;sub05;sub07;sub08;sub09;sub10;sub11;sub13;sub14;sub15;sub16;sub20;sub22;sub24;sub27;sub28;sub29,sub18,89,0.00048126521869562566,0.20553886890411377,0.002,1e-05,1.0,1.0,True,False,multimodal,psd-fc-wpli,gated,cnn,True,finetune,segssl_barlow_all-patient_psd-fc-wpli_finetune_seed7_pre20_proj32_mask0_03_noise0_02_mlp1_0_sup100,True,barlow,psd,all-patient,True,7,1.0,0.1,32,0.03,0.02
multimodal_psd-fc-wpli_gated_cnn,11,sub17,sub01;sub05;sub07;sub08;sub09;sub10;sub11;sub13;sub14;sub15;sub16;sub20;sub22;sub24;sub27;sub28;sub29,sub18,90,0.0004634092329069972,0.20223741233348846,0.002,1e-05,1.0,1.0,True,False,multimodal,psd-fc-wpli,gated,cnn,True,finetune,segssl_barlow_all-patient_psd-fc-wpli_finetune_seed7_pre20_proj32_mask0_03_noise0_02_mlp1_0_sup100,True,barlow,psd,all-patient,True,7,1.0,0.1,32,0.03,0.02
multimodal_psd-fc-wpli_gated_cnn,11,sub17,sub01;sub05;sub07;sub08;sub09;sub10;sub11;sub13;sub14;sub15;sub16;sub20;sub22;sub24;sub27;sub28;sub29,sub18,91,0.0004463505174499005,0.19917984306812286,0.002,1e-05,1.0,1.0,True,False,multimodal,psd-fc-wpli,gated,cnn,True,finetune,segssl_barlow_all-patient_psd-fc-wpli_finetune_seed7_pre20_proj32_mask0_03_noise0_02_mlp1_0_sup100,True,barlow,psd,all-patient,True,7,1.0,0.1,32,0.03,0.02
multimodal_psd-fc-wpli_gated_cnn,11,sub17,sub01;sub05;sub07;sub08;sub09;sub10;sub11;sub13;sub14;sub15;sub16;sub20;sub22;sub24;sub27;sub28;sub29,sub18,92,0.00043007280328311026,0.19626127183437347,0.002,1e-05,1.0,1.0,True,False,multimodal,psd-fc-wpli,gated,cnn,True,finetune,segssl_barlow_all-patient_psd-fc-wpli_finetune_seed7_pre20_proj32_mask0_03_noise0_02_mlp1_0_sup100,True,barlow,psd,all-patient,True,7,1.0,0.1,32,0.03,0.02
multimodal_psd-fc-wpli_gated_cnn,11,sub17,sub01;sub05;sub07;sub08;sub09;sub10;sub11;sub13;sub14;sub15;sub16;sub20;sub22;sub24;sub27;sub28;sub29,sub18,93,0.00041445461101830006,0.19346655905246735,0.002,1e-05,1.0,1.0,True,False,multimodal,psd-fc-wpli,gated,cnn,True,finetune,segssl_barlow_all-patient_psd-fc-wpli_finetune_seed7_pre20_proj32_mask0_03_noise0_02_mlp1_0_sup100,True,barlow,psd,all-patient,True,7,1.0,0.1,32,0.03,0.02
multimodal_psd-fc-wpli_gated_cnn,11,sub17,sub01;sub05;sub07;sub08;sub09;sub10;sub11;sub13;sub14;sub15;sub16;sub20;sub22;sub24;sub27;sub28;sub29,sub18,94,0.0003994377620983869,0.19070501625537872,0.002,1e-05,1.0,1.0,True,False,multimodal,psd-fc-wpli,gated,cnn,True,finetune,segssl_barlow_all-patient_psd-fc-wpli_finetune_seed7_pre20_proj32_mask0_03_noise0_02_mlp1_0_sup100,True,barlow,psd,all-patient,True,7,1.0,0.1,32,0.03,0.02
multimodal_psd-fc-wpli_gated_cnn,11,sub17,sub01;sub05;sub07;sub08;sub09;sub10;sub11;sub13;sub14;sub15;sub16;sub20;sub22;sub24;sub27;sub28;sub29,sub18,95,0.00038502138340845704,0.18796885013580322,0.002,1e-05,1.0,1.0,True,False,multimodal,psd-fc-wpli,gated,cnn,True,finetune,segssl_barlow_all-patient_psd-fc-wpli_finetune_seed7_pre20_proj32_mask0_03_noise0_02_mlp1_0_sup100,True,barlow,psd,all-patient,True,7,1.0,0.1,32,0.03,0.02
multimodal_psd-fc-wpli_gated_cnn,11,sub17,sub01;sub05;sub07;sub08;sub09;sub10;sub11;sub13;sub14;sub15;sub16;sub20;sub22;sub24;sub27;sub28;sub29,sub18,96,0.00037118620821274817,0.18522106111049652,0.002,1e-05,1.0,1.0,True,False,multimodal,psd-fc-wpli,gated,cnn,True,finetune,segssl_barlow_all-patient_psd-fc-wpli_finetune_seed7_pre20_proj32_mask0_03_noise0_02_mlp1_0_sup100,True,barlow,psd,all-patient,True,7,1.0,0.1,32,0.03,0.02
multimodal_psd-fc-wpli_gated_cnn,11,sub17,sub01;sub05;sub07;sub08;sub09;sub10;sub11;sub13;sub14;sub15;sub16;sub20;sub22;sub24;sub27;sub28;sub29,sub18,97,0.0003578427422326058,0.1824958324432373,0.002,1e-05,1.0,1.0,True,False,multimodal,psd-fc-wpli,gated,cnn,True,finetune,segssl_barlow_all-patient_psd-fc-wpli_finetune_seed7_pre20_proj32_mask0_03_noise0_02_mlp1_0_sup100,True,barlow,psd,all-patient,True,7,1.0,0.1,32,0.03,0.02
multimodal_psd-fc-wpli_gated_cnn,11,sub17,sub01;sub05;sub07;sub08;sub09;sub10;sub11;sub13;sub14;sub15;sub16;sub20;sub22;sub24;sub27;sub28;sub29,sub18,98,0.0003450388030614704,0.17978814244270325,0.002,1e-05,1.0,1.0,True,False,multimodal,psd-fc-wpli,gated,cnn,True,finetune,segssl_barlow_all-patient_psd-fc-wpli_finetune_seed7_pre20_proj32_mask0_03_noise0_02_mlp1_0_sup100,True,barlow,psd,all-patient,True,7,1.0,0.1,32,0.03,0.02
multimodal_psd-fc-wpli_gated_cnn,11,sub17,sub01;sub05;sub07;sub08;sub09;sub10;sub11;sub13;sub14;sub15;sub16;sub20;sub22;sub24;sub27;sub28;sub29,sub18,99,0.00033267942490056157,0.17710575461387634,0.002,1e-05,1.0,1.0,True,False,multimodal,psd-fc-wpli,gated,cnn,True,finetune,segssl_barlow_all-patient_psd-fc-wpli_finetune_seed7_pre20_proj32_mask0_03_noise0_02_mlp1_0_sup100,True,barlow,psd,all-patient,True,7,1.0,0.1,32,0.03,0.02
multimodal_psd-fc-wpli_gated_cnn,11,sub17,sub01;sub05;sub07;sub08;sub09;sub10;sub11;sub13;sub14;sub15;sub16;sub20;sub22;sub24;sub27;sub28;sub29,sub18,100,0.00032076038769446313,0.17443311214447021,0.002,1e-05,1.0,1.0,True,False,multimodal,psd-fc-wpli,gated,cnn,True,finetune,segssl_barlow_all-patient_psd-fc-wpli_finetune_seed7_pre20_proj32_mask0_03_noise0_02_mlp1_0_sup100,True,barlow,psd,all-patient,True,7,1.0,0.1,32,0.03,0.02
multimodal_psd-fc-wpli_gated_cnn,12,sub18,sub01;sub05;sub07;sub08;sub09;sub10;sub11;sub13;sub14;sub15;sub16;sub17;sub22;sub24;sub27;sub28;sub29,sub20,1,0.6897955536842346,0.7734822630882263,0.002,1e-05,1.0,1.0,True,False,multimodal,psd-fc-wpli,gated,cnn,True,finetune,segssl_barlow_all-patient_psd-fc-wpli_finetune_seed7_pre20_proj32_mask0_03_noise0_02_mlp1_0_sup100,True,barlow,psd,all-patient,True,7,1.0,0.1,32,0.03,0.02
multimodal_psd-fc-wpli_gated_cnn,12,sub18,sub01;sub05;sub07;sub08;sub09;sub10;sub11;sub13;sub14;sub15;sub16;sub17;sub22;sub24;sub27;sub28;sub29,sub20,2,0.6859089136123657,0.7711547613143921,0.002,1e-05,1.0,1.0,True,False,multimodal,psd-fc-wpli,gated,cnn,True,finetune,segssl_barlow_all-patient_psd-fc-wpli_finetune_seed7_pre20_proj32_mask0_03_noise0_02_mlp1_0_sup100,True,barlow,psd,all-patient,True,7,1.0,0.1,32,0.03,0.02
multimodal_psd-fc-wpli_gated_cnn,12,sub18,sub01;sub05;sub07;sub08;sub09;sub10;sub11;sub13;sub14;sub15;sub16;sub17;sub22;sub24;sub27;sub28;sub29,sub20,3,0.6822426319122314,0.7677927613258362,0.002,1e-05,1.0,1.0,True,False,multimodal,psd-fc-wpli,gated,cnn,True,finetune,segssl_barlow_all-patient_psd-fc-wpli_finetune_seed7_pre20_proj32_mask0_03_noise0_02_mlp1_0_sup100,True,barlow,psd,all-patient,True,7,1.0,0.1,32,0.03,0.02
multimodal_psd-fc-wpli_gated_cnn,12,sub18,sub01;sub05;sub07;sub08;sub09;sub10;sub11;sub13;sub14;sub15;sub16;sub17;sub22;sub24;sub27;sub28;sub29,sub20,4,0.6784964799880981,0.764476478099823,0.002,1e-05,1.0,1.0,True,False,multimodal,psd-fc-wpli,gated,cnn,True,finetune,segssl_barlow_all-patient_psd-fc-wpli_finetune_seed7_pre20_proj32_mask0_03_noise0_02_mlp1_0_sup100,True,barlow,psd,all-patient,True,7,1.0,0.1,32,0.03,0.02
multimodal_psd-fc-wpli_gated_cnn,12,sub18,sub01;sub05;sub07;sub08;sub09;sub10;sub11;sub13;sub14;sub15;sub16;sub17;sub22;sub24;sub27;sub28;sub29,sub20,5,0.6746163964271545,0.761738657951355,0.002,1e-05,1.0,1.0,True,False,multimodal,psd-fc-wpli,gated,cnn,True,finetune,segssl_barlow_all-patient_psd-fc-wpli_finetune_seed7_pre20_proj32_mask0_03_noise0_02_mlp1_0_sup100,True,barlow,psd,all-patient,True,7,1.0,0.1,32,0.03,0.02
multimodal_psd-fc-wpli_gated_cnn,12,sub18,sub01;sub05;sub07;sub08;sub09;sub10;sub11;sub13;sub14;sub15;sub16;sub17;sub22;sub24;sub27;sub28;sub29,sub20,6,0.6701151728630066,0.7592893838882446,0.002,1e-05,1.0,1.0,True,False,multimodal,psd-fc-wpli,gated,cnn,True,finetune,segssl_barlow_all-patient_psd-fc-wpli_finetune_seed7_pre20_proj32_mask0_03_noise0_02_mlp1_0_sup100,True,barlow,psd,all-patient,True,7,1.0,0.1,32,0.03,0.02
multimodal_psd-fc-wpli_gated_cnn,12,sub18,sub01;sub05;sub07;sub08;sub09;sub10;sub11;sub13;sub14;sub15;sub16;sub17;sub22;sub24;sub27;sub28;sub29,sub20,7,0.6648927927017212,0.7560680508613586,0.002,1e-05,1.0,1.0,True,False,multimodal,psd-fc-wpli,gated,cnn,True,finetune,segssl_barlow_all-patient_psd-fc-wpli_finetune_seed7_pre20_proj32_mask0_03_noise0_02_mlp1_0_sup100,True,barlow,psd,all-patient,True,7,1.0,0.1,32,0.03,0.02
multimodal_psd-fc-wpli_gated_cnn,12,sub18,sub01;sub05;sub07;sub08;sub09;sub10;sub11;sub13;sub14;sub15;sub16;sub17;sub22;sub24;sub27;sub28;sub29,sub20,8,0.6587606072425842,0.754830002784729,0.002,1e-05,1.0,1.0,True,False,multimodal,psd-fc-wpli,gated,cnn,True,finetune,segssl_barlow_all-patient_psd-fc-wpli_finetune_seed7_pre20_proj32_mask0_03_noise0_02_mlp1_0_sup100,True,barlow,psd,all-patient,True,7,1.0,0.1,32,0.03,0.02
multimodal_psd-fc-wpli_gated_cnn,12,sub18,sub01;sub05;sub07;sub08;sub09;sub10;sub11;sub13;sub14;sub15;sub16;sub17;sub22;sub24;sub27;sub28;sub29,sub20,9,0.6516470313072205,0.7530784010887146,0.002,1e-05,1.0,1.0,True,False,multimodal,psd-fc-wpli,gated,cnn,True,finetune,segssl_barlow_all-patient_psd-fc-wpli_finetune_seed7_pre20_proj32_mask0_03_noise0_02_mlp1_0_sup100,True,barlow,psd,all-patient,True,7,1.0,0.1,32,0.03,0.02
multimodal_psd-fc-wpli_gated_cnn,12,sub18,sub01;sub05;sub07;sub08;sub09;sub10;sub11;sub13;sub14;sub15;sub16;sub17;sub22;sub24;sub27;sub28;sub29,sub20,10,0.6436505913734436,0.752863347530365,0.002,1e-05,1.0,1.0,True,False,multimodal,psd-fc-wpli,gated,cnn,True,finetune,segssl_barlow_all-patient_psd-fc-wpli_finetune_seed7_pre20_proj32_mask0_03_noise0_02_mlp1_0_sup100,True,barlow,psd,all-patient,True,7,1.0,0.1,32,0.03,0.02
multimodal_psd-fc-wpli_gated_cnn,12,sub18,sub01;sub05;sub07;sub08;sub09;sub10;sub11;sub13;sub14;sub15;sub16;sub17;sub22;sub24;sub27;sub28;sub29,sub20,11,0.635054349899292,0.7599553465843201,0.002,1e-05,1.0,1.0,False,False,multimodal,psd-fc-wpli,gated,cnn,True,finetune,segssl_barlow_all-patient_psd-fc-wpli_finetune_seed7_pre20_proj32_mask0_03_noise0_02_mlp1_0_sup100,True,barlow,psd,all-patient,True,7,1.0,0.1,32,0.03,0.02
multimodal_psd-fc-wpli_gated_cnn,12,sub18,sub01;sub05;sub07;sub08;sub09;sub10;sub11;sub13;sub14;sub15;sub16;sub17;sub22;sub24;sub27;sub28;sub29,sub20,12,0.6256271600723267,0.7713978886604309,0.002,1e-05,1.0,1.0,False,False,multimodal,psd-fc-wpli,gated,cnn,True,finetune,segssl_barlow_all-patient_psd-fc-wpli_finetune_seed7_pre20_proj32_mask0_03_noise0_02_mlp1_0_sup100,True,barlow,psd,all-patient,True,7,1.0,0.1,32,0.03,0.02
multimodal_psd-fc-wpli_gated_cnn,12,sub18,sub01;sub05;sub07;sub08;sub09;sub10;sub11;sub13;sub14;sub15;sub16;sub17;sub22;sub24;sub27;sub28;sub29,sub20,13,0.615416944026947,0.7839164137840271,0.002,1e-05,1.0,1.0,False,False,multimodal,psd-fc-wpli,gated,cnn,True,finetune,segssl_barlow_all-patient_psd-fc-wpli_finetune_seed7_pre20_proj32_mask0_03_noise0_02_mlp1_0_sup100,True,barlow,psd,all-patient,True,7,1.0,0.1,32,0.03,0.02
multimodal_psd-fc-wpli_gated_cnn,12,sub18,sub01;sub05;sub07;sub08;sub09;sub10;sub11;sub13;sub14;sub15;sub16;sub17;sub22;sub24;sub27;sub28;sub29,sub20,14,0.6041940450668335,0.7948669195175171,0.002,1e-05,1.0,1.0,False,False,multimodal,psd-fc-wpli,gated,cnn,True,finetune,segssl_barlow_all-patient_psd-fc-wpli_finetune_seed7_pre20_proj32_mask0_03_noise0_02_mlp1_0_sup100,True,barlow,psd,all-patient,True,7,1.0,0.1,32,0.03,0.02
multimodal_psd-fc-wpli_gated_cnn,12,sub18,sub01;sub05;sub07;sub08;sub09;sub10;sub11;sub13;sub14;sub15;sub16;sub17;sub22;sub24;sub27;sub28;sub29,sub20,15,0.5922896265983582,0.8029887676239014,0.002,1e-05,1.0,1.0,False,False,multimodal,psd-fc-wpli,gated,cnn,True,finetune,segssl_barlow_all-patient_psd-fc-wpli_finetune_seed7_pre20_proj32_mask0_03_noise0_02_mlp1_0_sup100,True,barlow,psd,all-patient,True,7,1.0,0.1,32,0.03,0.02
multimodal_psd-fc-wpli_gated_cnn,12,sub18,sub01;sub05;sub07;sub08;sub09;sub10;sub11;sub13;sub14;sub15;sub16;sub17;sub22;sub24;sub27;sub28;sub29,sub20,16,0.5794756412506104,0.8074740767478943,0.002,1e-05,1.0,1.0,False,False,multimodal,psd-fc-wpli,gated,cnn,True,finetune,segssl_barlow_all-patient_psd-fc-wpli_finetune_seed7_pre20_proj32_mask0_03_noise0_02_mlp1_0_sup100,True,barlow,psd,all-patient,True,7,1.0,0.1,32,0.03,0.02
multimodal_psd-fc-wpli_gated_cnn,12,sub18,sub01;sub05;sub07;sub08;sub09;sub10;sub11;sub13;sub14;sub15;sub16;sub17;sub22;sub24;sub27;sub28;sub29,sub20,17,0.5658653378486633,0.8065783381462097,0.002,1e-05,1.0,1.0,False,False,multimodal,psd-fc-wpli,gated,cnn,True,finetune,segssl_barlow_all-patient_psd-fc-wpli_finetune_seed7_pre20_proj32_mask0_03_noise0_02_mlp1_0_sup100,True,barlow,psd,all-patient,True,7,1.0,0.1,32,0.03,0.02
multimodal_psd-fc-wpli_gated_cnn,12,sub18,sub01;sub05;sub07;sub08;sub09;sub10;sub11;sub13;sub14;sub15;sub16;sub17;sub22;sub24;sub27;sub28;sub29,sub20,18,0.5513036251068115,0.7987939119338989,0.002,1e-05,1.0,1.0,False,False,multimodal,psd-fc-wpli,gated,cnn,True,finetune,segssl_barlow_all-patient_psd-fc-wpli_finetune_seed7_pre20_proj32_mask0_03_noise0_02_mlp1_0_sup100,True,barlow,psd,all-patient,True,7,1.0,0.1,32,0.03,0.02
multimodal_psd-fc-wpli_gated_cnn,12,sub18,sub01;sub05;sub07;sub08;sub09;sub10;sub11;sub13;sub14;sub15;sub16;sub17;sub22;sub24;sub27;sub28;sub29,sub20,19,0.5358551144599915,0.7864859700202942,0.002,1e-05,1.0,1.0,False,False,multimodal,psd-fc-wpli,gated,cnn,True,finetune,segssl_barlow_all-patient_psd-fc-wpli_finetune_seed7_pre20_proj32_mask0_03_noise0_02_mlp1_0_sup100,True,barlow,psd,all-patient,True,7,1.0,0.1,32,0.03,0.02
multimodal_psd-fc-wpli_gated_cnn,12,sub18,sub01;sub05;sub07;sub08;sub09;sub10;sub11;sub13;sub14;sub15;sub16;sub17;sub22;sub24;sub27;sub28;sub29,sub20,20,0.5192427635192871,0.770027756690979,0.002,1e-05,1.0,1.0,False,False,multimodal,psd-fc-wpli,gated,cnn,True,finetune,segssl_barlow_all-patient_psd-fc-wpli_finetune_seed7_pre20_proj32_mask0_03_noise0_02_mlp1_0_sup100,True,barlow,psd,all-patient,True,7,1.0,0.1,32,0.03,0.02
multimodal_psd-fc-wpli_gated_cnn,12,sub18,sub01;sub05;sub07;sub08;sub09;sub10;sub11;sub13;sub14;sub15;sub16;sub17;sub22;sub24;sub27;sub28;sub29,sub20,21,0.5017252564430237,0.748157262802124,0.002,1e-05,1.0,1.0,True,False,multimodal,psd-fc-wpli,gated,cnn,True,finetune,segssl_barlow_all-patient_psd-fc-wpli_finetune_seed7_pre20_proj32_mask0_03_noise0_02_mlp1_0_sup100,True,barlow,psd,all-patient,True,7,1.0,0.1,32,0.03,0.02
multimodal_psd-fc-wpli_gated_cnn,12,sub18,sub01;sub05;sub07;sub08;sub09;sub10;sub11;sub13;sub14;sub15;sub16;sub17;sub22;sub24;sub27;sub28;sub29,sub20,22,0.48314806818962097,0.7225358486175537,0.002,1e-05,1.0,1.0,True,False,multimodal,psd-fc-wpli,gated,cnn,True,finetune,segssl_barlow_all-patient_psd-fc-wpli_finetune_seed7_pre20_proj32_mask0_03_noise0_02_mlp1_0_sup100,True,barlow,psd,all-patient,True,7,1.0,0.1,32,0.03,0.02
multimodal_psd-fc-wpli_gated_cnn,12,sub18,sub01;sub05;sub07;sub08;sub09;sub10;sub11;sub13;sub14;sub15;sub16;sub17;sub22;sub24;sub27;sub28;sub29,sub20,23,0.46366801857948303,0.6923279762268066,0.002,1e-05,1.0,1.0,True,False,multimodal,psd-fc-wpli,gated,cnn,True,finetune,segssl_barlow_all-patient_psd-fc-wpli_finetune_seed7_pre20_proj32_mask0_03_noise0_02_mlp1_0_sup100,True,barlow,psd,all-patient,True,7,1.0,0.1,32,0.03,0.02
multimodal_psd-fc-wpli_gated_cnn,12,sub18,sub01;sub05;sub07;sub08;sub09;sub10;sub11;sub13;sub14;sub15;sub16;sub17;sub22;sub24;sub27;sub28;sub29,sub20,24,0.443410724401474,0.6580823659896851,0.002,1e-05,1.0,1.0,True,False,multimodal,psd-fc-wpli,gated,cnn,True,finetune,segssl_barlow_all-patient_psd-fc-wpli_finetune_seed7_pre20_proj32_mask0_03_noise0_02_mlp1_0_sup100,True,barlow,psd,all-patient,True,7,1.0,0.1,32,0.03,0.02
multimodal_psd-fc-wpli_gated_cnn,12,sub18,sub01;sub05;sub07;sub08;sub09;sub10;sub11;sub13;sub14;sub15;sub16;sub17;sub22;sub24;sub27;sub28;sub29,sub20,25,0.4227985739707947,0.6227044463157654,0.002,1e-05,1.0,1.0,True,False,multimodal,psd-fc-wpli,gated,cnn,True,finetune,segssl_barlow_all-patient_psd-fc-wpli_finetune_seed7_pre20_proj32_mask0_03_noise0_02_mlp1_0_sup100,True,barlow,psd,all-patient,True,7,1.0,0.1,32,0.03,0.02
multimodal_psd-fc-wpli_gated_cnn,12,sub18,sub01;sub05;sub07;sub08;sub09;sub10;sub11;sub13;sub14;sub15;sub16;sub17;sub22;sub24;sub27;sub28;sub29,sub20,26,0.401636004447937,0.5873083472251892,0.002,1e-05,1.0,1.0,True,False,multimodal,psd-fc-wpli,gated,cnn,True,finetune,segssl_barlow_all-patient_psd-fc-wpli_finetune_seed7_pre20_proj32_mask0_03_noise0_02_mlp1_0_sup100,True,barlow,psd,all-patient,True,7,1.0,0.1,32,0.03,0.02
multimodal_psd-fc-wpli_gated_cnn,12,sub18,sub01;sub05;sub07;sub08;sub09;sub10;sub11;sub13;sub14;sub15;sub16;sub17;sub22;sub24;sub27;sub28;sub29,sub20,27,0.38000696897506714,0.5514116287231445,0.002,1e-05,1.0,1.0,True,False,multimodal,psd-fc-wpli,gated,cnn,True,finetune,segssl_barlow_all-patient_psd-fc-wpli_finetune_seed7_pre20_proj32_mask0_03_noise0_02_mlp1_0_sup100,True,barlow,psd,all-patient,True,7,1.0,0.1,32,0.03,0.02
multimodal_psd-fc-wpli_gated_cnn,12,sub18,sub01;sub05;sub07;sub08;sub09;sub10;sub11;sub13;sub14;sub15;sub16;sub17;sub22;sub24;sub27;sub28;sub29,sub20,28,0.35789617896080017,0.5176982879638672,0.002,1e-05,1.0,1.0,True,False,multimodal,psd-fc-wpli,gated,cnn,True,finetune,segssl_barlow_all-patient_psd-fc-wpli_finetune_seed7_pre20_proj32_mask0_03_noise0_02_mlp1_0_sup100,True,barlow,psd,all-patient,True,7,1.0,0.1,32,0.03,0.02
multimodal_psd-fc-wpli_gated_cnn,12,sub18,sub01;sub05;sub07;sub08;sub09;sub10;sub11;sub13;sub14;sub15;sub16;sub17;sub22;sub24;sub27;sub28;sub29,sub20,29,0.33553364872932434,0.48325905203819275,0.002,1e-05,1.0,1.0,True,False,multimodal,psd-fc-wpli,gated,cnn,True,finetune,segssl_barlow_all-patient_psd-fc-wpli_finetune_seed7_pre20_proj32_mask0_03_noise0_02_mlp1_0_sup100,True,barlow,psd,all-patient,True,7,1.0,0.1,32,0.03,0.02
multimodal_psd-fc-wpli_gated_cnn,12,sub18,sub01;sub05;sub07;sub08;sub09;sub10;sub11;sub13;sub14;sub15;sub16;sub17;sub22;sub24;sub27;sub28;sub29,sub20,30,0.313058465719223,0.4500846266746521,0.002,1e-05,1.0,1.0,True,False,multimodal,psd-fc-wpli,gated,cnn,True,finetune,segssl_barlow_all-patient_psd-fc-wpli_finetune_seed7_pre20_proj32_mask0_03_noise0_02_mlp1_0_sup100,True,barlow,psd,all-patient,True,7,1.0,0.1,32,0.03,0.02
multimodal_psd-fc-wpli_gated_cnn,12,sub18,sub01;sub05;sub07;sub08;sub09;sub10;sub11;sub13;sub14;sub15;sub16;sub17;sub22;sub24;sub27;sub28;sub29,sub20,31,0.29042258858680725,0.4142545759677887,0.002,1e-05,1.0,1.0,True,False,multimodal,psd-fc-wpli,gated,cnn,True,finetune,segssl_barlow_all-patient_psd-fc-wpli_finetune_seed7_pre20_proj32_mask0_03_noise0_02_mlp1_0_sup100,True,barlow,psd,all-patient,True,7,1.0,0.1,32,0.03,0.02
multimodal_psd-fc-wpli_gated_cnn,12,sub18,sub01;sub05;sub07;sub08;sub09;sub10;sub11;sub13;sub14;sub15;sub16;sub17;sub22;sub24;sub27;sub28;sub29,sub20,32,0.26792359352111816,0.38024064898490906,0.002,1e-05,1.0,1.0,True,False,multimodal,psd-fc-wpli,gated,cnn,True,finetune,segssl_barlow_all-patient_psd-fc-wpli_finetune_seed7_pre20_proj32_mask0_03_noise0_02_mlp1_0_sup100,True,barlow,psd,all-patient,True,7,1.0,0.1,32,0.03,0.02
multimodal_psd-fc-wpli_gated_cnn,12,sub18,sub01;sub05;sub07;sub08;sub09;sub10;sub11;sub13;sub14;sub15;sub16;sub17;sub22;sub24;sub27;sub28;sub29,sub20,33,0.2456587702035904,0.351699560880661,0.002,1e-05,1.0,1.0,True,False,multimodal,psd-fc-wpli,gated,cnn,True,finetune,segssl_barlow_all-patient_psd-fc-wpli_finetune_seed7_pre20_proj32_mask0_03_noise0_02_mlp1_0_sup100,True,barlow,psd,all-patient,True,7,1.0,0.1,32,0.03,0.02
multimodal_psd-fc-wpli_gated_cnn,12,sub18,sub01;sub05;sub07;sub08;sub09;sub10;sub11;sub13;sub14;sub15;sub16;sub17;sub22;sub24;sub27;sub28;sub29,sub20,34,0.22372926771640778,0.3262793719768524,0.002,1e-05,1.0,1.0,True,False,multimodal,psd-fc-wpli,gated,cnn,True,finetune,segssl_barlow_all-patient_psd-fc-wpli_finetune_seed7_pre20_proj32_mask0_03_noise0_02_mlp1_0_sup100,True,barlow,psd,all-patient,True,7,1.0,0.1,32,0.03,0.02
multimodal_psd-fc-wpli_gated_cnn,12,sub18,sub01;sub05;sub07;sub08;sub09;sub10;sub11;sub13;sub14;sub15;sub16;sub17;sub22;sub24;sub27;sub28;sub29,sub20,35,0.20280134677886963,0.297275185585022,0.002,1e-05,1.0,1.0,True,False,multimodal,psd-fc-wpli,gated,cnn,True,finetune,segssl_barlow_all-patient_psd-fc-wpli_finetune_seed7_pre20_proj32_mask0_03_noise0_02_mlp1_0_sup100,True,barlow,psd,all-patient,True,7,1.0,0.1,32,0.03,0.02
multimodal_psd-fc-wpli_gated_cnn,12,sub18,sub01;sub05;sub07;sub08;sub09;sub10;sub11;sub13;sub14;sub15;sub16;sub17;sub22;sub24;sub27;sub28;sub29,sub20,36,0.18339774012565613,0.27211952209472656,0.002,1e-05,1.0,1.0,True,False,multimodal,psd-fc-wpli,gated,cnn,True,finetune,segssl_barlow_all-patient_psd-fc-wpli_finetune_seed7_pre20_proj32_mask0_03_noise0_02_mlp1_0_sup100,True,barlow,psd,all-patient,True,7,1.0,0.1,32,0.03,0.02
multimodal_psd-fc-wpli_gated_cnn,12,sub18,sub01;sub05;sub07;sub08;sub09;sub10;sub11;sub13;sub14;sub15;sub16;sub17;sub22;sub24;sub27;sub28;sub29,sub20,37,0.1651090681552887,0.2529573440551758,0.002,1e-05,1.0,1.0,True,False,multimodal,psd-fc-wpli,gated,cnn,True,finetune,segssl_barlow_all-patient_psd-fc-wpli_finetune_seed7_pre20_proj32_mask0_03_noise0_02_mlp1_0_sup100,True,barlow,psd,all-patient,True,7,1.0,0.1,32,0.03,0.02
multimodal_psd-fc-wpli_gated_cnn,12,sub18,sub01;sub05;sub07;sub08;sub09;sub10;sub11;sub13;sub14;sub15;sub16;sub17;sub22;sub24;sub27;sub28;sub29,sub20,38,0.14798371493816376,0.23613804578781128,0.002,1e-05,1.0,1.0,True,False,multimodal,psd-fc-wpli,gated,cnn,True,finetune,segssl_barlow_all-patient_psd-fc-wpli_finetune_seed7_pre20_proj32_mask0_03_noise0_02_mlp1_0_sup100,True,barlow,psd,all-patient,True,7,1.0,0.1,32,0.03,0.02
multimodal_psd-fc-wpli_gated_cnn,12,sub18,sub01;sub05;sub07;sub08;sub09;sub10;sub11;sub13;sub14;sub15;sub16;sub17;sub22;sub24;sub27;sub28;sub29,sub20,39,0.1322423219680786,0.21588942408561707,0.002,1e-05,1.0,1.0,True,False,multimodal,psd-fc-wpli,gated,cnn,True,finetune,segssl_barlow_all-patient_psd-fc-wpli_finetune_seed7_pre20_proj32_mask0_03_noise0_02_mlp1_0_sup100,True,barlow,psd,all-patient,True,7,1.0,0.1,32,0.03,0.02
multimodal_psd-fc-wpli_gated_cnn,12,sub18,sub01;sub05;sub07;sub08;sub09;sub10;sub11;sub13;sub14;sub15;sub16;sub17;sub22;sub24;sub27;sub28;sub29,sub20,40,0.11773387342691422,0.192544087767601,0.002,1e-05,1.0,1.0,True,False,multimodal,psd-fc-wpli,gated,cnn,True,finetune,segssl_barlow_all-patient_psd-fc-wpli_finetune_seed7_pre20_proj32_mask0_03_noise0_02_mlp1_0_sup100,True,barlow,psd,all-patient,True,7,1.0,0.1,32,0.03,0.02
multimodal_psd-fc-wpli_gated_cnn,12,sub18,sub01;sub05;sub07;sub08;sub09;sub10;sub11;sub13;sub14;sub15;sub16;sub17;sub22;sub24;sub27;sub28;sub29,sub20,41,0.10418469458818436,0.17468179762363434,0.002,1e-05,1.0,1.0,True,False,multimodal,psd-fc-wpli,gated,cnn,True,finetune,segssl_barlow_all-patient_psd-fc-wpli_finetune_seed7_pre20_proj32_mask0_03_noise0_02_mlp1_0_sup100,True,barlow,psd,all-patient,True,7,1.0,0.1,32,0.03,0.02
multimodal_psd-fc-wpli_gated_cnn,12,sub18,sub01;sub05;sub07;sub08;sub09;sub10;sub11;sub13;sub14;sub15;sub16;sub17;sub22;sub24;sub27;sub28;sub29,sub20,42,0.09139836579561234,0.15457890927791595,0.002,1e-05,1.0,1.0,True,False,multimodal,psd-fc-wpli,gated,cnn,True,finetune,segssl_barlow_all-patient_psd-fc-wpli_finetune_seed7_pre20_proj32_mask0_03_noise0_02_mlp1_0_sup100,True,barlow,psd,all-patient,True,7,1.0,0.1,32,0.03,0.02
multimodal_psd-fc-wpli_gated_cnn,12,sub18,sub01;sub05;sub07;sub08;sub09;sub10;sub11;sub13;sub14;sub15;sub16;sub17;sub22;sub24;sub27;sub28;sub29,sub20,43,0.07969830930233002,0.13270102441310883,0.002,1e-05,1.0,1.0,True,False,multimodal,psd-fc-wpli,gated,cnn,True,finetune,segssl_barlow_all-patient_psd-fc-wpli_finetune_seed7_pre20_proj32_mask0_03_noise0_02_mlp1_0_sup100,True,barlow,psd,all-patient,True,7,1.0,0.1,32,0.03,0.02
multimodal_psd-fc-wpli_gated_cnn,12,sub18,sub01;sub05;sub07;sub08;sub09;sub10;sub11;sub13;sub14;sub15;sub16;sub17;sub22;sub24;sub27;sub28;sub29,sub20,44,0.0691927969455719,0.11308706551790237,0.002,1e-05,1.0,1.0,True,False,multimodal,psd-fc-wpli,gated,cnn,True,finetune,segssl_barlow_all-patient_psd-fc-wpli_finetune_seed7_pre20_proj32_mask0_03_noise0_02_mlp1_0_sup100,True,barlow,psd,all-patient,True,7,1.0,0.1,32,0.03,0.02
multimodal_psd-fc-wpli_gated_cnn,12,sub18,sub01;sub05;sub07;sub08;sub09;sub10;sub11;sub13;sub14;sub15;sub16;sub17;sub22;sub24;sub27;sub28;sub29,sub20,45,0.05988207831978798,0.09878279268741608,0.002,1e-05,1.0,1.0,True,False,multimodal,psd-fc-wpli,gated,cnn,True,finetune,segssl_barlow_all-patient_psd-fc-wpli_finetune_seed7_pre20_proj32_mask0_03_noise0_02_mlp1_0_sup100,True,barlow,psd,all-patient,True,7,1.0,0.1,32,0.03,0.02
multimodal_psd-fc-wpli_gated_cnn,12,sub18,sub01;sub05;sub07;sub08;sub09;sub10;sub11;sub13;sub14;sub15;sub16;sub17;sub22;sub24;sub27;sub28;sub29,sub20,46,0.051661327481269836,0.08921840041875839,0.002,1e-05,1.0,1.0,True,False,multimodal,psd-fc-wpli,gated,cnn,True,finetune,segssl_barlow_all-patient_psd-fc-wpli_finetune_seed7_pre20_proj32_mask0_03_noise0_02_mlp1_0_sup100,True,barlow,psd,all-patient,True,7,1.0,0.1,32,0.03,0.02
multimodal_psd-fc-wpli_gated_cnn,12,sub18,sub01;sub05;sub07;sub08;sub09;sub10;sub11;sub13;sub14;sub15;sub16;sub17;sub22;sub24;sub27;sub28;sub29,sub20,47,0.044381365180015564,0.08116209506988525,0.002,1e-05,1.0,1.0,True,False,multimodal,psd-fc-wpli,gated,cnn,True,finetune,segssl_barlow_all-patient_psd-fc-wpli_finetune_seed7_pre20_proj32_mask0_03_noise0_02_mlp1_0_sup100,True,barlow,psd,all-patient,True,7,1.0,0.1,32,0.03,0.02
multimodal_psd-fc-wpli_gated_cnn,12,sub18,sub01;sub05;sub07;sub08;sub09;sub10;sub11;sub13;sub14;sub15;sub16;sub17;sub22;sub24;sub27;sub28;sub29,sub20,48,0.03798568248748779,0.0744178295135498,0.002,1e-05,1.0,1.0,True,False,multimodal,psd-fc-wpli,gated,cnn,True,finetune,segssl_barlow_all-patient_psd-fc-wpli_finetune_seed7_pre20_proj32_mask0_03_noise0_02_mlp1_0_sup100,True,barlow,psd,all-patient,True,7,1.0,0.1,32,0.03,0.02
multimodal_psd-fc-wpli_gated_cnn,12,sub18,sub01;sub05;sub07;sub08;sub09;sub10;sub11;sub13;sub14;sub15;sub16;sub17;sub22;sub24;sub27;sub28;sub29,sub20,49,0.032425250858068466,0.06834832578897476,0.002,1e-05,1.0,1.0,True,False,multimodal,psd-fc-wpli,gated,cnn,True,finetune,segssl_barlow_all-patient_psd-fc-wpli_finetune_seed7_pre20_proj32_mask0_03_noise0_02_mlp1_0_sup100,True,barlow,psd,all-patient,True,7,1.0,0.1,32,0.03,0.02
multimodal_psd-fc-wpli_gated_cnn,12,sub18,sub01;sub05;sub07;sub08;sub09;sub10;sub11;sub13;sub14;sub15;sub16;sub17;sub22;sub24;sub27;sub28;sub29,sub20,50,0.027642881497740746,0.0629473403096199,0.002,1e-05,1.0,1.0,True,False,multimodal,psd-fc-wpli,gated,cnn,True,finetune,segssl_barlow_all-patient_psd-fc-wpli_finetune_seed7_pre20_proj32_mask0_03_noise0_02_mlp1_0_sup100,True,barlow,psd,all-patient,True,7,1.0,0.1,32,0.03,0.02
multimodal_psd-fc-wpli_gated_cnn,12,sub18,sub01;sub05;sub07;sub08;sub09;sub10;sub11;sub13;sub14;sub15;sub16;sub17;sub22;sub24;sub27;sub28;sub29,sub20,51,0.02357262372970581,0.0577915795147419,0.002,1e-05,1.0,1.0,True,False,multimodal,psd-fc-wpli,gated,cnn,True,finetune,segssl_barlow_all-patient_psd-fc-wpli_finetune_seed7_pre20_proj32_mask0_03_noise0_02_mlp1_0_sup100,True,barlow,psd,all-patient,True,7,1.0,0.1,32,0.03,0.02
multimodal_psd-fc-wpli_gated_cnn,12,sub18,sub01;sub05;sub07;sub08;sub09;sub10;sub11;sub13;sub14;sub15;sub16;sub17;sub22;sub24;sub27;sub28;sub29,sub20,52,0.020129676908254623,0.053260814398527145,0.002,1e-05,1.0,1.0,True,False,multimodal,psd-fc-wpli,gated,cnn,True,finetune,segssl_barlow_all-patient_psd-fc-wpli_finetune_seed7_pre20_proj32_mask0_03_noise0_02_mlp1_0_sup100,True,barlow,psd,all-patient,True,7,1.0,0.1,32,0.03,0.02
multimodal_psd-fc-wpli_gated_cnn,12,sub18,sub01;sub05;sub07;sub08;sub09;sub10;sub11;sub13;sub14;sub15;sub16;sub17;sub22;sub24;sub27;sub28;sub29,sub20,53,0.017215248197317123,0.04907139390707016,0.002,1e-05,1.0,1.0,True,False,multimodal,psd-fc-wpli,gated,cnn,True,finetune,segssl_barlow_all-patient_psd-fc-wpli_finetune_seed7_pre20_proj32_mask0_03_noise0_02_mlp1_0_sup100,True,barlow,psd,all-patient,True,7,1.0,0.1,32,0.03,0.02
multimodal_psd-fc-wpli_gated_cnn,12,sub18,sub01;sub05;sub07;sub08;sub09;sub10;sub11;sub13;sub14;sub15;sub16;sub17;sub22;sub24;sub27;sub28;sub29,sub20,54,0.014745880849659443,0.044990912079811096,0.002,1e-05,1.0,1.0,True,False,multimodal,psd-fc-wpli,gated,cnn,True,finetune,segssl_barlow_all-patient_psd-fc-wpli_finetune_seed7_pre20_proj32_mask0_03_noise0_02_mlp1_0_sup100,True,barlow,psd,all-patient,True,7,1.0,0.1,32,0.03,0.02
multimodal_psd-fc-wpli_gated_cnn,12,sub18,sub01;sub05;sub07;sub08;sub09;sub10;sub11;sub13;sub14;sub15;sub16;sub17;sub22;sub24;sub27;sub28;sub29,sub20,55,0.012658519670367241,0.040853310376405716,0.002,1e-05,1.0,1.0,True,False,multimodal,psd-fc-wpli,gated,cnn,True,finetune,segssl_barlow_all-patient_psd-fc-wpli_finetune_seed7_pre20_proj32_mask0_03_noise0_02_mlp1_0_sup100,True,barlow,psd,all-patient,True,7,1.0,0.1,32,0.03,0.02
multimodal_psd-fc-wpli_gated_cnn,12,sub18,sub01;sub05;sub07;sub08;sub09;sub10;sub11;sub13;sub14;sub15;sub16;sub17;sub22;sub24;sub27;sub28;sub29,sub20,56,0.01090368814766407,0.036703817546367645,0.002,1e-05,1.0,1.0,True,False,multimodal,psd-fc-wpli,gated,cnn,True,finetune,segssl_barlow_all-patient_psd-fc-wpli_finetune_seed7_pre20_proj32_mask0_03_noise0_02_mlp1_0_sup100,True,barlow,psd,all-patient,True,7,1.0,0.1,32,0.03,0.02
multimodal_psd-fc-wpli_gated_cnn,12,sub18,sub01;sub05;sub07;sub08;sub09;sub10;sub11;sub13;sub14;sub15;sub16;sub17;sub22;sub24;sub27;sub28;sub29,sub20,57,0.009443256072700024,0.033016104251146317,0.002,1e-05,1.0,1.0,True,False,multimodal,psd-fc-wpli,gated,cnn,True,finetune,segssl_barlow_all-patient_psd-fc-wpli_finetune_seed7_pre20_proj32_mask0_03_noise0_02_mlp1_0_sup100,True,barlow,psd,all-patient,True,7,1.0,0.1,32,0.03,0.02
multimodal_psd-fc-wpli_gated_cnn,12,sub18,sub01;sub05;sub07;sub08;sub09;sub10;sub11;sub13;sub14;sub15;sub16;sub17;sub22;sub24;sub27;sub28;sub29,sub20,58,0.008220423012971878,0.02960578165948391,0.002,1e-05,1.0,1.0,True,False,multimodal,psd-fc-wpli,gated,cnn,True,finetune,segssl_barlow_all-patient_psd-fc-wpli_finetune_seed7_pre20_proj32_mask0_03_noise0_02_mlp1_0_sup100,True,barlow,psd,all-patient,True,7,1.0,0.1,32,0.03,0.02
multimodal_psd-fc-wpli_gated_cnn,12,sub18,sub01;sub05;sub07;sub08;sub09;sub10;sub11;sub13;sub14;sub15;sub16;sub17;sub22;sub24;sub27;sub28;sub29,sub20,59,0.007198326755315065,0.026555147022008896,0.002,1e-05,1.0,1.0,True,False,multimodal,psd-fc-wpli,gated,cnn,True,finetune,segssl_barlow_all-patient_psd-fc-wpli_finetune_seed7_pre20_proj32_mask0_03_noise0_02_mlp1_0_sup100,True,barlow,psd,all-patient,True,7,1.0,0.1,32,0.03,0.02
multimodal_psd-fc-wpli_gated_cnn,12,sub18,sub01;sub05;sub07;sub08;sub09;sub10;sub11;sub13;sub14;sub15;sub16;sub17;sub22;sub24;sub27;sub28;sub29,sub20,60,0.006339978892356157,0.02386173978447914,0.002,1e-05,1.0,1.0,True,False,multimodal,psd-fc-wpli,gated,cnn,True,finetune,segssl_barlow_all-patient_psd-fc-wpli_finetune_seed7_pre20_proj32_mask0_03_noise0_02_mlp1_0_sup100,True,barlow,psd,all-patient,True,7,1.0,0.1,32,0.03,0.02
multimodal_psd-fc-wpli_gated_cnn,12,sub18,sub01;sub05;sub07;sub08;sub09;sub10;sub11;sub13;sub14;sub15;sub16;sub17;sub22;sub24;sub27;sub28;sub29,sub20,61,0.00561696570366621,0.021545423194766045,0.002,1e-05,1.0,1.0,True,False,multimodal,psd-fc-wpli,gated,cnn,True,finetune,segssl_barlow_all-patient_psd-fc-wpli_finetune_seed7_pre20_proj32_mask0_03_noise0_02_mlp1_0_sup100,True,barlow,psd,all-patient,True,7,1.0,0.1,32,0.03,0.02
multimodal_psd-fc-wpli_gated_cnn,12,sub18,sub01;sub05;sub07;sub08;sub09;sub10;sub11;sub13;sub14;sub15;sub16;sub17;sub22;sub24;sub27;sub28;sub29,sub20,62,0.005003910977393389,0.019592899829149246,0.002,1e-05,1.0,1.0,True,False,multimodal,psd-fc-wpli,gated,cnn,True,finetune,segssl_barlow_all-patient_psd-fc-wpli_finetune_seed7_pre20_proj32_mask0_03_noise0_02_mlp1_0_sup100,True,barlow,psd,all-patient,True,7,1.0,0.1,32,0.03,0.02
multimodal_psd-fc-wpli_gated_cnn,12,sub18,sub01;sub05;sub07;sub08;sub09;sub10;sub11;sub13;sub14;sub15;sub16;sub17;sub22;sub24;sub27;sub28;sub29,sub20,63,0.004481057170778513,0.017961207777261734,0.002,1e-05,1.0,1.0,True,False,multimodal,psd-fc-wpli,gated,cnn,True,finetune,segssl_barlow_all-patient_psd-fc-wpli_finetune_seed7_pre20_proj32_mask0_03_noise0_02_mlp1_0_sup100,True,barlow,psd,all-patient,True,7,1.0,0.1,32,0.03,0.02
multimodal_psd-fc-wpli_gated_cnn,12,sub18,sub01;sub05;sub07;sub08;sub09;sub10;sub11;sub13;sub14;sub15;sub16;sub17;sub22;sub24;sub27;sub28;sub29,sub20,64,0.00403184536844492,0.016612790524959564,0.002,1e-05,1.0,1.0,True,False,multimodal,psd-fc-wpli,gated,cnn,True,finetune,segssl_barlow_all-patient_psd-fc-wpli_finetune_seed7_pre20_proj32_mask0_03_noise0_02_mlp1_0_sup100,True,barlow,psd,all-patient,True,7,1.0,0.1,32,0.03,0.02
multimodal_psd-fc-wpli_gated_cnn,12,sub18,sub01;sub05;sub07;sub08;sub09;sub10;sub11;sub13;sub14;sub15;sub16;sub17;sub22;sub24;sub27;sub28;sub29,sub20,65,0.00364335416816175,0.015486570075154305,0.002,1e-05,1.0,1.0,True,False,multimodal,psd-fc-wpli,gated,cnn,True,finetune,segssl_barlow_all-patient_psd-fc-wpli_finetune_seed7_pre20_proj32_mask0_03_noise0_02_mlp1_0_sup100,True,barlow,psd,all-patient,True,7,1.0,0.1,32,0.03,0.02
multimodal_psd-fc-wpli_gated_cnn,12,sub18,sub01;sub05;sub07;sub08;sub09;sub10;sub11;sub13;sub14;sub15;sub16;sub17;sub22;sub24;sub27;sub28;sub29,sub20,66,0.0033055772073566914,0.01452585868537426,0.002,1e-05,1.0,1.0,True,False,multimodal,psd-fc-wpli,gated,cnn,True,finetune,segssl_barlow_all-patient_psd-fc-wpli_finetune_seed7_pre20_proj32_mask0_03_noise0_02_mlp1_0_sup100,True,barlow,psd,all-patient,True,7,1.0,0.1,32,0.03,0.02
multimodal_psd-fc-wpli_gated_cnn,12,sub18,sub01;sub05;sub07;sub08;sub09;sub10;sub11;sub13;sub14;sub15;sub16;sub17;sub22;sub24;sub27;sub28;sub29,sub20,67,0.0030107072088867426,0.013694044202566147,0.002,1e-05,1.0,1.0,True,False,multimodal,psd-fc-wpli,gated,cnn,True,finetune,segssl_barlow_all-patient_psd-fc-wpli_finetune_seed7_pre20_proj32_mask0_03_noise0_02_mlp1_0_sup100,True,barlow,psd,all-patient,True,7,1.0,0.1,32,0.03,0.02
multimodal_psd-fc-wpli_gated_cnn,12,sub18,sub01;sub05;sub07;sub08;sub09;sub10;sub11;sub13;sub14;sub15;sub16;sub17;sub22;sub24;sub27;sub28;sub29,sub20,68,0.002752886153757572,0.012954575940966606,0.002,1e-05,1.0,1.0,True,False,multimodal,psd-fc-wpli,gated,cnn,True,finetune,segssl_barlow_all-patient_psd-fc-wpli_finetune_seed7_pre20_proj32_mask0_03_noise0_02_mlp1_0_sup100,True,barlow,psd,all-patient,True,7,1.0,0.1,32,0.03,0.02
multimodal_psd-fc-wpli_gated_cnn,12,sub18,sub01;sub05;sub07;sub08;sub09;sub10;sub11;sub13;sub14;sub15;sub16;sub17;sub22;sub24;sub27;sub28;sub29,sub20,69,0.0025270909536629915,0.012272313237190247,0.002,1e-05,1.0,1.0,True,False,multimodal,psd-fc-wpli,gated,cnn,True,finetune,segssl_barlow_all-patient_psd-fc-wpli_finetune_seed7_pre20_proj32_mask0_03_noise0_02_mlp1_0_sup100,True,barlow,psd,all-patient,True,7,1.0,0.1,32,0.03,0.02
multimodal_psd-fc-wpli_gated_cnn,12,sub18,sub01;sub05;sub07;sub08;sub09;sub10;sub11;sub13;sub14;sub15;sub16;sub17;sub22;sub24;sub27;sub28;sub29,sub20,70,0.0023292917758226395,0.011629891581833363,0.002,1e-05,1.0,1.0,True,False,multimodal,psd-fc-wpli,gated,cnn,True,finetune,segssl_barlow_all-patient_psd-fc-wpli_finetune_seed7_pre20_proj32_mask0_03_noise0_02_mlp1_0_sup100,True,barlow,psd,all-patient,True,7,1.0,0.1,32,0.03,0.02
multimodal_psd-fc-wpli_gated_cnn,12,sub18,sub01;sub05;sub07;sub08;sub09;sub10;sub11;sub13;sub14;sub15;sub16;sub17;sub22;sub24;sub27;sub28;sub29,sub20,71,0.0021553949918597937,0.011021208949387074,0.002,1e-05,1.0,1.0,True,False,multimodal,psd-fc-wpli,gated,cnn,True,finetune,segssl_barlow_all-patient_psd-fc-wpli_finetune_seed7_pre20_proj32_mask0_03_noise0_02_mlp1_0_sup100,True,barlow,psd,all-patient,True,7,1.0,0.1,32,0.03,0.02
multimodal_psd-fc-wpli_gated_cnn,12,sub18,sub01;sub05;sub07;sub08;sub09;sub10;sub11;sub13;sub14;sub15;sub16;sub17;sub22;sub24;sub27;sub28;sub29,sub20,72,0.002003160770982504,0.01044638454914093,0.002,1e-05,1.0,1.0,True,False,multimodal,psd-fc-wpli,gated,cnn,True,finetune,segssl_barlow_all-patient_psd-fc-wpli_finetune_seed7_pre20_proj32_mask0_03_noise0_02_mlp1_0_sup100,True,barlow,psd,all-patient,True,7,1.0,0.1,32,0.03,0.02
multimodal_psd-fc-wpli_gated_cnn,12,sub18,sub01;sub05;sub07;sub08;sub09;sub10;sub11;sub13;sub14;sub15;sub16;sub17;sub22;sub24;sub27;sub28;sub29,sub20,73,0.001869036233983934,0.009903252124786377,0.002,1e-05,1.0,1.0,True,False,multimodal,psd-fc-wpli,gated,cnn,True,finetune,segssl_barlow_all-patient_psd-fc-wpli_finetune_seed7_pre20_proj32_mask0_03_noise0_02_mlp1_0_sup100,True,barlow,psd,all-patient,True,7,1.0,0.1,32,0.03,0.02
multimodal_psd-fc-wpli_gated_cnn,12,sub18,sub01;sub05;sub07;sub08;sub09;sub10;sub11;sub13;sub14;sub15;sub16;sub17;sub22;sub24;sub27;sub28;sub29,sub20,74,0.0017499043606221676,0.009393326006829739,0.002,1e-05,1.0,1.0,True,False,multimodal,psd-fc-wpli,gated,cnn,True,finetune,segssl_barlow_all-patient_psd-fc-wpli_finetune_seed7_pre20_proj32_mask0_03_noise0_02_mlp1_0_sup100,True,barlow,psd,all-patient,True,7,1.0,0.1,32,0.03,0.02
multimodal_psd-fc-wpli_gated_cnn,12,sub18,sub01;sub05;sub07;sub08;sub09;sub10;sub11;sub13;sub14;sub15;sub16;sub17;sub22;sub24;sub27;sub28;sub29,sub20,75,0.0016436385922133923,0.008914569392800331,0.002,1e-05,1.0,1.0,True,False,multimodal,psd-fc-wpli,gated,cnn,True,finetune,segssl_barlow_all-patient_psd-fc-wpli_finetune_seed7_pre20_proj32_mask0_03_noise0_02_mlp1_0_sup100,True,barlow,psd,all-patient,True,7,1.0,0.1,32,0.03,0.02
multimodal_psd-fc-wpli_gated_cnn,12,sub18,sub01;sub05;sub07;sub08;sub09;sub10;sub11;sub13;sub14;sub15;sub16;sub17;sub22;sub24;sub27;sub28;sub29,sub20,76,0.0015483818715438247,0.008464896120131016,0.002,1e-05,1.0,1.0,True,False,multimodal,psd-fc-wpli,gated,cnn,True,finetune,segssl_barlow_all-patient_psd-fc-wpli_finetune_seed7_pre20_proj32_mask0_03_noise0_02_mlp1_0_sup100,True,barlow,psd,all-patient,True,7,1.0,0.1,32,0.03,0.02
multimodal_psd-fc-wpli_gated_cnn,12,sub18,sub01;sub05;sub07;sub08;sub09;sub10;sub11;sub13;sub14;sub15;sub16;sub17;sub22;sub24;sub27;sub28;sub29,sub20,77,0.0014627570053562522,0.008043544366955757,0.002,1e-05,1.0,1.0,True,False,multimodal,psd-fc-wpli,gated,cnn,True,finetune,segssl_barlow_all-patient_psd-fc-wpli_finetune_seed7_pre20_proj32_mask0_03_noise0_02_mlp1_0_sup100,True,barlow,psd,all-patient,True,7,1.0,0.1,32,0.03,0.02
multimodal_psd-fc-wpli_gated_cnn,12,sub18,sub01;sub05;sub07;sub08;sub09;sub10;sub11;sub13;sub14;sub15;sub16;sub17;sub22;sub24;sub27;sub28;sub29,sub20,78,0.001385880052112043,0.0076561844907701015,0.002,1e-05,1.0,1.0,True,False,multimodal,psd-fc-wpli,gated,cnn,True,finetune,segssl_barlow_all-patient_psd-fc-wpli_finetune_seed7_pre20_proj32_mask0_03_noise0_02_mlp1_0_sup100,True,barlow,psd,all-patient,True,7,1.0,0.1,32,0.03,0.02
multimodal_psd-fc-wpli_gated_cnn,12,sub18,sub01;sub05;sub07;sub08;sub09;sub10;sub11;sub13;sub14;sub15;sub16;sub17;sub22;sub24;sub27;sub28;sub29,sub20,79,0.0013166486751288176,0.0073046390898525715,0.002,1e-05,1.0,1.0,True,False,multimodal,psd-fc-wpli,gated,cnn,True,finetune,segssl_barlow_all-patient_psd-fc-wpli_finetune_seed7_pre20_proj32_mask0_03_noise0_02_mlp1_0_sup100,True,barlow,psd,all-patient,True,7,1.0,0.1,32,0.03,0.02
multimodal_psd-fc-wpli_gated_cnn,12,sub18,sub01;sub05;sub07;sub08;sub09;sub10;sub11;sub13;sub14;sub15;sub16;sub17;sub22;sub24;sub27;sub28;sub29,sub20,80,0.0012540181633085012,0.00698124710470438,0.002,1e-05,1.0,1.0,True,False,multimodal,psd-fc-wpli,gated,cnn,True,finetune,segssl_barlow_all-patient_psd-fc-wpli_finetune_seed7_pre20_proj32_mask0_03_noise0_02_mlp1_0_sup100,True,barlow,psd,all-patient,True,7,1.0,0.1,32,0.03,0.02
multimodal_psd-fc-wpli_gated_cnn,12,sub18,sub01;sub05;sub07;sub08;sub09;sub10;sub11;sub13;sub14;sub15;sub16;sub17;sub22;sub24;sub27;sub28;sub29,sub20,81,0.001197004341520369,0.006677221041172743,0.002,1e-05,1.0,1.0,True,False,multimodal,psd-fc-wpli,gated,cnn,True,finetune,segssl_barlow_all-patient_psd-fc-wpli_finetune_seed7_pre20_proj32_mask0_03_noise0_02_mlp1_0_sup100,True,barlow,psd,all-patient,True,7,1.0,0.1,32,0.03,0.02
multimodal_psd-fc-wpli_gated_cnn,12,sub18,sub01;sub05;sub07;sub08;sub09;sub10;sub11;sub13;sub14;sub15;sub16;sub17;sub22;sub24;sub27;sub28;sub29,sub20,82,0.0011449982412159443,0.006395242176949978,0.002,1e-05,1.0,1.0,True,False,multimodal,psd-fc-wpli,gated,cnn,True,finetune,segssl_barlow_all-patient_psd-fc-wpli_finetune_seed7_pre20_proj32_mask0_03_noise0_02_mlp1_0_sup100,True,barlow,psd,all-patient,True,7,1.0,0.1,32,0.03,0.02
multimodal_psd-fc-wpli_gated_cnn,12,sub18,sub01;sub05;sub07;sub08;sub09;sub10;sub11;sub13;sub14;sub15;sub16;sub17;sub22;sub24;sub27;sub28;sub29,sub20,83,0.0010974042816087604,0.006130254361778498,0.002,1e-05,1.0,1.0,True,False,multimodal,psd-fc-wpli,gated,cnn,True,finetune,segssl_barlow_all-patient_psd-fc-wpli_finetune_seed7_pre20_proj32_mask0_03_noise0_02_mlp1_0_sup100,True,barlow,psd,all-patient,True,7,1.0,0.1,32,0.03,0.02
multimodal_psd-fc-wpli_gated_cnn,12,sub18,sub01;sub05;sub07;sub08;sub09;sub10;sub11;sub13;sub14;sub15;sub16;sub17;sub22;sub24;sub27;sub28;sub29,sub20,84,0.0010538469068706036,0.005883623380213976,0.002,1e-05,1.0,1.0,True,False,multimodal,psd-fc-wpli,gated,cnn,True,finetune,segssl_barlow_all-patient_psd-fc-wpli_finetune_seed7_pre20_proj32_mask0_03_noise0_02_mlp1_0_sup100,True,barlow,psd,all-patient,True,7,1.0,0.1,32,0.03,0.02
multimodal_psd-fc-wpli_gated_cnn,12,sub18,sub01;sub05;sub07;sub08;sub09;sub10;sub11;sub13;sub14;sub15;sub16;sub17;sub22;sub24;sub27;sub28;sub29,sub20,85,0.001013952656649053,0.005653477273881435,0.002,1e-05,1.0,1.0,True,False,multimodal,psd-fc-wpli,gated,cnn,True,finetune,segssl_barlow_all-patient_psd-fc-wpli_finetune_seed7_pre20_proj32_mask0_03_noise0_02_mlp1_0_sup100,True,barlow,psd,all-patient,True,7,1.0,0.1,32,0.03,0.02
multimodal_psd-fc-wpli_gated_cnn,12,sub18,sub01;sub05;sub07;sub08;sub09;sub10;sub11;sub13;sub14;sub15;sub16;sub17;sub22;sub24;sub27;sub28;sub29,sub20,86,0.000977210234850645,0.0054353103041648865,0.002,1e-05,1.0,1.0,True,False,multimodal,psd-fc-wpli,gated,cnn,True,finetune,segssl_barlow_all-patient_psd-fc-wpli_finetune_seed7_pre20_proj32_mask0_03_noise0_02_mlp1_0_sup100,True,barlow,psd,all-patient,True,7,1.0,0.1,32,0.03,0.02
multimodal_psd-fc-wpli_gated_cnn,12,sub18,sub01;sub05;sub07;sub08;sub09;sub10;sub11;sub13;sub14;sub15;sub16;sub17;sub22;sub24;sub27;sub28;sub29,sub20,87,0.0009432843653485179,0.0052289944142103195,0.002,1e-05,1.0,1.0,True,False,multimodal,psd-fc-wpli,gated,cnn,True,finetune,segssl_barlow_all-patient_psd-fc-wpli_finetune_seed7_pre20_proj32_mask0_03_noise0_02_mlp1_0_sup100,True,barlow,psd,all-patient,True,7,1.0,0.1,32,0.03,0.02
multimodal_psd-fc-wpli_gated_cnn,12,sub18,sub01;sub05;sub07;sub08;sub09;sub10;sub11;sub13;sub14;sub15;sub16;sub17;sub22;sub24;sub27;sub28;sub29,sub20,88,0.0009118748712353408,0.005035360809415579,0.002,1e-05,1.0,1.0,True,False,multimodal,psd-fc-wpli,gated,cnn,True,finetune,segssl_barlow_all-patient_psd-fc-wpli_finetune_seed7_pre20_proj32_mask0_03_noise0_02_mlp1_0_sup100,True,barlow,psd,all-patient,True,7,1.0,0.1,32,0.03,0.02
multimodal_psd-fc-wpli_gated_cnn,12,sub18,sub01;sub05;sub07;sub08;sub09;sub10;sub11;sub13;sub14;sub15;sub16;sub17;sub22;sub24;sub27;sub28;sub29,sub20,89,0.0008828259888105094,0.004855181090533733,0.002,1e-05,1.0,1.0,True,False,multimodal,psd-fc-wpli,gated,cnn,True,finetune,segssl_barlow_all-patient_psd-fc-wpli_finetune_seed7_pre20_proj32_mask0_03_noise0_02_mlp1_0_sup100,True,barlow,psd,all-patient,True,7,1.0,0.1,32,0.03,0.02
multimodal_psd-fc-wpli_gated_cnn,12,sub18,sub01;sub05;sub07;sub08;sub09;sub10;sub11;sub13;sub14;sub15;sub16;sub17;sub22;sub24;sub27;sub28;sub29,sub20,90,0.0008558533736504614,0.0046918014995753765,0.002,1e-05,1.0,1.0,True,False,multimodal,psd-fc-wpli,gated,cnn,True,finetune,segssl_barlow_all-patient_psd-fc-wpli_finetune_seed7_pre20_proj32_mask0_03_noise0_02_mlp1_0_sup100,True,barlow,psd,all-patient,True,7,1.0,0.1,32,0.03,0.02
multimodal_psd-fc-wpli_gated_cnn,12,sub18,sub01;sub05;sub07;sub08;sub09;sub10;sub11;sub13;sub14;sub15;sub16;sub17;sub22;sub24;sub27;sub28;sub29,sub20,91,0.0008307407842949033,0.004544734954833984,0.002,1e-05,1.0,1.0,True,False,multimodal,psd-fc-wpli,gated,cnn,True,finetune,segssl_barlow_all-patient_psd-fc-wpli_finetune_seed7_pre20_proj32_mask0_03_noise0_02_mlp1_0_sup100,True,barlow,psd,all-patient,True,7,1.0,0.1,32,0.03,0.02
multimodal_psd-fc-wpli_gated_cnn,12,sub18,sub01;sub05;sub07;sub08;sub09;sub10;sub11;sub13;sub14;sub15;sub16;sub17;sub22;sub24;sub27;sub28;sub29,sub20,92,0.0008072401979006827,0.004412177950143814,0.002,1e-05,1.0,1.0,True,False,multimodal,psd-fc-wpli,gated,cnn,True,finetune,segssl_barlow_all-patient_psd-fc-wpli_finetune_seed7_pre20_proj32_mask0_03_noise0_02_mlp1_0_sup100,True,barlow,psd,all-patient,True,7,1.0,0.1,32,0.03,0.02
multimodal_psd-fc-wpli_gated_cnn,12,sub18,sub01;sub05;sub07;sub08;sub09;sub10;sub11;sub13;sub14;sub15;sub16;sub17;sub22;sub24;sub27;sub28;sub29,sub20,93,0.0007852181443013251,0.0042925686575472355,0.002,1e-05,1.0,1.0,True,False,multimodal,psd-fc-wpli,gated,cnn,True,finetune,segssl_barlow_all-patient_psd-fc-wpli_finetune_seed7_pre20_proj32_mask0_03_noise0_02_mlp1_0_sup100,True,barlow,psd,all-patient,True,7,1.0,0.1,32,0.03,0.02
multimodal_psd-fc-wpli_gated_cnn,12,sub18,sub01;sub05;sub07;sub08;sub09;sub10;sub11;sub13;sub14;sub15;sub16;sub17;sub22;sub24;sub27;sub28;sub29,sub20,94,0.0007645523874089122,0.004186320584267378,0.002,1e-05,1.0,1.0,True,False,multimodal,psd-fc-wpli,gated,cnn,True,finetune,segssl_barlow_all-patient_psd-fc-wpli_finetune_seed7_pre20_proj32_mask0_03_noise0_02_mlp1_0_sup100,True,barlow,psd,all-patient,True,7,1.0,0.1,32,0.03,0.02
multimodal_psd-fc-wpli_gated_cnn,12,sub18,sub01;sub05;sub07;sub08;sub09;sub10;sub11;sub13;sub14;sub15;sub16;sub17;sub22;sub24;sub27;sub28;sub29,sub20,95,0.0007450561970472336,0.0040931315161287785,0.002,1e-05,1.0,1.0,True,False,multimodal,psd-fc-wpli,gated,cnn,True,finetune,segssl_barlow_all-patient_psd-fc-wpli_finetune_seed7_pre20_proj32_mask0_03_noise0_02_mlp1_0_sup100,True,barlow,psd,all-patient,True,7,1.0,0.1,32,0.03,0.02
multimodal_psd-fc-wpli_gated_cnn,12,sub18,sub01;sub05;sub07;sub08;sub09;sub10;sub11;sub13;sub14;sub15;sub16;sub17;sub22;sub24;sub27;sub28;sub29,sub20,96,0.000726643018424511,0.00401156023144722,0.002,1e-05,1.0,1.0,True,False,multimodal,psd-fc-wpli,gated,cnn,True,finetune,segssl_barlow_all-patient_psd-fc-wpli_finetune_seed7_pre20_proj32_mask0_03_noise0_02_mlp1_0_sup100,True,barlow,psd,all-patient,True,7,1.0,0.1,32,0.03,0.02
multimodal_psd-fc-wpli_gated_cnn,12,sub18,sub01;sub05;sub07;sub08;sub09;sub10;sub11;sub13;sub14;sub15;sub16;sub17;sub22;sub24;sub27;sub28;sub29,sub20,97,0.0007092164014466107,0.0039359200745821,0.002,1e-05,1.0,1.0,True,False,multimodal,psd-fc-wpli,gated,cnn,True,finetune,segssl_barlow_all-patient_psd-fc-wpli_finetune_seed7_pre20_proj32_mask0_03_noise0_02_mlp1_0_sup100,True,barlow,psd,all-patient,True,7,1.0,0.1,32,0.03,0.02
multimodal_psd-fc-wpli_gated_cnn,12,sub18,sub01;sub05;sub07;sub08;sub09;sub10;sub11;sub13;sub14;sub15;sub16;sub17;sub22;sub24;sub27;sub28;sub29,sub20,98,0.0006927382200956345,0.0038663288578391075,0.002,1e-05,1.0,1.0,True,False,multimodal,psd-fc-wpli,gated,cnn,True,finetune,segssl_barlow_all-patient_psd-fc-wpli_finetune_seed7_pre20_proj32_mask0_03_noise0_02_mlp1_0_sup100,True,barlow,psd,all-patient,True,7,1.0,0.1,32,0.03,0.02
multimodal_psd-fc-wpli_gated_cnn,12,sub18,sub01;sub05;sub07;sub08;sub09;sub10;sub11;sub13;sub14;sub15;sub16;sub17;sub22;sub24;sub27;sub28;sub29,sub20,99,0.0006770531181246042,0.003802546299993992,0.002,1e-05,1.0,1.0,True,False,multimodal,psd-fc-wpli,gated,cnn,True,finetune,segssl_barlow_all-patient_psd-fc-wpli_finetune_seed7_pre20_proj32_mask0_03_noise0_02_mlp1_0_sup100,True,barlow,psd,all-patient,True,7,1.0,0.1,32,0.03,0.02
multimodal_psd-fc-wpli_gated_cnn,12,sub18,sub01;sub05;sub07;sub08;sub09;sub10;sub11;sub13;sub14;sub15;sub16;sub17;sub22;sub24;sub27;sub28;sub29,sub20,100,0.0006621089996770024,0.003741400083526969,0.002,1e-05,1.0,1.0,True,False,multimodal,psd-fc-wpli,gated,cnn,True,finetune,segssl_barlow_all-patient_psd-fc-wpli_finetune_seed7_pre20_proj32_mask0_03_noise0_02_mlp1_0_sup100,True,barlow,psd,all-patient,True,7,1.0,0.1,32,0.03,0.02
multimodal_psd-fc-wpli_gated_cnn,13,sub20,sub01;sub05;sub07;sub08;sub09;sub10;sub11;sub13;sub14;sub15;sub16;sub17;sub18;sub24;sub27;sub28;sub29,sub22,1,0.6924586892127991,0.6561319231987,0.002,1e-05,1.0,1.0,True,False,multimodal,psd-fc-wpli,gated,cnn,True,finetune,segssl_barlow_all-patient_psd-fc-wpli_finetune_seed7_pre20_proj32_mask0_03_noise0_02_mlp1_0_sup100,True,barlow,psd,all-patient,True,7,1.0,0.1,32,0.03,0.02
multimodal_psd-fc-wpli_gated_cnn,13,sub20,sub01;sub05;sub07;sub08;sub09;sub10;sub11;sub13;sub14;sub15;sub16;sub17;sub18;sub24;sub27;sub28;sub29,sub22,2,0.6850410103797913,0.6594328284263611,0.002,1e-05,1.0,1.0,False,False,multimodal,psd-fc-wpli,gated,cnn,True,finetune,segssl_barlow_all-patient_psd-fc-wpli_finetune_seed7_pre20_proj32_mask0_03_noise0_02_mlp1_0_sup100,True,barlow,psd,all-patient,True,7,1.0,0.1,32,0.03,0.02
multimodal_psd-fc-wpli_gated_cnn,13,sub20,sub01;sub05;sub07;sub08;sub09;sub10;sub11;sub13;sub14;sub15;sub16;sub17;sub18;sub24;sub27;sub28;sub29,sub22,3,0.6790414452552795,0.6628538370132446,0.002,1e-05,1.0,1.0,False,False,multimodal,psd-fc-wpli,gated,cnn,True,finetune,segssl_barlow_all-patient_psd-fc-wpli_finetune_seed7_pre20_proj32_mask0_03_noise0_02_mlp1_0_sup100,True,barlow,psd,all-patient,True,7,1.0,0.1,32,0.03,0.02
multimodal_psd-fc-wpli_gated_cnn,13,sub20,sub01;sub05;sub07;sub08;sub09;sub10;sub11;sub13;sub14;sub15;sub16;sub17;sub18;sub24;sub27;sub28;sub29,sub22,4,0.6730127930641174,0.6668555736541748,0.002,1e-05,1.0,1.0,False,False,multimodal,psd-fc-wpli,gated,cnn,True,finetune,segssl_barlow_all-patient_psd-fc-wpli_finetune_seed7_pre20_proj32_mask0_03_noise0_02_mlp1_0_sup100,True,barlow,psd,all-patient,True,7,1.0,0.1,32,0.03,0.02
multimodal_psd-fc-wpli_gated_cnn,13,sub20,sub01;sub05;sub07;sub08;sub09;sub10;sub11;sub13;sub14;sub15;sub16;sub17;sub18;sub24;sub27;sub28;sub29,sub22,5,0.6664686799049377,0.6756840348243713,0.002,1e-05,1.0,1.0,False,False,multimodal,psd-fc-wpli,gated,cnn,True,finetune,segssl_barlow_all-patient_psd-fc-wpli_finetune_seed7_pre20_proj32_mask0_03_noise0_02_mlp1_0_sup100,True,barlow,psd,all-patient,True,7,1.0,0.1,32,0.03,0.02
multimodal_psd-fc-wpli_gated_cnn,13,sub20,sub01;sub05;sub07;sub08;sub09;sub10;sub11;sub13;sub14;sub15;sub16;sub17;sub18;sub24;sub27;sub28;sub29,sub22,6,0.6595746874809265,0.6858530640602112,0.002,1e-05,1.0,1.0,False,False,multimodal,psd-fc-wpli,gated,cnn,True,finetune,segssl_barlow_all-patient_psd-fc-wpli_finetune_seed7_pre20_proj32_mask0_03_noise0_02_mlp1_0_sup100,True,barlow,psd,all-patient,True,7,1.0,0.1,32,0.03,0.02
multimodal_psd-fc-wpli_gated_cnn,13,sub20,sub01;sub05;sub07;sub08;sub09;sub10;sub11;sub13;sub14;sub15;sub16;sub17;sub18;sub24;sub27;sub28;sub29,sub22,7,0.6521793007850647,0.6963827610015869,0.002,1e-05,1.0,1.0,False,False,multimodal,psd-fc-wpli,gated,cnn,True,finetune,segssl_barlow_all-patient_psd-fc-wpli_finetune_seed7_pre20_proj32_mask0_03_noise0_02_mlp1_0_sup100,True,barlow,psd,all-patient,True,7,1.0,0.1,32,0.03,0.02
multimodal_psd-fc-wpli_gated_cnn,13,sub20,sub01;sub05;sub07;sub08;sub09;sub10;sub11;sub13;sub14;sub15;sub16;sub17;sub18;sub24;sub27;sub28;sub29,sub22,8,0.6439101099967957,0.7076473832130432,0.002,1e-05,1.0,1.0,False,False,multimodal,psd-fc-wpli,gated,cnn,True,finetune,segssl_barlow_all-patient_psd-fc-wpli_finetune_seed7_pre20_proj32_mask0_03_noise0_02_mlp1_0_sup100,True,barlow,psd,all-patient,True,7,1.0,0.1,32,0.03,0.02
multimodal_psd-fc-wpli_gated_cnn,13,sub20,sub01;sub05;sub07;sub08;sub09;sub10;sub11;sub13;sub14;sub15;sub16;sub17;sub18;sub24;sub27;sub28;sub29,sub22,9,0.6344882249832153,0.718427836894989,0.002,1e-05,1.0,1.0,False,False,multimodal,psd-fc-wpli,gated,cnn,True,finetune,segssl_barlow_all-patient_psd-fc-wpli_finetune_seed7_pre20_proj32_mask0_03_noise0_02_mlp1_0_sup100,True,barlow,psd,all-patient,True,7,1.0,0.1,32,0.03,0.02
multimodal_psd-fc-wpli_gated_cnn,13,sub20,sub01;sub05;sub07;sub08;sub09;sub10;sub11;sub13;sub14;sub15;sub16;sub17;sub18;sub24;sub27;sub28;sub29,sub22,10,0.6241580843925476,0.7269787192344666,0.002,1e-05,1.0,1.0,False,False,multimodal,psd-fc-wpli,gated,cnn,True,finetune,segssl_barlow_all-patient_psd-fc-wpli_finetune_seed7_pre20_proj32_mask0_03_noise0_02_mlp1_0_sup100,True,barlow,psd,all-patient,True,7,1.0,0.1,32,0.03,0.02
multimodal_psd-fc-wpli_gated_cnn,13,sub20,sub01;sub05;sub07;sub08;sub09;sub10;sub11;sub13;sub14;sub15;sub16;sub17;sub18;sub24;sub27;sub28;sub29,sub22,11,0.6129376292228699,0.7320852875709534,0.002,1e-05,1.0,1.0,False,False,multimodal,psd-fc-wpli,gated,cnn,True,finetune,segssl_barlow_all-patient_psd-fc-wpli_finetune_seed7_pre20_proj32_mask0_03_noise0_02_mlp1_0_sup100,True,barlow,psd,all-patient,True,7,1.0,0.1,32,0.03,0.02
multimodal_psd-fc-wpli_gated_cnn,13,sub20,sub01;sub05;sub07;sub08;sub09;sub10;sub11;sub13;sub14;sub15;sub16;sub17;sub18;sub24;sub27;sub28;sub29,sub22,12,0.6007925271987915,0.7349237203598022,0.002,1e-05,1.0,1.0,False,False,multimodal,psd-fc-wpli,gated,cnn,True,finetune,segssl_barlow_all-patient_psd-fc-wpli_finetune_seed7_pre20_proj32_mask0_03_noise0_02_mlp1_0_sup100,True,barlow,psd,all-patient,True,7,1.0,0.1,32,0.03,0.02
multimodal_psd-fc-wpli_gated_cnn,13,sub20,sub01;sub05;sub07;sub08;sub09;sub10;sub11;sub13;sub14;sub15;sub16;sub17;sub18;sub24;sub27;sub28;sub29,sub22,13,0.5877977013587952,0.7356846332550049,0.002,1e-05,1.0,1.0,False,False,multimodal,psd-fc-wpli,gated,cnn,True,finetune,segssl_barlow_all-patient_psd-fc-wpli_finetune_seed7_pre20_proj32_mask0_03_noise0_02_mlp1_0_sup100,True,barlow,psd,all-patient,True,7,1.0,0.1,32,0.03,0.02
multimodal_psd-fc-wpli_gated_cnn,13,sub20,sub01;sub05;sub07;sub08;sub09;sub10;sub11;sub13;sub14;sub15;sub16;sub17;sub18;sub24;sub27;sub28;sub29,sub22,14,0.5739371180534363,0.734401285648346,0.002,1e-05,1.0,1.0,False,False,multimodal,psd-fc-wpli,gated,cnn,True,finetune,segssl_barlow_all-patient_psd-fc-wpli_finetune_seed7_pre20_proj32_mask0_03_noise0_02_mlp1_0_sup100,True,barlow,psd,all-patient,True,7,1.0,0.1,32,0.03,0.02
multimodal_psd-fc-wpli_gated_cnn,13,sub20,sub01;sub05;sub07;sub08;sub09;sub10;sub11;sub13;sub14;sub15;sub16;sub17;sub18;sub24;sub27;sub28;sub29,sub22,15,0.5590485334396362,0.7288146018981934,0.002,1e-05,1.0,1.0,False,False,multimodal,psd-fc-wpli,gated,cnn,True,finetune,segssl_barlow_all-patient_psd-fc-wpli_finetune_seed7_pre20_proj32_mask0_03_noise0_02_mlp1_0_sup100,True,barlow,psd,all-patient,True,7,1.0,0.1,32,0.03,0.02
multimodal_psd-fc-wpli_gated_cnn,13,sub20,sub01;sub05;sub07;sub08;sub09;sub10;sub11;sub13;sub14;sub15;sub16;sub17;sub18;sub24;sub27;sub28;sub29,sub22,16,0.543017566204071,0.718704342842102,0.002,1e-05,1.0,1.0,False,False,multimodal,psd-fc-wpli,gated,cnn,True,finetune,segssl_barlow_all-patient_psd-fc-wpli_finetune_seed7_pre20_proj32_mask0_03_noise0_02_mlp1_0_sup100,True,barlow,psd,all-patient,True,7,1.0,0.1,32,0.03,0.02
multimodal_psd-fc-wpli_gated_cnn,13,sub20,sub01;sub05;sub07;sub08;sub09;sub10;sub11;sub13;sub14;sub15;sub16;sub17;sub18;sub24;sub27;sub28;sub29,sub22,17,0.5260651111602783,0.7064206004142761,0.002,1e-05,1.0,1.0,False,False,multimodal,psd-fc-wpli,gated,cnn,True,finetune,segssl_barlow_all-patient_psd-fc-wpli_finetune_seed7_pre20_proj32_mask0_03_noise0_02_mlp1_0_sup100,True,barlow,psd,all-patient,True,7,1.0,0.1,32,0.03,0.02
multimodal_psd-fc-wpli_gated_cnn,13,sub20,sub01;sub05;sub07;sub08;sub09;sub10;sub11;sub13;sub14;sub15;sub16;sub17;sub18;sub24;sub27;sub28;sub29,sub22,18,0.5079735517501831,0.6942928433418274,0.002,1e-05,1.0,1.0,False,False,multimodal,psd-fc-wpli,gated,cnn,True,finetune,segssl_barlow_all-patient_psd-fc-wpli_finetune_seed7_pre20_proj32_mask0_03_noise0_02_mlp1_0_sup100,True,barlow,psd,all-patient,True,7,1.0,0.1,32,0.03,0.02
multimodal_psd-fc-wpli_gated_cnn,13,sub20,sub01;sub05;sub07;sub08;sub09;sub10;sub11;sub13;sub14;sub15;sub16;sub17;sub18;sub24;sub27;sub28;sub29,sub22,19,0.488824725151062,0.6824661493301392,0.002,1e-05,1.0,1.0,False,False,multimodal,psd-fc-wpli,gated,cnn,True,finetune,segssl_barlow_all-patient_psd-fc-wpli_finetune_seed7_pre20_proj32_mask0_03_noise0_02_mlp1_0_sup100,True,barlow,psd,all-patient,True,7,1.0,0.1,32,0.03,0.02
multimodal_psd-fc-wpli_gated_cnn,13,sub20,sub01;sub05;sub07;sub08;sub09;sub10;sub11;sub13;sub14;sub15;sub16;sub17;sub18;sub24;sub27;sub28;sub29,sub22,20,0.46827277541160583,0.6709989309310913,0.002,1e-05,1.0,1.0,False,False,multimodal,psd-fc-wpli,gated,cnn,True,finetune,segssl_barlow_all-patient_psd-fc-wpli_finetune_seed7_pre20_proj32_mask0_03_noise0_02_mlp1_0_sup100,True,barlow,psd,all-patient,True,7,1.0,0.1,32,0.03,0.02
multimodal_psd-fc-wpli_gated_cnn,13,sub20,sub01;sub05;sub07;sub08;sub09;sub10;sub11;sub13;sub14;sub15;sub16;sub17;sub18;sub24;sub27;sub28;sub29,sub22,21,0.44622594118118286,0.6587207913398743,0.002,1e-05,1.0,1.0,False,False,multimodal,psd-fc-wpli,gated,cnn,True,finetune,segssl_barlow_all-patient_psd-fc-wpli_finetune_seed7_pre20_proj32_mask0_03_noise0_02_mlp1_0_sup100,True,barlow,psd,all-patient,True,7,1.0,0.1,32,0.03,0.02
multimodal_psd-fc-wpli_gated_cnn,13,sub20,sub01;sub05;sub07;sub08;sub09;sub10;sub11;sub13;sub14;sub15;sub16;sub17;sub18;sub24;sub27;sub28;sub29,sub22,22,0.4224711060523987,0.6388555765151978,0.002,1e-05,1.0,1.0,True,False,multimodal,psd-fc-wpli,gated,cnn,True,finetune,segssl_barlow_all-patient_psd-fc-wpli_finetune_seed7_pre20_proj32_mask0_03_noise0_02_mlp1_0_sup100,True,barlow,psd,all-patient,True,7,1.0,0.1,32,0.03,0.02
multimodal_psd-fc-wpli_gated_cnn,13,sub20,sub01;sub05;sub07;sub08;sub09;sub10;sub11;sub13;sub14;sub15;sub16;sub17;sub18;sub24;sub27;sub28;sub29,sub22,23,0.3977070450782776,0.6060847640037537,0.002,1e-05,1.0,1.0,True,False,multimodal,psd-fc-wpli,gated,cnn,True,finetune,segssl_barlow_all-patient_psd-fc-wpli_finetune_seed7_pre20_proj32_mask0_03_noise0_02_mlp1_0_sup100,True,barlow,psd,all-patient,True,7,1.0,0.1,32,0.03,0.02
multimodal_psd-fc-wpli_gated_cnn,13,sub20,sub01;sub05;sub07;sub08;sub09;sub10;sub11;sub13;sub14;sub15;sub16;sub17;sub18;sub24;sub27;sub28;sub29,sub22,24,0.37201860547065735,0.560936450958252,0.002,1e-05,1.0,1.0,True,False,multimodal,psd-fc-wpli,gated,cnn,True,finetune,segssl_barlow_all-patient_psd-fc-wpli_finetune_seed7_pre20_proj32_mask0_03_noise0_02_mlp1_0_sup100,True,barlow,psd,all-patient,True,7,1.0,0.1,32,0.03,0.02
multimodal_psd-fc-wpli_gated_cnn,13,sub20,sub01;sub05;sub07;sub08;sub09;sub10;sub11;sub13;sub14;sub15;sub16;sub17;sub18;sub24;sub27;sub28;sub29,sub22,25,0.3463476896286011,0.5100966691970825,0.002,1e-05,1.0,1.0,True,False,multimodal,psd-fc-wpli,gated,cnn,True,finetune,segssl_barlow_all-patient_psd-fc-wpli_finetune_seed7_pre20_proj32_mask0_03_noise0_02_mlp1_0_sup100,True,barlow,psd,all-patient,True,7,1.0,0.1,32,0.03,0.02
multimodal_psd-fc-wpli_gated_cnn,13,sub20,sub01;sub05;sub07;sub08;sub09;sub10;sub11;sub13;sub14;sub15;sub16;sub17;sub18;sub24;sub27;sub28;sub29,sub22,26,0.3204227387905121,0.46669501066207886,0.002,1e-05,1.0,1.0,True,False,multimodal,psd-fc-wpli,gated,cnn,True,finetune,segssl_barlow_all-patient_psd-fc-wpli_finetune_seed7_pre20_proj32_mask0_03_noise0_02_mlp1_0_sup100,True,barlow,psd,all-patient,True,7,1.0,0.1,32,0.03,0.02
multimodal_psd-fc-wpli_gated_cnn,13,sub20,sub01;sub05;sub07;sub08;sub09;sub10;sub11;sub13;sub14;sub15;sub16;sub17;sub18;sub24;sub27;sub28;sub29,sub22,27,0.2941453754901886,0.44093742966651917,0.002,1e-05,1.0,1.0,True,False,multimodal,psd-fc-wpli,gated,cnn,True,finetune,segssl_barlow_all-patient_psd-fc-wpli_finetune_seed7_pre20_proj32_mask0_03_noise0_02_mlp1_0_sup100,True,barlow,psd,all-patient,True,7,1.0,0.1,32,0.03,0.02
multimodal_psd-fc-wpli_gated_cnn,13,sub20,sub01;sub05;sub07;sub08;sub09;sub10;sub11;sub13;sub14;sub15;sub16;sub17;sub18;sub24;sub27;sub28;sub29,sub22,28,0.26763540506362915,0.4379323124885559,0.002,1e-05,1.0,1.0,True,False,multimodal,psd-fc-wpli,gated,cnn,True,finetune,segssl_barlow_all-patient_psd-fc-wpli_finetune_seed7_pre20_proj32_mask0_03_noise0_02_mlp1_0_sup100,True,barlow,psd,all-patient,True,7,1.0,0.1,32,0.03,0.02
multimodal_psd-fc-wpli_gated_cnn,13,sub20,sub01;sub05;sub07;sub08;sub09;sub10;sub11;sub13;sub14;sub15;sub16;sub17;sub18;sub24;sub27;sub28;sub29,sub22,29,0.24139973521232605,0.4509938955307007,0.002,1e-05,1.0,1.0,False,False,multimodal,psd-fc-wpli,gated,cnn,True,finetune,segssl_barlow_all-patient_psd-fc-wpli_finetune_seed7_pre20_proj32_mask0_03_noise0_02_mlp1_0_sup100,True,barlow,psd,all-patient,True,7,1.0,0.1,32,0.03,0.02
multimodal_psd-fc-wpli_gated_cnn,13,sub20,sub01;sub05;sub07;sub08;sub09;sub10;sub11;sub13;sub14;sub15;sub16;sub17;sub18;sub24;sub27;sub28;sub29,sub22,30,0.21607203781604767,0.47092652320861816,0.002,1e-05,1.0,1.0,False,False,multimodal,psd-fc-wpli,gated,cnn,True,finetune,segssl_barlow_all-patient_psd-fc-wpli_finetune_seed7_pre20_proj32_mask0_03_noise0_02_mlp1_0_sup100,True,barlow,psd,all-patient,True,7,1.0,0.1,32,0.03,0.02
multimodal_psd-fc-wpli_gated_cnn,13,sub20,sub01;sub05;sub07;sub08;sub09;sub10;sub11;sub13;sub14;sub15;sub16;sub17;sub18;sub24;sub27;sub28;sub29,sub22,31,0.192615807056427,0.48165398836135864,0.002,1e-05,1.0,1.0,False,False,multimodal,psd-fc-wpli,gated,cnn,True,finetune,segssl_barlow_all-patient_psd-fc-wpli_finetune_seed7_pre20_proj32_mask0_03_noise0_02_mlp1_0_sup100,True,barlow,psd,all-patient,True,7,1.0,0.1,32,0.03,0.02
multimodal_psd-fc-wpli_gated_cnn,13,sub20,sub01;sub05;sub07;sub08;sub09;sub10;sub11;sub13;sub14;sub15;sub16;sub17;sub18;sub24;sub27;sub28;sub29,sub22,32,0.1705550104379654,0.46253883838653564,0.002,1e-05,1.0,1.0,False,False,multimodal,psd-fc-wpli,gated,cnn,True,finetune,segssl_barlow_all-patient_psd-fc-wpli_finetune_seed7_pre20_proj32_mask0_03_noise0_02_mlp1_0_sup100,True,barlow,psd,all-patient,True,7,1.0,0.1,32,0.03,0.02
multimodal_psd-fc-wpli_gated_cnn,13,sub20,sub01;sub05;sub07;sub08;sub09;sub10;sub11;sub13;sub14;sub15;sub16;sub17;sub18;sub24;sub27;sub28;sub29,sub22,33,0.1497659832239151,0.42310917377471924,0.002,1e-05,1.0,1.0,True,False,multimodal,psd-fc-wpli,gated,cnn,True,finetune,segssl_barlow_all-patient_psd-fc-wpli_finetune_seed7_pre20_proj32_mask0_03_noise0_02_mlp1_0_sup100,True,barlow,psd,all-patient,True,7,1.0,0.1,32,0.03,0.02
multimodal_psd-fc-wpli_gated_cnn,13,sub20,sub01;sub05;sub07;sub08;sub09;sub10;sub11;sub13;sub14;sub15;sub16;sub17;sub18;sub24;sub27;sub28;sub29,sub22,34,0.13068431615829468,0.3659013509750366,0.002,1e-05,1.0,1.0,True,False,multimodal,psd-fc-wpli,gated,cnn,True,finetune,segssl_barlow_all-patient_psd-fc-wpli_finetune_seed7_pre20_proj32_mask0_03_noise0_02_mlp1_0_sup100,True,barlow,psd,all-patient,True,7,1.0,0.1,32,0.03,0.02
multimodal_psd-fc-wpli_gated_cnn,13,sub20,sub01;sub05;sub07;sub08;sub09;sub10;sub11;sub13;sub14;sub15;sub16;sub17;sub18;sub24;sub27;sub28;sub29,sub22,35,0.11338389664888382,0.29921916127204895,0.002,1e-05,1.0,1.0,True,False,multimodal,psd-fc-wpli,gated,cnn,True,finetune,segssl_barlow_all-patient_psd-fc-wpli_finetune_seed7_pre20_proj32_mask0_03_noise0_02_mlp1_0_sup100,True,barlow,psd,all-patient,True,7,1.0,0.1,32,0.03,0.02
multimodal_psd-fc-wpli_gated_cnn,13,sub20,sub01;sub05;sub07;sub08;sub09;sub10;sub11;sub13;sub14;sub15;sub16;sub17;sub18;sub24;sub27;sub28;sub29,sub22,36,0.09777949005365372,0.24298925697803497,0.002,1e-05,1.0,1.0,True,False,multimodal,psd-fc-wpli,gated,cnn,True,finetune,segssl_barlow_all-patient_psd-fc-wpli_finetune_seed7_pre20_proj32_mask0_03_noise0_02_mlp1_0_sup100,True,barlow,psd,all-patient,True,7,1.0,0.1,32,0.03,0.02
multimodal_psd-fc-wpli_gated_cnn,13,sub20,sub01;sub05;sub07;sub08;sub09;sub10;sub11;sub13;sub14;sub15;sub16;sub17;sub18;sub24;sub27;sub28;sub29,sub22,37,0.0838058665394783,0.2025160938501358,0.002,1e-05,1.0,1.0,True,False,multimodal,psd-fc-wpli,gated,cnn,True,finetune,segssl_barlow_all-patient_psd-fc-wpli_finetune_seed7_pre20_proj32_mask0_03_noise0_02_mlp1_0_sup100,True,barlow,psd,all-patient,True,7,1.0,0.1,32,0.03,0.02
multimodal_psd-fc-wpli_gated_cnn,13,sub20,sub01;sub05;sub07;sub08;sub09;sub10;sub11;sub13;sub14;sub15;sub16;sub17;sub18;sub24;sub27;sub28;sub29,sub22,38,0.07138741761445999,0.171164408326149,0.002,1e-05,1.0,1.0,True,False,multimodal,psd-fc-wpli,gated,cnn,True,finetune,segssl_barlow_all-patient_psd-fc-wpli_finetune_seed7_pre20_proj32_mask0_03_noise0_02_mlp1_0_sup100,True,barlow,psd,all-patient,True,7,1.0,0.1,32,0.03,0.02
multimodal_psd-fc-wpli_gated_cnn,13,sub20,sub01;sub05;sub07;sub08;sub09;sub10;sub11;sub13;sub14;sub15;sub16;sub17;sub18;sub24;sub27;sub28;sub29,sub22,39,0.060501907020807266,0.14662127196788788,0.002,1e-05,1.0,1.0,True,False,multimodal,psd-fc-wpli,gated,cnn,True,finetune,segssl_barlow_all-patient_psd-fc-wpli_finetune_seed7_pre20_proj32_mask0_03_noise0_02_mlp1_0_sup100,True,barlow,psd,all-patient,True,7,1.0,0.1,32,0.03,0.02
multimodal_psd-fc-wpli_gated_cnn,13,sub20,sub01;sub05;sub07;sub08;sub09;sub10;sub11;sub13;sub14;sub15;sub16;sub17;sub18;sub24;sub27;sub28;sub29,sub22,40,0.05106450989842415,0.12595847249031067,0.002,1e-05,1.0,1.0,True,False,multimodal,psd-fc-wpli,gated,cnn,True,finetune,segssl_barlow_all-patient_psd-fc-wpli_finetune_seed7_pre20_proj32_mask0_03_noise0_02_mlp1_0_sup100,True,barlow,psd,all-patient,True,7,1.0,0.1,32,0.03,0.02
multimodal_psd-fc-wpli_gated_cnn,13,sub20,sub01;sub05;sub07;sub08;sub09;sub10;sub11;sub13;sub14;sub15;sub16;sub17;sub18;sub24;sub27;sub28;sub29,sub22,41,0.04294191300868988,0.10632116347551346,0.002,1e-05,1.0,1.0,True,False,multimodal,psd-fc-wpli,gated,cnn,True,finetune,segssl_barlow_all-patient_psd-fc-wpli_finetune_seed7_pre20_proj32_mask0_03_noise0_02_mlp1_0_sup100,True,barlow,psd,all-patient,True,7,1.0,0.1,32,0.03,0.02
multimodal_psd-fc-wpli_gated_cnn,13,sub20,sub01;sub05;sub07;sub08;sub09;sub10;sub11;sub13;sub14;sub15;sub16;sub17;sub18;sub24;sub27;sub28;sub29,sub22,42,0.035974495112895966,0.08826325088739395,0.002,1e-05,1.0,1.0,True,False,multimodal,psd-fc-wpli,gated,cnn,True,finetune,segssl_barlow_all-patient_psd-fc-wpli_finetune_seed7_pre20_proj32_mask0_03_noise0_02_mlp1_0_sup100,True,barlow,psd,all-patient,True,7,1.0,0.1,32,0.03,0.02
multimodal_psd-fc-wpli_gated_cnn,13,sub20,sub01;sub05;sub07;sub08;sub09;sub10;sub11;sub13;sub14;sub15;sub16;sub17;sub18;sub24;sub27;sub28;sub29,sub22,43,0.0300455242395401,0.07406428456306458,0.002,1e-05,1.0,1.0,True,False,multimodal,psd-fc-wpli,gated,cnn,True,finetune,segssl_barlow_all-patient_psd-fc-wpli_finetune_seed7_pre20_proj32_mask0_03_noise0_02_mlp1_0_sup100,True,barlow,psd,all-patient,True,7,1.0,0.1,32,0.03,0.02
multimodal_psd-fc-wpli_gated_cnn,13,sub20,sub01;sub05;sub07;sub08;sub09;sub10;sub11;sub13;sub14;sub15;sub16;sub17;sub18;sub24;sub27;sub28;sub29,sub22,44,0.02507883496582508,0.06512323021888733,0.002,1e-05,1.0,1.0,True,False,multimodal,psd-fc-wpli,gated,cnn,True,finetune,segssl_barlow_all-patient_psd-fc-wpli_finetune_seed7_pre20_proj32_mask0_03_noise0_02_mlp1_0_sup100,True,barlow,psd,all-patient,True,7,1.0,0.1,32,0.03,0.02
multimodal_psd-fc-wpli_gated_cnn,13,sub20,sub01;sub05;sub07;sub08;sub09;sub10;sub11;sub13;sub14;sub15;sub16;sub17;sub18;sub24;sub27;sub28;sub29,sub22,45,0.020937180146574974,0.06136515736579895,0.002,1e-05,1.0,1.0,True,False,multimodal,psd-fc-wpli,gated,cnn,True,finetune,segssl_barlow_all-patient_psd-fc-wpli_finetune_seed7_pre20_proj32_mask0_03_noise0_02_mlp1_0_sup100,True,barlow,psd,all-patient,True,7,1.0,0.1,32,0.03,0.02
multimodal_psd-fc-wpli_gated_cnn,13,sub20,sub01;sub05;sub07;sub08;sub09;sub10;sub11;sub13;sub14;sub15;sub16;sub17;sub18;sub24;sub27;sub28;sub29,sub22,46,0.017508815973997116,0.061434682458639145,0.002,1e-05,1.0,1.0,False,False,multimodal,psd-fc-wpli,gated,cnn,True,finetune,segssl_barlow_all-patient_psd-fc-wpli_finetune_seed7_pre20_proj32_mask0_03_noise0_02_mlp1_0_sup100,True,barlow,psd,all-patient,True,7,1.0,0.1,32,0.03,0.02
multimodal_psd-fc-wpli_gated_cnn,13,sub20,sub01;sub05;sub07;sub08;sub09;sub10;sub11;sub13;sub14;sub15;sub16;sub17;sub18;sub24;sub27;sub28;sub29,sub22,47,0.014678256586194038,0.06395962089300156,0.002,1e-05,1.0,1.0,False,False,multimodal,psd-fc-wpli,gated,cnn,True,finetune,segssl_barlow_all-patient_psd-fc-wpli_finetune_seed7_pre20_proj32_mask0_03_noise0_02_mlp1_0_sup100,True,barlow,psd,all-patient,True,7,1.0,0.1,32,0.03,0.02
multimodal_psd-fc-wpli_gated_cnn,13,sub20,sub01;sub05;sub07;sub08;sub09;sub10;sub11;sub13;sub14;sub15;sub16;sub17;sub18;sub24;sub27;sub28;sub29,sub22,48,0.012344262562692165,0.06746179610490799,0.002,1e-05,1.0,1.0,False,False,multimodal,psd-fc-wpli,gated,cnn,True,finetune,segssl_barlow_all-patient_psd-fc-wpli_finetune_seed7_pre20_proj32_mask0_03_noise0_02_mlp1_0_sup100,True,barlow,psd,all-patient,True,7,1.0,0.1,32,0.03,0.02
multimodal_psd-fc-wpli_gated_cnn,13,sub20,sub01;sub05;sub07;sub08;sub09;sub10;sub11;sub13;sub14;sub15;sub16;sub17;sub18;sub24;sub27;sub28;sub29,sub22,49,0.010423658415675163,0.07036934047937393,0.002,1e-05,1.0,1.0,False,False,multimodal,psd-fc-wpli,gated,cnn,True,finetune,segssl_barlow_all-patient_psd-fc-wpli_finetune_seed7_pre20_proj32_mask0_03_noise0_02_mlp1_0_sup100,True,barlow,psd,all-patient,True,7,1.0,0.1,32,0.03,0.02
multimodal_psd-fc-wpli_gated_cnn,13,sub20,sub01;sub05;sub07;sub08;sub09;sub10;sub11;sub13;sub14;sub15;sub16;sub17;sub18;sub24;sub27;sub28;sub29,sub22,50,0.008843770250678062,0.07182641327381134,0.002,1e-05,1.0,1.0,False,False,multimodal,psd-fc-wpli,gated,cnn,True,finetune,segssl_barlow_all-patient_psd-fc-wpli_finetune_seed7_pre20_proj32_mask0_03_noise0_02_mlp1_0_sup100,True,barlow,psd,all-patient,True,7,1.0,0.1,32,0.03,0.02
multimodal_psd-fc-wpli_gated_cnn,13,sub20,sub01;sub05;sub07;sub08;sub09;sub10;sub11;sub13;sub14;sub15;sub16;sub17;sub18;sub24;sub27;sub28;sub29,sub22,51,0.007540563587099314,0.07135126739740372,0.002,1e-05,1.0,1.0,False,False,multimodal,psd-fc-wpli,gated,cnn,True,finetune,segssl_barlow_all-patient_psd-fc-wpli_finetune_seed7_pre20_proj32_mask0_03_noise0_02_mlp1_0_sup100,True,barlow,psd,all-patient,True,7,1.0,0.1,32,0.03,0.02
multimodal_psd-fc-wpli_gated_cnn,13,sub20,sub01;sub05;sub07;sub08;sub09;sub10;sub11;sub13;sub14;sub15;sub16;sub17;sub18;sub24;sub27;sub28;sub29,sub22,52,0.006463739089667797,0.06900455057621002,0.002,1e-05,1.0,1.0,False,False,multimodal,psd-fc-wpli,gated,cnn,True,finetune,segssl_barlow_all-patient_psd-fc-wpli_finetune_seed7_pre20_proj32_mask0_03_noise0_02_mlp1_0_sup100,True,barlow,psd,all-patient,True,7,1.0,0.1,32,0.03,0.02
multimodal_psd-fc-wpli_gated_cnn,13,sub20,sub01;sub05;sub07;sub08;sub09;sub10;sub11;sub13;sub14;sub15;sub16;sub17;sub18;sub24;sub27;sub28;sub29,sub22,53,0.005570326000452042,0.06524073332548141,0.002,1e-05,1.0,1.0,False,False,multimodal,psd-fc-wpli,gated,cnn,True,finetune,segssl_barlow_all-patient_psd-fc-wpli_finetune_seed7_pre20_proj32_mask0_03_noise0_02_mlp1_0_sup100,True,barlow,psd,all-patient,True,7,1.0,0.1,32,0.03,0.02
multimodal_psd-fc-wpli_gated_cnn,13,sub20,sub01;sub05;sub07;sub08;sub09;sub10;sub11;sub13;sub14;sub15;sub16;sub17;sub18;sub24;sub27;sub28;sub29,sub22,54,0.004827538039535284,0.06087467446923256,0.002,1e-05,1.0,1.0,True,False,multimodal,psd-fc-wpli,gated,cnn,True,finetune,segssl_barlow_all-patient_psd-fc-wpli_finetune_seed7_pre20_proj32_mask0_03_noise0_02_mlp1_0_sup100,True,barlow,psd,all-patient,True,7,1.0,0.1,32,0.03,0.02
multimodal_psd-fc-wpli_gated_cnn,13,sub20,sub01;sub05;sub07;sub08;sub09;sub10;sub11;sub13;sub14;sub15;sub16;sub17;sub18;sub24;sub27;sub28;sub29,sub22,55,0.004209292121231556,0.05653636157512665,0.002,1e-05,1.0,1.0,True,False,multimodal,psd-fc-wpli,gated,cnn,True,finetune,segssl_barlow_all-patient_psd-fc-wpli_finetune_seed7_pre20_proj32_mask0_03_noise0_02_mlp1_0_sup100,True,barlow,psd,all-patient,True,7,1.0,0.1,32,0.03,0.02
multimodal_psd-fc-wpli_gated_cnn,13,sub20,sub01;sub05;sub07;sub08;sub09;sub10;sub11;sub13;sub14;sub15;sub16;sub17;sub18;sub24;sub27;sub28;sub29,sub22,56,0.0036940588615834713,0.05280439183115959,0.002,1e-05,1.0,1.0,True,False,multimodal,psd-fc-wpli,gated,cnn,True,finetune,segssl_barlow_all-patient_psd-fc-wpli_finetune_seed7_pre20_proj32_mask0_03_noise0_02_mlp1_0_sup100,True,barlow,psd,all-patient,True,7,1.0,0.1,32,0.03,0.02
multimodal_psd-fc-wpli_gated_cnn,13,sub20,sub01;sub05;sub07;sub08;sub09;sub10;sub11;sub13;sub14;sub15;sub16;sub17;sub18;sub24;sub27;sub28;sub29,sub22,57,0.003263945924118161,0.049897901713848114,0.002,1e-05,1.0,1.0,True,False,multimodal,psd-fc-wpli,gated,cnn,True,finetune,segssl_barlow_all-patient_psd-fc-wpli_finetune_seed7_pre20_proj32_mask0_03_noise0_02_mlp1_0_sup100,True,barlow,psd,all-patient,True,7,1.0,0.1,32,0.03,0.02
multimodal_psd-fc-wpli_gated_cnn,13,sub20,sub01;sub05;sub07;sub08;sub09;sub10;sub11;sub13;sub14;sub15;sub16;sub17;sub18;sub24;sub27;sub28;sub29,sub22,58,0.0029031725134700537,0.04795869067311287,0.002,1e-05,1.0,1.0,True,False,multimodal,psd-fc-wpli,gated,cnn,True,finetune,segssl_barlow_all-patient_psd-fc-wpli_finetune_seed7_pre20_proj32_mask0_03_noise0_02_mlp1_0_sup100,True,barlow,psd,all-patient,True,7,1.0,0.1,32,0.03,0.02
multimodal_psd-fc-wpli_gated_cnn,13,sub20,sub01;sub05;sub07;sub08;sub09;sub10;sub11;sub13;sub14;sub15;sub16;sub17;sub18;sub24;sub27;sub28;sub29,sub22,59,0.0025985748507082462,0.04700502008199692,0.002,1e-05,1.0,1.0,True,False,multimodal,psd-fc-wpli,gated,cnn,True,finetune,segssl_barlow_all-patient_psd-fc-wpli_finetune_seed7_pre20_proj32_mask0_03_noise0_02_mlp1_0_sup100,True,barlow,psd,all-patient,True,7,1.0,0.1,32,0.03,0.02
multimodal_psd-fc-wpli_gated_cnn,13,sub20,sub01;sub05;sub07;sub08;sub09;sub10;sub11;sub13;sub14;sub15;sub16;sub17;sub18;sub24;sub27;sub28;sub29,sub22,60,0.0023401605430990458,0.046976156532764435,0.002,1e-05,1.0,1.0,True,False,multimodal,psd-fc-wpli,gated,cnn,True,finetune,segssl_barlow_all-patient_psd-fc-wpli_finetune_seed7_pre20_proj32_mask0_03_noise0_02_mlp1_0_sup100,True,barlow,psd,all-patient,True,7,1.0,0.1,32,0.03,0.02
multimodal_psd-fc-wpli_gated_cnn,13,sub20,sub01;sub05;sub07;sub08;sub09;sub10;sub11;sub13;sub14;sub15;sub16;sub17;sub18;sub24;sub27;sub28;sub29,sub22,61,0.0021194375585764647,0.04778999090194702,0.002,1e-05,1.0,1.0,False,False,multimodal,psd-fc-wpli,gated,cnn,True,finetune,segssl_barlow_all-patient_psd-fc-wpli_finetune_seed7_pre20_proj32_mask0_03_noise0_02_mlp1_0_sup100,True,barlow,psd,all-patient,True,7,1.0,0.1,32,0.03,0.02
multimodal_psd-fc-wpli_gated_cnn,13,sub20,sub01;sub05;sub07;sub08;sub09;sub10;sub11;sub13;sub14;sub15;sub16;sub17;sub18;sub24;sub27;sub28;sub29,sub22,62,0.001929927384480834,0.04939848184585571,0.002,1e-05,1.0,1.0,False,False,multimodal,psd-fc-wpli,gated,cnn,True,finetune,segssl_barlow_all-patient_psd-fc-wpli_finetune_seed7_pre20_proj32_mask0_03_noise0_02_mlp1_0_sup100,True,barlow,psd,all-patient,True,7,1.0,0.1,32,0.03,0.02
multimodal_psd-fc-wpli_gated_cnn,13,sub20,sub01;sub05;sub07;sub08;sub09;sub10;sub11;sub13;sub14;sub15;sub16;sub17;sub18;sub24;sub27;sub28;sub29,sub22,63,0.0017666287021711469,0.051873207092285156,0.002,1e-05,1.0,1.0,False,False,multimodal,psd-fc-wpli,gated,cnn,True,finetune,segssl_barlow_all-patient_psd-fc-wpli_finetune_seed7_pre20_proj32_mask0_03_noise0_02_mlp1_0_sup100,True,barlow,psd,all-patient,True,7,1.0,0.1,32,0.03,0.02
multimodal_psd-fc-wpli_gated_cnn,13,sub20,sub01;sub05;sub07;sub08;sub09;sub10;sub11;sub13;sub14;sub15;sub16;sub17;sub18;sub24;sub27;sub28;sub29,sub22,64,0.0016255584778264165,0.05513482168316841,0.002,1e-05,1.0,1.0,False,False,multimodal,psd-fc-wpli,gated,cnn,True,finetune,segssl_barlow_all-patient_psd-fc-wpli_finetune_seed7_pre20_proj32_mask0_03_noise0_02_mlp1_0_sup100,True,barlow,psd,all-patient,True,7,1.0,0.1,32,0.03,0.02
multimodal_psd-fc-wpli_gated_cnn,13,sub20,sub01;sub05;sub07;sub08;sub09;sub10;sub11;sub13;sub14;sub15;sub16;sub17;sub18;sub24;sub27;sub28;sub29,sub22,65,0.0015027078334242105,0.059108130633831024,0.002,1e-05,1.0,1.0,False,False,multimodal,psd-fc-wpli,gated,cnn,True,finetune,segssl_barlow_all-patient_psd-fc-wpli_finetune_seed7_pre20_proj32_mask0_03_noise0_02_mlp1_0_sup100,True,barlow,psd,all-patient,True,7,1.0,0.1,32,0.03,0.02
multimodal_psd-fc-wpli_gated_cnn,13,sub20,sub01;sub05;sub07;sub08;sub09;sub10;sub11;sub13;sub14;sub15;sub16;sub17;sub18;sub24;sub27;sub28;sub29,sub22,66,0.001395476283505559,0.06371691823005676,0.002,1e-05,1.0,1.0,False,False,multimodal,psd-fc-wpli,gated,cnn,True,finetune,segssl_barlow_all-patient_psd-fc-wpli_finetune_seed7_pre20_proj32_mask0_03_noise0_02_mlp1_0_sup100,True,barlow,psd,all-patient,True,7,1.0,0.1,32,0.03,0.02
multimodal_psd-fc-wpli_gated_cnn,13,sub20,sub01;sub05;sub07;sub08;sub09;sub10;sub11;sub13;sub14;sub15;sub16;sub17;sub18;sub24;sub27;sub28;sub29,sub22,67,0.0013016812736168504,0.06885155290365219,0.002,1e-05,1.0,1.0,False,False,multimodal,psd-fc-wpli,gated,cnn,True,finetune,segssl_barlow_all-patient_psd-fc-wpli_finetune_seed7_pre20_proj32_mask0_03_noise0_02_mlp1_0_sup100,True,barlow,psd,all-patient,True,7,1.0,0.1,32,0.03,0.02
multimodal_psd-fc-wpli_gated_cnn,13,sub20,sub01;sub05;sub07;sub08;sub09;sub10;sub11;sub13;sub14;sub15;sub16;sub17;sub18;sub24;sub27;sub28;sub29,sub22,68,0.001219178200699389,0.07437332719564438,0.002,1e-05,1.0,1.0,False,False,multimodal,psd-fc-wpli,gated,cnn,True,finetune,segssl_barlow_all-patient_psd-fc-wpli_finetune_seed7_pre20_proj32_mask0_03_noise0_02_mlp1_0_sup100,True,barlow,psd,all-patient,True,7,1.0,0.1,32,0.03,0.02
multimodal_psd-fc-wpli_gated_cnn,13,sub20,sub01;sub05;sub07;sub08;sub09;sub10;sub11;sub13;sub14;sub15;sub16;sub17;sub18;sub24;sub27;sub28;sub29,sub22,69,0.0011465413263067603,0.08014608919620514,0.002,1e-05,1.0,1.0,False,False,multimodal,psd-fc-wpli,gated,cnn,True,finetune,segssl_barlow_all-patient_psd-fc-wpli_finetune_seed7_pre20_proj32_mask0_03_noise0_02_mlp1_0_sup100,True,barlow,psd,all-patient,True,7,1.0,0.1,32,0.03,0.02
multimodal_psd-fc-wpli_gated_cnn,13,sub20,sub01;sub05;sub07;sub08;sub09;sub10;sub11;sub13;sub14;sub15;sub16;sub17;sub18;sub24;sub27;sub28;sub29,sub22,70,0.0010822233743965626,0.0860700011253357,0.002,1e-05,1.0,1.0,False,False,multimodal,psd-fc-wpli,gated,cnn,True,finetune,segssl_barlow_all-patient_psd-fc-wpli_finetune_seed7_pre20_proj32_mask0_03_noise0_02_mlp1_0_sup100,True,barlow,psd,all-patient,True,7,1.0,0.1,32,0.03,0.02
multimodal_psd-fc-wpli_gated_cnn,13,sub20,sub01;sub05;sub07;sub08;sub09;sub10;sub11;sub13;sub14;sub15;sub16;sub17;sub18;sub24;sub27;sub28;sub29,sub22,71,0.0010252094361931086,0.09198588877916336,0.002,1e-05,1.0,1.0,False,False,multimodal,psd-fc-wpli,gated,cnn,True,finetune,segssl_barlow_all-patient_psd-fc-wpli_finetune_seed7_pre20_proj32_mask0_03_noise0_02_mlp1_0_sup100,True,barlow,psd,all-patient,True,7,1.0,0.1,32,0.03,0.02
multimodal_psd-fc-wpli_gated_cnn,13,sub20,sub01;sub05;sub07;sub08;sub09;sub10;sub11;sub13;sub14;sub15;sub16;sub17;sub18;sub24;sub27;sub28;sub29,sub22,72,0.0009743580012582242,0.09787914156913757,0.002,1e-05,1.0,1.0,False,False,multimodal,psd-fc-wpli,gated,cnn,True,finetune,segssl_barlow_all-patient_psd-fc-wpli_finetune_seed7_pre20_proj32_mask0_03_noise0_02_mlp1_0_sup100,True,barlow,psd,all-patient,True,7,1.0,0.1,32,0.03,0.02
multimodal_psd-fc-wpli_gated_cnn,13,sub20,sub01;sub05;sub07;sub08;sub09;sub10;sub11;sub13;sub14;sub15;sub16;sub17;sub18;sub24;sub27;sub28;sub29,sub22,73,0.0009288386791013181,0.10366926342248917,0.002,1e-05,1.0,1.0,False,False,multimodal,psd-fc-wpli,gated,cnn,True,finetune,segssl_barlow_all-patient_psd-fc-wpli_finetune_seed7_pre20_proj32_mask0_03_noise0_02_mlp1_0_sup100,True,barlow,psd,all-patient,True,7,1.0,0.1,32,0.03,0.02
multimodal_psd-fc-wpli_gated_cnn,13,sub20,sub01;sub05;sub07;sub08;sub09;sub10;sub11;sub13;sub14;sub15;sub16;sub17;sub18;sub24;sub27;sub28;sub29,sub22,74,0.0008879640372470021,0.10931383818387985,0.002,1e-05,1.0,1.0,False,False,multimodal,psd-fc-wpli,gated,cnn,True,finetune,segssl_barlow_all-patient_psd-fc-wpli_finetune_seed7_pre20_proj32_mask0_03_noise0_02_mlp1_0_sup100,True,barlow,psd,all-patient,True,7,1.0,0.1,32,0.03,0.02
multimodal_psd-fc-wpli_gated_cnn,13,sub20,sub01;sub05;sub07;sub08;sub09;sub10;sub11;sub13;sub14;sub15;sub16;sub17;sub18;sub24;sub27;sub28;sub29,sub22,75,0.0008511797059327364,0.11476373672485352,0.002,1e-05,1.0,1.0,False,False,multimodal,psd-fc-wpli,gated,cnn,True,finetune,segssl_barlow_all-patient_psd-fc-wpli_finetune_seed7_pre20_proj32_mask0_03_noise0_02_mlp1_0_sup100,True,barlow,psd,all-patient,True,7,1.0,0.1,32,0.03,0.02
multimodal_psd-fc-wpli_gated_cnn,13,sub20,sub01;sub05;sub07;sub08;sub09;sub10;sub11;sub13;sub14;sub15;sub16;sub17;sub18;sub24;sub27;sub28;sub29,sub22,76,0.0008179431315511465,0.11989212781190872,0.002,1e-05,1.0,1.0,False,False,multimodal,psd-fc-wpli,gated,cnn,True,finetune,segssl_barlow_all-patient_psd-fc-wpli_finetune_seed7_pre20_proj32_mask0_03_noise0_02_mlp1_0_sup100,True,barlow,psd,all-patient,True,7,1.0,0.1,32,0.03,0.02
multimodal_psd-fc-wpli_gated_cnn,13,sub20,sub01;sub05;sub07;sub08;sub09;sub10;sub11;sub13;sub14;sub15;sub16;sub17;sub18;sub24;sub27;sub28;sub29,sub22,77,0.0007877988391555846,0.12476053833961487,0.002,1e-05,1.0,1.0,False,False,multimodal,psd-fc-wpli,gated,cnn,True,finetune,segssl_barlow_all-patient_psd-fc-wpli_finetune_seed7_pre20_proj32_mask0_03_noise0_02_mlp1_0_sup100,True,barlow,psd,all-patient,True,7,1.0,0.1,32,0.03,0.02
multimodal_psd-fc-wpli_gated_cnn,13,sub20,sub01;sub05;sub07;sub08;sub09;sub10;sub11;sub13;sub14;sub15;sub16;sub17;sub18;sub24;sub27;sub28;sub29,sub22,78,0.0007603985723108053,0.12933538854122162,0.002,1e-05,1.0,1.0,False,False,multimodal,psd-fc-wpli,gated,cnn,True,finetune,segssl_barlow_all-patient_psd-fc-wpli_finetune_seed7_pre20_proj32_mask0_03_noise0_02_mlp1_0_sup100,True,barlow,psd,all-patient,True,7,1.0,0.1,32,0.03,0.02
multimodal_psd-fc-wpli_gated_cnn,13,sub20,sub01;sub05;sub07;sub08;sub09;sub10;sub11;sub13;sub14;sub15;sub16;sub17;sub18;sub24;sub27;sub28;sub29,sub22,79,0.000735333829652518,0.13354426622390747,0.002,1e-05,1.0,1.0,False,False,multimodal,psd-fc-wpli,gated,cnn,True,finetune,segssl_barlow_all-patient_psd-fc-wpli_finetune_seed7_pre20_proj32_mask0_03_noise0_02_mlp1_0_sup100,True,barlow,psd,all-patient,True,7,1.0,0.1,32,0.03,0.02
multimodal_psd-fc-wpli_gated_cnn,13,sub20,sub01;sub05;sub07;sub08;sub09;sub10;sub11;sub13;sub14;sub15;sub16;sub17;sub18;sub24;sub27;sub28;sub29,sub22,80,0.0007123801042325795,0.13739222288131714,0.002,1e-05,1.0,1.0,False,False,multimodal,psd-fc-wpli,gated,cnn,True,finetune,segssl_barlow_all-patient_psd-fc-wpli_finetune_seed7_pre20_proj32_mask0_03_noise0_02_mlp1_0_sup100,True,barlow,psd,all-patient,True,7,1.0,0.1,32,0.03,0.02
multimodal_psd-fc-wpli_gated_cnn,13,sub20,sub01;sub05;sub07;sub08;sub09;sub10;sub11;sub13;sub14;sub15;sub16;sub17;sub18;sub24;sub27;sub28;sub29,sub22,81,0.0006912500830367208,0.14086726307868958,0.002,1e-05,1.0,1.0,False,False,multimodal,psd-fc-wpli,gated,cnn,True,finetune,segssl_barlow_all-patient_psd-fc-wpli_finetune_seed7_pre20_proj32_mask0_03_noise0_02_mlp1_0_sup100,True,barlow,psd,all-patient,True,7,1.0,0.1,32,0.03,0.02
multimodal_psd-fc-wpli_gated_cnn,13,sub20,sub01;sub05;sub07;sub08;sub09;sub10;sub11;sub13;sub14;sub15;sub16;sub17;sub18;sub24;sub27;sub28;sub29,sub22,82,0.0006717663491144776,0.1440047323703766,0.002,1e-05,1.0,1.0,False,False,multimodal,psd-fc-wpli,gated,cnn,True,finetune,segssl_barlow_all-patient_psd-fc-wpli_finetune_seed7_pre20_proj32_mask0_03_noise0_02_mlp1_0_sup100,True,barlow,psd,all-patient,True,7,1.0,0.1,32,0.03,0.02
multimodal_psd-fc-wpli_gated_cnn,13,sub20,sub01;sub05;sub07;sub08;sub09;sub10;sub11;sub13;sub14;sub15;sub16;sub17;sub18;sub24;sub27;sub28;sub29,sub22,83,0.0006537447916343808,0.14692609012126923,0.002,1e-05,1.0,1.0,False,False,multimodal,psd-fc-wpli,gated,cnn,True,finetune,segssl_barlow_all-patient_psd-fc-wpli_finetune_seed7_pre20_proj32_mask0_03_noise0_02_mlp1_0_sup100,True,barlow,psd,all-patient,True,7,1.0,0.1,32,0.03,0.02
multimodal_psd-fc-wpli_gated_cnn,13,sub20,sub01;sub05;sub07;sub08;sub09;sub10;sub11;sub13;sub14;sub15;sub16;sub17;sub18;sub24;sub27;sub28;sub29,sub22,84,0.0006370590999722481,0.14964430034160614,0.002,1e-05,1.0,1.0,False,False,multimodal,psd-fc-wpli,gated,cnn,True,finetune,segssl_barlow_all-patient_psd-fc-wpli_finetune_seed7_pre20_proj32_mask0_03_noise0_02_mlp1_0_sup100,True,barlow,psd,all-patient,True,7,1.0,0.1,32,0.03,0.02
multimodal_psd-fc-wpli_gated_cnn,13,sub20,sub01;sub05;sub07;sub08;sub09;sub10;sub11;sub13;sub14;sub15;sub16;sub17;sub18;sub24;sub27;sub28;sub29,sub22,85,0.0006215618341229856,0.15214502811431885,0.002,1e-05,1.0,1.0,False,False,multimodal,psd-fc-wpli,gated,cnn,True,finetune,segssl_barlow_all-patient_psd-fc-wpli_finetune_seed7_pre20_proj32_mask0_03_noise0_02_mlp1_0_sup100,True,barlow,psd,all-patient,True,7,1.0,0.1,32,0.03,0.02
multimodal_psd-fc-wpli_gated_cnn,13,sub20,sub01;sub05;sub07;sub08;sub09;sub10;sub11;sub13;sub14;sub15;sub16;sub17;sub18;sub24;sub27;sub28;sub29,sub22,86,0.0006071695825085044,0.15447846055030823,0.002,1e-05,1.0,1.0,False,False,multimodal,psd-fc-wpli,gated,cnn,True,finetune,segssl_barlow_all-patient_psd-fc-wpli_finetune_seed7_pre20_proj32_mask0_03_noise0_02_mlp1_0_sup100,True,barlow,psd,all-patient,True,7,1.0,0.1,32,0.03,0.02
multimodal_psd-fc-wpli_gated_cnn,13,sub20,sub01;sub05;sub07;sub08;sub09;sub10;sub11;sub13;sub14;sub15;sub16;sub17;sub18;sub24;sub27;sub28;sub29,sub22,87,0.0005937067326158285,0.15667107701301575,0.002,1e-05,1.0,1.0,False,False,multimodal,psd-fc-wpli,gated,cnn,True,finetune,segssl_barlow_all-patient_psd-fc-wpli_finetune_seed7_pre20_proj32_mask0_03_noise0_02_mlp1_0_sup100,True,barlow,psd,all-patient,True,7,1.0,0.1,32,0.03,0.02
multimodal_psd-fc-wpli_gated_cnn,13,sub20,sub01;sub05;sub07;sub08;sub09;sub10;sub11;sub13;sub14;sub15;sub16;sub17;sub18;sub24;sub27;sub28;sub29,sub22,88,0.0005811043083667755,0.15873011946678162,0.002,1e-05,1.0,1.0,False,False,multimodal,psd-fc-wpli,gated,cnn,True,finetune,segssl_barlow_all-patient_psd-fc-wpli_finetune_seed7_pre20_proj32_mask0_03_noise0_02_mlp1_0_sup100,True,barlow,psd,all-patient,True,7,1.0,0.1,32,0.03,0.02
multimodal_psd-fc-wpli_gated_cnn,13,sub20,sub01;sub05;sub07;sub08;sub09;sub10;sub11;sub13;sub14;sub15;sub16;sub17;sub18;sub24;sub27;sub28;sub29,sub22,89,0.0005692773847840726,0.16070765256881714,0.002,1e-05,1.0,1.0,False,False,multimodal,psd-fc-wpli,gated,cnn,True,finetune,segssl_barlow_all-patient_psd-fc-wpli_finetune_seed7_pre20_proj32_mask0_03_noise0_02_mlp1_0_sup100,True,barlow,psd,all-patient,True,7,1.0,0.1,32,0.03,0.02
multimodal_psd-fc-wpli_gated_cnn,13,sub20,sub01;sub05;sub07;sub08;sub09;sub10;sub11;sub13;sub14;sub15;sub16;sub17;sub18;sub24;sub27;sub28;sub29,sub22,90,0.0005581527948379517,0.16259890794754028,0.002,1e-05,1.0,1.0,False,False,multimodal,psd-fc-wpli,gated,cnn,True,finetune,segssl_barlow_all-patient_psd-fc-wpli_finetune_seed7_pre20_proj32_mask0_03_noise0_02_mlp1_0_sup100,True,barlow,psd,all-patient,True,7,1.0,0.1,32,0.03,0.02
multimodal_psd-fc-wpli_gated_cnn,13,sub20,sub01;sub05;sub07;sub08;sub09;sub10;sub11;sub13;sub14;sub15;sub16;sub17;sub18;sub24;sub27;sub28;sub29,sub22,91,0.0005476581281982362,0.1643955409526825,0.002,1e-05,1.0,1.0,False,False,multimodal,psd-fc-wpli,gated,cnn,True,finetune,segssl_barlow_all-patient_psd-fc-wpli_finetune_seed7_pre20_proj32_mask0_03_noise0_02_mlp1_0_sup100,True,barlow,psd,all-patient,True,7,1.0,0.1,32,0.03,0.02
multimodal_psd-fc-wpli_gated_cnn,13,sub20,sub01;sub05;sub07;sub08;sub09;sub10;sub11;sub13;sub14;sub15;sub16;sub17;sub18;sub24;sub27;sub28;sub29,sub22,92,0.0005377460620366037,0.16605958342552185,0.002,1e-05,1.0,1.0,False,False,multimodal,psd-fc-wpli,gated,cnn,True,finetune,segssl_barlow_all-patient_psd-fc-wpli_finetune_seed7_pre20_proj32_mask0_03_noise0_02_mlp1_0_sup100,True,barlow,psd,all-patient,True,7,1.0,0.1,32,0.03,0.02
multimodal_psd-fc-wpli_gated_cnn,13,sub20,sub01;sub05;sub07;sub08;sub09;sub10;sub11;sub13;sub14;sub15;sub16;sub17;sub18;sub24;sub27;sub28;sub29,sub22,93,0.0005283872596919537,0.1676277071237564,0.002,1e-05,1.0,1.0,False,False,multimodal,psd-fc-wpli,gated,cnn,True,finetune,segssl_barlow_all-patient_psd-fc-wpli_finetune_seed7_pre20_proj32_mask0_03_noise0_02_mlp1_0_sup100,True,barlow,psd,all-patient,True,7,1.0,0.1,32,0.03,0.02
multimodal_psd-fc-wpli_gated_cnn,13,sub20,sub01;sub05;sub07;sub08;sub09;sub10;sub11;sub13;sub14;sub15;sub16;sub17;sub18;sub24;sub27;sub28;sub29,sub22,94,0.000519490975420922,0.16909311711788177,0.002,1e-05,1.0,1.0,False,False,multimodal,psd-fc-wpli,gated,cnn,True,finetune,segssl_barlow_all-patient_psd-fc-wpli_finetune_seed7_pre20_proj32_mask0_03_noise0_02_mlp1_0_sup100,True,barlow,psd,all-patient,True,7,1.0,0.1,32,0.03,0.02
multimodal_psd-fc-wpli_gated_cnn,13,sub20,sub01;sub05;sub07;sub08;sub09;sub10;sub11;sub13;sub14;sub15;sub16;sub17;sub18;sub24;sub27;sub28;sub29,sub22,95,0.0005110568017698824,0.17052766680717468,0.002,1e-05,1.0,1.0,False,False,multimodal,psd-fc-wpli,gated,cnn,True,finetune,segssl_barlow_all-patient_psd-fc-wpli_finetune_seed7_pre20_proj32_mask0_03_noise0_02_mlp1_0_sup100,True,barlow,psd,all-patient,True,7,1.0,0.1,32,0.03,0.02
multimodal_psd-fc-wpli_gated_cnn,13,sub20,sub01;sub05;sub07;sub08;sub09;sub10;sub11;sub13;sub14;sub15;sub16;sub17;sub18;sub24;sub27;sub28;sub29,sub22,96,0.0005030306638218462,0.17193490266799927,0.002,1e-05,1.0,1.0,False,False,multimodal,psd-fc-wpli,gated,cnn,True,finetune,segssl_barlow_all-patient_psd-fc-wpli_finetune_seed7_pre20_proj32_mask0_03_noise0_02_mlp1_0_sup100,True,barlow,psd,all-patient,True,7,1.0,0.1,32,0.03,0.02
multimodal_psd-fc-wpli_gated_cnn,13,sub20,sub01;sub05;sub07;sub08;sub09;sub10;sub11;sub13;sub14;sub15;sub16;sub17;sub18;sub24;sub27;sub28;sub29,sub22,97,0.0004953775787726045,0.17329294979572296,0.002,1e-05,1.0,1.0,False,False,multimodal,psd-fc-wpli,gated,cnn,True,finetune,segssl_barlow_all-patient_psd-fc-wpli_finetune_seed7_pre20_proj32_mask0_03_noise0_02_mlp1_0_sup100,True,barlow,psd,all-patient,True,7,1.0,0.1,32,0.03,0.02
multimodal_psd-fc-wpli_gated_cnn,13,sub20,sub01;sub05;sub07;sub08;sub09;sub10;sub11;sub13;sub14;sub15;sub16;sub17;sub18;sub24;sub27;sub28;sub29,sub22,98,0.00048804612015374005,0.17458575963974,0.002,1e-05,1.0,1.0,False,False,multimodal,psd-fc-wpli,gated,cnn,True,finetune,segssl_barlow_all-patient_psd-fc-wpli_finetune_seed7_pre20_proj32_mask0_03_noise0_02_mlp1_0_sup100,True,barlow,psd,all-patient,True,7,1.0,0.1,32,0.03,0.02
multimodal_psd-fc-wpli_gated_cnn,13,sub20,sub01;sub05;sub07;sub08;sub09;sub10;sub11;sub13;sub14;sub15;sub16;sub17;sub18;sub24;sub27;sub28;sub29,sub22,99,0.0004810235113836825,0.1757924109697342,0.002,1e-05,1.0,1.0,False,False,multimodal,psd-fc-wpli,gated,cnn,True,finetune,segssl_barlow_all-patient_psd-fc-wpli_finetune_seed7_pre20_proj32_mask0_03_noise0_02_mlp1_0_sup100,True,barlow,psd,all-patient,True,7,1.0,0.1,32,0.03,0.02
multimodal_psd-fc-wpli_gated_cnn,13,sub20,sub01;sub05;sub07;sub08;sub09;sub10;sub11;sub13;sub14;sub15;sub16;sub17;sub18;sub24;sub27;sub28;sub29,sub22,100,0.00047424944932572544,0.17692995071411133,0.002,1e-05,1.0,1.0,False,False,multimodal,psd-fc-wpli,gated,cnn,True,finetune,segssl_barlow_all-patient_psd-fc-wpli_finetune_seed7_pre20_proj32_mask0_03_noise0_02_mlp1_0_sup100,True,barlow,psd,all-patient,True,7,1.0,0.1,32,0.03,0.02
multimodal_psd-fc-wpli_gated_cnn,14,sub22,sub01;sub05;sub07;sub08;sub09;sub10;sub11;sub13;sub14;sub15;sub16;sub17;sub18;sub20;sub27;sub28;sub29,sub24,1,0.6902979612350464,0.7070361971855164,0.002,1e-05,1.0,1.0,True,False,multimodal,psd-fc-wpli,gated,cnn,True,finetune,segssl_barlow_all-patient_psd-fc-wpli_finetune_seed7_pre20_proj32_mask0_03_noise0_02_mlp1_0_sup100,True,barlow,psd,all-patient,True,7,1.0,0.1,32,0.03,0.02
multimodal_psd-fc-wpli_gated_cnn,14,sub22,sub01;sub05;sub07;sub08;sub09;sub10;sub11;sub13;sub14;sub15;sub16;sub17;sub18;sub20;sub27;sub28;sub29,sub24,2,0.6842080354690552,0.7153170704841614,0.002,1e-05,1.0,1.0,False,False,multimodal,psd-fc-wpli,gated,cnn,True,finetune,segssl_barlow_all-patient_psd-fc-wpli_finetune_seed7_pre20_proj32_mask0_03_noise0_02_mlp1_0_sup100,True,barlow,psd,all-patient,True,7,1.0,0.1,32,0.03,0.02
multimodal_psd-fc-wpli_gated_cnn,14,sub22,sub01;sub05;sub07;sub08;sub09;sub10;sub11;sub13;sub14;sub15;sub16;sub17;sub18;sub20;sub27;sub28;sub29,sub24,3,0.6789155006408691,0.7292665839195251,0.002,1e-05,1.0,1.0,False,False,multimodal,psd-fc-wpli,gated,cnn,True,finetune,segssl_barlow_all-patient_psd-fc-wpli_finetune_seed7_pre20_proj32_mask0_03_noise0_02_mlp1_0_sup100,True,barlow,psd,all-patient,True,7,1.0,0.1,32,0.03,0.02
multimodal_psd-fc-wpli_gated_cnn,14,sub22,sub01;sub05;sub07;sub08;sub09;sub10;sub11;sub13;sub14;sub15;sub16;sub17;sub18;sub20;sub27;sub28;sub29,sub24,4,0.6736525297164917,0.744791567325592,0.002,1e-05,1.0,1.0,False,False,multimodal,psd-fc-wpli,gated,cnn,True,finetune,segssl_barlow_all-patient_psd-fc-wpli_finetune_seed7_pre20_proj32_mask0_03_noise0_02_mlp1_0_sup100,True,barlow,psd,all-patient,True,7,1.0,0.1,32,0.03,0.02
multimodal_psd-fc-wpli_gated_cnn,14,sub22,sub01;sub05;sub07;sub08;sub09;sub10;sub11;sub13;sub14;sub15;sub16;sub17;sub18;sub20;sub27;sub28;sub29,sub24,5,0.6681771278381348,0.7589837908744812,0.002,1e-05,1.0,1.0,False,False,multimodal,psd-fc-wpli,gated,cnn,True,finetune,segssl_barlow_all-patient_psd-fc-wpli_finetune_seed7_pre20_proj32_mask0_03_noise0_02_mlp1_0_sup100,True,barlow,psd,all-patient,True,7,1.0,0.1,32,0.03,0.02
multimodal_psd-fc-wpli_gated_cnn,14,sub22,sub01;sub05;sub07;sub08;sub09;sub10;sub11;sub13;sub14;sub15;sub16;sub17;sub18;sub20;sub27;sub28;sub29,sub24,6,0.6621820330619812,0.7714196443557739,0.002,1e-05,1.0,1.0,False,False,multimodal,psd-fc-wpli,gated,cnn,True,finetune,segssl_barlow_all-patient_psd-fc-wpli_finetune_seed7_pre20_proj32_mask0_03_noise0_02_mlp1_0_sup100,True,barlow,psd,all-patient,True,7,1.0,0.1,32,0.03,0.02
multimodal_psd-fc-wpli_gated_cnn,14,sub22,sub01;sub05;sub07;sub08;sub09;sub10;sub11;sub13;sub14;sub15;sub16;sub17;sub18;sub20;sub27;sub28;sub29,sub24,7,0.6556444764137268,0.7823953032493591,0.002,1e-05,1.0,1.0,False,False,multimodal,psd-fc-wpli,gated,cnn,True,finetune,segssl_barlow_all-patient_psd-fc-wpli_finetune_seed7_pre20_proj32_mask0_03_noise0_02_mlp1_0_sup100,True,barlow,psd,all-patient,True,7,1.0,0.1,32,0.03,0.02
multimodal_psd-fc-wpli_gated_cnn,14,sub22,sub01;sub05;sub07;sub08;sub09;sub10;sub11;sub13;sub14;sub15;sub16;sub17;sub18;sub20;sub27;sub28;sub29,sub24,8,0.6481224298477173,0.7899194955825806,0.002,1e-05,1.0,1.0,False,False,multimodal,psd-fc-wpli,gated,cnn,True,finetune,segssl_barlow_all-patient_psd-fc-wpli_finetune_seed7_pre20_proj32_mask0_03_noise0_02_mlp1_0_sup100,True,barlow,psd,all-patient,True,7,1.0,0.1,32,0.03,0.02
multimodal_psd-fc-wpli_gated_cnn,14,sub22,sub01;sub05;sub07;sub08;sub09;sub10;sub11;sub13;sub14;sub15;sub16;sub17;sub18;sub20;sub27;sub28;sub29,sub24,9,0.639837920665741,0.7943203449249268,0.002,1e-05,1.0,1.0,False,False,multimodal,psd-fc-wpli,gated,cnn,True,finetune,segssl_barlow_all-patient_psd-fc-wpli_finetune_seed7_pre20_proj32_mask0_03_noise0_02_mlp1_0_sup100,True,barlow,psd,all-patient,True,7,1.0,0.1,32,0.03,0.02
multimodal_psd-fc-wpli_gated_cnn,14,sub22,sub01;sub05;sub07;sub08;sub09;sub10;sub11;sub13;sub14;sub15;sub16;sub17;sub18;sub20;sub27;sub28;sub29,sub24,10,0.6306341886520386,0.7953890562057495,0.002,1e-05,1.0,1.0,False,False,multimodal,psd-fc-wpli,gated,cnn,True,finetune,segssl_barlow_all-patient_psd-fc-wpli_finetune_seed7_pre20_proj32_mask0_03_noise0_02_mlp1_0_sup100,True,barlow,psd,all-patient,True,7,1.0,0.1,32,0.03,0.02
multimodal_psd-fc-wpli_gated_cnn,14,sub22,sub01;sub05;sub07;sub08;sub09;sub10;sub11;sub13;sub14;sub15;sub16;sub17;sub18;sub20;sub27;sub28;sub29,sub24,11,0.6205353736877441,0.7903754711151123,0.002,1e-05,1.0,1.0,False,False,multimodal,psd-fc-wpli,gated,cnn,True,finetune,segssl_barlow_all-patient_psd-fc-wpli_finetune_seed7_pre20_proj32_mask0_03_noise0_02_mlp1_0_sup100,True,barlow,psd,all-patient,True,7,1.0,0.1,32,0.03,0.02
multimodal_psd-fc-wpli_gated_cnn,14,sub22,sub01;sub05;sub07;sub08;sub09;sub10;sub11;sub13;sub14;sub15;sub16;sub17;sub18;sub20;sub27;sub28;sub29,sub24,12,0.6095333099365234,0.7787303924560547,0.002,1e-05,1.0,1.0,False,False,multimodal,psd-fc-wpli,gated,cnn,True,finetune,segssl_barlow_all-patient_psd-fc-wpli_finetune_seed7_pre20_proj32_mask0_03_noise0_02_mlp1_0_sup100,True,barlow,psd,all-patient,True,7,1.0,0.1,32,0.03,0.02
multimodal_psd-fc-wpli_gated_cnn,14,sub22,sub01;sub05;sub07;sub08;sub09;sub10;sub11;sub13;sub14;sub15;sub16;sub17;sub18;sub20;sub27;sub28;sub29,sub24,13,0.5974961519241333,0.7588302493095398,0.002,1e-05,1.0,1.0,False,False,multimodal,psd-fc-wpli,gated,cnn,True,finetune,segssl_barlow_all-patient_psd-fc-wpli_finetune_seed7_pre20_proj32_mask0_03_noise0_02_mlp1_0_sup100,True,barlow,psd,all-patient,True,7,1.0,0.1,32,0.03,0.02
multimodal_psd-fc-wpli_gated_cnn,14,sub22,sub01;sub05;sub07;sub08;sub09;sub10;sub11;sub13;sub14;sub15;sub16;sub17;sub18;sub20;sub27;sub28;sub29,sub24,14,0.5845319032669067,0.7354445457458496,0.002,1e-05,1.0,1.0,False,False,multimodal,psd-fc-wpli,gated,cnn,True,finetune,segssl_barlow_all-patient_psd-fc-wpli_finetune_seed7_pre20_proj32_mask0_03_noise0_02_mlp1_0_sup100,True,barlow,psd,all-patient,True,7,1.0,0.1,32,0.03,0.02
multimodal_psd-fc-wpli_gated_cnn,14,sub22,sub01;sub05;sub07;sub08;sub09;sub10;sub11;sub13;sub14;sub15;sub16;sub17;sub18;sub20;sub27;sub28;sub29,sub24,15,0.5706809759140015,0.7132049798965454,0.002,1e-05,1.0,1.0,False,False,multimodal,psd-fc-wpli,gated,cnn,True,finetune,segssl_barlow_all-patient_psd-fc-wpli_finetune_seed7_pre20_proj32_mask0_03_noise0_02_mlp1_0_sup100,True,barlow,psd,all-patient,True,7,1.0,0.1,32,0.03,0.02
multimodal_psd-fc-wpli_gated_cnn,14,sub22,sub01;sub05;sub07;sub08;sub09;sub10;sub11;sub13;sub14;sub15;sub16;sub17;sub18;sub20;sub27;sub28;sub29,sub24,16,0.5557990670204163,0.692670464515686,0.002,1e-05,1.0,1.0,True,False,multimodal,psd-fc-wpli,gated,cnn,True,finetune,segssl_barlow_all-patient_psd-fc-wpli_finetune_seed7_pre20_proj32_mask0_03_noise0_02_mlp1_0_sup100,True,barlow,psd,all-patient,True,7,1.0,0.1,32,0.03,0.02
multimodal_psd-fc-wpli_gated_cnn,14,sub22,sub01;sub05;sub07;sub08;sub09;sub10;sub11;sub13;sub14;sub15;sub16;sub17;sub18;sub20;sub27;sub28;sub29,sub24,17,0.5395102500915527,0.6725720167160034,0.002,1e-05,1.0,1.0,True,False,multimodal,psd-fc-wpli,gated,cnn,True,finetune,segssl_barlow_all-patient_psd-fc-wpli_finetune_seed7_pre20_proj32_mask0_03_noise0_02_mlp1_0_sup100,True,barlow,psd,all-patient,True,7,1.0,0.1,32,0.03,0.02
multimodal_psd-fc-wpli_gated_cnn,14,sub22,sub01;sub05;sub07;sub08;sub09;sub10;sub11;sub13;sub14;sub15;sub16;sub17;sub18;sub20;sub27;sub28;sub29,sub24,18,0.521853506565094,0.6541042327880859,0.002,1e-05,1.0,1.0,True,False,multimodal,psd-fc-wpli,gated,cnn,True,finetune,segssl_barlow_all-patient_psd-fc-wpli_finetune_seed7_pre20_proj32_mask0_03_noise0_02_mlp1_0_sup100,True,barlow,psd,all-patient,True,7,1.0,0.1,32,0.03,0.02
multimodal_psd-fc-wpli_gated_cnn,14,sub22,sub01;sub05;sub07;sub08;sub09;sub10;sub11;sub13;sub14;sub15;sub16;sub17;sub18;sub20;sub27;sub28;sub29,sub24,19,0.5028093457221985,0.6365143060684204,0.002,1e-05,1.0,1.0,True,False,multimodal,psd-fc-wpli,gated,cnn,True,finetune,segssl_barlow_all-patient_psd-fc-wpli_finetune_seed7_pre20_proj32_mask0_03_noise0_02_mlp1_0_sup100,True,barlow,psd,all-patient,True,7,1.0,0.1,32,0.03,0.02
multimodal_psd-fc-wpli_gated_cnn,14,sub22,sub01;sub05;sub07;sub08;sub09;sub10;sub11;sub13;sub14;sub15;sub16;sub17;sub18;sub20;sub27;sub28;sub29,sub24,20,0.4826563596725464,0.6196302771568298,0.002,1e-05,1.0,1.0,True,False,multimodal,psd-fc-wpli,gated,cnn,True,finetune,segssl_barlow_all-patient_psd-fc-wpli_finetune_seed7_pre20_proj32_mask0_03_noise0_02_mlp1_0_sup100,True,barlow,psd,all-patient,True,7,1.0,0.1,32,0.03,0.02
multimodal_psd-fc-wpli_gated_cnn,14,sub22,sub01;sub05;sub07;sub08;sub09;sub10;sub11;sub13;sub14;sub15;sub16;sub17;sub18;sub20;sub27;sub28;sub29,sub24,21,0.46108973026275635,0.6019170880317688,0.002,1e-05,1.0,1.0,True,False,multimodal,psd-fc-wpli,gated,cnn,True,finetune,segssl_barlow_all-patient_psd-fc-wpli_finetune_seed7_pre20_proj32_mask0_03_noise0_02_mlp1_0_sup100,True,barlow,psd,all-patient,True,7,1.0,0.1,32,0.03,0.02
multimodal_psd-fc-wpli_gated_cnn,14,sub22,sub01;sub05;sub07;sub08;sub09;sub10;sub11;sub13;sub14;sub15;sub16;sub17;sub18;sub20;sub27;sub28;sub29,sub24,22,0.43826520442962646,0.581186056137085,0.002,1e-05,1.0,1.0,True,False,multimodal,psd-fc-wpli,gated,cnn,True,finetune,segssl_barlow_all-patient_psd-fc-wpli_finetune_seed7_pre20_proj32_mask0_03_noise0_02_mlp1_0_sup100,True,barlow,psd,all-patient,True,7,1.0,0.1,32,0.03,0.02
multimodal_psd-fc-wpli_gated_cnn,14,sub22,sub01;sub05;sub07;sub08;sub09;sub10;sub11;sub13;sub14;sub15;sub16;sub17;sub18;sub20;sub27;sub28;sub29,sub24,23,0.41458186507225037,0.5589417219161987,0.002,1e-05,1.0,1.0,True,False,multimodal,psd-fc-wpli,gated,cnn,True,finetune,segssl_barlow_all-patient_psd-fc-wpli_finetune_seed7_pre20_proj32_mask0_03_noise0_02_mlp1_0_sup100,True,barlow,psd,all-patient,True,7,1.0,0.1,32,0.03,0.02
multimodal_psd-fc-wpli_gated_cnn,14,sub22,sub01;sub05;sub07;sub08;sub09;sub10;sub11;sub13;sub14;sub15;sub16;sub17;sub18;sub20;sub27;sub28;sub29,sub24,24,0.3900292217731476,0.5357191562652588,0.002,1e-05,1.0,1.0,True,False,multimodal,psd-fc-wpli,gated,cnn,True,finetune,segssl_barlow_all-patient_psd-fc-wpli_finetune_seed7_pre20_proj32_mask0_03_noise0_02_mlp1_0_sup100,True,barlow,psd,all-patient,True,7,1.0,0.1,32,0.03,0.02
multimodal_psd-fc-wpli_gated_cnn,14,sub22,sub01;sub05;sub07;sub08;sub09;sub10;sub11;sub13;sub14;sub15;sub16;sub17;sub18;sub20;sub27;sub28;sub29,sub24,25,0.3646842837333679,0.5092907547950745,0.002,1e-05,1.0,1.0,True,False,multimodal,psd-fc-wpli,gated,cnn,True,finetune,segssl_barlow_all-patient_psd-fc-wpli_finetune_seed7_pre20_proj32_mask0_03_noise0_02_mlp1_0_sup100,True,barlow,psd,all-patient,True,7,1.0,0.1,32,0.03,0.02
multimodal_psd-fc-wpli_gated_cnn,14,sub22,sub01;sub05;sub07;sub08;sub09;sub10;sub11;sub13;sub14;sub15;sub16;sub17;sub18;sub20;sub27;sub28;sub29,sub24,26,0.33871427178382874,0.4799179434776306,0.002,1e-05,1.0,1.0,True,False,multimodal,psd-fc-wpli,gated,cnn,True,finetune,segssl_barlow_all-patient_psd-fc-wpli_finetune_seed7_pre20_proj32_mask0_03_noise0_02_mlp1_0_sup100,True,barlow,psd,all-patient,True,7,1.0,0.1,32,0.03,0.02
multimodal_psd-fc-wpli_gated_cnn,14,sub22,sub01;sub05;sub07;sub08;sub09;sub10;sub11;sub13;sub14;sub15;sub16;sub17;sub18;sub20;sub27;sub28;sub29,sub24,27,0.3125450015068054,0.4483122229576111,0.002,1e-05,1.0,1.0,True,False,multimodal,psd-fc-wpli,gated,cnn,True,finetune,segssl_barlow_all-patient_psd-fc-wpli_finetune_seed7_pre20_proj32_mask0_03_noise0_02_mlp1_0_sup100,True,barlow,psd,all-patient,True,7,1.0,0.1,32,0.03,0.02
multimodal_psd-fc-wpli_gated_cnn,14,sub22,sub01;sub05;sub07;sub08;sub09;sub10;sub11;sub13;sub14;sub15;sub16;sub17;sub18;sub20;sub27;sub28;sub29,sub24,28,0.28661048412323,0.4135816991329193,0.002,1e-05,1.0,1.0,True,False,multimodal,psd-fc-wpli,gated,cnn,True,finetune,segssl_barlow_all-patient_psd-fc-wpli_finetune_seed7_pre20_proj32_mask0_03_noise0_02_mlp1_0_sup100,True,barlow,psd,all-patient,True,7,1.0,0.1,32,0.03,0.02
multimodal_psd-fc-wpli_gated_cnn,14,sub22,sub01;sub05;sub07;sub08;sub09;sub10;sub11;sub13;sub14;sub15;sub16;sub17;sub18;sub20;sub27;sub28;sub29,sub24,29,0.2610568404197693,0.3762710690498352,0.002,1e-05,1.0,1.0,True,False,multimodal,psd-fc-wpli,gated,cnn,True,finetune,segssl_barlow_all-patient_psd-fc-wpli_finetune_seed7_pre20_proj32_mask0_03_noise0_02_mlp1_0_sup100,True,barlow,psd,all-patient,True,7,1.0,0.1,32,0.03,0.02
multimodal_psd-fc-wpli_gated_cnn,14,sub22,sub01;sub05;sub07;sub08;sub09;sub10;sub11;sub13;sub14;sub15;sub16;sub17;sub18;sub20;sub27;sub28;sub29,sub24,30,0.23600780963897705,0.33713477849960327,0.002,1e-05,1.0,1.0,True,False,multimodal,psd-fc-wpli,gated,cnn,True,finetune,segssl_barlow_all-patient_psd-fc-wpli_finetune_seed7_pre20_proj32_mask0_03_noise0_02_mlp1_0_sup100,True,barlow,psd,all-patient,True,7,1.0,0.1,32,0.03,0.02
multimodal_psd-fc-wpli_gated_cnn,14,sub22,sub01;sub05;sub07;sub08;sub09;sub10;sub11;sub13;sub14;sub15;sub16;sub17;sub18;sub20;sub27;sub28;sub29,sub24,31,0.21179966628551483,0.2961408495903015,0.002,1e-05,1.0,1.0,True,False,multimodal,psd-fc-wpli,gated,cnn,True,finetune,segssl_barlow_all-patient_psd-fc-wpli_finetune_seed7_pre20_proj32_mask0_03_noise0_02_mlp1_0_sup100,True,barlow,psd,all-patient,True,7,1.0,0.1,32,0.03,0.02
multimodal_psd-fc-wpli_gated_cnn,14,sub22,sub01;sub05;sub07;sub08;sub09;sub10;sub11;sub13;sub14;sub15;sub16;sub17;sub18;sub20;sub27;sub28;sub29,sub24,32,0.18869410455226898,0.25453031063079834,0.002,1e-05,1.0,1.0,True,False,multimodal,psd-fc-wpli,gated,cnn,True,finetune,segssl_barlow_all-patient_psd-fc-wpli_finetune_seed7_pre20_proj32_mask0_03_noise0_02_mlp1_0_sup100,True,barlow,psd,all-patient,True,7,1.0,0.1,32,0.03,0.02
multimodal_psd-fc-wpli_gated_cnn,14,sub22,sub01;sub05;sub07;sub08;sub09;sub10;sub11;sub13;sub14;sub15;sub16;sub17;sub18;sub20;sub27;sub28;sub29,sub24,33,0.1669110208749771,0.2143539935350418,0.002,1e-05,1.0,1.0,True,False,multimodal,psd-fc-wpli,gated,cnn,True,finetune,segssl_barlow_all-patient_psd-fc-wpli_finetune_seed7_pre20_proj32_mask0_03_noise0_02_mlp1_0_sup100,True,barlow,psd,all-patient,True,7,1.0,0.1,32,0.03,0.02
multimodal_psd-fc-wpli_gated_cnn,14,sub22,sub01;sub05;sub07;sub08;sub09;sub10;sub11;sub13;sub14;sub15;sub16;sub17;sub18;sub20;sub27;sub28;sub29,sub24,34,0.1467377096414566,0.1769946962594986,0.002,1e-05,1.0,1.0,True,False,multimodal,psd-fc-wpli,gated,cnn,True,finetune,segssl_barlow_all-patient_psd-fc-wpli_finetune_seed7_pre20_proj32_mask0_03_noise0_02_mlp1_0_sup100,True,barlow,psd,all-patient,True,7,1.0,0.1,32,0.03,0.02
multimodal_psd-fc-wpli_gated_cnn,14,sub22,sub01;sub05;sub07;sub08;sub09;sub10;sub11;sub13;sub14;sub15;sub16;sub17;sub18;sub20;sub27;sub28;sub29,sub24,35,0.12800979614257812,0.1440127044916153,0.002,1e-05,1.0,1.0,True,False,multimodal,psd-fc-wpli,gated,cnn,True,finetune,segssl_barlow_all-patient_psd-fc-wpli_finetune_seed7_pre20_proj32_mask0_03_noise0_02_mlp1_0_sup100,True,barlow,psd,all-patient,True,7,1.0,0.1,32,0.03,0.02
multimodal_psd-fc-wpli_gated_cnn,14,sub22,sub01;sub05;sub07;sub08;sub09;sub10;sub11;sub13;sub14;sub15;sub16;sub17;sub18;sub20;sub27;sub28;sub29,sub24,36,0.11091765016317368,0.11710332334041595,0.002,1e-05,1.0,1.0,True,False,multimodal,psd-fc-wpli,gated,cnn,True,finetune,segssl_barlow_all-patient_psd-fc-wpli_finetune_seed7_pre20_proj32_mask0_03_noise0_02_mlp1_0_sup100,True,barlow,psd,all-patient,True,7,1.0,0.1,32,0.03,0.02
multimodal_psd-fc-wpli_gated_cnn,14,sub22,sub01;sub05;sub07;sub08;sub09;sub10;sub11;sub13;sub14;sub15;sub16;sub17;sub18;sub20;sub27;sub28;sub29,sub24,37,0.0959397628903389,0.09702365100383759,0.002,1e-05,1.0,1.0,True,False,multimodal,psd-fc-wpli,gated,cnn,True,finetune,segssl_barlow_all-patient_psd-fc-wpli_finetune_seed7_pre20_proj32_mask0_03_noise0_02_mlp1_0_sup100,True,barlow,psd,all-patient,True,7,1.0,0.1,32,0.03,0.02
multimodal_psd-fc-wpli_gated_cnn,14,sub22,sub01;sub05;sub07;sub08;sub09;sub10;sub11;sub13;sub14;sub15;sub16;sub17;sub18;sub20;sub27;sub28;sub29,sub24,38,0.08263526856899261,0.08222325891256332,0.002,1e-05,1.0,1.0,True,False,multimodal,psd-fc-wpli,gated,cnn,True,finetune,segssl_barlow_all-patient_psd-fc-wpli_finetune_seed7_pre20_proj32_mask0_03_noise0_02_mlp1_0_sup100,True,barlow,psd,all-patient,True,7,1.0,0.1,32,0.03,0.02
multimodal_psd-fc-wpli_gated_cnn,14,sub22,sub01;sub05;sub07;sub08;sub09;sub10;sub11;sub13;sub14;sub15;sub16;sub17;sub18;sub20;sub27;sub28;sub29,sub24,39,0.0708039179444313,0.07085401564836502,0.002,1e-05,1.0,1.0,True,False,multimodal,psd-fc-wpli,gated,cnn,True,finetune,segssl_barlow_all-patient_psd-fc-wpli_finetune_seed7_pre20_proj32_mask0_03_noise0_02_mlp1_0_sup100,True,barlow,psd,all-patient,True,7,1.0,0.1,32,0.03,0.02
multimodal_psd-fc-wpli_gated_cnn,14,sub22,sub01;sub05;sub07;sub08;sub09;sub10;sub11;sub13;sub14;sub15;sub16;sub17;sub18;sub20;sub27;sub28;sub29,sub24,40,0.060400333255529404,0.061551641672849655,0.002,1e-05,1.0,1.0,True,False,multimodal,psd-fc-wpli,gated,cnn,True,finetune,segssl_barlow_all-patient_psd-fc-wpli_finetune_seed7_pre20_proj32_mask0_03_noise0_02_mlp1_0_sup100,True,barlow,psd,all-patient,True,7,1.0,0.1,32,0.03,0.02
multimodal_psd-fc-wpli_gated_cnn,14,sub22,sub01;sub05;sub07;sub08;sub09;sub10;sub11;sub13;sub14;sub15;sub16;sub17;sub18;sub20;sub27;sub28;sub29,sub24,41,0.051326196640729904,0.05394881218671799,0.002,1e-05,1.0,1.0,True,False,multimodal,psd-fc-wpli,gated,cnn,True,finetune,segssl_barlow_all-patient_psd-fc-wpli_finetune_seed7_pre20_proj32_mask0_03_noise0_02_mlp1_0_sup100,True,barlow,psd,all-patient,True,7,1.0,0.1,32,0.03,0.02
multimodal_psd-fc-wpli_gated_cnn,14,sub22,sub01;sub05;sub07;sub08;sub09;sub10;sub11;sub13;sub14;sub15;sub16;sub17;sub18;sub20;sub27;sub28;sub29,sub24,42,0.04346466064453125,0.047661781311035156,0.002,1e-05,1.0,1.0,True,False,multimodal,psd-fc-wpli,gated,cnn,True,finetune,segssl_barlow_all-patient_psd-fc-wpli_finetune_seed7_pre20_proj32_mask0_03_noise0_02_mlp1_0_sup100,True,barlow,psd,all-patient,True,7,1.0,0.1,32,0.03,0.02
multimodal_psd-fc-wpli_gated_cnn,14,sub22,sub01;sub05;sub07;sub08;sub09;sub10;sub11;sub13;sub14;sub15;sub16;sub17;sub18;sub20;sub27;sub28;sub29,sub24,43,0.036701712757349014,0.04256202653050423,0.002,1e-05,1.0,1.0,True,False,multimodal,psd-fc-wpli,gated,cnn,True,finetune,segssl_barlow_all-patient_psd-fc-wpli_finetune_seed7_pre20_proj32_mask0_03_noise0_02_mlp1_0_sup100,True,barlow,psd,all-patient,True,7,1.0,0.1,32,0.03,0.02
multimodal_psd-fc-wpli_gated_cnn,14,sub22,sub01;sub05;sub07;sub08;sub09;sub10;sub11;sub13;sub14;sub15;sub16;sub17;sub18;sub20;sub27;sub28;sub29,sub24,44,0.030926715582609177,0.03845515847206116,0.002,1e-05,1.0,1.0,True,False,multimodal,psd-fc-wpli,gated,cnn,True,finetune,segssl_barlow_all-patient_psd-fc-wpli_finetune_seed7_pre20_proj32_mask0_03_noise0_02_mlp1_0_sup100,True,barlow,psd,all-patient,True,7,1.0,0.1,32,0.03,0.02
multimodal_psd-fc-wpli_gated_cnn,14,sub22,sub01;sub05;sub07;sub08;sub09;sub10;sub11;sub13;sub14;sub15;sub16;sub17;sub18;sub20;sub27;sub28;sub29,sub24,45,0.02604680508375168,0.034975454211235046,0.002,1e-05,1.0,1.0,True,False,multimodal,psd-fc-wpli,gated,cnn,True,finetune,segssl_barlow_all-patient_psd-fc-wpli_finetune_seed7_pre20_proj32_mask0_03_noise0_02_mlp1_0_sup100,True,barlow,psd,all-patient,True,7,1.0,0.1,32,0.03,0.02
multimodal_psd-fc-wpli_gated_cnn,14,sub22,sub01;sub05;sub07;sub08;sub09;sub10;sub11;sub13;sub14;sub15;sub16;sub17;sub18;sub20;sub27;sub28;sub29,sub24,46,0.02194950543344021,0.031878430396318436,0.002,1e-05,1.0,1.0,True,False,multimodal,psd-fc-wpli,gated,cnn,True,finetune,segssl_barlow_all-patient_psd-fc-wpli_finetune_seed7_pre20_proj32_mask0_03_noise0_02_mlp1_0_sup100,True,barlow,psd,all-patient,True,7,1.0,0.1,32,0.03,0.02
multimodal_psd-fc-wpli_gated_cnn,14,sub22,sub01;sub05;sub07;sub08;sub09;sub10;sub11;sub13;sub14;sub15;sub16;sub17;sub18;sub20;sub27;sub28;sub29,sub24,47,0.018532203510403633,0.02891896478831768,0.002,1e-05,1.0,1.0,True,False,multimodal,psd-fc-wpli,gated,cnn,True,finetune,segssl_barlow_all-patient_psd-fc-wpli_finetune_seed7_pre20_proj32_mask0_03_noise0_02_mlp1_0_sup100,True,barlow,psd,all-patient,True,7,1.0,0.1,32,0.03,0.02
multimodal_psd-fc-wpli_gated_cnn,14,sub22,sub01;sub05;sub07;sub08;sub09;sub10;sub11;sub13;sub14;sub15;sub16;sub17;sub18;sub20;sub27;sub28;sub29,sub24,48,0.01568138599395752,0.02608920820057392,0.002,1e-05,1.0,1.0,True,False,multimodal,psd-fc-wpli,gated,cnn,True,finetune,segssl_barlow_all-patient_psd-fc-wpli_finetune_seed7_pre20_proj32_mask0_03_noise0_02_mlp1_0_sup100,True,barlow,psd,all-patient,True,7,1.0,0.1,32,0.03,0.02
multimodal_psd-fc-wpli_gated_cnn,14,sub22,sub01;sub05;sub07;sub08;sub09;sub10;sub11;sub13;sub14;sub15;sub16;sub17;sub18;sub20;sub27;sub28;sub29,sub24,49,0.013308310881257057,0.023403942584991455,0.002,1e-05,1.0,1.0,True,False,multimodal,psd-fc-wpli,gated,cnn,True,finetune,segssl_barlow_all-patient_psd-fc-wpli_finetune_seed7_pre20_proj32_mask0_03_noise0_02_mlp1_0_sup100,True,barlow,psd,all-patient,True,7,1.0,0.1,32,0.03,0.02
multimodal_psd-fc-wpli_gated_cnn,14,sub22,sub01;sub05;sub07;sub08;sub09;sub10;sub11;sub13;sub14;sub15;sub16;sub17;sub18;sub20;sub27;sub28;sub29,sub24,50,0.011328799650073051,0.020875485613942146,0.002,1e-05,1.0,1.0,True,False,multimodal,psd-fc-wpli,gated,cnn,True,finetune,segssl_barlow_all-patient_psd-fc-wpli_finetune_seed7_pre20_proj32_mask0_03_noise0_02_mlp1_0_sup100,True,barlow,psd,all-patient,True,7,1.0,0.1,32,0.03,0.02
multimodal_psd-fc-wpli_gated_cnn,14,sub22,sub01;sub05;sub07;sub08;sub09;sub10;sub11;sub13;sub14;sub15;sub16;sub17;sub18;sub20;sub27;sub28;sub29,sub24,51,0.009676375426352024,0.018575340509414673,0.002,1e-05,1.0,1.0,True,False,multimodal,psd-fc-wpli,gated,cnn,True,finetune,segssl_barlow_all-patient_psd-fc-wpli_finetune_seed7_pre20_proj32_mask0_03_noise0_02_mlp1_0_sup100,True,barlow,psd,all-patient,True,7,1.0,0.1,32,0.03,0.02
multimodal_psd-fc-wpli_gated_cnn,14,sub22,sub01;sub05;sub07;sub08;sub09;sub10;sub11;sub13;sub14;sub15;sub16;sub17;sub18;sub20;sub27;sub28;sub29,sub24,52,0.00829506479203701,0.0165090374648571,0.002,1e-05,1.0,1.0,True,False,multimodal,psd-fc-wpli,gated,cnn,True,finetune,segssl_barlow_all-patient_psd-fc-wpli_finetune_seed7_pre20_proj32_mask0_03_noise0_02_mlp1_0_sup100,True,barlow,psd,all-patient,True,7,1.0,0.1,32,0.03,0.02
multimodal_psd-fc-wpli_gated_cnn,14,sub22,sub01;sub05;sub07;sub08;sub09;sub10;sub11;sub13;sub14;sub15;sub16;sub17;sub18;sub20;sub27;sub28;sub29,sub24,53,0.007140320725739002,0.014635159634053707,0.002,1e-05,1.0,1.0,True,False,multimodal,psd-fc-wpli,gated,cnn,True,finetune,segssl_barlow_all-patient_psd-fc-wpli_finetune_seed7_pre20_proj32_mask0_03_noise0_02_mlp1_0_sup100,True,barlow,psd,all-patient,True,7,1.0,0.1,32,0.03,0.02
multimodal_psd-fc-wpli_gated_cnn,14,sub22,sub01;sub05;sub07;sub08;sub09;sub10;sub11;sub13;sub14;sub15;sub16;sub17;sub18;sub20;sub27;sub28;sub29,sub24,54,0.006179971620440483,0.012941204942762852,0.002,1e-05,1.0,1.0,True,False,multimodal,psd-fc-wpli,gated,cnn,True,finetune,segssl_barlow_all-patient_psd-fc-wpli_finetune_seed7_pre20_proj32_mask0_03_noise0_02_mlp1_0_sup100,True,barlow,psd,all-patient,True,7,1.0,0.1,32,0.03,0.02
multimodal_psd-fc-wpli_gated_cnn,14,sub22,sub01;sub05;sub07;sub08;sub09;sub10;sub11;sub13;sub14;sub15;sub16;sub17;sub18;sub20;sub27;sub28;sub29,sub24,55,0.005376940127462149,0.011426437646150589,0.002,1e-05,1.0,1.0,True,False,multimodal,psd-fc-wpli,gated,cnn,True,finetune,segssl_barlow_all-patient_psd-fc-wpli_finetune_seed7_pre20_proj32_mask0_03_noise0_02_mlp1_0_sup100,True,barlow,psd,all-patient,True,7,1.0,0.1,32,0.03,0.02
multimodal_psd-fc-wpli_gated_cnn,14,sub22,sub01;sub05;sub07;sub08;sub09;sub10;sub11;sub13;sub14;sub15;sub16;sub17;sub18;sub20;sub27;sub28;sub29,sub24,56,0.00470324419438839,0.010107564739882946,0.002,1e-05,1.0,1.0,True,False,multimodal,psd-fc-wpli,gated,cnn,True,finetune,segssl_barlow_all-patient_psd-fc-wpli_finetune_seed7_pre20_proj32_mask0_03_noise0_02_mlp1_0_sup100,True,barlow,psd,all-patient,True,7,1.0,0.1,32,0.03,0.02
multimodal_psd-fc-wpli_gated_cnn,14,sub22,sub01;sub05;sub07;sub08;sub09;sub10;sub11;sub13;sub14;sub15;sub16;sub17;sub18;sub20;sub27;sub28;sub29,sub24,57,0.00413815351203084,0.008975052274763584,0.002,1e-05,1.0,1.0,True,False,multimodal,psd-fc-wpli,gated,cnn,True,finetune,segssl_barlow_all-patient_psd-fc-wpli_finetune_seed7_pre20_proj32_mask0_03_noise0_02_mlp1_0_sup100,True,barlow,psd,all-patient,True,7,1.0,0.1,32,0.03,0.02
multimodal_psd-fc-wpli_gated_cnn,14,sub22,sub01;sub05;sub07;sub08;sub09;sub10;sub11;sub13;sub14;sub15;sub16;sub17;sub18;sub20;sub27;sub28;sub29,sub24,58,0.0036601130850613117,0.008006664924323559,0.002,1e-05,1.0,1.0,True,False,multimodal,psd-fc-wpli,gated,cnn,True,finetune,segssl_barlow_all-patient_psd-fc-wpli_finetune_seed7_pre20_proj32_mask0_03_noise0_02_mlp1_0_sup100,True,barlow,psd,all-patient,True,7,1.0,0.1,32,0.03,0.02
multimodal_psd-fc-wpli_gated_cnn,14,sub22,sub01;sub05;sub07;sub08;sub09;sub10;sub11;sub13;sub14;sub15;sub16;sub17;sub18;sub20;sub27;sub28;sub29,sub24,59,0.0032547868322581053,0.007174015510827303,0.002,1e-05,1.0,1.0,True,False,multimodal,psd-fc-wpli,gated,cnn,True,finetune,segssl_barlow_all-patient_psd-fc-wpli_finetune_seed7_pre20_proj32_mask0_03_noise0_02_mlp1_0_sup100,True,barlow,psd,all-patient,True,7,1.0,0.1,32,0.03,0.02
multimodal_psd-fc-wpli_gated_cnn,14,sub22,sub01;sub05;sub07;sub08;sub09;sub10;sub11;sub13;sub14;sub15;sub16;sub17;sub18;sub20;sub27;sub28;sub29,sub24,60,0.002910799812525511,0.006462763994932175,0.002,1e-05,1.0,1.0,True,False,multimodal,psd-fc-wpli,gated,cnn,True,finetune,segssl_barlow_all-patient_psd-fc-wpli_finetune_seed7_pre20_proj32_mask0_03_noise0_02_mlp1_0_sup100,True,barlow,psd,all-patient,True,7,1.0,0.1,32,0.03,0.02
multimodal_psd-fc-wpli_gated_cnn,14,sub22,sub01;sub05;sub07;sub08;sub09;sub10;sub11;sub13;sub14;sub15;sub16;sub17;sub18;sub20;sub27;sub28;sub29,sub24,61,0.002617343096062541,0.00585479149594903,0.002,1e-05,1.0,1.0,True,False,multimodal,psd-fc-wpli,gated,cnn,True,finetune,segssl_barlow_all-patient_psd-fc-wpli_finetune_seed7_pre20_proj32_mask0_03_noise0_02_mlp1_0_sup100,True,barlow,psd,all-patient,True,7,1.0,0.1,32,0.03,0.02
multimodal_psd-fc-wpli_gated_cnn,14,sub22,sub01;sub05;sub07;sub08;sub09;sub10;sub11;sub13;sub14;sub15;sub16;sub17;sub18;sub20;sub27;sub28;sub29,sub24,62,0.0023660133592784405,0.005341026466339827,0.002,1e-05,1.0,1.0,True,False,multimodal,psd-fc-wpli,gated,cnn,True,finetune,segssl_barlow_all-patient_psd-fc-wpli_finetune_seed7_pre20_proj32_mask0_03_noise0_02_mlp1_0_sup100,True,barlow,psd,all-patient,True,7,1.0,0.1,32,0.03,0.02
multimodal_psd-fc-wpli_gated_cnn,14,sub22,sub01;sub05;sub07;sub08;sub09;sub10;sub11;sub13;sub14;sub15;sub16;sub17;sub18;sub20;sub27;sub28;sub29,sub24,63,0.002149933949112892,0.004901435691863298,0.002,1e-05,1.0,1.0,True,False,multimodal,psd-fc-wpli,gated,cnn,True,finetune,segssl_barlow_all-patient_psd-fc-wpli_finetune_seed7_pre20_proj32_mask0_03_noise0_02_mlp1_0_sup100,True,barlow,psd,all-patient,True,7,1.0,0.1,32,0.03,0.02
multimodal_psd-fc-wpli_gated_cnn,14,sub22,sub01;sub05;sub07;sub08;sub09;sub10;sub11;sub13;sub14;sub15;sub16;sub17;sub18;sub20;sub27;sub28;sub29,sub24,64,0.0019634917844086885,0.004524564370512962,0.002,1e-05,1.0,1.0,True,False,multimodal,psd-fc-wpli,gated,cnn,True,finetune,segssl_barlow_all-patient_psd-fc-wpli_finetune_seed7_pre20_proj32_mask0_03_noise0_02_mlp1_0_sup100,True,barlow,psd,all-patient,True,7,1.0,0.1,32,0.03,0.02
multimodal_psd-fc-wpli_gated_cnn,14,sub22,sub01;sub05;sub07;sub08;sub09;sub10;sub11;sub13;sub14;sub15;sub16;sub17;sub18;sub20;sub27;sub28;sub29,sub24,65,0.0018021012656390667,0.004201177507638931,0.002,1e-05,1.0,1.0,True,False,multimodal,psd-fc-wpli,gated,cnn,True,finetune,segssl_barlow_all-patient_psd-fc-wpli_finetune_seed7_pre20_proj32_mask0_03_noise0_02_mlp1_0_sup100,True,barlow,psd,all-patient,True,7,1.0,0.1,32,0.03,0.02
multimodal_psd-fc-wpli_gated_cnn,14,sub22,sub01;sub05;sub07;sub08;sub09;sub10;sub11;sub13;sub14;sub15;sub16;sub17;sub18;sub20;sub27;sub28;sub29,sub24,66,0.0016618553781881928,0.003922514151781797,0.002,1e-05,1.0,1.0,True,False,multimodal,psd-fc-wpli,gated,cnn,True,finetune,segssl_barlow_all-patient_psd-fc-wpli_finetune_seed7_pre20_proj32_mask0_03_noise0_02_mlp1_0_sup100,True,barlow,psd,all-patient,True,7,1.0,0.1,32,0.03,0.02
multimodal_psd-fc-wpli_gated_cnn,14,sub22,sub01;sub05;sub07;sub08;sub09;sub10;sub11;sub13;sub14;sub15;sub16;sub17;sub18;sub20;sub27;sub28;sub29,sub24,67,0.0015395855298265815,0.0036819318775087595,0.002,1e-05,1.0,1.0,True,False,multimodal,psd-fc-wpli,gated,cnn,True,finetune,segssl_barlow_all-patient_psd-fc-wpli_finetune_seed7_pre20_proj32_mask0_03_noise0_02_mlp1_0_sup100,True,barlow,psd,all-patient,True,7,1.0,0.1,32,0.03,0.02
multimodal_psd-fc-wpli_gated_cnn,14,sub22,sub01;sub05;sub07;sub08;sub09;sub10;sub11;sub13;sub14;sub15;sub16;sub17;sub18;sub20;sub27;sub28;sub29,sub24,68,0.0014322831993922591,0.003477821359410882,0.002,1e-05,1.0,1.0,True,False,multimodal,psd-fc-wpli,gated,cnn,True,finetune,segssl_barlow_all-patient_psd-fc-wpli_finetune_seed7_pre20_proj32_mask0_03_noise0_02_mlp1_0_sup100,True,barlow,psd,all-patient,True,7,1.0,0.1,32,0.03,0.02
multimodal_psd-fc-wpli_gated_cnn,14,sub22,sub01;sub05;sub07;sub08;sub09;sub10;sub11;sub13;sub14;sub15;sub16;sub17;sub18;sub20;sub27;sub28;sub29,sub24,69,0.0013380763120949268,0.003300294978544116,0.002,1e-05,1.0,1.0,True,False,multimodal,psd-fc-wpli,gated,cnn,True,finetune,segssl_barlow_all-patient_psd-fc-wpli_finetune_seed7_pre20_proj32_mask0_03_noise0_02_mlp1_0_sup100,True,barlow,psd,all-patient,True,7,1.0,0.1,32,0.03,0.02
multimodal_psd-fc-wpli_gated_cnn,14,sub22,sub01;sub05;sub07;sub08;sub09;sub10;sub11;sub13;sub14;sub15;sub16;sub17;sub18;sub20;sub27;sub28;sub29,sub24,70,0.0012549171224236488,0.0031438504811376333,0.002,1e-05,1.0,1.0,True,False,multimodal,psd-fc-wpli,gated,cnn,True,finetune,segssl_barlow_all-patient_psd-fc-wpli_finetune_seed7_pre20_proj32_mask0_03_noise0_02_mlp1_0_sup100,True,barlow,psd,all-patient,True,7,1.0,0.1,32,0.03,0.02
multimodal_psd-fc-wpli_gated_cnn,14,sub22,sub01;sub05;sub07;sub08;sub09;sub10;sub11;sub13;sub14;sub15;sub16;sub17;sub18;sub20;sub27;sub28;sub29,sub24,71,0.001181155676022172,0.0030053569935262203,0.002,1e-05,1.0,1.0,True,False,multimodal,psd-fc-wpli,gated,cnn,True,finetune,segssl_barlow_all-patient_psd-fc-wpli_finetune_seed7_pre20_proj32_mask0_03_noise0_02_mlp1_0_sup100,True,barlow,psd,all-patient,True,7,1.0,0.1,32,0.03,0.02
multimodal_psd-fc-wpli_gated_cnn,14,sub22,sub01;sub05;sub07;sub08;sub09;sub10;sub11;sub13;sub14;sub15;sub16;sub17;sub18;sub20;sub27;sub28;sub29,sub24,72,0.0011155500542372465,0.0028821895830333233,0.002,1e-05,1.0,1.0,True,False,multimodal,psd-fc-wpli,gated,cnn,True,finetune,segssl_barlow_all-patient_psd-fc-wpli_finetune_seed7_pre20_proj32_mask0_03_noise0_02_mlp1_0_sup100,True,barlow,psd,all-patient,True,7,1.0,0.1,32,0.03,0.02
multimodal_psd-fc-wpli_gated_cnn,14,sub22,sub01;sub05;sub07;sub08;sub09;sub10;sub11;sub13;sub14;sub15;sub16;sub17;sub18;sub20;sub27;sub28;sub29,sub24,73,0.0010569720761850476,0.0027722481172531843,0.002,1e-05,1.0,1.0,True,False,multimodal,psd-fc-wpli,gated,cnn,True,finetune,segssl_barlow_all-patient_psd-fc-wpli_finetune_seed7_pre20_proj32_mask0_03_noise0_02_mlp1_0_sup100,True,barlow,psd,all-patient,True,7,1.0,0.1,32,0.03,0.02
multimodal_psd-fc-wpli_gated_cnn,14,sub22,sub01;sub05;sub07;sub08;sub09;sub10;sub11;sub13;sub14;sub15;sub16;sub17;sub18;sub20;sub27;sub28;sub29,sub24,74,0.0010044340742751956,0.0026736382860690355,0.002,1e-05,1.0,1.0,True,False,multimodal,psd-fc-wpli,gated,cnn,True,finetune,segssl_barlow_all-patient_psd-fc-wpli_finetune_seed7_pre20_proj32_mask0_03_noise0_02_mlp1_0_sup100,True,barlow,psd,all-patient,True,7,1.0,0.1,32,0.03,0.02
multimodal_psd-fc-wpli_gated_cnn,14,sub22,sub01;sub05;sub07;sub08;sub09;sub10;sub11;sub13;sub14;sub15;sub16;sub17;sub18;sub20;sub27;sub28;sub29,sub24,75,0.0009571938426233828,0.0025858799926936626,0.002,1e-05,1.0,1.0,True,False,multimodal,psd-fc-wpli,gated,cnn,True,finetune,segssl_barlow_all-patient_psd-fc-wpli_finetune_seed7_pre20_proj32_mask0_03_noise0_02_mlp1_0_sup100,True,barlow,psd,all-patient,True,7,1.0,0.1,32,0.03,0.02
multimodal_psd-fc-wpli_gated_cnn,14,sub22,sub01;sub05;sub07;sub08;sub09;sub10;sub11;sub13;sub14;sub15;sub16;sub17;sub18;sub20;sub27;sub28;sub29,sub24,76,0.0009146393858827651,0.0025091234128922224,0.002,1e-05,1.0,1.0,True,False,multimodal,psd-fc-wpli,gated,cnn,True,finetune,segssl_barlow_all-patient_psd-fc-wpli_finetune_seed7_pre20_proj32_mask0_03_noise0_02_mlp1_0_sup100,True,barlow,psd,all-patient,True,7,1.0,0.1,32,0.03,0.02
multimodal_psd-fc-wpli_gated_cnn,14,sub22,sub01;sub05;sub07;sub08;sub09;sub10;sub11;sub13;sub14;sub15;sub16;sub17;sub18;sub20;sub27;sub28;sub29,sub24,77,0.0008760645287111402,0.0024393368512392044,0.002,1e-05,1.0,1.0,True,False,multimodal,psd-fc-wpli,gated,cnn,True,finetune,segssl_barlow_all-patient_psd-fc-wpli_finetune_seed7_pre20_proj32_mask0_03_noise0_02_mlp1_0_sup100,True,barlow,psd,all-patient,True,7,1.0,0.1,32,0.03,0.02
multimodal_psd-fc-wpli_gated_cnn,14,sub22,sub01;sub05;sub07;sub08;sub09;sub10;sub11;sub13;sub14;sub15;sub16;sub17;sub18;sub20;sub27;sub28;sub29,sub24,78,0.0008410646114498377,0.002375550800934434,0.002,1e-05,1.0,1.0,True,False,multimodal,psd-fc-wpli,gated,cnn,True,finetune,segssl_barlow_all-patient_psd-fc-wpli_finetune_seed7_pre20_proj32_mask0_03_noise0_02_mlp1_0_sup100,True,barlow,psd,all-patient,True,7,1.0,0.1,32,0.03,0.02
multimodal_psd-fc-wpli_gated_cnn,14,sub22,sub01;sub05;sub07;sub08;sub09;sub10;sub11;sub13;sub14;sub15;sub16;sub17;sub18;sub20;sub27;sub28;sub29,sub24,79,0.0008091973722912371,0.002317042089998722,0.002,1e-05,1.0,1.0,True,False,multimodal,psd-fc-wpli,gated,cnn,True,finetune,segssl_barlow_all-patient_psd-fc-wpli_finetune_seed7_pre20_proj32_mask0_03_noise0_02_mlp1_0_sup100,True,barlow,psd,all-patient,True,7,1.0,0.1,32,0.03,0.02
multimodal_psd-fc-wpli_gated_cnn,14,sub22,sub01;sub05;sub07;sub08;sub09;sub10;sub11;sub13;sub14;sub15;sub16;sub17;sub18;sub20;sub27;sub28;sub29,sub24,80,0.000780031899921596,0.0022631213068962097,0.002,1e-05,1.0,1.0,True,False,multimodal,psd-fc-wpli,gated,cnn,True,finetune,segssl_barlow_all-patient_psd-fc-wpli_finetune_seed7_pre20_proj32_mask0_03_noise0_02_mlp1_0_sup100,True,barlow,psd,all-patient,True,7,1.0,0.1,32,0.03,0.02
multimodal_psd-fc-wpli_gated_cnn,14,sub22,sub01;sub05;sub07;sub08;sub09;sub10;sub11;sub13;sub14;sub15;sub16;sub17;sub18;sub20;sub27;sub28;sub29,sub24,81,0.0007532909512519836,0.0022133258171379566,0.002,1e-05,1.0,1.0,True,False,multimodal,psd-fc-wpli,gated,cnn,True,finetune,segssl_barlow_all-patient_psd-fc-wpli_finetune_seed7_pre20_proj32_mask0_03_noise0_02_mlp1_0_sup100,True,barlow,psd,all-patient,True,7,1.0,0.1,32,0.03,0.02
multimodal_psd-fc-wpli_gated_cnn,14,sub22,sub01;sub05;sub07;sub08;sub09;sub10;sub11;sub13;sub14;sub15;sub16;sub17;sub18;sub20;sub27;sub28;sub29,sub24,82,0.0007286775507964194,0.0021670679561793804,0.002,1e-05,1.0,1.0,True,False,multimodal,psd-fc-wpli,gated,cnn,True,finetune,segssl_barlow_all-patient_psd-fc-wpli_finetune_seed7_pre20_proj32_mask0_03_noise0_02_mlp1_0_sup100,True,barlow,psd,all-patient,True,7,1.0,0.1,32,0.03,0.02
multimodal_psd-fc-wpli_gated_cnn,14,sub22,sub01;sub05;sub07;sub08;sub09;sub10;sub11;sub13;sub14;sub15;sub16;sub17;sub18;sub20;sub27;sub28;sub29,sub24,83,0.0007059725467115641,0.0021238706540316343,0.002,1e-05,1.0,1.0,True,False,multimodal,psd-fc-wpli,gated,cnn,True,finetune,segssl_barlow_all-patient_psd-fc-wpli_finetune_seed7_pre20_proj32_mask0_03_noise0_02_mlp1_0_sup100,True,barlow,psd,all-patient,True,7,1.0,0.1,32,0.03,0.02
multimodal_psd-fc-wpli_gated_cnn,14,sub22,sub01;sub05;sub07;sub08;sub09;sub10;sub11;sub13;sub14;sub15;sub16;sub17;sub18;sub20;sub27;sub28;sub29,sub24,84,0.0006849636556580663,0.002083199331536889,0.002,1e-05,1.0,1.0,True,False,multimodal,psd-fc-wpli,gated,cnn,True,finetune,segssl_barlow_all-patient_psd-fc-wpli_finetune_seed7_pre20_proj32_mask0_03_noise0_02_mlp1_0_sup100,True,barlow,psd,all-patient,True,7,1.0,0.1,32,0.03,0.02
multimodal_psd-fc-wpli_gated_cnn,14,sub22,sub01;sub05;sub07;sub08;sub09;sub10;sub11;sub13;sub14;sub15;sub16;sub17;sub18;sub20;sub27;sub28;sub29,sub24,85,0.0006654444732703269,0.0020442744717001915,0.002,1e-05,1.0,1.0,True,False,multimodal,psd-fc-wpli,gated,cnn,True,finetune,segssl_barlow_all-patient_psd-fc-wpli_finetune_seed7_pre20_proj32_mask0_03_noise0_02_mlp1_0_sup100,True,barlow,psd,all-patient,True,7,1.0,0.1,32,0.03,0.02
multimodal_psd-fc-wpli_gated_cnn,14,sub22,sub01;sub05;sub07;sub08;sub09;sub10;sub11;sub13;sub14;sub15;sub16;sub17;sub18;sub20;sub27;sub28;sub29,sub24,86,0.0006472627283073962,0.0020068571902811527,0.002,1e-05,1.0,1.0,True,False,multimodal,psd-fc-wpli,gated,cnn,True,finetune,segssl_barlow_all-patient_psd-fc-wpli_finetune_seed7_pre20_proj32_mask0_03_noise0_02_mlp1_0_sup100,True,barlow,psd,all-patient,True,7,1.0,0.1,32,0.03,0.02
multimodal_psd-fc-wpli_gated_cnn,14,sub22,sub01;sub05;sub07;sub08;sub09;sub10;sub11;sub13;sub14;sub15;sub16;sub17;sub18;sub20;sub27;sub28;sub29,sub24,87,0.0006301122484728694,0.001970394514501095,0.002,1e-05,1.0,1.0,True,False,multimodal,psd-fc-wpli,gated,cnn,True,finetune,segssl_barlow_all-patient_psd-fc-wpli_finetune_seed7_pre20_proj32_mask0_03_noise0_02_mlp1_0_sup100,True,barlow,psd,all-patient,True,7,1.0,0.1,32,0.03,0.02
multimodal_psd-fc-wpli_gated_cnn,14,sub22,sub01;sub05;sub07;sub08;sub09;sub10;sub11;sub13;sub14;sub15;sub16;sub17;sub18;sub20;sub27;sub28;sub29,sub24,88,0.0006138565950095654,0.0019351346418261528,0.002,1e-05,1.0,1.0,True,False,multimodal,psd-fc-wpli,gated,cnn,True,finetune,segssl_barlow_all-patient_psd-fc-wpli_finetune_seed7_pre20_proj32_mask0_03_noise0_02_mlp1_0_sup100,True,barlow,psd,all-patient,True,7,1.0,0.1,32,0.03,0.02
multimodal_psd-fc-wpli_gated_cnn,14,sub22,sub01;sub05;sub07;sub08;sub09;sub10;sub11;sub13;sub14;sub15;sub16;sub17;sub18;sub20;sub27;sub28;sub29,sub24,89,0.0005984476301819086,0.001898244023323059,0.002,1e-05,1.0,1.0,True,False,multimodal,psd-fc-wpli,gated,cnn,True,finetune,segssl_barlow_all-patient_psd-fc-wpli_finetune_seed7_pre20_proj32_mask0_03_noise0_02_mlp1_0_sup100,True,barlow,psd,all-patient,True,7,1.0,0.1,32,0.03,0.02
multimodal_psd-fc-wpli_gated_cnn,14,sub22,sub01;sub05;sub07;sub08;sub09;sub10;sub11;sub13;sub14;sub15;sub16;sub17;sub18;sub20;sub27;sub28;sub29,sub24,90,0.0005836318014189601,0.0018620684277266264,0.002,1e-05,1.0,1.0,True,False,multimodal,psd-fc-wpli,gated,cnn,True,finetune,segssl_barlow_all-patient_psd-fc-wpli_finetune_seed7_pre20_proj32_mask0_03_noise0_02_mlp1_0_sup100,True,barlow,psd,all-patient,True,7,1.0,0.1,32,0.03,0.02
multimodal_psd-fc-wpli_gated_cnn,14,sub22,sub01;sub05;sub07;sub08;sub09;sub10;sub11;sub13;sub14;sub15;sub16;sub17;sub18;sub20;sub27;sub28;sub29,sub24,91,0.0005694316350854933,0.0018254462629556656,0.002,1e-05,1.0,1.0,True,False,multimodal,psd-fc-wpli,gated,cnn,True,finetune,segssl_barlow_all-patient_psd-fc-wpli_finetune_seed7_pre20_proj32_mask0_03_noise0_02_mlp1_0_sup100,True,barlow,psd,all-patient,True,7,1.0,0.1,32,0.03,0.02
multimodal_psd-fc-wpli_gated_cnn,14,sub22,sub01;sub05;sub07;sub08;sub09;sub10;sub11;sub13;sub14;sub15;sub16;sub17;sub18;sub20;sub27;sub28;sub29,sub24,92,0.0005556486430577934,0.0017888890579342842,0.002,1e-05,1.0,1.0,True,False,multimodal,psd-fc-wpli,gated,cnn,True,finetune,segssl_barlow_all-patient_psd-fc-wpli_finetune_seed7_pre20_proj32_mask0_03_noise0_02_mlp1_0_sup100,True,barlow,psd,all-patient,True,7,1.0,0.1,32,0.03,0.02
multimodal_psd-fc-wpli_gated_cnn,14,sub22,sub01;sub05;sub07;sub08;sub09;sub10;sub11;sub13;sub14;sub15;sub16;sub17;sub18;sub20;sub27;sub28;sub29,sub24,93,0.0005422765971161425,0.0017516782972961664,0.002,1e-05,1.0,1.0,True,False,multimodal,psd-fc-wpli,gated,cnn,True,finetune,segssl_barlow_all-patient_psd-fc-wpli_finetune_seed7_pre20_proj32_mask0_03_noise0_02_mlp1_0_sup100,True,barlow,psd,all-patient,True,7,1.0,0.1,32,0.03,0.02
multimodal_psd-fc-wpli_gated_cnn,14,sub22,sub01;sub05;sub07;sub08;sub09;sub10;sub11;sub13;sub14;sub15;sub16;sub17;sub18;sub20;sub27;sub28;sub29,sub24,94,0.0005293453577905893,0.00171247951220721,0.002,1e-05,1.0,1.0,True,False,multimodal,psd-fc-wpli,gated,cnn,True,finetune,segssl_barlow_all-patient_psd-fc-wpli_finetune_seed7_pre20_proj32_mask0_03_noise0_02_mlp1_0_sup100,True,barlow,psd,all-patient,True,7,1.0,0.1,32,0.03,0.02
multimodal_psd-fc-wpli_gated_cnn,14,sub22,sub01;sub05;sub07;sub08;sub09;sub10;sub11;sub13;sub14;sub15;sub16;sub17;sub18;sub20;sub27;sub28;sub29,sub24,95,0.0005168056231923401,0.0016711032949388027,0.002,1e-05,1.0,1.0,True,False,multimodal,psd-fc-wpli,gated,cnn,True,finetune,segssl_barlow_all-patient_psd-fc-wpli_finetune_seed7_pre20_proj32_mask0_03_noise0_02_mlp1_0_sup100,True,barlow,psd,all-patient,True,7,1.0,0.1,32,0.03,0.02
multimodal_psd-fc-wpli_gated_cnn,14,sub22,sub01;sub05;sub07;sub08;sub09;sub10;sub11;sub13;sub14;sub15;sub16;sub17;sub18;sub20;sub27;sub28;sub29,sub24,96,0.0005044805584475398,0.0016299572307616472,0.002,1e-05,1.0,1.0,True,False,multimodal,psd-fc-wpli,gated,cnn,True,finetune,segssl_barlow_all-patient_psd-fc-wpli_finetune_seed7_pre20_proj32_mask0_03_noise0_02_mlp1_0_sup100,True,barlow,psd,all-patient,True,7,1.0,0.1,32,0.03,0.02
multimodal_psd-fc-wpli_gated_cnn,14,sub22,sub01;sub05;sub07;sub08;sub09;sub10;sub11;sub13;sub14;sub15;sub16;sub17;sub18;sub20;sub27;sub28;sub29,sub24,97,0.000492358987685293,0.0015895005781203508,0.002,1e-05,1.0,1.0,True,False,multimodal,psd-fc-wpli,gated,cnn,True,finetune,segssl_barlow_all-patient_psd-fc-wpli_finetune_seed7_pre20_proj32_mask0_03_noise0_02_mlp1_0_sup100,True,barlow,psd,all-patient,True,7,1.0,0.1,32,0.03,0.02
multimodal_psd-fc-wpli_gated_cnn,14,sub22,sub01;sub05;sub07;sub08;sub09;sub10;sub11;sub13;sub14;sub15;sub16;sub17;sub18;sub20;sub27;sub28;sub29,sub24,98,0.00048037039232440293,0.001549630775116384,0.002,1e-05,1.0,1.0,True,False,multimodal,psd-fc-wpli,gated,cnn,True,finetune,segssl_barlow_all-patient_psd-fc-wpli_finetune_seed7_pre20_proj32_mask0_03_noise0_02_mlp1_0_sup100,True,barlow,psd,all-patient,True,7,1.0,0.1,32,0.03,0.02
multimodal_psd-fc-wpli_gated_cnn,14,sub22,sub01;sub05;sub07;sub08;sub09;sub10;sub11;sub13;sub14;sub15;sub16;sub17;sub18;sub20;sub27;sub28;sub29,sub24,99,0.00046849201316945255,0.0015106494538486004,0.002,1e-05,1.0,1.0,True,False,multimodal,psd-fc-wpli,gated,cnn,True,finetune,segssl_barlow_all-patient_psd-fc-wpli_finetune_seed7_pre20_proj32_mask0_03_noise0_02_mlp1_0_sup100,True,barlow,psd,all-patient,True,7,1.0,0.1,32,0.03,0.02
multimodal_psd-fc-wpli_gated_cnn,14,sub22,sub01;sub05;sub07;sub08;sub09;sub10;sub11;sub13;sub14;sub15;sub16;sub17;sub18;sub20;sub27;sub28;sub29,sub24,100,0.00045688182581216097,0.0014691810356453061,0.002,1e-05,1.0,1.0,True,False,multimodal,psd-fc-wpli,gated,cnn,True,finetune,segssl_barlow_all-patient_psd-fc-wpli_finetune_seed7_pre20_proj32_mask0_03_noise0_02_mlp1_0_sup100,True,barlow,psd,all-patient,True,7,1.0,0.1,32,0.03,0.02
multimodal_psd-fc-wpli_gated_cnn,15,sub24,sub01;sub05;sub07;sub08;sub09;sub10;sub11;sub13;sub14;sub15;sub16;sub17;sub18;sub20;sub22;sub28;sub29,sub27,1,0.6919274926185608,0.5864158868789673,0.002,1e-05,1.0,1.0,True,False,multimodal,psd-fc-wpli,gated,cnn,True,finetune,segssl_barlow_all-patient_psd-fc-wpli_finetune_seed7_pre20_proj32_mask0_03_noise0_02_mlp1_0_sup100,True,barlow,psd,all-patient,True,7,1.0,0.1,32,0.03,0.02
multimodal_psd-fc-wpli_gated_cnn,15,sub24,sub01;sub05;sub07;sub08;sub09;sub10;sub11;sub13;sub14;sub15;sub16;sub17;sub18;sub20;sub22;sub28;sub29,sub27,2,0.6849253177642822,0.5886024236679077,0.002,1e-05,1.0,1.0,False,False,multimodal,psd-fc-wpli,gated,cnn,True,finetune,segssl_barlow_all-patient_psd-fc-wpli_finetune_seed7_pre20_proj32_mask0_03_noise0_02_mlp1_0_sup100,True,barlow,psd,all-patient,True,7,1.0,0.1,32,0.03,0.02
multimodal_psd-fc-wpli_gated_cnn,15,sub24,sub01;sub05;sub07;sub08;sub09;sub10;sub11;sub13;sub14;sub15;sub16;sub17;sub18;sub20;sub22;sub28;sub29,sub27,3,0.6778923273086548,0.5887579321861267,0.002,1e-05,1.0,1.0,False,False,multimodal,psd-fc-wpli,gated,cnn,True,finetune,segssl_barlow_all-patient_psd-fc-wpli_finetune_seed7_pre20_proj32_mask0_03_noise0_02_mlp1_0_sup100,True,barlow,psd,all-patient,True,7,1.0,0.1,32,0.03,0.02
multimodal_psd-fc-wpli_gated_cnn,15,sub24,sub01;sub05;sub07;sub08;sub09;sub10;sub11;sub13;sub14;sub15;sub16;sub17;sub18;sub20;sub22;sub28;sub29,sub27,4,0.6704666018486023,0.5879243016242981,0.002,1e-05,1.0,1.0,False,False,multimodal,psd-fc-wpli,gated,cnn,True,finetune,segssl_barlow_all-patient_psd-fc-wpli_finetune_seed7_pre20_proj32_mask0_03_noise0_02_mlp1_0_sup100,True,barlow,psd,all-patient,True,7,1.0,0.1,32,0.03,0.02
multimodal_psd-fc-wpli_gated_cnn,15,sub24,sub01;sub05;sub07;sub08;sub09;sub10;sub11;sub13;sub14;sub15;sub16;sub17;sub18;sub20;sub22;sub28;sub29,sub27,5,0.6624171137809753,0.5860760807991028,0.002,1e-05,1.0,1.0,True,False,multimodal,psd-fc-wpli,gated,cnn,True,finetune,segssl_barlow_all-patient_psd-fc-wpli_finetune_seed7_pre20_proj32_mask0_03_noise0_02_mlp1_0_sup100,True,barlow,psd,all-patient,True,7,1.0,0.1,32,0.03,0.02
multimodal_psd-fc-wpli_gated_cnn,15,sub24,sub01;sub05;sub07;sub08;sub09;sub10;sub11;sub13;sub14;sub15;sub16;sub17;sub18;sub20;sub22;sub28;sub29,sub27,6,0.6537463665008545,0.5824712514877319,0.002,1e-05,1.0,1.0,True,False,multimodal,psd-fc-wpli,gated,cnn,True,finetune,segssl_barlow_all-patient_psd-fc-wpli_finetune_seed7_pre20_proj32_mask0_03_noise0_02_mlp1_0_sup100,True,barlow,psd,all-patient,True,7,1.0,0.1,32,0.03,0.02
multimodal_psd-fc-wpli_gated_cnn,15,sub24,sub01;sub05;sub07;sub08;sub09;sub10;sub11;sub13;sub14;sub15;sub16;sub17;sub18;sub20;sub22;sub28;sub29,sub27,7,0.644637942314148,0.5776649117469788,0.002,1e-05,1.0,1.0,True,False,multimodal,psd-fc-wpli,gated,cnn,True,finetune,segssl_barlow_all-patient_psd-fc-wpli_finetune_seed7_pre20_proj32_mask0_03_noise0_02_mlp1_0_sup100,True,barlow,psd,all-patient,True,7,1.0,0.1,32,0.03,0.02
multimodal_psd-fc-wpli_gated_cnn,15,sub24,sub01;sub05;sub07;sub08;sub09;sub10;sub11;sub13;sub14;sub15;sub16;sub17;sub18;sub20;sub22;sub28;sub29,sub27,8,0.6350292563438416,0.5743372440338135,0.002,1e-05,1.0,1.0,True,False,multimodal,psd-fc-wpli,gated,cnn,True,finetune,segssl_barlow_all-patient_psd-fc-wpli_finetune_seed7_pre20_proj32_mask0_03_noise0_02_mlp1_0_sup100,True,barlow,psd,all-patient,True,7,1.0,0.1,32,0.03,0.02
multimodal_psd-fc-wpli_gated_cnn,15,sub24,sub01;sub05;sub07;sub08;sub09;sub10;sub11;sub13;sub14;sub15;sub16;sub17;sub18;sub20;sub22;sub28;sub29,sub27,9,0.6247283816337585,0.5717498064041138,0.002,1e-05,1.0,1.0,True,False,multimodal,psd-fc-wpli,gated,cnn,True,finetune,segssl_barlow_all-patient_psd-fc-wpli_finetune_seed7_pre20_proj32_mask0_03_noise0_02_mlp1_0_sup100,True,barlow,psd,all-patient,True,7,1.0,0.1,32,0.03,0.02
multimodal_psd-fc-wpli_gated_cnn,15,sub24,sub01;sub05;sub07;sub08;sub09;sub10;sub11;sub13;sub14;sub15;sub16;sub17;sub18;sub20;sub22;sub28;sub29,sub27,10,0.613540530204773,0.5692411661148071,0.002,1e-05,1.0,1.0,True,False,multimodal,psd-fc-wpli,gated,cnn,True,finetune,segssl_barlow_all-patient_psd-fc-wpli_finetune_seed7_pre20_proj32_mask0_03_noise0_02_mlp1_0_sup100,True,barlow,psd,all-patient,True,7,1.0,0.1,32,0.03,0.02
multimodal_psd-fc-wpli_gated_cnn,15,sub24,sub01;sub05;sub07;sub08;sub09;sub10;sub11;sub13;sub14;sub15;sub16;sub17;sub18;sub20;sub22;sub28;sub29,sub27,11,0.6014450192451477,0.5664478540420532,0.002,1e-05,1.0,1.0,True,False,multimodal,psd-fc-wpli,gated,cnn,True,finetune,segssl_barlow_all-patient_psd-fc-wpli_finetune_seed7_pre20_proj32_mask0_03_noise0_02_mlp1_0_sup100,True,barlow,psd,all-patient,True,7,1.0,0.1,32,0.03,0.02
multimodal_psd-fc-wpli_gated_cnn,15,sub24,sub01;sub05;sub07;sub08;sub09;sub10;sub11;sub13;sub14;sub15;sub16;sub17;sub18;sub20;sub22;sub28;sub29,sub27,12,0.5881994962692261,0.5619446039199829,0.002,1e-05,1.0,1.0,True,False,multimodal,psd-fc-wpli,gated,cnn,True,finetune,segssl_barlow_all-patient_psd-fc-wpli_finetune_seed7_pre20_proj32_mask0_03_noise0_02_mlp1_0_sup100,True,barlow,psd,all-patient,True,7,1.0,0.1,32,0.03,0.02
multimodal_psd-fc-wpli_gated_cnn,15,sub24,sub01;sub05;sub07;sub08;sub09;sub10;sub11;sub13;sub14;sub15;sub16;sub17;sub18;sub20;sub22;sub28;sub29,sub27,13,0.5738541483879089,0.5560342073440552,0.002,1e-05,1.0,1.0,True,False,multimodal,psd-fc-wpli,gated,cnn,True,finetune,segssl_barlow_all-patient_psd-fc-wpli_finetune_seed7_pre20_proj32_mask0_03_noise0_02_mlp1_0_sup100,True,barlow,psd,all-patient,True,7,1.0,0.1,32,0.03,0.02
multimodal_psd-fc-wpli_gated_cnn,15,sub24,sub01;sub05;sub07;sub08;sub09;sub10;sub11;sub13;sub14;sub15;sub16;sub17;sub18;sub20;sub22;sub28;sub29,sub27,14,0.5586071014404297,0.5469979643821716,0.002,1e-05,1.0,1.0,True,False,multimodal,psd-fc-wpli,gated,cnn,True,finetune,segssl_barlow_all-patient_psd-fc-wpli_finetune_seed7_pre20_proj32_mask0_03_noise0_02_mlp1_0_sup100,True,barlow,psd,all-patient,True,7,1.0,0.1,32,0.03,0.02
multimodal_psd-fc-wpli_gated_cnn,15,sub24,sub01;sub05;sub07;sub08;sub09;sub10;sub11;sub13;sub14;sub15;sub16;sub17;sub18;sub20;sub22;sub28;sub29,sub27,15,0.5423165559768677,0.5348212122917175,0.002,1e-05,1.0,1.0,True,False,multimodal,psd-fc-wpli,gated,cnn,True,finetune,segssl_barlow_all-patient_psd-fc-wpli_finetune_seed7_pre20_proj32_mask0_03_noise0_02_mlp1_0_sup100,True,barlow,psd,all-patient,True,7,1.0,0.1,32,0.03,0.02
multimodal_psd-fc-wpli_gated_cnn,15,sub24,sub01;sub05;sub07;sub08;sub09;sub10;sub11;sub13;sub14;sub15;sub16;sub17;sub18;sub20;sub22;sub28;sub29,sub27,16,0.5251725316047668,0.5194478034973145,0.002,1e-05,1.0,1.0,True,False,multimodal,psd-fc-wpli,gated,cnn,True,finetune,segssl_barlow_all-patient_psd-fc-wpli_finetune_seed7_pre20_proj32_mask0_03_noise0_02_mlp1_0_sup100,True,barlow,psd,all-patient,True,7,1.0,0.1,32,0.03,0.02
multimodal_psd-fc-wpli_gated_cnn,15,sub24,sub01;sub05;sub07;sub08;sub09;sub10;sub11;sub13;sub14;sub15;sub16;sub17;sub18;sub20;sub22;sub28;sub29,sub27,17,0.5073193907737732,0.49956780672073364,0.002,1e-05,1.0,1.0,True,False,multimodal,psd-fc-wpli,gated,cnn,True,finetune,segssl_barlow_all-patient_psd-fc-wpli_finetune_seed7_pre20_proj32_mask0_03_noise0_02_mlp1_0_sup100,True,barlow,psd,all-patient,True,7,1.0,0.1,32,0.03,0.02
multimodal_psd-fc-wpli_gated_cnn,15,sub24,sub01;sub05;sub07;sub08;sub09;sub10;sub11;sub13;sub14;sub15;sub16;sub17;sub18;sub20;sub22;sub28;sub29,sub27,18,0.4885473847389221,0.4770587682723999,0.002,1e-05,1.0,1.0,True,False,multimodal,psd-fc-wpli,gated,cnn,True,finetune,segssl_barlow_all-patient_psd-fc-wpli_finetune_seed7_pre20_proj32_mask0_03_noise0_02_mlp1_0_sup100,True,barlow,psd,all-patient,True,7,1.0,0.1,32,0.03,0.02
multimodal_psd-fc-wpli_gated_cnn,15,sub24,sub01;sub05;sub07;sub08;sub09;sub10;sub11;sub13;sub14;sub15;sub16;sub17;sub18;sub20;sub22;sub28;sub29,sub27,19,0.4691500961780548,0.45837441086769104,0.002,1e-05,1.0,1.0,True,False,multimodal,psd-fc-wpli,gated,cnn,True,finetune,segssl_barlow_all-patient_psd-fc-wpli_finetune_seed7_pre20_proj32_mask0_03_noise0_02_mlp1_0_sup100,True,barlow,psd,all-patient,True,7,1.0,0.1,32,0.03,0.02
multimodal_psd-fc-wpli_gated_cnn,15,sub24,sub01;sub05;sub07;sub08;sub09;sub10;sub11;sub13;sub14;sub15;sub16;sub17;sub18;sub20;sub22;sub28;sub29,sub27,20,0.44929224252700806,0.4426749050617218,0.002,1e-05,1.0,1.0,True,False,multimodal,psd-fc-wpli,gated,cnn,True,finetune,segssl_barlow_all-patient_psd-fc-wpli_finetune_seed7_pre20_proj32_mask0_03_noise0_02_mlp1_0_sup100,True,barlow,psd,all-patient,True,7,1.0,0.1,32,0.03,0.02
multimodal_psd-fc-wpli_gated_cnn,15,sub24,sub01;sub05;sub07;sub08;sub09;sub10;sub11;sub13;sub14;sub15;sub16;sub17;sub18;sub20;sub22;sub28;sub29,sub27,21,0.4290006160736084,0.4301099181175232,0.002,1e-05,1.0,1.0,True,False,multimodal,psd-fc-wpli,gated,cnn,True,finetune,segssl_barlow_all-patient_psd-fc-wpli_finetune_seed7_pre20_proj32_mask0_03_noise0_02_mlp1_0_sup100,True,barlow,psd,all-patient,True,7,1.0,0.1,32,0.03,0.02
multimodal_psd-fc-wpli_gated_cnn,15,sub24,sub01;sub05;sub07;sub08;sub09;sub10;sub11;sub13;sub14;sub15;sub16;sub17;sub18;sub20;sub22;sub28;sub29,sub27,22,0.4080962538719177,0.418616384267807,0.002,1e-05,1.0,1.0,True,False,multimodal,psd-fc-wpli,gated,cnn,True,finetune,segssl_barlow_all-patient_psd-fc-wpli_finetune_seed7_pre20_proj32_mask0_03_noise0_02_mlp1_0_sup100,True,barlow,psd,all-patient,True,7,1.0,0.1,32,0.03,0.02
multimodal_psd-fc-wpli_gated_cnn,15,sub24,sub01;sub05;sub07;sub08;sub09;sub10;sub11;sub13;sub14;sub15;sub16;sub17;sub18;sub20;sub22;sub28;sub29,sub27,23,0.386770635843277,0.4100624918937683,0.002,1e-05,1.0,1.0,True,False,multimodal,psd-fc-wpli,gated,cnn,True,finetune,segssl_barlow_all-patient_psd-fc-wpli_finetune_seed7_pre20_proj32_mask0_03_noise0_02_mlp1_0_sup100,True,barlow,psd,all-patient,True,7,1.0,0.1,32,0.03,0.02
multimodal_psd-fc-wpli_gated_cnn,15,sub24,sub01;sub05;sub07;sub08;sub09;sub10;sub11;sub13;sub14;sub15;sub16;sub17;sub18;sub20;sub22;sub28;sub29,sub27,24,0.3650279939174652,0.40366435050964355,0.002,1e-05,1.0,1.0,True,False,multimodal,psd-fc-wpli,gated,cnn,True,finetune,segssl_barlow_all-patient_psd-fc-wpli_finetune_seed7_pre20_proj32_mask0_03_noise0_02_mlp1_0_sup100,True,barlow,psd,all-patient,True,7,1.0,0.1,32,0.03,0.02
multimodal_psd-fc-wpli_gated_cnn,15,sub24,sub01;sub05;sub07;sub08;sub09;sub10;sub11;sub13;sub14;sub15;sub16;sub17;sub18;sub20;sub22;sub28;sub29,sub27,25,0.34270450472831726,0.39779847860336304,0.002,1e-05,1.0,1.0,True,False,multimodal,psd-fc-wpli,gated,cnn,True,finetune,segssl_barlow_all-patient_psd-fc-wpli_finetune_seed7_pre20_proj32_mask0_03_noise0_02_mlp1_0_sup100,True,barlow,psd,all-patient,True,7,1.0,0.1,32,0.03,0.02
multimodal_psd-fc-wpli_gated_cnn,15,sub24,sub01;sub05;sub07;sub08;sub09;sub10;sub11;sub13;sub14;sub15;sub16;sub17;sub18;sub20;sub22;sub28;sub29,sub27,26,0.3203410804271698,0.38914427161216736,0.002,1e-05,1.0,1.0,True,False,multimodal,psd-fc-wpli,gated,cnn,True,finetune,segssl_barlow_all-patient_psd-fc-wpli_finetune_seed7_pre20_proj32_mask0_03_noise0_02_mlp1_0_sup100,True,barlow,psd,all-patient,True,7,1.0,0.1,32,0.03,0.02
multimodal_psd-fc-wpli_gated_cnn,15,sub24,sub01;sub05;sub07;sub08;sub09;sub10;sub11;sub13;sub14;sub15;sub16;sub17;sub18;sub20;sub22;sub28;sub29,sub27,27,0.2976943850517273,0.37661173939704895,0.002,1e-05,1.0,1.0,True,False,multimodal,psd-fc-wpli,gated,cnn,True,finetune,segssl_barlow_all-patient_psd-fc-wpli_finetune_seed7_pre20_proj32_mask0_03_noise0_02_mlp1_0_sup100,True,barlow,psd,all-patient,True,7,1.0,0.1,32,0.03,0.02
multimodal_psd-fc-wpli_gated_cnn,15,sub24,sub01;sub05;sub07;sub08;sub09;sub10;sub11;sub13;sub14;sub15;sub16;sub17;sub18;sub20;sub22;sub28;sub29,sub27,28,0.2750392556190491,0.35849514603614807,0.002,1e-05,1.0,1.0,True,False,multimodal,psd-fc-wpli,gated,cnn,True,finetune,segssl_barlow_all-patient_psd-fc-wpli_finetune_seed7_pre20_proj32_mask0_03_noise0_02_mlp1_0_sup100,True,barlow,psd,all-patient,True,7,1.0,0.1,32,0.03,0.02
multimodal_psd-fc-wpli_gated_cnn,15,sub24,sub01;sub05;sub07;sub08;sub09;sub10;sub11;sub13;sub14;sub15;sub16;sub17;sub18;sub20;sub22;sub28;sub29,sub27,29,0.25284406542778015,0.33745235204696655,0.002,1e-05,1.0,1.0,True,False,multimodal,psd-fc-wpli,gated,cnn,True,finetune,segssl_barlow_all-patient_psd-fc-wpli_finetune_seed7_pre20_proj32_mask0_03_noise0_02_mlp1_0_sup100,True,barlow,psd,all-patient,True,7,1.0,0.1,32,0.03,0.02
multimodal_psd-fc-wpli_gated_cnn,15,sub24,sub01;sub05;sub07;sub08;sub09;sub10;sub11;sub13;sub14;sub15;sub16;sub17;sub18;sub20;sub22;sub28;sub29,sub27,30,0.23176322877407074,0.3135451078414917,0.002,1e-05,1.0,1.0,True,False,multimodal,psd-fc-wpli,gated,cnn,True,finetune,segssl_barlow_all-patient_psd-fc-wpli_finetune_seed7_pre20_proj32_mask0_03_noise0_02_mlp1_0_sup100,True,barlow,psd,all-patient,True,7,1.0,0.1,32,0.03,0.02
multimodal_psd-fc-wpli_gated_cnn,15,sub24,sub01;sub05;sub07;sub08;sub09;sub10;sub11;sub13;sub14;sub15;sub16;sub17;sub18;sub20;sub22;sub28;sub29,sub27,31,0.21157141029834747,0.29002758860588074,0.002,1e-05,1.0,1.0,True,False,multimodal,psd-fc-wpli,gated,cnn,True,finetune,segssl_barlow_all-patient_psd-fc-wpli_finetune_seed7_pre20_proj32_mask0_03_noise0_02_mlp1_0_sup100,True,barlow,psd,all-patient,True,7,1.0,0.1,32,0.03,0.02
multimodal_psd-fc-wpli_gated_cnn,15,sub24,sub01;sub05;sub07;sub08;sub09;sub10;sub11;sub13;sub14;sub15;sub16;sub17;sub18;sub20;sub22;sub28;sub29,sub27,32,0.1928461492061615,0.2679089903831482,0.002,1e-05,1.0,1.0,True,False,multimodal,psd-fc-wpli,gated,cnn,True,finetune,segssl_barlow_all-patient_psd-fc-wpli_finetune_seed7_pre20_proj32_mask0_03_noise0_02_mlp1_0_sup100,True,barlow,psd,all-patient,True,7,1.0,0.1,32,0.03,0.02
multimodal_psd-fc-wpli_gated_cnn,15,sub24,sub01;sub05;sub07;sub08;sub09;sub10;sub11;sub13;sub14;sub15;sub16;sub17;sub18;sub20;sub22;sub28;sub29,sub27,33,0.17560407519340515,0.2460349202156067,0.002,1e-05,1.0,1.0,True,False,multimodal,psd-fc-wpli,gated,cnn,True,finetune,segssl_barlow_all-patient_psd-fc-wpli_finetune_seed7_pre20_proj32_mask0_03_noise0_02_mlp1_0_sup100,True,barlow,psd,all-patient,True,7,1.0,0.1,32,0.03,0.02
multimodal_psd-fc-wpli_gated_cnn,15,sub24,sub01;sub05;sub07;sub08;sub09;sub10;sub11;sub13;sub14;sub15;sub16;sub17;sub18;sub20;sub22;sub28;sub29,sub27,34,0.159263476729393,0.22435013949871063,0.002,1e-05,1.0,1.0,True,False,multimodal,psd-fc-wpli,gated,cnn,True,finetune,segssl_barlow_all-patient_psd-fc-wpli_finetune_seed7_pre20_proj32_mask0_03_noise0_02_mlp1_0_sup100,True,barlow,psd,all-patient,True,7,1.0,0.1,32,0.03,0.02
multimodal_psd-fc-wpli_gated_cnn,15,sub24,sub01;sub05;sub07;sub08;sub09;sub10;sub11;sub13;sub14;sub15;sub16;sub17;sub18;sub20;sub22;sub28;sub29,sub27,35,0.14389149844646454,0.20446331799030304,0.002,1e-05,1.0,1.0,True,False,multimodal,psd-fc-wpli,gated,cnn,True,finetune,segssl_barlow_all-patient_psd-fc-wpli_finetune_seed7_pre20_proj32_mask0_03_noise0_02_mlp1_0_sup100,True,barlow,psd,all-patient,True,7,1.0,0.1,32,0.03,0.02
multimodal_psd-fc-wpli_gated_cnn,15,sub24,sub01;sub05;sub07;sub08;sub09;sub10;sub11;sub13;sub14;sub15;sub16;sub17;sub18;sub20;sub22;sub28;sub29,sub27,36,0.12962187826633453,0.18837597966194153,0.002,1e-05,1.0,1.0,True,False,multimodal,psd-fc-wpli,gated,cnn,True,finetune,segssl_barlow_all-patient_psd-fc-wpli_finetune_seed7_pre20_proj32_mask0_03_noise0_02_mlp1_0_sup100,True,barlow,psd,all-patient,True,7,1.0,0.1,32,0.03,0.02
multimodal_psd-fc-wpli_gated_cnn,15,sub24,sub01;sub05;sub07;sub08;sub09;sub10;sub11;sub13;sub14;sub15;sub16;sub17;sub18;sub20;sub22;sub28;sub29,sub27,37,0.1160365417599678,0.17298777401447296,0.002,1e-05,1.0,1.0,True,False,multimodal,psd-fc-wpli,gated,cnn,True,finetune,segssl_barlow_all-patient_psd-fc-wpli_finetune_seed7_pre20_proj32_mask0_03_noise0_02_mlp1_0_sup100,True,barlow,psd,all-patient,True,7,1.0,0.1,32,0.03,0.02
multimodal_psd-fc-wpli_gated_cnn,15,sub24,sub01;sub05;sub07;sub08;sub09;sub10;sub11;sub13;sub14;sub15;sub16;sub17;sub18;sub20;sub22;sub28;sub29,sub27,38,0.10352790355682373,0.15589691698551178,0.002,1e-05,1.0,1.0,True,False,multimodal,psd-fc-wpli,gated,cnn,True,finetune,segssl_barlow_all-patient_psd-fc-wpli_finetune_seed7_pre20_proj32_mask0_03_noise0_02_mlp1_0_sup100,True,barlow,psd,all-patient,True,7,1.0,0.1,32,0.03,0.02
multimodal_psd-fc-wpli_gated_cnn,15,sub24,sub01;sub05;sub07;sub08;sub09;sub10;sub11;sub13;sub14;sub15;sub16;sub17;sub18;sub20;sub22;sub28;sub29,sub27,39,0.09202764928340912,0.13427498936653137,0.002,1e-05,1.0,1.0,True,False,multimodal,psd-fc-wpli,gated,cnn,True,finetune,segssl_barlow_all-patient_psd-fc-wpli_finetune_seed7_pre20_proj32_mask0_03_noise0_02_mlp1_0_sup100,True,barlow,psd,all-patient,True,7,1.0,0.1,32,0.03,0.02
multimodal_psd-fc-wpli_gated_cnn,15,sub24,sub01;sub05;sub07;sub08;sub09;sub10;sub11;sub13;sub14;sub15;sub16;sub17;sub18;sub20;sub22;sub28;sub29,sub27,40,0.08136609196662903,0.11015462875366211,0.002,1e-05,1.0,1.0,True,False,multimodal,psd-fc-wpli,gated,cnn,True,finetune,segssl_barlow_all-patient_psd-fc-wpli_finetune_seed7_pre20_proj32_mask0_03_noise0_02_mlp1_0_sup100,True,barlow,psd,all-patient,True,7,1.0,0.1,32,0.03,0.02
multimodal_psd-fc-wpli_gated_cnn,15,sub24,sub01;sub05;sub07;sub08;sub09;sub10;sub11;sub13;sub14;sub15;sub16;sub17;sub18;sub20;sub22;sub28;sub29,sub27,41,0.0715603306889534,0.08896903693675995,0.002,1e-05,1.0,1.0,True,False,multimodal,psd-fc-wpli,gated,cnn,True,finetune,segssl_barlow_all-patient_psd-fc-wpli_finetune_seed7_pre20_proj32_mask0_03_noise0_02_mlp1_0_sup100,True,barlow,psd,all-patient,True,7,1.0,0.1,32,0.03,0.02
multimodal_psd-fc-wpli_gated_cnn,15,sub24,sub01;sub05;sub07;sub08;sub09;sub10;sub11;sub13;sub14;sub15;sub16;sub17;sub18;sub20;sub22;sub28;sub29,sub27,42,0.06262905150651932,0.07272335886955261,0.002,1e-05,1.0,1.0,True,False,multimodal,psd-fc-wpli,gated,cnn,True,finetune,segssl_barlow_all-patient_psd-fc-wpli_finetune_seed7_pre20_proj32_mask0_03_noise0_02_mlp1_0_sup100,True,barlow,psd,all-patient,True,7,1.0,0.1,32,0.03,0.02
multimodal_psd-fc-wpli_gated_cnn,15,sub24,sub01;sub05;sub07;sub08;sub09;sub10;sub11;sub13;sub14;sub15;sub16;sub17;sub18;sub20;sub22;sub28;sub29,sub27,43,0.05454164743423462,0.05979078263044357,0.002,1e-05,1.0,1.0,True,False,multimodal,psd-fc-wpli,gated,cnn,True,finetune,segssl_barlow_all-patient_psd-fc-wpli_finetune_seed7_pre20_proj32_mask0_03_noise0_02_mlp1_0_sup100,True,barlow,psd,all-patient,True,7,1.0,0.1,32,0.03,0.02
multimodal_psd-fc-wpli_gated_cnn,15,sub24,sub01;sub05;sub07;sub08;sub09;sub10;sub11;sub13;sub14;sub15;sub16;sub17;sub18;sub20;sub22;sub28;sub29,sub27,44,0.04730023816227913,0.049556367099285126,0.002,1e-05,1.0,1.0,True,False,multimodal,psd-fc-wpli,gated,cnn,True,finetune,segssl_barlow_all-patient_psd-fc-wpli_finetune_seed7_pre20_proj32_mask0_03_noise0_02_mlp1_0_sup100,True,barlow,psd,all-patient,True,7,1.0,0.1,32,0.03,0.02
multimodal_psd-fc-wpli_gated_cnn,15,sub24,sub01;sub05;sub07;sub08;sub09;sub10;sub11;sub13;sub14;sub15;sub16;sub17;sub18;sub20;sub22;sub28;sub29,sub27,45,0.04094366356730461,0.04147782176733017,0.002,1e-05,1.0,1.0,True,False,multimodal,psd-fc-wpli,gated,cnn,True,finetune,segssl_barlow_all-patient_psd-fc-wpli_finetune_seed7_pre20_proj32_mask0_03_noise0_02_mlp1_0_sup100,True,barlow,psd,all-patient,True,7,1.0,0.1,32,0.03,0.02
multimodal_psd-fc-wpli_gated_cnn,15,sub24,sub01;sub05;sub07;sub08;sub09;sub10;sub11;sub13;sub14;sub15;sub16;sub17;sub18;sub20;sub22;sub28;sub29,sub27,46,0.035366032272577286,0.03517752140760422,0.002,1e-05,1.0,1.0,True,False,multimodal,psd-fc-wpli,gated,cnn,True,finetune,segssl_barlow_all-patient_psd-fc-wpli_finetune_seed7_pre20_proj32_mask0_03_noise0_02_mlp1_0_sup100,True,barlow,psd,all-patient,True,7,1.0,0.1,32,0.03,0.02
multimodal_psd-fc-wpli_gated_cnn,15,sub24,sub01;sub05;sub07;sub08;sub09;sub10;sub11;sub13;sub14;sub15;sub16;sub17;sub18;sub20;sub22;sub28;sub29,sub27,47,0.030474964529275894,0.03023061715066433,0.002,1e-05,1.0,1.0,True,False,multimodal,psd-fc-wpli,gated,cnn,True,finetune,segssl_barlow_all-patient_psd-fc-wpli_finetune_seed7_pre20_proj32_mask0_03_noise0_02_mlp1_0_sup100,True,barlow,psd,all-patient,True,7,1.0,0.1,32,0.03,0.02
multimodal_psd-fc-wpli_gated_cnn,15,sub24,sub01;sub05;sub07;sub08;sub09;sub10;sub11;sub13;sub14;sub15;sub16;sub17;sub18;sub20;sub22;sub28;sub29,sub27,48,0.02623038925230503,0.02624700777232647,0.002,1e-05,1.0,1.0,True,False,multimodal,psd-fc-wpli,gated,cnn,True,finetune,segssl_barlow_all-patient_psd-fc-wpli_finetune_seed7_pre20_proj32_mask0_03_noise0_02_mlp1_0_sup100,True,barlow,psd,all-patient,True,7,1.0,0.1,32,0.03,0.02
multimodal_psd-fc-wpli_gated_cnn,15,sub24,sub01;sub05;sub07;sub08;sub09;sub10;sub11;sub13;sub14;sub15;sub16;sub17;sub18;sub20;sub22;sub28;sub29,sub27,49,0.02259332872927189,0.02294912002980709,0.002,1e-05,1.0,1.0,True,False,multimodal,psd-fc-wpli,gated,cnn,True,finetune,segssl_barlow_all-patient_psd-fc-wpli_finetune_seed7_pre20_proj32_mask0_03_noise0_02_mlp1_0_sup100,True,barlow,psd,all-patient,True,7,1.0,0.1,32,0.03,0.02
multimodal_psd-fc-wpli_gated_cnn,15,sub24,sub01;sub05;sub07;sub08;sub09;sub10;sub11;sub13;sub14;sub15;sub16;sub17;sub18;sub20;sub22;sub28;sub29,sub27,50,0.019496098160743713,0.020161695778369904,0.002,1e-05,1.0,1.0,True,False,multimodal,psd-fc-wpli,gated,cnn,True,finetune,segssl_barlow_all-patient_psd-fc-wpli_finetune_seed7_pre20_proj32_mask0_03_noise0_02_mlp1_0_sup100,True,barlow,psd,all-patient,True,7,1.0,0.1,32,0.03,0.02
multimodal_psd-fc-wpli_gated_cnn,15,sub24,sub01;sub05;sub07;sub08;sub09;sub10;sub11;sub13;sub14;sub15;sub16;sub17;sub18;sub20;sub22;sub28;sub29,sub27,51,0.01686382293701172,0.017770009115338326,0.002,1e-05,1.0,1.0,True,False,multimodal,psd-fc-wpli,gated,cnn,True,finetune,segssl_barlow_all-patient_psd-fc-wpli_finetune_seed7_pre20_proj32_mask0_03_noise0_02_mlp1_0_sup100,True,barlow,psd,all-patient,True,7,1.0,0.1,32,0.03,0.02
multimodal_psd-fc-wpli_gated_cnn,15,sub24,sub01;sub05;sub07;sub08;sub09;sub10;sub11;sub13;sub14;sub15;sub16;sub17;sub18;sub20;sub22;sub28;sub29,sub27,52,0.014627469703555107,0.01570100709795952,0.002,1e-05,1.0,1.0,True,False,multimodal,psd-fc-wpli,gated,cnn,True,finetune,segssl_barlow_all-patient_psd-fc-wpli_finetune_seed7_pre20_proj32_mask0_03_noise0_02_mlp1_0_sup100,True,barlow,psd,all-patient,True,7,1.0,0.1,32,0.03,0.02
multimodal_psd-fc-wpli_gated_cnn,15,sub24,sub01;sub05;sub07;sub08;sub09;sub10;sub11;sub13;sub14;sub15;sub16;sub17;sub18;sub20;sub22;sub28;sub29,sub27,53,0.012725136242806911,0.013902476988732815,0.002,1e-05,1.0,1.0,True,False,multimodal,psd-fc-wpli,gated,cnn,True,finetune,segssl_barlow_all-patient_psd-fc-wpli_finetune_seed7_pre20_proj32_mask0_03_noise0_02_mlp1_0_sup100,True,barlow,psd,all-patient,True,7,1.0,0.1,32,0.03,0.02
multimodal_psd-fc-wpli_gated_cnn,15,sub24,sub01;sub05;sub07;sub08;sub09;sub10;sub11;sub13;sub14;sub15;sub16;sub17;sub18;sub20;sub22;sub28;sub29,sub27,54,0.011109667830169201,0.01234200969338417,0.002,1e-05,1.0,1.0,True,False,multimodal,psd-fc-wpli,gated,cnn,True,finetune,segssl_barlow_all-patient_psd-fc-wpli_finetune_seed7_pre20_proj32_mask0_03_noise0_02_mlp1_0_sup100,True,barlow,psd,all-patient,True,7,1.0,0.1,32,0.03,0.02
multimodal_psd-fc-wpli_gated_cnn,15,sub24,sub01;sub05;sub07;sub08;sub09;sub10;sub11;sub13;sub14;sub15;sub16;sub17;sub18;sub20;sub22;sub28;sub29,sub27,55,0.009735753759741783,0.010954377241432667,0.002,1e-05,1.0,1.0,True,False,multimodal,psd-fc-wpli,gated,cnn,True,finetune,segssl_barlow_all-patient_psd-fc-wpli_finetune_seed7_pre20_proj32_mask0_03_noise0_02_mlp1_0_sup100,True,barlow,psd,all-patient,True,7,1.0,0.1,32,0.03,0.02
multimodal_psd-fc-wpli_gated_cnn,15,sub24,sub01;sub05;sub07;sub08;sub09;sub10;sub11;sub13;sub14;sub15;sub16;sub17;sub18;sub20;sub22;sub28;sub29,sub27,56,0.008564731106162071,0.009714609943330288,0.002,1e-05,1.0,1.0,True,False,multimodal,psd-fc-wpli,gated,cnn,True,finetune,segssl_barlow_all-patient_psd-fc-wpli_finetune_seed7_pre20_proj32_mask0_03_noise0_02_mlp1_0_sup100,True,barlow,psd,all-patient,True,7,1.0,0.1,32,0.03,0.02
multimodal_psd-fc-wpli_gated_cnn,15,sub24,sub01;sub05;sub07;sub08;sub09;sub10;sub11;sub13;sub14;sub15;sub16;sub17;sub18;sub20;sub22;sub28;sub29,sub27,57,0.007563285995274782,0.008647230453789234,0.002,1e-05,1.0,1.0,True,False,multimodal,psd-fc-wpli,gated,cnn,True,finetune,segssl_barlow_all-patient_psd-fc-wpli_finetune_seed7_pre20_proj32_mask0_03_noise0_02_mlp1_0_sup100,True,barlow,psd,all-patient,True,7,1.0,0.1,32,0.03,0.02
multimodal_psd-fc-wpli_gated_cnn,15,sub24,sub01;sub05;sub07;sub08;sub09;sub10;sub11;sub13;sub14;sub15;sub16;sub17;sub18;sub20;sub22;sub28;sub29,sub27,58,0.006705735344439745,0.007727361749857664,0.002,1e-05,1.0,1.0,True,False,multimodal,psd-fc-wpli,gated,cnn,True,finetune,segssl_barlow_all-patient_psd-fc-wpli_finetune_seed7_pre20_proj32_mask0_03_noise0_02_mlp1_0_sup100,True,barlow,psd,all-patient,True,7,1.0,0.1,32,0.03,0.02
multimodal_psd-fc-wpli_gated_cnn,15,sub24,sub01;sub05;sub07;sub08;sub09;sub10;sub11;sub13;sub14;sub15;sub16;sub17;sub18;sub20;sub22;sub28;sub29,sub27,59,0.005970131605863571,0.006932870484888554,0.002,1e-05,1.0,1.0,True,False,multimodal,psd-fc-wpli,gated,cnn,True,finetune,segssl_barlow_all-patient_psd-fc-wpli_finetune_seed7_pre20_proj32_mask0_03_noise0_02_mlp1_0_sup100,True,barlow,psd,all-patient,True,7,1.0,0.1,32,0.03,0.02
multimodal_psd-fc-wpli_gated_cnn,15,sub24,sub01;sub05;sub07;sub08;sub09;sub10;sub11;sub13;sub14;sub15;sub16;sub17;sub18;sub20;sub22;sub28;sub29,sub27,60,0.005337642505764961,0.006245945580303669,0.002,1e-05,1.0,1.0,True,False,multimodal,psd-fc-wpli,gated,cnn,True,finetune,segssl_barlow_all-patient_psd-fc-wpli_finetune_seed7_pre20_proj32_mask0_03_noise0_02_mlp1_0_sup100,True,barlow,psd,all-patient,True,7,1.0,0.1,32,0.03,0.02
multimodal_psd-fc-wpli_gated_cnn,15,sub24,sub01;sub05;sub07;sub08;sub09;sub10;sub11;sub13;sub14;sub15;sub16;sub17;sub18;sub20;sub22;sub28;sub29,sub27,61,0.004789241589605808,0.005650120787322521,0.002,1e-05,1.0,1.0,True,False,multimodal,psd-fc-wpli,gated,cnn,True,finetune,segssl_barlow_all-patient_psd-fc-wpli_finetune_seed7_pre20_proj32_mask0_03_noise0_02_mlp1_0_sup100,True,barlow,psd,all-patient,True,7,1.0,0.1,32,0.03,0.02
multimodal_psd-fc-wpli_gated_cnn,15,sub24,sub01;sub05;sub07;sub08;sub09;sub10;sub11;sub13;sub14;sub15;sub16;sub17;sub18;sub20;sub22;sub28;sub29,sub27,62,0.004315331112593412,0.005131873302161694,0.002,1e-05,1.0,1.0,True,False,multimodal,psd-fc-wpli,gated,cnn,True,finetune,segssl_barlow_all-patient_psd-fc-wpli_finetune_seed7_pre20_proj32_mask0_03_noise0_02_mlp1_0_sup100,True,barlow,psd,all-patient,True,7,1.0,0.1,32,0.03,0.02
multimodal_psd-fc-wpli_gated_cnn,15,sub24,sub01;sub05;sub07;sub08;sub09;sub10;sub11;sub13;sub14;sub15;sub16;sub17;sub18;sub20;sub22;sub28;sub29,sub27,63,0.003904717741534114,0.004682998638600111,0.002,1e-05,1.0,1.0,True,False,multimodal,psd-fc-wpli,gated,cnn,True,finetune,segssl_barlow_all-patient_psd-fc-wpli_finetune_seed7_pre20_proj32_mask0_03_noise0_02_mlp1_0_sup100,True,barlow,psd,all-patient,True,7,1.0,0.1,32,0.03,0.02
multimodal_psd-fc-wpli_gated_cnn,15,sub24,sub01;sub05;sub07;sub08;sub09;sub10;sub11;sub13;sub14;sub15;sub16;sub17;sub18;sub20;sub22;sub28;sub29,sub27,64,0.0035470640286803246,0.004288078751415014,0.002,1e-05,1.0,1.0,True,False,multimodal,psd-fc-wpli,gated,cnn,True,finetune,segssl_barlow_all-patient_psd-fc-wpli_finetune_seed7_pre20_proj32_mask0_03_noise0_02_mlp1_0_sup100,True,barlow,psd,all-patient,True,7,1.0,0.1,32,0.03,0.02
multimodal_psd-fc-wpli_gated_cnn,15,sub24,sub01;sub05;sub07;sub08;sub09;sub10;sub11;sub13;sub14;sub15;sub16;sub17;sub18;sub20;sub22;sub28;sub29,sub27,65,0.0032344541978091,0.003941006492823362,0.002,1e-05,1.0,1.0,True,False,multimodal,psd-fc-wpli,gated,cnn,True,finetune,segssl_barlow_all-patient_psd-fc-wpli_finetune_seed7_pre20_proj32_mask0_03_noise0_02_mlp1_0_sup100,True,barlow,psd,all-patient,True,7,1.0,0.1,32,0.03,0.02
multimodal_psd-fc-wpli_gated_cnn,15,sub24,sub01;sub05;sub07;sub08;sub09;sub10;sub11;sub13;sub14;sub15;sub16;sub17;sub18;sub20;sub22;sub28;sub29,sub27,66,0.002960326848551631,0.0036368859000504017,0.002,1e-05,1.0,1.0,True,False,multimodal,psd-fc-wpli,gated,cnn,True,finetune,segssl_barlow_all-patient_psd-fc-wpli_finetune_seed7_pre20_proj32_mask0_03_noise0_02_mlp1_0_sup100,True,barlow,psd,all-patient,True,7,1.0,0.1,32,0.03,0.02
multimodal_psd-fc-wpli_gated_cnn,15,sub24,sub01;sub05;sub07;sub08;sub09;sub10;sub11;sub13;sub14;sub15;sub16;sub17;sub18;sub20;sub22;sub28;sub29,sub27,67,0.00271965516731143,0.00336844171397388,0.002,1e-05,1.0,1.0,True,False,multimodal,psd-fc-wpli,gated,cnn,True,finetune,segssl_barlow_all-patient_psd-fc-wpli_finetune_seed7_pre20_proj32_mask0_03_noise0_02_mlp1_0_sup100,True,barlow,psd,all-patient,True,7,1.0,0.1,32,0.03,0.02
multimodal_psd-fc-wpli_gated_cnn,15,sub24,sub01;sub05;sub07;sub08;sub09;sub10;sub11;sub13;sub14;sub15;sub16;sub17;sub18;sub20;sub22;sub28;sub29,sub27,68,0.0025073629803955555,0.00313253584317863,0.002,1e-05,1.0,1.0,True,False,multimodal,psd-fc-wpli,gated,cnn,True,finetune,segssl_barlow_all-patient_psd-fc-wpli_finetune_seed7_pre20_proj32_mask0_03_noise0_02_mlp1_0_sup100,True,barlow,psd,all-patient,True,7,1.0,0.1,32,0.03,0.02
multimodal_psd-fc-wpli_gated_cnn,15,sub24,sub01;sub05;sub07;sub08;sub09;sub10;sub11;sub13;sub14;sub15;sub16;sub17;sub18;sub20;sub22;sub28;sub29,sub27,69,0.0023198535200208426,0.0029274115804582834,0.002,1e-05,1.0,1.0,True,False,multimodal,psd-fc-wpli,gated,cnn,True,finetune,segssl_barlow_all-patient_psd-fc-wpli_finetune_seed7_pre20_proj32_mask0_03_noise0_02_mlp1_0_sup100,True,barlow,psd,all-patient,True,7,1.0,0.1,32,0.03,0.02
multimodal_psd-fc-wpli_gated_cnn,15,sub24,sub01;sub05;sub07;sub08;sub09;sub10;sub11;sub13;sub14;sub15;sub16;sub17;sub18;sub20;sub22;sub28;sub29,sub27,70,0.0021544229239225388,0.0027506595943123102,0.002,1e-05,1.0,1.0,True,False,multimodal,psd-fc-wpli,gated,cnn,True,finetune,segssl_barlow_all-patient_psd-fc-wpli_finetune_seed7_pre20_proj32_mask0_03_noise0_02_mlp1_0_sup100,True,barlow,psd,all-patient,True,7,1.0,0.1,32,0.03,0.02
multimodal_psd-fc-wpli_gated_cnn,15,sub24,sub01;sub05;sub07;sub08;sub09;sub10;sub11;sub13;sub14;sub15;sub16;sub17;sub18;sub20;sub22;sub28;sub29,sub27,71,0.0020081549882888794,0.0025909701362252235,0.002,1e-05,1.0,1.0,True,False,multimodal,psd-fc-wpli,gated,cnn,True,finetune,segssl_barlow_all-patient_psd-fc-wpli_finetune_seed7_pre20_proj32_mask0_03_noise0_02_mlp1_0_sup100,True,barlow,psd,all-patient,True,7,1.0,0.1,32,0.03,0.02
multimodal_psd-fc-wpli_gated_cnn,15,sub24,sub01;sub05;sub07;sub08;sub09;sub10;sub11;sub13;sub14;sub15;sub16;sub17;sub18;sub20;sub22;sub28;sub29,sub27,72,0.0018780099926516414,0.002445705933496356,0.002,1e-05,1.0,1.0,True,False,multimodal,psd-fc-wpli,gated,cnn,True,finetune,segssl_barlow_all-patient_psd-fc-wpli_finetune_seed7_pre20_proj32_mask0_03_noise0_02_mlp1_0_sup100,True,barlow,psd,all-patient,True,7,1.0,0.1,32,0.03,0.02
multimodal_psd-fc-wpli_gated_cnn,15,sub24,sub01;sub05;sub07;sub08;sub09;sub10;sub11;sub13;sub14;sub15;sub16;sub17;sub18;sub20;sub22;sub28;sub29,sub27,73,0.0017617525300011039,0.0023137852549552917,0.002,1e-05,1.0,1.0,True,False,multimodal,psd-fc-wpli,gated,cnn,True,finetune,segssl_barlow_all-patient_psd-fc-wpli_finetune_seed7_pre20_proj32_mask0_03_noise0_02_mlp1_0_sup100,True,barlow,psd,all-patient,True,7,1.0,0.1,32,0.03,0.02
multimodal_psd-fc-wpli_gated_cnn,15,sub24,sub01;sub05;sub07;sub08;sub09;sub10;sub11;sub13;sub14;sub15;sub16;sub17;sub18;sub20;sub22;sub28;sub29,sub27,74,0.0016577698988839984,0.002199742943048477,0.002,1e-05,1.0,1.0,True,False,multimodal,psd-fc-wpli,gated,cnn,True,finetune,segssl_barlow_all-patient_psd-fc-wpli_finetune_seed7_pre20_proj32_mask0_03_noise0_02_mlp1_0_sup100,True,barlow,psd,all-patient,True,7,1.0,0.1,32,0.03,0.02
multimodal_psd-fc-wpli_gated_cnn,15,sub24,sub01;sub05;sub07;sub08;sub09;sub10;sub11;sub13;sub14;sub15;sub16;sub17;sub18;sub20;sub22;sub28;sub29,sub27,75,0.0015645151725038886,0.002097540069371462,0.002,1e-05,1.0,1.0,True,False,multimodal,psd-fc-wpli,gated,cnn,True,finetune,segssl_barlow_all-patient_psd-fc-wpli_finetune_seed7_pre20_proj32_mask0_03_noise0_02_mlp1_0_sup100,True,barlow,psd,all-patient,True,7,1.0,0.1,32,0.03,0.02
multimodal_psd-fc-wpli_gated_cnn,15,sub24,sub01;sub05;sub07;sub08;sub09;sub10;sub11;sub13;sub14;sub15;sub16;sub17;sub18;sub20;sub22;sub28;sub29,sub27,76,0.0014806119725108147,0.0020044255070388317,0.002,1e-05,1.0,1.0,True,False,multimodal,psd-fc-wpli,gated,cnn,True,finetune,segssl_barlow_all-patient_psd-fc-wpli_finetune_seed7_pre20_proj32_mask0_03_noise0_02_mlp1_0_sup100,True,barlow,psd,all-patient,True,7,1.0,0.1,32,0.03,0.02
multimodal_psd-fc-wpli_gated_cnn,15,sub24,sub01;sub05;sub07;sub08;sub09;sub10;sub11;sub13;sub14;sub15;sub16;sub17;sub18;sub20;sub22;sub28;sub29,sub27,77,0.0014048583107069135,0.0019159779185429215,0.002,1e-05,1.0,1.0,True,False,multimodal,psd-fc-wpli,gated,cnn,True,finetune,segssl_barlow_all-patient_psd-fc-wpli_finetune_seed7_pre20_proj32_mask0_03_noise0_02_mlp1_0_sup100,True,barlow,psd,all-patient,True,7,1.0,0.1,32,0.03,0.02
multimodal_psd-fc-wpli_gated_cnn,15,sub24,sub01;sub05;sub07;sub08;sub09;sub10;sub11;sub13;sub14;sub15;sub16;sub17;sub18;sub20;sub22;sub28;sub29,sub27,78,0.001336315763182938,0.0018339273519814014,0.002,1e-05,1.0,1.0,True,False,multimodal,psd-fc-wpli,gated,cnn,True,finetune,segssl_barlow_all-patient_psd-fc-wpli_finetune_seed7_pre20_proj32_mask0_03_noise0_02_mlp1_0_sup100,True,barlow,psd,all-patient,True,7,1.0,0.1,32,0.03,0.02
multimodal_psd-fc-wpli_gated_cnn,15,sub24,sub01;sub05;sub07;sub08;sub09;sub10;sub11;sub13;sub14;sub15;sub16;sub17;sub18;sub20;sub22;sub28;sub29,sub27,79,0.0012739240191876888,0.0017565409652888775,0.002,1e-05,1.0,1.0,True,False,multimodal,psd-fc-wpli,gated,cnn,True,finetune,segssl_barlow_all-patient_psd-fc-wpli_finetune_seed7_pre20_proj32_mask0_03_noise0_02_mlp1_0_sup100,True,barlow,psd,all-patient,True,7,1.0,0.1,32,0.03,0.02
multimodal_psd-fc-wpli_gated_cnn,15,sub24,sub01;sub05;sub07;sub08;sub09;sub10;sub11;sub13;sub14;sub15;sub16;sub17;sub18;sub20;sub22;sub28;sub29,sub27,80,0.001217171549797058,0.0016850116662681103,0.002,1e-05,1.0,1.0,True,False,multimodal,psd-fc-wpli,gated,cnn,True,finetune,segssl_barlow_all-patient_psd-fc-wpli_finetune_seed7_pre20_proj32_mask0_03_noise0_02_mlp1_0_sup100,True,barlow,psd,all-patient,True,7,1.0,0.1,32,0.03,0.02
multimodal_psd-fc-wpli_gated_cnn,15,sub24,sub01;sub05;sub07;sub08;sub09;sub10;sub11;sub13;sub14;sub15;sub16;sub17;sub18;sub20;sub22;sub28;sub29,sub27,81,0.001165409805253148,0.0016194575000554323,0.002,1e-05,1.0,1.0,True,False,multimodal,psd-fc-wpli,gated,cnn,True,finetune,segssl_barlow_all-patient_psd-fc-wpli_finetune_seed7_pre20_proj32_mask0_03_noise0_02_mlp1_0_sup100,True,barlow,psd,all-patient,True,7,1.0,0.1,32,0.03,0.02
multimodal_psd-fc-wpli_gated_cnn,15,sub24,sub01;sub05;sub07;sub08;sub09;sub10;sub11;sub13;sub14;sub15;sub16;sub17;sub18;sub20;sub22;sub28;sub29,sub27,82,0.0011180690489709377,0.0015600565820932388,0.002,1e-05,1.0,1.0,True,False,multimodal,psd-fc-wpli,gated,cnn,True,finetune,segssl_barlow_all-patient_psd-fc-wpli_finetune_seed7_pre20_proj32_mask0_03_noise0_02_mlp1_0_sup100,True,barlow,psd,all-patient,True,7,1.0,0.1,32,0.03,0.02
multimodal_psd-fc-wpli_gated_cnn,15,sub24,sub01;sub05;sub07;sub08;sub09;sub10;sub11;sub13;sub14;sub15;sub16;sub17;sub18;sub20;sub22;sub28;sub29,sub27,83,0.0010746325133368373,0.0015067479107528925,0.002,1e-05,1.0,1.0,True,False,multimodal,psd-fc-wpli,gated,cnn,True,finetune,segssl_barlow_all-patient_psd-fc-wpli_finetune_seed7_pre20_proj32_mask0_03_noise0_02_mlp1_0_sup100,True,barlow,psd,all-patient,True,7,1.0,0.1,32,0.03,0.02
multimodal_psd-fc-wpli_gated_cnn,15,sub24,sub01;sub05;sub07;sub08;sub09;sub10;sub11;sub13;sub14;sub15;sub16;sub17;sub18;sub20;sub22;sub28;sub29,sub27,84,0.0010346898343414068,0.0014589934144169092,0.002,1e-05,1.0,1.0,True,False,multimodal,psd-fc-wpli,gated,cnn,True,finetune,segssl_barlow_all-patient_psd-fc-wpli_finetune_seed7_pre20_proj32_mask0_03_noise0_02_mlp1_0_sup100,True,barlow,psd,all-patient,True,7,1.0,0.1,32,0.03,0.02
multimodal_psd-fc-wpli_gated_cnn,15,sub24,sub01;sub05;sub07;sub08;sub09;sub10;sub11;sub13;sub14;sub15;sub16;sub17;sub18;sub20;sub22;sub28;sub29,sub27,85,0.000997830298729241,0.0014168519992381334,0.002,1e-05,1.0,1.0,True,False,multimodal,psd-fc-wpli,gated,cnn,True,finetune,segssl_barlow_all-patient_psd-fc-wpli_finetune_seed7_pre20_proj32_mask0_03_noise0_02_mlp1_0_sup100,True,barlow,psd,all-patient,True,7,1.0,0.1,32,0.03,0.02
multimodal_psd-fc-wpli_gated_cnn,15,sub24,sub01;sub05;sub07;sub08;sub09;sub10;sub11;sub13;sub14;sub15;sub16;sub17;sub18;sub20;sub22;sub28;sub29,sub27,86,0.0009637302136979997,0.0013798454310745,0.002,1e-05,1.0,1.0,True,False,multimodal,psd-fc-wpli,gated,cnn,True,finetune,segssl_barlow_all-patient_psd-fc-wpli_finetune_seed7_pre20_proj32_mask0_03_noise0_02_mlp1_0_sup100,True,barlow,psd,all-patient,True,7,1.0,0.1,32,0.03,0.02
multimodal_psd-fc-wpli_gated_cnn,15,sub24,sub01;sub05;sub07;sub08;sub09;sub10;sub11;sub13;sub14;sub15;sub16;sub17;sub18;sub20;sub22;sub28;sub29,sub27,87,0.0009321449906565249,0.001347734360024333,0.002,1e-05,1.0,1.0,True,False,multimodal,psd-fc-wpli,gated,cnn,True,finetune,segssl_barlow_all-patient_psd-fc-wpli_finetune_seed7_pre20_proj32_mask0_03_noise0_02_mlp1_0_sup100,True,barlow,psd,all-patient,True,7,1.0,0.1,32,0.03,0.02
multimodal_psd-fc-wpli_gated_cnn,15,sub24,sub01;sub05;sub07;sub08;sub09;sub10;sub11;sub13;sub14;sub15;sub16;sub17;sub18;sub20;sub22;sub28;sub29,sub27,88,0.0009027966298162937,0.0013197424123063684,0.002,1e-05,1.0,1.0,True,False,multimodal,psd-fc-wpli,gated,cnn,True,finetune,segssl_barlow_all-patient_psd-fc-wpli_finetune_seed7_pre20_proj32_mask0_03_noise0_02_mlp1_0_sup100,True,barlow,psd,all-patient,True,7,1.0,0.1,32,0.03,0.02
multimodal_psd-fc-wpli_gated_cnn,15,sub24,sub01;sub05;sub07;sub08;sub09;sub10;sub11;sub13;sub14;sub15;sub16;sub17;sub18;sub20;sub22;sub28;sub29,sub27,89,0.0008754951413720846,0.0012950935633853078,0.002,1e-05,1.0,1.0,True,False,multimodal,psd-fc-wpli,gated,cnn,True,finetune,segssl_barlow_all-patient_psd-fc-wpli_finetune_seed7_pre20_proj32_mask0_03_noise0_02_mlp1_0_sup100,True,barlow,psd,all-patient,True,7,1.0,0.1,32,0.03,0.02
multimodal_psd-fc-wpli_gated_cnn,15,sub24,sub01;sub05;sub07;sub08;sub09;sub10;sub11;sub13;sub14;sub15;sub16;sub17;sub18;sub20;sub22;sub28;sub29,sub27,90,0.0008500810945406556,0.0012728323927149177,0.002,1e-05,1.0,1.0,True,False,multimodal,psd-fc-wpli,gated,cnn,True,finetune,segssl_barlow_all-patient_psd-fc-wpli_finetune_seed7_pre20_proj32_mask0_03_noise0_02_mlp1_0_sup100,True,barlow,psd,all-patient,True,7,1.0,0.1,32,0.03,0.02
multimodal_psd-fc-wpli_gated_cnn,15,sub24,sub01;sub05;sub07;sub08;sub09;sub10;sub11;sub13;sub14;sub15;sub16;sub17;sub18;sub20;sub22;sub28;sub29,sub27,91,0.0008263727067969739,0.0012524815974757075,0.002,1e-05,1.0,1.0,True,False,multimodal,psd-fc-wpli,gated,cnn,True,finetune,segssl_barlow_all-patient_psd-fc-wpli_finetune_seed7_pre20_proj32_mask0_03_noise0_02_mlp1_0_sup100,True,barlow,psd,all-patient,True,7,1.0,0.1,32,0.03,0.02
multimodal_psd-fc-wpli_gated_cnn,15,sub24,sub01;sub05;sub07;sub08;sub09;sub10;sub11;sub13;sub14;sub15;sub16;sub17;sub18;sub20;sub22;sub28;sub29,sub27,92,0.0008042134577408433,0.0012327278964221478,0.002,1e-05,1.0,1.0,True,False,multimodal,psd-fc-wpli,gated,cnn,True,finetune,segssl_barlow_all-patient_psd-fc-wpli_finetune_seed7_pre20_proj32_mask0_03_noise0_02_mlp1_0_sup100,True,barlow,psd,all-patient,True,7,1.0,0.1,32,0.03,0.02
multimodal_psd-fc-wpli_gated_cnn,15,sub24,sub01;sub05;sub07;sub08;sub09;sub10;sub11;sub13;sub14;sub15;sub16;sub17;sub18;sub20;sub22;sub28;sub29,sub27,93,0.0007833983981981874,0.0012132730334997177,0.002,1e-05,1.0,1.0,True,False,multimodal,psd-fc-wpli,gated,cnn,True,finetune,segssl_barlow_all-patient_psd-fc-wpli_finetune_seed7_pre20_proj32_mask0_03_noise0_02_mlp1_0_sup100,True,barlow,psd,all-patient,True,7,1.0,0.1,32,0.03,0.02
multimodal_psd-fc-wpli_gated_cnn,15,sub24,sub01;sub05;sub07;sub08;sub09;sub10;sub11;sub13;sub14;sub15;sub16;sub17;sub18;sub20;sub22;sub28;sub29,sub27,94,0.0007637628586962819,0.001193997566588223,0.002,1e-05,1.0,1.0,True,False,multimodal,psd-fc-wpli,gated,cnn,True,finetune,segssl_barlow_all-patient_psd-fc-wpli_finetune_seed7_pre20_proj32_mask0_03_noise0_02_mlp1_0_sup100,True,barlow,psd,all-patient,True,7,1.0,0.1,32,0.03,0.02
multimodal_psd-fc-wpli_gated_cnn,15,sub24,sub01;sub05;sub07;sub08;sub09;sub10;sub11;sub13;sub14;sub15;sub16;sub17;sub18;sub20;sub22;sub28;sub29,sub27,95,0.0007452509016729891,0.001175796496681869,0.002,1e-05,1.0,1.0,True,False,multimodal,psd-fc-wpli,gated,cnn,True,finetune,segssl_barlow_all-patient_psd-fc-wpli_finetune_seed7_pre20_proj32_mask0_03_noise0_02_mlp1_0_sup100,True,barlow,psd,all-patient,True,7,1.0,0.1,32,0.03,0.02
multimodal_psd-fc-wpli_gated_cnn,15,sub24,sub01;sub05;sub07;sub08;sub09;sub10;sub11;sub13;sub14;sub15;sub16;sub17;sub18;sub20;sub22;sub28;sub29,sub27,96,0.0007278405246324837,0.0011588491033762693,0.002,1e-05,1.0,1.0,True,False,multimodal,psd-fc-wpli,gated,cnn,True,finetune,segssl_barlow_all-patient_psd-fc-wpli_finetune_seed7_pre20_proj32_mask0_03_noise0_02_mlp1_0_sup100,True,barlow,psd,all-patient,True,7,1.0,0.1,32,0.03,0.02
multimodal_psd-fc-wpli_gated_cnn,15,sub24,sub01;sub05;sub07;sub08;sub09;sub10;sub11;sub13;sub14;sub15;sub16;sub17;sub18;sub20;sub22;sub28;sub29,sub27,97,0.0007113787578418851,0.0011433936888352036,0.002,1e-05,1.0,1.0,True,False,multimodal,psd-fc-wpli,gated,cnn,True,finetune,segssl_barlow_all-patient_psd-fc-wpli_finetune_seed7_pre20_proj32_mask0_03_noise0_02_mlp1_0_sup100,True,barlow,psd,all-patient,True,7,1.0,0.1,32,0.03,0.02
multimodal_psd-fc-wpli_gated_cnn,15,sub24,sub01;sub05;sub07;sub08;sub09;sub10;sub11;sub13;sub14;sub15;sub16;sub17;sub18;sub20;sub22;sub28;sub29,sub27,98,0.00069576152600348,0.0011290126712992787,0.002,1e-05,1.0,1.0,True,False,multimodal,psd-fc-wpli,gated,cnn,True,finetune,segssl_barlow_all-patient_psd-fc-wpli_finetune_seed7_pre20_proj32_mask0_03_noise0_02_mlp1_0_sup100,True,barlow,psd,all-patient,True,7,1.0,0.1,32,0.03,0.02
multimodal_psd-fc-wpli_gated_cnn,15,sub24,sub01;sub05;sub07;sub08;sub09;sub10;sub11;sub13;sub14;sub15;sub16;sub17;sub18;sub20;sub22;sub28;sub29,sub27,99,0.0006809417391195893,0.0011146914912387729,0.002,1e-05,1.0,1.0,True,False,multimodal,psd-fc-wpli,gated,cnn,True,finetune,segssl_barlow_all-patient_psd-fc-wpli_finetune_seed7_pre20_proj32_mask0_03_noise0_02_mlp1_0_sup100,True,barlow,psd,all-patient,True,7,1.0,0.1,32,0.03,0.02
multimodal_psd-fc-wpli_gated_cnn,15,sub24,sub01;sub05;sub07;sub08;sub09;sub10;sub11;sub13;sub14;sub15;sub16;sub17;sub18;sub20;sub22;sub28;sub29,sub27,100,0.0006667846464551985,0.0011006688000634313,0.002,1e-05,1.0,1.0,True,False,multimodal,psd-fc-wpli,gated,cnn,True,finetune,segssl_barlow_all-patient_psd-fc-wpli_finetune_seed7_pre20_proj32_mask0_03_noise0_02_mlp1_0_sup100,True,barlow,psd,all-patient,True,7,1.0,0.1,32,0.03,0.02
multimodal_psd-fc-wpli_gated_cnn,16,sub27,sub01;sub05;sub07;sub08;sub09;sub10;sub11;sub13;sub14;sub15;sub16;sub17;sub18;sub20;sub22;sub24;sub29,sub28,1,0.6932963132858276,0.6436868906021118,0.002,1e-05,1.0,1.0,True,False,multimodal,psd-fc-wpli,gated,cnn,True,finetune,segssl_barlow_all-patient_psd-fc-wpli_finetune_seed7_pre20_proj32_mask0_03_noise0_02_mlp1_0_sup100,True,barlow,psd,all-patient,True,7,1.0,0.1,32,0.03,0.02
multimodal_psd-fc-wpli_gated_cnn,16,sub27,sub01;sub05;sub07;sub08;sub09;sub10;sub11;sub13;sub14;sub15;sub16;sub17;sub18;sub20;sub22;sub24;sub29,sub28,2,0.6859187483787537,0.6462466716766357,0.002,1e-05,1.0,1.0,False,False,multimodal,psd-fc-wpli,gated,cnn,True,finetune,segssl_barlow_all-patient_psd-fc-wpli_finetune_seed7_pre20_proj32_mask0_03_noise0_02_mlp1_0_sup100,True,barlow,psd,all-patient,True,7,1.0,0.1,32,0.03,0.02
multimodal_psd-fc-wpli_gated_cnn,16,sub27,sub01;sub05;sub07;sub08;sub09;sub10;sub11;sub13;sub14;sub15;sub16;sub17;sub18;sub20;sub22;sub24;sub29,sub28,3,0.678171694278717,0.6518540382385254,0.002,1e-05,1.0,1.0,False,False,multimodal,psd-fc-wpli,gated,cnn,True,finetune,segssl_barlow_all-patient_psd-fc-wpli_finetune_seed7_pre20_proj32_mask0_03_noise0_02_mlp1_0_sup100,True,barlow,psd,all-patient,True,7,1.0,0.1,32,0.03,0.02
multimodal_psd-fc-wpli_gated_cnn,16,sub27,sub01;sub05;sub07;sub08;sub09;sub10;sub11;sub13;sub14;sub15;sub16;sub17;sub18;sub20;sub22;sub24;sub29,sub28,4,0.6709049940109253,0.6575496792793274,0.002,1e-05,1.0,1.0,False,False,multimodal,psd-fc-wpli,gated,cnn,True,finetune,segssl_barlow_all-patient_psd-fc-wpli_finetune_seed7_pre20_proj32_mask0_03_noise0_02_mlp1_0_sup100,True,barlow,psd,all-patient,True,7,1.0,0.1,32,0.03,0.02
multimodal_psd-fc-wpli_gated_cnn,16,sub27,sub01;sub05;sub07;sub08;sub09;sub10;sub11;sub13;sub14;sub15;sub16;sub17;sub18;sub20;sub22;sub24;sub29,sub28,5,0.6632524728775024,0.6665432453155518,0.002,1e-05,1.0,1.0,False,False,multimodal,psd-fc-wpli,gated,cnn,True,finetune,segssl_barlow_all-patient_psd-fc-wpli_finetune_seed7_pre20_proj32_mask0_03_noise0_02_mlp1_0_sup100,True,barlow,psd,all-patient,True,7,1.0,0.1,32,0.03,0.02
multimodal_psd-fc-wpli_gated_cnn,16,sub27,sub01;sub05;sub07;sub08;sub09;sub10;sub11;sub13;sub14;sub15;sub16;sub17;sub18;sub20;sub22;sub24;sub29,sub28,6,0.6547924280166626,0.6807219982147217,0.002,1e-05,1.0,1.0,False,False,multimodal,psd-fc-wpli,gated,cnn,True,finetune,segssl_barlow_all-patient_psd-fc-wpli_finetune_seed7_pre20_proj32_mask0_03_noise0_02_mlp1_0_sup100,True,barlow,psd,all-patient,True,7,1.0,0.1,32,0.03,0.02
multimodal_psd-fc-wpli_gated_cnn,16,sub27,sub01;sub05;sub07;sub08;sub09;sub10;sub11;sub13;sub14;sub15;sub16;sub17;sub18;sub20;sub22;sub24;sub29,sub28,7,0.6451950669288635,0.6979194283485413,0.002,1e-05,1.0,1.0,False,False,multimodal,psd-fc-wpli,gated,cnn,True,finetune,segssl_barlow_all-patient_psd-fc-wpli_finetune_seed7_pre20_proj32_mask0_03_noise0_02_mlp1_0_sup100,True,barlow,psd,all-patient,True,7,1.0,0.1,32,0.03,0.02
multimodal_psd-fc-wpli_gated_cnn,16,sub27,sub01;sub05;sub07;sub08;sub09;sub10;sub11;sub13;sub14;sub15;sub16;sub17;sub18;sub20;sub22;sub24;sub29,sub28,8,0.6349622011184692,0.7197117805480957,0.002,1e-05,1.0,1.0,False,False,multimodal,psd-fc-wpli,gated,cnn,True,finetune,segssl_barlow_all-patient_psd-fc-wpli_finetune_seed7_pre20_proj32_mask0_03_noise0_02_mlp1_0_sup100,True,barlow,psd,all-patient,True,7,1.0,0.1,32,0.03,0.02
multimodal_psd-fc-wpli_gated_cnn,16,sub27,sub01;sub05;sub07;sub08;sub09;sub10;sub11;sub13;sub14;sub15;sub16;sub17;sub18;sub20;sub22;sub24;sub29,sub28,9,0.6239392757415771,0.7477721571922302,0.002,1e-05,1.0,1.0,False,False,multimodal,psd-fc-wpli,gated,cnn,True,finetune,segssl_barlow_all-patient_psd-fc-wpli_finetune_seed7_pre20_proj32_mask0_03_noise0_02_mlp1_0_sup100,True,barlow,psd,all-patient,True,7,1.0,0.1,32,0.03,0.02
multimodal_psd-fc-wpli_gated_cnn,16,sub27,sub01;sub05;sub07;sub08;sub09;sub10;sub11;sub13;sub14;sub15;sub16;sub17;sub18;sub20;sub22;sub24;sub29,sub28,10,0.6122236251831055,0.786041259765625,0.002,1e-05,1.0,1.0,False,False,multimodal,psd-fc-wpli,gated,cnn,True,finetune,segssl_barlow_all-patient_psd-fc-wpli_finetune_seed7_pre20_proj32_mask0_03_noise0_02_mlp1_0_sup100,True,barlow,psd,all-patient,True,7,1.0,0.1,32,0.03,0.02
multimodal_psd-fc-wpli_gated_cnn,16,sub27,sub01;sub05;sub07;sub08;sub09;sub10;sub11;sub13;sub14;sub15;sub16;sub17;sub18;sub20;sub22;sub24;sub29,sub28,11,0.6000007390975952,0.8325807452201843,0.002,1e-05,1.0,1.0,False,False,multimodal,psd-fc-wpli,gated,cnn,True,finetune,segssl_barlow_all-patient_psd-fc-wpli_finetune_seed7_pre20_proj32_mask0_03_noise0_02_mlp1_0_sup100,True,barlow,psd,all-patient,True,7,1.0,0.1,32,0.03,0.02
multimodal_psd-fc-wpli_gated_cnn,16,sub27,sub01;sub05;sub07;sub08;sub09;sub10;sub11;sub13;sub14;sub15;sub16;sub17;sub18;sub20;sub22;sub24;sub29,sub28,12,0.5870510339736938,0.8772732019424438,0.002,1e-05,1.0,1.0,False,False,multimodal,psd-fc-wpli,gated,cnn,True,finetune,segssl_barlow_all-patient_psd-fc-wpli_finetune_seed7_pre20_proj32_mask0_03_noise0_02_mlp1_0_sup100,True,barlow,psd,all-patient,True,7,1.0,0.1,32,0.03,0.02
multimodal_psd-fc-wpli_gated_cnn,16,sub27,sub01;sub05;sub07;sub08;sub09;sub10;sub11;sub13;sub14;sub15;sub16;sub17;sub18;sub20;sub22;sub24;sub29,sub28,13,0.5731905698776245,0.9138442277908325,0.002,1e-05,1.0,1.0,False,False,multimodal,psd-fc-wpli,gated,cnn,True,finetune,segssl_barlow_all-patient_psd-fc-wpli_finetune_seed7_pre20_proj32_mask0_03_noise0_02_mlp1_0_sup100,True,barlow,psd,all-patient,True,7,1.0,0.1,32,0.03,0.02
multimodal_psd-fc-wpli_gated_cnn,16,sub27,sub01;sub05;sub07;sub08;sub09;sub10;sub11;sub13;sub14;sub15;sub16;sub17;sub18;sub20;sub22;sub24;sub29,sub28,14,0.558386504650116,0.9334450364112854,0.002,1e-05,1.0,1.0,False,False,multimodal,psd-fc-wpli,gated,cnn,True,finetune,segssl_barlow_all-patient_psd-fc-wpli_finetune_seed7_pre20_proj32_mask0_03_noise0_02_mlp1_0_sup100,True,barlow,psd,all-patient,True,7,1.0,0.1,32,0.03,0.02
multimodal_psd-fc-wpli_gated_cnn,16,sub27,sub01;sub05;sub07;sub08;sub09;sub10;sub11;sub13;sub14;sub15;sub16;sub17;sub18;sub20;sub22;sub24;sub29,sub28,15,0.5425826907157898,0.93007493019104,0.002,1e-05,1.0,1.0,False,False,multimodal,psd-fc-wpli,gated,cnn,True,finetune,segssl_barlow_all-patient_psd-fc-wpli_finetune_seed7_pre20_proj32_mask0_03_noise0_02_mlp1_0_sup100,True,barlow,psd,all-patient,True,7,1.0,0.1,32,0.03,0.02
multimodal_psd-fc-wpli_gated_cnn,16,sub27,sub01;sub05;sub07;sub08;sub09;sub10;sub11;sub13;sub14;sub15;sub16;sub17;sub18;sub20;sub22;sub24;sub29,sub28,16,0.5254494547843933,0.9062241911888123,0.002,1e-05,1.0,1.0,False,False,multimodal,psd-fc-wpli,gated,cnn,True,finetune,segssl_barlow_all-patient_psd-fc-wpli_finetune_seed7_pre20_proj32_mask0_03_noise0_02_mlp1_0_sup100,True,barlow,psd,all-patient,True,7,1.0,0.1,32,0.03,0.02
multimodal_psd-fc-wpli_gated_cnn,16,sub27,sub01;sub05;sub07;sub08;sub09;sub10;sub11;sub13;sub14;sub15;sub16;sub17;sub18;sub20;sub22;sub24;sub29,sub28,17,0.5071355700492859,0.8708694577217102,0.002,1e-05,1.0,1.0,False,False,multimodal,psd-fc-wpli,gated,cnn,True,finetune,segssl_barlow_all-patient_psd-fc-wpli_finetune_seed7_pre20_proj32_mask0_03_noise0_02_mlp1_0_sup100,True,barlow,psd,all-patient,True,7,1.0,0.1,32,0.03,0.02
multimodal_psd-fc-wpli_gated_cnn,16,sub27,sub01;sub05;sub07;sub08;sub09;sub10;sub11;sub13;sub14;sub15;sub16;sub17;sub18;sub20;sub22;sub24;sub29,sub28,18,0.48749345541000366,0.8216660022735596,0.002,1e-05,1.0,1.0,False,False,multimodal,psd-fc-wpli,gated,cnn,True,finetune,segssl_barlow_all-patient_psd-fc-wpli_finetune_seed7_pre20_proj32_mask0_03_noise0_02_mlp1_0_sup100,True,barlow,psd,all-patient,True,7,1.0,0.1,32,0.03,0.02
multimodal_psd-fc-wpli_gated_cnn,16,sub27,sub01;sub05;sub07;sub08;sub09;sub10;sub11;sub13;sub14;sub15;sub16;sub17;sub18;sub20;sub22;sub24;sub29,sub28,19,0.46643146872520447,0.7809733748435974,0.002,1e-05,1.0,1.0,False,False,multimodal,psd-fc-wpli,gated,cnn,True,finetune,segssl_barlow_all-patient_psd-fc-wpli_finetune_seed7_pre20_proj32_mask0_03_noise0_02_mlp1_0_sup100,True,barlow,psd,all-patient,True,7,1.0,0.1,32,0.03,0.02
multimodal_psd-fc-wpli_gated_cnn,16,sub27,sub01;sub05;sub07;sub08;sub09;sub10;sub11;sub13;sub14;sub15;sub16;sub17;sub18;sub20;sub22;sub24;sub29,sub28,20,0.44424888491630554,0.7365244030952454,0.002,1e-05,1.0,1.0,False,False,multimodal,psd-fc-wpli,gated,cnn,True,finetune,segssl_barlow_all-patient_psd-fc-wpli_finetune_seed7_pre20_proj32_mask0_03_noise0_02_mlp1_0_sup100,True,barlow,psd,all-patient,True,7,1.0,0.1,32,0.03,0.02
multimodal_psd-fc-wpli_gated_cnn,16,sub27,sub01;sub05;sub07;sub08;sub09;sub10;sub11;sub13;sub14;sub15;sub16;sub17;sub18;sub20;sub22;sub24;sub29,sub28,21,0.4212051331996918,0.6661290526390076,0.002,1e-05,1.0,1.0,False,False,multimodal,psd-fc-wpli,gated,cnn,True,finetune,segssl_barlow_all-patient_psd-fc-wpli_finetune_seed7_pre20_proj32_mask0_03_noise0_02_mlp1_0_sup100,True,barlow,psd,all-patient,True,7,1.0,0.1,32,0.03,0.02
multimodal_psd-fc-wpli_gated_cnn,16,sub27,sub01;sub05;sub07;sub08;sub09;sub10;sub11;sub13;sub14;sub15;sub16;sub17;sub18;sub20;sub22;sub24;sub29,sub28,22,0.3973905146121979,0.5831611156463623,0.002,1e-05,1.0,1.0,True,False,multimodal,psd-fc-wpli,gated,cnn,True,finetune,segssl_barlow_all-patient_psd-fc-wpli_finetune_seed7_pre20_proj32_mask0_03_noise0_02_mlp1_0_sup100,True,barlow,psd,all-patient,True,7,1.0,0.1,32,0.03,0.02
multimodal_psd-fc-wpli_gated_cnn,16,sub27,sub01;sub05;sub07;sub08;sub09;sub10;sub11;sub13;sub14;sub15;sub16;sub17;sub18;sub20;sub22;sub24;sub29,sub28,23,0.3729071319103241,0.5241793394088745,0.002,1e-05,1.0,1.0,True,False,multimodal,psd-fc-wpli,gated,cnn,True,finetune,segssl_barlow_all-patient_psd-fc-wpli_finetune_seed7_pre20_proj32_mask0_03_noise0_02_mlp1_0_sup100,True,barlow,psd,all-patient,True,7,1.0,0.1,32,0.03,0.02
multimodal_psd-fc-wpli_gated_cnn,16,sub27,sub01;sub05;sub07;sub08;sub09;sub10;sub11;sub13;sub14;sub15;sub16;sub17;sub18;sub20;sub22;sub24;sub29,sub28,24,0.3480018079280853,0.48922890424728394,0.002,1e-05,1.0,1.0,True,False,multimodal,psd-fc-wpli,gated,cnn,True,finetune,segssl_barlow_all-patient_psd-fc-wpli_finetune_seed7_pre20_proj32_mask0_03_noise0_02_mlp1_0_sup100,True,barlow,psd,all-patient,True,7,1.0,0.1,32,0.03,0.02
multimodal_psd-fc-wpli_gated_cnn,16,sub27,sub01;sub05;sub07;sub08;sub09;sub10;sub11;sub13;sub14;sub15;sub16;sub17;sub18;sub20;sub22;sub24;sub29,sub28,25,0.32276272773742676,0.45523494482040405,0.002,1e-05,1.0,1.0,True,False,multimodal,psd-fc-wpli,gated,cnn,True,finetune,segssl_barlow_all-patient_psd-fc-wpli_finetune_seed7_pre20_proj32_mask0_03_noise0_02_mlp1_0_sup100,True,barlow,psd,all-patient,True,7,1.0,0.1,32,0.03,0.02
multimodal_psd-fc-wpli_gated_cnn,16,sub27,sub01;sub05;sub07;sub08;sub09;sub10;sub11;sub13;sub14;sub15;sub16;sub17;sub18;sub20;sub22;sub24;sub29,sub28,26,0.2973765730857849,0.43618348240852356,0.002,1e-05,1.0,1.0,True,False,multimodal,psd-fc-wpli,gated,cnn,True,finetune,segssl_barlow_all-patient_psd-fc-wpli_finetune_seed7_pre20_proj32_mask0_03_noise0_02_mlp1_0_sup100,True,barlow,psd,all-patient,True,7,1.0,0.1,32,0.03,0.02
multimodal_psd-fc-wpli_gated_cnn,16,sub27,sub01;sub05;sub07;sub08;sub09;sub10;sub11;sub13;sub14;sub15;sub16;sub17;sub18;sub20;sub22;sub24;sub29,sub28,27,0.27238768339157104,0.40180617570877075,0.002,1e-05,1.0,1.0,True,False,multimodal,psd-fc-wpli,gated,cnn,True,finetune,segssl_barlow_all-patient_psd-fc-wpli_finetune_seed7_pre20_proj32_mask0_03_noise0_02_mlp1_0_sup100,True,barlow,psd,all-patient,True,7,1.0,0.1,32,0.03,0.02
multimodal_psd-fc-wpli_gated_cnn,16,sub27,sub01;sub05;sub07;sub08;sub09;sub10;sub11;sub13;sub14;sub15;sub16;sub17;sub18;sub20;sub22;sub24;sub29,sub28,28,0.24783369898796082,0.32972899079322815,0.002,1e-05,1.0,1.0,True,False,multimodal,psd-fc-wpli,gated,cnn,True,finetune,segssl_barlow_all-patient_psd-fc-wpli_finetune_seed7_pre20_proj32_mask0_03_noise0_02_mlp1_0_sup100,True,barlow,psd,all-patient,True,7,1.0,0.1,32,0.03,0.02
multimodal_psd-fc-wpli_gated_cnn,16,sub27,sub01;sub05;sub07;sub08;sub09;sub10;sub11;sub13;sub14;sub15;sub16;sub17;sub18;sub20;sub22;sub24;sub29,sub28,29,0.2238805592060089,0.25046253204345703,0.002,1e-05,1.0,1.0,True,False,multimodal,psd-fc-wpli,gated,cnn,True,finetune,segssl_barlow_all-patient_psd-fc-wpli_finetune_seed7_pre20_proj32_mask0_03_noise0_02_mlp1_0_sup100,True,barlow,psd,all-patient,True,7,1.0,0.1,32,0.03,0.02
multimodal_psd-fc-wpli_gated_cnn,16,sub27,sub01;sub05;sub07;sub08;sub09;sub10;sub11;sub13;sub14;sub15;sub16;sub17;sub18;sub20;sub22;sub24;sub29,sub28,30,0.2011628895998001,0.1850327104330063,0.002,1e-05,1.0,1.0,True,False,multimodal,psd-fc-wpli,gated,cnn,True,finetune,segssl_barlow_all-patient_psd-fc-wpli_finetune_seed7_pre20_proj32_mask0_03_noise0_02_mlp1_0_sup100,True,barlow,psd,all-patient,True,7,1.0,0.1,32,0.03,0.02
multimodal_psd-fc-wpli_gated_cnn,16,sub27,sub01;sub05;sub07;sub08;sub09;sub10;sub11;sub13;sub14;sub15;sub16;sub17;sub18;sub20;sub22;sub24;sub29,sub28,31,0.17934095859527588,0.1436200737953186,0.002,1e-05,1.0,1.0,True,False,multimodal,psd-fc-wpli,gated,cnn,True,finetune,segssl_barlow_all-patient_psd-fc-wpli_finetune_seed7_pre20_proj32_mask0_03_noise0_02_mlp1_0_sup100,True,barlow,psd,all-patient,True,7,1.0,0.1,32,0.03,0.02
multimodal_psd-fc-wpli_gated_cnn,16,sub27,sub01;sub05;sub07;sub08;sub09;sub10;sub11;sub13;sub14;sub15;sub16;sub17;sub18;sub20;sub22;sub24;sub29,sub28,32,0.15900348126888275,0.1175641193985939,0.002,1e-05,1.0,1.0,True,False,multimodal,psd-fc-wpli,gated,cnn,True,finetune,segssl_barlow_all-patient_psd-fc-wpli_finetune_seed7_pre20_proj32_mask0_03_noise0_02_mlp1_0_sup100,True,barlow,psd,all-patient,True,7,1.0,0.1,32,0.03,0.02
multimodal_psd-fc-wpli_gated_cnn,16,sub27,sub01;sub05;sub07;sub08;sub09;sub10;sub11;sub13;sub14;sub15;sub16;sub17;sub18;sub20;sub22;sub24;sub29,sub28,33,0.14000669121742249,0.10690861195325851,0.002,1e-05,1.0,1.0,True,False,multimodal,psd-fc-wpli,gated,cnn,True,finetune,segssl_barlow_all-patient_psd-fc-wpli_finetune_seed7_pre20_proj32_mask0_03_noise0_02_mlp1_0_sup100,True,barlow,psd,all-patient,True,7,1.0,0.1,32,0.03,0.02
multimodal_psd-fc-wpli_gated_cnn,16,sub27,sub01;sub05;sub07;sub08;sub09;sub10;sub11;sub13;sub14;sub15;sub16;sub17;sub18;sub20;sub22;sub24;sub29,sub28,34,0.12269718199968338,0.10324925929307938,0.002,1e-05,1.0,1.0,True,False,multimodal,psd-fc-wpli,gated,cnn,True,finetune,segssl_barlow_all-patient_psd-fc-wpli_finetune_seed7_pre20_proj32_mask0_03_noise0_02_mlp1_0_sup100,True,barlow,psd,all-patient,True,7,1.0,0.1,32,0.03,0.02
multimodal_psd-fc-wpli_gated_cnn,16,sub27,sub01;sub05;sub07;sub08;sub09;sub10;sub11;sub13;sub14;sub15;sub16;sub17;sub18;sub20;sub22;sub24;sub29,sub28,35,0.1070152148604393,0.09396526217460632,0.002,1e-05,1.0,1.0,True,False,multimodal,psd-fc-wpli,gated,cnn,True,finetune,segssl_barlow_all-patient_psd-fc-wpli_finetune_seed7_pre20_proj32_mask0_03_noise0_02_mlp1_0_sup100,True,barlow,psd,all-patient,True,7,1.0,0.1,32,0.03,0.02
multimodal_psd-fc-wpli_gated_cnn,16,sub27,sub01;sub05;sub07;sub08;sub09;sub10;sub11;sub13;sub14;sub15;sub16;sub17;sub18;sub20;sub22;sub24;sub29,sub28,36,0.09296626597642899,0.0768350213766098,0.002,1e-05,1.0,1.0,True,False,multimodal,psd-fc-wpli,gated,cnn,True,finetune,segssl_barlow_all-patient_psd-fc-wpli_finetune_seed7_pre20_proj32_mask0_03_noise0_02_mlp1_0_sup100,True,barlow,psd,all-patient,True,7,1.0,0.1,32,0.03,0.02
multimodal_psd-fc-wpli_gated_cnn,16,sub27,sub01;sub05;sub07;sub08;sub09;sub10;sub11;sub13;sub14;sub15;sub16;sub17;sub18;sub20;sub22;sub24;sub29,sub28,37,0.08031327277421951,0.06182810291647911,0.002,1e-05,1.0,1.0,True,False,multimodal,psd-fc-wpli,gated,cnn,True,finetune,segssl_barlow_all-patient_psd-fc-wpli_finetune_seed7_pre20_proj32_mask0_03_noise0_02_mlp1_0_sup100,True,barlow,psd,all-patient,True,7,1.0,0.1,32,0.03,0.02
multimodal_psd-fc-wpli_gated_cnn,16,sub27,sub01;sub05;sub07;sub08;sub09;sub10;sub11;sub13;sub14;sub15;sub16;sub17;sub18;sub20;sub22;sub24;sub29,sub28,38,0.06910581141710281,0.05044301599264145,0.002,1e-05,1.0,1.0,True,False,multimodal,psd-fc-wpli,gated,cnn,True,finetune,segssl_barlow_all-patient_psd-fc-wpli_finetune_seed7_pre20_proj32_mask0_03_noise0_02_mlp1_0_sup100,True,barlow,psd,all-patient,True,7,1.0,0.1,32,0.03,0.02
multimodal_psd-fc-wpli_gated_cnn,16,sub27,sub01;sub05;sub07;sub08;sub09;sub10;sub11;sub13;sub14;sub15;sub16;sub17;sub18;sub20;sub22;sub24;sub29,sub28,39,0.05942041799426079,0.043545495718717575,0.002,1e-05,1.0,1.0,True,False,multimodal,psd-fc-wpli,gated,cnn,True,finetune,segssl_barlow_all-patient_psd-fc-wpli_finetune_seed7_pre20_proj32_mask0_03_noise0_02_mlp1_0_sup100,True,barlow,psd,all-patient,True,7,1.0,0.1,32,0.03,0.02
multimodal_psd-fc-wpli_gated_cnn,16,sub27,sub01;sub05;sub07;sub08;sub09;sub10;sub11;sub13;sub14;sub15;sub16;sub17;sub18;sub20;sub22;sub24;sub29,sub28,40,0.050867851823568344,0.038342930376529694,0.002,1e-05,1.0,1.0,True,False,multimodal,psd-fc-wpli,gated,cnn,True,finetune,segssl_barlow_all-patient_psd-fc-wpli_finetune_seed7_pre20_proj32_mask0_03_noise0_02_mlp1_0_sup100,True,barlow,psd,all-patient,True,7,1.0,0.1,32,0.03,0.02
multimodal_psd-fc-wpli_gated_cnn,16,sub27,sub01;sub05;sub07;sub08;sub09;sub10;sub11;sub13;sub14;sub15;sub16;sub17;sub18;sub20;sub22;sub24;sub29,sub28,41,0.04353003576397896,0.033531997352838516,0.002,1e-05,1.0,1.0,True,False,multimodal,psd-fc-wpli,gated,cnn,True,finetune,segssl_barlow_all-patient_psd-fc-wpli_finetune_seed7_pre20_proj32_mask0_03_noise0_02_mlp1_0_sup100,True,barlow,psd,all-patient,True,7,1.0,0.1,32,0.03,0.02
multimodal_psd-fc-wpli_gated_cnn,16,sub27,sub01;sub05;sub07;sub08;sub09;sub10;sub11;sub13;sub14;sub15;sub16;sub17;sub18;sub20;sub22;sub24;sub29,sub28,42,0.03724319115281105,0.02857327274978161,0.002,1e-05,1.0,1.0,True,False,multimodal,psd-fc-wpli,gated,cnn,True,finetune,segssl_barlow_all-patient_psd-fc-wpli_finetune_seed7_pre20_proj32_mask0_03_noise0_02_mlp1_0_sup100,True,barlow,psd,all-patient,True,7,1.0,0.1,32,0.03,0.02
multimodal_psd-fc-wpli_gated_cnn,16,sub27,sub01;sub05;sub07;sub08;sub09;sub10;sub11;sub13;sub14;sub15;sub16;sub17;sub18;sub20;sub22;sub24;sub29,sub28,43,0.03183043748140335,0.02383323200047016,0.002,1e-05,1.0,1.0,True,False,multimodal,psd-fc-wpli,gated,cnn,True,finetune,segssl_barlow_all-patient_psd-fc-wpli_finetune_seed7_pre20_proj32_mask0_03_noise0_02_mlp1_0_sup100,True,barlow,psd,all-patient,True,7,1.0,0.1,32,0.03,0.02
multimodal_psd-fc-wpli_gated_cnn,16,sub27,sub01;sub05;sub07;sub08;sub09;sub10;sub11;sub13;sub14;sub15;sub16;sub17;sub18;sub20;sub22;sub24;sub29,sub28,44,0.02721935324370861,0.019734475761651993,0.002,1e-05,1.0,1.0,True,False,multimodal,psd-fc-wpli,gated,cnn,True,finetune,segssl_barlow_all-patient_psd-fc-wpli_finetune_seed7_pre20_proj32_mask0_03_noise0_02_mlp1_0_sup100,True,barlow,psd,all-patient,True,7,1.0,0.1,32,0.03,0.02
multimodal_psd-fc-wpli_gated_cnn,16,sub27,sub01;sub05;sub07;sub08;sub09;sub10;sub11;sub13;sub14;sub15;sub16;sub17;sub18;sub20;sub22;sub24;sub29,sub28,45,0.023301979526877403,0.016509952023625374,0.002,1e-05,1.0,1.0,True,False,multimodal,psd-fc-wpli,gated,cnn,True,finetune,segssl_barlow_all-patient_psd-fc-wpli_finetune_seed7_pre20_proj32_mask0_03_noise0_02_mlp1_0_sup100,True,barlow,psd,all-patient,True,7,1.0,0.1,32,0.03,0.02
multimodal_psd-fc-wpli_gated_cnn,16,sub27,sub01;sub05;sub07;sub08;sub09;sub10;sub11;sub13;sub14;sub15;sub16;sub17;sub18;sub20;sub22;sub24;sub29,sub28,46,0.019955715164542198,0.014116332866251469,0.002,1e-05,1.0,1.0,True,False,multimodal,psd-fc-wpli,gated,cnn,True,finetune,segssl_barlow_all-patient_psd-fc-wpli_finetune_seed7_pre20_proj32_mask0_03_noise0_02_mlp1_0_sup100,True,barlow,psd,all-patient,True,7,1.0,0.1,32,0.03,0.02
multimodal_psd-fc-wpli_gated_cnn,16,sub27,sub01;sub05;sub07;sub08;sub09;sub10;sub11;sub13;sub14;sub15;sub16;sub17;sub18;sub20;sub22;sub24;sub29,sub28,47,0.017109965905547142,0.012353233061730862,0.002,1e-05,1.0,1.0,True,False,multimodal,psd-fc-wpli,gated,cnn,True,finetune,segssl_barlow_all-patient_psd-fc-wpli_finetune_seed7_pre20_proj32_mask0_03_noise0_02_mlp1_0_sup100,True,barlow,psd,all-patient,True,7,1.0,0.1,32,0.03,0.02
multimodal_psd-fc-wpli_gated_cnn,16,sub27,sub01;sub05;sub07;sub08;sub09;sub10;sub11;sub13;sub14;sub15;sub16;sub17;sub18;sub20;sub22;sub24;sub29,sub28,48,0.014708396047353745,0.011016267351806164,0.002,1e-05,1.0,1.0,True,False,multimodal,psd-fc-wpli,gated,cnn,True,finetune,segssl_barlow_all-patient_psd-fc-wpli_finetune_seed7_pre20_proj32_mask0_03_noise0_02_mlp1_0_sup100,True,barlow,psd,all-patient,True,7,1.0,0.1,32,0.03,0.02
multimodal_psd-fc-wpli_gated_cnn,16,sub27,sub01;sub05;sub07;sub08;sub09;sub10;sub11;sub13;sub14;sub15;sub16;sub17;sub18;sub20;sub22;sub24;sub29,sub28,49,0.012685447931289673,0.009956829249858856,0.002,1e-05,1.0,1.0,True,False,multimodal,psd-fc-wpli,gated,cnn,True,finetune,segssl_barlow_all-patient_psd-fc-wpli_finetune_seed7_pre20_proj32_mask0_03_noise0_02_mlp1_0_sup100,True,barlow,psd,all-patient,True,7,1.0,0.1,32,0.03,0.02
multimodal_psd-fc-wpli_gated_cnn,16,sub27,sub01;sub05;sub07;sub08;sub09;sub10;sub11;sub13;sub14;sub15;sub16;sub17;sub18;sub20;sub22;sub24;sub29,sub28,50,0.010977117344737053,0.00911112129688263,0.002,1e-05,1.0,1.0,True,False,multimodal,psd-fc-wpli,gated,cnn,True,finetune,segssl_barlow_all-patient_psd-fc-wpli_finetune_seed7_pre20_proj32_mask0_03_noise0_02_mlp1_0_sup100,True,barlow,psd,all-patient,True,7,1.0,0.1,32,0.03,0.02
multimodal_psd-fc-wpli_gated_cnn,16,sub27,sub01;sub05;sub07;sub08;sub09;sub10;sub11;sub13;sub14;sub15;sub16;sub17;sub18;sub20;sub22;sub24;sub29,sub28,51,0.00953378900885582,0.00839180313050747,0.002,1e-05,1.0,1.0,True,False,multimodal,psd-fc-wpli,gated,cnn,True,finetune,segssl_barlow_all-patient_psd-fc-wpli_finetune_seed7_pre20_proj32_mask0_03_noise0_02_mlp1_0_sup100,True,barlow,psd,all-patient,True,7,1.0,0.1,32,0.03,0.02
multimodal_psd-fc-wpli_gated_cnn,16,sub27,sub01;sub05;sub07;sub08;sub09;sub10;sub11;sub13;sub14;sub15;sub16;sub17;sub18;sub20;sub22;sub24;sub29,sub28,52,0.008320238441228867,0.007711744401603937,0.002,1e-05,1.0,1.0,True,False,multimodal,psd-fc-wpli,gated,cnn,True,finetune,segssl_barlow_all-patient_psd-fc-wpli_finetune_seed7_pre20_proj32_mask0_03_noise0_02_mlp1_0_sup100,True,barlow,psd,all-patient,True,7,1.0,0.1,32,0.03,0.02
multimodal_psd-fc-wpli_gated_cnn,16,sub27,sub01;sub05;sub07;sub08;sub09;sub10;sub11;sub13;sub14;sub15;sub16;sub17;sub18;sub20;sub22;sub24;sub29,sub28,53,0.007297418545931578,0.0070633008144795895,0.002,1e-05,1.0,1.0,True,False,multimodal,psd-fc-wpli,gated,cnn,True,finetune,segssl_barlow_all-patient_psd-fc-wpli_finetune_seed7_pre20_proj32_mask0_03_noise0_02_mlp1_0_sup100,True,barlow,psd,all-patient,True,7,1.0,0.1,32,0.03,0.02
multimodal_psd-fc-wpli_gated_cnn,16,sub27,sub01;sub05;sub07;sub08;sub09;sub10;sub11;sub13;sub14;sub15;sub16;sub17;sub18;sub20;sub22;sub24;sub29,sub28,54,0.00642952136695385,0.006446772255003452,0.002,1e-05,1.0,1.0,True,False,multimodal,psd-fc-wpli,gated,cnn,True,finetune,segssl_barlow_all-patient_psd-fc-wpli_finetune_seed7_pre20_proj32_mask0_03_noise0_02_mlp1_0_sup100,True,barlow,psd,all-patient,True,7,1.0,0.1,32,0.03,0.02
multimodal_psd-fc-wpli_gated_cnn,16,sub27,sub01;sub05;sub07;sub08;sub09;sub10;sub11;sub13;sub14;sub15;sub16;sub17;sub18;sub20;sub22;sub24;sub29,sub28,55,0.005688527133315802,0.005877028219401836,0.002,1e-05,1.0,1.0,True,False,multimodal,psd-fc-wpli,gated,cnn,True,finetune,segssl_barlow_all-patient_psd-fc-wpli_finetune_seed7_pre20_proj32_mask0_03_noise0_02_mlp1_0_sup100,True,barlow,psd,all-patient,True,7,1.0,0.1,32,0.03,0.02
multimodal_psd-fc-wpli_gated_cnn,16,sub27,sub01;sub05;sub07;sub08;sub09;sub10;sub11;sub13;sub14;sub15;sub16;sub17;sub18;sub20;sub22;sub24;sub29,sub28,56,0.00505415815860033,0.005365734454244375,0.002,1e-05,1.0,1.0,True,False,multimodal,psd-fc-wpli,gated,cnn,True,finetune,segssl_barlow_all-patient_psd-fc-wpli_finetune_seed7_pre20_proj32_mask0_03_noise0_02_mlp1_0_sup100,True,barlow,psd,all-patient,True,7,1.0,0.1,32,0.03,0.02
multimodal_psd-fc-wpli_gated_cnn,16,sub27,sub01;sub05;sub07;sub08;sub09;sub10;sub11;sub13;sub14;sub15;sub16;sub17;sub18;sub20;sub22;sub24;sub29,sub28,57,0.004512494895607233,0.004924781154841185,0.002,1e-05,1.0,1.0,True,False,multimodal,psd-fc-wpli,gated,cnn,True,finetune,segssl_barlow_all-patient_psd-fc-wpli_finetune_seed7_pre20_proj32_mask0_03_noise0_02_mlp1_0_sup100,True,barlow,psd,all-patient,True,7,1.0,0.1,32,0.03,0.02
multimodal_psd-fc-wpli_gated_cnn,16,sub27,sub01;sub05;sub07;sub08;sub09;sub10;sub11;sub13;sub14;sub15;sub16;sub17;sub18;sub20;sub22;sub24;sub29,sub28,58,0.0040493858978152275,0.0045529380440711975,0.002,1e-05,1.0,1.0,True,False,multimodal,psd-fc-wpli,gated,cnn,True,finetune,segssl_barlow_all-patient_psd-fc-wpli_finetune_seed7_pre20_proj32_mask0_03_noise0_02_mlp1_0_sup100,True,barlow,psd,all-patient,True,7,1.0,0.1,32,0.03,0.02
multimodal_psd-fc-wpli_gated_cnn,16,sub27,sub01;sub05;sub07;sub08;sub09;sub10;sub11;sub13;sub14;sub15;sub16;sub17;sub18;sub20;sub22;sub24;sub29,sub28,59,0.003651259234175086,0.004238934256136417,0.002,1e-05,1.0,1.0,True,False,multimodal,psd-fc-wpli,gated,cnn,True,finetune,segssl_barlow_all-patient_psd-fc-wpli_finetune_seed7_pre20_proj32_mask0_03_noise0_02_mlp1_0_sup100,True,barlow,psd,all-patient,True,7,1.0,0.1,32,0.03,0.02
multimodal_psd-fc-wpli_gated_cnn,16,sub27,sub01;sub05;sub07;sub08;sub09;sub10;sub11;sub13;sub14;sub15;sub16;sub17;sub18;sub20;sub22;sub24;sub29,sub28,60,0.003307158360257745,0.003976073116064072,0.002,1e-05,1.0,1.0,True,False,multimodal,psd-fc-wpli,gated,cnn,True,finetune,segssl_barlow_all-patient_psd-fc-wpli_finetune_seed7_pre20_proj32_mask0_03_noise0_02_mlp1_0_sup100,True,barlow,psd,all-patient,True,7,1.0,0.1,32,0.03,0.02
multimodal_psd-fc-wpli_gated_cnn,16,sub27,sub01;sub05;sub07;sub08;sub09;sub10;sub11;sub13;sub14;sub15;sub16;sub17;sub18;sub20;sub22;sub24;sub29,sub28,61,0.0030074166133999825,0.0037522290367633104,0.002,1e-05,1.0,1.0,True,False,multimodal,psd-fc-wpli,gated,cnn,True,finetune,segssl_barlow_all-patient_psd-fc-wpli_finetune_seed7_pre20_proj32_mask0_03_noise0_02_mlp1_0_sup100,True,barlow,psd,all-patient,True,7,1.0,0.1,32,0.03,0.02
multimodal_psd-fc-wpli_gated_cnn,16,sub27,sub01;sub05;sub07;sub08;sub09;sub10;sub11;sub13;sub14;sub15;sub16;sub17;sub18;sub20;sub22;sub24;sub29,sub28,62,0.002745256293565035,0.0035628890618681908,0.002,1e-05,1.0,1.0,True,False,multimodal,psd-fc-wpli,gated,cnn,True,finetune,segssl_barlow_all-patient_psd-fc-wpli_finetune_seed7_pre20_proj32_mask0_03_noise0_02_mlp1_0_sup100,True,barlow,psd,all-patient,True,7,1.0,0.1,32,0.03,0.02
multimodal_psd-fc-wpli_gated_cnn,16,sub27,sub01;sub05;sub07;sub08;sub09;sub10;sub11;sub13;sub14;sub15;sub16;sub17;sub18;sub20;sub22;sub24;sub29,sub28,63,0.0025156443007290363,0.003396550891920924,0.002,1e-05,1.0,1.0,True,False,multimodal,psd-fc-wpli,gated,cnn,True,finetune,segssl_barlow_all-patient_psd-fc-wpli_finetune_seed7_pre20_proj32_mask0_03_noise0_02_mlp1_0_sup100,True,barlow,psd,all-patient,True,7,1.0,0.1,32,0.03,0.02
multimodal_psd-fc-wpli_gated_cnn,16,sub27,sub01;sub05;sub07;sub08;sub09;sub10;sub11;sub13;sub14;sub15;sub16;sub17;sub18;sub20;sub22;sub24;sub29,sub28,64,0.0023139368277043104,0.0032538603991270065,0.002,1e-05,1.0,1.0,True,False,multimodal,psd-fc-wpli,gated,cnn,True,finetune,segssl_barlow_all-patient_psd-fc-wpli_finetune_seed7_pre20_proj32_mask0_03_noise0_02_mlp1_0_sup100,True,barlow,psd,all-patient,True,7,1.0,0.1,32,0.03,0.02
multimodal_psd-fc-wpli_gated_cnn,16,sub27,sub01;sub05;sub07;sub08;sub09;sub10;sub11;sub13;sub14;sub15;sub16;sub17;sub18;sub20;sub22;sub24;sub29,sub28,65,0.002136459806933999,0.0031254205387085676,0.002,1e-05,1.0,1.0,True,False,multimodal,psd-fc-wpli,gated,cnn,True,finetune,segssl_barlow_all-patient_psd-fc-wpli_finetune_seed7_pre20_proj32_mask0_03_noise0_02_mlp1_0_sup100,True,barlow,psd,all-patient,True,7,1.0,0.1,32,0.03,0.02
multimodal_psd-fc-wpli_gated_cnn,16,sub27,sub01;sub05;sub07;sub08;sub09;sub10;sub11;sub13;sub14;sub15;sub16;sub17;sub18;sub20;sub22;sub24;sub29,sub28,66,0.001979662338271737,0.0030050084460526705,0.002,1e-05,1.0,1.0,True,False,multimodal,psd-fc-wpli,gated,cnn,True,finetune,segssl_barlow_all-patient_psd-fc-wpli_finetune_seed7_pre20_proj32_mask0_03_noise0_02_mlp1_0_sup100,True,barlow,psd,all-patient,True,7,1.0,0.1,32,0.03,0.02
multimodal_psd-fc-wpli_gated_cnn,16,sub27,sub01;sub05;sub07;sub08;sub09;sub10;sub11;sub13;sub14;sub15;sub16;sub17;sub18;sub20;sub22;sub24;sub29,sub28,67,0.0018403837457299232,0.0028919032774865627,0.002,1e-05,1.0,1.0,True,False,multimodal,psd-fc-wpli,gated,cnn,True,finetune,segssl_barlow_all-patient_psd-fc-wpli_finetune_seed7_pre20_proj32_mask0_03_noise0_02_mlp1_0_sup100,True,barlow,psd,all-patient,True,7,1.0,0.1,32,0.03,0.02
multimodal_psd-fc-wpli_gated_cnn,16,sub27,sub01;sub05;sub07;sub08;sub09;sub10;sub11;sub13;sub14;sub15;sub16;sub17;sub18;sub20;sub22;sub24;sub29,sub28,68,0.0017160200513899326,0.0027834733482450247,0.002,1e-05,1.0,1.0,True,False,multimodal,psd-fc-wpli,gated,cnn,True,finetune,segssl_barlow_all-patient_psd-fc-wpli_finetune_seed7_pre20_proj32_mask0_03_noise0_02_mlp1_0_sup100,True,barlow,psd,all-patient,True,7,1.0,0.1,32,0.03,0.02
multimodal_psd-fc-wpli_gated_cnn,16,sub27,sub01;sub05;sub07;sub08;sub09;sub10;sub11;sub13;sub14;sub15;sub16;sub17;sub18;sub20;sub22;sub24;sub29,sub28,69,0.0016048250254243612,0.0026785212103277445,0.002,1e-05,1.0,1.0,True,False,multimodal,psd-fc-wpli,gated,cnn,True,finetune,segssl_barlow_all-patient_psd-fc-wpli_finetune_seed7_pre20_proj32_mask0_03_noise0_02_mlp1_0_sup100,True,barlow,psd,all-patient,True,7,1.0,0.1,32,0.03,0.02
multimodal_psd-fc-wpli_gated_cnn,16,sub27,sub01;sub05;sub07;sub08;sub09;sub10;sub11;sub13;sub14;sub15;sub16;sub17;sub18;sub20;sub22;sub24;sub29,sub28,70,0.0015052232192829251,0.002572922967374325,0.002,1e-05,1.0,1.0,True,False,multimodal,psd-fc-wpli,gated,cnn,True,finetune,segssl_barlow_all-patient_psd-fc-wpli_finetune_seed7_pre20_proj32_mask0_03_noise0_02_mlp1_0_sup100,True,barlow,psd,all-patient,True,7,1.0,0.1,32,0.03,0.02
multimodal_psd-fc-wpli_gated_cnn,16,sub27,sub01;sub05;sub07;sub08;sub09;sub10;sub11;sub13;sub14;sub15;sub16;sub17;sub18;sub20;sub22;sub24;sub29,sub28,71,0.001415350823663175,0.0024651847779750824,0.002,1e-05,1.0,1.0,True,False,multimodal,psd-fc-wpli,gated,cnn,True,finetune,segssl_barlow_all-patient_psd-fc-wpli_finetune_seed7_pre20_proj32_mask0_03_noise0_02_mlp1_0_sup100,True,barlow,psd,all-patient,True,7,1.0,0.1,32,0.03,0.02
multimodal_psd-fc-wpli_gated_cnn,16,sub27,sub01;sub05;sub07;sub08;sub09;sub10;sub11;sub13;sub14;sub15;sub16;sub17;sub18;sub20;sub22;sub24;sub29,sub28,72,0.0013342687161639333,0.0023554267827421427,0.002,1e-05,1.0,1.0,True,False,multimodal,psd-fc-wpli,gated,cnn,True,finetune,segssl_barlow_all-patient_psd-fc-wpli_finetune_seed7_pre20_proj32_mask0_03_noise0_02_mlp1_0_sup100,True,barlow,psd,all-patient,True,7,1.0,0.1,32,0.03,0.02
multimodal_psd-fc-wpli_gated_cnn,16,sub27,sub01;sub05;sub07;sub08;sub09;sub10;sub11;sub13;sub14;sub15;sub16;sub17;sub18;sub20;sub22;sub24;sub29,sub28,73,0.001260741031728685,0.0022449041716754436,0.002,1e-05,1.0,1.0,True,False,multimodal,psd-fc-wpli,gated,cnn,True,finetune,segssl_barlow_all-patient_psd-fc-wpli_finetune_seed7_pre20_proj32_mask0_03_noise0_02_mlp1_0_sup100,True,barlow,psd,all-patient,True,7,1.0,0.1,32,0.03,0.02
multimodal_psd-fc-wpli_gated_cnn,16,sub27,sub01;sub05;sub07;sub08;sub09;sub10;sub11;sub13;sub14;sub15;sub16;sub17;sub18;sub20;sub22;sub24;sub29,sub28,74,0.0011938466923311353,0.002135170390829444,0.002,1e-05,1.0,1.0,True,False,multimodal,psd-fc-wpli,gated,cnn,True,finetune,segssl_barlow_all-patient_psd-fc-wpli_finetune_seed7_pre20_proj32_mask0_03_noise0_02_mlp1_0_sup100,True,barlow,psd,all-patient,True,7,1.0,0.1,32,0.03,0.02
multimodal_psd-fc-wpli_gated_cnn,16,sub27,sub01;sub05;sub07;sub08;sub09;sub10;sub11;sub13;sub14;sub15;sub16;sub17;sub18;sub20;sub22;sub24;sub29,sub28,75,0.0011327354004606605,0.0020278377924114466,0.002,1e-05,1.0,1.0,True,False,multimodal,psd-fc-wpli,gated,cnn,True,finetune,segssl_barlow_all-patient_psd-fc-wpli_finetune_seed7_pre20_proj32_mask0_03_noise0_02_mlp1_0_sup100,True,barlow,psd,all-patient,True,7,1.0,0.1,32,0.03,0.02
multimodal_psd-fc-wpli_gated_cnn,16,sub27,sub01;sub05;sub07;sub08;sub09;sub10;sub11;sub13;sub14;sub15;sub16;sub17;sub18;sub20;sub22;sub24;sub29,sub28,76,0.0010766275227069855,0.0019239801913499832,0.002,1e-05,1.0,1.0,True,False,multimodal,psd-fc-wpli,gated,cnn,True,finetune,segssl_barlow_all-patient_psd-fc-wpli_finetune_seed7_pre20_proj32_mask0_03_noise0_02_mlp1_0_sup100,True,barlow,psd,all-patient,True,7,1.0,0.1,32,0.03,0.02
multimodal_psd-fc-wpli_gated_cnn,16,sub27,sub01;sub05;sub07;sub08;sub09;sub10;sub11;sub13;sub14;sub15;sub16;sub17;sub18;sub20;sub22;sub24;sub29,sub28,77,0.0010250491322949529,0.0018250897992402315,0.002,1e-05,1.0,1.0,True,False,multimodal,psd-fc-wpli,gated,cnn,True,finetune,segssl_barlow_all-patient_psd-fc-wpli_finetune_seed7_pre20_proj32_mask0_03_noise0_02_mlp1_0_sup100,True,barlow,psd,all-patient,True,7,1.0,0.1,32,0.03,0.02
multimodal_psd-fc-wpli_gated_cnn,16,sub27,sub01;sub05;sub07;sub08;sub09;sub10;sub11;sub13;sub14;sub15;sub16;sub17;sub18;sub20;sub22;sub24;sub29,sub28,78,0.0009775259532034397,0.0017332545248791575,0.002,1e-05,1.0,1.0,True,False,multimodal,psd-fc-wpli,gated,cnn,True,finetune,segssl_barlow_all-patient_psd-fc-wpli_finetune_seed7_pre20_proj32_mask0_03_noise0_02_mlp1_0_sup100,True,barlow,psd,all-patient,True,7,1.0,0.1,32,0.03,0.02
multimodal_psd-fc-wpli_gated_cnn,16,sub27,sub01;sub05;sub07;sub08;sub09;sub10;sub11;sub13;sub14;sub15;sub16;sub17;sub18;sub20;sub22;sub24;sub29,sub28,79,0.0009336026851087809,0.0016471592243760824,0.002,1e-05,1.0,1.0,True,False,multimodal,psd-fc-wpli,gated,cnn,True,finetune,segssl_barlow_all-patient_psd-fc-wpli_finetune_seed7_pre20_proj32_mask0_03_noise0_02_mlp1_0_sup100,True,barlow,psd,all-patient,True,7,1.0,0.1,32,0.03,0.02
multimodal_psd-fc-wpli_gated_cnn,16,sub27,sub01;sub05;sub07;sub08;sub09;sub10;sub11;sub13;sub14;sub15;sub16;sub17;sub18;sub20;sub22;sub24;sub29,sub28,80,0.0008928289171308279,0.0015668621053919196,0.002,1e-05,1.0,1.0,True,False,multimodal,psd-fc-wpli,gated,cnn,True,finetune,segssl_barlow_all-patient_psd-fc-wpli_finetune_seed7_pre20_proj32_mask0_03_noise0_02_mlp1_0_sup100,True,barlow,psd,all-patient,True,7,1.0,0.1,32,0.03,0.02
multimodal_psd-fc-wpli_gated_cnn,16,sub27,sub01;sub05;sub07;sub08;sub09;sub10;sub11;sub13;sub14;sub15;sub16;sub17;sub18;sub20;sub22;sub24;sub29,sub28,81,0.0008548779296688735,0.0014912871411070228,0.002,1e-05,1.0,1.0,True,False,multimodal,psd-fc-wpli,gated,cnn,True,finetune,segssl_barlow_all-patient_psd-fc-wpli_finetune_seed7_pre20_proj32_mask0_03_noise0_02_mlp1_0_sup100,True,barlow,psd,all-patient,True,7,1.0,0.1,32,0.03,0.02
multimodal_psd-fc-wpli_gated_cnn,16,sub27,sub01;sub05;sub07;sub08;sub09;sub10;sub11;sub13;sub14;sub15;sub16;sub17;sub18;sub20;sub22;sub24;sub29,sub28,82,0.0008194522233679891,0.0014203139580786228,0.002,1e-05,1.0,1.0,True,False,multimodal,psd-fc-wpli,gated,cnn,True,finetune,segssl_barlow_all-patient_psd-fc-wpli_finetune_seed7_pre20_proj32_mask0_03_noise0_02_mlp1_0_sup100,True,barlow,psd,all-patient,True,7,1.0,0.1,32,0.03,0.02
multimodal_psd-fc-wpli_gated_cnn,16,sub27,sub01;sub05;sub07;sub08;sub09;sub10;sub11;sub13;sub14;sub15;sub16;sub17;sub18;sub20;sub22;sub24;sub29,sub28,83,0.0007863139035180211,0.0013540012296289206,0.002,1e-05,1.0,1.0,True,False,multimodal,psd-fc-wpli,gated,cnn,True,finetune,segssl_barlow_all-patient_psd-fc-wpli_finetune_seed7_pre20_proj32_mask0_03_noise0_02_mlp1_0_sup100,True,barlow,psd,all-patient,True,7,1.0,0.1,32,0.03,0.02
multimodal_psd-fc-wpli_gated_cnn,16,sub27,sub01;sub05;sub07;sub08;sub09;sub10;sub11;sub13;sub14;sub15;sub16;sub17;sub18;sub20;sub22;sub24;sub29,sub28,84,0.0007551679736934602,0.0012923481408506632,0.002,1e-05,1.0,1.0,True,False,multimodal,psd-fc-wpli,gated,cnn,True,finetune,segssl_barlow_all-patient_psd-fc-wpli_finetune_seed7_pre20_proj32_mask0_03_noise0_02_mlp1_0_sup100,True,barlow,psd,all-patient,True,7,1.0,0.1,32,0.03,0.02
multimodal_psd-fc-wpli_gated_cnn,16,sub27,sub01;sub05;sub07;sub08;sub09;sub10;sub11;sub13;sub14;sub15;sub16;sub17;sub18;sub20;sub22;sub24;sub29,sub28,85,0.0007258397527039051,0.0012350553879514337,0.002,1e-05,1.0,1.0,True,False,multimodal,psd-fc-wpli,gated,cnn,True,finetune,segssl_barlow_all-patient_psd-fc-wpli_finetune_seed7_pre20_proj32_mask0_03_noise0_02_mlp1_0_sup100,True,barlow,psd,all-patient,True,7,1.0,0.1,32,0.03,0.02
multimodal_psd-fc-wpli_gated_cnn,16,sub27,sub01;sub05;sub07;sub08;sub09;sub10;sub11;sub13;sub14;sub15;sub16;sub17;sub18;sub20;sub22;sub24;sub29,sub28,86,0.0006981816259212792,0.001182480133138597,0.002,1e-05,1.0,1.0,True,False,multimodal,psd-fc-wpli,gated,cnn,True,finetune,segssl_barlow_all-patient_psd-fc-wpli_finetune_seed7_pre20_proj32_mask0_03_noise0_02_mlp1_0_sup100,True,barlow,psd,all-patient,True,7,1.0,0.1,32,0.03,0.02
multimodal_psd-fc-wpli_gated_cnn,16,sub27,sub01;sub05;sub07;sub08;sub09;sub10;sub11;sub13;sub14;sub15;sub16;sub17;sub18;sub20;sub22;sub24;sub29,sub28,87,0.0006720235105603933,0.0011336073512211442,0.002,1e-05,1.0,1.0,True,False,multimodal,psd-fc-wpli,gated,cnn,True,finetune,segssl_barlow_all-patient_psd-fc-wpli_finetune_seed7_pre20_proj32_mask0_03_noise0_02_mlp1_0_sup100,True,barlow,psd,all-patient,True,7,1.0,0.1,32,0.03,0.02
multimodal_psd-fc-wpli_gated_cnn,16,sub27,sub01;sub05;sub07;sub08;sub09;sub10;sub11;sub13;sub14;sub15;sub16;sub17;sub18;sub20;sub22;sub24;sub29,sub28,88,0.0006473317625932395,0.001088615506887436,0.002,1e-05,1.0,1.0,True,False,multimodal,psd-fc-wpli,gated,cnn,True,finetune,segssl_barlow_all-patient_psd-fc-wpli_finetune_seed7_pre20_proj32_mask0_03_noise0_02_mlp1_0_sup100,True,barlow,psd,all-patient,True,7,1.0,0.1,32,0.03,0.02
multimodal_psd-fc-wpli_gated_cnn,16,sub27,sub01;sub05;sub07;sub08;sub09;sub10;sub11;sub13;sub14;sub15;sub16;sub17;sub18;sub20;sub22;sub24;sub29,sub28,89,0.0006239913636818528,0.001047086319886148,0.002,1e-05,1.0,1.0,True,False,multimodal,psd-fc-wpli,gated,cnn,True,finetune,segssl_barlow_all-patient_psd-fc-wpli_finetune_seed7_pre20_proj32_mask0_03_noise0_02_mlp1_0_sup100,True,barlow,psd,all-patient,True,7,1.0,0.1,32,0.03,0.02
multimodal_psd-fc-wpli_gated_cnn,16,sub27,sub01;sub05;sub07;sub08;sub09;sub10;sub11;sub13;sub14;sub15;sub16;sub17;sub18;sub20;sub22;sub24;sub29,sub28,90,0.0006017755949869752,0.0010087211849167943,0.002,1e-05,1.0,1.0,True,False,multimodal,psd-fc-wpli,gated,cnn,True,finetune,segssl_barlow_all-patient_psd-fc-wpli_finetune_seed7_pre20_proj32_mask0_03_noise0_02_mlp1_0_sup100,True,barlow,psd,all-patient,True,7,1.0,0.1,32,0.03,0.02
multimodal_psd-fc-wpli_gated_cnn,16,sub27,sub01;sub05;sub07;sub08;sub09;sub10;sub11;sub13;sub14;sub15;sub16;sub17;sub18;sub20;sub22;sub24;sub29,sub28,91,0.0005804706597700715,0.0009734598570503294,0.002,1e-05,1.0,1.0,True,False,multimodal,psd-fc-wpli,gated,cnn,True,finetune,segssl_barlow_all-patient_psd-fc-wpli_finetune_seed7_pre20_proj32_mask0_03_noise0_02_mlp1_0_sup100,True,barlow,psd,all-patient,True,7,1.0,0.1,32,0.03,0.02
multimodal_psd-fc-wpli_gated_cnn,16,sub27,sub01;sub05;sub07;sub08;sub09;sub10;sub11;sub13;sub14;sub15;sub16;sub17;sub18;sub20;sub22;sub24;sub29,sub28,92,0.0005602621240541339,0.0009408249170519412,0.002,1e-05,1.0,1.0,True,False,multimodal,psd-fc-wpli,gated,cnn,True,finetune,segssl_barlow_all-patient_psd-fc-wpli_finetune_seed7_pre20_proj32_mask0_03_noise0_02_mlp1_0_sup100,True,barlow,psd,all-patient,True,7,1.0,0.1,32,0.03,0.02
multimodal_psd-fc-wpli_gated_cnn,16,sub27,sub01;sub05;sub07;sub08;sub09;sub10;sub11;sub13;sub14;sub15;sub16;sub17;sub18;sub20;sub22;sub24;sub29,sub28,93,0.0005409716395661235,0.0009103387128561735,0.002,1e-05,1.0,1.0,True,False,multimodal,psd-fc-wpli,gated,cnn,True,finetune,segssl_barlow_all-patient_psd-fc-wpli_finetune_seed7_pre20_proj32_mask0_03_noise0_02_mlp1_0_sup100,True,barlow,psd,all-patient,True,7,1.0,0.1,32,0.03,0.02
multimodal_psd-fc-wpli_gated_cnn,16,sub27,sub01;sub05;sub07;sub08;sub09;sub10;sub11;sub13;sub14;sub15;sub16;sub17;sub18;sub20;sub22;sub24;sub29,sub28,94,0.0005225793574936688,0.0008820011280477047,0.002,1e-05,1.0,1.0,True,False,multimodal,psd-fc-wpli,gated,cnn,True,finetune,segssl_barlow_all-patient_psd-fc-wpli_finetune_seed7_pre20_proj32_mask0_03_noise0_02_mlp1_0_sup100,True,barlow,psd,all-patient,True,7,1.0,0.1,32,0.03,0.02
multimodal_psd-fc-wpli_gated_cnn,16,sub27,sub01;sub05;sub07;sub08;sub09;sub10;sub11;sub13;sub14;sub15;sub16;sub17;sub18;sub20;sub22;sub24;sub29,sub28,95,0.0005049341707490385,0.0008552154176868498,0.002,1e-05,1.0,1.0,True,False,multimodal,psd-fc-wpli,gated,cnn,True,finetune,segssl_barlow_all-patient_psd-fc-wpli_finetune_seed7_pre20_proj32_mask0_03_noise0_02_mlp1_0_sup100,True,barlow,psd,all-patient,True,7,1.0,0.1,32,0.03,0.02
multimodal_psd-fc-wpli_gated_cnn,16,sub27,sub01;sub05;sub07;sub08;sub09;sub10;sub11;sub13;sub14;sub15;sub16;sub17;sub18;sub20;sub22;sub24;sub29,sub28,96,0.00048801072989590466,0.0008298024185933173,0.002,1e-05,1.0,1.0,True,False,multimodal,psd-fc-wpli,gated,cnn,True,finetune,segssl_barlow_all-patient_psd-fc-wpli_finetune_seed7_pre20_proj32_mask0_03_noise0_02_mlp1_0_sup100,True,barlow,psd,all-patient,True,7,1.0,0.1,32,0.03,0.02
multimodal_psd-fc-wpli_gated_cnn,16,sub27,sub01;sub05;sub07;sub08;sub09;sub10;sub11;sub13;sub14;sub15;sub16;sub17;sub18;sub20;sub22;sub24;sub29,sub28,97,0.0004717658448498696,0.000805762130767107,0.002,1e-05,1.0,1.0,True,False,multimodal,psd-fc-wpli,gated,cnn,True,finetune,segssl_barlow_all-patient_psd-fc-wpli_finetune_seed7_pre20_proj32_mask0_03_noise0_02_mlp1_0_sup100,True,barlow,psd,all-patient,True,7,1.0,0.1,32,0.03,0.02
multimodal_psd-fc-wpli_gated_cnn,16,sub27,sub01;sub05;sub07;sub08;sub09;sub10;sub11;sub13;sub14;sub15;sub16;sub17;sub18;sub20;sub22;sub24;sub29,sub28,98,0.00045617230352945626,0.0007827960653230548,0.002,1e-05,1.0,1.0,True,False,multimodal,psd-fc-wpli,gated,cnn,True,finetune,segssl_barlow_all-patient_psd-fc-wpli_finetune_seed7_pre20_proj32_mask0_03_noise0_02_mlp1_0_sup100,True,barlow,psd,all-patient,True,7,1.0,0.1,32,0.03,0.02
multimodal_psd-fc-wpli_gated_cnn,16,sub27,sub01;sub05;sub07;sub08;sub09;sub10;sub11;sub13;sub14;sub15;sub16;sub17;sub18;sub20;sub22;sub24;sub29,sub28,99,0.00044126255670562387,0.0007608446176163852,0.002,1e-05,1.0,1.0,True,False,multimodal,psd-fc-wpli,gated,cnn,True,finetune,segssl_barlow_all-patient_psd-fc-wpli_finetune_seed7_pre20_proj32_mask0_03_noise0_02_mlp1_0_sup100,True,barlow,psd,all-patient,True,7,1.0,0.1,32,0.03,0.02
multimodal_psd-fc-wpli_gated_cnn,16,sub27,sub01;sub05;sub07;sub08;sub09;sub10;sub11;sub13;sub14;sub15;sub16;sub17;sub18;sub20;sub22;sub24;sub29,sub28,100,0.000426970625994727,0.0007401463226415217,0.002,1e-05,1.0,1.0,True,False,multimodal,psd-fc-wpli,gated,cnn,True,finetune,segssl_barlow_all-patient_psd-fc-wpli_finetune_seed7_pre20_proj32_mask0_03_noise0_02_mlp1_0_sup100,True,barlow,psd,all-patient,True,7,1.0,0.1,32,0.03,0.02
multimodal_psd-fc-wpli_gated_cnn,17,sub28,sub01;sub05;sub07;sub08;sub09;sub10;sub11;sub13;sub14;sub15;sub16;sub17;sub18;sub20;sub22;sub24;sub27,sub29,1,0.6873783469200134,0.7676283717155457,0.002,1e-05,1.0,1.0,True,False,multimodal,psd-fc-wpli,gated,cnn,True,finetune,segssl_barlow_all-patient_psd-fc-wpli_finetune_seed7_pre20_proj32_mask0_03_noise0_02_mlp1_0_sup100,True,barlow,psd,all-patient,True,7,1.0,0.1,32,0.03,0.02
multimodal_psd-fc-wpli_gated_cnn,17,sub28,sub01;sub05;sub07;sub08;sub09;sub10;sub11;sub13;sub14;sub15;sub16;sub17;sub18;sub20;sub22;sub24;sub27,sub29,2,0.6767494082450867,0.7797015905380249,0.002,1e-05,1.0,1.0,False,False,multimodal,psd-fc-wpli,gated,cnn,True,finetune,segssl_barlow_all-patient_psd-fc-wpli_finetune_seed7_pre20_proj32_mask0_03_noise0_02_mlp1_0_sup100,True,barlow,psd,all-patient,True,7,1.0,0.1,32,0.03,0.02
multimodal_psd-fc-wpli_gated_cnn,17,sub28,sub01;sub05;sub07;sub08;sub09;sub10;sub11;sub13;sub14;sub15;sub16;sub17;sub18;sub20;sub22;sub24;sub27,sub29,3,0.6667959690093994,0.791322648525238,0.002,1e-05,1.0,1.0,False,False,multimodal,psd-fc-wpli,gated,cnn,True,finetune,segssl_barlow_all-patient_psd-fc-wpli_finetune_seed7_pre20_proj32_mask0_03_noise0_02_mlp1_0_sup100,True,barlow,psd,all-patient,True,7,1.0,0.1,32,0.03,0.02
multimodal_psd-fc-wpli_gated_cnn,17,sub28,sub01;sub05;sub07;sub08;sub09;sub10;sub11;sub13;sub14;sub15;sub16;sub17;sub18;sub20;sub22;sub24;sub27,sub29,4,0.6570424437522888,0.8045470118522644,0.002,1e-05,1.0,1.0,False,False,multimodal,psd-fc-wpli,gated,cnn,True,finetune,segssl_barlow_all-patient_psd-fc-wpli_finetune_seed7_pre20_proj32_mask0_03_noise0_02_mlp1_0_sup100,True,barlow,psd,all-patient,True,7,1.0,0.1,32,0.03,0.02
multimodal_psd-fc-wpli_gated_cnn,17,sub28,sub01;sub05;sub07;sub08;sub09;sub10;sub11;sub13;sub14;sub15;sub16;sub17;sub18;sub20;sub22;sub24;sub27,sub29,5,0.6467700004577637,0.8200998902320862,0.002,1e-05,1.0,1.0,False,False,multimodal,psd-fc-wpli,gated,cnn,True,finetune,segssl_barlow_all-patient_psd-fc-wpli_finetune_seed7_pre20_proj32_mask0_03_noise0_02_mlp1_0_sup100,True,barlow,psd,all-patient,True,7,1.0,0.1,32,0.03,0.02
multimodal_psd-fc-wpli_gated_cnn,17,sub28,sub01;sub05;sub07;sub08;sub09;sub10;sub11;sub13;sub14;sub15;sub16;sub17;sub18;sub20;sub22;sub24;sub27,sub29,6,0.6356460452079773,0.8381070494651794,0.002,1e-05,1.0,1.0,False,False,multimodal,psd-fc-wpli,gated,cnn,True,finetune,segssl_barlow_all-patient_psd-fc-wpli_finetune_seed7_pre20_proj32_mask0_03_noise0_02_mlp1_0_sup100,True,barlow,psd,all-patient,True,7,1.0,0.1,32,0.03,0.02
multimodal_psd-fc-wpli_gated_cnn,17,sub28,sub01;sub05;sub07;sub08;sub09;sub10;sub11;sub13;sub14;sub15;sub16;sub17;sub18;sub20;sub22;sub24;sub27,sub29,7,0.6232057213783264,0.8588277101516724,0.002,1e-05,1.0,1.0,False,False,multimodal,psd-fc-wpli,gated,cnn,True,finetune,segssl_barlow_all-patient_psd-fc-wpli_finetune_seed7_pre20_proj32_mask0_03_noise0_02_mlp1_0_sup100,True,barlow,psd,all-patient,True,7,1.0,0.1,32,0.03,0.02
multimodal_psd-fc-wpli_gated_cnn,17,sub28,sub01;sub05;sub07;sub08;sub09;sub10;sub11;sub13;sub14;sub15;sub16;sub17;sub18;sub20;sub22;sub24;sub27,sub29,8,0.6095011234283447,0.8845521211624146,0.002,1e-05,1.0,1.0,False,False,multimodal,psd-fc-wpli,gated,cnn,True,finetune,segssl_barlow_all-patient_psd-fc-wpli_finetune_seed7_pre20_proj32_mask0_03_noise0_02_mlp1_0_sup100,True,barlow,psd,all-patient,True,7,1.0,0.1,32,0.03,0.02
multimodal_psd-fc-wpli_gated_cnn,17,sub28,sub01;sub05;sub07;sub08;sub09;sub10;sub11;sub13;sub14;sub15;sub16;sub17;sub18;sub20;sub22;sub24;sub27,sub29,9,0.5946327447891235,0.914323091506958,0.002,1e-05,1.0,1.0,False,False,multimodal,psd-fc-wpli,gated,cnn,True,finetune,segssl_barlow_all-patient_psd-fc-wpli_finetune_seed7_pre20_proj32_mask0_03_noise0_02_mlp1_0_sup100,True,barlow,psd,all-patient,True,7,1.0,0.1,32,0.03,0.02
multimodal_psd-fc-wpli_gated_cnn,17,sub28,sub01;sub05;sub07;sub08;sub09;sub10;sub11;sub13;sub14;sub15;sub16;sub17;sub18;sub20;sub22;sub24;sub27,sub29,10,0.5785477757453918,0.9491782784461975,0.002,1e-05,1.0,1.0,False,False,multimodal,psd-fc-wpli,gated,cnn,True,finetune,segssl_barlow_all-patient_psd-fc-wpli_finetune_seed7_pre20_proj32_mask0_03_noise0_02_mlp1_0_sup100,True,barlow,psd,all-patient,True,7,1.0,0.1,32,0.03,0.02
multimodal_psd-fc-wpli_gated_cnn,17,sub28,sub01;sub05;sub07;sub08;sub09;sub10;sub11;sub13;sub14;sub15;sub16;sub17;sub18;sub20;sub22;sub24;sub27,sub29,11,0.5612680315971375,0.988490104675293,0.002,1e-05,1.0,1.0,False,False,multimodal,psd-fc-wpli,gated,cnn,True,finetune,segssl_barlow_all-patient_psd-fc-wpli_finetune_seed7_pre20_proj32_mask0_03_noise0_02_mlp1_0_sup100,True,barlow,psd,all-patient,True,7,1.0,0.1,32,0.03,0.02
multimodal_psd-fc-wpli_gated_cnn,17,sub28,sub01;sub05;sub07;sub08;sub09;sub10;sub11;sub13;sub14;sub15;sub16;sub17;sub18;sub20;sub22;sub24;sub27,sub29,12,0.5426416397094727,1.0284841060638428,0.002,1e-05,1.0,1.0,False,False,multimodal,psd-fc-wpli,gated,cnn,True,finetune,segssl_barlow_all-patient_psd-fc-wpli_finetune_seed7_pre20_proj32_mask0_03_noise0_02_mlp1_0_sup100,True,barlow,psd,all-patient,True,7,1.0,0.1,32,0.03,0.02
multimodal_psd-fc-wpli_gated_cnn,17,sub28,sub01;sub05;sub07;sub08;sub09;sub10;sub11;sub13;sub14;sub15;sub16;sub17;sub18;sub20;sub22;sub24;sub27,sub29,13,0.5230006575584412,1.0706478357315063,0.002,1e-05,1.0,1.0,False,False,multimodal,psd-fc-wpli,gated,cnn,True,finetune,segssl_barlow_all-patient_psd-fc-wpli_finetune_seed7_pre20_proj32_mask0_03_noise0_02_mlp1_0_sup100,True,barlow,psd,all-patient,True,7,1.0,0.1,32,0.03,0.02
multimodal_psd-fc-wpli_gated_cnn,17,sub28,sub01;sub05;sub07;sub08;sub09;sub10;sub11;sub13;sub14;sub15;sub16;sub17;sub18;sub20;sub22;sub24;sub27,sub29,14,0.5021050572395325,1.1130515336990356,0.002,1e-05,1.0,1.0,False,False,multimodal,psd-fc-wpli,gated,cnn,True,finetune,segssl_barlow_all-patient_psd-fc-wpli_finetune_seed7_pre20_proj32_mask0_03_noise0_02_mlp1_0_sup100,True,barlow,psd,all-patient,True,7,1.0,0.1,32,0.03,0.02
multimodal_psd-fc-wpli_gated_cnn,17,sub28,sub01;sub05;sub07;sub08;sub09;sub10;sub11;sub13;sub14;sub15;sub16;sub17;sub18;sub20;sub22;sub24;sub27,sub29,15,0.47985151410102844,1.1492148637771606,0.002,1e-05,1.0,1.0,False,False,multimodal,psd-fc-wpli,gated,cnn,True,finetune,segssl_barlow_all-patient_psd-fc-wpli_finetune_seed7_pre20_proj32_mask0_03_noise0_02_mlp1_0_sup100,True,barlow,psd,all-patient,True,7,1.0,0.1,32,0.03,0.02
multimodal_psd-fc-wpli_gated_cnn,17,sub28,sub01;sub05;sub07;sub08;sub09;sub10;sub11;sub13;sub14;sub15;sub16;sub17;sub18;sub20;sub22;sub24;sub27,sub29,16,0.4568321704864502,1.1775583028793335,0.002,1e-05,1.0,1.0,False,False,multimodal,psd-fc-wpli,gated,cnn,True,finetune,segssl_barlow_all-patient_psd-fc-wpli_finetune_seed7_pre20_proj32_mask0_03_noise0_02_mlp1_0_sup100,True,barlow,psd,all-patient,True,7,1.0,0.1,32,0.03,0.02
multimodal_psd-fc-wpli_gated_cnn,17,sub28,sub01;sub05;sub07;sub08;sub09;sub10;sub11;sub13;sub14;sub15;sub16;sub17;sub18;sub20;sub22;sub24;sub27,sub29,17,0.4333372712135315,1.198758602142334,0.002,1e-05,1.0,1.0,False,False,multimodal,psd-fc-wpli,gated,cnn,True,finetune,segssl_barlow_all-patient_psd-fc-wpli_finetune_seed7_pre20_proj32_mask0_03_noise0_02_mlp1_0_sup100,True,barlow,psd,all-patient,True,7,1.0,0.1,32,0.03,0.02
multimodal_psd-fc-wpli_gated_cnn,17,sub28,sub01;sub05;sub07;sub08;sub09;sub10;sub11;sub13;sub14;sub15;sub16;sub17;sub18;sub20;sub22;sub24;sub27,sub29,18,0.40926092863082886,1.216957688331604,0.002,1e-05,1.0,1.0,False,False,multimodal,psd-fc-wpli,gated,cnn,True,finetune,segssl_barlow_all-patient_psd-fc-wpli_finetune_seed7_pre20_proj32_mask0_03_noise0_02_mlp1_0_sup100,True,barlow,psd,all-patient,True,7,1.0,0.1,32,0.03,0.02
multimodal_psd-fc-wpli_gated_cnn,17,sub28,sub01;sub05;sub07;sub08;sub09;sub10;sub11;sub13;sub14;sub15;sub16;sub17;sub18;sub20;sub22;sub24;sub27,sub29,19,0.3845813572406769,1.2362031936645508,0.002,1e-05,1.0,1.0,False,False,multimodal,psd-fc-wpli,gated,cnn,True,finetune,segssl_barlow_all-patient_psd-fc-wpli_finetune_seed7_pre20_proj32_mask0_03_noise0_02_mlp1_0_sup100,True,barlow,psd,all-patient,True,7,1.0,0.1,32,0.03,0.02
multimodal_psd-fc-wpli_gated_cnn,17,sub28,sub01;sub05;sub07;sub08;sub09;sub10;sub11;sub13;sub14;sub15;sub16;sub17;sub18;sub20;sub22;sub24;sub27,sub29,20,0.3594428598880768,1.2574248313903809,0.002,1e-05,1.0,1.0,False,False,multimodal,psd-fc-wpli,gated,cnn,True,finetune,segssl_barlow_all-patient_psd-fc-wpli_finetune_seed7_pre20_proj32_mask0_03_noise0_02_mlp1_0_sup100,True,barlow,psd,all-patient,True,7,1.0,0.1,32,0.03,0.02
multimodal_psd-fc-wpli_gated_cnn,17,sub28,sub01;sub05;sub07;sub08;sub09;sub10;sub11;sub13;sub14;sub15;sub16;sub17;sub18;sub20;sub22;sub24;sub27,sub29,21,0.33395811915397644,1.282530426979065,0.002,1e-05,1.0,1.0,False,False,multimodal,psd-fc-wpli,gated,cnn,True,finetune,segssl_barlow_all-patient_psd-fc-wpli_finetune_seed7_pre20_proj32_mask0_03_noise0_02_mlp1_0_sup100,True,barlow,psd,all-patient,True,7,1.0,0.1,32,0.03,0.02
multimodal_psd-fc-wpli_gated_cnn,17,sub28,sub01;sub05;sub07;sub08;sub09;sub10;sub11;sub13;sub14;sub15;sub16;sub17;sub18;sub20;sub22;sub24;sub27,sub29,22,0.30820488929748535,1.3142296075820923,0.002,1e-05,1.0,1.0,False,False,multimodal,psd-fc-wpli,gated,cnn,True,finetune,segssl_barlow_all-patient_psd-fc-wpli_finetune_seed7_pre20_proj32_mask0_03_noise0_02_mlp1_0_sup100,True,barlow,psd,all-patient,True,7,1.0,0.1,32,0.03,0.02
multimodal_psd-fc-wpli_gated_cnn,17,sub28,sub01;sub05;sub07;sub08;sub09;sub10;sub11;sub13;sub14;sub15;sub16;sub17;sub18;sub20;sub22;sub24;sub27,sub29,23,0.282340407371521,1.3505151271820068,0.002,1e-05,1.0,1.0,False,False,multimodal,psd-fc-wpli,gated,cnn,True,finetune,segssl_barlow_all-patient_psd-fc-wpli_finetune_seed7_pre20_proj32_mask0_03_noise0_02_mlp1_0_sup100,True,barlow,psd,all-patient,True,7,1.0,0.1,32,0.03,0.02
multimodal_psd-fc-wpli_gated_cnn,17,sub28,sub01;sub05;sub07;sub08;sub09;sub10;sub11;sub13;sub14;sub15;sub16;sub17;sub18;sub20;sub22;sub24;sub27,sub29,24,0.256841242313385,1.3902521133422852,0.002,1e-05,1.0,1.0,False,False,multimodal,psd-fc-wpli,gated,cnn,True,finetune,segssl_barlow_all-patient_psd-fc-wpli_finetune_seed7_pre20_proj32_mask0_03_noise0_02_mlp1_0_sup100,True,barlow,psd,all-patient,True,7,1.0,0.1,32,0.03,0.02
multimodal_psd-fc-wpli_gated_cnn,17,sub28,sub01;sub05;sub07;sub08;sub09;sub10;sub11;sub13;sub14;sub15;sub16;sub17;sub18;sub20;sub22;sub24;sub27,sub29,25,0.23207223415374756,1.425089955329895,0.002,1e-05,1.0,1.0,False,False,multimodal,psd-fc-wpli,gated,cnn,True,finetune,segssl_barlow_all-patient_psd-fc-wpli_finetune_seed7_pre20_proj32_mask0_03_noise0_02_mlp1_0_sup100,True,barlow,psd,all-patient,True,7,1.0,0.1,32,0.03,0.02
multimodal_psd-fc-wpli_gated_cnn,17,sub28,sub01;sub05;sub07;sub08;sub09;sub10;sub11;sub13;sub14;sub15;sub16;sub17;sub18;sub20;sub22;sub24;sub27,sub29,26,0.20840252935886383,1.4518285989761353,0.002,1e-05,1.0,1.0,False,False,multimodal,psd-fc-wpli,gated,cnn,True,finetune,segssl_barlow_all-patient_psd-fc-wpli_finetune_seed7_pre20_proj32_mask0_03_noise0_02_mlp1_0_sup100,True,barlow,psd,all-patient,True,7,1.0,0.1,32,0.03,0.02
multimodal_psd-fc-wpli_gated_cnn,17,sub28,sub01;sub05;sub07;sub08;sub09;sub10;sub11;sub13;sub14;sub15;sub16;sub17;sub18;sub20;sub22;sub24;sub27,sub29,27,0.18586184084415436,1.4643604755401611,0.002,1e-05,1.0,1.0,False,False,multimodal,psd-fc-wpli,gated,cnn,True,finetune,segssl_barlow_all-patient_psd-fc-wpli_finetune_seed7_pre20_proj32_mask0_03_noise0_02_mlp1_0_sup100,True,barlow,psd,all-patient,True,7,1.0,0.1,32,0.03,0.02
multimodal_psd-fc-wpli_gated_cnn,17,sub28,sub01;sub05;sub07;sub08;sub09;sub10;sub11;sub13;sub14;sub15;sub16;sub17;sub18;sub20;sub22;sub24;sub27,sub29,28,0.16453593969345093,1.4580897092819214,0.002,1e-05,1.0,1.0,False,False,multimodal,psd-fc-wpli,gated,cnn,True,finetune,segssl_barlow_all-patient_psd-fc-wpli_finetune_seed7_pre20_proj32_mask0_03_noise0_02_mlp1_0_sup100,True,barlow,psd,all-patient,True,7,1.0,0.1,32,0.03,0.02
multimodal_psd-fc-wpli_gated_cnn,17,sub28,sub01;sub05;sub07;sub08;sub09;sub10;sub11;sub13;sub14;sub15;sub16;sub17;sub18;sub20;sub22;sub24;sub27,sub29,29,0.1445402204990387,1.4366106986999512,0.002,1e-05,1.0,1.0,False,False,multimodal,psd-fc-wpli,gated,cnn,True,finetune,segssl_barlow_all-patient_psd-fc-wpli_finetune_seed7_pre20_proj32_mask0_03_noise0_02_mlp1_0_sup100,True,barlow,psd,all-patient,True,7,1.0,0.1,32,0.03,0.02
multimodal_psd-fc-wpli_gated_cnn,17,sub28,sub01;sub05;sub07;sub08;sub09;sub10;sub11;sub13;sub14;sub15;sub16;sub17;sub18;sub20;sub22;sub24;sub27,sub29,30,0.1260964423418045,1.4028154611587524,0.002,1e-05,1.0,1.0,False,False,multimodal,psd-fc-wpli,gated,cnn,True,finetune,segssl_barlow_all-patient_psd-fc-wpli_finetune_seed7_pre20_proj32_mask0_03_noise0_02_mlp1_0_sup100,True,barlow,psd,all-patient,True,7,1.0,0.1,32,0.03,0.02
multimodal_psd-fc-wpli_gated_cnn,17,sub28,sub01;sub05;sub07;sub08;sub09;sub10;sub11;sub13;sub14;sub15;sub16;sub17;sub18;sub20;sub22;sub24;sub27,sub29,31,0.10924620181322098,1.3571275472640991,0.002,1e-05,1.0,1.0,False,False,multimodal,psd-fc-wpli,gated,cnn,True,finetune,segssl_barlow_all-patient_psd-fc-wpli_finetune_seed7_pre20_proj32_mask0_03_noise0_02_mlp1_0_sup100,True,barlow,psd,all-patient,True,7,1.0,0.1,32,0.03,0.02
multimodal_psd-fc-wpli_gated_cnn,17,sub28,sub01;sub05;sub07;sub08;sub09;sub10;sub11;sub13;sub14;sub15;sub16;sub17;sub18;sub20;sub22;sub24;sub27,sub29,32,0.0941619798541069,1.3021588325500488,0.002,1e-05,1.0,1.0,False,False,multimodal,psd-fc-wpli,gated,cnn,True,finetune,segssl_barlow_all-patient_psd-fc-wpli_finetune_seed7_pre20_proj32_mask0_03_noise0_02_mlp1_0_sup100,True,barlow,psd,all-patient,True,7,1.0,0.1,32,0.03,0.02
multimodal_psd-fc-wpli_gated_cnn,17,sub28,sub01;sub05;sub07;sub08;sub09;sub10;sub11;sub13;sub14;sub15;sub16;sub17;sub18;sub20;sub22;sub24;sub27,sub29,33,0.08066456019878387,1.241457223892212,0.002,1e-05,1.0,1.0,False,False,multimodal,psd-fc-wpli,gated,cnn,True,finetune,segssl_barlow_all-patient_psd-fc-wpli_finetune_seed7_pre20_proj32_mask0_03_noise0_02_mlp1_0_sup100,True,barlow,psd,all-patient,True,7,1.0,0.1,32,0.03,0.02
multimodal_psd-fc-wpli_gated_cnn,17,sub28,sub01;sub05;sub07;sub08;sub09;sub10;sub11;sub13;sub14;sub15;sub16;sub17;sub18;sub20;sub22;sub24;sub27,sub29,34,0.06863544881343842,1.1729971170425415,0.002,1e-05,1.0,1.0,False,False,multimodal,psd-fc-wpli,gated,cnn,True,finetune,segssl_barlow_all-patient_psd-fc-wpli_finetune_seed7_pre20_proj32_mask0_03_noise0_02_mlp1_0_sup100,True,barlow,psd,all-patient,True,7,1.0,0.1,32,0.03,0.02
multimodal_psd-fc-wpli_gated_cnn,17,sub28,sub01;sub05;sub07;sub08;sub09;sub10;sub11;sub13;sub14;sub15;sub16;sub17;sub18;sub20;sub22;sub24;sub27,sub29,35,0.05806082859635353,1.1019508838653564,0.002,1e-05,1.0,1.0,False,False,multimodal,psd-fc-wpli,gated,cnn,True,finetune,segssl_barlow_all-patient_psd-fc-wpli_finetune_seed7_pre20_proj32_mask0_03_noise0_02_mlp1_0_sup100,True,barlow,psd,all-patient,True,7,1.0,0.1,32,0.03,0.02
multimodal_psd-fc-wpli_gated_cnn,17,sub28,sub01;sub05;sub07;sub08;sub09;sub10;sub11;sub13;sub14;sub15;sub16;sub17;sub18;sub20;sub22;sub24;sub27,sub29,36,0.048893872648477554,1.032762885093689,0.002,1e-05,1.0,1.0,False,False,multimodal,psd-fc-wpli,gated,cnn,True,finetune,segssl_barlow_all-patient_psd-fc-wpli_finetune_seed7_pre20_proj32_mask0_03_noise0_02_mlp1_0_sup100,True,barlow,psd,all-patient,True,7,1.0,0.1,32,0.03,0.02
multimodal_psd-fc-wpli_gated_cnn,17,sub28,sub01;sub05;sub07;sub08;sub09;sub10;sub11;sub13;sub14;sub15;sub16;sub17;sub18;sub20;sub22;sub24;sub27,sub29,37,0.04097441956400871,0.9697076082229614,0.002,1e-05,1.0,1.0,False,False,multimodal,psd-fc-wpli,gated,cnn,True,finetune,segssl_barlow_all-patient_psd-fc-wpli_finetune_seed7_pre20_proj32_mask0_03_noise0_02_mlp1_0_sup100,True,barlow,psd,all-patient,True,7,1.0,0.1,32,0.03,0.02
multimodal_psd-fc-wpli_gated_cnn,17,sub28,sub01;sub05;sub07;sub08;sub09;sub10;sub11;sub13;sub14;sub15;sub16;sub17;sub18;sub20;sub22;sub24;sub27,sub29,38,0.03433505445718765,0.9065085649490356,0.002,1e-05,1.0,1.0,False,False,multimodal,psd-fc-wpli,gated,cnn,True,finetune,segssl_barlow_all-patient_psd-fc-wpli_finetune_seed7_pre20_proj32_mask0_03_noise0_02_mlp1_0_sup100,True,barlow,psd,all-patient,True,7,1.0,0.1,32,0.03,0.02
multimodal_psd-fc-wpli_gated_cnn,17,sub28,sub01;sub05;sub07;sub08;sub09;sub10;sub11;sub13;sub14;sub15;sub16;sub17;sub18;sub20;sub22;sub24;sub27,sub29,39,0.028821345418691635,0.8308598399162292,0.002,1e-05,1.0,1.0,False,False,multimodal,psd-fc-wpli,gated,cnn,True,finetune,segssl_barlow_all-patient_psd-fc-wpli_finetune_seed7_pre20_proj32_mask0_03_noise0_02_mlp1_0_sup100,True,barlow,psd,all-patient,True,7,1.0,0.1,32,0.03,0.02
multimodal_psd-fc-wpli_gated_cnn,17,sub28,sub01;sub05;sub07;sub08;sub09;sub10;sub11;sub13;sub14;sub15;sub16;sub17;sub18;sub20;sub22;sub24;sub27,sub29,40,0.0241717342287302,0.7612923383712769,0.002,1e-05,1.0,1.0,True,False,multimodal,psd-fc-wpli,gated,cnn,True,finetune,segssl_barlow_all-patient_psd-fc-wpli_finetune_seed7_pre20_proj32_mask0_03_noise0_02_mlp1_0_sup100,True,barlow,psd,all-patient,True,7,1.0,0.1,32,0.03,0.02
multimodal_psd-fc-wpli_gated_cnn,17,sub28,sub01;sub05;sub07;sub08;sub09;sub10;sub11;sub13;sub14;sub15;sub16;sub17;sub18;sub20;sub22;sub24;sub27,sub29,41,0.020317502319812775,0.7024034261703491,0.002,1e-05,1.0,1.0,True,False,multimodal,psd-fc-wpli,gated,cnn,True,finetune,segssl_barlow_all-patient_psd-fc-wpli_finetune_seed7_pre20_proj32_mask0_03_noise0_02_mlp1_0_sup100,True,barlow,psd,all-patient,True,7,1.0,0.1,32,0.03,0.02
multimodal_psd-fc-wpli_gated_cnn,17,sub28,sub01;sub05;sub07;sub08;sub09;sub10;sub11;sub13;sub14;sub15;sub16;sub17;sub18;sub20;sub22;sub24;sub27,sub29,42,0.017100421711802483,0.6581980586051941,0.002,1e-05,1.0,1.0,True,False,multimodal,psd-fc-wpli,gated,cnn,True,finetune,segssl_barlow_all-patient_psd-fc-wpli_finetune_seed7_pre20_proj32_mask0_03_noise0_02_mlp1_0_sup100,True,barlow,psd,all-patient,True,7,1.0,0.1,32,0.03,0.02
multimodal_psd-fc-wpli_gated_cnn,17,sub28,sub01;sub05;sub07;sub08;sub09;sub10;sub11;sub13;sub14;sub15;sub16;sub17;sub18;sub20;sub22;sub24;sub27,sub29,43,0.014465395361185074,0.6272644996643066,0.002,1e-05,1.0,1.0,True,False,multimodal,psd-fc-wpli,gated,cnn,True,finetune,segssl_barlow_all-patient_psd-fc-wpli_finetune_seed7_pre20_proj32_mask0_03_noise0_02_mlp1_0_sup100,True,barlow,psd,all-patient,True,7,1.0,0.1,32,0.03,0.02
multimodal_psd-fc-wpli_gated_cnn,17,sub28,sub01;sub05;sub07;sub08;sub09;sub10;sub11;sub13;sub14;sub15;sub16;sub17;sub18;sub20;sub22;sub24;sub27,sub29,44,0.012263818643987179,0.6051411032676697,0.002,1e-05,1.0,1.0,True,False,multimodal,psd-fc-wpli,gated,cnn,True,finetune,segssl_barlow_all-patient_psd-fc-wpli_finetune_seed7_pre20_proj32_mask0_03_noise0_02_mlp1_0_sup100,True,barlow,psd,all-patient,True,7,1.0,0.1,32,0.03,0.02
multimodal_psd-fc-wpli_gated_cnn,17,sub28,sub01;sub05;sub07;sub08;sub09;sub10;sub11;sub13;sub14;sub15;sub16;sub17;sub18;sub20;sub22;sub24;sub27,sub29,45,0.01046353206038475,0.5863688588142395,0.002,1e-05,1.0,1.0,True,False,multimodal,psd-fc-wpli,gated,cnn,True,finetune,segssl_barlow_all-patient_psd-fc-wpli_finetune_seed7_pre20_proj32_mask0_03_noise0_02_mlp1_0_sup100,True,barlow,psd,all-patient,True,7,1.0,0.1,32,0.03,0.02
multimodal_psd-fc-wpli_gated_cnn,17,sub28,sub01;sub05;sub07;sub08;sub09;sub10;sub11;sub13;sub14;sub15;sub16;sub17;sub18;sub20;sub22;sub24;sub27,sub29,46,0.008995385840535164,0.5694552063941956,0.002,1e-05,1.0,1.0,True,False,multimodal,psd-fc-wpli,gated,cnn,True,finetune,segssl_barlow_all-patient_psd-fc-wpli_finetune_seed7_pre20_proj32_mask0_03_noise0_02_mlp1_0_sup100,True,barlow,psd,all-patient,True,7,1.0,0.1,32,0.03,0.02
multimodal_psd-fc-wpli_gated_cnn,17,sub28,sub01;sub05;sub07;sub08;sub09;sub10;sub11;sub13;sub14;sub15;sub16;sub17;sub18;sub20;sub22;sub24;sub27,sub29,47,0.007764277048408985,0.5527910590171814,0.002,1e-05,1.0,1.0,True,False,multimodal,psd-fc-wpli,gated,cnn,True,finetune,segssl_barlow_all-patient_psd-fc-wpli_finetune_seed7_pre20_proj32_mask0_03_noise0_02_mlp1_0_sup100,True,barlow,psd,all-patient,True,7,1.0,0.1,32,0.03,0.02
multimodal_psd-fc-wpli_gated_cnn,17,sub28,sub01;sub05;sub07;sub08;sub09;sub10;sub11;sub13;sub14;sub15;sub16;sub17;sub18;sub20;sub22;sub24;sub27,sub29,48,0.0067237364128232,0.5370751619338989,0.002,1e-05,1.0,1.0,True,False,multimodal,psd-fc-wpli,gated,cnn,True,finetune,segssl_barlow_all-patient_psd-fc-wpli_finetune_seed7_pre20_proj32_mask0_03_noise0_02_mlp1_0_sup100,True,barlow,psd,all-patient,True,7,1.0,0.1,32,0.03,0.02
multimodal_psd-fc-wpli_gated_cnn,17,sub28,sub01;sub05;sub07;sub08;sub09;sub10;sub11;sub13;sub14;sub15;sub16;sub17;sub18;sub20;sub22;sub24;sub27,sub29,49,0.005854371469467878,0.523817777633667,0.002,1e-05,1.0,1.0,True,False,multimodal,psd-fc-wpli,gated,cnn,True,finetune,segssl_barlow_all-patient_psd-fc-wpli_finetune_seed7_pre20_proj32_mask0_03_noise0_02_mlp1_0_sup100,True,barlow,psd,all-patient,True,7,1.0,0.1,32,0.03,0.02
multimodal_psd-fc-wpli_gated_cnn,17,sub28,sub01;sub05;sub07;sub08;sub09;sub10;sub11;sub13;sub14;sub15;sub16;sub17;sub18;sub20;sub22;sub24;sub27,sub29,50,0.0051382360979914665,0.5149941444396973,0.002,1e-05,1.0,1.0,True,False,multimodal,psd-fc-wpli,gated,cnn,True,finetune,segssl_barlow_all-patient_psd-fc-wpli_finetune_seed7_pre20_proj32_mask0_03_noise0_02_mlp1_0_sup100,True,barlow,psd,all-patient,True,7,1.0,0.1,32,0.03,0.02
multimodal_psd-fc-wpli_gated_cnn,17,sub28,sub01;sub05;sub07;sub08;sub09;sub10;sub11;sub13;sub14;sub15;sub16;sub17;sub18;sub20;sub22;sub24;sub27,sub29,51,0.004543141461908817,0.5094538331031799,0.002,1e-05,1.0,1.0,True,False,multimodal,psd-fc-wpli,gated,cnn,True,finetune,segssl_barlow_all-patient_psd-fc-wpli_finetune_seed7_pre20_proj32_mask0_03_noise0_02_mlp1_0_sup100,True,barlow,psd,all-patient,True,7,1.0,0.1,32,0.03,0.02
multimodal_psd-fc-wpli_gated_cnn,17,sub28,sub01;sub05;sub07;sub08;sub09;sub10;sub11;sub13;sub14;sub15;sub16;sub17;sub18;sub20;sub22;sub24;sub27,sub29,52,0.004037228412926197,0.50632643699646,0.002,1e-05,1.0,1.0,True,False,multimodal,psd-fc-wpli,gated,cnn,True,finetune,segssl_barlow_all-patient_psd-fc-wpli_finetune_seed7_pre20_proj32_mask0_03_noise0_02_mlp1_0_sup100,True,barlow,psd,all-patient,True,7,1.0,0.1,32,0.03,0.02
multimodal_psd-fc-wpli_gated_cnn,17,sub28,sub01;sub05;sub07;sub08;sub09;sub10;sub11;sub13;sub14;sub15;sub16;sub17;sub18;sub20;sub22;sub24;sub27,sub29,53,0.0036031235940754414,0.5041986703872681,0.002,1e-05,1.0,1.0,True,False,multimodal,psd-fc-wpli,gated,cnn,True,finetune,segssl_barlow_all-patient_psd-fc-wpli_finetune_seed7_pre20_proj32_mask0_03_noise0_02_mlp1_0_sup100,True,barlow,psd,all-patient,True,7,1.0,0.1,32,0.03,0.02
multimodal_psd-fc-wpli_gated_cnn,17,sub28,sub01;sub05;sub07;sub08;sub09;sub10;sub11;sub13;sub14;sub15;sub16;sub17;sub18;sub20;sub22;sub24;sub27,sub29,54,0.0032332914415746927,0.5021988749504089,0.002,1e-05,1.0,1.0,True,False,multimodal,psd-fc-wpli,gated,cnn,True,finetune,segssl_barlow_all-patient_psd-fc-wpli_finetune_seed7_pre20_proj32_mask0_03_noise0_02_mlp1_0_sup100,True,barlow,psd,all-patient,True,7,1.0,0.1,32,0.03,0.02
multimodal_psd-fc-wpli_gated_cnn,17,sub28,sub01;sub05;sub07;sub08;sub09;sub10;sub11;sub13;sub14;sub15;sub16;sub17;sub18;sub20;sub22;sub24;sub27,sub29,55,0.0029213251546025276,0.4994133710861206,0.002,1e-05,1.0,1.0,True,False,multimodal,psd-fc-wpli,gated,cnn,True,finetune,segssl_barlow_all-patient_psd-fc-wpli_finetune_seed7_pre20_proj32_mask0_03_noise0_02_mlp1_0_sup100,True,barlow,psd,all-patient,True,7,1.0,0.1,32,0.03,0.02
multimodal_psd-fc-wpli_gated_cnn,17,sub28,sub01;sub05;sub07;sub08;sub09;sub10;sub11;sub13;sub14;sub15;sub16;sub17;sub18;sub20;sub22;sub24;sub27,sub29,56,0.002656443975865841,0.4954119324684143,0.002,1e-05,1.0,1.0,True,False,multimodal,psd-fc-wpli,gated,cnn,True,finetune,segssl_barlow_all-patient_psd-fc-wpli_finetune_seed7_pre20_proj32_mask0_03_noise0_02_mlp1_0_sup100,True,barlow,psd,all-patient,True,7,1.0,0.1,32,0.03,0.02
multimodal_psd-fc-wpli_gated_cnn,17,sub28,sub01;sub05;sub07;sub08;sub09;sub10;sub11;sub13;sub14;sub15;sub16;sub17;sub18;sub20;sub22;sub24;sub27,sub29,57,0.0024281523656100035,0.490611732006073,0.002,1e-05,1.0,1.0,True,False,multimodal,psd-fc-wpli,gated,cnn,True,finetune,segssl_barlow_all-patient_psd-fc-wpli_finetune_seed7_pre20_proj32_mask0_03_noise0_02_mlp1_0_sup100,True,barlow,psd,all-patient,True,7,1.0,0.1,32,0.03,0.02
multimodal_psd-fc-wpli_gated_cnn,17,sub28,sub01;sub05;sub07;sub08;sub09;sub10;sub11;sub13;sub14;sub15;sub16;sub17;sub18;sub20;sub22;sub24;sub27,sub29,58,0.002228951547294855,0.4858180582523346,0.002,1e-05,1.0,1.0,True,False,multimodal,psd-fc-wpli,gated,cnn,True,finetune,segssl_barlow_all-patient_psd-fc-wpli_finetune_seed7_pre20_proj32_mask0_03_noise0_02_mlp1_0_sup100,True,barlow,psd,all-patient,True,7,1.0,0.1,32,0.03,0.02
multimodal_psd-fc-wpli_gated_cnn,17,sub28,sub01;sub05;sub07;sub08;sub09;sub10;sub11;sub13;sub14;sub15;sub16;sub17;sub18;sub20;sub22;sub24;sub27,sub29,59,0.002054796786978841,0.48139041662216187,0.002,1e-05,1.0,1.0,True,False,multimodal,psd-fc-wpli,gated,cnn,True,finetune,segssl_barlow_all-patient_psd-fc-wpli_finetune_seed7_pre20_proj32_mask0_03_noise0_02_mlp1_0_sup100,True,barlow,psd,all-patient,True,7,1.0,0.1,32,0.03,0.02
multimodal_psd-fc-wpli_gated_cnn,17,sub28,sub01;sub05;sub07;sub08;sub09;sub10;sub11;sub13;sub14;sub15;sub16;sub17;sub18;sub20;sub22;sub24;sub27,sub29,60,0.0019021260086447,0.47774559259414673,0.002,1e-05,1.0,1.0,True,False,multimodal,psd-fc-wpli,gated,cnn,True,finetune,segssl_barlow_all-patient_psd-fc-wpli_finetune_seed7_pre20_proj32_mask0_03_noise0_02_mlp1_0_sup100,True,barlow,psd,all-patient,True,7,1.0,0.1,32,0.03,0.02
multimodal_psd-fc-wpli_gated_cnn,17,sub28,sub01;sub05;sub07;sub08;sub09;sub10;sub11;sub13;sub14;sub15;sub16;sub17;sub18;sub20;sub22;sub24;sub27,sub29,61,0.001768720569089055,0.47508731484413147,0.002,1e-05,1.0,1.0,True,False,multimodal,psd-fc-wpli,gated,cnn,True,finetune,segssl_barlow_all-patient_psd-fc-wpli_finetune_seed7_pre20_proj32_mask0_03_noise0_02_mlp1_0_sup100,True,barlow,psd,all-patient,True,7,1.0,0.1,32,0.03,0.02
multimodal_psd-fc-wpli_gated_cnn,17,sub28,sub01;sub05;sub07;sub08;sub09;sub10;sub11;sub13;sub14;sub15;sub16;sub17;sub18;sub20;sub22;sub24;sub27,sub29,62,0.0016517264302819967,0.47351378202438354,0.002,1e-05,1.0,1.0,True,False,multimodal,psd-fc-wpli,gated,cnn,True,finetune,segssl_barlow_all-patient_psd-fc-wpli_finetune_seed7_pre20_proj32_mask0_03_noise0_02_mlp1_0_sup100,True,barlow,psd,all-patient,True,7,1.0,0.1,32,0.03,0.02
multimodal_psd-fc-wpli_gated_cnn,17,sub28,sub01;sub05;sub07;sub08;sub09;sub10;sub11;sub13;sub14;sub15;sub16;sub17;sub18;sub20;sub22;sub24;sub27,sub29,63,0.0015490924706682563,0.47321319580078125,0.002,1e-05,1.0,1.0,True,False,multimodal,psd-fc-wpli,gated,cnn,True,finetune,segssl_barlow_all-patient_psd-fc-wpli_finetune_seed7_pre20_proj32_mask0_03_noise0_02_mlp1_0_sup100,True,barlow,psd,all-patient,True,7,1.0,0.1,32,0.03,0.02
multimodal_psd-fc-wpli_gated_cnn,17,sub28,sub01;sub05;sub07;sub08;sub09;sub10;sub11;sub13;sub14;sub15;sub16;sub17;sub18;sub20;sub22;sub24;sub27,sub29,64,0.0014583722222596407,0.4736027717590332,0.002,1e-05,1.0,1.0,False,False,multimodal,psd-fc-wpli,gated,cnn,True,finetune,segssl_barlow_all-patient_psd-fc-wpli_finetune_seed7_pre20_proj32_mask0_03_noise0_02_mlp1_0_sup100,True,barlow,psd,all-patient,True,7,1.0,0.1,32,0.03,0.02
multimodal_psd-fc-wpli_gated_cnn,17,sub28,sub01;sub05;sub07;sub08;sub09;sub10;sub11;sub13;sub14;sub15;sub16;sub17;sub18;sub20;sub22;sub24;sub27,sub29,65,0.0013772939564660192,0.4744572639465332,0.002,1e-05,1.0,1.0,False,False,multimodal,psd-fc-wpli,gated,cnn,True,finetune,segssl_barlow_all-patient_psd-fc-wpli_finetune_seed7_pre20_proj32_mask0_03_noise0_02_mlp1_0_sup100,True,barlow,psd,all-patient,True,7,1.0,0.1,32,0.03,0.02
multimodal_psd-fc-wpli_gated_cnn,17,sub28,sub01;sub05;sub07;sub08;sub09;sub10;sub11;sub13;sub14;sub15;sub16;sub17;sub18;sub20;sub22;sub24;sub27,sub29,66,0.0013045266969129443,0.4752799868583679,0.002,1e-05,1.0,1.0,False,False,multimodal,psd-fc-wpli,gated,cnn,True,finetune,segssl_barlow_all-patient_psd-fc-wpli_finetune_seed7_pre20_proj32_mask0_03_noise0_02_mlp1_0_sup100,True,barlow,psd,all-patient,True,7,1.0,0.1,32,0.03,0.02
multimodal_psd-fc-wpli_gated_cnn,17,sub28,sub01;sub05;sub07;sub08;sub09;sub10;sub11;sub13;sub14;sub15;sub16;sub17;sub18;sub20;sub22;sub24;sub27,sub29,67,0.0012392878998070955,0.4756801426410675,0.002,1e-05,1.0,1.0,False,False,multimodal,psd-fc-wpli,gated,cnn,True,finetune,segssl_barlow_all-patient_psd-fc-wpli_finetune_seed7_pre20_proj32_mask0_03_noise0_02_mlp1_0_sup100,True,barlow,psd,all-patient,True,7,1.0,0.1,32,0.03,0.02
multimodal_psd-fc-wpli_gated_cnn,17,sub28,sub01;sub05;sub07;sub08;sub09;sub10;sub11;sub13;sub14;sub15;sub16;sub17;sub18;sub20;sub22;sub24;sub27,sub29,68,0.0011805673129856586,0.4755397439002991,0.002,1e-05,1.0,1.0,False,False,multimodal,psd-fc-wpli,gated,cnn,True,finetune,segssl_barlow_all-patient_psd-fc-wpli_finetune_seed7_pre20_proj32_mask0_03_noise0_02_mlp1_0_sup100,True,barlow,psd,all-patient,True,7,1.0,0.1,32,0.03,0.02
multimodal_psd-fc-wpli_gated_cnn,17,sub28,sub01;sub05;sub07;sub08;sub09;sub10;sub11;sub13;sub14;sub15;sub16;sub17;sub18;sub20;sub22;sub24;sub27,sub29,69,0.001127583091147244,0.4747207462787628,0.002,1e-05,1.0,1.0,False,False,multimodal,psd-fc-wpli,gated,cnn,True,finetune,segssl_barlow_all-patient_psd-fc-wpli_finetune_seed7_pre20_proj32_mask0_03_noise0_02_mlp1_0_sup100,True,barlow,psd,all-patient,True,7,1.0,0.1,32,0.03,0.02
multimodal_psd-fc-wpli_gated_cnn,17,sub28,sub01;sub05;sub07;sub08;sub09;sub10;sub11;sub13;sub14;sub15;sub16;sub17;sub18;sub20;sub22;sub24;sub27,sub29,70,0.0010793415131047368,0.4732341766357422,0.002,1e-05,1.0,1.0,False,False,multimodal,psd-fc-wpli,gated,cnn,True,finetune,segssl_barlow_all-patient_psd-fc-wpli_finetune_seed7_pre20_proj32_mask0_03_noise0_02_mlp1_0_sup100,True,barlow,psd,all-patient,True,7,1.0,0.1,32,0.03,0.02
multimodal_psd-fc-wpli_gated_cnn,17,sub28,sub01;sub05;sub07;sub08;sub09;sub10;sub11;sub13;sub14;sub15;sub16;sub17;sub18;sub20;sub22;sub24;sub27,sub29,71,0.0010352771496400237,0.471055805683136,0.002,1e-05,1.0,1.0,True,False,multimodal,psd-fc-wpli,gated,cnn,True,finetune,segssl_barlow_all-patient_psd-fc-wpli_finetune_seed7_pre20_proj32_mask0_03_noise0_02_mlp1_0_sup100,True,barlow,psd,all-patient,True,7,1.0,0.1,32,0.03,0.02
multimodal_psd-fc-wpli_gated_cnn,17,sub28,sub01;sub05;sub07;sub08;sub09;sub10;sub11;sub13;sub14;sub15;sub16;sub17;sub18;sub20;sub22;sub24;sub27,sub29,72,0.0009948206134140491,0.4681873917579651,0.002,1e-05,1.0,1.0,True,False,multimodal,psd-fc-wpli,gated,cnn,True,finetune,segssl_barlow_all-patient_psd-fc-wpli_finetune_seed7_pre20_proj32_mask0_03_noise0_02_mlp1_0_sup100,True,barlow,psd,all-patient,True,7,1.0,0.1,32,0.03,0.02
multimodal_psd-fc-wpli_gated_cnn,17,sub28,sub01;sub05;sub07;sub08;sub09;sub10;sub11;sub13;sub14;sub15;sub16;sub17;sub18;sub20;sub22;sub24;sub27,sub29,73,0.0009573572315275669,0.4649509787559509,0.002,1e-05,1.0,1.0,True,False,multimodal,psd-fc-wpli,gated,cnn,True,finetune,segssl_barlow_all-patient_psd-fc-wpli_finetune_seed7_pre20_proj32_mask0_03_noise0_02_mlp1_0_sup100,True,barlow,psd,all-patient,True,7,1.0,0.1,32,0.03,0.02
multimodal_psd-fc-wpli_gated_cnn,17,sub28,sub01;sub05;sub07;sub08;sub09;sub10;sub11;sub13;sub14;sub15;sub16;sub17;sub18;sub20;sub22;sub24;sub27,sub29,74,0.0009225051617249846,0.4613954424858093,0.002,1e-05,1.0,1.0,True,False,multimodal,psd-fc-wpli,gated,cnn,True,finetune,segssl_barlow_all-patient_psd-fc-wpli_finetune_seed7_pre20_proj32_mask0_03_noise0_02_mlp1_0_sup100,True,barlow,psd,all-patient,True,7,1.0,0.1,32,0.03,0.02
multimodal_psd-fc-wpli_gated_cnn,17,sub28,sub01;sub05;sub07;sub08;sub09;sub10;sub11;sub13;sub14;sub15;sub16;sub17;sub18;sub20;sub22;sub24;sub27,sub29,75,0.0008899862295947969,0.457437664270401,0.002,1e-05,1.0,1.0,True,False,multimodal,psd-fc-wpli,gated,cnn,True,finetune,segssl_barlow_all-patient_psd-fc-wpli_finetune_seed7_pre20_proj32_mask0_03_noise0_02_mlp1_0_sup100,True,barlow,psd,all-patient,True,7,1.0,0.1,32,0.03,0.02
multimodal_psd-fc-wpli_gated_cnn,17,sub28,sub01;sub05;sub07;sub08;sub09;sub10;sub11;sub13;sub14;sub15;sub16;sub17;sub18;sub20;sub22;sub24;sub27,sub29,76,0.0008595888502895832,0.45330509543418884,0.002,1e-05,1.0,1.0,True,False,multimodal,psd-fc-wpli,gated,cnn,True,finetune,segssl_barlow_all-patient_psd-fc-wpli_finetune_seed7_pre20_proj32_mask0_03_noise0_02_mlp1_0_sup100,True,barlow,psd,all-patient,True,7,1.0,0.1,32,0.03,0.02
multimodal_psd-fc-wpli_gated_cnn,17,sub28,sub01;sub05;sub07;sub08;sub09;sub10;sub11;sub13;sub14;sub15;sub16;sub17;sub18;sub20;sub22;sub24;sub27,sub29,77,0.0008309761178679764,0.44913244247436523,0.002,1e-05,1.0,1.0,True,False,multimodal,psd-fc-wpli,gated,cnn,True,finetune,segssl_barlow_all-patient_psd-fc-wpli_finetune_seed7_pre20_proj32_mask0_03_noise0_02_mlp1_0_sup100,True,barlow,psd,all-patient,True,7,1.0,0.1,32,0.03,0.02
multimodal_psd-fc-wpli_gated_cnn,17,sub28,sub01;sub05;sub07;sub08;sub09;sub10;sub11;sub13;sub14;sub15;sub16;sub17;sub18;sub20;sub22;sub24;sub27,sub29,78,0.0008040587417781353,0.445123553276062,0.002,1e-05,1.0,1.0,True,False,multimodal,psd-fc-wpli,gated,cnn,True,finetune,segssl_barlow_all-patient_psd-fc-wpli_finetune_seed7_pre20_proj32_mask0_03_noise0_02_mlp1_0_sup100,True,barlow,psd,all-patient,True,7,1.0,0.1,32,0.03,0.02
multimodal_psd-fc-wpli_gated_cnn,17,sub28,sub01;sub05;sub07;sub08;sub09;sub10;sub11;sub13;sub14;sub15;sub16;sub17;sub18;sub20;sub22;sub24;sub27,sub29,79,0.0007786784553900361,0.4412478804588318,0.002,1e-05,1.0,1.0,True,False,multimodal,psd-fc-wpli,gated,cnn,True,finetune,segssl_barlow_all-patient_psd-fc-wpli_finetune_seed7_pre20_proj32_mask0_03_noise0_02_mlp1_0_sup100,True,barlow,psd,all-patient,True,7,1.0,0.1,32,0.03,0.02
multimodal_psd-fc-wpli_gated_cnn,17,sub28,sub01;sub05;sub07;sub08;sub09;sub10;sub11;sub13;sub14;sub15;sub16;sub17;sub18;sub20;sub22;sub24;sub27,sub29,80,0.0007545403786934912,0.4374808669090271,0.002,1e-05,1.0,1.0,True,False,multimodal,psd-fc-wpli,gated,cnn,True,finetune,segssl_barlow_all-patient_psd-fc-wpli_finetune_seed7_pre20_proj32_mask0_03_noise0_02_mlp1_0_sup100,True,barlow,psd,all-patient,True,7,1.0,0.1,32,0.03,0.02
multimodal_psd-fc-wpli_gated_cnn,17,sub28,sub01;sub05;sub07;sub08;sub09;sub10;sub11;sub13;sub14;sub15;sub16;sub17;sub18;sub20;sub22;sub24;sub27,sub29,81,0.0007315740222111344,0.43387967348098755,0.002,1e-05,1.0,1.0,True,False,multimodal,psd-fc-wpli,gated,cnn,True,finetune,segssl_barlow_all-patient_psd-fc-wpli_finetune_seed7_pre20_proj32_mask0_03_noise0_02_mlp1_0_sup100,True,barlow,psd,all-patient,True,7,1.0,0.1,32,0.03,0.02
multimodal_psd-fc-wpli_gated_cnn,17,sub28,sub01;sub05;sub07;sub08;sub09;sub10;sub11;sub13;sub14;sub15;sub16;sub17;sub18;sub20;sub22;sub24;sub27,sub29,82,0.0007095126784406602,0.43036121129989624,0.002,1e-05,1.0,1.0,True,False,multimodal,psd-fc-wpli,gated,cnn,True,finetune,segssl_barlow_all-patient_psd-fc-wpli_finetune_seed7_pre20_proj32_mask0_03_noise0_02_mlp1_0_sup100,True,barlow,psd,all-patient,True,7,1.0,0.1,32,0.03,0.02
multimodal_psd-fc-wpli_gated_cnn,17,sub28,sub01;sub05;sub07;sub08;sub09;sub10;sub11;sub13;sub14;sub15;sub16;sub17;sub18;sub20;sub22;sub24;sub27,sub29,83,0.0006882610032334924,0.4268311858177185,0.002,1e-05,1.0,1.0,True,False,multimodal,psd-fc-wpli,gated,cnn,True,finetune,segssl_barlow_all-patient_psd-fc-wpli_finetune_seed7_pre20_proj32_mask0_03_noise0_02_mlp1_0_sup100,True,barlow,psd,all-patient,True,7,1.0,0.1,32,0.03,0.02
multimodal_psd-fc-wpli_gated_cnn,17,sub28,sub01;sub05;sub07;sub08;sub09;sub10;sub11;sub13;sub14;sub15;sub16;sub17;sub18;sub20;sub22;sub24;sub27,sub29,84,0.0006678138743154705,0.4232020974159241,0.002,1e-05,1.0,1.0,True,False,multimodal,psd-fc-wpli,gated,cnn,True,finetune,segssl_barlow_all-patient_psd-fc-wpli_finetune_seed7_pre20_proj32_mask0_03_noise0_02_mlp1_0_sup100,True,barlow,psd,all-patient,True,7,1.0,0.1,32,0.03,0.02
multimodal_psd-fc-wpli_gated_cnn,17,sub28,sub01;sub05;sub07;sub08;sub09;sub10;sub11;sub13;sub14;sub15;sub16;sub17;sub18;sub20;sub22;sub24;sub27,sub29,85,0.0006481041200459003,0.41972658038139343,0.002,1e-05,1.0,1.0,True,False,multimodal,psd-fc-wpli,gated,cnn,True,finetune,segssl_barlow_all-patient_psd-fc-wpli_finetune_seed7_pre20_proj32_mask0_03_noise0_02_mlp1_0_sup100,True,barlow,psd,all-patient,True,7,1.0,0.1,32,0.03,0.02
multimodal_psd-fc-wpli_gated_cnn,17,sub28,sub01;sub05;sub07;sub08;sub09;sub10;sub11;sub13;sub14;sub15;sub16;sub17;sub18;sub20;sub22;sub24;sub27,sub29,86,0.0006290333112701774,0.4161410927772522,0.002,1e-05,1.0,1.0,True,False,multimodal,psd-fc-wpli,gated,cnn,True,finetune,segssl_barlow_all-patient_psd-fc-wpli_finetune_seed7_pre20_proj32_mask0_03_noise0_02_mlp1_0_sup100,True,barlow,psd,all-patient,True,7,1.0,0.1,32,0.03,0.02
multimodal_psd-fc-wpli_gated_cnn,17,sub28,sub01;sub05;sub07;sub08;sub09;sub10;sub11;sub13;sub14;sub15;sub16;sub17;sub18;sub20;sub22;sub24;sub27,sub29,87,0.0006106036598794162,0.412389874458313,0.002,1e-05,1.0,1.0,True,False,multimodal,psd-fc-wpli,gated,cnn,True,finetune,segssl_barlow_all-patient_psd-fc-wpli_finetune_seed7_pre20_proj32_mask0_03_noise0_02_mlp1_0_sup100,True,barlow,psd,all-patient,True,7,1.0,0.1,32,0.03,0.02
multimodal_psd-fc-wpli_gated_cnn,17,sub28,sub01;sub05;sub07;sub08;sub09;sub10;sub11;sub13;sub14;sub15;sub16;sub17;sub18;sub20;sub22;sub24;sub27,sub29,88,0.0005928333848714828,0.4082372188568115,0.002,1e-05,1.0,1.0,True,False,multimodal,psd-fc-wpli,gated,cnn,True,finetune,segssl_barlow_all-patient_psd-fc-wpli_finetune_seed7_pre20_proj32_mask0_03_noise0_02_mlp1_0_sup100,True,barlow,psd,all-patient,True,7,1.0,0.1,32,0.03,0.02
multimodal_psd-fc-wpli_gated_cnn,17,sub28,sub01;sub05;sub07;sub08;sub09;sub10;sub11;sub13;sub14;sub15;sub16;sub17;sub18;sub20;sub22;sub24;sub27,sub29,89,0.0005757321487180889,0.40339386463165283,0.002,1e-05,1.0,1.0,True,False,multimodal,psd-fc-wpli,gated,cnn,True,finetune,segssl_barlow_all-patient_psd-fc-wpli_finetune_seed7_pre20_proj32_mask0_03_noise0_02_mlp1_0_sup100,True,barlow,psd,all-patient,True,7,1.0,0.1,32,0.03,0.02
multimodal_psd-fc-wpli_gated_cnn,17,sub28,sub01;sub05;sub07;sub08;sub09;sub10;sub11;sub13;sub14;sub15;sub16;sub17;sub18;sub20;sub22;sub24;sub27,sub29,90,0.0005592157831415534,0.397943913936615,0.002,1e-05,1.0,1.0,True,False,multimodal,psd-fc-wpli,gated,cnn,True,finetune,segssl_barlow_all-patient_psd-fc-wpli_finetune_seed7_pre20_proj32_mask0_03_noise0_02_mlp1_0_sup100,True,barlow,psd,all-patient,True,7,1.0,0.1,32,0.03,0.02
multimodal_psd-fc-wpli_gated_cnn,17,sub28,sub01;sub05;sub07;sub08;sub09;sub10;sub11;sub13;sub14;sub15;sub16;sub17;sub18;sub20;sub22;sub24;sub27,sub29,91,0.0005430714227259159,0.3921806514263153,0.002,1e-05,1.0,1.0,True,False,multimodal,psd-fc-wpli,gated,cnn,True,finetune,segssl_barlow_all-patient_psd-fc-wpli_finetune_seed7_pre20_proj32_mask0_03_noise0_02_mlp1_0_sup100,True,barlow,psd,all-patient,True,7,1.0,0.1,32,0.03,0.02
multimodal_psd-fc-wpli_gated_cnn,17,sub28,sub01;sub05;sub07;sub08;sub09;sub10;sub11;sub13;sub14;sub15;sub16;sub17;sub18;sub20;sub22;sub24;sub27,sub29,92,0.0005273947026580572,0.38646799325942993,0.002,1e-05,1.0,1.0,True,False,multimodal,psd-fc-wpli,gated,cnn,True,finetune,segssl_barlow_all-patient_psd-fc-wpli_finetune_seed7_pre20_proj32_mask0_03_noise0_02_mlp1_0_sup100,True,barlow,psd,all-patient,True,7,1.0,0.1,32,0.03,0.02
multimodal_psd-fc-wpli_gated_cnn,17,sub28,sub01;sub05;sub07;sub08;sub09;sub10;sub11;sub13;sub14;sub15;sub16;sub17;sub18;sub20;sub22;sub24;sub27,sub29,93,0.0005122233415022492,0.3808203935623169,0.002,1e-05,1.0,1.0,True,False,multimodal,psd-fc-wpli,gated,cnn,True,finetune,segssl_barlow_all-patient_psd-fc-wpli_finetune_seed7_pre20_proj32_mask0_03_noise0_02_mlp1_0_sup100,True,barlow,psd,all-patient,True,7,1.0,0.1,32,0.03,0.02
multimodal_psd-fc-wpli_gated_cnn,17,sub28,sub01;sub05;sub07;sub08;sub09;sub10;sub11;sub13;sub14;sub15;sub16;sub17;sub18;sub20;sub22;sub24;sub27,sub29,94,0.0004974731709808111,0.3751436769962311,0.002,1e-05,1.0,1.0,True,False,multimodal,psd-fc-wpli,gated,cnn,True,finetune,segssl_barlow_all-patient_psd-fc-wpli_finetune_seed7_pre20_proj32_mask0_03_noise0_02_mlp1_0_sup100,True,barlow,psd,all-patient,True,7,1.0,0.1,32,0.03,0.02
multimodal_psd-fc-wpli_gated_cnn,17,sub28,sub01;sub05;sub07;sub08;sub09;sub10;sub11;sub13;sub14;sub15;sub16;sub17;sub18;sub20;sub22;sub24;sub27,sub29,95,0.0004831615660805255,0.3694358170032501,0.002,1e-05,1.0,1.0,True,False,multimodal,psd-fc-wpli,gated,cnn,True,finetune,segssl_barlow_all-patient_psd-fc-wpli_finetune_seed7_pre20_proj32_mask0_03_noise0_02_mlp1_0_sup100,True,barlow,psd,all-patient,True,7,1.0,0.1,32,0.03,0.02
multimodal_psd-fc-wpli_gated_cnn,17,sub28,sub01;sub05;sub07;sub08;sub09;sub10;sub11;sub13;sub14;sub15;sub16;sub17;sub18;sub20;sub22;sub24;sub27,sub29,96,0.0004692571237683296,0.3637303411960602,0.002,1e-05,1.0,1.0,True,False,multimodal,psd-fc-wpli,gated,cnn,True,finetune,segssl_barlow_all-patient_psd-fc-wpli_finetune_seed7_pre20_proj32_mask0_03_noise0_02_mlp1_0_sup100,True,barlow,psd,all-patient,True,7,1.0,0.1,32,0.03,0.02
multimodal_psd-fc-wpli_gated_cnn,17,sub28,sub01;sub05;sub07;sub08;sub09;sub10;sub11;sub13;sub14;sub15;sub16;sub17;sub18;sub20;sub22;sub24;sub27,sub29,97,0.00045575821422971785,0.35812100768089294,0.002,1e-05,1.0,1.0,True,False,multimodal,psd-fc-wpli,gated,cnn,True,finetune,segssl_barlow_all-patient_psd-fc-wpli_finetune_seed7_pre20_proj32_mask0_03_noise0_02_mlp1_0_sup100,True,barlow,psd,all-patient,True,7,1.0,0.1,32,0.03,0.02
multimodal_psd-fc-wpli_gated_cnn,17,sub28,sub01;sub05;sub07;sub08;sub09;sub10;sub11;sub13;sub14;sub15;sub16;sub17;sub18;sub20;sub22;sub24;sub27,sub29,98,0.00044262182200327516,0.3526095151901245,0.002,1e-05,1.0,1.0,True,False,multimodal,psd-fc-wpli,gated,cnn,True,finetune,segssl_barlow_all-patient_psd-fc-wpli_finetune_seed7_pre20_proj32_mask0_03_noise0_02_mlp1_0_sup100,True,barlow,psd,all-patient,True,7,1.0,0.1,32,0.03,0.02
multimodal_psd-fc-wpli_gated_cnn,17,sub28,sub01;sub05;sub07;sub08;sub09;sub10;sub11;sub13;sub14;sub15;sub16;sub17;sub18;sub20;sub22;sub24;sub27,sub29,99,0.0004298886051401496,0.3472572863101959,0.002,1e-05,1.0,1.0,True,False,multimodal,psd-fc-wpli,gated,cnn,True,finetune,segssl_barlow_all-patient_psd-fc-wpli_finetune_seed7_pre20_proj32_mask0_03_noise0_02_mlp1_0_sup100,True,barlow,psd,all-patient,True,7,1.0,0.1,32,0.03,0.02
multimodal_psd-fc-wpli_gated_cnn,17,sub28,sub01;sub05;sub07;sub08;sub09;sub10;sub11;sub13;sub14;sub15;sub16;sub17;sub18;sub20;sub22;sub24;sub27,sub29,100,0.0004175746871624142,0.34200724959373474,0.002,1e-05,1.0,1.0,True,False,multimodal,psd-fc-wpli,gated,cnn,True,finetune,segssl_barlow_all-patient_psd-fc-wpli_finetune_seed7_pre20_proj32_mask0_03_noise0_02_mlp1_0_sup100,True,barlow,psd,all-patient,True,7,1.0,0.1,32,0.03,0.02
multimodal_psd-fc-wpli_gated_cnn,18,sub29,sub05;sub07;sub08;sub09;sub10;sub11;sub13;sub14;sub15;sub16;sub17;sub18;sub20;sub22;sub24;sub27;sub28,sub01,1,0.6919288635253906,0.7401760220527649,0.002,1e-05,1.0,1.0,True,False,multimodal,psd-fc-wpli,gated,cnn,True,finetune,segssl_barlow_all-patient_psd-fc-wpli_finetune_seed7_pre20_proj32_mask0_03_noise0_02_mlp1_0_sup100,True,barlow,psd,all-patient,True,7,1.0,0.1,32,0.03,0.02
multimodal_psd-fc-wpli_gated_cnn,18,sub29,sub05;sub07;sub08;sub09;sub10;sub11;sub13;sub14;sub15;sub16;sub17;sub18;sub20;sub22;sub24;sub27;sub28,sub01,2,0.6852835416793823,0.7271936535835266,0.002,1e-05,1.0,1.0,True,False,multimodal,psd-fc-wpli,gated,cnn,True,finetune,segssl_barlow_all-patient_psd-fc-wpli_finetune_seed7_pre20_proj32_mask0_03_noise0_02_mlp1_0_sup100,True,barlow,psd,all-patient,True,7,1.0,0.1,32,0.03,0.02
multimodal_psd-fc-wpli_gated_cnn,18,sub29,sub05;sub07;sub08;sub09;sub10;sub11;sub13;sub14;sub15;sub16;sub17;sub18;sub20;sub22;sub24;sub27;sub28,sub01,3,0.6786240935325623,0.7085175514221191,0.002,1e-05,1.0,1.0,True,False,multimodal,psd-fc-wpli,gated,cnn,True,finetune,segssl_barlow_all-patient_psd-fc-wpli_finetune_seed7_pre20_proj32_mask0_03_noise0_02_mlp1_0_sup100,True,barlow,psd,all-patient,True,7,1.0,0.1,32,0.03,0.02
multimodal_psd-fc-wpli_gated_cnn,18,sub29,sub05;sub07;sub08;sub09;sub10;sub11;sub13;sub14;sub15;sub16;sub17;sub18;sub20;sub22;sub24;sub27;sub28,sub01,4,0.6711726784706116,0.6931161880493164,0.002,1e-05,1.0,1.0,True,False,multimodal,psd-fc-wpli,gated,cnn,True,finetune,segssl_barlow_all-patient_psd-fc-wpli_finetune_seed7_pre20_proj32_mask0_03_noise0_02_mlp1_0_sup100,True,barlow,psd,all-patient,True,7,1.0,0.1,32,0.03,0.02
multimodal_psd-fc-wpli_gated_cnn,18,sub29,sub05;sub07;sub08;sub09;sub10;sub11;sub13;sub14;sub15;sub16;sub17;sub18;sub20;sub22;sub24;sub27;sub28,sub01,5,0.6628174781799316,0.6795517206192017,0.002,1e-05,1.0,1.0,True,False,multimodal,psd-fc-wpli,gated,cnn,True,finetune,segssl_barlow_all-patient_psd-fc-wpli_finetune_seed7_pre20_proj32_mask0_03_noise0_02_mlp1_0_sup100,True,barlow,psd,all-patient,True,7,1.0,0.1,32,0.03,0.02
multimodal_psd-fc-wpli_gated_cnn,18,sub29,sub05;sub07;sub08;sub09;sub10;sub11;sub13;sub14;sub15;sub16;sub17;sub18;sub20;sub22;sub24;sub27;sub28,sub01,6,0.6545135378837585,0.6660925149917603,0.002,1e-05,1.0,1.0,True,False,multimodal,psd-fc-wpli,gated,cnn,True,finetune,segssl_barlow_all-patient_psd-fc-wpli_finetune_seed7_pre20_proj32_mask0_03_noise0_02_mlp1_0_sup100,True,barlow,psd,all-patient,True,7,1.0,0.1,32,0.03,0.02
multimodal_psd-fc-wpli_gated_cnn,18,sub29,sub05;sub07;sub08;sub09;sub10;sub11;sub13;sub14;sub15;sub16;sub17;sub18;sub20;sub22;sub24;sub27;sub28,sub01,7,0.6458531618118286,0.6529634594917297,0.002,1e-05,1.0,1.0,True,False,multimodal,psd-fc-wpli,gated,cnn,True,finetune,segssl_barlow_all-patient_psd-fc-wpli_finetune_seed7_pre20_proj32_mask0_03_noise0_02_mlp1_0_sup100,True,barlow,psd,all-patient,True,7,1.0,0.1,32,0.03,0.02
multimodal_psd-fc-wpli_gated_cnn,18,sub29,sub05;sub07;sub08;sub09;sub10;sub11;sub13;sub14;sub15;sub16;sub17;sub18;sub20;sub22;sub24;sub27;sub28,sub01,8,0.6365488171577454,0.6394903063774109,0.002,1e-05,1.0,1.0,True,False,multimodal,psd-fc-wpli,gated,cnn,True,finetune,segssl_barlow_all-patient_psd-fc-wpli_finetune_seed7_pre20_proj32_mask0_03_noise0_02_mlp1_0_sup100,True,barlow,psd,all-patient,True,7,1.0,0.1,32,0.03,0.02
multimodal_psd-fc-wpli_gated_cnn,18,sub29,sub05;sub07;sub08;sub09;sub10;sub11;sub13;sub14;sub15;sub16;sub17;sub18;sub20;sub22;sub24;sub27;sub28,sub01,9,0.6266394257545471,0.6262662410736084,0.002,1e-05,1.0,1.0,True,False,multimodal,psd-fc-wpli,gated,cnn,True,finetune,segssl_barlow_all-patient_psd-fc-wpli_finetune_seed7_pre20_proj32_mask0_03_noise0_02_mlp1_0_sup100,True,barlow,psd,all-patient,True,7,1.0,0.1,32,0.03,0.02
multimodal_psd-fc-wpli_gated_cnn,18,sub29,sub05;sub07;sub08;sub09;sub10;sub11;sub13;sub14;sub15;sub16;sub17;sub18;sub20;sub22;sub24;sub27;sub28,sub01,10,0.6158778071403503,0.6140357851982117,0.002,1e-05,1.0,1.0,True,False,multimodal,psd-fc-wpli,gated,cnn,True,finetune,segssl_barlow_all-patient_psd-fc-wpli_finetune_seed7_pre20_proj32_mask0_03_noise0_02_mlp1_0_sup100,True,barlow,psd,all-patient,True,7,1.0,0.1,32,0.03,0.02
multimodal_psd-fc-wpli_gated_cnn,18,sub29,sub05;sub07;sub08;sub09;sub10;sub11;sub13;sub14;sub15;sub16;sub17;sub18;sub20;sub22;sub24;sub27;sub28,sub01,11,0.6039145588874817,0.6022487878799438,0.002,1e-05,1.0,1.0,True,False,multimodal,psd-fc-wpli,gated,cnn,True,finetune,segssl_barlow_all-patient_psd-fc-wpli_finetune_seed7_pre20_proj32_mask0_03_noise0_02_mlp1_0_sup100,True,barlow,psd,all-patient,True,7,1.0,0.1,32,0.03,0.02
multimodal_psd-fc-wpli_gated_cnn,18,sub29,sub05;sub07;sub08;sub09;sub10;sub11;sub13;sub14;sub15;sub16;sub17;sub18;sub20;sub22;sub24;sub27;sub28,sub01,12,0.5909082889556885,0.5899524092674255,0.002,1e-05,1.0,1.0,True,False,multimodal,psd-fc-wpli,gated,cnn,True,finetune,segssl_barlow_all-patient_psd-fc-wpli_finetune_seed7_pre20_proj32_mask0_03_noise0_02_mlp1_0_sup100,True,barlow,psd,all-patient,True,7,1.0,0.1,32,0.03,0.02
multimodal_psd-fc-wpli_gated_cnn,18,sub29,sub05;sub07;sub08;sub09;sub10;sub11;sub13;sub14;sub15;sub16;sub17;sub18;sub20;sub22;sub24;sub27;sub28,sub01,13,0.577000081539154,0.5770405530929565,0.002,1e-05,1.0,1.0,True,False,multimodal,psd-fc-wpli,gated,cnn,True,finetune,segssl_barlow_all-patient_psd-fc-wpli_finetune_seed7_pre20_proj32_mask0_03_noise0_02_mlp1_0_sup100,True,barlow,psd,all-patient,True,7,1.0,0.1,32,0.03,0.02
multimodal_psd-fc-wpli_gated_cnn,18,sub29,sub05;sub07;sub08;sub09;sub10;sub11;sub13;sub14;sub15;sub16;sub17;sub18;sub20;sub22;sub24;sub27;sub28,sub01,14,0.5617312788963318,0.5640313625335693,0.002,1e-05,1.0,1.0,True,False,multimodal,psd-fc-wpli,gated,cnn,True,finetune,segssl_barlow_all-patient_psd-fc-wpli_finetune_seed7_pre20_proj32_mask0_03_noise0_02_mlp1_0_sup100,True,barlow,psd,all-patient,True,7,1.0,0.1,32,0.03,0.02
multimodal_psd-fc-wpli_gated_cnn,18,sub29,sub05;sub07;sub08;sub09;sub10;sub11;sub13;sub14;sub15;sub16;sub17;sub18;sub20;sub22;sub24;sub27;sub28,sub01,15,0.545038104057312,0.5513080954551697,0.002,1e-05,1.0,1.0,True,False,multimodal,psd-fc-wpli,gated,cnn,True,finetune,segssl_barlow_all-patient_psd-fc-wpli_finetune_seed7_pre20_proj32_mask0_03_noise0_02_mlp1_0_sup100,True,barlow,psd,all-patient,True,7,1.0,0.1,32,0.03,0.02
multimodal_psd-fc-wpli_gated_cnn,18,sub29,sub05;sub07;sub08;sub09;sub10;sub11;sub13;sub14;sub15;sub16;sub17;sub18;sub20;sub22;sub24;sub27;sub28,sub01,16,0.527316689491272,0.5383016467094421,0.002,1e-05,1.0,1.0,True,False,multimodal,psd-fc-wpli,gated,cnn,True,finetune,segssl_barlow_all-patient_psd-fc-wpli_finetune_seed7_pre20_proj32_mask0_03_noise0_02_mlp1_0_sup100,True,barlow,psd,all-patient,True,7,1.0,0.1,32,0.03,0.02
multimodal_psd-fc-wpli_gated_cnn,18,sub29,sub05;sub07;sub08;sub09;sub10;sub11;sub13;sub14;sub15;sub16;sub17;sub18;sub20;sub22;sub24;sub27;sub28,sub01,17,0.508792519569397,0.5251404643058777,0.002,1e-05,1.0,1.0,True,False,multimodal,psd-fc-wpli,gated,cnn,True,finetune,segssl_barlow_all-patient_psd-fc-wpli_finetune_seed7_pre20_proj32_mask0_03_noise0_02_mlp1_0_sup100,True,barlow,psd,all-patient,True,7,1.0,0.1,32,0.03,0.02
multimodal_psd-fc-wpli_gated_cnn,18,sub29,sub05;sub07;sub08;sub09;sub10;sub11;sub13;sub14;sub15;sub16;sub17;sub18;sub20;sub22;sub24;sub27;sub28,sub01,18,0.4890551269054413,0.5115952491760254,0.002,1e-05,1.0,1.0,True,False,multimodal,psd-fc-wpli,gated,cnn,True,finetune,segssl_barlow_all-patient_psd-fc-wpli_finetune_seed7_pre20_proj32_mask0_03_noise0_02_mlp1_0_sup100,True,barlow,psd,all-patient,True,7,1.0,0.1,32,0.03,0.02
multimodal_psd-fc-wpli_gated_cnn,18,sub29,sub05;sub07;sub08;sub09;sub10;sub11;sub13;sub14;sub15;sub16;sub17;sub18;sub20;sub22;sub24;sub27;sub28,sub01,19,0.4680376350879669,0.49760425090789795,0.002,1e-05,1.0,1.0,True,False,multimodal,psd-fc-wpli,gated,cnn,True,finetune,segssl_barlow_all-patient_psd-fc-wpli_finetune_seed7_pre20_proj32_mask0_03_noise0_02_mlp1_0_sup100,True,barlow,psd,all-patient,True,7,1.0,0.1,32,0.03,0.02
multimodal_psd-fc-wpli_gated_cnn,18,sub29,sub05;sub07;sub08;sub09;sub10;sub11;sub13;sub14;sub15;sub16;sub17;sub18;sub20;sub22;sub24;sub27;sub28,sub01,20,0.4458918273448944,0.48209550976753235,0.002,1e-05,1.0,1.0,True,False,multimodal,psd-fc-wpli,gated,cnn,True,finetune,segssl_barlow_all-patient_psd-fc-wpli_finetune_seed7_pre20_proj32_mask0_03_noise0_02_mlp1_0_sup100,True,barlow,psd,all-patient,True,7,1.0,0.1,32,0.03,0.02
multimodal_psd-fc-wpli_gated_cnn,18,sub29,sub05;sub07;sub08;sub09;sub10;sub11;sub13;sub14;sub15;sub16;sub17;sub18;sub20;sub22;sub24;sub27;sub28,sub01,21,0.4225776493549347,0.46219584345817566,0.002,1e-05,1.0,1.0,True,False,multimodal,psd-fc-wpli,gated,cnn,True,finetune,segssl_barlow_all-patient_psd-fc-wpli_finetune_seed7_pre20_proj32_mask0_03_noise0_02_mlp1_0_sup100,True,barlow,psd,all-patient,True,7,1.0,0.1,32,0.03,0.02
multimodal_psd-fc-wpli_gated_cnn,18,sub29,sub05;sub07;sub08;sub09;sub10;sub11;sub13;sub14;sub15;sub16;sub17;sub18;sub20;sub22;sub24;sub27;sub28,sub01,22,0.39820465445518494,0.4363270401954651,0.002,1e-05,1.0,1.0,True,False,multimodal,psd-fc-wpli,gated,cnn,True,finetune,segssl_barlow_all-patient_psd-fc-wpli_finetune_seed7_pre20_proj32_mask0_03_noise0_02_mlp1_0_sup100,True,barlow,psd,all-patient,True,7,1.0,0.1,32,0.03,0.02
multimodal_psd-fc-wpli_gated_cnn,18,sub29,sub05;sub07;sub08;sub09;sub10;sub11;sub13;sub14;sub15;sub16;sub17;sub18;sub20;sub22;sub24;sub27;sub28,sub01,23,0.3727956712245941,0.40218502283096313,0.002,1e-05,1.0,1.0,True,False,multimodal,psd-fc-wpli,gated,cnn,True,finetune,segssl_barlow_all-patient_psd-fc-wpli_finetune_seed7_pre20_proj32_mask0_03_noise0_02_mlp1_0_sup100,True,barlow,psd,all-patient,True,7,1.0,0.1,32,0.03,0.02
multimodal_psd-fc-wpli_gated_cnn,18,sub29,sub05;sub07;sub08;sub09;sub10;sub11;sub13;sub14;sub15;sub16;sub17;sub18;sub20;sub22;sub24;sub27;sub28,sub01,24,0.346542626619339,0.36030158400535583,0.002,1e-05,1.0,1.0,True,False,multimodal,psd-fc-wpli,gated,cnn,True,finetune,segssl_barlow_all-patient_psd-fc-wpli_finetune_seed7_pre20_proj32_mask0_03_noise0_02_mlp1_0_sup100,True,barlow,psd,all-patient,True,7,1.0,0.1,32,0.03,0.02
multimodal_psd-fc-wpli_gated_cnn,18,sub29,sub05;sub07;sub08;sub09;sub10;sub11;sub13;sub14;sub15;sub16;sub17;sub18;sub20;sub22;sub24;sub27;sub28,sub01,25,0.3195211589336395,0.31548309326171875,0.002,1e-05,1.0,1.0,True,False,multimodal,psd-fc-wpli,gated,cnn,True,finetune,segssl_barlow_all-patient_psd-fc-wpli_finetune_seed7_pre20_proj32_mask0_03_noise0_02_mlp1_0_sup100,True,barlow,psd,all-patient,True,7,1.0,0.1,32,0.03,0.02
multimodal_psd-fc-wpli_gated_cnn,18,sub29,sub05;sub07;sub08;sub09;sub10;sub11;sub13;sub14;sub15;sub16;sub17;sub18;sub20;sub22;sub24;sub27;sub28,sub01,26,0.29247140884399414,0.27176448702812195,0.002,1e-05,1.0,1.0,True,False,multimodal,psd-fc-wpli,gated,cnn,True,finetune,segssl_barlow_all-patient_psd-fc-wpli_finetune_seed7_pre20_proj32_mask0_03_noise0_02_mlp1_0_sup100,True,barlow,psd,all-patient,True,7,1.0,0.1,32,0.03,0.02
multimodal_psd-fc-wpli_gated_cnn,18,sub29,sub05;sub07;sub08;sub09;sub10;sub11;sub13;sub14;sub15;sub16;sub17;sub18;sub20;sub22;sub24;sub27;sub28,sub01,27,0.2658989429473877,0.23333734273910522,0.002,1e-05,1.0,1.0,True,False,multimodal,psd-fc-wpli,gated,cnn,True,finetune,segssl_barlow_all-patient_psd-fc-wpli_finetune_seed7_pre20_proj32_mask0_03_noise0_02_mlp1_0_sup100,True,barlow,psd,all-patient,True,7,1.0,0.1,32,0.03,0.02
multimodal_psd-fc-wpli_gated_cnn,18,sub29,sub05;sub07;sub08;sub09;sub10;sub11;sub13;sub14;sub15;sub16;sub17;sub18;sub20;sub22;sub24;sub27;sub28,sub01,28,0.24016857147216797,0.20117488503456116,0.002,1e-05,1.0,1.0,True,False,multimodal,psd-fc-wpli,gated,cnn,True,finetune,segssl_barlow_all-patient_psd-fc-wpli_finetune_seed7_pre20_proj32_mask0_03_noise0_02_mlp1_0_sup100,True,barlow,psd,all-patient,True,7,1.0,0.1,32,0.03,0.02
multimodal_psd-fc-wpli_gated_cnn,18,sub29,sub05;sub07;sub08;sub09;sub10;sub11;sub13;sub14;sub15;sub16;sub17;sub18;sub20;sub22;sub24;sub27;sub28,sub01,29,0.2150394767522812,0.17410480976104736,0.002,1e-05,1.0,1.0,True,False,multimodal,psd-fc-wpli,gated,cnn,True,finetune,segssl_barlow_all-patient_psd-fc-wpli_finetune_seed7_pre20_proj32_mask0_03_noise0_02_mlp1_0_sup100,True,barlow,psd,all-patient,True,7,1.0,0.1,32,0.03,0.02
multimodal_psd-fc-wpli_gated_cnn,18,sub29,sub05;sub07;sub08;sub09;sub10;sub11;sub13;sub14;sub15;sub16;sub17;sub18;sub20;sub22;sub24;sub27;sub28,sub01,30,0.19097375869750977,0.15093779563903809,0.002,1e-05,1.0,1.0,True,False,multimodal,psd-fc-wpli,gated,cnn,True,finetune,segssl_barlow_all-patient_psd-fc-wpli_finetune_seed7_pre20_proj32_mask0_03_noise0_02_mlp1_0_sup100,True,barlow,psd,all-patient,True,7,1.0,0.1,32,0.03,0.02
multimodal_psd-fc-wpli_gated_cnn,18,sub29,sub05;sub07;sub08;sub09;sub10;sub11;sub13;sub14;sub15;sub16;sub17;sub18;sub20;sub22;sub24;sub27;sub28,sub01,31,0.16826015710830688,0.13128161430358887,0.002,1e-05,1.0,1.0,True,False,multimodal,psd-fc-wpli,gated,cnn,True,finetune,segssl_barlow_all-patient_psd-fc-wpli_finetune_seed7_pre20_proj32_mask0_03_noise0_02_mlp1_0_sup100,True,barlow,psd,all-patient,True,7,1.0,0.1,32,0.03,0.02
multimodal_psd-fc-wpli_gated_cnn,18,sub29,sub05;sub07;sub08;sub09;sub10;sub11;sub13;sub14;sub15;sub16;sub17;sub18;sub20;sub22;sub24;sub27;sub28,sub01,32,0.14714612066745758,0.11442611366510391,0.002,1e-05,1.0,1.0,True,False,multimodal,psd-fc-wpli,gated,cnn,True,finetune,segssl_barlow_all-patient_psd-fc-wpli_finetune_seed7_pre20_proj32_mask0_03_noise0_02_mlp1_0_sup100,True,barlow,psd,all-patient,True,7,1.0,0.1,32,0.03,0.02
multimodal_psd-fc-wpli_gated_cnn,18,sub29,sub05;sub07;sub08;sub09;sub10;sub11;sub13;sub14;sub15;sub16;sub17;sub18;sub20;sub22;sub24;sub27;sub28,sub01,33,0.12751929461956024,0.09913051128387451,0.002,1e-05,1.0,1.0,True,False,multimodal,psd-fc-wpli,gated,cnn,True,finetune,segssl_barlow_all-patient_psd-fc-wpli_finetune_seed7_pre20_proj32_mask0_03_noise0_02_mlp1_0_sup100,True,barlow,psd,all-patient,True,7,1.0,0.1,32,0.03,0.02
multimodal_psd-fc-wpli_gated_cnn,18,sub29,sub05;sub07;sub08;sub09;sub10;sub11;sub13;sub14;sub15;sub16;sub17;sub18;sub20;sub22;sub24;sub27;sub28,sub01,34,0.10967753082513809,0.08459709584712982,0.002,1e-05,1.0,1.0,True,False,multimodal,psd-fc-wpli,gated,cnn,True,finetune,segssl_barlow_all-patient_psd-fc-wpli_finetune_seed7_pre20_proj32_mask0_03_noise0_02_mlp1_0_sup100,True,barlow,psd,all-patient,True,7,1.0,0.1,32,0.03,0.02
multimodal_psd-fc-wpli_gated_cnn,18,sub29,sub05;sub07;sub08;sub09;sub10;sub11;sub13;sub14;sub15;sub16;sub17;sub18;sub20;sub22;sub24;sub27;sub28,sub01,35,0.09380895644426346,0.07107636332511902,0.002,1e-05,1.0,1.0,True,False,multimodal,psd-fc-wpli,gated,cnn,True,finetune,segssl_barlow_all-patient_psd-fc-wpli_finetune_seed7_pre20_proj32_mask0_03_noise0_02_mlp1_0_sup100,True,barlow,psd,all-patient,True,7,1.0,0.1,32,0.03,0.02
multimodal_psd-fc-wpli_gated_cnn,18,sub29,sub05;sub07;sub08;sub09;sub10;sub11;sub13;sub14;sub15;sub16;sub17;sub18;sub20;sub22;sub24;sub27;sub28,sub01,36,0.07972359657287598,0.059295445680618286,0.002,1e-05,1.0,1.0,True,False,multimodal,psd-fc-wpli,gated,cnn,True,finetune,segssl_barlow_all-patient_psd-fc-wpli_finetune_seed7_pre20_proj32_mask0_03_noise0_02_mlp1_0_sup100,True,barlow,psd,all-patient,True,7,1.0,0.1,32,0.03,0.02
multimodal_psd-fc-wpli_gated_cnn,18,sub29,sub05;sub07;sub08;sub09;sub10;sub11;sub13;sub14;sub15;sub16;sub17;sub18;sub20;sub22;sub24;sub27;sub28,sub01,37,0.06723963469266891,0.04939679428935051,0.002,1e-05,1.0,1.0,True,False,multimodal,psd-fc-wpli,gated,cnn,True,finetune,segssl_barlow_all-patient_psd-fc-wpli_finetune_seed7_pre20_proj32_mask0_03_noise0_02_mlp1_0_sup100,True,barlow,psd,all-patient,True,7,1.0,0.1,32,0.03,0.02
multimodal_psd-fc-wpli_gated_cnn,18,sub29,sub05;sub07;sub08;sub09;sub10;sub11;sub13;sub14;sub15;sub16;sub17;sub18;sub20;sub22;sub24;sub27;sub28,sub01,38,0.056386422365903854,0.041273314505815506,0.002,1e-05,1.0,1.0,True,False,multimodal,psd-fc-wpli,gated,cnn,True,finetune,segssl_barlow_all-patient_psd-fc-wpli_finetune_seed7_pre20_proj32_mask0_03_noise0_02_mlp1_0_sup100,True,barlow,psd,all-patient,True,7,1.0,0.1,32,0.03,0.02
multimodal_psd-fc-wpli_gated_cnn,18,sub29,sub05;sub07;sub08;sub09;sub10;sub11;sub13;sub14;sub15;sub16;sub17;sub18;sub20;sub22;sub24;sub27;sub28,sub01,39,0.04707474261522293,0.035040780901908875,0.002,1e-05,1.0,1.0,True,False,multimodal,psd-fc-wpli,gated,cnn,True,finetune,segssl_barlow_all-patient_psd-fc-wpli_finetune_seed7_pre20_proj32_mask0_03_noise0_02_mlp1_0_sup100,True,barlow,psd,all-patient,True,7,1.0,0.1,32,0.03,0.02
multimodal_psd-fc-wpli_gated_cnn,18,sub29,sub05;sub07;sub08;sub09;sub10;sub11;sub13;sub14;sub15;sub16;sub17;sub18;sub20;sub22;sub24;sub27;sub28,sub01,40,0.03920277580618858,0.030224965885281563,0.002,1e-05,1.0,1.0,True,False,multimodal,psd-fc-wpli,gated,cnn,True,finetune,segssl_barlow_all-patient_psd-fc-wpli_finetune_seed7_pre20_proj32_mask0_03_noise0_02_mlp1_0_sup100,True,barlow,psd,all-patient,True,7,1.0,0.1,32,0.03,0.02
multimodal_psd-fc-wpli_gated_cnn,18,sub29,sub05;sub07;sub08;sub09;sub10;sub11;sub13;sub14;sub15;sub16;sub17;sub18;sub20;sub22;sub24;sub27;sub28,sub01,41,0.03261539712548256,0.026636434718966484,0.002,1e-05,1.0,1.0,True,False,multimodal,psd-fc-wpli,gated,cnn,True,finetune,segssl_barlow_all-patient_psd-fc-wpli_finetune_seed7_pre20_proj32_mask0_03_noise0_02_mlp1_0_sup100,True,barlow,psd,all-patient,True,7,1.0,0.1,32,0.03,0.02
multimodal_psd-fc-wpli_gated_cnn,18,sub29,sub05;sub07;sub08;sub09;sub10;sub11;sub13;sub14;sub15;sub16;sub17;sub18;sub20;sub22;sub24;sub27;sub28,sub01,42,0.027153827250003815,0.023897023871541023,0.002,1e-05,1.0,1.0,True,False,multimodal,psd-fc-wpli,gated,cnn,True,finetune,segssl_barlow_all-patient_psd-fc-wpli_finetune_seed7_pre20_proj32_mask0_03_noise0_02_mlp1_0_sup100,True,barlow,psd,all-patient,True,7,1.0,0.1,32,0.03,0.02
multimodal_psd-fc-wpli_gated_cnn,18,sub29,sub05;sub07;sub08;sub09;sub10;sub11;sub13;sub14;sub15;sub16;sub17;sub18;sub20;sub22;sub24;sub27;sub28,sub01,43,0.022614268586039543,0.021629411727190018,0.002,1e-05,1.0,1.0,True,False,multimodal,psd-fc-wpli,gated,cnn,True,finetune,segssl_barlow_all-patient_psd-fc-wpli_finetune_seed7_pre20_proj32_mask0_03_noise0_02_mlp1_0_sup100,True,barlow,psd,all-patient,True,7,1.0,0.1,32,0.03,0.02
multimodal_psd-fc-wpli_gated_cnn,18,sub29,sub05;sub07;sub08;sub09;sub10;sub11;sub13;sub14;sub15;sub16;sub17;sub18;sub20;sub22;sub24;sub27;sub28,sub01,44,0.018867922946810722,0.019564148038625717,0.002,1e-05,1.0,1.0,True,False,multimodal,psd-fc-wpli,gated,cnn,True,finetune,segssl_barlow_all-patient_psd-fc-wpli_finetune_seed7_pre20_proj32_mask0_03_noise0_02_mlp1_0_sup100,True,barlow,psd,all-patient,True,7,1.0,0.1,32,0.03,0.02
multimodal_psd-fc-wpli_gated_cnn,18,sub29,sub05;sub07;sub08;sub09;sub10;sub11;sub13;sub14;sub15;sub16;sub17;sub18;sub20;sub22;sub24;sub27;sub28,sub01,45,0.015779053792357445,0.01764678955078125,0.002,1e-05,1.0,1.0,True,False,multimodal,psd-fc-wpli,gated,cnn,True,finetune,segssl_barlow_all-patient_psd-fc-wpli_finetune_seed7_pre20_proj32_mask0_03_noise0_02_mlp1_0_sup100,True,barlow,psd,all-patient,True,7,1.0,0.1,32,0.03,0.02
multimodal_psd-fc-wpli_gated_cnn,18,sub29,sub05;sub07;sub08;sub09;sub10;sub11;sub13;sub14;sub15;sub16;sub17;sub18;sub20;sub22;sub24;sub27;sub28,sub01,46,0.013229218311607838,0.015885332599282265,0.002,1e-05,1.0,1.0,True,False,multimodal,psd-fc-wpli,gated,cnn,True,finetune,segssl_barlow_all-patient_psd-fc-wpli_finetune_seed7_pre20_proj32_mask0_03_noise0_02_mlp1_0_sup100,True,barlow,psd,all-patient,True,7,1.0,0.1,32,0.03,0.02
multimodal_psd-fc-wpli_gated_cnn,18,sub29,sub05;sub07;sub08;sub09;sub10;sub11;sub13;sub14;sub15;sub16;sub17;sub18;sub20;sub22;sub24;sub27;sub28,sub01,47,0.011130131781101227,0.014168625697493553,0.002,1e-05,1.0,1.0,True,False,multimodal,psd-fc-wpli,gated,cnn,True,finetune,segssl_barlow_all-patient_psd-fc-wpli_finetune_seed7_pre20_proj32_mask0_03_noise0_02_mlp1_0_sup100,True,barlow,psd,all-patient,True,7,1.0,0.1,32,0.03,0.02
multimodal_psd-fc-wpli_gated_cnn,18,sub29,sub05;sub07;sub08;sub09;sub10;sub11;sub13;sub14;sub15;sub16;sub17;sub18;sub20;sub22;sub24;sub27;sub28,sub01,48,0.009408594109117985,0.01253108773380518,0.002,1e-05,1.0,1.0,True,False,multimodal,psd-fc-wpli,gated,cnn,True,finetune,segssl_barlow_all-patient_psd-fc-wpli_finetune_seed7_pre20_proj32_mask0_03_noise0_02_mlp1_0_sup100,True,barlow,psd,all-patient,True,7,1.0,0.1,32,0.03,0.02
multimodal_psd-fc-wpli_gated_cnn,18,sub29,sub05;sub07;sub08;sub09;sub10;sub11;sub13;sub14;sub15;sub16;sub17;sub18;sub20;sub22;sub24;sub27;sub28,sub01,49,0.007998584769666195,0.011009518057107925,0.002,1e-05,1.0,1.0,True,False,multimodal,psd-fc-wpli,gated,cnn,True,finetune,segssl_barlow_all-patient_psd-fc-wpli_finetune_seed7_pre20_proj32_mask0_03_noise0_02_mlp1_0_sup100,True,barlow,psd,all-patient,True,7,1.0,0.1,32,0.03,0.02
multimodal_psd-fc-wpli_gated_cnn,18,sub29,sub05;sub07;sub08;sub09;sub10;sub11;sub13;sub14;sub15;sub16;sub17;sub18;sub20;sub22;sub24;sub27;sub28,sub01,50,0.006842689588665962,0.009612358175218105,0.002,1e-05,1.0,1.0,True,False,multimodal,psd-fc-wpli,gated,cnn,True,finetune,segssl_barlow_all-patient_psd-fc-wpli_finetune_seed7_pre20_proj32_mask0_03_noise0_02_mlp1_0_sup100,True,barlow,psd,all-patient,True,7,1.0,0.1,32,0.03,0.02
multimodal_psd-fc-wpli_gated_cnn,18,sub29,sub05;sub07;sub08;sub09;sub10;sub11;sub13;sub14;sub15;sub16;sub17;sub18;sub20;sub22;sub24;sub27;sub28,sub01,51,0.005888134706765413,0.008359466679394245,0.002,1e-05,1.0,1.0,True,False,multimodal,psd-fc-wpli,gated,cnn,True,finetune,segssl_barlow_all-patient_psd-fc-wpli_finetune_seed7_pre20_proj32_mask0_03_noise0_02_mlp1_0_sup100,True,barlow,psd,all-patient,True,7,1.0,0.1,32,0.03,0.02
multimodal_psd-fc-wpli_gated_cnn,18,sub29,sub05;sub07;sub08;sub09;sub10;sub11;sub13;sub14;sub15;sub16;sub17;sub18;sub20;sub22;sub24;sub27;sub28,sub01,52,0.0050968630239367485,0.007252464536577463,0.002,1e-05,1.0,1.0,True,False,multimodal,psd-fc-wpli,gated,cnn,True,finetune,segssl_barlow_all-patient_psd-fc-wpli_finetune_seed7_pre20_proj32_mask0_03_noise0_02_mlp1_0_sup100,True,barlow,psd,all-patient,True,7,1.0,0.1,32,0.03,0.02
multimodal_psd-fc-wpli_gated_cnn,18,sub29,sub05;sub07;sub08;sub09;sub10;sub11;sub13;sub14;sub15;sub16;sub17;sub18;sub20;sub22;sub24;sub27;sub28,sub01,53,0.004439570475369692,0.006287930998951197,0.002,1e-05,1.0,1.0,True,False,multimodal,psd-fc-wpli,gated,cnn,True,finetune,segssl_barlow_all-patient_psd-fc-wpli_finetune_seed7_pre20_proj32_mask0_03_noise0_02_mlp1_0_sup100,True,barlow,psd,all-patient,True,7,1.0,0.1,32,0.03,0.02
multimodal_psd-fc-wpli_gated_cnn,18,sub29,sub05;sub07;sub08;sub09;sub10;sub11;sub13;sub14;sub15;sub16;sub17;sub18;sub20;sub22;sub24;sub27;sub28,sub01,54,0.0038926517590880394,0.005460720509290695,0.002,1e-05,1.0,1.0,True,False,multimodal,psd-fc-wpli,gated,cnn,True,finetune,segssl_barlow_all-patient_psd-fc-wpli_finetune_seed7_pre20_proj32_mask0_03_noise0_02_mlp1_0_sup100,True,barlow,psd,all-patient,True,7,1.0,0.1,32,0.03,0.02
multimodal_psd-fc-wpli_gated_cnn,18,sub29,sub05;sub07;sub08;sub09;sub10;sub11;sub13;sub14;sub15;sub16;sub17;sub18;sub20;sub22;sub24;sub27;sub28,sub01,55,0.0034356610849499702,0.004761689808219671,0.002,1e-05,1.0,1.0,True,False,multimodal,psd-fc-wpli,gated,cnn,True,finetune,segssl_barlow_all-patient_psd-fc-wpli_finetune_seed7_pre20_proj32_mask0_03_noise0_02_mlp1_0_sup100,True,barlow,psd,all-patient,True,7,1.0,0.1,32,0.03,0.02
multimodal_psd-fc-wpli_gated_cnn,18,sub29,sub05;sub07;sub08;sub09;sub10;sub11;sub13;sub14;sub15;sub16;sub17;sub18;sub20;sub22;sub24;sub27;sub28,sub01,56,0.003052503103390336,0.004193203989416361,0.002,1e-05,1.0,1.0,True,False,multimodal,psd-fc-wpli,gated,cnn,True,finetune,segssl_barlow_all-patient_psd-fc-wpli_finetune_seed7_pre20_proj32_mask0_03_noise0_02_mlp1_0_sup100,True,barlow,psd,all-patient,True,7,1.0,0.1,32,0.03,0.02
multimodal_psd-fc-wpli_gated_cnn,18,sub29,sub05;sub07;sub08;sub09;sub10;sub11;sub13;sub14;sub15;sub16;sub17;sub18;sub20;sub22;sub24;sub27;sub28,sub01,57,0.002727206563577056,0.0037288363091647625,0.002,1e-05,1.0,1.0,True,False,multimodal,psd-fc-wpli,gated,cnn,True,finetune,segssl_barlow_all-patient_psd-fc-wpli_finetune_seed7_pre20_proj32_mask0_03_noise0_02_mlp1_0_sup100,True,barlow,psd,all-patient,True,7,1.0,0.1,32,0.03,0.02
multimodal_psd-fc-wpli_gated_cnn,18,sub29,sub05;sub07;sub08;sub09;sub10;sub11;sub13;sub14;sub15;sub16;sub17;sub18;sub20;sub22;sub24;sub27;sub28,sub01,58,0.002449336228892207,0.0033475097734481096,0.002,1e-05,1.0,1.0,True,False,multimodal,psd-fc-wpli,gated,cnn,True,finetune,segssl_barlow_all-patient_psd-fc-wpli_finetune_seed7_pre20_proj32_mask0_03_noise0_02_mlp1_0_sup100,True,barlow,psd,all-patient,True,7,1.0,0.1,32,0.03,0.02
multimodal_psd-fc-wpli_gated_cnn,18,sub29,sub05;sub07;sub08;sub09;sub10;sub11;sub13;sub14;sub15;sub16;sub17;sub18;sub20;sub22;sub24;sub27;sub28,sub01,59,0.002211538376286626,0.0030350801534950733,0.002,1e-05,1.0,1.0,True,False,multimodal,psd-fc-wpli,gated,cnn,True,finetune,segssl_barlow_all-patient_psd-fc-wpli_finetune_seed7_pre20_proj32_mask0_03_noise0_02_mlp1_0_sup100,True,barlow,psd,all-patient,True,7,1.0,0.1,32,0.03,0.02
multimodal_psd-fc-wpli_gated_cnn,18,sub29,sub05;sub07;sub08;sub09;sub10;sub11;sub13;sub14;sub15;sub16;sub17;sub18;sub20;sub22;sub24;sub27;sub28,sub01,60,0.0020077438093721867,0.0027771973982453346,0.002,1e-05,1.0,1.0,True,False,multimodal,psd-fc-wpli,gated,cnn,True,finetune,segssl_barlow_all-patient_psd-fc-wpli_finetune_seed7_pre20_proj32_mask0_03_noise0_02_mlp1_0_sup100,True,barlow,psd,all-patient,True,7,1.0,0.1,32,0.03,0.02
multimodal_psd-fc-wpli_gated_cnn,18,sub29,sub05;sub07;sub08;sub09;sub10;sub11;sub13;sub14;sub15;sub16;sub17;sub18;sub20;sub22;sub24;sub27;sub28,sub01,61,0.0018328196601942182,0.0025625848211348057,0.002,1e-05,1.0,1.0,True,False,multimodal,psd-fc-wpli,gated,cnn,True,finetune,segssl_barlow_all-patient_psd-fc-wpli_finetune_seed7_pre20_proj32_mask0_03_noise0_02_mlp1_0_sup100,True,barlow,psd,all-patient,True,7,1.0,0.1,32,0.03,0.02
multimodal_psd-fc-wpli_gated_cnn,18,sub29,sub05;sub07;sub08;sub09;sub10;sub11;sub13;sub14;sub15;sub16;sub17;sub18;sub20;sub22;sub24;sub27;sub28,sub01,62,0.001681790454313159,0.0023825515527278185,0.002,1e-05,1.0,1.0,True,False,multimodal,psd-fc-wpli,gated,cnn,True,finetune,segssl_barlow_all-patient_psd-fc-wpli_finetune_seed7_pre20_proj32_mask0_03_noise0_02_mlp1_0_sup100,True,barlow,psd,all-patient,True,7,1.0,0.1,32,0.03,0.02
multimodal_psd-fc-wpli_gated_cnn,18,sub29,sub05;sub07;sub08;sub09;sub10;sub11;sub13;sub14;sub15;sub16;sub17;sub18;sub20;sub22;sub24;sub27;sub28,sub01,63,0.001551215653307736,0.002230089157819748,0.002,1e-05,1.0,1.0,True,False,multimodal,psd-fc-wpli,gated,cnn,True,finetune,segssl_barlow_all-patient_psd-fc-wpli_finetune_seed7_pre20_proj32_mask0_03_noise0_02_mlp1_0_sup100,True,barlow,psd,all-patient,True,7,1.0,0.1,32,0.03,0.02
multimodal_psd-fc-wpli_gated_cnn,18,sub29,sub05;sub07;sub08;sub09;sub10;sub11;sub13;sub14;sub15;sub16;sub17;sub18;sub20;sub22;sub24;sub27;sub28,sub01,64,0.0014372982550412416,0.002099331934005022,0.002,1e-05,1.0,1.0,True,False,multimodal,psd-fc-wpli,gated,cnn,True,finetune,segssl_barlow_all-patient_psd-fc-wpli_finetune_seed7_pre20_proj32_mask0_03_noise0_02_mlp1_0_sup100,True,barlow,psd,all-patient,True,7,1.0,0.1,32,0.03,0.02
multimodal_psd-fc-wpli_gated_cnn,18,sub29,sub05;sub07;sub08;sub09;sub10;sub11;sub13;sub14;sub15;sub16;sub17;sub18;sub20;sub22;sub24;sub27;sub28,sub01,65,0.0013366740895435214,0.00198358204215765,0.002,1e-05,1.0,1.0,True,False,multimodal,psd-fc-wpli,gated,cnn,True,finetune,segssl_barlow_all-patient_psd-fc-wpli_finetune_seed7_pre20_proj32_mask0_03_noise0_02_mlp1_0_sup100,True,barlow,psd,all-patient,True,7,1.0,0.1,32,0.03,0.02
multimodal_psd-fc-wpli_gated_cnn,18,sub29,sub05;sub07;sub08;sub09;sub10;sub11;sub13;sub14;sub15;sub16;sub17;sub18;sub20;sub22;sub24;sub27;sub28,sub01,66,0.0012475590920075774,0.0018798485398292542,0.002,1e-05,1.0,1.0,True,False,multimodal,psd-fc-wpli,gated,cnn,True,finetune,segssl_barlow_all-patient_psd-fc-wpli_finetune_seed7_pre20_proj32_mask0_03_noise0_02_mlp1_0_sup100,True,barlow,psd,all-patient,True,7,1.0,0.1,32,0.03,0.02
multimodal_psd-fc-wpli_gated_cnn,18,sub29,sub05;sub07;sub08;sub09;sub10;sub11;sub13;sub14;sub15;sub16;sub17;sub18;sub20;sub22;sub24;sub27;sub28,sub01,67,0.0011683925986289978,0.0017859184881672263,0.002,1e-05,1.0,1.0,True,False,multimodal,psd-fc-wpli,gated,cnn,True,finetune,segssl_barlow_all-patient_psd-fc-wpli_finetune_seed7_pre20_proj32_mask0_03_noise0_02_mlp1_0_sup100,True,barlow,psd,all-patient,True,7,1.0,0.1,32,0.03,0.02
multimodal_psd-fc-wpli_gated_cnn,18,sub29,sub05;sub07;sub08;sub09;sub10;sub11;sub13;sub14;sub15;sub16;sub17;sub18;sub20;sub22;sub24;sub27;sub28,sub01,68,0.0010980601655319333,0.0017004753462970257,0.002,1e-05,1.0,1.0,True,False,multimodal,psd-fc-wpli,gated,cnn,True,finetune,segssl_barlow_all-patient_psd-fc-wpli_finetune_seed7_pre20_proj32_mask0_03_noise0_02_mlp1_0_sup100,True,barlow,psd,all-patient,True,7,1.0,0.1,32,0.03,0.02
multimodal_psd-fc-wpli_gated_cnn,18,sub29,sub05;sub07;sub08;sub09;sub10;sub11;sub13;sub14;sub15;sub16;sub17;sub18;sub20;sub22;sub24;sub27;sub28,sub01,69,0.0010350878583267331,0.0016218455275520682,0.002,1e-05,1.0,1.0,True,False,multimodal,psd-fc-wpli,gated,cnn,True,finetune,segssl_barlow_all-patient_psd-fc-wpli_finetune_seed7_pre20_proj32_mask0_03_noise0_02_mlp1_0_sup100,True,barlow,psd,all-patient,True,7,1.0,0.1,32,0.03,0.02
multimodal_psd-fc-wpli_gated_cnn,18,sub29,sub05;sub07;sub08;sub09;sub10;sub11;sub13;sub14;sub15;sub16;sub17;sub18;sub20;sub22;sub24;sub27;sub28,sub01,70,0.0009784306166693568,0.0015487737255170941,0.002,1e-05,1.0,1.0,True,False,multimodal,psd-fc-wpli,gated,cnn,True,finetune,segssl_barlow_all-patient_psd-fc-wpli_finetune_seed7_pre20_proj32_mask0_03_noise0_02_mlp1_0_sup100,True,barlow,psd,all-patient,True,7,1.0,0.1,32,0.03,0.02
multimodal_psd-fc-wpli_gated_cnn,18,sub29,sub05;sub07;sub08;sub09;sub10;sub11;sub13;sub14;sub15;sub16;sub17;sub18;sub20;sub22;sub24;sub27;sub28,sub01,71,0.0009276027558371425,0.0014811393339186907,0.002,1e-05,1.0,1.0,True,False,multimodal,psd-fc-wpli,gated,cnn,True,finetune,segssl_barlow_all-patient_psd-fc-wpli_finetune_seed7_pre20_proj32_mask0_03_noise0_02_mlp1_0_sup100,True,barlow,psd,all-patient,True,7,1.0,0.1,32,0.03,0.02
multimodal_psd-fc-wpli_gated_cnn,18,sub29,sub05;sub07;sub08;sub09;sub10;sub11;sub13;sub14;sub15;sub16;sub17;sub18;sub20;sub22;sub24;sub27;sub28,sub01,72,0.0008817128255032003,0.001419239561073482,0.002,1e-05,1.0,1.0,True,False,multimodal,psd-fc-wpli,gated,cnn,True,finetune,segssl_barlow_all-patient_psd-fc-wpli_finetune_seed7_pre20_proj32_mask0_03_noise0_02_mlp1_0_sup100,True,barlow,psd,all-patient,True,7,1.0,0.1,32,0.03,0.02
multimodal_psd-fc-wpli_gated_cnn,18,sub29,sub05;sub07;sub08;sub09;sub10;sub11;sub13;sub14;sub15;sub16;sub17;sub18;sub20;sub22;sub24;sub27;sub28,sub01,73,0.0008398281643167138,0.0013624766143038869,0.002,1e-05,1.0,1.0,True,False,multimodal,psd-fc-wpli,gated,cnn,True,finetune,segssl_barlow_all-patient_psd-fc-wpli_finetune_seed7_pre20_proj32_mask0_03_noise0_02_mlp1_0_sup100,True,barlow,psd,all-patient,True,7,1.0,0.1,32,0.03,0.02
multimodal_psd-fc-wpli_gated_cnn,18,sub29,sub05;sub07;sub08;sub09;sub10;sub11;sub13;sub14;sub15;sub16;sub17;sub18;sub20;sub22;sub24;sub27;sub28,sub01,74,0.0008014088962227106,0.0013098351191729307,0.002,1e-05,1.0,1.0,True,False,multimodal,psd-fc-wpli,gated,cnn,True,finetune,segssl_barlow_all-patient_psd-fc-wpli_finetune_seed7_pre20_proj32_mask0_03_noise0_02_mlp1_0_sup100,True,barlow,psd,all-patient,True,7,1.0,0.1,32,0.03,0.02
multimodal_psd-fc-wpli_gated_cnn,18,sub29,sub05;sub07;sub08;sub09;sub10;sub11;sub13;sub14;sub15;sub16;sub17;sub18;sub20;sub22;sub24;sub27;sub28,sub01,75,0.000766101002227515,0.0012605383526533842,0.002,1e-05,1.0,1.0,True,False,multimodal,psd-fc-wpli,gated,cnn,True,finetune,segssl_barlow_all-patient_psd-fc-wpli_finetune_seed7_pre20_proj32_mask0_03_noise0_02_mlp1_0_sup100,True,barlow,psd,all-patient,True,7,1.0,0.1,32,0.03,0.02
multimodal_psd-fc-wpli_gated_cnn,18,sub29,sub05;sub07;sub08;sub09;sub10;sub11;sub13;sub14;sub15;sub16;sub17;sub18;sub20;sub22;sub24;sub27;sub28,sub01,76,0.0007335125119425356,0.0012143471976742148,0.002,1e-05,1.0,1.0,True,False,multimodal,psd-fc-wpli,gated,cnn,True,finetune,segssl_barlow_all-patient_psd-fc-wpli_finetune_seed7_pre20_proj32_mask0_03_noise0_02_mlp1_0_sup100,True,barlow,psd,all-patient,True,7,1.0,0.1,32,0.03,0.02
multimodal_psd-fc-wpli_gated_cnn,18,sub29,sub05;sub07;sub08;sub09;sub10;sub11;sub13;sub14;sub15;sub16;sub17;sub18;sub20;sub22;sub24;sub27;sub28,sub01,77,0.0007034279988147318,0.0011711419792845845,0.002,1e-05,1.0,1.0,True,False,multimodal,psd-fc-wpli,gated,cnn,True,finetune,segssl_barlow_all-patient_psd-fc-wpli_finetune_seed7_pre20_proj32_mask0_03_noise0_02_mlp1_0_sup100,True,barlow,psd,all-patient,True,7,1.0,0.1,32,0.03,0.02
multimodal_psd-fc-wpli_gated_cnn,18,sub29,sub05;sub07;sub08;sub09;sub10;sub11;sub13;sub14;sub15;sub16;sub17;sub18;sub20;sub22;sub24;sub27;sub28,sub01,78,0.0006756596267223358,0.0011309221154078841,0.002,1e-05,1.0,1.0,True,False,multimodal,psd-fc-wpli,gated,cnn,True,finetune,segssl_barlow_all-patient_psd-fc-wpli_finetune_seed7_pre20_proj32_mask0_03_noise0_02_mlp1_0_sup100,True,barlow,psd,all-patient,True,7,1.0,0.1,32,0.03,0.02
multimodal_psd-fc-wpli_gated_cnn,18,sub29,sub05;sub07;sub08;sub09;sub10;sub11;sub13;sub14;sub15;sub16;sub17;sub18;sub20;sub22;sub24;sub27;sub28,sub01,79,0.000649975729174912,0.001093508442863822,0.002,1e-05,1.0,1.0,True,False,multimodal,psd-fc-wpli,gated,cnn,True,finetune,segssl_barlow_all-patient_psd-fc-wpli_finetune_seed7_pre20_proj32_mask0_03_noise0_02_mlp1_0_sup100,True,barlow,psd,all-patient,True,7,1.0,0.1,32,0.03,0.02
multimodal_psd-fc-wpli_gated_cnn,18,sub29,sub05;sub07;sub08;sub09;sub10;sub11;sub13;sub14;sub15;sub16;sub17;sub18;sub20;sub22;sub24;sub27;sub28,sub01,80,0.0006261146045289934,0.001058960217051208,0.002,1e-05,1.0,1.0,True,False,multimodal,psd-fc-wpli,gated,cnn,True,finetune,segssl_barlow_all-patient_psd-fc-wpli_finetune_seed7_pre20_proj32_mask0_03_noise0_02_mlp1_0_sup100,True,barlow,psd,all-patient,True,7,1.0,0.1,32,0.03,0.02
multimodal_psd-fc-wpli_gated_cnn,18,sub29,sub05;sub07;sub08;sub09;sub10;sub11;sub13;sub14;sub15;sub16;sub17;sub18;sub20;sub22;sub24;sub27;sub28,sub01,81,0.0006039064028300345,0.0010270384373143315,0.002,1e-05,1.0,1.0,True,False,multimodal,psd-fc-wpli,gated,cnn,True,finetune,segssl_barlow_all-patient_psd-fc-wpli_finetune_seed7_pre20_proj32_mask0_03_noise0_02_mlp1_0_sup100,True,barlow,psd,all-patient,True,7,1.0,0.1,32,0.03,0.02
multimodal_psd-fc-wpli_gated_cnn,18,sub29,sub05;sub07;sub08;sub09;sub10;sub11;sub13;sub14;sub15;sub16;sub17;sub18;sub20;sub22;sub24;sub27;sub28,sub01,82,0.0005831573507748544,0.0009977428708225489,0.002,1e-05,1.0,1.0,True,False,multimodal,psd-fc-wpli,gated,cnn,True,finetune,segssl_barlow_all-patient_psd-fc-wpli_finetune_seed7_pre20_proj32_mask0_03_noise0_02_mlp1_0_sup100,True,barlow,psd,all-patient,True,7,1.0,0.1,32,0.03,0.02
multimodal_psd-fc-wpli_gated_cnn,18,sub29,sub05;sub07;sub08;sub09;sub10;sub11;sub13;sub14;sub15;sub16;sub17;sub18;sub20;sub22;sub24;sub27;sub28,sub01,83,0.0005636863643303514,0.000970834749750793,0.002,1e-05,1.0,1.0,True,False,multimodal,psd-fc-wpli,gated,cnn,True,finetune,segssl_barlow_all-patient_psd-fc-wpli_finetune_seed7_pre20_proj32_mask0_03_noise0_02_mlp1_0_sup100,True,barlow,psd,all-patient,True,7,1.0,0.1,32,0.03,0.02
multimodal_psd-fc-wpli_gated_cnn,18,sub29,sub05;sub07;sub08;sub09;sub10;sub11;sub13;sub14;sub15;sub16;sub17;sub18;sub20;sub22;sub24;sub27;sub28,sub01,84,0.0005454376805573702,0.0009465523762628436,0.002,1e-05,1.0,1.0,True,False,multimodal,psd-fc-wpli,gated,cnn,True,finetune,segssl_barlow_all-patient_psd-fc-wpli_finetune_seed7_pre20_proj32_mask0_03_noise0_02_mlp1_0_sup100,True,barlow,psd,all-patient,True,7,1.0,0.1,32,0.03,0.02
multimodal_psd-fc-wpli_gated_cnn,18,sub29,sub05;sub07;sub08;sub09;sub10;sub11;sub13;sub14;sub15;sub16;sub17;sub18;sub20;sub22;sub24;sub27;sub28,sub01,85,0.0005282638012431562,0.0009245376568287611,0.002,1e-05,1.0,1.0,True,False,multimodal,psd-fc-wpli,gated,cnn,True,finetune,segssl_barlow_all-patient_psd-fc-wpli_finetune_seed7_pre20_proj32_mask0_03_noise0_02_mlp1_0_sup100,True,barlow,psd,all-patient,True,7,1.0,0.1,32,0.03,0.02
multimodal_psd-fc-wpli_gated_cnn,18,sub29,sub05;sub07;sub08;sub09;sub10;sub11;sub13;sub14;sub15;sub16;sub17;sub18;sub20;sub22;sub24;sub27;sub28,sub01,86,0.0005120551213622093,0.0009046114864759147,0.002,1e-05,1.0,1.0,True,False,multimodal,psd-fc-wpli,gated,cnn,True,finetune,segssl_barlow_all-patient_psd-fc-wpli_finetune_seed7_pre20_proj32_mask0_03_noise0_02_mlp1_0_sup100,True,barlow,psd,all-patient,True,7,1.0,0.1,32,0.03,0.02
multimodal_psd-fc-wpli_gated_cnn,18,sub29,sub05;sub07;sub08;sub09;sub10;sub11;sub13;sub14;sub15;sub16;sub17;sub18;sub20;sub22;sub24;sub27;sub28,sub01,87,0.0004967594286426902,0.00088665442308411,0.002,1e-05,1.0,1.0,True,False,multimodal,psd-fc-wpli,gated,cnn,True,finetune,segssl_barlow_all-patient_psd-fc-wpli_finetune_seed7_pre20_proj32_mask0_03_noise0_02_mlp1_0_sup100,True,barlow,psd,all-patient,True,7,1.0,0.1,32,0.03,0.02
multimodal_psd-fc-wpli_gated_cnn,18,sub29,sub05;sub07;sub08;sub09;sub10;sub11;sub13;sub14;sub15;sub16;sub17;sub18;sub20;sub22;sub24;sub27;sub28,sub01,88,0.0004822437185794115,0.0008705470245331526,0.002,1e-05,1.0,1.0,True,False,multimodal,psd-fc-wpli,gated,cnn,True,finetune,segssl_barlow_all-patient_psd-fc-wpli_finetune_seed7_pre20_proj32_mask0_03_noise0_02_mlp1_0_sup100,True,barlow,psd,all-patient,True,7,1.0,0.1,32,0.03,0.02
multimodal_psd-fc-wpli_gated_cnn,18,sub29,sub05;sub07;sub08;sub09;sub10;sub11;sub13;sub14;sub15;sub16;sub17;sub18;sub20;sub22;sub24;sub27;sub28,sub01,89,0.0004684815648943186,0.0008562892326153815,0.002,1e-05,1.0,1.0,True,False,multimodal,psd-fc-wpli,gated,cnn,True,finetune,segssl_barlow_all-patient_psd-fc-wpli_finetune_seed7_pre20_proj32_mask0_03_noise0_02_mlp1_0_sup100,True,barlow,psd,all-patient,True,7,1.0,0.1,32,0.03,0.02
multimodal_psd-fc-wpli_gated_cnn,18,sub29,sub05;sub07;sub08;sub09;sub10;sub11;sub13;sub14;sub15;sub16;sub17;sub18;sub20;sub22;sub24;sub27;sub28,sub01,90,0.0004553745675366372,0.0008434036863036454,0.002,1e-05,1.0,1.0,True,False,multimodal,psd-fc-wpli,gated,cnn,True,finetune,segssl_barlow_all-patient_psd-fc-wpli_finetune_seed7_pre20_proj32_mask0_03_noise0_02_mlp1_0_sup100,True,barlow,psd,all-patient,True,7,1.0,0.1,32,0.03,0.02
multimodal_psd-fc-wpli_gated_cnn,18,sub29,sub05;sub07;sub08;sub09;sub10;sub11;sub13;sub14;sub15;sub16;sub17;sub18;sub20;sub22;sub24;sub27;sub28,sub01,91,0.00044296568376012146,0.000831830664537847,0.002,1e-05,1.0,1.0,True,False,multimodal,psd-fc-wpli,gated,cnn,True,finetune,segssl_barlow_all-patient_psd-fc-wpli_finetune_seed7_pre20_proj32_mask0_03_noise0_02_mlp1_0_sup100,True,barlow,psd,all-patient,True,7,1.0,0.1,32,0.03,0.02
multimodal_psd-fc-wpli_gated_cnn,18,sub29,sub05;sub07;sub08;sub09;sub10;sub11;sub13;sub14;sub15;sub16;sub17;sub18;sub20;sub22;sub24;sub27;sub28,sub01,92,0.0004311630909796804,0.0008213912369683385,0.002,1e-05,1.0,1.0,True,False,multimodal,psd-fc-wpli,gated,cnn,True,finetune,segssl_barlow_all-patient_psd-fc-wpli_finetune_seed7_pre20_proj32_mask0_03_noise0_02_mlp1_0_sup100,True,barlow,psd,all-patient,True,7,1.0,0.1,32,0.03,0.02
multimodal_psd-fc-wpli_gated_cnn,18,sub29,sub05;sub07;sub08;sub09;sub10;sub11;sub13;sub14;sub15;sub16;sub17;sub18;sub20;sub22;sub24;sub27;sub28,sub01,93,0.0004198568349238485,0.0008118466939777136,0.002,1e-05,1.0,1.0,True,False,multimodal,psd-fc-wpli,gated,cnn,True,finetune,segssl_barlow_all-patient_psd-fc-wpli_finetune_seed7_pre20_proj32_mask0_03_noise0_02_mlp1_0_sup100,True,barlow,psd,all-patient,True,7,1.0,0.1,32,0.03,0.02
multimodal_psd-fc-wpli_gated_cnn,18,sub29,sub05;sub07;sub08;sub09;sub10;sub11;sub13;sub14;sub15;sub16;sub17;sub18;sub20;sub22;sub24;sub27;sub28,sub01,94,0.0004090377187822014,0.0008032566984184086,0.002,1e-05,1.0,1.0,True,False,multimodal,psd-fc-wpli,gated,cnn,True,finetune,segssl_barlow_all-patient_psd-fc-wpli_finetune_seed7_pre20_proj32_mask0_03_noise0_02_mlp1_0_sup100,True,barlow,psd,all-patient,True,7,1.0,0.1,32,0.03,0.02
multimodal_psd-fc-wpli_gated_cnn,18,sub29,sub05;sub07;sub08;sub09;sub10;sub11;sub13;sub14;sub15;sub16;sub17;sub18;sub20;sub22;sub24;sub27;sub28,sub01,95,0.00039864907739683986,0.0007953825988806784,0.002,1e-05,1.0,1.0,True,False,multimodal,psd-fc-wpli,gated,cnn,True,finetune,segssl_barlow_all-patient_psd-fc-wpli_finetune_seed7_pre20_proj32_mask0_03_noise0_02_mlp1_0_sup100,True,barlow,psd,all-patient,True,7,1.0,0.1,32,0.03,0.02
multimodal_psd-fc-wpli_gated_cnn,18,sub29,sub05;sub07;sub08;sub09;sub10;sub11;sub13;sub14;sub15;sub16;sub17;sub18;sub20;sub22;sub24;sub27;sub28,sub01,96,0.00038867516559548676,0.0007882840000092983,0.002,1e-05,1.0,1.0,True,False,multimodal,psd-fc-wpli,gated,cnn,True,finetune,segssl_barlow_all-patient_psd-fc-wpli_finetune_seed7_pre20_proj32_mask0_03_noise0_02_mlp1_0_sup100,True,barlow,psd,all-patient,True,7,1.0,0.1,32,0.03,0.02
multimodal_psd-fc-wpli_gated_cnn,18,sub29,sub05;sub07;sub08;sub09;sub10;sub11;sub13;sub14;sub15;sub16;sub17;sub18;sub20;sub22;sub24;sub27;sub28,sub01,97,0.0003791434573940933,0.0007816030411049724,0.002,1e-05,1.0,1.0,True,False,multimodal,psd-fc-wpli,gated,cnn,True,finetune,segssl_barlow_all-patient_psd-fc-wpli_finetune_seed7_pre20_proj32_mask0_03_noise0_02_mlp1_0_sup100,True,barlow,psd,all-patient,True,7,1.0,0.1,32,0.03,0.02
multimodal_psd-fc-wpli_gated_cnn,18,sub29,sub05;sub07;sub08;sub09;sub10;sub11;sub13;sub14;sub15;sub16;sub17;sub18;sub20;sub22;sub24;sub27;sub28,sub01,98,0.00036995927803218365,0.0007753993268124759,0.002,1e-05,1.0,1.0,True,False,multimodal,psd-fc-wpli,gated,cnn,True,finetune,segssl_barlow_all-patient_psd-fc-wpli_finetune_seed7_pre20_proj32_mask0_03_noise0_02_mlp1_0_sup100,True,barlow,psd,all-patient,True,7,1.0,0.1,32,0.03,0.02
multimodal_psd-fc-wpli_gated_cnn,18,sub29,sub05;sub07;sub08;sub09;sub10;sub11;sub13;sub14;sub15;sub16;sub17;sub18;sub20;sub22;sub24;sub27;sub28,sub01,99,0.00036116031697019935,0.000769672857131809,0.002,1e-05,1.0,1.0,True,False,multimodal,psd-fc-wpli,gated,cnn,True,finetune,segssl_barlow_all-patient_psd-fc-wpli_finetune_seed7_pre20_proj32_mask0_03_noise0_02_mlp1_0_sup100,True,barlow,psd,all-patient,True,7,1.0,0.1,32,0.03,0.02
multimodal_psd-fc-wpli_gated_cnn,18,sub29,sub05;sub07;sub08;sub09;sub10;sub11;sub13;sub14;sub15;sub16;sub17;sub18;sub20;sub22;sub24;sub27;sub28,sub01,100,0.00035265099722892046,0.0007641850388608873,0.002,1e-05,1.0,1.0,True,False,multimodal,psd-fc-wpli,gated,cnn,True,finetune,segssl_barlow_all-patient_psd-fc-wpli_finetune_seed7_pre20_proj32_mask0_03_noise0_02_mlp1_0_sup100,True,barlow,psd,all-patient,True,7,1.0,0.1,32,0.03,0.02
