model,fold_index,test_subject_id,fit_subject_ids,val_subject_ids,epoch,train_loss,val_loss,learning_rate,weight_decay,positive_class_weight,negative_class_weight,is_best_epoch,stopped_early,architecture,feature_kind,fusion,encoder_kind,pretrained,pretrained_transfer_mode,run_name,segment_ssl,segment_ssl_objective,segment_ssl_feature_kind,ssl_data_scope,historical_unlabeled_pretraining,seed,lambda_latent,lambda_local,ssl_projection_dim,ssl_feature_mask_prob,ssl_noise_std
multimodal_psd-fc-wpli_gated_cnn,0,sub01,sub07;sub08;sub09;sub10;sub11;sub13;sub14;sub15;sub16;sub17;sub18;sub20;sub22;sub24;sub27;sub28;sub29,sub05,1,0.6915292143821716,0.7395578622817993,0.002,1e-05,1.0,1.0,True,False,multimodal,psd-fc-wpli,gated,cnn,True,finetune,segssl_barlow_all-patient_psd-fc-wpli_finetune_seed13_pre20_proj32_mask0_03_noise0_02_mlp1_0_sup100,True,barlow,psd,all-patient,True,13,1.0,0.1,32,0.03,0.02
multimodal_psd-fc-wpli_gated_cnn,0,sub01,sub07;sub08;sub09;sub10;sub11;sub13;sub14;sub15;sub16;sub17;sub18;sub20;sub22;sub24;sub27;sub28;sub29,sub05,2,0.6849110722541809,0.7562118768692017,0.002,1e-05,1.0,1.0,False,False,multimodal,psd-fc-wpli,gated,cnn,True,finetune,segssl_barlow_all-patient_psd-fc-wpli_finetune_seed13_pre20_proj32_mask0_03_noise0_02_mlp1_0_sup100,True,barlow,psd,all-patient,True,13,1.0,0.1,32,0.03,0.02
multimodal_psd-fc-wpli_gated_cnn,0,sub01,sub07;sub08;sub09;sub10;sub11;sub13;sub14;sub15;sub16;sub17;sub18;sub20;sub22;sub24;sub27;sub28;sub29,sub05,3,0.6785250306129456,0.7727574110031128,0.002,1e-05,1.0,1.0,False,False,multimodal,psd-fc-wpli,gated,cnn,True,finetune,segssl_barlow_all-patient_psd-fc-wpli_finetune_seed13_pre20_proj32_mask0_03_noise0_02_mlp1_0_sup100,True,barlow,psd,all-patient,True,13,1.0,0.1,32,0.03,0.02
multimodal_psd-fc-wpli_gated_cnn,0,sub01,sub07;sub08;sub09;sub10;sub11;sub13;sub14;sub15;sub16;sub17;sub18;sub20;sub22;sub24;sub27;sub28;sub29,sub05,4,0.6721107363700867,0.7878603935241699,0.002,1e-05,1.0,1.0,False,False,multimodal,psd-fc-wpli,gated,cnn,True,finetune,segssl_barlow_all-patient_psd-fc-wpli_finetune_seed13_pre20_proj32_mask0_03_noise0_02_mlp1_0_sup100,True,barlow,psd,all-patient,True,13,1.0,0.1,32,0.03,0.02
multimodal_psd-fc-wpli_gated_cnn,0,sub01,sub07;sub08;sub09;sub10;sub11;sub13;sub14;sub15;sub16;sub17;sub18;sub20;sub22;sub24;sub27;sub28;sub29,sub05,5,0.6652873158454895,0.8004066944122314,0.002,1e-05,1.0,1.0,False,False,multimodal,psd-fc-wpli,gated,cnn,True,finetune,segssl_barlow_all-patient_psd-fc-wpli_finetune_seed13_pre20_proj32_mask0_03_noise0_02_mlp1_0_sup100,True,barlow,psd,all-patient,True,13,1.0,0.1,32,0.03,0.02
multimodal_psd-fc-wpli_gated_cnn,0,sub01,sub07;sub08;sub09;sub10;sub11;sub13;sub14;sub15;sub16;sub17;sub18;sub20;sub22;sub24;sub27;sub28;sub29,sub05,6,0.6579011678695679,0.81111741065979,0.002,1e-05,1.0,1.0,False,False,multimodal,psd-fc-wpli,gated,cnn,True,finetune,segssl_barlow_all-patient_psd-fc-wpli_finetune_seed13_pre20_proj32_mask0_03_noise0_02_mlp1_0_sup100,True,barlow,psd,all-patient,True,13,1.0,0.1,32,0.03,0.02
multimodal_psd-fc-wpli_gated_cnn,0,sub01,sub07;sub08;sub09;sub10;sub11;sub13;sub14;sub15;sub16;sub17;sub18;sub20;sub22;sub24;sub27;sub28;sub29,sub05,7,0.6497879028320312,0.8280031681060791,0.002,1e-05,1.0,1.0,False,False,multimodal,psd-fc-wpli,gated,cnn,True,finetune,segssl_barlow_all-patient_psd-fc-wpli_finetune_seed13_pre20_proj32_mask0_03_noise0_02_mlp1_0_sup100,True,barlow,psd,all-patient,True,13,1.0,0.1,32,0.03,0.02
multimodal_psd-fc-wpli_gated_cnn,0,sub01,sub07;sub08;sub09;sub10;sub11;sub13;sub14;sub15;sub16;sub17;sub18;sub20;sub22;sub24;sub27;sub28;sub29,sub05,8,0.6407626271247864,0.8471641540527344,0.002,1e-05,1.0,1.0,False,False,multimodal,psd-fc-wpli,gated,cnn,True,finetune,segssl_barlow_all-patient_psd-fc-wpli_finetune_seed13_pre20_proj32_mask0_03_noise0_02_mlp1_0_sup100,True,barlow,psd,all-patient,True,13,1.0,0.1,32,0.03,0.02
multimodal_psd-fc-wpli_gated_cnn,0,sub01,sub07;sub08;sub09;sub10;sub11;sub13;sub14;sub15;sub16;sub17;sub18;sub20;sub22;sub24;sub27;sub28;sub29,sub05,9,0.6306007504463196,0.8656047582626343,0.002,1e-05,1.0,1.0,False,False,multimodal,psd-fc-wpli,gated,cnn,True,finetune,segssl_barlow_all-patient_psd-fc-wpli_finetune_seed13_pre20_proj32_mask0_03_noise0_02_mlp1_0_sup100,True,barlow,psd,all-patient,True,13,1.0,0.1,32,0.03,0.02
multimodal_psd-fc-wpli_gated_cnn,0,sub01,sub07;sub08;sub09;sub10;sub11;sub13;sub14;sub15;sub16;sub17;sub18;sub20;sub22;sub24;sub27;sub28;sub29,sub05,10,0.6192403435707092,0.8777909278869629,0.002,1e-05,1.0,1.0,False,False,multimodal,psd-fc-wpli,gated,cnn,True,finetune,segssl_barlow_all-patient_psd-fc-wpli_finetune_seed13_pre20_proj32_mask0_03_noise0_02_mlp1_0_sup100,True,barlow,psd,all-patient,True,13,1.0,0.1,32,0.03,0.02
multimodal_psd-fc-wpli_gated_cnn,0,sub01,sub07;sub08;sub09;sub10;sub11;sub13;sub14;sub15;sub16;sub17;sub18;sub20;sub22;sub24;sub27;sub28;sub29,sub05,11,0.6067105531692505,0.8844588398933411,0.002,1e-05,1.0,1.0,False,False,multimodal,psd-fc-wpli,gated,cnn,True,finetune,segssl_barlow_all-patient_psd-fc-wpli_finetune_seed13_pre20_proj32_mask0_03_noise0_02_mlp1_0_sup100,True,barlow,psd,all-patient,True,13,1.0,0.1,32,0.03,0.02
multimodal_psd-fc-wpli_gated_cnn,0,sub01,sub07;sub08;sub09;sub10;sub11;sub13;sub14;sub15;sub16;sub17;sub18;sub20;sub22;sub24;sub27;sub28;sub29,sub05,12,0.5930913090705872,0.8812688589096069,0.002,1e-05,1.0,1.0,False,False,multimodal,psd-fc-wpli,gated,cnn,True,finetune,segssl_barlow_all-patient_psd-fc-wpli_finetune_seed13_pre20_proj32_mask0_03_noise0_02_mlp1_0_sup100,True,barlow,psd,all-patient,True,13,1.0,0.1,32,0.03,0.02
multimodal_psd-fc-wpli_gated_cnn,0,sub01,sub07;sub08;sub09;sub10;sub11;sub13;sub14;sub15;sub16;sub17;sub18;sub20;sub22;sub24;sub27;sub28;sub29,sub05,13,0.5784621238708496,0.8726781010627747,0.002,1e-05,1.0,1.0,False,False,multimodal,psd-fc-wpli,gated,cnn,True,finetune,segssl_barlow_all-patient_psd-fc-wpli_finetune_seed13_pre20_proj32_mask0_03_noise0_02_mlp1_0_sup100,True,barlow,psd,all-patient,True,13,1.0,0.1,32,0.03,0.02
multimodal_psd-fc-wpli_gated_cnn,0,sub01,sub07;sub08;sub09;sub10;sub11;sub13;sub14;sub15;sub16;sub17;sub18;sub20;sub22;sub24;sub27;sub28;sub29,sub05,14,0.5628539323806763,0.8687999248504639,0.002,1e-05,1.0,1.0,False,False,multimodal,psd-fc-wpli,gated,cnn,True,finetune,segssl_barlow_all-patient_psd-fc-wpli_finetune_seed13_pre20_proj32_mask0_03_noise0_02_mlp1_0_sup100,True,barlow,psd,all-patient,True,13,1.0,0.1,32,0.03,0.02
multimodal_psd-fc-wpli_gated_cnn,0,sub01,sub07;sub08;sub09;sub10;sub11;sub13;sub14;sub15;sub16;sub17;sub18;sub20;sub22;sub24;sub27;sub28;sub29,sub05,15,0.5459901094436646,0.8685596585273743,0.002,1e-05,1.0,1.0,False,False,multimodal,psd-fc-wpli,gated,cnn,True,finetune,segssl_barlow_all-patient_psd-fc-wpli_finetune_seed13_pre20_proj32_mask0_03_noise0_02_mlp1_0_sup100,True,barlow,psd,all-patient,True,13,1.0,0.1,32,0.03,0.02
multimodal_psd-fc-wpli_gated_cnn,0,sub01,sub07;sub08;sub09;sub10;sub11;sub13;sub14;sub15;sub16;sub17;sub18;sub20;sub22;sub24;sub27;sub28;sub29,sub05,16,0.5279654860496521,0.8700514435768127,0.002,1e-05,1.0,1.0,False,False,multimodal,psd-fc-wpli,gated,cnn,True,finetune,segssl_barlow_all-patient_psd-fc-wpli_finetune_seed13_pre20_proj32_mask0_03_noise0_02_mlp1_0_sup100,True,barlow,psd,all-patient,True,13,1.0,0.1,32,0.03,0.02
multimodal_psd-fc-wpli_gated_cnn,0,sub01,sub07;sub08;sub09;sub10;sub11;sub13;sub14;sub15;sub16;sub17;sub18;sub20;sub22;sub24;sub27;sub28;sub29,sub05,17,0.508563220500946,0.8726963400840759,0.002,1e-05,1.0,1.0,False,False,multimodal,psd-fc-wpli,gated,cnn,True,finetune,segssl_barlow_all-patient_psd-fc-wpli_finetune_seed13_pre20_proj32_mask0_03_noise0_02_mlp1_0_sup100,True,barlow,psd,all-patient,True,13,1.0,0.1,32,0.03,0.02
multimodal_psd-fc-wpli_gated_cnn,0,sub01,sub07;sub08;sub09;sub10;sub11;sub13;sub14;sub15;sub16;sub17;sub18;sub20;sub22;sub24;sub27;sub28;sub29,sub05,18,0.48791852593421936,0.8773338198661804,0.002,1e-05,1.0,1.0,False,False,multimodal,psd-fc-wpli,gated,cnn,True,finetune,segssl_barlow_all-patient_psd-fc-wpli_finetune_seed13_pre20_proj32_mask0_03_noise0_02_mlp1_0_sup100,True,barlow,psd,all-patient,True,13,1.0,0.1,32,0.03,0.02
multimodal_psd-fc-wpli_gated_cnn,0,sub01,sub07;sub08;sub09;sub10;sub11;sub13;sub14;sub15;sub16;sub17;sub18;sub20;sub22;sub24;sub27;sub28;sub29,sub05,19,0.4659336507320404,0.8882050514221191,0.002,1e-05,1.0,1.0,False,False,multimodal,psd-fc-wpli,gated,cnn,True,finetune,segssl_barlow_all-patient_psd-fc-wpli_finetune_seed13_pre20_proj32_mask0_03_noise0_02_mlp1_0_sup100,True,barlow,psd,all-patient,True,13,1.0,0.1,32,0.03,0.02
multimodal_psd-fc-wpli_gated_cnn,0,sub01,sub07;sub08;sub09;sub10;sub11;sub13;sub14;sub15;sub16;sub17;sub18;sub20;sub22;sub24;sub27;sub28;sub29,sub05,20,0.44287800788879395,0.9099369049072266,0.002,1e-05,1.0,1.0,False,False,multimodal,psd-fc-wpli,gated,cnn,True,finetune,segssl_barlow_all-patient_psd-fc-wpli_finetune_seed13_pre20_proj32_mask0_03_noise0_02_mlp1_0_sup100,True,barlow,psd,all-patient,True,13,1.0,0.1,32,0.03,0.02
multimodal_psd-fc-wpli_gated_cnn,0,sub01,sub07;sub08;sub09;sub10;sub11;sub13;sub14;sub15;sub16;sub17;sub18;sub20;sub22;sub24;sub27;sub28;sub29,sub05,21,0.4187210202217102,0.9528191089630127,0.002,1e-05,1.0,1.0,False,False,multimodal,psd-fc-wpli,gated,cnn,True,finetune,segssl_barlow_all-patient_psd-fc-wpli_finetune_seed13_pre20_proj32_mask0_03_noise0_02_mlp1_0_sup100,True,barlow,psd,all-patient,True,13,1.0,0.1,32,0.03,0.02
multimodal_psd-fc-wpli_gated_cnn,0,sub01,sub07;sub08;sub09;sub10;sub11;sub13;sub14;sub15;sub16;sub17;sub18;sub20;sub22;sub24;sub27;sub28;sub29,sub05,22,0.3936031758785248,1.001562476158142,0.002,1e-05,1.0,1.0,False,False,multimodal,psd-fc-wpli,gated,cnn,True,finetune,segssl_barlow_all-patient_psd-fc-wpli_finetune_seed13_pre20_proj32_mask0_03_noise0_02_mlp1_0_sup100,True,barlow,psd,all-patient,True,13,1.0,0.1,32,0.03,0.02
multimodal_psd-fc-wpli_gated_cnn,0,sub01,sub07;sub08;sub09;sub10;sub11;sub13;sub14;sub15;sub16;sub17;sub18;sub20;sub22;sub24;sub27;sub28;sub29,sub05,23,0.3676657974720001,1.035161018371582,0.002,1e-05,1.0,1.0,False,False,multimodal,psd-fc-wpli,gated,cnn,True,finetune,segssl_barlow_all-patient_psd-fc-wpli_finetune_seed13_pre20_proj32_mask0_03_noise0_02_mlp1_0_sup100,True,barlow,psd,all-patient,True,13,1.0,0.1,32,0.03,0.02
multimodal_psd-fc-wpli_gated_cnn,0,sub01,sub07;sub08;sub09;sub10;sub11;sub13;sub14;sub15;sub16;sub17;sub18;sub20;sub22;sub24;sub27;sub28;sub29,sub05,24,0.34081122279167175,1.0395430326461792,0.002,1e-05,1.0,1.0,False,False,multimodal,psd-fc-wpli,gated,cnn,True,finetune,segssl_barlow_all-patient_psd-fc-wpli_finetune_seed13_pre20_proj32_mask0_03_noise0_02_mlp1_0_sup100,True,barlow,psd,all-patient,True,13,1.0,0.1,32,0.03,0.02
multimodal_psd-fc-wpli_gated_cnn,0,sub01,sub07;sub08;sub09;sub10;sub11;sub13;sub14;sub15;sub16;sub17;sub18;sub20;sub22;sub24;sub27;sub28;sub29,sub05,25,0.31351998448371887,1.0272648334503174,0.002,1e-05,1.0,1.0,False,False,multimodal,psd-fc-wpli,gated,cnn,True,finetune,segssl_barlow_all-patient_psd-fc-wpli_finetune_seed13_pre20_proj32_mask0_03_noise0_02_mlp1_0_sup100,True,barlow,psd,all-patient,True,13,1.0,0.1,32,0.03,0.02
multimodal_psd-fc-wpli_gated_cnn,0,sub01,sub07;sub08;sub09;sub10;sub11;sub13;sub14;sub15;sub16;sub17;sub18;sub20;sub22;sub24;sub27;sub28;sub29,sub05,26,0.28614112734794617,1.016357660293579,0.002,1e-05,1.0,1.0,False,False,multimodal,psd-fc-wpli,gated,cnn,True,finetune,segssl_barlow_all-patient_psd-fc-wpli_finetune_seed13_pre20_proj32_mask0_03_noise0_02_mlp1_0_sup100,True,barlow,psd,all-patient,True,13,1.0,0.1,32,0.03,0.02
multimodal_psd-fc-wpli_gated_cnn,0,sub01,sub07;sub08;sub09;sub10;sub11;sub13;sub14;sub15;sub16;sub17;sub18;sub20;sub22;sub24;sub27;sub28;sub29,sub05,27,0.2590477466583252,0.9920563697814941,0.002,1e-05,1.0,1.0,False,False,multimodal,psd-fc-wpli,gated,cnn,True,finetune,segssl_barlow_all-patient_psd-fc-wpli_finetune_seed13_pre20_proj32_mask0_03_noise0_02_mlp1_0_sup100,True,barlow,psd,all-patient,True,13,1.0,0.1,32,0.03,0.02
multimodal_psd-fc-wpli_gated_cnn,0,sub01,sub07;sub08;sub09;sub10;sub11;sub13;sub14;sub15;sub16;sub17;sub18;sub20;sub22;sub24;sub27;sub28;sub29,sub05,28,0.2324274182319641,1.052769660949707,0.002,1e-05,1.0,1.0,False,False,multimodal,psd-fc-wpli,gated,cnn,True,finetune,segssl_barlow_all-patient_psd-fc-wpli_finetune_seed13_pre20_proj32_mask0_03_noise0_02_mlp1_0_sup100,True,barlow,psd,all-patient,True,13,1.0,0.1,32,0.03,0.02
multimodal_psd-fc-wpli_gated_cnn,0,sub01,sub07;sub08;sub09;sub10;sub11;sub13;sub14;sub15;sub16;sub17;sub18;sub20;sub22;sub24;sub27;sub28;sub29,sub05,29,0.20668509602546692,1.1533761024475098,0.002,1e-05,1.0,1.0,False,False,multimodal,psd-fc-wpli,gated,cnn,True,finetune,segssl_barlow_all-patient_psd-fc-wpli_finetune_seed13_pre20_proj32_mask0_03_noise0_02_mlp1_0_sup100,True,barlow,psd,all-patient,True,13,1.0,0.1,32,0.03,0.02
multimodal_psd-fc-wpli_gated_cnn,0,sub01,sub07;sub08;sub09;sub10;sub11;sub13;sub14;sub15;sub16;sub17;sub18;sub20;sub22;sub24;sub27;sub28;sub29,sub05,30,0.1821126490831375,1.2396819591522217,0.002,1e-05,1.0,1.0,False,False,multimodal,psd-fc-wpli,gated,cnn,True,finetune,segssl_barlow_all-patient_psd-fc-wpli_finetune_seed13_pre20_proj32_mask0_03_noise0_02_mlp1_0_sup100,True,barlow,psd,all-patient,True,13,1.0,0.1,32,0.03,0.02
multimodal_psd-fc-wpli_gated_cnn,0,sub01,sub07;sub08;sub09;sub10;sub11;sub13;sub14;sub15;sub16;sub17;sub18;sub20;sub22;sub24;sub27;sub28;sub29,sub05,31,0.15918947756290436,1.271584153175354,0.002,1e-05,1.0,1.0,False,False,multimodal,psd-fc-wpli,gated,cnn,True,finetune,segssl_barlow_all-patient_psd-fc-wpli_finetune_seed13_pre20_proj32_mask0_03_noise0_02_mlp1_0_sup100,True,barlow,psd,all-patient,True,13,1.0,0.1,32,0.03,0.02
multimodal_psd-fc-wpli_gated_cnn,0,sub01,sub07;sub08;sub09;sub10;sub11;sub13;sub14;sub15;sub16;sub17;sub18;sub20;sub22;sub24;sub27;sub28;sub29,sub05,32,0.1380784660577774,1.2669645547866821,0.002,1e-05,1.0,1.0,False,False,multimodal,psd-fc-wpli,gated,cnn,True,finetune,segssl_barlow_all-patient_psd-fc-wpli_finetune_seed13_pre20_proj32_mask0_03_noise0_02_mlp1_0_sup100,True,barlow,psd,all-patient,True,13,1.0,0.1,32,0.03,0.02
multimodal_psd-fc-wpli_gated_cnn,0,sub01,sub07;sub08;sub09;sub10;sub11;sub13;sub14;sub15;sub16;sub17;sub18;sub20;sub22;sub24;sub27;sub28;sub29,sub05,33,0.1186818778514862,1.2396165132522583,0.002,1e-05,1.0,1.0,False,False,multimodal,psd-fc-wpli,gated,cnn,True,finetune,segssl_barlow_all-patient_psd-fc-wpli_finetune_seed13_pre20_proj32_mask0_03_noise0_02_mlp1_0_sup100,True,barlow,psd,all-patient,True,13,1.0,0.1,32,0.03,0.02
multimodal_psd-fc-wpli_gated_cnn,0,sub01,sub07;sub08;sub09;sub10;sub11;sub13;sub14;sub15;sub16;sub17;sub18;sub20;sub22;sub24;sub27;sub28;sub29,sub05,34,0.10107967257499695,1.1747081279754639,0.002,1e-05,1.0,1.0,False,False,multimodal,psd-fc-wpli,gated,cnn,True,finetune,segssl_barlow_all-patient_psd-fc-wpli_finetune_seed13_pre20_proj32_mask0_03_noise0_02_mlp1_0_sup100,True,barlow,psd,all-patient,True,13,1.0,0.1,32,0.03,0.02
multimodal_psd-fc-wpli_gated_cnn,0,sub01,sub07;sub08;sub09;sub10;sub11;sub13;sub14;sub15;sub16;sub17;sub18;sub20;sub22;sub24;sub27;sub28;sub29,sub05,35,0.0854451060295105,1.0974764823913574,0.002,1e-05,1.0,1.0,False,False,multimodal,psd-fc-wpli,gated,cnn,True,finetune,segssl_barlow_all-patient_psd-fc-wpli_finetune_seed13_pre20_proj32_mask0_03_noise0_02_mlp1_0_sup100,True,barlow,psd,all-patient,True,13,1.0,0.1,32,0.03,0.02
multimodal_psd-fc-wpli_gated_cnn,0,sub01,sub07;sub08;sub09;sub10;sub11;sub13;sub14;sub15;sub16;sub17;sub18;sub20;sub22;sub24;sub27;sub28;sub29,sub05,36,0.07181139290332794,1.0566213130950928,0.002,1e-05,1.0,1.0,False,False,multimodal,psd-fc-wpli,gated,cnn,True,finetune,segssl_barlow_all-patient_psd-fc-wpli_finetune_seed13_pre20_proj32_mask0_03_noise0_02_mlp1_0_sup100,True,barlow,psd,all-patient,True,13,1.0,0.1,32,0.03,0.02
multimodal_psd-fc-wpli_gated_cnn,0,sub01,sub07;sub08;sub09;sub10;sub11;sub13;sub14;sub15;sub16;sub17;sub18;sub20;sub22;sub24;sub27;sub28;sub29,sub05,37,0.06011194363236427,1.0896196365356445,0.002,1e-05,1.0,1.0,False,False,multimodal,psd-fc-wpli,gated,cnn,True,finetune,segssl_barlow_all-patient_psd-fc-wpli_finetune_seed13_pre20_proj32_mask0_03_noise0_02_mlp1_0_sup100,True,barlow,psd,all-patient,True,13,1.0,0.1,32,0.03,0.02
multimodal_psd-fc-wpli_gated_cnn,0,sub01,sub07;sub08;sub09;sub10;sub11;sub13;sub14;sub15;sub16;sub17;sub18;sub20;sub22;sub24;sub27;sub28;sub29,sub05,38,0.050123248249292374,1.1766927242279053,0.002,1e-05,1.0,1.0,False,False,multimodal,psd-fc-wpli,gated,cnn,True,finetune,segssl_barlow_all-patient_psd-fc-wpli_finetune_seed13_pre20_proj32_mask0_03_noise0_02_mlp1_0_sup100,True,barlow,psd,all-patient,True,13,1.0,0.1,32,0.03,0.02
multimodal_psd-fc-wpli_gated_cnn,0,sub01,sub07;sub08;sub09;sub10;sub11;sub13;sub14;sub15;sub16;sub17;sub18;sub20;sub22;sub24;sub27;sub28;sub29,sub05,39,0.04163734242320061,1.2832196950912476,0.002,1e-05,1.0,1.0,False,False,multimodal,psd-fc-wpli,gated,cnn,True,finetune,segssl_barlow_all-patient_psd-fc-wpli_finetune_seed13_pre20_proj32_mask0_03_noise0_02_mlp1_0_sup100,True,barlow,psd,all-patient,True,13,1.0,0.1,32,0.03,0.02
multimodal_psd-fc-wpli_gated_cnn,0,sub01,sub07;sub08;sub09;sub10;sub11;sub13;sub14;sub15;sub16;sub17;sub18;sub20;sub22;sub24;sub27;sub28;sub29,sub05,40,0.03450602665543556,1.3896687030792236,0.002,1e-05,1.0,1.0,False,False,multimodal,psd-fc-wpli,gated,cnn,True,finetune,segssl_barlow_all-patient_psd-fc-wpli_finetune_seed13_pre20_proj32_mask0_03_noise0_02_mlp1_0_sup100,True,barlow,psd,all-patient,True,13,1.0,0.1,32,0.03,0.02
multimodal_psd-fc-wpli_gated_cnn,0,sub01,sub07;sub08;sub09;sub10;sub11;sub13;sub14;sub15;sub16;sub17;sub18;sub20;sub22;sub24;sub27;sub28;sub29,sub05,41,0.0285701435059309,1.4689935445785522,0.002,1e-05,1.0,1.0,False,False,multimodal,psd-fc-wpli,gated,cnn,True,finetune,segssl_barlow_all-patient_psd-fc-wpli_finetune_seed13_pre20_proj32_mask0_03_noise0_02_mlp1_0_sup100,True,barlow,psd,all-patient,True,13,1.0,0.1,32,0.03,0.02
multimodal_psd-fc-wpli_gated_cnn,0,sub01,sub07;sub08;sub09;sub10;sub11;sub13;sub14;sub15;sub16;sub17;sub18;sub20;sub22;sub24;sub27;sub28;sub29,sub05,42,0.023676685988903046,1.5323489904403687,0.002,1e-05,1.0,1.0,False,False,multimodal,psd-fc-wpli,gated,cnn,True,finetune,segssl_barlow_all-patient_psd-fc-wpli_finetune_seed13_pre20_proj32_mask0_03_noise0_02_mlp1_0_sup100,True,barlow,psd,all-patient,True,13,1.0,0.1,32,0.03,0.02
multimodal_psd-fc-wpli_gated_cnn,0,sub01,sub07;sub08;sub09;sub10;sub11;sub13;sub14;sub15;sub16;sub17;sub18;sub20;sub22;sub24;sub27;sub28;sub29,sub05,43,0.019640890881419182,1.5868948698043823,0.002,1e-05,1.0,1.0,False,False,multimodal,psd-fc-wpli,gated,cnn,True,finetune,segssl_barlow_all-patient_psd-fc-wpli_finetune_seed13_pre20_proj32_mask0_03_noise0_02_mlp1_0_sup100,True,barlow,psd,all-patient,True,13,1.0,0.1,32,0.03,0.02
multimodal_psd-fc-wpli_gated_cnn,0,sub01,sub07;sub08;sub09;sub10;sub11;sub13;sub14;sub15;sub16;sub17;sub18;sub20;sub22;sub24;sub27;sub28;sub29,sub05,44,0.016326917335391045,1.6347854137420654,0.002,1e-05,1.0,1.0,False,False,multimodal,psd-fc-wpli,gated,cnn,True,finetune,segssl_barlow_all-patient_psd-fc-wpli_finetune_seed13_pre20_proj32_mask0_03_noise0_02_mlp1_0_sup100,True,barlow,psd,all-patient,True,13,1.0,0.1,32,0.03,0.02
multimodal_psd-fc-wpli_gated_cnn,0,sub01,sub07;sub08;sub09;sub10;sub11;sub13;sub14;sub15;sub16;sub17;sub18;sub20;sub22;sub24;sub27;sub28;sub29,sub05,45,0.013611678034067154,1.6724971532821655,0.002,1e-05,1.0,1.0,False,False,multimodal,psd-fc-wpli,gated,cnn,True,finetune,segssl_barlow_all-patient_psd-fc-wpli_finetune_seed13_pre20_proj32_mask0_03_noise0_02_mlp1_0_sup100,True,barlow,psd,all-patient,True,13,1.0,0.1,32,0.03,0.02
multimodal_psd-fc-wpli_gated_cnn,0,sub01,sub07;sub08;sub09;sub10;sub11;sub13;sub14;sub15;sub16;sub17;sub18;sub20;sub22;sub24;sub27;sub28;sub29,sub05,46,0.011404011398553848,1.701965093612671,0.002,1e-05,1.0,1.0,False,False,multimodal,psd-fc-wpli,gated,cnn,True,finetune,segssl_barlow_all-patient_psd-fc-wpli_finetune_seed13_pre20_proj32_mask0_03_noise0_02_mlp1_0_sup100,True,barlow,psd,all-patient,True,13,1.0,0.1,32,0.03,0.02
multimodal_psd-fc-wpli_gated_cnn,0,sub01,sub07;sub08;sub09;sub10;sub11;sub13;sub14;sub15;sub16;sub17;sub18;sub20;sub22;sub24;sub27;sub28;sub29,sub05,47,0.009609494358301163,1.7210729122161865,0.002,1e-05,1.0,1.0,False,False,multimodal,psd-fc-wpli,gated,cnn,True,finetune,segssl_barlow_all-patient_psd-fc-wpli_finetune_seed13_pre20_proj32_mask0_03_noise0_02_mlp1_0_sup100,True,barlow,psd,all-patient,True,13,1.0,0.1,32,0.03,0.02
multimodal_psd-fc-wpli_gated_cnn,0,sub01,sub07;sub08;sub09;sub10;sub11;sub13;sub14;sub15;sub16;sub17;sub18;sub20;sub22;sub24;sub27;sub28;sub29,sub05,48,0.008141630329191685,1.7334976196289062,0.002,1e-05,1.0,1.0,False,False,multimodal,psd-fc-wpli,gated,cnn,True,finetune,segssl_barlow_all-patient_psd-fc-wpli_finetune_seed13_pre20_proj32_mask0_03_noise0_02_mlp1_0_sup100,True,barlow,psd,all-patient,True,13,1.0,0.1,32,0.03,0.02
multimodal_psd-fc-wpli_gated_cnn,0,sub01,sub07;sub08;sub09;sub10;sub11;sub13;sub14;sub15;sub16;sub17;sub18;sub20;sub22;sub24;sub27;sub28;sub29,sub05,49,0.0069368393160402775,1.7433934211730957,0.002,1e-05,1.0,1.0,False,False,multimodal,psd-fc-wpli,gated,cnn,True,finetune,segssl_barlow_all-patient_psd-fc-wpli_finetune_seed13_pre20_proj32_mask0_03_noise0_02_mlp1_0_sup100,True,barlow,psd,all-patient,True,13,1.0,0.1,32,0.03,0.02
multimodal_psd-fc-wpli_gated_cnn,0,sub01,sub07;sub08;sub09;sub10;sub11;sub13;sub14;sub15;sub16;sub17;sub18;sub20;sub22;sub24;sub27;sub28;sub29,sub05,50,0.005945250857621431,1.7515735626220703,0.002,1e-05,1.0,1.0,False,False,multimodal,psd-fc-wpli,gated,cnn,True,finetune,segssl_barlow_all-patient_psd-fc-wpli_finetune_seed13_pre20_proj32_mask0_03_noise0_02_mlp1_0_sup100,True,barlow,psd,all-patient,True,13,1.0,0.1,32,0.03,0.02
multimodal_psd-fc-wpli_gated_cnn,0,sub01,sub07;sub08;sub09;sub10;sub11;sub13;sub14;sub15;sub16;sub17;sub18;sub20;sub22;sub24;sub27;sub28;sub29,sub05,51,0.005126261617988348,1.7655160427093506,0.002,1e-05,1.0,1.0,False,False,multimodal,psd-fc-wpli,gated,cnn,True,finetune,segssl_barlow_all-patient_psd-fc-wpli_finetune_seed13_pre20_proj32_mask0_03_noise0_02_mlp1_0_sup100,True,barlow,psd,all-patient,True,13,1.0,0.1,32,0.03,0.02
multimodal_psd-fc-wpli_gated_cnn,0,sub01,sub07;sub08;sub09;sub10;sub11;sub13;sub14;sub15;sub16;sub17;sub18;sub20;sub22;sub24;sub27;sub28;sub29,sub05,52,0.004445750266313553,1.7879607677459717,0.001,1e-05,1.0,1.0,False,False,multimodal,psd-fc-wpli,gated,cnn,True,finetune,segssl_barlow_all-patient_psd-fc-wpli_finetune_seed13_pre20_proj32_mask0_03_noise0_02_mlp1_0_sup100,True,barlow,psd,all-patient,True,13,1.0,0.1,32,0.03,0.02
multimodal_psd-fc-wpli_gated_cnn,0,sub01,sub07;sub08;sub09;sub10;sub11;sub13;sub14;sub15;sub16;sub17;sub18;sub20;sub22;sub24;sub27;sub28;sub29,sub05,53,0.0038782244082540274,1.840230941772461,0.001,1e-05,1.0,1.0,False,False,multimodal,psd-fc-wpli,gated,cnn,True,finetune,segssl_barlow_all-patient_psd-fc-wpli_finetune_seed13_pre20_proj32_mask0_03_noise0_02_mlp1_0_sup100,True,barlow,psd,all-patient,True,13,1.0,0.1,32,0.03,0.02
multimodal_psd-fc-wpli_gated_cnn,0,sub01,sub07;sub08;sub09;sub10;sub11;sub13;sub14;sub15;sub16;sub17;sub18;sub20;sub22;sub24;sub27;sub28;sub29,sub05,54,0.003633936634287238,1.8910083770751953,0.001,1e-05,1.0,1.0,False,False,multimodal,psd-fc-wpli,gated,cnn,True,finetune,segssl_barlow_all-patient_psd-fc-wpli_finetune_seed13_pre20_proj32_mask0_03_noise0_02_mlp1_0_sup100,True,barlow,psd,all-patient,True,13,1.0,0.1,32,0.03,0.02
multimodal_psd-fc-wpli_gated_cnn,0,sub01,sub07;sub08;sub09;sub10;sub11;sub13;sub14;sub15;sub16;sub17;sub18;sub20;sub22;sub24;sub27;sub28;sub29,sub05,55,0.003416451858356595,1.9412879943847656,0.001,1e-05,1.0,1.0,False,False,multimodal,psd-fc-wpli,gated,cnn,True,finetune,segssl_barlow_all-patient_psd-fc-wpli_finetune_seed13_pre20_proj32_mask0_03_noise0_02_mlp1_0_sup100,True,barlow,psd,all-patient,True,13,1.0,0.1,32,0.03,0.02
multimodal_psd-fc-wpli_gated_cnn,0,sub01,sub07;sub08;sub09;sub10;sub11;sub13;sub14;sub15;sub16;sub17;sub18;sub20;sub22;sub24;sub27;sub28;sub29,sub05,56,0.0032221723813563585,1.992575764656067,0.001,1e-05,1.0,1.0,False,False,multimodal,psd-fc-wpli,gated,cnn,True,finetune,segssl_barlow_all-patient_psd-fc-wpli_finetune_seed13_pre20_proj32_mask0_03_noise0_02_mlp1_0_sup100,True,barlow,psd,all-patient,True,13,1.0,0.1,32,0.03,0.02
multimodal_psd-fc-wpli_gated_cnn,0,sub01,sub07;sub08;sub09;sub10;sub11;sub13;sub14;sub15;sub16;sub17;sub18;sub20;sub22;sub24;sub27;sub28;sub29,sub05,57,0.003048026468604803,2.0437653064727783,0.001,1e-05,1.0,1.0,False,False,multimodal,psd-fc-wpli,gated,cnn,True,finetune,segssl_barlow_all-patient_psd-fc-wpli_finetune_seed13_pre20_proj32_mask0_03_noise0_02_mlp1_0_sup100,True,barlow,psd,all-patient,True,13,1.0,0.1,32,0.03,0.02
multimodal_psd-fc-wpli_gated_cnn,0,sub01,sub07;sub08;sub09;sub10;sub11;sub13;sub14;sub15;sub16;sub17;sub18;sub20;sub22;sub24;sub27;sub28;sub29,sub05,58,0.002891654148697853,2.0944533348083496,0.001,1e-05,1.0,1.0,False,False,multimodal,psd-fc-wpli,gated,cnn,True,finetune,segssl_barlow_all-patient_psd-fc-wpli_finetune_seed13_pre20_proj32_mask0_03_noise0_02_mlp1_0_sup100,True,barlow,psd,all-patient,True,13,1.0,0.1,32,0.03,0.02
multimodal_psd-fc-wpli_gated_cnn,0,sub01,sub07;sub08;sub09;sub10;sub11;sub13;sub14;sub15;sub16;sub17;sub18;sub20;sub22;sub24;sub27;sub28;sub29,sub05,59,0.002750982763245702,2.144369125366211,0.001,1e-05,1.0,1.0,False,False,multimodal,psd-fc-wpli,gated,cnn,True,finetune,segssl_barlow_all-patient_psd-fc-wpli_finetune_seed13_pre20_proj32_mask0_03_noise0_02_mlp1_0_sup100,True,barlow,psd,all-patient,True,13,1.0,0.1,32,0.03,0.02
multimodal_psd-fc-wpli_gated_cnn,0,sub01,sub07;sub08;sub09;sub10;sub11;sub13;sub14;sub15;sub16;sub17;sub18;sub20;sub22;sub24;sub27;sub28;sub29,sub05,60,0.0026245361659675837,2.193638563156128,0.001,1e-05,1.0,1.0,False,False,multimodal,psd-fc-wpli,gated,cnn,True,finetune,segssl_barlow_all-patient_psd-fc-wpli_finetune_seed13_pre20_proj32_mask0_03_noise0_02_mlp1_0_sup100,True,barlow,psd,all-patient,True,13,1.0,0.1,32,0.03,0.02
multimodal_psd-fc-wpli_gated_cnn,0,sub01,sub07;sub08;sub09;sub10;sub11;sub13;sub14;sub15;sub16;sub17;sub18;sub20;sub22;sub24;sub27;sub28;sub29,sub05,61,0.002510773716494441,2.2402219772338867,0.001,1e-05,1.0,1.0,False,False,multimodal,psd-fc-wpli,gated,cnn,True,finetune,segssl_barlow_all-patient_psd-fc-wpli_finetune_seed13_pre20_proj32_mask0_03_noise0_02_mlp1_0_sup100,True,barlow,psd,all-patient,True,13,1.0,0.1,32,0.03,0.02
multimodal_psd-fc-wpli_gated_cnn,0,sub01,sub07;sub08;sub09;sub10;sub11;sub13;sub14;sub15;sub16;sub17;sub18;sub20;sub22;sub24;sub27;sub28;sub29,sub05,62,0.0024077396374195814,2.2834465503692627,0.001,1e-05,1.0,1.0,False,False,multimodal,psd-fc-wpli,gated,cnn,True,finetune,segssl_barlow_all-patient_psd-fc-wpli_finetune_seed13_pre20_proj32_mask0_03_noise0_02_mlp1_0_sup100,True,barlow,psd,all-patient,True,13,1.0,0.1,32,0.03,0.02
multimodal_psd-fc-wpli_gated_cnn,0,sub01,sub07;sub08;sub09;sub10;sub11;sub13;sub14;sub15;sub16;sub17;sub18;sub20;sub22;sub24;sub27;sub28;sub29,sub05,63,0.0023140846751630306,2.3225135803222656,0.001,1e-05,1.0,1.0,False,False,multimodal,psd-fc-wpli,gated,cnn,True,finetune,segssl_barlow_all-patient_psd-fc-wpli_finetune_seed13_pre20_proj32_mask0_03_noise0_02_mlp1_0_sup100,True,barlow,psd,all-patient,True,13,1.0,0.1,32,0.03,0.02
multimodal_psd-fc-wpli_gated_cnn,0,sub01,sub07;sub08;sub09;sub10;sub11;sub13;sub14;sub15;sub16;sub17;sub18;sub20;sub22;sub24;sub27;sub28;sub29,sub05,64,0.002228806260973215,2.3569107055664062,0.001,1e-05,1.0,1.0,False,False,multimodal,psd-fc-wpli,gated,cnn,True,finetune,segssl_barlow_all-patient_psd-fc-wpli_finetune_seed13_pre20_proj32_mask0_03_noise0_02_mlp1_0_sup100,True,barlow,psd,all-patient,True,13,1.0,0.1,32,0.03,0.02
multimodal_psd-fc-wpli_gated_cnn,0,sub01,sub07;sub08;sub09;sub10;sub11;sub13;sub14;sub15;sub16;sub17;sub18;sub20;sub22;sub24;sub27;sub28;sub29,sub05,65,0.002150831976905465,2.386577844619751,0.001,1e-05,1.0,1.0,False,False,multimodal,psd-fc-wpli,gated,cnn,True,finetune,segssl_barlow_all-patient_psd-fc-wpli_finetune_seed13_pre20_proj32_mask0_03_noise0_02_mlp1_0_sup100,True,barlow,psd,all-patient,True,13,1.0,0.1,32,0.03,0.02
multimodal_psd-fc-wpli_gated_cnn,0,sub01,sub07;sub08;sub09;sub10;sub11;sub13;sub14;sub15;sub16;sub17;sub18;sub20;sub22;sub24;sub27;sub28;sub29,sub05,66,0.002079220488667488,2.411450147628784,0.001,1e-05,1.0,1.0,False,False,multimodal,psd-fc-wpli,gated,cnn,True,finetune,segssl_barlow_all-patient_psd-fc-wpli_finetune_seed13_pre20_proj32_mask0_03_noise0_02_mlp1_0_sup100,True,barlow,psd,all-patient,True,13,1.0,0.1,32,0.03,0.02
multimodal_psd-fc-wpli_gated_cnn,0,sub01,sub07;sub08;sub09;sub10;sub11;sub13;sub14;sub15;sub16;sub17;sub18;sub20;sub22;sub24;sub27;sub28;sub29,sub05,67,0.0020131729543209076,2.4316418170928955,0.001,1e-05,1.0,1.0,False,False,multimodal,psd-fc-wpli,gated,cnn,True,finetune,segssl_barlow_all-patient_psd-fc-wpli_finetune_seed13_pre20_proj32_mask0_03_noise0_02_mlp1_0_sup100,True,barlow,psd,all-patient,True,13,1.0,0.1,32,0.03,0.02
multimodal_psd-fc-wpli_gated_cnn,0,sub01,sub07;sub08;sub09;sub10;sub11;sub13;sub14;sub15;sub16;sub17;sub18;sub20;sub22;sub24;sub27;sub28;sub29,sub05,68,0.0019519795896485448,2.447436809539795,0.001,1e-05,1.0,1.0,False,False,multimodal,psd-fc-wpli,gated,cnn,True,finetune,segssl_barlow_all-patient_psd-fc-wpli_finetune_seed13_pre20_proj32_mask0_03_noise0_02_mlp1_0_sup100,True,barlow,psd,all-patient,True,13,1.0,0.1,32,0.03,0.02
multimodal_psd-fc-wpli_gated_cnn,0,sub01,sub07;sub08;sub09;sub10;sub11;sub13;sub14;sub15;sub16;sub17;sub18;sub20;sub22;sub24;sub27;sub28;sub29,sub05,69,0.001895153778605163,2.4592368602752686,0.001,1e-05,1.0,1.0,False,False,multimodal,psd-fc-wpli,gated,cnn,True,finetune,segssl_barlow_all-patient_psd-fc-wpli_finetune_seed13_pre20_proj32_mask0_03_noise0_02_mlp1_0_sup100,True,barlow,psd,all-patient,True,13,1.0,0.1,32,0.03,0.02
multimodal_psd-fc-wpli_gated_cnn,0,sub01,sub07;sub08;sub09;sub10;sub11;sub13;sub14;sub15;sub16;sub17;sub18;sub20;sub22;sub24;sub27;sub28;sub29,sub05,70,0.0018421950517222285,2.467263698577881,0.001,1e-05,1.0,1.0,False,False,multimodal,psd-fc-wpli,gated,cnn,True,finetune,segssl_barlow_all-patient_psd-fc-wpli_finetune_seed13_pre20_proj32_mask0_03_noise0_02_mlp1_0_sup100,True,barlow,psd,all-patient,True,13,1.0,0.1,32,0.03,0.02
multimodal_psd-fc-wpli_gated_cnn,0,sub01,sub07;sub08;sub09;sub10;sub11;sub13;sub14;sub15;sub16;sub17;sub18;sub20;sub22;sub24;sub27;sub28;sub29,sub05,71,0.0017927864100784063,2.471947193145752,0.001,1e-05,1.0,1.0,False,False,multimodal,psd-fc-wpli,gated,cnn,True,finetune,segssl_barlow_all-patient_psd-fc-wpli_finetune_seed13_pre20_proj32_mask0_03_noise0_02_mlp1_0_sup100,True,barlow,psd,all-patient,True,13,1.0,0.1,32,0.03,0.02
multimodal_psd-fc-wpli_gated_cnn,0,sub01,sub07;sub08;sub09;sub10;sub11;sub13;sub14;sub15;sub16;sub17;sub18;sub20;sub22;sub24;sub27;sub28;sub29,sub05,72,0.0017465209821239114,2.473989725112915,0.001,1e-05,1.0,1.0,False,False,multimodal,psd-fc-wpli,gated,cnn,True,finetune,segssl_barlow_all-patient_psd-fc-wpli_finetune_seed13_pre20_proj32_mask0_03_noise0_02_mlp1_0_sup100,True,barlow,psd,all-patient,True,13,1.0,0.1,32,0.03,0.02
multimodal_psd-fc-wpli_gated_cnn,0,sub01,sub07;sub08;sub09;sub10;sub11;sub13;sub14;sub15;sub16;sub17;sub18;sub20;sub22;sub24;sub27;sub28;sub29,sub05,73,0.0017032016767188907,2.4746897220611572,0.001,1e-05,1.0,1.0,False,False,multimodal,psd-fc-wpli,gated,cnn,True,finetune,segssl_barlow_all-patient_psd-fc-wpli_finetune_seed13_pre20_proj32_mask0_03_noise0_02_mlp1_0_sup100,True,barlow,psd,all-patient,True,13,1.0,0.1,32,0.03,0.02
multimodal_psd-fc-wpli_gated_cnn,0,sub01,sub07;sub08;sub09;sub10;sub11;sub13;sub14;sub15;sub16;sub17;sub18;sub20;sub22;sub24;sub27;sub28;sub29,sub05,74,0.001662565628066659,2.4743072986602783,0.001,1e-05,1.0,1.0,False,False,multimodal,psd-fc-wpli,gated,cnn,True,finetune,segssl_barlow_all-patient_psd-fc-wpli_finetune_seed13_pre20_proj32_mask0_03_noise0_02_mlp1_0_sup100,True,barlow,psd,all-patient,True,13,1.0,0.1,32,0.03,0.02
multimodal_psd-fc-wpli_gated_cnn,0,sub01,sub07;sub08;sub09;sub10;sub11;sub13;sub14;sub15;sub16;sub17;sub18;sub20;sub22;sub24;sub27;sub28;sub29,sub05,75,0.00162429956253618,2.4735751152038574,0.001,1e-05,1.0,1.0,False,False,multimodal,psd-fc-wpli,gated,cnn,True,finetune,segssl_barlow_all-patient_psd-fc-wpli_finetune_seed13_pre20_proj32_mask0_03_noise0_02_mlp1_0_sup100,True,barlow,psd,all-patient,True,13,1.0,0.1,32,0.03,0.02
multimodal_psd-fc-wpli_gated_cnn,0,sub01,sub07;sub08;sub09;sub10;sub11;sub13;sub14;sub15;sub16;sub17;sub18;sub20;sub22;sub24;sub27;sub28;sub29,sub05,76,0.0015881614526733756,2.4723596572875977,0.001,1e-05,1.0,1.0,False,False,multimodal,psd-fc-wpli,gated,cnn,True,finetune,segssl_barlow_all-patient_psd-fc-wpli_finetune_seed13_pre20_proj32_mask0_03_noise0_02_mlp1_0_sup100,True,barlow,psd,all-patient,True,13,1.0,0.1,32,0.03,0.02
multimodal_psd-fc-wpli_gated_cnn,0,sub01,sub07;sub08;sub09;sub10;sub11;sub13;sub14;sub15;sub16;sub17;sub18;sub20;sub22;sub24;sub27;sub28;sub29,sub05,77,0.0015540020540356636,2.471346378326416,0.001,1e-05,1.0,1.0,False,False,multimodal,psd-fc-wpli,gated,cnn,True,finetune,segssl_barlow_all-patient_psd-fc-wpli_finetune_seed13_pre20_proj32_mask0_03_noise0_02_mlp1_0_sup100,True,barlow,psd,all-patient,True,13,1.0,0.1,32,0.03,0.02
multimodal_psd-fc-wpli_gated_cnn,0,sub01,sub07;sub08;sub09;sub10;sub11;sub13;sub14;sub15;sub16;sub17;sub18;sub20;sub22;sub24;sub27;sub28;sub29,sub05,78,0.001521683530882001,2.470336437225342,0.001,1e-05,1.0,1.0,False,False,multimodal,psd-fc-wpli,gated,cnn,True,finetune,segssl_barlow_all-patient_psd-fc-wpli_finetune_seed13_pre20_proj32_mask0_03_noise0_02_mlp1_0_sup100,True,barlow,psd,all-patient,True,13,1.0,0.1,32,0.03,0.02
multimodal_psd-fc-wpli_gated_cnn,0,sub01,sub07;sub08;sub09;sub10;sub11;sub13;sub14;sub15;sub16;sub17;sub18;sub20;sub22;sub24;sub27;sub28;sub29,sub05,79,0.0014910369645804167,2.4696741104125977,0.001,1e-05,1.0,1.0,False,False,multimodal,psd-fc-wpli,gated,cnn,True,finetune,segssl_barlow_all-patient_psd-fc-wpli_finetune_seed13_pre20_proj32_mask0_03_noise0_02_mlp1_0_sup100,True,barlow,psd,all-patient,True,13,1.0,0.1,32,0.03,0.02
multimodal_psd-fc-wpli_gated_cnn,0,sub01,sub07;sub08;sub09;sub10;sub11;sub13;sub14;sub15;sub16;sub17;sub18;sub20;sub22;sub24;sub27;sub28;sub29,sub05,80,0.0014619281282648444,2.469679832458496,0.001,1e-05,1.0,1.0,False,False,multimodal,psd-fc-wpli,gated,cnn,True,finetune,segssl_barlow_all-patient_psd-fc-wpli_finetune_seed13_pre20_proj32_mask0_03_noise0_02_mlp1_0_sup100,True,barlow,psd,all-patient,True,13,1.0,0.1,32,0.03,0.02
multimodal_psd-fc-wpli_gated_cnn,0,sub01,sub07;sub08;sub09;sub10;sub11;sub13;sub14;sub15;sub16;sub17;sub18;sub20;sub22;sub24;sub27;sub28;sub29,sub05,81,0.001434178208000958,2.4705114364624023,0.001,1e-05,1.0,1.0,False,False,multimodal,psd-fc-wpli,gated,cnn,True,finetune,segssl_barlow_all-patient_psd-fc-wpli_finetune_seed13_pre20_proj32_mask0_03_noise0_02_mlp1_0_sup100,True,barlow,psd,all-patient,True,13,1.0,0.1,32,0.03,0.02
multimodal_psd-fc-wpli_gated_cnn,0,sub01,sub07;sub08;sub09;sub10;sub11;sub13;sub14;sub15;sub16;sub17;sub18;sub20;sub22;sub24;sub27;sub28;sub29,sub05,82,0.0014076397055760026,2.472238779067993,0.001,1e-05,1.0,1.0,False,False,multimodal,psd-fc-wpli,gated,cnn,True,finetune,segssl_barlow_all-patient_psd-fc-wpli_finetune_seed13_pre20_proj32_mask0_03_noise0_02_mlp1_0_sup100,True,barlow,psd,all-patient,True,13,1.0,0.1,32,0.03,0.02
multimodal_psd-fc-wpli_gated_cnn,0,sub01,sub07;sub08;sub09;sub10;sub11;sub13;sub14;sub15;sub16;sub17;sub18;sub20;sub22;sub24;sub27;sub28;sub29,sub05,83,0.0013822271721437573,2.47491192817688,0.001,1e-05,1.0,1.0,False,False,multimodal,psd-fc-wpli,gated,cnn,True,finetune,segssl_barlow_all-patient_psd-fc-wpli_finetune_seed13_pre20_proj32_mask0_03_noise0_02_mlp1_0_sup100,True,barlow,psd,all-patient,True,13,1.0,0.1,32,0.03,0.02
multimodal_psd-fc-wpli_gated_cnn,0,sub01,sub07;sub08;sub09;sub10;sub11;sub13;sub14;sub15;sub16;sub17;sub18;sub20;sub22;sub24;sub27;sub28;sub29,sub05,84,0.0013578514335677028,2.4777677059173584,0.001,1e-05,1.0,1.0,False,False,multimodal,psd-fc-wpli,gated,cnn,True,finetune,segssl_barlow_all-patient_psd-fc-wpli_finetune_seed13_pre20_proj32_mask0_03_noise0_02_mlp1_0_sup100,True,barlow,psd,all-patient,True,13,1.0,0.1,32,0.03,0.02
multimodal_psd-fc-wpli_gated_cnn,0,sub01,sub07;sub08;sub09;sub10;sub11;sub13;sub14;sub15;sub16;sub17;sub18;sub20;sub22;sub24;sub27;sub28;sub29,sub05,85,0.001334457891061902,2.4809679985046387,0.001,1e-05,1.0,1.0,False,False,multimodal,psd-fc-wpli,gated,cnn,True,finetune,segssl_barlow_all-patient_psd-fc-wpli_finetune_seed13_pre20_proj32_mask0_03_noise0_02_mlp1_0_sup100,True,barlow,psd,all-patient,True,13,1.0,0.1,32,0.03,0.02
multimodal_psd-fc-wpli_gated_cnn,0,sub01,sub07;sub08;sub09;sub10;sub11;sub13;sub14;sub15;sub16;sub17;sub18;sub20;sub22;sub24;sub27;sub28;sub29,sub05,86,0.0013119757641106844,2.4845564365386963,0.001,1e-05,1.0,1.0,False,False,multimodal,psd-fc-wpli,gated,cnn,True,finetune,segssl_barlow_all-patient_psd-fc-wpli_finetune_seed13_pre20_proj32_mask0_03_noise0_02_mlp1_0_sup100,True,barlow,psd,all-patient,True,13,1.0,0.1,32,0.03,0.02
multimodal_psd-fc-wpli_gated_cnn,0,sub01,sub07;sub08;sub09;sub10;sub11;sub13;sub14;sub15;sub16;sub17;sub18;sub20;sub22;sub24;sub27;sub28;sub29,sub05,87,0.0012903256574645638,2.4886374473571777,0.001,1e-05,1.0,1.0,False,False,multimodal,psd-fc-wpli,gated,cnn,True,finetune,segssl_barlow_all-patient_psd-fc-wpli_finetune_seed13_pre20_proj32_mask0_03_noise0_02_mlp1_0_sup100,True,barlow,psd,all-patient,True,13,1.0,0.1,32,0.03,0.02
multimodal_psd-fc-wpli_gated_cnn,0,sub01,sub07;sub08;sub09;sub10;sub11;sub13;sub14;sub15;sub16;sub17;sub18;sub20;sub22;sub24;sub27;sub28;sub29,sub05,88,0.0012694090837612748,2.492948532104492,0.001,1e-05,1.0,1.0,False,False,multimodal,psd-fc-wpli,gated,cnn,True,finetune,segssl_barlow_all-patient_psd-fc-wpli_finetune_seed13_pre20_proj32_mask0_03_noise0_02_mlp1_0_sup100,True,barlow,psd,all-patient,True,13,1.0,0.1,32,0.03,0.02
multimodal_psd-fc-wpli_gated_cnn,0,sub01,sub07;sub08;sub09;sub10;sub11;sub13;sub14;sub15;sub16;sub17;sub18;sub20;sub22;sub24;sub27;sub28;sub29,sub05,89,0.0012492380337789655,2.4974210262298584,0.001,1e-05,1.0,1.0,False,False,multimodal,psd-fc-wpli,gated,cnn,True,finetune,segssl_barlow_all-patient_psd-fc-wpli_finetune_seed13_pre20_proj32_mask0_03_noise0_02_mlp1_0_sup100,True,barlow,psd,all-patient,True,13,1.0,0.1,32,0.03,0.02
multimodal_psd-fc-wpli_gated_cnn,0,sub01,sub07;sub08;sub09;sub10;sub11;sub13;sub14;sub15;sub16;sub17;sub18;sub20;sub22;sub24;sub27;sub28;sub29,sub05,90,0.0012297278735786676,2.501936197280884,0.001,1e-05,1.0,1.0,False,False,multimodal,psd-fc-wpli,gated,cnn,True,finetune,segssl_barlow_all-patient_psd-fc-wpli_finetune_seed13_pre20_proj32_mask0_03_noise0_02_mlp1_0_sup100,True,barlow,psd,all-patient,True,13,1.0,0.1,32,0.03,0.02
multimodal_psd-fc-wpli_gated_cnn,0,sub01,sub07;sub08;sub09;sub10;sub11;sub13;sub14;sub15;sub16;sub17;sub18;sub20;sub22;sub24;sub27;sub28;sub29,sub05,91,0.0012108712689951062,2.506633996963501,0.001,1e-05,1.0,1.0,False,False,multimodal,psd-fc-wpli,gated,cnn,True,finetune,segssl_barlow_all-patient_psd-fc-wpli_finetune_seed13_pre20_proj32_mask0_03_noise0_02_mlp1_0_sup100,True,barlow,psd,all-patient,True,13,1.0,0.1,32,0.03,0.02
multimodal_psd-fc-wpli_gated_cnn,0,sub01,sub07;sub08;sub09;sub10;sub11;sub13;sub14;sub15;sub16;sub17;sub18;sub20;sub22;sub24;sub27;sub28;sub29,sub05,92,0.0011925760190933943,2.5114097595214844,0.001,1e-05,1.0,1.0,False,False,multimodal,psd-fc-wpli,gated,cnn,True,finetune,segssl_barlow_all-patient_psd-fc-wpli_finetune_seed13_pre20_proj32_mask0_03_noise0_02_mlp1_0_sup100,True,barlow,psd,all-patient,True,13,1.0,0.1,32,0.03,0.02
multimodal_psd-fc-wpli_gated_cnn,0,sub01,sub07;sub08;sub09;sub10;sub11;sub13;sub14;sub15;sub16;sub17;sub18;sub20;sub22;sub24;sub27;sub28;sub29,sub05,93,0.0011748309480026364,2.516252040863037,0.001,1e-05,1.0,1.0,False,False,multimodal,psd-fc-wpli,gated,cnn,True,finetune,segssl_barlow_all-patient_psd-fc-wpli_finetune_seed13_pre20_proj32_mask0_03_noise0_02_mlp1_0_sup100,True,barlow,psd,all-patient,True,13,1.0,0.1,32,0.03,0.02
multimodal_psd-fc-wpli_gated_cnn,0,sub01,sub07;sub08;sub09;sub10;sub11;sub13;sub14;sub15;sub16;sub17;sub18;sub20;sub22;sub24;sub27;sub28;sub29,sub05,94,0.0011575539829209447,2.5211474895477295,0.001,1e-05,1.0,1.0,False,False,multimodal,psd-fc-wpli,gated,cnn,True,finetune,segssl_barlow_all-patient_psd-fc-wpli_finetune_seed13_pre20_proj32_mask0_03_noise0_02_mlp1_0_sup100,True,barlow,psd,all-patient,True,13,1.0,0.1,32,0.03,0.02
multimodal_psd-fc-wpli_gated_cnn,0,sub01,sub07;sub08;sub09;sub10;sub11;sub13;sub14;sub15;sub16;sub17;sub18;sub20;sub22;sub24;sub27;sub28;sub29,sub05,95,0.0011407688725739717,2.526045560836792,0.001,1e-05,1.0,1.0,False,False,multimodal,psd-fc-wpli,gated,cnn,True,finetune,segssl_barlow_all-patient_psd-fc-wpli_finetune_seed13_pre20_proj32_mask0_03_noise0_02_mlp1_0_sup100,True,barlow,psd,all-patient,True,13,1.0,0.1,32,0.03,0.02
multimodal_psd-fc-wpli_gated_cnn,0,sub01,sub07;sub08;sub09;sub10;sub11;sub13;sub14;sub15;sub16;sub17;sub18;sub20;sub22;sub24;sub27;sub28;sub29,sub05,96,0.001124435686506331,2.5310401916503906,0.001,1e-05,1.0,1.0,False,False,multimodal,psd-fc-wpli,gated,cnn,True,finetune,segssl_barlow_all-patient_psd-fc-wpli_finetune_seed13_pre20_proj32_mask0_03_noise0_02_mlp1_0_sup100,True,barlow,psd,all-patient,True,13,1.0,0.1,32,0.03,0.02
multimodal_psd-fc-wpli_gated_cnn,0,sub01,sub07;sub08;sub09;sub10;sub11;sub13;sub14;sub15;sub16;sub17;sub18;sub20;sub22;sub24;sub27;sub28;sub29,sub05,97,0.0011085219448432326,2.5362181663513184,0.001,1e-05,1.0,1.0,False,False,multimodal,psd-fc-wpli,gated,cnn,True,finetune,segssl_barlow_all-patient_psd-fc-wpli_finetune_seed13_pre20_proj32_mask0_03_noise0_02_mlp1_0_sup100,True,barlow,psd,all-patient,True,13,1.0,0.1,32,0.03,0.02
multimodal_psd-fc-wpli_gated_cnn,0,sub01,sub07;sub08;sub09;sub10;sub11;sub13;sub14;sub15;sub16;sub17;sub18;sub20;sub22;sub24;sub27;sub28;sub29,sub05,98,0.0010930343996733427,2.542056083679199,0.001,1e-05,1.0,1.0,False,False,multimodal,psd-fc-wpli,gated,cnn,True,finetune,segssl_barlow_all-patient_psd-fc-wpli_finetune_seed13_pre20_proj32_mask0_03_noise0_02_mlp1_0_sup100,True,barlow,psd,all-patient,True,13,1.0,0.1,32,0.03,0.02
multimodal_psd-fc-wpli_gated_cnn,0,sub01,sub07;sub08;sub09;sub10;sub11;sub13;sub14;sub15;sub16;sub17;sub18;sub20;sub22;sub24;sub27;sub28;sub29,sub05,99,0.0010779218282550573,2.5484447479248047,0.001,1e-05,1.0,1.0,False,False,multimodal,psd-fc-wpli,gated,cnn,True,finetune,segssl_barlow_all-patient_psd-fc-wpli_finetune_seed13_pre20_proj32_mask0_03_noise0_02_mlp1_0_sup100,True,barlow,psd,all-patient,True,13,1.0,0.1,32,0.03,0.02
multimodal_psd-fc-wpli_gated_cnn,0,sub01,sub07;sub08;sub09;sub10;sub11;sub13;sub14;sub15;sub16;sub17;sub18;sub20;sub22;sub24;sub27;sub28;sub29,sub05,100,0.0010631431359797716,2.555318832397461,0.001,1e-05,1.0,1.0,False,False,multimodal,psd-fc-wpli,gated,cnn,True,finetune,segssl_barlow_all-patient_psd-fc-wpli_finetune_seed13_pre20_proj32_mask0_03_noise0_02_mlp1_0_sup100,True,barlow,psd,all-patient,True,13,1.0,0.1,32,0.03,0.02
multimodal_psd-fc-wpli_gated_cnn,1,sub05,sub01;sub08;sub09;sub10;sub11;sub13;sub14;sub15;sub16;sub17;sub18;sub20;sub22;sub24;sub27;sub28;sub29,sub07,1,0.6865148544311523,0.7212578654289246,0.002,1e-05,1.0,1.0,True,False,multimodal,psd-fc-wpli,gated,cnn,True,finetune,segssl_barlow_all-patient_psd-fc-wpli_finetune_seed13_pre20_proj32_mask0_03_noise0_02_mlp1_0_sup100,True,barlow,psd,all-patient,True,13,1.0,0.1,32,0.03,0.02
multimodal_psd-fc-wpli_gated_cnn,1,sub05,sub01;sub08;sub09;sub10;sub11;sub13;sub14;sub15;sub16;sub17;sub18;sub20;sub22;sub24;sub27;sub28;sub29,sub07,2,0.6801754236221313,0.7236757874488831,0.002,1e-05,1.0,1.0,False,False,multimodal,psd-fc-wpli,gated,cnn,True,finetune,segssl_barlow_all-patient_psd-fc-wpli_finetune_seed13_pre20_proj32_mask0_03_noise0_02_mlp1_0_sup100,True,barlow,psd,all-patient,True,13,1.0,0.1,32,0.03,0.02
multimodal_psd-fc-wpli_gated_cnn,1,sub05,sub01;sub08;sub09;sub10;sub11;sub13;sub14;sub15;sub16;sub17;sub18;sub20;sub22;sub24;sub27;sub28;sub29,sub07,3,0.6736986041069031,0.7284117937088013,0.002,1e-05,1.0,1.0,False,False,multimodal,psd-fc-wpli,gated,cnn,True,finetune,segssl_barlow_all-patient_psd-fc-wpli_finetune_seed13_pre20_proj32_mask0_03_noise0_02_mlp1_0_sup100,True,barlow,psd,all-patient,True,13,1.0,0.1,32,0.03,0.02
multimodal_psd-fc-wpli_gated_cnn,1,sub05,sub01;sub08;sub09;sub10;sub11;sub13;sub14;sub15;sub16;sub17;sub18;sub20;sub22;sub24;sub27;sub28;sub29,sub07,4,0.667335033416748,0.7373143434524536,0.002,1e-05,1.0,1.0,False,False,multimodal,psd-fc-wpli,gated,cnn,True,finetune,segssl_barlow_all-patient_psd-fc-wpli_finetune_seed13_pre20_proj32_mask0_03_noise0_02_mlp1_0_sup100,True,barlow,psd,all-patient,True,13,1.0,0.1,32,0.03,0.02
multimodal_psd-fc-wpli_gated_cnn,1,sub05,sub01;sub08;sub09;sub10;sub11;sub13;sub14;sub15;sub16;sub17;sub18;sub20;sub22;sub24;sub27;sub28;sub29,sub07,5,0.6605717539787292,0.753454864025116,0.002,1e-05,1.0,1.0,False,False,multimodal,psd-fc-wpli,gated,cnn,True,finetune,segssl_barlow_all-patient_psd-fc-wpli_finetune_seed13_pre20_proj32_mask0_03_noise0_02_mlp1_0_sup100,True,barlow,psd,all-patient,True,13,1.0,0.1,32,0.03,0.02
multimodal_psd-fc-wpli_gated_cnn,1,sub05,sub01;sub08;sub09;sub10;sub11;sub13;sub14;sub15;sub16;sub17;sub18;sub20;sub22;sub24;sub27;sub28;sub29,sub07,6,0.6531264185905457,0.7777845859527588,0.002,1e-05,1.0,1.0,False,False,multimodal,psd-fc-wpli,gated,cnn,True,finetune,segssl_barlow_all-patient_psd-fc-wpli_finetune_seed13_pre20_proj32_mask0_03_noise0_02_mlp1_0_sup100,True,barlow,psd,all-patient,True,13,1.0,0.1,32,0.03,0.02
multimodal_psd-fc-wpli_gated_cnn,1,sub05,sub01;sub08;sub09;sub10;sub11;sub13;sub14;sub15;sub16;sub17;sub18;sub20;sub22;sub24;sub27;sub28;sub29,sub07,7,0.6449493169784546,0.8097609877586365,0.002,1e-05,1.0,1.0,False,False,multimodal,psd-fc-wpli,gated,cnn,True,finetune,segssl_barlow_all-patient_psd-fc-wpli_finetune_seed13_pre20_proj32_mask0_03_noise0_02_mlp1_0_sup100,True,barlow,psd,all-patient,True,13,1.0,0.1,32,0.03,0.02
multimodal_psd-fc-wpli_gated_cnn,1,sub05,sub01;sub08;sub09;sub10;sub11;sub13;sub14;sub15;sub16;sub17;sub18;sub20;sub22;sub24;sub27;sub28;sub29,sub07,8,0.6362082958221436,0.8510801792144775,0.002,1e-05,1.0,1.0,False,False,multimodal,psd-fc-wpli,gated,cnn,True,finetune,segssl_barlow_all-patient_psd-fc-wpli_finetune_seed13_pre20_proj32_mask0_03_noise0_02_mlp1_0_sup100,True,barlow,psd,all-patient,True,13,1.0,0.1,32,0.03,0.02
multimodal_psd-fc-wpli_gated_cnn,1,sub05,sub01;sub08;sub09;sub10;sub11;sub13;sub14;sub15;sub16;sub17;sub18;sub20;sub22;sub24;sub27;sub28;sub29,sub07,9,0.6272580623626709,0.9039348363876343,0.002,1e-05,1.0,1.0,False,False,multimodal,psd-fc-wpli,gated,cnn,True,finetune,segssl_barlow_all-patient_psd-fc-wpli_finetune_seed13_pre20_proj32_mask0_03_noise0_02_mlp1_0_sup100,True,barlow,psd,all-patient,True,13,1.0,0.1,32,0.03,0.02
multimodal_psd-fc-wpli_gated_cnn,1,sub05,sub01;sub08;sub09;sub10;sub11;sub13;sub14;sub15;sub16;sub17;sub18;sub20;sub22;sub24;sub27;sub28;sub29,sub07,10,0.6180551052093506,0.9673293828964233,0.002,1e-05,1.0,1.0,False,False,multimodal,psd-fc-wpli,gated,cnn,True,finetune,segssl_barlow_all-patient_psd-fc-wpli_finetune_seed13_pre20_proj32_mask0_03_noise0_02_mlp1_0_sup100,True,barlow,psd,all-patient,True,13,1.0,0.1,32,0.03,0.02
multimodal_psd-fc-wpli_gated_cnn,1,sub05,sub01;sub08;sub09;sub10;sub11;sub13;sub14;sub15;sub16;sub17;sub18;sub20;sub22;sub24;sub27;sub28;sub29,sub07,11,0.6081506013870239,1.0371360778808594,0.002,1e-05,1.0,1.0,False,False,multimodal,psd-fc-wpli,gated,cnn,True,finetune,segssl_barlow_all-patient_psd-fc-wpli_finetune_seed13_pre20_proj32_mask0_03_noise0_02_mlp1_0_sup100,True,barlow,psd,all-patient,True,13,1.0,0.1,32,0.03,0.02
multimodal_psd-fc-wpli_gated_cnn,1,sub05,sub01;sub08;sub09;sub10;sub11;sub13;sub14;sub15;sub16;sub17;sub18;sub20;sub22;sub24;sub27;sub28;sub29,sub07,12,0.5974597930908203,1.108538269996643,0.002,1e-05,1.0,1.0,False,False,multimodal,psd-fc-wpli,gated,cnn,True,finetune,segssl_barlow_all-patient_psd-fc-wpli_finetune_seed13_pre20_proj32_mask0_03_noise0_02_mlp1_0_sup100,True,barlow,psd,all-patient,True,13,1.0,0.1,32,0.03,0.02
multimodal_psd-fc-wpli_gated_cnn,1,sub05,sub01;sub08;sub09;sub10;sub11;sub13;sub14;sub15;sub16;sub17;sub18;sub20;sub22;sub24;sub27;sub28;sub29,sub07,13,0.5863379240036011,1.1767410039901733,0.002,1e-05,1.0,1.0,False,False,multimodal,psd-fc-wpli,gated,cnn,True,finetune,segssl_barlow_all-patient_psd-fc-wpli_finetune_seed13_pre20_proj32_mask0_03_noise0_02_mlp1_0_sup100,True,barlow,psd,all-patient,True,13,1.0,0.1,32,0.03,0.02
multimodal_psd-fc-wpli_gated_cnn,1,sub05,sub01;sub08;sub09;sub10;sub11;sub13;sub14;sub15;sub16;sub17;sub18;sub20;sub22;sub24;sub27;sub28;sub29,sub07,14,0.5746961236000061,1.2371933460235596,0.002,1e-05,1.0,1.0,False,False,multimodal,psd-fc-wpli,gated,cnn,True,finetune,segssl_barlow_all-patient_psd-fc-wpli_finetune_seed13_pre20_proj32_mask0_03_noise0_02_mlp1_0_sup100,True,barlow,psd,all-patient,True,13,1.0,0.1,32,0.03,0.02
multimodal_psd-fc-wpli_gated_cnn,1,sub05,sub01;sub08;sub09;sub10;sub11;sub13;sub14;sub15;sub16;sub17;sub18;sub20;sub22;sub24;sub27;sub28;sub29,sub07,15,0.5623083710670471,1.2830307483673096,0.002,1e-05,1.0,1.0,False,False,multimodal,psd-fc-wpli,gated,cnn,True,finetune,segssl_barlow_all-patient_psd-fc-wpli_finetune_seed13_pre20_proj32_mask0_03_noise0_02_mlp1_0_sup100,True,barlow,psd,all-patient,True,13,1.0,0.1,32,0.03,0.02
multimodal_psd-fc-wpli_gated_cnn,1,sub05,sub01;sub08;sub09;sub10;sub11;sub13;sub14;sub15;sub16;sub17;sub18;sub20;sub22;sub24;sub27;sub28;sub29,sub07,16,0.5490232110023499,1.3173913955688477,0.002,1e-05,1.0,1.0,False,False,multimodal,psd-fc-wpli,gated,cnn,True,finetune,segssl_barlow_all-patient_psd-fc-wpli_finetune_seed13_pre20_proj32_mask0_03_noise0_02_mlp1_0_sup100,True,barlow,psd,all-patient,True,13,1.0,0.1,32,0.03,0.02
multimodal_psd-fc-wpli_gated_cnn,1,sub05,sub01;sub08;sub09;sub10;sub11;sub13;sub14;sub15;sub16;sub17;sub18;sub20;sub22;sub24;sub27;sub28;sub29,sub07,17,0.5349718332290649,1.339423656463623,0.002,1e-05,1.0,1.0,False,False,multimodal,psd-fc-wpli,gated,cnn,True,finetune,segssl_barlow_all-patient_psd-fc-wpli_finetune_seed13_pre20_proj32_mask0_03_noise0_02_mlp1_0_sup100,True,barlow,psd,all-patient,True,13,1.0,0.1,32,0.03,0.02
multimodal_psd-fc-wpli_gated_cnn,1,sub05,sub01;sub08;sub09;sub10;sub11;sub13;sub14;sub15;sub16;sub17;sub18;sub20;sub22;sub24;sub27;sub28;sub29,sub07,18,0.5201916098594666,1.3535200357437134,0.002,1e-05,1.0,1.0,False,False,multimodal,psd-fc-wpli,gated,cnn,True,finetune,segssl_barlow_all-patient_psd-fc-wpli_finetune_seed13_pre20_proj32_mask0_03_noise0_02_mlp1_0_sup100,True,barlow,psd,all-patient,True,13,1.0,0.1,32,0.03,0.02
multimodal_psd-fc-wpli_gated_cnn,1,sub05,sub01;sub08;sub09;sub10;sub11;sub13;sub14;sub15;sub16;sub17;sub18;sub20;sub22;sub24;sub27;sub28;sub29,sub07,19,0.5046865940093994,1.3627232313156128,0.002,1e-05,1.0,1.0,False,False,multimodal,psd-fc-wpli,gated,cnn,True,finetune,segssl_barlow_all-patient_psd-fc-wpli_finetune_seed13_pre20_proj32_mask0_03_noise0_02_mlp1_0_sup100,True,barlow,psd,all-patient,True,13,1.0,0.1,32,0.03,0.02
multimodal_psd-fc-wpli_gated_cnn,1,sub05,sub01;sub08;sub09;sub10;sub11;sub13;sub14;sub15;sub16;sub17;sub18;sub20;sub22;sub24;sub27;sub28;sub29,sub07,20,0.4885619580745697,1.364869475364685,0.002,1e-05,1.0,1.0,False,False,multimodal,psd-fc-wpli,gated,cnn,True,finetune,segssl_barlow_all-patient_psd-fc-wpli_finetune_seed13_pre20_proj32_mask0_03_noise0_02_mlp1_0_sup100,True,barlow,psd,all-patient,True,13,1.0,0.1,32,0.03,0.02
multimodal_psd-fc-wpli_gated_cnn,1,sub05,sub01;sub08;sub09;sub10;sub11;sub13;sub14;sub15;sub16;sub17;sub18;sub20;sub22;sub24;sub27;sub28;sub29,sub07,21,0.4717744290828705,1.3764188289642334,0.002,1e-05,1.0,1.0,False,False,multimodal,psd-fc-wpli,gated,cnn,True,finetune,segssl_barlow_all-patient_psd-fc-wpli_finetune_seed13_pre20_proj32_mask0_03_noise0_02_mlp1_0_sup100,True,barlow,psd,all-patient,True,13,1.0,0.1,32,0.03,0.02
multimodal_psd-fc-wpli_gated_cnn,1,sub05,sub01;sub08;sub09;sub10;sub11;sub13;sub14;sub15;sub16;sub17;sub18;sub20;sub22;sub24;sub27;sub28;sub29,sub07,22,0.4544093906879425,1.4001679420471191,0.002,1e-05,1.0,1.0,False,False,multimodal,psd-fc-wpli,gated,cnn,True,finetune,segssl_barlow_all-patient_psd-fc-wpli_finetune_seed13_pre20_proj32_mask0_03_noise0_02_mlp1_0_sup100,True,barlow,psd,all-patient,True,13,1.0,0.1,32,0.03,0.02
multimodal_psd-fc-wpli_gated_cnn,1,sub05,sub01;sub08;sub09;sub10;sub11;sub13;sub14;sub15;sub16;sub17;sub18;sub20;sub22;sub24;sub27;sub28;sub29,sub07,23,0.436722993850708,1.423064947128296,0.002,1e-05,1.0,1.0,False,False,multimodal,psd-fc-wpli,gated,cnn,True,finetune,segssl_barlow_all-patient_psd-fc-wpli_finetune_seed13_pre20_proj32_mask0_03_noise0_02_mlp1_0_sup100,True,barlow,psd,all-patient,True,13,1.0,0.1,32,0.03,0.02
multimodal_psd-fc-wpli_gated_cnn,1,sub05,sub01;sub08;sub09;sub10;sub11;sub13;sub14;sub15;sub16;sub17;sub18;sub20;sub22;sub24;sub27;sub28;sub29,sub07,24,0.41843515634536743,1.4281812906265259,0.002,1e-05,1.0,1.0,False,False,multimodal,psd-fc-wpli,gated,cnn,True,finetune,segssl_barlow_all-patient_psd-fc-wpli_finetune_seed13_pre20_proj32_mask0_03_noise0_02_mlp1_0_sup100,True,barlow,psd,all-patient,True,13,1.0,0.1,32,0.03,0.02
multimodal_psd-fc-wpli_gated_cnn,1,sub05,sub01;sub08;sub09;sub10;sub11;sub13;sub14;sub15;sub16;sub17;sub18;sub20;sub22;sub24;sub27;sub28;sub29,sub07,25,0.39940276741981506,1.4184606075286865,0.002,1e-05,1.0,1.0,False,False,multimodal,psd-fc-wpli,gated,cnn,True,finetune,segssl_barlow_all-patient_psd-fc-wpli_finetune_seed13_pre20_proj32_mask0_03_noise0_02_mlp1_0_sup100,True,barlow,psd,all-patient,True,13,1.0,0.1,32,0.03,0.02
multimodal_psd-fc-wpli_gated_cnn,1,sub05,sub01;sub08;sub09;sub10;sub11;sub13;sub14;sub15;sub16;sub17;sub18;sub20;sub22;sub24;sub27;sub28;sub29,sub07,26,0.3795606791973114,1.3914421796798706,0.002,1e-05,1.0,1.0,False,False,multimodal,psd-fc-wpli,gated,cnn,True,finetune,segssl_barlow_all-patient_psd-fc-wpli_finetune_seed13_pre20_proj32_mask0_03_noise0_02_mlp1_0_sup100,True,barlow,psd,all-patient,True,13,1.0,0.1,32,0.03,0.02
multimodal_psd-fc-wpli_gated_cnn,1,sub05,sub01;sub08;sub09;sub10;sub11;sub13;sub14;sub15;sub16;sub17;sub18;sub20;sub22;sub24;sub27;sub28;sub29,sub07,27,0.35920464992523193,1.3702740669250488,0.002,1e-05,1.0,1.0,False,False,multimodal,psd-fc-wpli,gated,cnn,True,finetune,segssl_barlow_all-patient_psd-fc-wpli_finetune_seed13_pre20_proj32_mask0_03_noise0_02_mlp1_0_sup100,True,barlow,psd,all-patient,True,13,1.0,0.1,32,0.03,0.02
multimodal_psd-fc-wpli_gated_cnn,1,sub05,sub01;sub08;sub09;sub10;sub11;sub13;sub14;sub15;sub16;sub17;sub18;sub20;sub22;sub24;sub27;sub28;sub29,sub07,28,0.3384341895580292,1.3694686889648438,0.002,1e-05,1.0,1.0,False,False,multimodal,psd-fc-wpli,gated,cnn,True,finetune,segssl_barlow_all-patient_psd-fc-wpli_finetune_seed13_pre20_proj32_mask0_03_noise0_02_mlp1_0_sup100,True,barlow,psd,all-patient,True,13,1.0,0.1,32,0.03,0.02
multimodal_psd-fc-wpli_gated_cnn,1,sub05,sub01;sub08;sub09;sub10;sub11;sub13;sub14;sub15;sub16;sub17;sub18;sub20;sub22;sub24;sub27;sub28;sub29,sub07,29,0.31762969493865967,1.4186646938323975,0.002,1e-05,1.0,1.0,False,False,multimodal,psd-fc-wpli,gated,cnn,True,finetune,segssl_barlow_all-patient_psd-fc-wpli_finetune_seed13_pre20_proj32_mask0_03_noise0_02_mlp1_0_sup100,True,barlow,psd,all-patient,True,13,1.0,0.1,32,0.03,0.02
multimodal_psd-fc-wpli_gated_cnn,1,sub05,sub01;sub08;sub09;sub10;sub11;sub13;sub14;sub15;sub16;sub17;sub18;sub20;sub22;sub24;sub27;sub28;sub29,sub07,30,0.2969379425048828,1.532581090927124,0.002,1e-05,1.0,1.0,False,False,multimodal,psd-fc-wpli,gated,cnn,True,finetune,segssl_barlow_all-patient_psd-fc-wpli_finetune_seed13_pre20_proj32_mask0_03_noise0_02_mlp1_0_sup100,True,barlow,psd,all-patient,True,13,1.0,0.1,32,0.03,0.02
multimodal_psd-fc-wpli_gated_cnn,1,sub05,sub01;sub08;sub09;sub10;sub11;sub13;sub14;sub15;sub16;sub17;sub18;sub20;sub22;sub24;sub27;sub28;sub29,sub07,31,0.27678030729293823,1.6841397285461426,0.002,1e-05,1.0,1.0,False,False,multimodal,psd-fc-wpli,gated,cnn,True,finetune,segssl_barlow_all-patient_psd-fc-wpli_finetune_seed13_pre20_proj32_mask0_03_noise0_02_mlp1_0_sup100,True,barlow,psd,all-patient,True,13,1.0,0.1,32,0.03,0.02
multimodal_psd-fc-wpli_gated_cnn,1,sub05,sub01;sub08;sub09;sub10;sub11;sub13;sub14;sub15;sub16;sub17;sub18;sub20;sub22;sub24;sub27;sub28;sub29,sub07,32,0.2575913667678833,1.813748836517334,0.002,1e-05,1.0,1.0,False,False,multimodal,psd-fc-wpli,gated,cnn,True,finetune,segssl_barlow_all-patient_psd-fc-wpli_finetune_seed13_pre20_proj32_mask0_03_noise0_02_mlp1_0_sup100,True,barlow,psd,all-patient,True,13,1.0,0.1,32,0.03,0.02
multimodal_psd-fc-wpli_gated_cnn,1,sub05,sub01;sub08;sub09;sub10;sub11;sub13;sub14;sub15;sub16;sub17;sub18;sub20;sub22;sub24;sub27;sub28;sub29,sub07,33,0.23950941860675812,1.856503963470459,0.002,1e-05,1.0,1.0,False,False,multimodal,psd-fc-wpli,gated,cnn,True,finetune,segssl_barlow_all-patient_psd-fc-wpli_finetune_seed13_pre20_proj32_mask0_03_noise0_02_mlp1_0_sup100,True,barlow,psd,all-patient,True,13,1.0,0.1,32,0.03,0.02
multimodal_psd-fc-wpli_gated_cnn,1,sub05,sub01;sub08;sub09;sub10;sub11;sub13;sub14;sub15;sub16;sub17;sub18;sub20;sub22;sub24;sub27;sub28;sub29,sub07,34,0.22272227704524994,1.8017991781234741,0.002,1e-05,1.0,1.0,False,False,multimodal,psd-fc-wpli,gated,cnn,True,finetune,segssl_barlow_all-patient_psd-fc-wpli_finetune_seed13_pre20_proj32_mask0_03_noise0_02_mlp1_0_sup100,True,barlow,psd,all-patient,True,13,1.0,0.1,32,0.03,0.02
multimodal_psd-fc-wpli_gated_cnn,1,sub05,sub01;sub08;sub09;sub10;sub11;sub13;sub14;sub15;sub16;sub17;sub18;sub20;sub22;sub24;sub27;sub28;sub29,sub07,35,0.20620597898960114,1.686228632926941,0.002,1e-05,1.0,1.0,False,False,multimodal,psd-fc-wpli,gated,cnn,True,finetune,segssl_barlow_all-patient_psd-fc-wpli_finetune_seed13_pre20_proj32_mask0_03_noise0_02_mlp1_0_sup100,True,barlow,psd,all-patient,True,13,1.0,0.1,32,0.03,0.02
multimodal_psd-fc-wpli_gated_cnn,1,sub05,sub01;sub08;sub09;sub10;sub11;sub13;sub14;sub15;sub16;sub17;sub18;sub20;sub22;sub24;sub27;sub28;sub29,sub07,36,0.1903684139251709,1.5456273555755615,0.002,1e-05,1.0,1.0,False,False,multimodal,psd-fc-wpli,gated,cnn,True,finetune,segssl_barlow_all-patient_psd-fc-wpli_finetune_seed13_pre20_proj32_mask0_03_noise0_02_mlp1_0_sup100,True,barlow,psd,all-patient,True,13,1.0,0.1,32,0.03,0.02
multimodal_psd-fc-wpli_gated_cnn,1,sub05,sub01;sub08;sub09;sub10;sub11;sub13;sub14;sub15;sub16;sub17;sub18;sub20;sub22;sub24;sub27;sub28;sub29,sub07,37,0.1752558946609497,1.3971282243728638,0.002,1e-05,1.0,1.0,False,False,multimodal,psd-fc-wpli,gated,cnn,True,finetune,segssl_barlow_all-patient_psd-fc-wpli_finetune_seed13_pre20_proj32_mask0_03_noise0_02_mlp1_0_sup100,True,barlow,psd,all-patient,True,13,1.0,0.1,32,0.03,0.02
multimodal_psd-fc-wpli_gated_cnn,1,sub05,sub01;sub08;sub09;sub10;sub11;sub13;sub14;sub15;sub16;sub17;sub18;sub20;sub22;sub24;sub27;sub28;sub29,sub07,38,0.16087616980075836,1.2512390613555908,0.002,1e-05,1.0,1.0,False,False,multimodal,psd-fc-wpli,gated,cnn,True,finetune,segssl_barlow_all-patient_psd-fc-wpli_finetune_seed13_pre20_proj32_mask0_03_noise0_02_mlp1_0_sup100,True,barlow,psd,all-patient,True,13,1.0,0.1,32,0.03,0.02
multimodal_psd-fc-wpli_gated_cnn,1,sub05,sub01;sub08;sub09;sub10;sub11;sub13;sub14;sub15;sub16;sub17;sub18;sub20;sub22;sub24;sub27;sub28;sub29,sub07,39,0.1473294496536255,1.114004373550415,0.002,1e-05,1.0,1.0,False,False,multimodal,psd-fc-wpli,gated,cnn,True,finetune,segssl_barlow_all-patient_psd-fc-wpli_finetune_seed13_pre20_proj32_mask0_03_noise0_02_mlp1_0_sup100,True,barlow,psd,all-patient,True,13,1.0,0.1,32,0.03,0.02
multimodal_psd-fc-wpli_gated_cnn,1,sub05,sub01;sub08;sub09;sub10;sub11;sub13;sub14;sub15;sub16;sub17;sub18;sub20;sub22;sub24;sub27;sub28;sub29,sub07,40,0.13443569839000702,0.9907552003860474,0.002,1e-05,1.0,1.0,False,False,multimodal,psd-fc-wpli,gated,cnn,True,finetune,segssl_barlow_all-patient_psd-fc-wpli_finetune_seed13_pre20_proj32_mask0_03_noise0_02_mlp1_0_sup100,True,barlow,psd,all-patient,True,13,1.0,0.1,32,0.03,0.02
multimodal_psd-fc-wpli_gated_cnn,1,sub05,sub01;sub08;sub09;sub10;sub11;sub13;sub14;sub15;sub16;sub17;sub18;sub20;sub22;sub24;sub27;sub28;sub29,sub07,41,0.12232711911201477,0.8654904365539551,0.002,1e-05,1.0,1.0,False,False,multimodal,psd-fc-wpli,gated,cnn,True,finetune,segssl_barlow_all-patient_psd-fc-wpli_finetune_seed13_pre20_proj32_mask0_03_noise0_02_mlp1_0_sup100,True,barlow,psd,all-patient,True,13,1.0,0.1,32,0.03,0.02
multimodal_psd-fc-wpli_gated_cnn,1,sub05,sub01;sub08;sub09;sub10;sub11;sub13;sub14;sub15;sub16;sub17;sub18;sub20;sub22;sub24;sub27;sub28;sub29,sub07,42,0.11091823130846024,0.7248775362968445,0.002,1e-05,1.0,1.0,False,False,multimodal,psd-fc-wpli,gated,cnn,True,finetune,segssl_barlow_all-patient_psd-fc-wpli_finetune_seed13_pre20_proj32_mask0_03_noise0_02_mlp1_0_sup100,True,barlow,psd,all-patient,True,13,1.0,0.1,32,0.03,0.02
multimodal_psd-fc-wpli_gated_cnn,1,sub05,sub01;sub08;sub09;sub10;sub11;sub13;sub14;sub15;sub16;sub17;sub18;sub20;sub22;sub24;sub27;sub28;sub29,sub07,43,0.10026205331087112,0.5801621675491333,0.002,1e-05,1.0,1.0,True,False,multimodal,psd-fc-wpli,gated,cnn,True,finetune,segssl_barlow_all-patient_psd-fc-wpli_finetune_seed13_pre20_proj32_mask0_03_noise0_02_mlp1_0_sup100,True,barlow,psd,all-patient,True,13,1.0,0.1,32,0.03,0.02
multimodal_psd-fc-wpli_gated_cnn,1,sub05,sub01;sub08;sub09;sub10;sub11;sub13;sub14;sub15;sub16;sub17;sub18;sub20;sub22;sub24;sub27;sub28;sub29,sub07,44,0.09026309847831726,0.4493924379348755,0.002,1e-05,1.0,1.0,True,False,multimodal,psd-fc-wpli,gated,cnn,True,finetune,segssl_barlow_all-patient_psd-fc-wpli_finetune_seed13_pre20_proj32_mask0_03_noise0_02_mlp1_0_sup100,True,barlow,psd,all-patient,True,13,1.0,0.1,32,0.03,0.02
multimodal_psd-fc-wpli_gated_cnn,1,sub05,sub01;sub08;sub09;sub10;sub11;sub13;sub14;sub15;sub16;sub17;sub18;sub20;sub22;sub24;sub27;sub28;sub29,sub07,45,0.08088850975036621,0.34213730692863464,0.002,1e-05,1.0,1.0,True,False,multimodal,psd-fc-wpli,gated,cnn,True,finetune,segssl_barlow_all-patient_psd-fc-wpli_finetune_seed13_pre20_proj32_mask0_03_noise0_02_mlp1_0_sup100,True,barlow,psd,all-patient,True,13,1.0,0.1,32,0.03,0.02
multimodal_psd-fc-wpli_gated_cnn,1,sub05,sub01;sub08;sub09;sub10;sub11;sub13;sub14;sub15;sub16;sub17;sub18;sub20;sub22;sub24;sub27;sub28;sub29,sub07,46,0.07214274257421494,0.2598572075366974,0.002,1e-05,1.0,1.0,True,False,multimodal,psd-fc-wpli,gated,cnn,True,finetune,segssl_barlow_all-patient_psd-fc-wpli_finetune_seed13_pre20_proj32_mask0_03_noise0_02_mlp1_0_sup100,True,barlow,psd,all-patient,True,13,1.0,0.1,32,0.03,0.02
multimodal_psd-fc-wpli_gated_cnn,1,sub05,sub01;sub08;sub09;sub10;sub11;sub13;sub14;sub15;sub16;sub17;sub18;sub20;sub22;sub24;sub27;sub28;sub29,sub07,47,0.06405650079250336,0.20282353460788727,0.002,1e-05,1.0,1.0,True,False,multimodal,psd-fc-wpli,gated,cnn,True,finetune,segssl_barlow_all-patient_psd-fc-wpli_finetune_seed13_pre20_proj32_mask0_03_noise0_02_mlp1_0_sup100,True,barlow,psd,all-patient,True,13,1.0,0.1,32,0.03,0.02
multimodal_psd-fc-wpli_gated_cnn,1,sub05,sub01;sub08;sub09;sub10;sub11;sub13;sub14;sub15;sub16;sub17;sub18;sub20;sub22;sub24;sub27;sub28;sub29,sub07,48,0.056606922298669815,0.16386744379997253,0.002,1e-05,1.0,1.0,True,False,multimodal,psd-fc-wpli,gated,cnn,True,finetune,segssl_barlow_all-patient_psd-fc-wpli_finetune_seed13_pre20_proj32_mask0_03_noise0_02_mlp1_0_sup100,True,barlow,psd,all-patient,True,13,1.0,0.1,32,0.03,0.02
multimodal_psd-fc-wpli_gated_cnn,1,sub05,sub01;sub08;sub09;sub10;sub11;sub13;sub14;sub15;sub16;sub17;sub18;sub20;sub22;sub24;sub27;sub28;sub29,sub07,49,0.04982095584273338,0.13609452545642853,0.002,1e-05,1.0,1.0,True,False,multimodal,psd-fc-wpli,gated,cnn,True,finetune,segssl_barlow_all-patient_psd-fc-wpli_finetune_seed13_pre20_proj32_mask0_03_noise0_02_mlp1_0_sup100,True,barlow,psd,all-patient,True,13,1.0,0.1,32,0.03,0.02
multimodal_psd-fc-wpli_gated_cnn,1,sub05,sub01;sub08;sub09;sub10;sub11;sub13;sub14;sub15;sub16;sub17;sub18;sub20;sub22;sub24;sub27;sub28;sub29,sub07,50,0.04369070380926132,0.11432583630084991,0.002,1e-05,1.0,1.0,True,False,multimodal,psd-fc-wpli,gated,cnn,True,finetune,segssl_barlow_all-patient_psd-fc-wpli_finetune_seed13_pre20_proj32_mask0_03_noise0_02_mlp1_0_sup100,True,barlow,psd,all-patient,True,13,1.0,0.1,32,0.03,0.02
multimodal_psd-fc-wpli_gated_cnn,1,sub05,sub01;sub08;sub09;sub10;sub11;sub13;sub14;sub15;sub16;sub17;sub18;sub20;sub22;sub24;sub27;sub28;sub29,sub07,51,0.03819839283823967,0.09689690172672272,0.002,1e-05,1.0,1.0,True,False,multimodal,psd-fc-wpli,gated,cnn,True,finetune,segssl_barlow_all-patient_psd-fc-wpli_finetune_seed13_pre20_proj32_mask0_03_noise0_02_mlp1_0_sup100,True,barlow,psd,all-patient,True,13,1.0,0.1,32,0.03,0.02
multimodal_psd-fc-wpli_gated_cnn,1,sub05,sub01;sub08;sub09;sub10;sub11;sub13;sub14;sub15;sub16;sub17;sub18;sub20;sub22;sub24;sub27;sub28;sub29,sub07,52,0.03331384435296059,0.08224381506443024,0.002,1e-05,1.0,1.0,True,False,multimodal,psd-fc-wpli,gated,cnn,True,finetune,segssl_barlow_all-patient_psd-fc-wpli_finetune_seed13_pre20_proj32_mask0_03_noise0_02_mlp1_0_sup100,True,barlow,psd,all-patient,True,13,1.0,0.1,32,0.03,0.02
multimodal_psd-fc-wpli_gated_cnn,1,sub05,sub01;sub08;sub09;sub10;sub11;sub13;sub14;sub15;sub16;sub17;sub18;sub20;sub22;sub24;sub27;sub28;sub29,sub07,53,0.029005927965044975,0.06943382322788239,0.002,1e-05,1.0,1.0,True,False,multimodal,psd-fc-wpli,gated,cnn,True,finetune,segssl_barlow_all-patient_psd-fc-wpli_finetune_seed13_pre20_proj32_mask0_03_noise0_02_mlp1_0_sup100,True,barlow,psd,all-patient,True,13,1.0,0.1,32,0.03,0.02
multimodal_psd-fc-wpli_gated_cnn,1,sub05,sub01;sub08;sub09;sub10;sub11;sub13;sub14;sub15;sub16;sub17;sub18;sub20;sub22;sub24;sub27;sub28;sub29,sub07,54,0.025228003039956093,0.058311980217695236,0.002,1e-05,1.0,1.0,True,False,multimodal,psd-fc-wpli,gated,cnn,True,finetune,segssl_barlow_all-patient_psd-fc-wpli_finetune_seed13_pre20_proj32_mask0_03_noise0_02_mlp1_0_sup100,True,barlow,psd,all-patient,True,13,1.0,0.1,32,0.03,0.02
multimodal_psd-fc-wpli_gated_cnn,1,sub05,sub01;sub08;sub09;sub10;sub11;sub13;sub14;sub15;sub16;sub17;sub18;sub20;sub22;sub24;sub27;sub28;sub29,sub07,55,0.021926073357462883,0.04877707362174988,0.002,1e-05,1.0,1.0,True,False,multimodal,psd-fc-wpli,gated,cnn,True,finetune,segssl_barlow_all-patient_psd-fc-wpli_finetune_seed13_pre20_proj32_mask0_03_noise0_02_mlp1_0_sup100,True,barlow,psd,all-patient,True,13,1.0,0.1,32,0.03,0.02
multimodal_psd-fc-wpli_gated_cnn,1,sub05,sub01;sub08;sub09;sub10;sub11;sub13;sub14;sub15;sub16;sub17;sub18;sub20;sub22;sub24;sub27;sub28;sub29,sub07,56,0.01905454322695732,0.0406535305082798,0.002,1e-05,1.0,1.0,True,False,multimodal,psd-fc-wpli,gated,cnn,True,finetune,segssl_barlow_all-patient_psd-fc-wpli_finetune_seed13_pre20_proj32_mask0_03_noise0_02_mlp1_0_sup100,True,barlow,psd,all-patient,True,13,1.0,0.1,32,0.03,0.02
multimodal_psd-fc-wpli_gated_cnn,1,sub05,sub01;sub08;sub09;sub10;sub11;sub13;sub14;sub15;sub16;sub17;sub18;sub20;sub22;sub24;sub27;sub28;sub29,sub07,57,0.01658233441412449,0.034284885972738266,0.002,1e-05,1.0,1.0,True,False,multimodal,psd-fc-wpli,gated,cnn,True,finetune,segssl_barlow_all-patient_psd-fc-wpli_finetune_seed13_pre20_proj32_mask0_03_noise0_02_mlp1_0_sup100,True,barlow,psd,all-patient,True,13,1.0,0.1,32,0.03,0.02
multimodal_psd-fc-wpli_gated_cnn,1,sub05,sub01;sub08;sub09;sub10;sub11;sub13;sub14;sub15;sub16;sub17;sub18;sub20;sub22;sub24;sub27;sub28;sub29,sub07,58,0.014452671632170677,0.029315605759620667,0.002,1e-05,1.0,1.0,True,False,multimodal,psd-fc-wpli,gated,cnn,True,finetune,segssl_barlow_all-patient_psd-fc-wpli_finetune_seed13_pre20_proj32_mask0_03_noise0_02_mlp1_0_sup100,True,barlow,psd,all-patient,True,13,1.0,0.1,32,0.03,0.02
multimodal_psd-fc-wpli_gated_cnn,1,sub05,sub01;sub08;sub09;sub10;sub11;sub13;sub14;sub15;sub16;sub17;sub18;sub20;sub22;sub24;sub27;sub28;sub29,sub07,59,0.012604753486812115,0.02544080838561058,0.002,1e-05,1.0,1.0,True,False,multimodal,psd-fc-wpli,gated,cnn,True,finetune,segssl_barlow_all-patient_psd-fc-wpli_finetune_seed13_pre20_proj32_mask0_03_noise0_02_mlp1_0_sup100,True,barlow,psd,all-patient,True,13,1.0,0.1,32,0.03,0.02
multimodal_psd-fc-wpli_gated_cnn,1,sub05,sub01;sub08;sub09;sub10;sub11;sub13;sub14;sub15;sub16;sub17;sub18;sub20;sub22;sub24;sub27;sub28;sub29,sub07,60,0.011000573635101318,0.022269777953624725,0.002,1e-05,1.0,1.0,True,False,multimodal,psd-fc-wpli,gated,cnn,True,finetune,segssl_barlow_all-patient_psd-fc-wpli_finetune_seed13_pre20_proj32_mask0_03_noise0_02_mlp1_0_sup100,True,barlow,psd,all-patient,True,13,1.0,0.1,32,0.03,0.02
multimodal_psd-fc-wpli_gated_cnn,1,sub05,sub01;sub08;sub09;sub10;sub11;sub13;sub14;sub15;sub16;sub17;sub18;sub20;sub22;sub24;sub27;sub28;sub29,sub07,61,0.009609871543943882,0.019462738186120987,0.002,1e-05,1.0,1.0,True,False,multimodal,psd-fc-wpli,gated,cnn,True,finetune,segssl_barlow_all-patient_psd-fc-wpli_finetune_seed13_pre20_proj32_mask0_03_noise0_02_mlp1_0_sup100,True,barlow,psd,all-patient,True,13,1.0,0.1,32,0.03,0.02
multimodal_psd-fc-wpli_gated_cnn,1,sub05,sub01;sub08;sub09;sub10;sub11;sub13;sub14;sub15;sub16;sub17;sub18;sub20;sub22;sub24;sub27;sub28;sub29,sub07,62,0.008410732261836529,0.016809405758976936,0.002,1e-05,1.0,1.0,True,False,multimodal,psd-fc-wpli,gated,cnn,True,finetune,segssl_barlow_all-patient_psd-fc-wpli_finetune_seed13_pre20_proj32_mask0_03_noise0_02_mlp1_0_sup100,True,barlow,psd,all-patient,True,13,1.0,0.1,32,0.03,0.02
multimodal_psd-fc-wpli_gated_cnn,1,sub05,sub01;sub08;sub09;sub10;sub11;sub13;sub14;sub15;sub16;sub17;sub18;sub20;sub22;sub24;sub27;sub28;sub29,sub07,63,0.0073807984590530396,0.014444401487708092,0.002,1e-05,1.0,1.0,True,False,multimodal,psd-fc-wpli,gated,cnn,True,finetune,segssl_barlow_all-patient_psd-fc-wpli_finetune_seed13_pre20_proj32_mask0_03_noise0_02_mlp1_0_sup100,True,barlow,psd,all-patient,True,13,1.0,0.1,32,0.03,0.02
multimodal_psd-fc-wpli_gated_cnn,1,sub05,sub01;sub08;sub09;sub10;sub11;sub13;sub14;sub15;sub16;sub17;sub18;sub20;sub22;sub24;sub27;sub28;sub29,sub07,64,0.0064960625022649765,0.01235173735767603,0.002,1e-05,1.0,1.0,True,False,multimodal,psd-fc-wpli,gated,cnn,True,finetune,segssl_barlow_all-patient_psd-fc-wpli_finetune_seed13_pre20_proj32_mask0_03_noise0_02_mlp1_0_sup100,True,barlow,psd,all-patient,True,13,1.0,0.1,32,0.03,0.02
multimodal_psd-fc-wpli_gated_cnn,1,sub05,sub01;sub08;sub09;sub10;sub11;sub13;sub14;sub15;sub16;sub17;sub18;sub20;sub22;sub24;sub27;sub28;sub29,sub07,65,0.005736931227147579,0.010497902520000935,0.002,1e-05,1.0,1.0,True,False,multimodal,psd-fc-wpli,gated,cnn,True,finetune,segssl_barlow_all-patient_psd-fc-wpli_finetune_seed13_pre20_proj32_mask0_03_noise0_02_mlp1_0_sup100,True,barlow,psd,all-patient,True,13,1.0,0.1,32,0.03,0.02
multimodal_psd-fc-wpli_gated_cnn,1,sub05,sub01;sub08;sub09;sub10;sub11;sub13;sub14;sub15;sub16;sub17;sub18;sub20;sub22;sub24;sub27;sub28;sub29,sub07,66,0.005085899028927088,0.008871234022080898,0.002,1e-05,1.0,1.0,True,False,multimodal,psd-fc-wpli,gated,cnn,True,finetune,segssl_barlow_all-patient_psd-fc-wpli_finetune_seed13_pre20_proj32_mask0_03_noise0_02_mlp1_0_sup100,True,barlow,psd,all-patient,True,13,1.0,0.1,32,0.03,0.02
multimodal_psd-fc-wpli_gated_cnn,1,sub05,sub01;sub08;sub09;sub10;sub11;sub13;sub14;sub15;sub16;sub17;sub18;sub20;sub22;sub24;sub27;sub28;sub29,sub07,67,0.004525539930909872,0.007473296020179987,0.002,1e-05,1.0,1.0,True,False,multimodal,psd-fc-wpli,gated,cnn,True,finetune,segssl_barlow_all-patient_psd-fc-wpli_finetune_seed13_pre20_proj32_mask0_03_noise0_02_mlp1_0_sup100,True,barlow,psd,all-patient,True,13,1.0,0.1,32,0.03,0.02
multimodal_psd-fc-wpli_gated_cnn,1,sub05,sub01;sub08;sub09;sub10;sub11;sub13;sub14;sub15;sub16;sub17;sub18;sub20;sub22;sub24;sub27;sub28;sub29,sub07,68,0.004042765125632286,0.006275574676692486,0.002,1e-05,1.0,1.0,True,False,multimodal,psd-fc-wpli,gated,cnn,True,finetune,segssl_barlow_all-patient_psd-fc-wpli_finetune_seed13_pre20_proj32_mask0_03_noise0_02_mlp1_0_sup100,True,barlow,psd,all-patient,True,13,1.0,0.1,32,0.03,0.02
multimodal_psd-fc-wpli_gated_cnn,1,sub05,sub01;sub08;sub09;sub10;sub11;sub13;sub14;sub15;sub16;sub17;sub18;sub20;sub22;sub24;sub27;sub28;sub29,sub07,69,0.003625475335866213,0.005245962180197239,0.002,1e-05,1.0,1.0,True,False,multimodal,psd-fc-wpli,gated,cnn,True,finetune,segssl_barlow_all-patient_psd-fc-wpli_finetune_seed13_pre20_proj32_mask0_03_noise0_02_mlp1_0_sup100,True,barlow,psd,all-patient,True,13,1.0,0.1,32,0.03,0.02
multimodal_psd-fc-wpli_gated_cnn,1,sub05,sub01;sub08;sub09;sub10;sub11;sub13;sub14;sub15;sub16;sub17;sub18;sub20;sub22;sub24;sub27;sub28;sub29,sub07,70,0.003261381760239601,0.004381256178021431,0.002,1e-05,1.0,1.0,True,False,multimodal,psd-fc-wpli,gated,cnn,True,finetune,segssl_barlow_all-patient_psd-fc-wpli_finetune_seed13_pre20_proj32_mask0_03_noise0_02_mlp1_0_sup100,True,barlow,psd,all-patient,True,13,1.0,0.1,32,0.03,0.02
multimodal_psd-fc-wpli_gated_cnn,1,sub05,sub01;sub08;sub09;sub10;sub11;sub13;sub14;sub15;sub16;sub17;sub18;sub20;sub22;sub24;sub27;sub28;sub29,sub07,71,0.002940301550552249,0.0036639205645769835,0.002,1e-05,1.0,1.0,True,False,multimodal,psd-fc-wpli,gated,cnn,True,finetune,segssl_barlow_all-patient_psd-fc-wpli_finetune_seed13_pre20_proj32_mask0_03_noise0_02_mlp1_0_sup100,True,barlow,psd,all-patient,True,13,1.0,0.1,32,0.03,0.02
multimodal_psd-fc-wpli_gated_cnn,1,sub05,sub01;sub08;sub09;sub10;sub11;sub13;sub14;sub15;sub16;sub17;sub18;sub20;sub22;sub24;sub27;sub28;sub29,sub07,72,0.0026572460774332285,0.0030712930019944906,0.002,1e-05,1.0,1.0,True,False,multimodal,psd-fc-wpli,gated,cnn,True,finetune,segssl_barlow_all-patient_psd-fc-wpli_finetune_seed13_pre20_proj32_mask0_03_noise0_02_mlp1_0_sup100,True,barlow,psd,all-patient,True,13,1.0,0.1,32,0.03,0.02
multimodal_psd-fc-wpli_gated_cnn,1,sub05,sub01;sub08;sub09;sub10;sub11;sub13;sub14;sub15;sub16;sub17;sub18;sub20;sub22;sub24;sub27;sub28;sub29,sub07,73,0.0024076865520328283,0.0025891519617289305,0.002,1e-05,1.0,1.0,True,False,multimodal,psd-fc-wpli,gated,cnn,True,finetune,segssl_barlow_all-patient_psd-fc-wpli_finetune_seed13_pre20_proj32_mask0_03_noise0_02_mlp1_0_sup100,True,barlow,psd,all-patient,True,13,1.0,0.1,32,0.03,0.02
multimodal_psd-fc-wpli_gated_cnn,1,sub05,sub01;sub08;sub09;sub10;sub11;sub13;sub14;sub15;sub16;sub17;sub18;sub20;sub22;sub24;sub27;sub28;sub29,sub07,74,0.002187638310715556,0.0021958318538963795,0.002,1e-05,1.0,1.0,True,False,multimodal,psd-fc-wpli,gated,cnn,True,finetune,segssl_barlow_all-patient_psd-fc-wpli_finetune_seed13_pre20_proj32_mask0_03_noise0_02_mlp1_0_sup100,True,barlow,psd,all-patient,True,13,1.0,0.1,32,0.03,0.02
multimodal_psd-fc-wpli_gated_cnn,1,sub05,sub01;sub08;sub09;sub10;sub11;sub13;sub14;sub15;sub16;sub17;sub18;sub20;sub22;sub24;sub27;sub28;sub29,sub07,75,0.0019930279813706875,0.0018731405725702643,0.002,1e-05,1.0,1.0,True,False,multimodal,psd-fc-wpli,gated,cnn,True,finetune,segssl_barlow_all-patient_psd-fc-wpli_finetune_seed13_pre20_proj32_mask0_03_noise0_02_mlp1_0_sup100,True,barlow,psd,all-patient,True,13,1.0,0.1,32,0.03,0.02
multimodal_psd-fc-wpli_gated_cnn,1,sub05,sub01;sub08;sub09;sub10;sub11;sub13;sub14;sub15;sub16;sub17;sub18;sub20;sub22;sub24;sub27;sub28;sub29,sub07,76,0.0018204832449555397,0.0016060993075370789,0.002,1e-05,1.0,1.0,True,False,multimodal,psd-fc-wpli,gated,cnn,True,finetune,segssl_barlow_all-patient_psd-fc-wpli_finetune_seed13_pre20_proj32_mask0_03_noise0_02_mlp1_0_sup100,True,barlow,psd,all-patient,True,13,1.0,0.1,32,0.03,0.02
multimodal_psd-fc-wpli_gated_cnn,1,sub05,sub01;sub08;sub09;sub10;sub11;sub13;sub14;sub15;sub16;sub17;sub18;sub20;sub22;sub24;sub27;sub28;sub29,sub07,77,0.0016671625198796391,0.0013843742199242115,0.002,1e-05,1.0,1.0,True,False,multimodal,psd-fc-wpli,gated,cnn,True,finetune,segssl_barlow_all-patient_psd-fc-wpli_finetune_seed13_pre20_proj32_mask0_03_noise0_02_mlp1_0_sup100,True,barlow,psd,all-patient,True,13,1.0,0.1,32,0.03,0.02
multimodal_psd-fc-wpli_gated_cnn,1,sub05,sub01;sub08;sub09;sub10;sub11;sub13;sub14;sub15;sub16;sub17;sub18;sub20;sub22;sub24;sub27;sub28;sub29,sub07,78,0.0015302578685805202,0.0011991410283371806,0.002,1e-05,1.0,1.0,True,False,multimodal,psd-fc-wpli,gated,cnn,True,finetune,segssl_barlow_all-patient_psd-fc-wpli_finetune_seed13_pre20_proj32_mask0_03_noise0_02_mlp1_0_sup100,True,barlow,psd,all-patient,True,13,1.0,0.1,32,0.03,0.02
multimodal_psd-fc-wpli_gated_cnn,1,sub05,sub01;sub08;sub09;sub10;sub11;sub13;sub14;sub15;sub16;sub17;sub18;sub20;sub22;sub24;sub27;sub28;sub29,sub07,79,0.001408126438036561,0.001044092932716012,0.002,1e-05,1.0,1.0,True,False,multimodal,psd-fc-wpli,gated,cnn,True,finetune,segssl_barlow_all-patient_psd-fc-wpli_finetune_seed13_pre20_proj32_mask0_03_noise0_02_mlp1_0_sup100,True,barlow,psd,all-patient,True,13,1.0,0.1,32,0.03,0.02
multimodal_psd-fc-wpli_gated_cnn,1,sub05,sub01;sub08;sub09;sub10;sub11;sub13;sub14;sub15;sub16;sub17;sub18;sub20;sub22;sub24;sub27;sub28;sub29,sub07,80,0.001298631657846272,0.000914989854209125,0.002,1e-05,1.0,1.0,True,False,multimodal,psd-fc-wpli,gated,cnn,True,finetune,segssl_barlow_all-patient_psd-fc-wpli_finetune_seed13_pre20_proj32_mask0_03_noise0_02_mlp1_0_sup100,True,barlow,psd,all-patient,True,13,1.0,0.1,32,0.03,0.02
multimodal_psd-fc-wpli_gated_cnn,1,sub05,sub01;sub08;sub09;sub10;sub11;sub13;sub14;sub15;sub16;sub17;sub18;sub20;sub22;sub24;sub27;sub28;sub29,sub07,81,0.0012003297451883554,0.0008071846677921712,0.002,1e-05,1.0,1.0,True,False,multimodal,psd-fc-wpli,gated,cnn,True,finetune,segssl_barlow_all-patient_psd-fc-wpli_finetune_seed13_pre20_proj32_mask0_03_noise0_02_mlp1_0_sup100,True,barlow,psd,all-patient,True,13,1.0,0.1,32,0.03,0.02
multimodal_psd-fc-wpli_gated_cnn,1,sub05,sub01;sub08;sub09;sub10;sub11;sub13;sub14;sub15;sub16;sub17;sub18;sub20;sub22;sub24;sub27;sub28;sub29,sub07,82,0.0011116029927507043,0.0007166013238020241,0.002,1e-05,1.0,1.0,True,False,multimodal,psd-fc-wpli,gated,cnn,True,finetune,segssl_barlow_all-patient_psd-fc-wpli_finetune_seed13_pre20_proj32_mask0_03_noise0_02_mlp1_0_sup100,True,barlow,psd,all-patient,True,13,1.0,0.1,32,0.03,0.02
multimodal_psd-fc-wpli_gated_cnn,1,sub05,sub01;sub08;sub09;sub10;sub11;sub13;sub14;sub15;sub16;sub17;sub18;sub20;sub22;sub24;sub27;sub28;sub29,sub07,83,0.0010314630344510078,0.0006399434059858322,0.002,1e-05,1.0,1.0,True,False,multimodal,psd-fc-wpli,gated,cnn,True,finetune,segssl_barlow_all-patient_psd-fc-wpli_finetune_seed13_pre20_proj32_mask0_03_noise0_02_mlp1_0_sup100,True,barlow,psd,all-patient,True,13,1.0,0.1,32,0.03,0.02
multimodal_psd-fc-wpli_gated_cnn,1,sub05,sub01;sub08;sub09;sub10;sub11;sub13;sub14;sub15;sub16;sub17;sub18;sub20;sub22;sub24;sub27;sub28;sub29,sub07,84,0.0009589295950718224,0.0005747932591475546,0.002,1e-05,1.0,1.0,True,False,multimodal,psd-fc-wpli,gated,cnn,True,finetune,segssl_barlow_all-patient_psd-fc-wpli_finetune_seed13_pre20_proj32_mask0_03_noise0_02_mlp1_0_sup100,True,barlow,psd,all-patient,True,13,1.0,0.1,32,0.03,0.02
multimodal_psd-fc-wpli_gated_cnn,1,sub05,sub01;sub08;sub09;sub10;sub11;sub13;sub14;sub15;sub16;sub17;sub18;sub20;sub22;sub24;sub27;sub28;sub29,sub07,85,0.0008931519114412367,0.0005183078465051949,0.002,1e-05,1.0,1.0,True,False,multimodal,psd-fc-wpli,gated,cnn,True,finetune,segssl_barlow_all-patient_psd-fc-wpli_finetune_seed13_pre20_proj32_mask0_03_noise0_02_mlp1_0_sup100,True,barlow,psd,all-patient,True,13,1.0,0.1,32,0.03,0.02
multimodal_psd-fc-wpli_gated_cnn,1,sub05,sub01;sub08;sub09;sub10;sub11;sub13;sub14;sub15;sub16;sub17;sub18;sub20;sub22;sub24;sub27;sub28;sub29,sub07,86,0.0008332558209076524,0.00046894760453142226,0.002,1e-05,1.0,1.0,True,False,multimodal,psd-fc-wpli,gated,cnn,True,finetune,segssl_barlow_all-patient_psd-fc-wpli_finetune_seed13_pre20_proj32_mask0_03_noise0_02_mlp1_0_sup100,True,barlow,psd,all-patient,True,13,1.0,0.1,32,0.03,0.02
multimodal_psd-fc-wpli_gated_cnn,1,sub05,sub01;sub08;sub09;sub10;sub11;sub13;sub14;sub15;sub16;sub17;sub18;sub20;sub22;sub24;sub27;sub28;sub29,sub07,87,0.0007786313653923571,0.00042600228334777057,0.002,1e-05,1.0,1.0,True,False,multimodal,psd-fc-wpli,gated,cnn,True,finetune,segssl_barlow_all-patient_psd-fc-wpli_finetune_seed13_pre20_proj32_mask0_03_noise0_02_mlp1_0_sup100,True,barlow,psd,all-patient,True,13,1.0,0.1,32,0.03,0.02
multimodal_psd-fc-wpli_gated_cnn,1,sub05,sub01;sub08;sub09;sub10;sub11;sub13;sub14;sub15;sub16;sub17;sub18;sub20;sub22;sub24;sub27;sub28;sub29,sub07,88,0.0007287496700882912,0.0003885750484187156,0.002,1e-05,1.0,1.0,True,False,multimodal,psd-fc-wpli,gated,cnn,True,finetune,segssl_barlow_all-patient_psd-fc-wpli_finetune_seed13_pre20_proj32_mask0_03_noise0_02_mlp1_0_sup100,True,barlow,psd,all-patient,True,13,1.0,0.1,32,0.03,0.02
multimodal_psd-fc-wpli_gated_cnn,1,sub05,sub01;sub08;sub09;sub10;sub11;sub13;sub14;sub15;sub16;sub17;sub18;sub20;sub22;sub24;sub27;sub28;sub29,sub07,89,0.0006833799416199327,0.00035598958493210375,0.002,1e-05,1.0,1.0,True,False,multimodal,psd-fc-wpli,gated,cnn,True,finetune,segssl_barlow_all-patient_psd-fc-wpli_finetune_seed13_pre20_proj32_mask0_03_noise0_02_mlp1_0_sup100,True,barlow,psd,all-patient,True,13,1.0,0.1,32,0.03,0.02
multimodal_psd-fc-wpli_gated_cnn,1,sub05,sub01;sub08;sub09;sub10;sub11;sub13;sub14;sub15;sub16;sub17;sub18;sub20;sub22;sub24;sub27;sub28;sub29,sub07,90,0.0006419013952836394,0.00032747897785156965,0.002,1e-05,1.0,1.0,True,False,multimodal,psd-fc-wpli,gated,cnn,True,finetune,segssl_barlow_all-patient_psd-fc-wpli_finetune_seed13_pre20_proj32_mask0_03_noise0_02_mlp1_0_sup100,True,barlow,psd,all-patient,True,13,1.0,0.1,32,0.03,0.02
multimodal_psd-fc-wpli_gated_cnn,1,sub05,sub01;sub08;sub09;sub10;sub11;sub13;sub14;sub15;sub16;sub17;sub18;sub20;sub22;sub24;sub27;sub28;sub29,sub07,91,0.0006039823638275266,0.0003023655735887587,0.002,1e-05,1.0,1.0,True,False,multimodal,psd-fc-wpli,gated,cnn,True,finetune,segssl_barlow_all-patient_psd-fc-wpli_finetune_seed13_pre20_proj32_mask0_03_noise0_02_mlp1_0_sup100,True,barlow,psd,all-patient,True,13,1.0,0.1,32,0.03,0.02
multimodal_psd-fc-wpli_gated_cnn,1,sub05,sub01;sub08;sub09;sub10;sub11;sub13;sub14;sub15;sub16;sub17;sub18;sub20;sub22;sub24;sub27;sub28;sub29,sub07,92,0.0005692273261956871,0.0002798304776661098,0.002,1e-05,1.0,1.0,True,False,multimodal,psd-fc-wpli,gated,cnn,True,finetune,segssl_barlow_all-patient_psd-fc-wpli_finetune_seed13_pre20_proj32_mask0_03_noise0_02_mlp1_0_sup100,True,barlow,psd,all-patient,True,13,1.0,0.1,32,0.03,0.02
multimodal_psd-fc-wpli_gated_cnn,1,sub05,sub01;sub08;sub09;sub10;sub11;sub13;sub14;sub15;sub16;sub17;sub18;sub20;sub22;sub24;sub27;sub28;sub29,sub07,93,0.0005373473977670074,0.0002594423131085932,0.002,1e-05,1.0,1.0,True,False,multimodal,psd-fc-wpli,gated,cnn,True,finetune,segssl_barlow_all-patient_psd-fc-wpli_finetune_seed13_pre20_proj32_mask0_03_noise0_02_mlp1_0_sup100,True,barlow,psd,all-patient,True,13,1.0,0.1,32,0.03,0.02
multimodal_psd-fc-wpli_gated_cnn,1,sub05,sub01;sub08;sub09;sub10;sub11;sub13;sub14;sub15;sub16;sub17;sub18;sub20;sub22;sub24;sub27;sub28;sub29,sub07,94,0.0005079842521809042,0.00024098253925330937,0.002,1e-05,1.0,1.0,True,False,multimodal,psd-fc-wpli,gated,cnn,True,finetune,segssl_barlow_all-patient_psd-fc-wpli_finetune_seed13_pre20_proj32_mask0_03_noise0_02_mlp1_0_sup100,True,barlow,psd,all-patient,True,13,1.0,0.1,32,0.03,0.02
multimodal_psd-fc-wpli_gated_cnn,1,sub05,sub01;sub08;sub09;sub10;sub11;sub13;sub14;sub15;sub16;sub17;sub18;sub20;sub22;sub24;sub27;sub28;sub29,sub07,95,0.00048090226482599974,0.00022456060105469078,0.002,1e-05,1.0,1.0,True,False,multimodal,psd-fc-wpli,gated,cnn,True,finetune,segssl_barlow_all-patient_psd-fc-wpli_finetune_seed13_pre20_proj32_mask0_03_noise0_02_mlp1_0_sup100,True,barlow,psd,all-patient,True,13,1.0,0.1,32,0.03,0.02
multimodal_psd-fc-wpli_gated_cnn,1,sub05,sub01;sub08;sub09;sub10;sub11;sub13;sub14;sub15;sub16;sub17;sub18;sub20;sub22;sub24;sub27;sub28;sub29,sub07,96,0.0004560291999951005,0.0002099555713357404,0.002,1e-05,1.0,1.0,True,False,multimodal,psd-fc-wpli,gated,cnn,True,finetune,segssl_barlow_all-patient_psd-fc-wpli_finetune_seed13_pre20_proj32_mask0_03_noise0_02_mlp1_0_sup100,True,barlow,psd,all-patient,True,13,1.0,0.1,32,0.03,0.02
multimodal_psd-fc-wpli_gated_cnn,1,sub05,sub01;sub08;sub09;sub10;sub11;sub13;sub14;sub15;sub16;sub17;sub18;sub20;sub22;sub24;sub27;sub28;sub29,sub07,97,0.0004330152296461165,0.00019687040185090154,0.002,1e-05,1.0,1.0,True,False,multimodal,psd-fc-wpli,gated,cnn,True,finetune,segssl_barlow_all-patient_psd-fc-wpli_finetune_seed13_pre20_proj32_mask0_03_noise0_02_mlp1_0_sup100,True,barlow,psd,all-patient,True,13,1.0,0.1,32,0.03,0.02
multimodal_psd-fc-wpli_gated_cnn,1,sub05,sub01;sub08;sub09;sub10;sub11;sub13;sub14;sub15;sub16;sub17;sub18;sub20;sub22;sub24;sub27;sub28;sub29,sub07,98,0.0004117045027669519,0.0001848160900408402,0.002,1e-05,1.0,1.0,True,False,multimodal,psd-fc-wpli,gated,cnn,True,finetune,segssl_barlow_all-patient_psd-fc-wpli_finetune_seed13_pre20_proj32_mask0_03_noise0_02_mlp1_0_sup100,True,barlow,psd,all-patient,True,13,1.0,0.1,32,0.03,0.02
multimodal_psd-fc-wpli_gated_cnn,1,sub05,sub01;sub08;sub09;sub10;sub11;sub13;sub14;sub15;sub16;sub17;sub18;sub20;sub22;sub24;sub27;sub28;sub29,sub07,99,0.00039194038254208863,0.00017368468979839236,0.002,1e-05,1.0,1.0,True,False,multimodal,psd-fc-wpli,gated,cnn,True,finetune,segssl_barlow_all-patient_psd-fc-wpli_finetune_seed13_pre20_proj32_mask0_03_noise0_02_mlp1_0_sup100,True,barlow,psd,all-patient,True,13,1.0,0.1,32,0.03,0.02
multimodal_psd-fc-wpli_gated_cnn,1,sub05,sub01;sub08;sub09;sub10;sub11;sub13;sub14;sub15;sub16;sub17;sub18;sub20;sub22;sub24;sub27;sub28;sub29,sub07,100,0.0003735290083568543,0.0001635529042687267,0.002,1e-05,1.0,1.0,True,False,multimodal,psd-fc-wpli,gated,cnn,True,finetune,segssl_barlow_all-patient_psd-fc-wpli_finetune_seed13_pre20_proj32_mask0_03_noise0_02_mlp1_0_sup100,True,barlow,psd,all-patient,True,13,1.0,0.1,32,0.03,0.02
multimodal_psd-fc-wpli_gated_cnn,2,sub07,sub01;sub05;sub09;sub10;sub11;sub13;sub14;sub15;sub16;sub17;sub18;sub20;sub22;sub24;sub27;sub28;sub29,sub08,1,0.7069953680038452,0.6234844923019409,0.002,1e-05,1.0,1.0,True,False,multimodal,psd-fc-wpli,gated,cnn,True,finetune,segssl_barlow_all-patient_psd-fc-wpli_finetune_seed13_pre20_proj32_mask0_03_noise0_02_mlp1_0_sup100,True,barlow,psd,all-patient,True,13,1.0,0.1,32,0.03,0.02
multimodal_psd-fc-wpli_gated_cnn,2,sub07,sub01;sub05;sub09;sub10;sub11;sub13;sub14;sub15;sub16;sub17;sub18;sub20;sub22;sub24;sub27;sub28;sub29,sub08,2,0.6989102363586426,0.6277413368225098,0.002,1e-05,1.0,1.0,False,False,multimodal,psd-fc-wpli,gated,cnn,True,finetune,segssl_barlow_all-patient_psd-fc-wpli_finetune_seed13_pre20_proj32_mask0_03_noise0_02_mlp1_0_sup100,True,barlow,psd,all-patient,True,13,1.0,0.1,32,0.03,0.02
multimodal_psd-fc-wpli_gated_cnn,2,sub07,sub01;sub05;sub09;sub10;sub11;sub13;sub14;sub15;sub16;sub17;sub18;sub20;sub22;sub24;sub27;sub28;sub29,sub08,3,0.6924046874046326,0.6351464986801147,0.002,1e-05,1.0,1.0,False,False,multimodal,psd-fc-wpli,gated,cnn,True,finetune,segssl_barlow_all-patient_psd-fc-wpli_finetune_seed13_pre20_proj32_mask0_03_noise0_02_mlp1_0_sup100,True,barlow,psd,all-patient,True,13,1.0,0.1,32,0.03,0.02
multimodal_psd-fc-wpli_gated_cnn,2,sub07,sub01;sub05;sub09;sub10;sub11;sub13;sub14;sub15;sub16;sub17;sub18;sub20;sub22;sub24;sub27;sub28;sub29,sub08,4,0.6859634518623352,0.6439574956893921,0.002,1e-05,1.0,1.0,False,False,multimodal,psd-fc-wpli,gated,cnn,True,finetune,segssl_barlow_all-patient_psd-fc-wpli_finetune_seed13_pre20_proj32_mask0_03_noise0_02_mlp1_0_sup100,True,barlow,psd,all-patient,True,13,1.0,0.1,32,0.03,0.02
multimodal_psd-fc-wpli_gated_cnn,2,sub07,sub01;sub05;sub09;sub10;sub11;sub13;sub14;sub15;sub16;sub17;sub18;sub20;sub22;sub24;sub27;sub28;sub29,sub08,5,0.6792452335357666,0.6536311507225037,0.002,1e-05,1.0,1.0,False,False,multimodal,psd-fc-wpli,gated,cnn,True,finetune,segssl_barlow_all-patient_psd-fc-wpli_finetune_seed13_pre20_proj32_mask0_03_noise0_02_mlp1_0_sup100,True,barlow,psd,all-patient,True,13,1.0,0.1,32,0.03,0.02
multimodal_psd-fc-wpli_gated_cnn,2,sub07,sub01;sub05;sub09;sub10;sub11;sub13;sub14;sub15;sub16;sub17;sub18;sub20;sub22;sub24;sub27;sub28;sub29,sub08,6,0.6722612977027893,0.6643072366714478,0.002,1e-05,1.0,1.0,False,False,multimodal,psd-fc-wpli,gated,cnn,True,finetune,segssl_barlow_all-patient_psd-fc-wpli_finetune_seed13_pre20_proj32_mask0_03_noise0_02_mlp1_0_sup100,True,barlow,psd,all-patient,True,13,1.0,0.1,32,0.03,0.02
multimodal_psd-fc-wpli_gated_cnn,2,sub07,sub01;sub05;sub09;sub10;sub11;sub13;sub14;sub15;sub16;sub17;sub18;sub20;sub22;sub24;sub27;sub28;sub29,sub08,7,0.664448082447052,0.676128089427948,0.002,1e-05,1.0,1.0,False,False,multimodal,psd-fc-wpli,gated,cnn,True,finetune,segssl_barlow_all-patient_psd-fc-wpli_finetune_seed13_pre20_proj32_mask0_03_noise0_02_mlp1_0_sup100,True,barlow,psd,all-patient,True,13,1.0,0.1,32,0.03,0.02
multimodal_psd-fc-wpli_gated_cnn,2,sub07,sub01;sub05;sub09;sub10;sub11;sub13;sub14;sub15;sub16;sub17;sub18;sub20;sub22;sub24;sub27;sub28;sub29,sub08,8,0.6557758450508118,0.6905747652053833,0.002,1e-05,1.0,1.0,False,False,multimodal,psd-fc-wpli,gated,cnn,True,finetune,segssl_barlow_all-patient_psd-fc-wpli_finetune_seed13_pre20_proj32_mask0_03_noise0_02_mlp1_0_sup100,True,barlow,psd,all-patient,True,13,1.0,0.1,32,0.03,0.02
multimodal_psd-fc-wpli_gated_cnn,2,sub07,sub01;sub05;sub09;sub10;sub11;sub13;sub14;sub15;sub16;sub17;sub18;sub20;sub22;sub24;sub27;sub28;sub29,sub08,9,0.6461940407752991,0.7081328630447388,0.002,1e-05,1.0,1.0,False,False,multimodal,psd-fc-wpli,gated,cnn,True,finetune,segssl_barlow_all-patient_psd-fc-wpli_finetune_seed13_pre20_proj32_mask0_03_noise0_02_mlp1_0_sup100,True,barlow,psd,all-patient,True,13,1.0,0.1,32,0.03,0.02
multimodal_psd-fc-wpli_gated_cnn,2,sub07,sub01;sub05;sub09;sub10;sub11;sub13;sub14;sub15;sub16;sub17;sub18;sub20;sub22;sub24;sub27;sub28;sub29,sub08,10,0.6355869174003601,0.731935441493988,0.002,1e-05,1.0,1.0,False,False,multimodal,psd-fc-wpli,gated,cnn,True,finetune,segssl_barlow_all-patient_psd-fc-wpli_finetune_seed13_pre20_proj32_mask0_03_noise0_02_mlp1_0_sup100,True,barlow,psd,all-patient,True,13,1.0,0.1,32,0.03,0.02
multimodal_psd-fc-wpli_gated_cnn,2,sub07,sub01;sub05;sub09;sub10;sub11;sub13;sub14;sub15;sub16;sub17;sub18;sub20;sub22;sub24;sub27;sub28;sub29,sub08,11,0.6242181062698364,0.7619959115982056,0.002,1e-05,1.0,1.0,False,False,multimodal,psd-fc-wpli,gated,cnn,True,finetune,segssl_barlow_all-patient_psd-fc-wpli_finetune_seed13_pre20_proj32_mask0_03_noise0_02_mlp1_0_sup100,True,barlow,psd,all-patient,True,13,1.0,0.1,32,0.03,0.02
multimodal_psd-fc-wpli_gated_cnn,2,sub07,sub01;sub05;sub09;sub10;sub11;sub13;sub14;sub15;sub16;sub17;sub18;sub20;sub22;sub24;sub27;sub28;sub29,sub08,12,0.6116193532943726,0.7980887293815613,0.002,1e-05,1.0,1.0,False,False,multimodal,psd-fc-wpli,gated,cnn,True,finetune,segssl_barlow_all-patient_psd-fc-wpli_finetune_seed13_pre20_proj32_mask0_03_noise0_02_mlp1_0_sup100,True,barlow,psd,all-patient,True,13,1.0,0.1,32,0.03,0.02
multimodal_psd-fc-wpli_gated_cnn,2,sub07,sub01;sub05;sub09;sub10;sub11;sub13;sub14;sub15;sub16;sub17;sub18;sub20;sub22;sub24;sub27;sub28;sub29,sub08,13,0.5979331135749817,0.8370359539985657,0.002,1e-05,1.0,1.0,False,False,multimodal,psd-fc-wpli,gated,cnn,True,finetune,segssl_barlow_all-patient_psd-fc-wpli_finetune_seed13_pre20_proj32_mask0_03_noise0_02_mlp1_0_sup100,True,barlow,psd,all-patient,True,13,1.0,0.1,32,0.03,0.02
multimodal_psd-fc-wpli_gated_cnn,2,sub07,sub01;sub05;sub09;sub10;sub11;sub13;sub14;sub15;sub16;sub17;sub18;sub20;sub22;sub24;sub27;sub28;sub29,sub08,14,0.5832715630531311,0.8794137835502625,0.002,1e-05,1.0,1.0,False,False,multimodal,psd-fc-wpli,gated,cnn,True,finetune,segssl_barlow_all-patient_psd-fc-wpli_finetune_seed13_pre20_proj32_mask0_03_noise0_02_mlp1_0_sup100,True,barlow,psd,all-patient,True,13,1.0,0.1,32,0.03,0.02
multimodal_psd-fc-wpli_gated_cnn,2,sub07,sub01;sub05;sub09;sub10;sub11;sub13;sub14;sub15;sub16;sub17;sub18;sub20;sub22;sub24;sub27;sub28;sub29,sub08,15,0.5678840279579163,0.9252849221229553,0.002,1e-05,1.0,1.0,False,False,multimodal,psd-fc-wpli,gated,cnn,True,finetune,segssl_barlow_all-patient_psd-fc-wpli_finetune_seed13_pre20_proj32_mask0_03_noise0_02_mlp1_0_sup100,True,barlow,psd,all-patient,True,13,1.0,0.1,32,0.03,0.02
multimodal_psd-fc-wpli_gated_cnn,2,sub07,sub01;sub05;sub09;sub10;sub11;sub13;sub14;sub15;sub16;sub17;sub18;sub20;sub22;sub24;sub27;sub28;sub29,sub08,16,0.551672637462616,0.9743884205818176,0.002,1e-05,1.0,1.0,False,False,multimodal,psd-fc-wpli,gated,cnn,True,finetune,segssl_barlow_all-patient_psd-fc-wpli_finetune_seed13_pre20_proj32_mask0_03_noise0_02_mlp1_0_sup100,True,barlow,psd,all-patient,True,13,1.0,0.1,32,0.03,0.02
multimodal_psd-fc-wpli_gated_cnn,2,sub07,sub01;sub05;sub09;sub10;sub11;sub13;sub14;sub15;sub16;sub17;sub18;sub20;sub22;sub24;sub27;sub28;sub29,sub08,17,0.5345692038536072,1.0239341259002686,0.002,1e-05,1.0,1.0,False,False,multimodal,psd-fc-wpli,gated,cnn,True,finetune,segssl_barlow_all-patient_psd-fc-wpli_finetune_seed13_pre20_proj32_mask0_03_noise0_02_mlp1_0_sup100,True,barlow,psd,all-patient,True,13,1.0,0.1,32,0.03,0.02
multimodal_psd-fc-wpli_gated_cnn,2,sub07,sub01;sub05;sub09;sub10;sub11;sub13;sub14;sub15;sub16;sub17;sub18;sub20;sub22;sub24;sub27;sub28;sub29,sub08,18,0.5164355635643005,1.0756317377090454,0.002,1e-05,1.0,1.0,False,False,multimodal,psd-fc-wpli,gated,cnn,True,finetune,segssl_barlow_all-patient_psd-fc-wpli_finetune_seed13_pre20_proj32_mask0_03_noise0_02_mlp1_0_sup100,True,barlow,psd,all-patient,True,13,1.0,0.1,32,0.03,0.02
multimodal_psd-fc-wpli_gated_cnn,2,sub07,sub01;sub05;sub09;sub10;sub11;sub13;sub14;sub15;sub16;sub17;sub18;sub20;sub22;sub24;sub27;sub28;sub29,sub08,19,0.4971412122249603,1.1243412494659424,0.002,1e-05,1.0,1.0,False,False,multimodal,psd-fc-wpli,gated,cnn,True,finetune,segssl_barlow_all-patient_psd-fc-wpli_finetune_seed13_pre20_proj32_mask0_03_noise0_02_mlp1_0_sup100,True,barlow,psd,all-patient,True,13,1.0,0.1,32,0.03,0.02
multimodal_psd-fc-wpli_gated_cnn,2,sub07,sub01;sub05;sub09;sub10;sub11;sub13;sub14;sub15;sub16;sub17;sub18;sub20;sub22;sub24;sub27;sub28;sub29,sub08,20,0.4768412113189697,1.168075442314148,0.002,1e-05,1.0,1.0,False,False,multimodal,psd-fc-wpli,gated,cnn,True,finetune,segssl_barlow_all-patient_psd-fc-wpli_finetune_seed13_pre20_proj32_mask0_03_noise0_02_mlp1_0_sup100,True,barlow,psd,all-patient,True,13,1.0,0.1,32,0.03,0.02
multimodal_psd-fc-wpli_gated_cnn,2,sub07,sub01;sub05;sub09;sub10;sub11;sub13;sub14;sub15;sub16;sub17;sub18;sub20;sub22;sub24;sub27;sub28;sub29,sub08,21,0.45554032921791077,1.1936862468719482,0.002,1e-05,1.0,1.0,False,False,multimodal,psd-fc-wpli,gated,cnn,True,finetune,segssl_barlow_all-patient_psd-fc-wpli_finetune_seed13_pre20_proj32_mask0_03_noise0_02_mlp1_0_sup100,True,barlow,psd,all-patient,True,13,1.0,0.1,32,0.03,0.02
multimodal_psd-fc-wpli_gated_cnn,2,sub07,sub01;sub05;sub09;sub10;sub11;sub13;sub14;sub15;sub16;sub17;sub18;sub20;sub22;sub24;sub27;sub28;sub29,sub08,22,0.4332163333892822,1.1950273513793945,0.002,1e-05,1.0,1.0,False,False,multimodal,psd-fc-wpli,gated,cnn,True,finetune,segssl_barlow_all-patient_psd-fc-wpli_finetune_seed13_pre20_proj32_mask0_03_noise0_02_mlp1_0_sup100,True,barlow,psd,all-patient,True,13,1.0,0.1,32,0.03,0.02
multimodal_psd-fc-wpli_gated_cnn,2,sub07,sub01;sub05;sub09;sub10;sub11;sub13;sub14;sub15;sub16;sub17;sub18;sub20;sub22;sub24;sub27;sub28;sub29,sub08,23,0.4099935293197632,1.163641333580017,0.002,1e-05,1.0,1.0,False,False,multimodal,psd-fc-wpli,gated,cnn,True,finetune,segssl_barlow_all-patient_psd-fc-wpli_finetune_seed13_pre20_proj32_mask0_03_noise0_02_mlp1_0_sup100,True,barlow,psd,all-patient,True,13,1.0,0.1,32,0.03,0.02
multimodal_psd-fc-wpli_gated_cnn,2,sub07,sub01;sub05;sub09;sub10;sub11;sub13;sub14;sub15;sub16;sub17;sub18;sub20;sub22;sub24;sub27;sub28;sub29,sub08,24,0.38563430309295654,1.1117459535598755,0.002,1e-05,1.0,1.0,False,False,multimodal,psd-fc-wpli,gated,cnn,True,finetune,segssl_barlow_all-patient_psd-fc-wpli_finetune_seed13_pre20_proj32_mask0_03_noise0_02_mlp1_0_sup100,True,barlow,psd,all-patient,True,13,1.0,0.1,32,0.03,0.02
multimodal_psd-fc-wpli_gated_cnn,2,sub07,sub01;sub05;sub09;sub10;sub11;sub13;sub14;sub15;sub16;sub17;sub18;sub20;sub22;sub24;sub27;sub28;sub29,sub08,25,0.3604383170604706,1.0518981218338013,0.002,1e-05,1.0,1.0,False,False,multimodal,psd-fc-wpli,gated,cnn,True,finetune,segssl_barlow_all-patient_psd-fc-wpli_finetune_seed13_pre20_proj32_mask0_03_noise0_02_mlp1_0_sup100,True,barlow,psd,all-patient,True,13,1.0,0.1,32,0.03,0.02
multimodal_psd-fc-wpli_gated_cnn,2,sub07,sub01;sub05;sub09;sub10;sub11;sub13;sub14;sub15;sub16;sub17;sub18;sub20;sub22;sub24;sub27;sub28;sub29,sub08,26,0.33480098843574524,0.9923404455184937,0.002,1e-05,1.0,1.0,False,False,multimodal,psd-fc-wpli,gated,cnn,True,finetune,segssl_barlow_all-patient_psd-fc-wpli_finetune_seed13_pre20_proj32_mask0_03_noise0_02_mlp1_0_sup100,True,barlow,psd,all-patient,True,13,1.0,0.1,32,0.03,0.02
multimodal_psd-fc-wpli_gated_cnn,2,sub07,sub01;sub05;sub09;sub10;sub11;sub13;sub14;sub15;sub16;sub17;sub18;sub20;sub22;sub24;sub27;sub28;sub29,sub08,27,0.309382826089859,0.9456726908683777,0.002,1e-05,1.0,1.0,False,False,multimodal,psd-fc-wpli,gated,cnn,True,finetune,segssl_barlow_all-patient_psd-fc-wpli_finetune_seed13_pre20_proj32_mask0_03_noise0_02_mlp1_0_sup100,True,barlow,psd,all-patient,True,13,1.0,0.1,32,0.03,0.02
multimodal_psd-fc-wpli_gated_cnn,2,sub07,sub01;sub05;sub09;sub10;sub11;sub13;sub14;sub15;sub16;sub17;sub18;sub20;sub22;sub24;sub27;sub28;sub29,sub08,28,0.2841993272304535,0.9277030229568481,0.002,1e-05,1.0,1.0,False,False,multimodal,psd-fc-wpli,gated,cnn,True,finetune,segssl_barlow_all-patient_psd-fc-wpli_finetune_seed13_pre20_proj32_mask0_03_noise0_02_mlp1_0_sup100,True,barlow,psd,all-patient,True,13,1.0,0.1,32,0.03,0.02
multimodal_psd-fc-wpli_gated_cnn,2,sub07,sub01;sub05;sub09;sub10;sub11;sub13;sub14;sub15;sub16;sub17;sub18;sub20;sub22;sub24;sub27;sub28;sub29,sub08,29,0.2593079209327698,0.930719792842865,0.002,1e-05,1.0,1.0,False,False,multimodal,psd-fc-wpli,gated,cnn,True,finetune,segssl_barlow_all-patient_psd-fc-wpli_finetune_seed13_pre20_proj32_mask0_03_noise0_02_mlp1_0_sup100,True,barlow,psd,all-patient,True,13,1.0,0.1,32,0.03,0.02
multimodal_psd-fc-wpli_gated_cnn,2,sub07,sub01;sub05;sub09;sub10;sub11;sub13;sub14;sub15;sub16;sub17;sub18;sub20;sub22;sub24;sub27;sub28;sub29,sub08,30,0.23569872975349426,0.944191575050354,0.002,1e-05,1.0,1.0,False,False,multimodal,psd-fc-wpli,gated,cnn,True,finetune,segssl_barlow_all-patient_psd-fc-wpli_finetune_seed13_pre20_proj32_mask0_03_noise0_02_mlp1_0_sup100,True,barlow,psd,all-patient,True,13,1.0,0.1,32,0.03,0.02
multimodal_psd-fc-wpli_gated_cnn,2,sub07,sub01;sub05;sub09;sub10;sub11;sub13;sub14;sub15;sub16;sub17;sub18;sub20;sub22;sub24;sub27;sub28;sub29,sub08,31,0.21312977373600006,0.9578976631164551,0.002,1e-05,1.0,1.0,False,False,multimodal,psd-fc-wpli,gated,cnn,True,finetune,segssl_barlow_all-patient_psd-fc-wpli_finetune_seed13_pre20_proj32_mask0_03_noise0_02_mlp1_0_sup100,True,barlow,psd,all-patient,True,13,1.0,0.1,32,0.03,0.02
multimodal_psd-fc-wpli_gated_cnn,2,sub07,sub01;sub05;sub09;sub10;sub11;sub13;sub14;sub15;sub16;sub17;sub18;sub20;sub22;sub24;sub27;sub28;sub29,sub08,32,0.1917644441127777,0.9505934715270996,0.002,1e-05,1.0,1.0,False,False,multimodal,psd-fc-wpli,gated,cnn,True,finetune,segssl_barlow_all-patient_psd-fc-wpli_finetune_seed13_pre20_proj32_mask0_03_noise0_02_mlp1_0_sup100,True,barlow,psd,all-patient,True,13,1.0,0.1,32,0.03,0.02
multimodal_psd-fc-wpli_gated_cnn,2,sub07,sub01;sub05;sub09;sub10;sub11;sub13;sub14;sub15;sub16;sub17;sub18;sub20;sub22;sub24;sub27;sub28;sub29,sub08,33,0.17158551514148712,0.9252992272377014,0.002,1e-05,1.0,1.0,False,False,multimodal,psd-fc-wpli,gated,cnn,True,finetune,segssl_barlow_all-patient_psd-fc-wpli_finetune_seed13_pre20_proj32_mask0_03_noise0_02_mlp1_0_sup100,True,barlow,psd,all-patient,True,13,1.0,0.1,32,0.03,0.02
multimodal_psd-fc-wpli_gated_cnn,2,sub07,sub01;sub05;sub09;sub10;sub11;sub13;sub14;sub15;sub16;sub17;sub18;sub20;sub22;sub24;sub27;sub28;sub29,sub08,34,0.15274523198604584,0.9056950211524963,0.002,1e-05,1.0,1.0,False,False,multimodal,psd-fc-wpli,gated,cnn,True,finetune,segssl_barlow_all-patient_psd-fc-wpli_finetune_seed13_pre20_proj32_mask0_03_noise0_02_mlp1_0_sup100,True,barlow,psd,all-patient,True,13,1.0,0.1,32,0.03,0.02
multimodal_psd-fc-wpli_gated_cnn,2,sub07,sub01;sub05;sub09;sub10;sub11;sub13;sub14;sub15;sub16;sub17;sub18;sub20;sub22;sub24;sub27;sub28;sub29,sub08,35,0.13546186685562134,0.8884111046791077,0.002,1e-05,1.0,1.0,False,False,multimodal,psd-fc-wpli,gated,cnn,True,finetune,segssl_barlow_all-patient_psd-fc-wpli_finetune_seed13_pre20_proj32_mask0_03_noise0_02_mlp1_0_sup100,True,barlow,psd,all-patient,True,13,1.0,0.1,32,0.03,0.02
multimodal_psd-fc-wpli_gated_cnn,2,sub07,sub01;sub05;sub09;sub10;sub11;sub13;sub14;sub15;sub16;sub17;sub18;sub20;sub22;sub24;sub27;sub28;sub29,sub08,36,0.11962442100048065,0.8727185726165771,0.002,1e-05,1.0,1.0,False,False,multimodal,psd-fc-wpli,gated,cnn,True,finetune,segssl_barlow_all-patient_psd-fc-wpli_finetune_seed13_pre20_proj32_mask0_03_noise0_02_mlp1_0_sup100,True,barlow,psd,all-patient,True,13,1.0,0.1,32,0.03,0.02
multimodal_psd-fc-wpli_gated_cnn,2,sub07,sub01;sub05;sub09;sub10;sub11;sub13;sub14;sub15;sub16;sub17;sub18;sub20;sub22;sub24;sub27;sub28;sub29,sub08,37,0.10513043403625488,0.8614121675491333,0.002,1e-05,1.0,1.0,False,False,multimodal,psd-fc-wpli,gated,cnn,True,finetune,segssl_barlow_all-patient_psd-fc-wpli_finetune_seed13_pre20_proj32_mask0_03_noise0_02_mlp1_0_sup100,True,barlow,psd,all-patient,True,13,1.0,0.1,32,0.03,0.02
multimodal_psd-fc-wpli_gated_cnn,2,sub07,sub01;sub05;sub09;sub10;sub11;sub13;sub14;sub15;sub16;sub17;sub18;sub20;sub22;sub24;sub27;sub28;sub29,sub08,38,0.0918646901845932,0.8509464263916016,0.002,1e-05,1.0,1.0,False,False,multimodal,psd-fc-wpli,gated,cnn,True,finetune,segssl_barlow_all-patient_psd-fc-wpli_finetune_seed13_pre20_proj32_mask0_03_noise0_02_mlp1_0_sup100,True,barlow,psd,all-patient,True,13,1.0,0.1,32,0.03,0.02
multimodal_psd-fc-wpli_gated_cnn,2,sub07,sub01;sub05;sub09;sub10;sub11;sub13;sub14;sub15;sub16;sub17;sub18;sub20;sub22;sub24;sub27;sub28;sub29,sub08,39,0.07994413375854492,0.8378304243087769,0.002,1e-05,1.0,1.0,False,False,multimodal,psd-fc-wpli,gated,cnn,True,finetune,segssl_barlow_all-patient_psd-fc-wpli_finetune_seed13_pre20_proj32_mask0_03_noise0_02_mlp1_0_sup100,True,barlow,psd,all-patient,True,13,1.0,0.1,32,0.03,0.02
multimodal_psd-fc-wpli_gated_cnn,2,sub07,sub01;sub05;sub09;sub10;sub11;sub13;sub14;sub15;sub16;sub17;sub18;sub20;sub22;sub24;sub27;sub28;sub29,sub08,40,0.06914611905813217,0.8208591938018799,0.002,1e-05,1.0,1.0,False,False,multimodal,psd-fc-wpli,gated,cnn,True,finetune,segssl_barlow_all-patient_psd-fc-wpli_finetune_seed13_pre20_proj32_mask0_03_noise0_02_mlp1_0_sup100,True,barlow,psd,all-patient,True,13,1.0,0.1,32,0.03,0.02
multimodal_psd-fc-wpli_gated_cnn,2,sub07,sub01;sub05;sub09;sub10;sub11;sub13;sub14;sub15;sub16;sub17;sub18;sub20;sub22;sub24;sub27;sub28;sub29,sub08,41,0.0594157949090004,0.794045090675354,0.002,1e-05,1.0,1.0,False,False,multimodal,psd-fc-wpli,gated,cnn,True,finetune,segssl_barlow_all-patient_psd-fc-wpli_finetune_seed13_pre20_proj32_mask0_03_noise0_02_mlp1_0_sup100,True,barlow,psd,all-patient,True,13,1.0,0.1,32,0.03,0.02
multimodal_psd-fc-wpli_gated_cnn,2,sub07,sub01;sub05;sub09;sub10;sub11;sub13;sub14;sub15;sub16;sub17;sub18;sub20;sub22;sub24;sub27;sub28;sub29,sub08,42,0.05080854147672653,0.7481451630592346,0.002,1e-05,1.0,1.0,False,False,multimodal,psd-fc-wpli,gated,cnn,True,finetune,segssl_barlow_all-patient_psd-fc-wpli_finetune_seed13_pre20_proj32_mask0_03_noise0_02_mlp1_0_sup100,True,barlow,psd,all-patient,True,13,1.0,0.1,32,0.03,0.02
multimodal_psd-fc-wpli_gated_cnn,2,sub07,sub01;sub05;sub09;sub10;sub11;sub13;sub14;sub15;sub16;sub17;sub18;sub20;sub22;sub24;sub27;sub28;sub29,sub08,43,0.04327255114912987,0.6850526332855225,0.002,1e-05,1.0,1.0,False,False,multimodal,psd-fc-wpli,gated,cnn,True,finetune,segssl_barlow_all-patient_psd-fc-wpli_finetune_seed13_pre20_proj32_mask0_03_noise0_02_mlp1_0_sup100,True,barlow,psd,all-patient,True,13,1.0,0.1,32,0.03,0.02
multimodal_psd-fc-wpli_gated_cnn,2,sub07,sub01;sub05;sub09;sub10;sub11;sub13;sub14;sub15;sub16;sub17;sub18;sub20;sub22;sub24;sub27;sub28;sub29,sub08,44,0.036707330495119095,0.6121981143951416,0.002,1e-05,1.0,1.0,True,False,multimodal,psd-fc-wpli,gated,cnn,True,finetune,segssl_barlow_all-patient_psd-fc-wpli_finetune_seed13_pre20_proj32_mask0_03_noise0_02_mlp1_0_sup100,True,barlow,psd,all-patient,True,13,1.0,0.1,32,0.03,0.02
multimodal_psd-fc-wpli_gated_cnn,2,sub07,sub01;sub05;sub09;sub10;sub11;sub13;sub14;sub15;sub16;sub17;sub18;sub20;sub22;sub24;sub27;sub28;sub29,sub08,45,0.031033502891659737,0.536625862121582,0.002,1e-05,1.0,1.0,True,False,multimodal,psd-fc-wpli,gated,cnn,True,finetune,segssl_barlow_all-patient_psd-fc-wpli_finetune_seed13_pre20_proj32_mask0_03_noise0_02_mlp1_0_sup100,True,barlow,psd,all-patient,True,13,1.0,0.1,32,0.03,0.02
multimodal_psd-fc-wpli_gated_cnn,2,sub07,sub01;sub05;sub09;sub10;sub11;sub13;sub14;sub15;sub16;sub17;sub18;sub20;sub22;sub24;sub27;sub28;sub29,sub08,46,0.02616964466869831,0.4685753881931305,0.002,1e-05,1.0,1.0,True,False,multimodal,psd-fc-wpli,gated,cnn,True,finetune,segssl_barlow_all-patient_psd-fc-wpli_finetune_seed13_pre20_proj32_mask0_03_noise0_02_mlp1_0_sup100,True,barlow,psd,all-patient,True,13,1.0,0.1,32,0.03,0.02
multimodal_psd-fc-wpli_gated_cnn,2,sub07,sub01;sub05;sub09;sub10;sub11;sub13;sub14;sub15;sub16;sub17;sub18;sub20;sub22;sub24;sub27;sub28;sub29,sub08,47,0.02203547954559326,0.4151577055454254,0.002,1e-05,1.0,1.0,True,False,multimodal,psd-fc-wpli,gated,cnn,True,finetune,segssl_barlow_all-patient_psd-fc-wpli_finetune_seed13_pre20_proj32_mask0_03_noise0_02_mlp1_0_sup100,True,barlow,psd,all-patient,True,13,1.0,0.1,32,0.03,0.02
multimodal_psd-fc-wpli_gated_cnn,2,sub07,sub01;sub05;sub09;sub10;sub11;sub13;sub14;sub15;sub16;sub17;sub18;sub20;sub22;sub24;sub27;sub28;sub29,sub08,48,0.0185480285435915,0.37666234374046326,0.002,1e-05,1.0,1.0,True,False,multimodal,psd-fc-wpli,gated,cnn,True,finetune,segssl_barlow_all-patient_psd-fc-wpli_finetune_seed13_pre20_proj32_mask0_03_noise0_02_mlp1_0_sup100,True,barlow,psd,all-patient,True,13,1.0,0.1,32,0.03,0.02
multimodal_psd-fc-wpli_gated_cnn,2,sub07,sub01;sub05;sub09;sub10;sub11;sub13;sub14;sub15;sub16;sub17;sub18;sub20;sub22;sub24;sub27;sub28;sub29,sub08,49,0.015600625425577164,0.355400949716568,0.002,1e-05,1.0,1.0,True,False,multimodal,psd-fc-wpli,gated,cnn,True,finetune,segssl_barlow_all-patient_psd-fc-wpli_finetune_seed13_pre20_proj32_mask0_03_noise0_02_mlp1_0_sup100,True,barlow,psd,all-patient,True,13,1.0,0.1,32,0.03,0.02
multimodal_psd-fc-wpli_gated_cnn,2,sub07,sub01;sub05;sub09;sub10;sub11;sub13;sub14;sub15;sub16;sub17;sub18;sub20;sub22;sub24;sub27;sub28;sub29,sub08,50,0.013126492500305176,0.3509916663169861,0.002,1e-05,1.0,1.0,True,False,multimodal,psd-fc-wpli,gated,cnn,True,finetune,segssl_barlow_all-patient_psd-fc-wpli_finetune_seed13_pre20_proj32_mask0_03_noise0_02_mlp1_0_sup100,True,barlow,psd,all-patient,True,13,1.0,0.1,32,0.03,0.02
multimodal_psd-fc-wpli_gated_cnn,2,sub07,sub01;sub05;sub09;sub10;sub11;sub13;sub14;sub15;sub16;sub17;sub18;sub20;sub22;sub24;sub27;sub28;sub29,sub08,51,0.011056925170123577,0.35845062136650085,0.002,1e-05,1.0,1.0,False,False,multimodal,psd-fc-wpli,gated,cnn,True,finetune,segssl_barlow_all-patient_psd-fc-wpli_finetune_seed13_pre20_proj32_mask0_03_noise0_02_mlp1_0_sup100,True,barlow,psd,all-patient,True,13,1.0,0.1,32,0.03,0.02
multimodal_psd-fc-wpli_gated_cnn,2,sub07,sub01;sub05;sub09;sub10;sub11;sub13;sub14;sub15;sub16;sub17;sub18;sub20;sub22;sub24;sub27;sub28;sub29,sub08,52,0.009338556788861752,0.3744785189628601,0.002,1e-05,1.0,1.0,False,False,multimodal,psd-fc-wpli,gated,cnn,True,finetune,segssl_barlow_all-patient_psd-fc-wpli_finetune_seed13_pre20_proj32_mask0_03_noise0_02_mlp1_0_sup100,True,barlow,psd,all-patient,True,13,1.0,0.1,32,0.03,0.02
multimodal_psd-fc-wpli_gated_cnn,2,sub07,sub01;sub05;sub09;sub10;sub11;sub13;sub14;sub15;sub16;sub17;sub18;sub20;sub22;sub24;sub27;sub28;sub29,sub08,53,0.00791962444782257,0.3959875702857971,0.002,1e-05,1.0,1.0,False,False,multimodal,psd-fc-wpli,gated,cnn,True,finetune,segssl_barlow_all-patient_psd-fc-wpli_finetune_seed13_pre20_proj32_mask0_03_noise0_02_mlp1_0_sup100,True,barlow,psd,all-patient,True,13,1.0,0.1,32,0.03,0.02
multimodal_psd-fc-wpli_gated_cnn,2,sub07,sub01;sub05;sub09;sub10;sub11;sub13;sub14;sub15;sub16;sub17;sub18;sub20;sub22;sub24;sub27;sub28;sub29,sub08,54,0.006754624657332897,0.4199773073196411,0.002,1e-05,1.0,1.0,False,False,multimodal,psd-fc-wpli,gated,cnn,True,finetune,segssl_barlow_all-patient_psd-fc-wpli_finetune_seed13_pre20_proj32_mask0_03_noise0_02_mlp1_0_sup100,True,barlow,psd,all-patient,True,13,1.0,0.1,32,0.03,0.02
multimodal_psd-fc-wpli_gated_cnn,2,sub07,sub01;sub05;sub09;sub10;sub11;sub13;sub14;sub15;sub16;sub17;sub18;sub20;sub22;sub24;sub27;sub28;sub29,sub08,55,0.0057993424125015736,0.4442196488380432,0.002,1e-05,1.0,1.0,False,False,multimodal,psd-fc-wpli,gated,cnn,True,finetune,segssl_barlow_all-patient_psd-fc-wpli_finetune_seed13_pre20_proj32_mask0_03_noise0_02_mlp1_0_sup100,True,barlow,psd,all-patient,True,13,1.0,0.1,32,0.03,0.02
multimodal_psd-fc-wpli_gated_cnn,2,sub07,sub01;sub05;sub09;sub10;sub11;sub13;sub14;sub15;sub16;sub17;sub18;sub20;sub22;sub24;sub27;sub28;sub29,sub08,56,0.005014963448047638,0.46679848432540894,0.002,1e-05,1.0,1.0,False,False,multimodal,psd-fc-wpli,gated,cnn,True,finetune,segssl_barlow_all-patient_psd-fc-wpli_finetune_seed13_pre20_proj32_mask0_03_noise0_02_mlp1_0_sup100,True,barlow,psd,all-patient,True,13,1.0,0.1,32,0.03,0.02
multimodal_psd-fc-wpli_gated_cnn,2,sub07,sub01;sub05;sub09;sub10;sub11;sub13;sub14;sub15;sub16;sub17;sub18;sub20;sub22;sub24;sub27;sub28;sub29,sub08,57,0.0043700686655938625,0.486716628074646,0.002,1e-05,1.0,1.0,False,False,multimodal,psd-fc-wpli,gated,cnn,True,finetune,segssl_barlow_all-patient_psd-fc-wpli_finetune_seed13_pre20_proj32_mask0_03_noise0_02_mlp1_0_sup100,True,barlow,psd,all-patient,True,13,1.0,0.1,32,0.03,0.02
multimodal_psd-fc-wpli_gated_cnn,2,sub07,sub01;sub05;sub09;sub10;sub11;sub13;sub14;sub15;sub16;sub17;sub18;sub20;sub22;sub24;sub27;sub28;sub29,sub08,58,0.0038345246575772762,0.5033048391342163,0.002,1e-05,1.0,1.0,False,False,multimodal,psd-fc-wpli,gated,cnn,True,finetune,segssl_barlow_all-patient_psd-fc-wpli_finetune_seed13_pre20_proj32_mask0_03_noise0_02_mlp1_0_sup100,True,barlow,psd,all-patient,True,13,1.0,0.1,32,0.03,0.02
multimodal_psd-fc-wpli_gated_cnn,2,sub07,sub01;sub05;sub09;sub10;sub11;sub13;sub14;sub15;sub16;sub17;sub18;sub20;sub22;sub24;sub27;sub28;sub29,sub08,59,0.003384660230949521,0.5154797434806824,0.002,1e-05,1.0,1.0,False,False,multimodal,psd-fc-wpli,gated,cnn,True,finetune,segssl_barlow_all-patient_psd-fc-wpli_finetune_seed13_pre20_proj32_mask0_03_noise0_02_mlp1_0_sup100,True,barlow,psd,all-patient,True,13,1.0,0.1,32,0.03,0.02
multimodal_psd-fc-wpli_gated_cnn,2,sub07,sub01;sub05;sub09;sub10;sub11;sub13;sub14;sub15;sub16;sub17;sub18;sub20;sub22;sub24;sub27;sub28;sub29,sub08,60,0.003004704602062702,0.522784948348999,0.002,1e-05,1.0,1.0,False,False,multimodal,psd-fc-wpli,gated,cnn,True,finetune,segssl_barlow_all-patient_psd-fc-wpli_finetune_seed13_pre20_proj32_mask0_03_noise0_02_mlp1_0_sup100,True,barlow,psd,all-patient,True,13,1.0,0.1,32,0.03,0.02
multimodal_psd-fc-wpli_gated_cnn,2,sub07,sub01;sub05;sub09;sub10;sub11;sub13;sub14;sub15;sub16;sub17;sub18;sub20;sub22;sub24;sub27;sub28;sub29,sub08,61,0.0026815817691385746,0.5249046683311462,0.002,1e-05,1.0,1.0,False,False,multimodal,psd-fc-wpli,gated,cnn,True,finetune,segssl_barlow_all-patient_psd-fc-wpli_finetune_seed13_pre20_proj32_mask0_03_noise0_02_mlp1_0_sup100,True,barlow,psd,all-patient,True,13,1.0,0.1,32,0.03,0.02
multimodal_psd-fc-wpli_gated_cnn,2,sub07,sub01;sub05;sub09;sub10;sub11;sub13;sub14;sub15;sub16;sub17;sub18;sub20;sub22;sub24;sub27;sub28;sub29,sub08,62,0.0024062125012278557,0.5220699310302734,0.002,1e-05,1.0,1.0,False,False,multimodal,psd-fc-wpli,gated,cnn,True,finetune,segssl_barlow_all-patient_psd-fc-wpli_finetune_seed13_pre20_proj32_mask0_03_noise0_02_mlp1_0_sup100,True,barlow,psd,all-patient,True,13,1.0,0.1,32,0.03,0.02
multimodal_psd-fc-wpli_gated_cnn,2,sub07,sub01;sub05;sub09;sub10;sub11;sub13;sub14;sub15;sub16;sub17;sub18;sub20;sub22;sub24;sub27;sub28;sub29,sub08,63,0.0021710959263145924,0.514549195766449,0.002,1e-05,1.0,1.0,False,False,multimodal,psd-fc-wpli,gated,cnn,True,finetune,segssl_barlow_all-patient_psd-fc-wpli_finetune_seed13_pre20_proj32_mask0_03_noise0_02_mlp1_0_sup100,True,barlow,psd,all-patient,True,13,1.0,0.1,32,0.03,0.02
multimodal_psd-fc-wpli_gated_cnn,2,sub07,sub01;sub05;sub09;sub10;sub11;sub13;sub14;sub15;sub16;sub17;sub18;sub20;sub22;sub24;sub27;sub28;sub29,sub08,64,0.0019694576039910316,0.5031840205192566,0.002,1e-05,1.0,1.0,False,False,multimodal,psd-fc-wpli,gated,cnn,True,finetune,segssl_barlow_all-patient_psd-fc-wpli_finetune_seed13_pre20_proj32_mask0_03_noise0_02_mlp1_0_sup100,True,barlow,psd,all-patient,True,13,1.0,0.1,32,0.03,0.02
multimodal_psd-fc-wpli_gated_cnn,2,sub07,sub01;sub05;sub09;sub10;sub11;sub13;sub14;sub15;sub16;sub17;sub18;sub20;sub22;sub24;sub27;sub28;sub29,sub08,65,0.0017961312551051378,0.4885149598121643,0.002,1e-05,1.0,1.0,False,False,multimodal,psd-fc-wpli,gated,cnn,True,finetune,segssl_barlow_all-patient_psd-fc-wpli_finetune_seed13_pre20_proj32_mask0_03_noise0_02_mlp1_0_sup100,True,barlow,psd,all-patient,True,13,1.0,0.1,32,0.03,0.02
multimodal_psd-fc-wpli_gated_cnn,2,sub07,sub01;sub05;sub09;sub10;sub11;sub13;sub14;sub15;sub16;sub17;sub18;sub20;sub22;sub24;sub27;sub28;sub29,sub08,66,0.0016462921630591154,0.47129732370376587,0.002,1e-05,1.0,1.0,False,False,multimodal,psd-fc-wpli,gated,cnn,True,finetune,segssl_barlow_all-patient_psd-fc-wpli_finetune_seed13_pre20_proj32_mask0_03_noise0_02_mlp1_0_sup100,True,barlow,psd,all-patient,True,13,1.0,0.1,32,0.03,0.02
multimodal_psd-fc-wpli_gated_cnn,2,sub07,sub01;sub05;sub09;sub10;sub11;sub13;sub14;sub15;sub16;sub17;sub18;sub20;sub22;sub24;sub27;sub28;sub29,sub08,67,0.0015160489128902555,0.45232492685317993,0.002,1e-05,1.0,1.0,False,False,multimodal,psd-fc-wpli,gated,cnn,True,finetune,segssl_barlow_all-patient_psd-fc-wpli_finetune_seed13_pre20_proj32_mask0_03_noise0_02_mlp1_0_sup100,True,barlow,psd,all-patient,True,13,1.0,0.1,32,0.03,0.02
multimodal_psd-fc-wpli_gated_cnn,2,sub07,sub01;sub05;sub09;sub10;sub11;sub13;sub14;sub15;sub16;sub17;sub18;sub20;sub22;sub24;sub27;sub28;sub29,sub08,68,0.0014027317520231009,0.43242618441581726,0.002,1e-05,1.0,1.0,False,False,multimodal,psd-fc-wpli,gated,cnn,True,finetune,segssl_barlow_all-patient_psd-fc-wpli_finetune_seed13_pre20_proj32_mask0_03_noise0_02_mlp1_0_sup100,True,barlow,psd,all-patient,True,13,1.0,0.1,32,0.03,0.02
multimodal_psd-fc-wpli_gated_cnn,2,sub07,sub01;sub05;sub09;sub10;sub11;sub13;sub14;sub15;sub16;sub17;sub18;sub20;sub22;sub24;sub27;sub28;sub29,sub08,69,0.001303680706769228,0.41226980090141296,0.002,1e-05,1.0,1.0,False,False,multimodal,psd-fc-wpli,gated,cnn,True,finetune,segssl_barlow_all-patient_psd-fc-wpli_finetune_seed13_pre20_proj32_mask0_03_noise0_02_mlp1_0_sup100,True,barlow,psd,all-patient,True,13,1.0,0.1,32,0.03,0.02
multimodal_psd-fc-wpli_gated_cnn,2,sub07,sub01;sub05;sub09;sub10;sub11;sub13;sub14;sub15;sub16;sub17;sub18;sub20;sub22;sub24;sub27;sub28;sub29,sub08,70,0.0012166982050985098,0.3924245834350586,0.002,1e-05,1.0,1.0,False,False,multimodal,psd-fc-wpli,gated,cnn,True,finetune,segssl_barlow_all-patient_psd-fc-wpli_finetune_seed13_pre20_proj32_mask0_03_noise0_02_mlp1_0_sup100,True,barlow,psd,all-patient,True,13,1.0,0.1,32,0.03,0.02
multimodal_psd-fc-wpli_gated_cnn,2,sub07,sub01;sub05;sub09;sub10;sub11;sub13;sub14;sub15;sub16;sub17;sub18;sub20;sub22;sub24;sub27;sub28;sub29,sub08,71,0.001140198321081698,0.3733966052532196,0.002,1e-05,1.0,1.0,False,False,multimodal,psd-fc-wpli,gated,cnn,True,finetune,segssl_barlow_all-patient_psd-fc-wpli_finetune_seed13_pre20_proj32_mask0_03_noise0_02_mlp1_0_sup100,True,barlow,psd,all-patient,True,13,1.0,0.1,32,0.03,0.02
multimodal_psd-fc-wpli_gated_cnn,2,sub07,sub01;sub05;sub09;sub10;sub11;sub13;sub14;sub15;sub16;sub17;sub18;sub20;sub22;sub24;sub27;sub28;sub29,sub08,72,0.0010726818582043052,0.35559922456741333,0.002,1e-05,1.0,1.0,False,False,multimodal,psd-fc-wpli,gated,cnn,True,finetune,segssl_barlow_all-patient_psd-fc-wpli_finetune_seed13_pre20_proj32_mask0_03_noise0_02_mlp1_0_sup100,True,barlow,psd,all-patient,True,13,1.0,0.1,32,0.03,0.02
multimodal_psd-fc-wpli_gated_cnn,2,sub07,sub01;sub05;sub09;sub10;sub11;sub13;sub14;sub15;sub16;sub17;sub18;sub20;sub22;sub24;sub27;sub28;sub29,sub08,73,0.00101285835262388,0.33928942680358887,0.002,1e-05,1.0,1.0,True,False,multimodal,psd-fc-wpli,gated,cnn,True,finetune,segssl_barlow_all-patient_psd-fc-wpli_finetune_seed13_pre20_proj32_mask0_03_noise0_02_mlp1_0_sup100,True,barlow,psd,all-patient,True,13,1.0,0.1,32,0.03,0.02
multimodal_psd-fc-wpli_gated_cnn,2,sub07,sub01;sub05;sub09;sub10;sub11;sub13;sub14;sub15;sub16;sub17;sub18;sub20;sub22;sub24;sub27;sub28;sub29,sub08,74,0.0009596354211680591,0.3244892358779907,0.002,1e-05,1.0,1.0,True,False,multimodal,psd-fc-wpli,gated,cnn,True,finetune,segssl_barlow_all-patient_psd-fc-wpli_finetune_seed13_pre20_proj32_mask0_03_noise0_02_mlp1_0_sup100,True,barlow,psd,all-patient,True,13,1.0,0.1,32,0.03,0.02
multimodal_psd-fc-wpli_gated_cnn,2,sub07,sub01;sub05;sub09;sub10;sub11;sub13;sub14;sub15;sub16;sub17;sub18;sub20;sub22;sub24;sub27;sub28;sub29,sub08,75,0.0009121448383666575,0.31123116612434387,0.002,1e-05,1.0,1.0,True,False,multimodal,psd-fc-wpli,gated,cnn,True,finetune,segssl_barlow_all-patient_psd-fc-wpli_finetune_seed13_pre20_proj32_mask0_03_noise0_02_mlp1_0_sup100,True,barlow,psd,all-patient,True,13,1.0,0.1,32,0.03,0.02
multimodal_psd-fc-wpli_gated_cnn,2,sub07,sub01;sub05;sub09;sub10;sub11;sub13;sub14;sub15;sub16;sub17;sub18;sub20;sub22;sub24;sub27;sub28;sub29,sub08,76,0.0008695943979546428,0.2994680404663086,0.002,1e-05,1.0,1.0,True,False,multimodal,psd-fc-wpli,gated,cnn,True,finetune,segssl_barlow_all-patient_psd-fc-wpli_finetune_seed13_pre20_proj32_mask0_03_noise0_02_mlp1_0_sup100,True,barlow,psd,all-patient,True,13,1.0,0.1,32,0.03,0.02
multimodal_psd-fc-wpli_gated_cnn,2,sub07,sub01;sub05;sub09;sub10;sub11;sub13;sub14;sub15;sub16;sub17;sub18;sub20;sub22;sub24;sub27;sub28;sub29,sub08,77,0.000831388751976192,0.28903892636299133,0.002,1e-05,1.0,1.0,True,False,multimodal,psd-fc-wpli,gated,cnn,True,finetune,segssl_barlow_all-patient_psd-fc-wpli_finetune_seed13_pre20_proj32_mask0_03_noise0_02_mlp1_0_sup100,True,barlow,psd,all-patient,True,13,1.0,0.1,32,0.03,0.02
multimodal_psd-fc-wpli_gated_cnn,2,sub07,sub01;sub05;sub09;sub10;sub11;sub13;sub14;sub15;sub16;sub17;sub18;sub20;sub22;sub24;sub27;sub28;sub29,sub08,78,0.0007969351136125624,0.27987655997276306,0.002,1e-05,1.0,1.0,True,False,multimodal,psd-fc-wpli,gated,cnn,True,finetune,segssl_barlow_all-patient_psd-fc-wpli_finetune_seed13_pre20_proj32_mask0_03_noise0_02_mlp1_0_sup100,True,barlow,psd,all-patient,True,13,1.0,0.1,32,0.03,0.02
multimodal_psd-fc-wpli_gated_cnn,2,sub07,sub01;sub05;sub09;sub10;sub11;sub13;sub14;sub15;sub16;sub17;sub18;sub20;sub22;sub24;sub27;sub28;sub29,sub08,79,0.0007657730020582676,0.27193158864974976,0.002,1e-05,1.0,1.0,True,False,multimodal,psd-fc-wpli,gated,cnn,True,finetune,segssl_barlow_all-patient_psd-fc-wpli_finetune_seed13_pre20_proj32_mask0_03_noise0_02_mlp1_0_sup100,True,barlow,psd,all-patient,True,13,1.0,0.1,32,0.03,0.02
multimodal_psd-fc-wpli_gated_cnn,2,sub07,sub01;sub05;sub09;sub10;sub11;sub13;sub14;sub15;sub16;sub17;sub18;sub20;sub22;sub24;sub27;sub28;sub29,sub08,80,0.0007375077693723142,0.26513758301734924,0.002,1e-05,1.0,1.0,True,False,multimodal,psd-fc-wpli,gated,cnn,True,finetune,segssl_barlow_all-patient_psd-fc-wpli_finetune_seed13_pre20_proj32_mask0_03_noise0_02_mlp1_0_sup100,True,barlow,psd,all-patient,True,13,1.0,0.1,32,0.03,0.02
multimodal_psd-fc-wpli_gated_cnn,2,sub07,sub01;sub05;sub09;sub10;sub11;sub13;sub14;sub15;sub16;sub17;sub18;sub20;sub22;sub24;sub27;sub28;sub29,sub08,81,0.0007117269560694695,0.2594224810600281,0.002,1e-05,1.0,1.0,True,False,multimodal,psd-fc-wpli,gated,cnn,True,finetune,segssl_barlow_all-patient_psd-fc-wpli_finetune_seed13_pre20_proj32_mask0_03_noise0_02_mlp1_0_sup100,True,barlow,psd,all-patient,True,13,1.0,0.1,32,0.03,0.02
multimodal_psd-fc-wpli_gated_cnn,2,sub07,sub01;sub05;sub09;sub10;sub11;sub13;sub14;sub15;sub16;sub17;sub18;sub20;sub22;sub24;sub27;sub28;sub29,sub08,82,0.0006881436565890908,0.2546916902065277,0.002,1e-05,1.0,1.0,True,False,multimodal,psd-fc-wpli,gated,cnn,True,finetune,segssl_barlow_all-patient_psd-fc-wpli_finetune_seed13_pre20_proj32_mask0_03_noise0_02_mlp1_0_sup100,True,barlow,psd,all-patient,True,13,1.0,0.1,32,0.03,0.02
multimodal_psd-fc-wpli_gated_cnn,2,sub07,sub01;sub05;sub09;sub10;sub11;sub13;sub14;sub15;sub16;sub17;sub18;sub20;sub22;sub24;sub27;sub28;sub29,sub08,83,0.0006664464017376304,0.25085175037384033,0.002,1e-05,1.0,1.0,True,False,multimodal,psd-fc-wpli,gated,cnn,True,finetune,segssl_barlow_all-patient_psd-fc-wpli_finetune_seed13_pre20_proj32_mask0_03_noise0_02_mlp1_0_sup100,True,barlow,psd,all-patient,True,13,1.0,0.1,32,0.03,0.02
multimodal_psd-fc-wpli_gated_cnn,2,sub07,sub01;sub05;sub09;sub10;sub11;sub13;sub14;sub15;sub16;sub17;sub18;sub20;sub22;sub24;sub27;sub28;sub29,sub08,84,0.0006464247708208859,0.2478196620941162,0.002,1e-05,1.0,1.0,True,False,multimodal,psd-fc-wpli,gated,cnn,True,finetune,segssl_barlow_all-patient_psd-fc-wpli_finetune_seed13_pre20_proj32_mask0_03_noise0_02_mlp1_0_sup100,True,barlow,psd,all-patient,True,13,1.0,0.1,32,0.03,0.02
multimodal_psd-fc-wpli_gated_cnn,2,sub07,sub01;sub05;sub09;sub10;sub11;sub13;sub14;sub15;sub16;sub17;sub18;sub20;sub22;sub24;sub27;sub28;sub29,sub08,85,0.0006279225344769657,0.24550306797027588,0.002,1e-05,1.0,1.0,True,False,multimodal,psd-fc-wpli,gated,cnn,True,finetune,segssl_barlow_all-patient_psd-fc-wpli_finetune_seed13_pre20_proj32_mask0_03_noise0_02_mlp1_0_sup100,True,barlow,psd,all-patient,True,13,1.0,0.1,32,0.03,0.02
multimodal_psd-fc-wpli_gated_cnn,2,sub07,sub01;sub05;sub09;sub10;sub11;sub13;sub14;sub15;sub16;sub17;sub18;sub20;sub22;sub24;sub27;sub28;sub29,sub08,86,0.0006107483641244471,0.24380891025066376,0.002,1e-05,1.0,1.0,True,False,multimodal,psd-fc-wpli,gated,cnn,True,finetune,segssl_barlow_all-patient_psd-fc-wpli_finetune_seed13_pre20_proj32_mask0_03_noise0_02_mlp1_0_sup100,True,barlow,psd,all-patient,True,13,1.0,0.1,32,0.03,0.02
multimodal_psd-fc-wpli_gated_cnn,2,sub07,sub01;sub05;sub09;sub10;sub11;sub13;sub14;sub15;sub16;sub17;sub18;sub20;sub22;sub24;sub27;sub28;sub29,sub08,87,0.000594800803810358,0.2426460087299347,0.002,1e-05,1.0,1.0,True,False,multimodal,psd-fc-wpli,gated,cnn,True,finetune,segssl_barlow_all-patient_psd-fc-wpli_finetune_seed13_pre20_proj32_mask0_03_noise0_02_mlp1_0_sup100,True,barlow,psd,all-patient,True,13,1.0,0.1,32,0.03,0.02
multimodal_psd-fc-wpli_gated_cnn,2,sub07,sub01;sub05;sub09;sub10;sub11;sub13;sub14;sub15;sub16;sub17;sub18;sub20;sub22;sub24;sub27;sub28;sub29,sub08,88,0.0005799824721179903,0.24190880358219147,0.002,1e-05,1.0,1.0,True,False,multimodal,psd-fc-wpli,gated,cnn,True,finetune,segssl_barlow_all-patient_psd-fc-wpli_finetune_seed13_pre20_proj32_mask0_03_noise0_02_mlp1_0_sup100,True,barlow,psd,all-patient,True,13,1.0,0.1,32,0.03,0.02
multimodal_psd-fc-wpli_gated_cnn,2,sub07,sub01;sub05;sub09;sub10;sub11;sub13;sub14;sub15;sub16;sub17;sub18;sub20;sub22;sub24;sub27;sub28;sub29,sub08,89,0.0005661213072016835,0.24151301383972168,0.002,1e-05,1.0,1.0,True,False,multimodal,psd-fc-wpli,gated,cnn,True,finetune,segssl_barlow_all-patient_psd-fc-wpli_finetune_seed13_pre20_proj32_mask0_03_noise0_02_mlp1_0_sup100,True,barlow,psd,all-patient,True,13,1.0,0.1,32,0.03,0.02
multimodal_psd-fc-wpli_gated_cnn,2,sub07,sub01;sub05;sub09;sub10;sub11;sub13;sub14;sub15;sub16;sub17;sub18;sub20;sub22;sub24;sub27;sub28;sub29,sub08,90,0.000553181569557637,0.24138586223125458,0.002,1e-05,1.0,1.0,True,False,multimodal,psd-fc-wpli,gated,cnn,True,finetune,segssl_barlow_all-patient_psd-fc-wpli_finetune_seed13_pre20_proj32_mask0_03_noise0_02_mlp1_0_sup100,True,barlow,psd,all-patient,True,13,1.0,0.1,32,0.03,0.02
multimodal_psd-fc-wpli_gated_cnn,2,sub07,sub01;sub05;sub09;sub10;sub11;sub13;sub14;sub15;sub16;sub17;sub18;sub20;sub22;sub24;sub27;sub28;sub29,sub08,91,0.0005410338053479791,0.2414533942937851,0.002,1e-05,1.0,1.0,False,False,multimodal,psd-fc-wpli,gated,cnn,True,finetune,segssl_barlow_all-patient_psd-fc-wpli_finetune_seed13_pre20_proj32_mask0_03_noise0_02_mlp1_0_sup100,True,barlow,psd,all-patient,True,13,1.0,0.1,32,0.03,0.02
multimodal_psd-fc-wpli_gated_cnn,2,sub07,sub01;sub05;sub09;sub10;sub11;sub13;sub14;sub15;sub16;sub17;sub18;sub20;sub22;sub24;sub27;sub28;sub29,sub08,92,0.0005296230665408075,0.2416677325963974,0.002,1e-05,1.0,1.0,False,False,multimodal,psd-fc-wpli,gated,cnn,True,finetune,segssl_barlow_all-patient_psd-fc-wpli_finetune_seed13_pre20_proj32_mask0_03_noise0_02_mlp1_0_sup100,True,barlow,psd,all-patient,True,13,1.0,0.1,32,0.03,0.02
multimodal_psd-fc-wpli_gated_cnn,2,sub07,sub01;sub05;sub09;sub10;sub11;sub13;sub14;sub15;sub16;sub17;sub18;sub20;sub22;sub24;sub27;sub28;sub29,sub08,93,0.000518840563017875,0.24199558794498444,0.002,1e-05,1.0,1.0,False,False,multimodal,psd-fc-wpli,gated,cnn,True,finetune,segssl_barlow_all-patient_psd-fc-wpli_finetune_seed13_pre20_proj32_mask0_03_noise0_02_mlp1_0_sup100,True,barlow,psd,all-patient,True,13,1.0,0.1,32,0.03,0.02
multimodal_psd-fc-wpli_gated_cnn,2,sub07,sub01;sub05;sub09;sub10;sub11;sub13;sub14;sub15;sub16;sub17;sub18;sub20;sub22;sub24;sub27;sub28;sub29,sub08,94,0.0005087202880531549,0.24243272840976715,0.002,1e-05,1.0,1.0,False,False,multimodal,psd-fc-wpli,gated,cnn,True,finetune,segssl_barlow_all-patient_psd-fc-wpli_finetune_seed13_pre20_proj32_mask0_03_noise0_02_mlp1_0_sup100,True,barlow,psd,all-patient,True,13,1.0,0.1,32,0.03,0.02
multimodal_psd-fc-wpli_gated_cnn,2,sub07,sub01;sub05;sub09;sub10;sub11;sub13;sub14;sub15;sub16;sub17;sub18;sub20;sub22;sub24;sub27;sub28;sub29,sub08,95,0.000499185174703598,0.24294790625572205,0.002,1e-05,1.0,1.0,False,False,multimodal,psd-fc-wpli,gated,cnn,True,finetune,segssl_barlow_all-patient_psd-fc-wpli_finetune_seed13_pre20_proj32_mask0_03_noise0_02_mlp1_0_sup100,True,barlow,psd,all-patient,True,13,1.0,0.1,32,0.03,0.02
multimodal_psd-fc-wpli_gated_cnn,2,sub07,sub01;sub05;sub09;sub10;sub11;sub13;sub14;sub15;sub16;sub17;sub18;sub20;sub22;sub24;sub27;sub28;sub29,sub08,96,0.0004901711363345385,0.24353361129760742,0.002,1e-05,1.0,1.0,False,False,multimodal,psd-fc-wpli,gated,cnn,True,finetune,segssl_barlow_all-patient_psd-fc-wpli_finetune_seed13_pre20_proj32_mask0_03_noise0_02_mlp1_0_sup100,True,barlow,psd,all-patient,True,13,1.0,0.1,32,0.03,0.02
multimodal_psd-fc-wpli_gated_cnn,2,sub07,sub01;sub05;sub09;sub10;sub11;sub13;sub14;sub15;sub16;sub17;sub18;sub20;sub22;sub24;sub27;sub28;sub29,sub08,97,0.0004815968859475106,0.24421122670173645,0.002,1e-05,1.0,1.0,False,False,multimodal,psd-fc-wpli,gated,cnn,True,finetune,segssl_barlow_all-patient_psd-fc-wpli_finetune_seed13_pre20_proj32_mask0_03_noise0_02_mlp1_0_sup100,True,barlow,psd,all-patient,True,13,1.0,0.1,32,0.03,0.02
multimodal_psd-fc-wpli_gated_cnn,2,sub07,sub01;sub05;sub09;sub10;sub11;sub13;sub14;sub15;sub16;sub17;sub18;sub20;sub22;sub24;sub27;sub28;sub29,sub08,98,0.00047344117774628103,0.24495479464530945,0.002,1e-05,1.0,1.0,False,False,multimodal,psd-fc-wpli,gated,cnn,True,finetune,segssl_barlow_all-patient_psd-fc-wpli_finetune_seed13_pre20_proj32_mask0_03_noise0_02_mlp1_0_sup100,True,barlow,psd,all-patient,True,13,1.0,0.1,32,0.03,0.02
multimodal_psd-fc-wpli_gated_cnn,2,sub07,sub01;sub05;sub09;sub10;sub11;sub13;sub14;sub15;sub16;sub17;sub18;sub20;sub22;sub24;sub27;sub28;sub29,sub08,99,0.0004656929522752762,0.24571365118026733,0.002,1e-05,1.0,1.0,False,False,multimodal,psd-fc-wpli,gated,cnn,True,finetune,segssl_barlow_all-patient_psd-fc-wpli_finetune_seed13_pre20_proj32_mask0_03_noise0_02_mlp1_0_sup100,True,barlow,psd,all-patient,True,13,1.0,0.1,32,0.03,0.02
multimodal_psd-fc-wpli_gated_cnn,2,sub07,sub01;sub05;sub09;sub10;sub11;sub13;sub14;sub15;sub16;sub17;sub18;sub20;sub22;sub24;sub27;sub28;sub29,sub08,100,0.0004582985711749643,0.24648402631282806,0.002,1e-05,1.0,1.0,False,False,multimodal,psd-fc-wpli,gated,cnn,True,finetune,segssl_barlow_all-patient_psd-fc-wpli_finetune_seed13_pre20_proj32_mask0_03_noise0_02_mlp1_0_sup100,True,barlow,psd,all-patient,True,13,1.0,0.1,32,0.03,0.02
multimodal_psd-fc-wpli_gated_cnn,3,sub08,sub01;sub05;sub07;sub10;sub11;sub13;sub14;sub15;sub16;sub17;sub18;sub20;sub22;sub24;sub27;sub28;sub29,sub09,1,0.7066365480422974,0.6225146055221558,0.002,1e-05,1.0,1.0,True,False,multimodal,psd-fc-wpli,gated,cnn,True,finetune,segssl_barlow_all-patient_psd-fc-wpli_finetune_seed13_pre20_proj32_mask0_03_noise0_02_mlp1_0_sup100,True,barlow,psd,all-patient,True,13,1.0,0.1,32,0.03,0.02
multimodal_psd-fc-wpli_gated_cnn,3,sub08,sub01;sub05;sub07;sub10;sub11;sub13;sub14;sub15;sub16;sub17;sub18;sub20;sub22;sub24;sub27;sub28;sub29,sub09,2,0.6962389945983887,0.6280606985092163,0.002,1e-05,1.0,1.0,False,False,multimodal,psd-fc-wpli,gated,cnn,True,finetune,segssl_barlow_all-patient_psd-fc-wpli_finetune_seed13_pre20_proj32_mask0_03_noise0_02_mlp1_0_sup100,True,barlow,psd,all-patient,True,13,1.0,0.1,32,0.03,0.02
multimodal_psd-fc-wpli_gated_cnn,3,sub08,sub01;sub05;sub07;sub10;sub11;sub13;sub14;sub15;sub16;sub17;sub18;sub20;sub22;sub24;sub27;sub28;sub29,sub09,3,0.6855086088180542,0.6345967054367065,0.002,1e-05,1.0,1.0,False,False,multimodal,psd-fc-wpli,gated,cnn,True,finetune,segssl_barlow_all-patient_psd-fc-wpli_finetune_seed13_pre20_proj32_mask0_03_noise0_02_mlp1_0_sup100,True,barlow,psd,all-patient,True,13,1.0,0.1,32,0.03,0.02
multimodal_psd-fc-wpli_gated_cnn,3,sub08,sub01;sub05;sub07;sub10;sub11;sub13;sub14;sub15;sub16;sub17;sub18;sub20;sub22;sub24;sub27;sub28;sub29,sub09,4,0.6736308932304382,0.6440012454986572,0.002,1e-05,1.0,1.0,False,False,multimodal,psd-fc-wpli,gated,cnn,True,finetune,segssl_barlow_all-patient_psd-fc-wpli_finetune_seed13_pre20_proj32_mask0_03_noise0_02_mlp1_0_sup100,True,barlow,psd,all-patient,True,13,1.0,0.1,32,0.03,0.02
multimodal_psd-fc-wpli_gated_cnn,3,sub08,sub01;sub05;sub07;sub10;sub11;sub13;sub14;sub15;sub16;sub17;sub18;sub20;sub22;sub24;sub27;sub28;sub29,sub09,5,0.6611962914466858,0.6568504571914673,0.002,1e-05,1.0,1.0,False,False,multimodal,psd-fc-wpli,gated,cnn,True,finetune,segssl_barlow_all-patient_psd-fc-wpli_finetune_seed13_pre20_proj32_mask0_03_noise0_02_mlp1_0_sup100,True,barlow,psd,all-patient,True,13,1.0,0.1,32,0.03,0.02
multimodal_psd-fc-wpli_gated_cnn,3,sub08,sub01;sub05;sub07;sub10;sub11;sub13;sub14;sub15;sub16;sub17;sub18;sub20;sub22;sub24;sub27;sub28;sub29,sub09,6,0.6479038596153259,0.6731881499290466,0.002,1e-05,1.0,1.0,False,False,multimodal,psd-fc-wpli,gated,cnn,True,finetune,segssl_barlow_all-patient_psd-fc-wpli_finetune_seed13_pre20_proj32_mask0_03_noise0_02_mlp1_0_sup100,True,barlow,psd,all-patient,True,13,1.0,0.1,32,0.03,0.02
multimodal_psd-fc-wpli_gated_cnn,3,sub08,sub01;sub05;sub07;sub10;sub11;sub13;sub14;sub15;sub16;sub17;sub18;sub20;sub22;sub24;sub27;sub28;sub29,sub09,7,0.633472204208374,0.6955456733703613,0.002,1e-05,1.0,1.0,False,False,multimodal,psd-fc-wpli,gated,cnn,True,finetune,segssl_barlow_all-patient_psd-fc-wpli_finetune_seed13_pre20_proj32_mask0_03_noise0_02_mlp1_0_sup100,True,barlow,psd,all-patient,True,13,1.0,0.1,32,0.03,0.02
multimodal_psd-fc-wpli_gated_cnn,3,sub08,sub01;sub05;sub07;sub10;sub11;sub13;sub14;sub15;sub16;sub17;sub18;sub20;sub22;sub24;sub27;sub28;sub29,sub09,8,0.6178953647613525,0.7301490902900696,0.002,1e-05,1.0,1.0,False,False,multimodal,psd-fc-wpli,gated,cnn,True,finetune,segssl_barlow_all-patient_psd-fc-wpli_finetune_seed13_pre20_proj32_mask0_03_noise0_02_mlp1_0_sup100,True,barlow,psd,all-patient,True,13,1.0,0.1,32,0.03,0.02
multimodal_psd-fc-wpli_gated_cnn,3,sub08,sub01;sub05;sub07;sub10;sub11;sub13;sub14;sub15;sub16;sub17;sub18;sub20;sub22;sub24;sub27;sub28;sub29,sub09,9,0.6017931699752808,0.7796229720115662,0.002,1e-05,1.0,1.0,False,False,multimodal,psd-fc-wpli,gated,cnn,True,finetune,segssl_barlow_all-patient_psd-fc-wpli_finetune_seed13_pre20_proj32_mask0_03_noise0_02_mlp1_0_sup100,True,barlow,psd,all-patient,True,13,1.0,0.1,32,0.03,0.02
multimodal_psd-fc-wpli_gated_cnn,3,sub08,sub01;sub05;sub07;sub10;sub11;sub13;sub14;sub15;sub16;sub17;sub18;sub20;sub22;sub24;sub27;sub28;sub29,sub09,10,0.5848559141159058,0.847956120967865,0.002,1e-05,1.0,1.0,False,False,multimodal,psd-fc-wpli,gated,cnn,True,finetune,segssl_barlow_all-patient_psd-fc-wpli_finetune_seed13_pre20_proj32_mask0_03_noise0_02_mlp1_0_sup100,True,barlow,psd,all-patient,True,13,1.0,0.1,32,0.03,0.02
multimodal_psd-fc-wpli_gated_cnn,3,sub08,sub01;sub05;sub07;sub10;sub11;sub13;sub14;sub15;sub16;sub17;sub18;sub20;sub22;sub24;sub27;sub28;sub29,sub09,11,0.5669102668762207,0.9427224397659302,0.002,1e-05,1.0,1.0,False,False,multimodal,psd-fc-wpli,gated,cnn,True,finetune,segssl_barlow_all-patient_psd-fc-wpli_finetune_seed13_pre20_proj32_mask0_03_noise0_02_mlp1_0_sup100,True,barlow,psd,all-patient,True,13,1.0,0.1,32,0.03,0.02
multimodal_psd-fc-wpli_gated_cnn,3,sub08,sub01;sub05;sub07;sub10;sub11;sub13;sub14;sub15;sub16;sub17;sub18;sub20;sub22;sub24;sub27;sub28;sub29,sub09,12,0.547772228717804,1.0713939666748047,0.002,1e-05,1.0,1.0,False,False,multimodal,psd-fc-wpli,gated,cnn,True,finetune,segssl_barlow_all-patient_psd-fc-wpli_finetune_seed13_pre20_proj32_mask0_03_noise0_02_mlp1_0_sup100,True,barlow,psd,all-patient,True,13,1.0,0.1,32,0.03,0.02
multimodal_psd-fc-wpli_gated_cnn,3,sub08,sub01;sub05;sub07;sub10;sub11;sub13;sub14;sub15;sub16;sub17;sub18;sub20;sub22;sub24;sub27;sub28;sub29,sub09,13,0.5275249481201172,1.2451728582382202,0.002,1e-05,1.0,1.0,False,False,multimodal,psd-fc-wpli,gated,cnn,True,finetune,segssl_barlow_all-patient_psd-fc-wpli_finetune_seed13_pre20_proj32_mask0_03_noise0_02_mlp1_0_sup100,True,barlow,psd,all-patient,True,13,1.0,0.1,32,0.03,0.02
multimodal_psd-fc-wpli_gated_cnn,3,sub08,sub01;sub05;sub07;sub10;sub11;sub13;sub14;sub15;sub16;sub17;sub18;sub20;sub22;sub24;sub27;sub28;sub29,sub09,14,0.5061367154121399,1.4685137271881104,0.002,1e-05,1.0,1.0,False,False,multimodal,psd-fc-wpli,gated,cnn,True,finetune,segssl_barlow_all-patient_psd-fc-wpli_finetune_seed13_pre20_proj32_mask0_03_noise0_02_mlp1_0_sup100,True,barlow,psd,all-patient,True,13,1.0,0.1,32,0.03,0.02
multimodal_psd-fc-wpli_gated_cnn,3,sub08,sub01;sub05;sub07;sub10;sub11;sub13;sub14;sub15;sub16;sub17;sub18;sub20;sub22;sub24;sub27;sub28;sub29,sub09,15,0.48388391733169556,1.7276959419250488,0.002,1e-05,1.0,1.0,False,False,multimodal,psd-fc-wpli,gated,cnn,True,finetune,segssl_barlow_all-patient_psd-fc-wpli_finetune_seed13_pre20_proj32_mask0_03_noise0_02_mlp1_0_sup100,True,barlow,psd,all-patient,True,13,1.0,0.1,32,0.03,0.02
multimodal_psd-fc-wpli_gated_cnn,3,sub08,sub01;sub05;sub07;sub10;sub11;sub13;sub14;sub15;sub16;sub17;sub18;sub20;sub22;sub24;sub27;sub28;sub29,sub09,16,0.4607139527797699,1.996526837348938,0.002,1e-05,1.0,1.0,False,False,multimodal,psd-fc-wpli,gated,cnn,True,finetune,segssl_barlow_all-patient_psd-fc-wpli_finetune_seed13_pre20_proj32_mask0_03_noise0_02_mlp1_0_sup100,True,barlow,psd,all-patient,True,13,1.0,0.1,32,0.03,0.02
multimodal_psd-fc-wpli_gated_cnn,3,sub08,sub01;sub05;sub07;sub10;sub11;sub13;sub14;sub15;sub16;sub17;sub18;sub20;sub22;sub24;sub27;sub28;sub29,sub09,17,0.4365321397781372,2.248009443283081,0.002,1e-05,1.0,1.0,False,False,multimodal,psd-fc-wpli,gated,cnn,True,finetune,segssl_barlow_all-patient_psd-fc-wpli_finetune_seed13_pre20_proj32_mask0_03_noise0_02_mlp1_0_sup100,True,barlow,psd,all-patient,True,13,1.0,0.1,32,0.03,0.02
multimodal_psd-fc-wpli_gated_cnn,3,sub08,sub01;sub05;sub07;sub10;sub11;sub13;sub14;sub15;sub16;sub17;sub18;sub20;sub22;sub24;sub27;sub28;sub29,sub09,18,0.411541610956192,2.4602012634277344,0.002,1e-05,1.0,1.0,False,False,multimodal,psd-fc-wpli,gated,cnn,True,finetune,segssl_barlow_all-patient_psd-fc-wpli_finetune_seed13_pre20_proj32_mask0_03_noise0_02_mlp1_0_sup100,True,barlow,psd,all-patient,True,13,1.0,0.1,32,0.03,0.02
multimodal_psd-fc-wpli_gated_cnn,3,sub08,sub01;sub05;sub07;sub10;sub11;sub13;sub14;sub15;sub16;sub17;sub18;sub20;sub22;sub24;sub27;sub28;sub29,sub09,19,0.3859311640262604,2.6189301013946533,0.002,1e-05,1.0,1.0,False,False,multimodal,psd-fc-wpli,gated,cnn,True,finetune,segssl_barlow_all-patient_psd-fc-wpli_finetune_seed13_pre20_proj32_mask0_03_noise0_02_mlp1_0_sup100,True,barlow,psd,all-patient,True,13,1.0,0.1,32,0.03,0.02
multimodal_psd-fc-wpli_gated_cnn,3,sub08,sub01;sub05;sub07;sub10;sub11;sub13;sub14;sub15;sub16;sub17;sub18;sub20;sub22;sub24;sub27;sub28;sub29,sub09,20,0.3597762882709503,2.7384684085845947,0.002,1e-05,1.0,1.0,False,False,multimodal,psd-fc-wpli,gated,cnn,True,finetune,segssl_barlow_all-patient_psd-fc-wpli_finetune_seed13_pre20_proj32_mask0_03_noise0_02_mlp1_0_sup100,True,barlow,psd,all-patient,True,13,1.0,0.1,32,0.03,0.02
multimodal_psd-fc-wpli_gated_cnn,3,sub08,sub01;sub05;sub07;sub10;sub11;sub13;sub14;sub15;sub16;sub17;sub18;sub20;sub22;sub24;sub27;sub28;sub29,sub09,21,0.3334101140499115,2.834420919418335,0.002,1e-05,1.0,1.0,False,False,multimodal,psd-fc-wpli,gated,cnn,True,finetune,segssl_barlow_all-patient_psd-fc-wpli_finetune_seed13_pre20_proj32_mask0_03_noise0_02_mlp1_0_sup100,True,barlow,psd,all-patient,True,13,1.0,0.1,32,0.03,0.02
multimodal_psd-fc-wpli_gated_cnn,3,sub08,sub01;sub05;sub07;sub10;sub11;sub13;sub14;sub15;sub16;sub17;sub18;sub20;sub22;sub24;sub27;sub28;sub29,sub09,22,0.30703306198120117,2.9182920455932617,0.002,1e-05,1.0,1.0,False,False,multimodal,psd-fc-wpli,gated,cnn,True,finetune,segssl_barlow_all-patient_psd-fc-wpli_finetune_seed13_pre20_proj32_mask0_03_noise0_02_mlp1_0_sup100,True,barlow,psd,all-patient,True,13,1.0,0.1,32,0.03,0.02
multimodal_psd-fc-wpli_gated_cnn,3,sub08,sub01;sub05;sub07;sub10;sub11;sub13;sub14;sub15;sub16;sub17;sub18;sub20;sub22;sub24;sub27;sub28;sub29,sub09,23,0.28130480647087097,3.0276291370391846,0.002,1e-05,1.0,1.0,False,False,multimodal,psd-fc-wpli,gated,cnn,True,finetune,segssl_barlow_all-patient_psd-fc-wpli_finetune_seed13_pre20_proj32_mask0_03_noise0_02_mlp1_0_sup100,True,barlow,psd,all-patient,True,13,1.0,0.1,32,0.03,0.02
multimodal_psd-fc-wpli_gated_cnn,3,sub08,sub01;sub05;sub07;sub10;sub11;sub13;sub14;sub15;sub16;sub17;sub18;sub20;sub22;sub24;sub27;sub28;sub29,sub09,24,0.2564959228038788,3.1716623306274414,0.002,1e-05,1.0,1.0,False,False,multimodal,psd-fc-wpli,gated,cnn,True,finetune,segssl_barlow_all-patient_psd-fc-wpli_finetune_seed13_pre20_proj32_mask0_03_noise0_02_mlp1_0_sup100,True,barlow,psd,all-patient,True,13,1.0,0.1,32,0.03,0.02
multimodal_psd-fc-wpli_gated_cnn,3,sub08,sub01;sub05;sub07;sub10;sub11;sub13;sub14;sub15;sub16;sub17;sub18;sub20;sub22;sub24;sub27;sub28;sub29,sub09,25,0.2326340526342392,3.352508544921875,0.002,1e-05,1.0,1.0,False,False,multimodal,psd-fc-wpli,gated,cnn,True,finetune,segssl_barlow_all-patient_psd-fc-wpli_finetune_seed13_pre20_proj32_mask0_03_noise0_02_mlp1_0_sup100,True,barlow,psd,all-patient,True,13,1.0,0.1,32,0.03,0.02
multimodal_psd-fc-wpli_gated_cnn,3,sub08,sub01;sub05;sub07;sub10;sub11;sub13;sub14;sub15;sub16;sub17;sub18;sub20;sub22;sub24;sub27;sub28;sub29,sub09,26,0.20973704755306244,3.552109479904175,0.002,1e-05,1.0,1.0,False,False,multimodal,psd-fc-wpli,gated,cnn,True,finetune,segssl_barlow_all-patient_psd-fc-wpli_finetune_seed13_pre20_proj32_mask0_03_noise0_02_mlp1_0_sup100,True,barlow,psd,all-patient,True,13,1.0,0.1,32,0.03,0.02
multimodal_psd-fc-wpli_gated_cnn,3,sub08,sub01;sub05;sub07;sub10;sub11;sub13;sub14;sub15;sub16;sub17;sub18;sub20;sub22;sub24;sub27;sub28;sub29,sub09,27,0.18801364302635193,3.7451515197753906,0.002,1e-05,1.0,1.0,False,False,multimodal,psd-fc-wpli,gated,cnn,True,finetune,segssl_barlow_all-patient_psd-fc-wpli_finetune_seed13_pre20_proj32_mask0_03_noise0_02_mlp1_0_sup100,True,barlow,psd,all-patient,True,13,1.0,0.1,32,0.03,0.02
multimodal_psd-fc-wpli_gated_cnn,3,sub08,sub01;sub05;sub07;sub10;sub11;sub13;sub14;sub15;sub16;sub17;sub18;sub20;sub22;sub24;sub27;sub28;sub29,sub09,28,0.1673130989074707,3.9100797176361084,0.002,1e-05,1.0,1.0,False,False,multimodal,psd-fc-wpli,gated,cnn,True,finetune,segssl_barlow_all-patient_psd-fc-wpli_finetune_seed13_pre20_proj32_mask0_03_noise0_02_mlp1_0_sup100,True,barlow,psd,all-patient,True,13,1.0,0.1,32,0.03,0.02
multimodal_psd-fc-wpli_gated_cnn,3,sub08,sub01;sub05;sub07;sub10;sub11;sub13;sub14;sub15;sub16;sub17;sub18;sub20;sub22;sub24;sub27;sub28;sub29,sub09,29,0.14758911728858948,4.03186559677124,0.002,1e-05,1.0,1.0,False,False,multimodal,psd-fc-wpli,gated,cnn,True,finetune,segssl_barlow_all-patient_psd-fc-wpli_finetune_seed13_pre20_proj32_mask0_03_noise0_02_mlp1_0_sup100,True,barlow,psd,all-patient,True,13,1.0,0.1,32,0.03,0.02
multimodal_psd-fc-wpli_gated_cnn,3,sub08,sub01;sub05;sub07;sub10;sub11;sub13;sub14;sub15;sub16;sub17;sub18;sub20;sub22;sub24;sub27;sub28;sub29,sub09,30,0.12888869643211365,4.111900806427002,0.002,1e-05,1.0,1.0,False,False,multimodal,psd-fc-wpli,gated,cnn,True,finetune,segssl_barlow_all-patient_psd-fc-wpli_finetune_seed13_pre20_proj32_mask0_03_noise0_02_mlp1_0_sup100,True,barlow,psd,all-patient,True,13,1.0,0.1,32,0.03,0.02
multimodal_psd-fc-wpli_gated_cnn,3,sub08,sub01;sub05;sub07;sub10;sub11;sub13;sub14;sub15;sub16;sub17;sub18;sub20;sub22;sub24;sub27;sub28;sub29,sub09,31,0.11151076853275299,4.151721954345703,0.002,1e-05,1.0,1.0,False,False,multimodal,psd-fc-wpli,gated,cnn,True,finetune,segssl_barlow_all-patient_psd-fc-wpli_finetune_seed13_pre20_proj32_mask0_03_noise0_02_mlp1_0_sup100,True,barlow,psd,all-patient,True,13,1.0,0.1,32,0.03,0.02
multimodal_psd-fc-wpli_gated_cnn,3,sub08,sub01;sub05;sub07;sub10;sub11;sub13;sub14;sub15;sub16;sub17;sub18;sub20;sub22;sub24;sub27;sub28;sub29,sub09,32,0.09589309990406036,4.174875736236572,0.002,1e-05,1.0,1.0,False,False,multimodal,psd-fc-wpli,gated,cnn,True,finetune,segssl_barlow_all-patient_psd-fc-wpli_finetune_seed13_pre20_proj32_mask0_03_noise0_02_mlp1_0_sup100,True,barlow,psd,all-patient,True,13,1.0,0.1,32,0.03,0.02
multimodal_psd-fc-wpli_gated_cnn,3,sub08,sub01;sub05;sub07;sub10;sub11;sub13;sub14;sub15;sub16;sub17;sub18;sub20;sub22;sub24;sub27;sub28;sub29,sub09,33,0.08183854073286057,4.200556755065918,0.002,1e-05,1.0,1.0,False,False,multimodal,psd-fc-wpli,gated,cnn,True,finetune,segssl_barlow_all-patient_psd-fc-wpli_finetune_seed13_pre20_proj32_mask0_03_noise0_02_mlp1_0_sup100,True,barlow,psd,all-patient,True,13,1.0,0.1,32,0.03,0.02
multimodal_psd-fc-wpli_gated_cnn,3,sub08,sub01;sub05;sub07;sub10;sub11;sub13;sub14;sub15;sub16;sub17;sub18;sub20;sub22;sub24;sub27;sub28;sub29,sub09,34,0.06937351077795029,4.242071628570557,0.002,1e-05,1.0,1.0,False,False,multimodal,psd-fc-wpli,gated,cnn,True,finetune,segssl_barlow_all-patient_psd-fc-wpli_finetune_seed13_pre20_proj32_mask0_03_noise0_02_mlp1_0_sup100,True,barlow,psd,all-patient,True,13,1.0,0.1,32,0.03,0.02
multimodal_psd-fc-wpli_gated_cnn,3,sub08,sub01;sub05;sub07;sub10;sub11;sub13;sub14;sub15;sub16;sub17;sub18;sub20;sub22;sub24;sub27;sub28;sub29,sub09,35,0.058442484587430954,4.286593914031982,0.002,1e-05,1.0,1.0,False,False,multimodal,psd-fc-wpli,gated,cnn,True,finetune,segssl_barlow_all-patient_psd-fc-wpli_finetune_seed13_pre20_proj32_mask0_03_noise0_02_mlp1_0_sup100,True,barlow,psd,all-patient,True,13,1.0,0.1,32,0.03,0.02
multimodal_psd-fc-wpli_gated_cnn,3,sub08,sub01;sub05;sub07;sub10;sub11;sub13;sub14;sub15;sub16;sub17;sub18;sub20;sub22;sub24;sub27;sub28;sub29,sub09,36,0.04898826405405998,4.338645935058594,0.002,1e-05,1.0,1.0,False,False,multimodal,psd-fc-wpli,gated,cnn,True,finetune,segssl_barlow_all-patient_psd-fc-wpli_finetune_seed13_pre20_proj32_mask0_03_noise0_02_mlp1_0_sup100,True,barlow,psd,all-patient,True,13,1.0,0.1,32,0.03,0.02
multimodal_psd-fc-wpli_gated_cnn,3,sub08,sub01;sub05;sub07;sub10;sub11;sub13;sub14;sub15;sub16;sub17;sub18;sub20;sub22;sub24;sub27;sub28;sub29,sub09,37,0.04087089002132416,4.398436069488525,0.002,1e-05,1.0,1.0,False,False,multimodal,psd-fc-wpli,gated,cnn,True,finetune,segssl_barlow_all-patient_psd-fc-wpli_finetune_seed13_pre20_proj32_mask0_03_noise0_02_mlp1_0_sup100,True,barlow,psd,all-patient,True,13,1.0,0.1,32,0.03,0.02
multimodal_psd-fc-wpli_gated_cnn,3,sub08,sub01;sub05;sub07;sub10;sub11;sub13;sub14;sub15;sub16;sub17;sub18;sub20;sub22;sub24;sub27;sub28;sub29,sub09,38,0.03400139883160591,4.4572625160217285,0.002,1e-05,1.0,1.0,False,False,multimodal,psd-fc-wpli,gated,cnn,True,finetune,segssl_barlow_all-patient_psd-fc-wpli_finetune_seed13_pre20_proj32_mask0_03_noise0_02_mlp1_0_sup100,True,barlow,psd,all-patient,True,13,1.0,0.1,32,0.03,0.02
multimodal_psd-fc-wpli_gated_cnn,3,sub08,sub01;sub05;sub07;sub10;sub11;sub13;sub14;sub15;sub16;sub17;sub18;sub20;sub22;sub24;sub27;sub28;sub29,sub09,39,0.028212571516633034,4.506475925445557,0.002,1e-05,1.0,1.0,False,False,multimodal,psd-fc-wpli,gated,cnn,True,finetune,segssl_barlow_all-patient_psd-fc-wpli_finetune_seed13_pre20_proj32_mask0_03_noise0_02_mlp1_0_sup100,True,barlow,psd,all-patient,True,13,1.0,0.1,32,0.03,0.02
multimodal_psd-fc-wpli_gated_cnn,3,sub08,sub01;sub05;sub07;sub10;sub11;sub13;sub14;sub15;sub16;sub17;sub18;sub20;sub22;sub24;sub27;sub28;sub29,sub09,40,0.023396095260977745,4.5466227531433105,0.002,1e-05,1.0,1.0,False,False,multimodal,psd-fc-wpli,gated,cnn,True,finetune,segssl_barlow_all-patient_psd-fc-wpli_finetune_seed13_pre20_proj32_mask0_03_noise0_02_mlp1_0_sup100,True,barlow,psd,all-patient,True,13,1.0,0.1,32,0.03,0.02
multimodal_psd-fc-wpli_gated_cnn,3,sub08,sub01;sub05;sub07;sub10;sub11;sub13;sub14;sub15;sub16;sub17;sub18;sub20;sub22;sub24;sub27;sub28;sub29,sub09,41,0.019413955509662628,4.571749210357666,0.002,1e-05,1.0,1.0,False,False,multimodal,psd-fc-wpli,gated,cnn,True,finetune,segssl_barlow_all-patient_psd-fc-wpli_finetune_seed13_pre20_proj32_mask0_03_noise0_02_mlp1_0_sup100,True,barlow,psd,all-patient,True,13,1.0,0.1,32,0.03,0.02
multimodal_psd-fc-wpli_gated_cnn,3,sub08,sub01;sub05;sub07;sub10;sub11;sub13;sub14;sub15;sub16;sub17;sub18;sub20;sub22;sub24;sub27;sub28;sub29,sub09,42,0.016145620495080948,4.584319591522217,0.002,1e-05,1.0,1.0,False,False,multimodal,psd-fc-wpli,gated,cnn,True,finetune,segssl_barlow_all-patient_psd-fc-wpli_finetune_seed13_pre20_proj32_mask0_03_noise0_02_mlp1_0_sup100,True,barlow,psd,all-patient,True,13,1.0,0.1,32,0.03,0.02
multimodal_psd-fc-wpli_gated_cnn,3,sub08,sub01;sub05;sub07;sub10;sub11;sub13;sub14;sub15;sub16;sub17;sub18;sub20;sub22;sub24;sub27;sub28;sub29,sub09,43,0.013475368730723858,4.587026119232178,0.002,1e-05,1.0,1.0,False,False,multimodal,psd-fc-wpli,gated,cnn,True,finetune,segssl_barlow_all-patient_psd-fc-wpli_finetune_seed13_pre20_proj32_mask0_03_noise0_02_mlp1_0_sup100,True,barlow,psd,all-patient,True,13,1.0,0.1,32,0.03,0.02
multimodal_psd-fc-wpli_gated_cnn,3,sub08,sub01;sub05;sub07;sub10;sub11;sub13;sub14;sub15;sub16;sub17;sub18;sub20;sub22;sub24;sub27;sub28;sub29,sub09,44,0.011316311545670033,4.567905902862549,0.002,1e-05,1.0,1.0,False,False,multimodal,psd-fc-wpli,gated,cnn,True,finetune,segssl_barlow_all-patient_psd-fc-wpli_finetune_seed13_pre20_proj32_mask0_03_noise0_02_mlp1_0_sup100,True,barlow,psd,all-patient,True,13,1.0,0.1,32,0.03,0.02
multimodal_psd-fc-wpli_gated_cnn,3,sub08,sub01;sub05;sub07;sub10;sub11;sub13;sub14;sub15;sub16;sub17;sub18;sub20;sub22;sub24;sub27;sub28;sub29,sub09,45,0.00956715177744627,4.536966800689697,0.002,1e-05,1.0,1.0,False,False,multimodal,psd-fc-wpli,gated,cnn,True,finetune,segssl_barlow_all-patient_psd-fc-wpli_finetune_seed13_pre20_proj32_mask0_03_noise0_02_mlp1_0_sup100,True,barlow,psd,all-patient,True,13,1.0,0.1,32,0.03,0.02
multimodal_psd-fc-wpli_gated_cnn,3,sub08,sub01;sub05;sub07;sub10;sub11;sub13;sub14;sub15;sub16;sub17;sub18;sub20;sub22;sub24;sub27;sub28;sub29,sub09,46,0.008140959776937962,4.488949775695801,0.002,1e-05,1.0,1.0,False,False,multimodal,psd-fc-wpli,gated,cnn,True,finetune,segssl_barlow_all-patient_psd-fc-wpli_finetune_seed13_pre20_proj32_mask0_03_noise0_02_mlp1_0_sup100,True,barlow,psd,all-patient,True,13,1.0,0.1,32,0.03,0.02
multimodal_psd-fc-wpli_gated_cnn,3,sub08,sub01;sub05;sub07;sub10;sub11;sub13;sub14;sub15;sub16;sub17;sub18;sub20;sub22;sub24;sub27;sub28;sub29,sub09,47,0.006976891774684191,4.440707683563232,0.002,1e-05,1.0,1.0,False,False,multimodal,psd-fc-wpli,gated,cnn,True,finetune,segssl_barlow_all-patient_psd-fc-wpli_finetune_seed13_pre20_proj32_mask0_03_noise0_02_mlp1_0_sup100,True,barlow,psd,all-patient,True,13,1.0,0.1,32,0.03,0.02
multimodal_psd-fc-wpli_gated_cnn,3,sub08,sub01;sub05;sub07;sub10;sub11;sub13;sub14;sub15;sub16;sub17;sub18;sub20;sub22;sub24;sub27;sub28;sub29,sub09,48,0.006021187175065279,4.39599084854126,0.002,1e-05,1.0,1.0,False,False,multimodal,psd-fc-wpli,gated,cnn,True,finetune,segssl_barlow_all-patient_psd-fc-wpli_finetune_seed13_pre20_proj32_mask0_03_noise0_02_mlp1_0_sup100,True,barlow,psd,all-patient,True,13,1.0,0.1,32,0.03,0.02
multimodal_psd-fc-wpli_gated_cnn,3,sub08,sub01;sub05;sub07;sub10;sub11;sub13;sub14;sub15;sub16;sub17;sub18;sub20;sub22;sub24;sub27;sub28;sub29,sub09,49,0.005231054499745369,4.356534481048584,0.002,1e-05,1.0,1.0,False,False,multimodal,psd-fc-wpli,gated,cnn,True,finetune,segssl_barlow_all-patient_psd-fc-wpli_finetune_seed13_pre20_proj32_mask0_03_noise0_02_mlp1_0_sup100,True,barlow,psd,all-patient,True,13,1.0,0.1,32,0.03,0.02
multimodal_psd-fc-wpli_gated_cnn,3,sub08,sub01;sub05;sub07;sub10;sub11;sub13;sub14;sub15;sub16;sub17;sub18;sub20;sub22;sub24;sub27;sub28;sub29,sub09,50,0.004575307015329599,4.3314032554626465,0.002,1e-05,1.0,1.0,False,False,multimodal,psd-fc-wpli,gated,cnn,True,finetune,segssl_barlow_all-patient_psd-fc-wpli_finetune_seed13_pre20_proj32_mask0_03_noise0_02_mlp1_0_sup100,True,barlow,psd,all-patient,True,13,1.0,0.1,32,0.03,0.02
multimodal_psd-fc-wpli_gated_cnn,3,sub08,sub01;sub05;sub07;sub10;sub11;sub13;sub14;sub15;sub16;sub17;sub18;sub20;sub22;sub24;sub27;sub28;sub29,sub09,51,0.004027458373457193,4.321156978607178,0.002,1e-05,1.0,1.0,False,False,multimodal,psd-fc-wpli,gated,cnn,True,finetune,segssl_barlow_all-patient_psd-fc-wpli_finetune_seed13_pre20_proj32_mask0_03_noise0_02_mlp1_0_sup100,True,barlow,psd,all-patient,True,13,1.0,0.1,32,0.03,0.02
multimodal_psd-fc-wpli_gated_cnn,3,sub08,sub01;sub05;sub07;sub10;sub11;sub13;sub14;sub15;sub16;sub17;sub18;sub20;sub22;sub24;sub27;sub28;sub29,sub09,52,0.003567586885765195,4.327869415283203,0.001,1e-05,1.0,1.0,False,False,multimodal,psd-fc-wpli,gated,cnn,True,finetune,segssl_barlow_all-patient_psd-fc-wpli_finetune_seed13_pre20_proj32_mask0_03_noise0_02_mlp1_0_sup100,True,barlow,psd,all-patient,True,13,1.0,0.1,32,0.03,0.02
multimodal_psd-fc-wpli_gated_cnn,3,sub08,sub01;sub05;sub07;sub10;sub11;sub13;sub14;sub15;sub16;sub17;sub18;sub20;sub22;sub24;sub27;sub28;sub29,sub09,53,0.003179080318659544,4.307458877563477,0.001,1e-05,1.0,1.0,False,False,multimodal,psd-fc-wpli,gated,cnn,True,finetune,segssl_barlow_all-patient_psd-fc-wpli_finetune_seed13_pre20_proj32_mask0_03_noise0_02_mlp1_0_sup100,True,barlow,psd,all-patient,True,13,1.0,0.1,32,0.03,0.02
multimodal_psd-fc-wpli_gated_cnn,3,sub08,sub01;sub05;sub07;sub10;sub11;sub13;sub14;sub15;sub16;sub17;sub18;sub20;sub22;sub24;sub27;sub28;sub29,sub09,54,0.0030092536471784115,4.3014445304870605,0.001,1e-05,1.0,1.0,False,False,multimodal,psd-fc-wpli,gated,cnn,True,finetune,segssl_barlow_all-patient_psd-fc-wpli_finetune_seed13_pre20_proj32_mask0_03_noise0_02_mlp1_0_sup100,True,barlow,psd,all-patient,True,13,1.0,0.1,32,0.03,0.02
multimodal_psd-fc-wpli_gated_cnn,3,sub08,sub01;sub05;sub07;sub10;sub11;sub13;sub14;sub15;sub16;sub17;sub18;sub20;sub22;sub24;sub27;sub28;sub29,sub09,55,0.002856087638065219,4.306950092315674,0.001,1e-05,1.0,1.0,False,False,multimodal,psd-fc-wpli,gated,cnn,True,finetune,segssl_barlow_all-patient_psd-fc-wpli_finetune_seed13_pre20_proj32_mask0_03_noise0_02_mlp1_0_sup100,True,barlow,psd,all-patient,True,13,1.0,0.1,32,0.03,0.02
multimodal_psd-fc-wpli_gated_cnn,3,sub08,sub01;sub05;sub07;sub10;sub11;sub13;sub14;sub15;sub16;sub17;sub18;sub20;sub22;sub24;sub27;sub28;sub29,sub09,56,0.002717475173994899,4.321794509887695,0.001,1e-05,1.0,1.0,False,False,multimodal,psd-fc-wpli,gated,cnn,True,finetune,segssl_barlow_all-patient_psd-fc-wpli_finetune_seed13_pre20_proj32_mask0_03_noise0_02_mlp1_0_sup100,True,barlow,psd,all-patient,True,13,1.0,0.1,32,0.03,0.02
multimodal_psd-fc-wpli_gated_cnn,3,sub08,sub01;sub05;sub07;sub10;sub11;sub13;sub14;sub15;sub16;sub17;sub18;sub20;sub22;sub24;sub27;sub28;sub29,sub09,57,0.0025919920299202204,4.344057559967041,0.001,1e-05,1.0,1.0,False,False,multimodal,psd-fc-wpli,gated,cnn,True,finetune,segssl_barlow_all-patient_psd-fc-wpli_finetune_seed13_pre20_proj32_mask0_03_noise0_02_mlp1_0_sup100,True,barlow,psd,all-patient,True,13,1.0,0.1,32,0.03,0.02
multimodal_psd-fc-wpli_gated_cnn,3,sub08,sub01;sub05;sub07;sub10;sub11;sub13;sub14;sub15;sub16;sub17;sub18;sub20;sub22;sub24;sub27;sub28;sub29,sub09,58,0.002478222129866481,4.371988296508789,0.001,1e-05,1.0,1.0,False,False,multimodal,psd-fc-wpli,gated,cnn,True,finetune,segssl_barlow_all-patient_psd-fc-wpli_finetune_seed13_pre20_proj32_mask0_03_noise0_02_mlp1_0_sup100,True,barlow,psd,all-patient,True,13,1.0,0.1,32,0.03,0.02
multimodal_psd-fc-wpli_gated_cnn,3,sub08,sub01;sub05;sub07;sub10;sub11;sub13;sub14;sub15;sub16;sub17;sub18;sub20;sub22;sub24;sub27;sub28;sub29,sub09,59,0.002374860690906644,4.403426647186279,0.001,1e-05,1.0,1.0,False,False,multimodal,psd-fc-wpli,gated,cnn,True,finetune,segssl_barlow_all-patient_psd-fc-wpli_finetune_seed13_pre20_proj32_mask0_03_noise0_02_mlp1_0_sup100,True,barlow,psd,all-patient,True,13,1.0,0.1,32,0.03,0.02
multimodal_psd-fc-wpli_gated_cnn,3,sub08,sub01;sub05;sub07;sub10;sub11;sub13;sub14;sub15;sub16;sub17;sub18;sub20;sub22;sub24;sub27;sub28;sub29,sub09,60,0.0022806988563388586,4.437366008758545,0.001,1e-05,1.0,1.0,False,False,multimodal,psd-fc-wpli,gated,cnn,True,finetune,segssl_barlow_all-patient_psd-fc-wpli_finetune_seed13_pre20_proj32_mask0_03_noise0_02_mlp1_0_sup100,True,barlow,psd,all-patient,True,13,1.0,0.1,32,0.03,0.02
multimodal_psd-fc-wpli_gated_cnn,3,sub08,sub01;sub05;sub07;sub10;sub11;sub13;sub14;sub15;sub16;sub17;sub18;sub20;sub22;sub24;sub27;sub28;sub29,sub09,61,0.0021947745699435472,4.473045825958252,0.001,1e-05,1.0,1.0,False,False,multimodal,psd-fc-wpli,gated,cnn,True,finetune,segssl_barlow_all-patient_psd-fc-wpli_finetune_seed13_pre20_proj32_mask0_03_noise0_02_mlp1_0_sup100,True,barlow,psd,all-patient,True,13,1.0,0.1,32,0.03,0.02
multimodal_psd-fc-wpli_gated_cnn,3,sub08,sub01;sub05;sub07;sub10;sub11;sub13;sub14;sub15;sub16;sub17;sub18;sub20;sub22;sub24;sub27;sub28;sub29,sub09,62,0.0021162822376936674,4.509607315063477,0.001,1e-05,1.0,1.0,False,False,multimodal,psd-fc-wpli,gated,cnn,True,finetune,segssl_barlow_all-patient_psd-fc-wpli_finetune_seed13_pre20_proj32_mask0_03_noise0_02_mlp1_0_sup100,True,barlow,psd,all-patient,True,13,1.0,0.1,32,0.03,0.02
multimodal_psd-fc-wpli_gated_cnn,3,sub08,sub01;sub05;sub07;sub10;sub11;sub13;sub14;sub15;sub16;sub17;sub18;sub20;sub22;sub24;sub27;sub28;sub29,sub09,63,0.002044356195256114,4.545988082885742,0.001,1e-05,1.0,1.0,False,False,multimodal,psd-fc-wpli,gated,cnn,True,finetune,segssl_barlow_all-patient_psd-fc-wpli_finetune_seed13_pre20_proj32_mask0_03_noise0_02_mlp1_0_sup100,True,barlow,psd,all-patient,True,13,1.0,0.1,32,0.03,0.02
multimodal_psd-fc-wpli_gated_cnn,3,sub08,sub01;sub05;sub07;sub10;sub11;sub13;sub14;sub15;sub16;sub17;sub18;sub20;sub22;sub24;sub27;sub28;sub29,sub09,64,0.0019782620947808027,4.581387996673584,0.001,1e-05,1.0,1.0,False,False,multimodal,psd-fc-wpli,gated,cnn,True,finetune,segssl_barlow_all-patient_psd-fc-wpli_finetune_seed13_pre20_proj32_mask0_03_noise0_02_mlp1_0_sup100,True,barlow,psd,all-patient,True,13,1.0,0.1,32,0.03,0.02
multimodal_psd-fc-wpli_gated_cnn,3,sub08,sub01;sub05;sub07;sub10;sub11;sub13;sub14;sub15;sub16;sub17;sub18;sub20;sub22;sub24;sub27;sub28;sub29,sub09,65,0.001917382818646729,4.615108966827393,0.001,1e-05,1.0,1.0,False,False,multimodal,psd-fc-wpli,gated,cnn,True,finetune,segssl_barlow_all-patient_psd-fc-wpli_finetune_seed13_pre20_proj32_mask0_03_noise0_02_mlp1_0_sup100,True,barlow,psd,all-patient,True,13,1.0,0.1,32,0.03,0.02
multimodal_psd-fc-wpli_gated_cnn,3,sub08,sub01;sub05;sub07;sub10;sub11;sub13;sub14;sub15;sub16;sub17;sub18;sub20;sub22;sub24;sub27;sub28;sub29,sub09,66,0.001861126977019012,4.646994113922119,0.001,1e-05,1.0,1.0,False,False,multimodal,psd-fc-wpli,gated,cnn,True,finetune,segssl_barlow_all-patient_psd-fc-wpli_finetune_seed13_pre20_proj32_mask0_03_noise0_02_mlp1_0_sup100,True,barlow,psd,all-patient,True,13,1.0,0.1,32,0.03,0.02
multimodal_psd-fc-wpli_gated_cnn,3,sub08,sub01;sub05;sub07;sub10;sub11;sub13;sub14;sub15;sub16;sub17;sub18;sub20;sub22;sub24;sub27;sub28;sub29,sub09,67,0.001809034845791757,4.676729679107666,0.001,1e-05,1.0,1.0,False,False,multimodal,psd-fc-wpli,gated,cnn,True,finetune,segssl_barlow_all-patient_psd-fc-wpli_finetune_seed13_pre20_proj32_mask0_03_noise0_02_mlp1_0_sup100,True,barlow,psd,all-patient,True,13,1.0,0.1,32,0.03,0.02
multimodal_psd-fc-wpli_gated_cnn,3,sub08,sub01;sub05;sub07;sub10;sub11;sub13;sub14;sub15;sub16;sub17;sub18;sub20;sub22;sub24;sub27;sub28;sub29,sub09,68,0.0017606732435524464,4.704061031341553,0.001,1e-05,1.0,1.0,False,False,multimodal,psd-fc-wpli,gated,cnn,True,finetune,segssl_barlow_all-patient_psd-fc-wpli_finetune_seed13_pre20_proj32_mask0_03_noise0_02_mlp1_0_sup100,True,barlow,psd,all-patient,True,13,1.0,0.1,32,0.03,0.02
multimodal_psd-fc-wpli_gated_cnn,3,sub08,sub01;sub05;sub07;sub10;sub11;sub13;sub14;sub15;sub16;sub17;sub18;sub20;sub22;sub24;sub27;sub28;sub29,sub09,69,0.001715674065053463,4.729059219360352,0.001,1e-05,1.0,1.0,False,False,multimodal,psd-fc-wpli,gated,cnn,True,finetune,segssl_barlow_all-patient_psd-fc-wpli_finetune_seed13_pre20_proj32_mask0_03_noise0_02_mlp1_0_sup100,True,barlow,psd,all-patient,True,13,1.0,0.1,32,0.03,0.02
multimodal_psd-fc-wpli_gated_cnn,3,sub08,sub01;sub05;sub07;sub10;sub11;sub13;sub14;sub15;sub16;sub17;sub18;sub20;sub22;sub24;sub27;sub28;sub29,sub09,70,0.0016737162368372083,4.751843452453613,0.001,1e-05,1.0,1.0,False,False,multimodal,psd-fc-wpli,gated,cnn,True,finetune,segssl_barlow_all-patient_psd-fc-wpli_finetune_seed13_pre20_proj32_mask0_03_noise0_02_mlp1_0_sup100,True,barlow,psd,all-patient,True,13,1.0,0.1,32,0.03,0.02
multimodal_psd-fc-wpli_gated_cnn,3,sub08,sub01;sub05;sub07;sub10;sub11;sub13;sub14;sub15;sub16;sub17;sub18;sub20;sub22;sub24;sub27;sub28;sub29,sub09,71,0.0016345648327842355,4.772619247436523,0.001,1e-05,1.0,1.0,False,False,multimodal,psd-fc-wpli,gated,cnn,True,finetune,segssl_barlow_all-patient_psd-fc-wpli_finetune_seed13_pre20_proj32_mask0_03_noise0_02_mlp1_0_sup100,True,barlow,psd,all-patient,True,13,1.0,0.1,32,0.03,0.02
multimodal_psd-fc-wpli_gated_cnn,3,sub08,sub01;sub05;sub07;sub10;sub11;sub13;sub14;sub15;sub16;sub17;sub18;sub20;sub22;sub24;sub27;sub28;sub29,sub09,72,0.0015978708397597075,4.7914628982543945,0.001,1e-05,1.0,1.0,False,False,multimodal,psd-fc-wpli,gated,cnn,True,finetune,segssl_barlow_all-patient_psd-fc-wpli_finetune_seed13_pre20_proj32_mask0_03_noise0_02_mlp1_0_sup100,True,barlow,psd,all-patient,True,13,1.0,0.1,32,0.03,0.02
multimodal_psd-fc-wpli_gated_cnn,3,sub08,sub01;sub05;sub07;sub10;sub11;sub13;sub14;sub15;sub16;sub17;sub18;sub20;sub22;sub24;sub27;sub28;sub29,sub09,73,0.0015633522998541594,4.808358192443848,0.001,1e-05,1.0,1.0,False,False,multimodal,psd-fc-wpli,gated,cnn,True,finetune,segssl_barlow_all-patient_psd-fc-wpli_finetune_seed13_pre20_proj32_mask0_03_noise0_02_mlp1_0_sup100,True,barlow,psd,all-patient,True,13,1.0,0.1,32,0.03,0.02
multimodal_psd-fc-wpli_gated_cnn,3,sub08,sub01;sub05;sub07;sub10;sub11;sub13;sub14;sub15;sub16;sub17;sub18;sub20;sub22;sub24;sub27;sub28;sub29,sub09,74,0.001530827023088932,4.823399066925049,0.001,1e-05,1.0,1.0,False,False,multimodal,psd-fc-wpli,gated,cnn,True,finetune,segssl_barlow_all-patient_psd-fc-wpli_finetune_seed13_pre20_proj32_mask0_03_noise0_02_mlp1_0_sup100,True,barlow,psd,all-patient,True,13,1.0,0.1,32,0.03,0.02
multimodal_psd-fc-wpli_gated_cnn,3,sub08,sub01;sub05;sub07;sub10;sub11;sub13;sub14;sub15;sub16;sub17;sub18;sub20;sub22;sub24;sub27;sub28;sub29,sub09,75,0.001500080805271864,4.836616039276123,0.001,1e-05,1.0,1.0,False,False,multimodal,psd-fc-wpli,gated,cnn,True,finetune,segssl_barlow_all-patient_psd-fc-wpli_finetune_seed13_pre20_proj32_mask0_03_noise0_02_mlp1_0_sup100,True,barlow,psd,all-patient,True,13,1.0,0.1,32,0.03,0.02
multimodal_psd-fc-wpli_gated_cnn,3,sub08,sub01;sub05;sub07;sub10;sub11;sub13;sub14;sub15;sub16;sub17;sub18;sub20;sub22;sub24;sub27;sub28;sub29,sub09,76,0.0014709089882671833,4.8481011390686035,0.001,1e-05,1.0,1.0,False,False,multimodal,psd-fc-wpli,gated,cnn,True,finetune,segssl_barlow_all-patient_psd-fc-wpli_finetune_seed13_pre20_proj32_mask0_03_noise0_02_mlp1_0_sup100,True,barlow,psd,all-patient,True,13,1.0,0.1,32,0.03,0.02
multimodal_psd-fc-wpli_gated_cnn,3,sub08,sub01;sub05;sub07;sub10;sub11;sub13;sub14;sub15;sub16;sub17;sub18;sub20;sub22;sub24;sub27;sub28;sub29,sub09,77,0.0014432609314098954,4.857738018035889,0.001,1e-05,1.0,1.0,False,False,multimodal,psd-fc-wpli,gated,cnn,True,finetune,segssl_barlow_all-patient_psd-fc-wpli_finetune_seed13_pre20_proj32_mask0_03_noise0_02_mlp1_0_sup100,True,barlow,psd,all-patient,True,13,1.0,0.1,32,0.03,0.02
multimodal_psd-fc-wpli_gated_cnn,3,sub08,sub01;sub05;sub07;sub10;sub11;sub13;sub14;sub15;sub16;sub17;sub18;sub20;sub22;sub24;sub27;sub28;sub29,sub09,78,0.001416935701854527,4.865626335144043,0.001,1e-05,1.0,1.0,False,False,multimodal,psd-fc-wpli,gated,cnn,True,finetune,segssl_barlow_all-patient_psd-fc-wpli_finetune_seed13_pre20_proj32_mask0_03_noise0_02_mlp1_0_sup100,True,barlow,psd,all-patient,True,13,1.0,0.1,32,0.03,0.02
multimodal_psd-fc-wpli_gated_cnn,3,sub08,sub01;sub05;sub07;sub10;sub11;sub13;sub14;sub15;sub16;sub17;sub18;sub20;sub22;sub24;sub27;sub28;sub29,sub09,79,0.0013918939512223005,4.871801376342773,0.001,1e-05,1.0,1.0,False,False,multimodal,psd-fc-wpli,gated,cnn,True,finetune,segssl_barlow_all-patient_psd-fc-wpli_finetune_seed13_pre20_proj32_mask0_03_noise0_02_mlp1_0_sup100,True,barlow,psd,all-patient,True,13,1.0,0.1,32,0.03,0.02
multimodal_psd-fc-wpli_gated_cnn,3,sub08,sub01;sub05;sub07;sub10;sub11;sub13;sub14;sub15;sub16;sub17;sub18;sub20;sub22;sub24;sub27;sub28;sub29,sub09,80,0.0013679859694093466,4.876410961151123,0.001,1e-05,1.0,1.0,False,False,multimodal,psd-fc-wpli,gated,cnn,True,finetune,segssl_barlow_all-patient_psd-fc-wpli_finetune_seed13_pre20_proj32_mask0_03_noise0_02_mlp1_0_sup100,True,barlow,psd,all-patient,True,13,1.0,0.1,32,0.03,0.02
multimodal_psd-fc-wpli_gated_cnn,3,sub08,sub01;sub05;sub07;sub10;sub11;sub13;sub14;sub15;sub16;sub17;sub18;sub20;sub22;sub24;sub27;sub28;sub29,sub09,81,0.0013451111735776067,4.879574298858643,0.001,1e-05,1.0,1.0,False,False,multimodal,psd-fc-wpli,gated,cnn,True,finetune,segssl_barlow_all-patient_psd-fc-wpli_finetune_seed13_pre20_proj32_mask0_03_noise0_02_mlp1_0_sup100,True,barlow,psd,all-patient,True,13,1.0,0.1,32,0.03,0.02
multimodal_psd-fc-wpli_gated_cnn,3,sub08,sub01;sub05;sub07;sub10;sub11;sub13;sub14;sub15;sub16;sub17;sub18;sub20;sub22;sub24;sub27;sub28;sub29,sub09,82,0.0013231965713202953,4.881474018096924,0.001,1e-05,1.0,1.0,False,False,multimodal,psd-fc-wpli,gated,cnn,True,finetune,segssl_barlow_all-patient_psd-fc-wpli_finetune_seed13_pre20_proj32_mask0_03_noise0_02_mlp1_0_sup100,True,barlow,psd,all-patient,True,13,1.0,0.1,32,0.03,0.02
multimodal_psd-fc-wpli_gated_cnn,3,sub08,sub01;sub05;sub07;sub10;sub11;sub13;sub14;sub15;sub16;sub17;sub18;sub20;sub22;sub24;sub27;sub28;sub29,sub09,83,0.0013021883787587285,4.88243293762207,0.001,1e-05,1.0,1.0,False,False,multimodal,psd-fc-wpli,gated,cnn,True,finetune,segssl_barlow_all-patient_psd-fc-wpli_finetune_seed13_pre20_proj32_mask0_03_noise0_02_mlp1_0_sup100,True,barlow,psd,all-patient,True,13,1.0,0.1,32,0.03,0.02
multimodal_psd-fc-wpli_gated_cnn,3,sub08,sub01;sub05;sub07;sub10;sub11;sub13;sub14;sub15;sub16;sub17;sub18;sub20;sub22;sub24;sub27;sub28;sub29,sub09,84,0.0012820115080103278,4.882590293884277,0.001,1e-05,1.0,1.0,False,False,multimodal,psd-fc-wpli,gated,cnn,True,finetune,segssl_barlow_all-patient_psd-fc-wpli_finetune_seed13_pre20_proj32_mask0_03_noise0_02_mlp1_0_sup100,True,barlow,psd,all-patient,True,13,1.0,0.1,32,0.03,0.02
multimodal_psd-fc-wpli_gated_cnn,3,sub08,sub01;sub05;sub07;sub10;sub11;sub13;sub14;sub15;sub16;sub17;sub18;sub20;sub22;sub24;sub27;sub28;sub29,sub09,85,0.0012626172974705696,4.882063388824463,0.001,1e-05,1.0,1.0,False,False,multimodal,psd-fc-wpli,gated,cnn,True,finetune,segssl_barlow_all-patient_psd-fc-wpli_finetune_seed13_pre20_proj32_mask0_03_noise0_02_mlp1_0_sup100,True,barlow,psd,all-patient,True,13,1.0,0.1,32,0.03,0.02
multimodal_psd-fc-wpli_gated_cnn,3,sub08,sub01;sub05;sub07;sub10;sub11;sub13;sub14;sub15;sub16;sub17;sub18;sub20;sub22;sub24;sub27;sub28;sub29,sub09,86,0.00124395452439785,4.8810577392578125,0.001,1e-05,1.0,1.0,False,False,multimodal,psd-fc-wpli,gated,cnn,True,finetune,segssl_barlow_all-patient_psd-fc-wpli_finetune_seed13_pre20_proj32_mask0_03_noise0_02_mlp1_0_sup100,True,barlow,psd,all-patient,True,13,1.0,0.1,32,0.03,0.02
multimodal_psd-fc-wpli_gated_cnn,3,sub08,sub01;sub05;sub07;sub10;sub11;sub13;sub14;sub15;sub16;sub17;sub18;sub20;sub22;sub24;sub27;sub28;sub29,sub09,87,0.0012260277289897203,4.8800530433654785,0.001,1e-05,1.0,1.0,False,False,multimodal,psd-fc-wpli,gated,cnn,True,finetune,segssl_barlow_all-patient_psd-fc-wpli_finetune_seed13_pre20_proj32_mask0_03_noise0_02_mlp1_0_sup100,True,barlow,psd,all-patient,True,13,1.0,0.1,32,0.03,0.02
multimodal_psd-fc-wpli_gated_cnn,3,sub08,sub01;sub05;sub07;sub10;sub11;sub13;sub14;sub15;sub16;sub17;sub18;sub20;sub22;sub24;sub27;sub28;sub29,sub09,88,0.0012087611248716712,4.879166603088379,0.001,1e-05,1.0,1.0,False,False,multimodal,psd-fc-wpli,gated,cnn,True,finetune,segssl_barlow_all-patient_psd-fc-wpli_finetune_seed13_pre20_proj32_mask0_03_noise0_02_mlp1_0_sup100,True,barlow,psd,all-patient,True,13,1.0,0.1,32,0.03,0.02
multimodal_psd-fc-wpli_gated_cnn,3,sub08,sub01;sub05;sub07;sub10;sub11;sub13;sub14;sub15;sub16;sub17;sub18;sub20;sub22;sub24;sub27;sub28;sub29,sub09,89,0.0011920920806005597,4.878829479217529,0.001,1e-05,1.0,1.0,False,False,multimodal,psd-fc-wpli,gated,cnn,True,finetune,segssl_barlow_all-patient_psd-fc-wpli_finetune_seed13_pre20_proj32_mask0_03_noise0_02_mlp1_0_sup100,True,barlow,psd,all-patient,True,13,1.0,0.1,32,0.03,0.02
multimodal_psd-fc-wpli_gated_cnn,3,sub08,sub01;sub05;sub07;sub10;sub11;sub13;sub14;sub15;sub16;sub17;sub18;sub20;sub22;sub24;sub27;sub28;sub29,sub09,90,0.0011759913759306073,4.878829479217529,0.001,1e-05,1.0,1.0,False,False,multimodal,psd-fc-wpli,gated,cnn,True,finetune,segssl_barlow_all-patient_psd-fc-wpli_finetune_seed13_pre20_proj32_mask0_03_noise0_02_mlp1_0_sup100,True,barlow,psd,all-patient,True,13,1.0,0.1,32,0.03,0.02
multimodal_psd-fc-wpli_gated_cnn,3,sub08,sub01;sub05;sub07;sub10;sub11;sub13;sub14;sub15;sub16;sub17;sub18;sub20;sub22;sub24;sub27;sub28;sub29,sub09,91,0.0011603879975154996,4.879229545593262,0.001,1e-05,1.0,1.0,False,False,multimodal,psd-fc-wpli,gated,cnn,True,finetune,segssl_barlow_all-patient_psd-fc-wpli_finetune_seed13_pre20_proj32_mask0_03_noise0_02_mlp1_0_sup100,True,barlow,psd,all-patient,True,13,1.0,0.1,32,0.03,0.02
multimodal_psd-fc-wpli_gated_cnn,3,sub08,sub01;sub05;sub07;sub10;sub11;sub13;sub14;sub15;sub16;sub17;sub18;sub20;sub22;sub24;sub27;sub28;sub29,sub09,92,0.0011452421313151717,4.880107879638672,0.001,1e-05,1.0,1.0,False,False,multimodal,psd-fc-wpli,gated,cnn,True,finetune,segssl_barlow_all-patient_psd-fc-wpli_finetune_seed13_pre20_proj32_mask0_03_noise0_02_mlp1_0_sup100,True,barlow,psd,all-patient,True,13,1.0,0.1,32,0.03,0.02
multimodal_psd-fc-wpli_gated_cnn,3,sub08,sub01;sub05;sub07;sub10;sub11;sub13;sub14;sub15;sub16;sub17;sub18;sub20;sub22;sub24;sub27;sub28;sub29,sub09,93,0.0011305708903819323,4.881749153137207,0.001,1e-05,1.0,1.0,False,False,multimodal,psd-fc-wpli,gated,cnn,True,finetune,segssl_barlow_all-patient_psd-fc-wpli_finetune_seed13_pre20_proj32_mask0_03_noise0_02_mlp1_0_sup100,True,barlow,psd,all-patient,True,13,1.0,0.1,32,0.03,0.02
multimodal_psd-fc-wpli_gated_cnn,3,sub08,sub01;sub05;sub07;sub10;sub11;sub13;sub14;sub15;sub16;sub17;sub18;sub20;sub22;sub24;sub27;sub28;sub29,sub09,94,0.0011163330636918545,4.884062767028809,0.001,1e-05,1.0,1.0,False,False,multimodal,psd-fc-wpli,gated,cnn,True,finetune,segssl_barlow_all-patient_psd-fc-wpli_finetune_seed13_pre20_proj32_mask0_03_noise0_02_mlp1_0_sup100,True,barlow,psd,all-patient,True,13,1.0,0.1,32,0.03,0.02
multimodal_psd-fc-wpli_gated_cnn,3,sub08,sub01;sub05;sub07;sub10;sub11;sub13;sub14;sub15;sub16;sub17;sub18;sub20;sub22;sub24;sub27;sub28;sub29,sub09,95,0.001102493260987103,4.886934280395508,0.001,1e-05,1.0,1.0,False,False,multimodal,psd-fc-wpli,gated,cnn,True,finetune,segssl_barlow_all-patient_psd-fc-wpli_finetune_seed13_pre20_proj32_mask0_03_noise0_02_mlp1_0_sup100,True,barlow,psd,all-patient,True,13,1.0,0.1,32,0.03,0.02
multimodal_psd-fc-wpli_gated_cnn,3,sub08,sub01;sub05;sub07;sub10;sub11;sub13;sub14;sub15;sub16;sub17;sub18;sub20;sub22;sub24;sub27;sub28;sub29,sub09,96,0.0010890327394008636,4.890289306640625,0.001,1e-05,1.0,1.0,False,False,multimodal,psd-fc-wpli,gated,cnn,True,finetune,segssl_barlow_all-patient_psd-fc-wpli_finetune_seed13_pre20_proj32_mask0_03_noise0_02_mlp1_0_sup100,True,barlow,psd,all-patient,True,13,1.0,0.1,32,0.03,0.02
multimodal_psd-fc-wpli_gated_cnn,3,sub08,sub01;sub05;sub07;sub10;sub11;sub13;sub14;sub15;sub16;sub17;sub18;sub20;sub22;sub24;sub27;sub28;sub29,sub09,97,0.0010759202996268868,4.894077777862549,0.001,1e-05,1.0,1.0,False,False,multimodal,psd-fc-wpli,gated,cnn,True,finetune,segssl_barlow_all-patient_psd-fc-wpli_finetune_seed13_pre20_proj32_mask0_03_noise0_02_mlp1_0_sup100,True,barlow,psd,all-patient,True,13,1.0,0.1,32,0.03,0.02
multimodal_psd-fc-wpli_gated_cnn,3,sub08,sub01;sub05;sub07;sub10;sub11;sub13;sub14;sub15;sub16;sub17;sub18;sub20;sub22;sub24;sub27;sub28;sub29,sub09,98,0.0010631198529154062,4.898159980773926,0.001,1e-05,1.0,1.0,False,False,multimodal,psd-fc-wpli,gated,cnn,True,finetune,segssl_barlow_all-patient_psd-fc-wpli_finetune_seed13_pre20_proj32_mask0_03_noise0_02_mlp1_0_sup100,True,barlow,psd,all-patient,True,13,1.0,0.1,32,0.03,0.02
multimodal_psd-fc-wpli_gated_cnn,3,sub08,sub01;sub05;sub07;sub10;sub11;sub13;sub14;sub15;sub16;sub17;sub18;sub20;sub22;sub24;sub27;sub28;sub29,sub09,99,0.0010506780818104744,4.902435779571533,0.001,1e-05,1.0,1.0,False,False,multimodal,psd-fc-wpli,gated,cnn,True,finetune,segssl_barlow_all-patient_psd-fc-wpli_finetune_seed13_pre20_proj32_mask0_03_noise0_02_mlp1_0_sup100,True,barlow,psd,all-patient,True,13,1.0,0.1,32,0.03,0.02
multimodal_psd-fc-wpli_gated_cnn,3,sub08,sub01;sub05;sub07;sub10;sub11;sub13;sub14;sub15;sub16;sub17;sub18;sub20;sub22;sub24;sub27;sub28;sub29,sub09,100,0.001038537360727787,4.90679407119751,0.001,1e-05,1.0,1.0,False,False,multimodal,psd-fc-wpli,gated,cnn,True,finetune,segssl_barlow_all-patient_psd-fc-wpli_finetune_seed13_pre20_proj32_mask0_03_noise0_02_mlp1_0_sup100,True,barlow,psd,all-patient,True,13,1.0,0.1,32,0.03,0.02
multimodal_psd-fc-wpli_gated_cnn,4,sub09,sub01;sub05;sub07;sub08;sub11;sub13;sub14;sub15;sub16;sub17;sub18;sub20;sub22;sub24;sub27;sub28;sub29,sub10,1,0.695896327495575,0.658072829246521,0.002,1e-05,1.0,1.0,True,False,multimodal,psd-fc-wpli,gated,cnn,True,finetune,segssl_barlow_all-patient_psd-fc-wpli_finetune_seed13_pre20_proj32_mask0_03_noise0_02_mlp1_0_sup100,True,barlow,psd,all-patient,True,13,1.0,0.1,32,0.03,0.02
multimodal_psd-fc-wpli_gated_cnn,4,sub09,sub01;sub05;sub07;sub08;sub11;sub13;sub14;sub15;sub16;sub17;sub18;sub20;sub22;sub24;sub27;sub28;sub29,sub10,2,0.6890382766723633,0.6573631167411804,0.002,1e-05,1.0,1.0,True,False,multimodal,psd-fc-wpli,gated,cnn,True,finetune,segssl_barlow_all-patient_psd-fc-wpli_finetune_seed13_pre20_proj32_mask0_03_noise0_02_mlp1_0_sup100,True,barlow,psd,all-patient,True,13,1.0,0.1,32,0.03,0.02
multimodal_psd-fc-wpli_gated_cnn,4,sub09,sub01;sub05;sub07;sub08;sub11;sub13;sub14;sub15;sub16;sub17;sub18;sub20;sub22;sub24;sub27;sub28;sub29,sub10,3,0.6827932000160217,0.6558250188827515,0.002,1e-05,1.0,1.0,True,False,multimodal,psd-fc-wpli,gated,cnn,True,finetune,segssl_barlow_all-patient_psd-fc-wpli_finetune_seed13_pre20_proj32_mask0_03_noise0_02_mlp1_0_sup100,True,barlow,psd,all-patient,True,13,1.0,0.1,32,0.03,0.02
multimodal_psd-fc-wpli_gated_cnn,4,sub09,sub01;sub05;sub07;sub08;sub11;sub13;sub14;sub15;sub16;sub17;sub18;sub20;sub22;sub24;sub27;sub28;sub29,sub10,4,0.6768848896026611,0.6542116403579712,0.002,1e-05,1.0,1.0,True,False,multimodal,psd-fc-wpli,gated,cnn,True,finetune,segssl_barlow_all-patient_psd-fc-wpli_finetune_seed13_pre20_proj32_mask0_03_noise0_02_mlp1_0_sup100,True,barlow,psd,all-patient,True,13,1.0,0.1,32,0.03,0.02
multimodal_psd-fc-wpli_gated_cnn,4,sub09,sub01;sub05;sub07;sub08;sub11;sub13;sub14;sub15;sub16;sub17;sub18;sub20;sub22;sub24;sub27;sub28;sub29,sub10,5,0.6707367897033691,0.6528034806251526,0.002,1e-05,1.0,1.0,True,False,multimodal,psd-fc-wpli,gated,cnn,True,finetune,segssl_barlow_all-patient_psd-fc-wpli_finetune_seed13_pre20_proj32_mask0_03_noise0_02_mlp1_0_sup100,True,barlow,psd,all-patient,True,13,1.0,0.1,32,0.03,0.02
multimodal_psd-fc-wpli_gated_cnn,4,sub09,sub01;sub05;sub07;sub08;sub11;sub13;sub14;sub15;sub16;sub17;sub18;sub20;sub22;sub24;sub27;sub28;sub29,sub10,6,0.6639746427536011,0.6518335938453674,0.002,1e-05,1.0,1.0,True,False,multimodal,psd-fc-wpli,gated,cnn,True,finetune,segssl_barlow_all-patient_psd-fc-wpli_finetune_seed13_pre20_proj32_mask0_03_noise0_02_mlp1_0_sup100,True,barlow,psd,all-patient,True,13,1.0,0.1,32,0.03,0.02
multimodal_psd-fc-wpli_gated_cnn,4,sub09,sub01;sub05;sub07;sub08;sub11;sub13;sub14;sub15;sub16;sub17;sub18;sub20;sub22;sub24;sub27;sub28;sub29,sub10,7,0.6563739776611328,0.6506081223487854,0.002,1e-05,1.0,1.0,True,False,multimodal,psd-fc-wpli,gated,cnn,True,finetune,segssl_barlow_all-patient_psd-fc-wpli_finetune_seed13_pre20_proj32_mask0_03_noise0_02_mlp1_0_sup100,True,barlow,psd,all-patient,True,13,1.0,0.1,32,0.03,0.02
multimodal_psd-fc-wpli_gated_cnn,4,sub09,sub01;sub05;sub07;sub08;sub11;sub13;sub14;sub15;sub16;sub17;sub18;sub20;sub22;sub24;sub27;sub28;sub29,sub10,8,0.6480395197868347,0.6493315696716309,0.002,1e-05,1.0,1.0,True,False,multimodal,psd-fc-wpli,gated,cnn,True,finetune,segssl_barlow_all-patient_psd-fc-wpli_finetune_seed13_pre20_proj32_mask0_03_noise0_02_mlp1_0_sup100,True,barlow,psd,all-patient,True,13,1.0,0.1,32,0.03,0.02
multimodal_psd-fc-wpli_gated_cnn,4,sub09,sub01;sub05;sub07;sub08;sub11;sub13;sub14;sub15;sub16;sub17;sub18;sub20;sub22;sub24;sub27;sub28;sub29,sub10,9,0.6386476159095764,0.6471571922302246,0.002,1e-05,1.0,1.0,True,False,multimodal,psd-fc-wpli,gated,cnn,True,finetune,segssl_barlow_all-patient_psd-fc-wpli_finetune_seed13_pre20_proj32_mask0_03_noise0_02_mlp1_0_sup100,True,barlow,psd,all-patient,True,13,1.0,0.1,32,0.03,0.02
multimodal_psd-fc-wpli_gated_cnn,4,sub09,sub01;sub05;sub07;sub08;sub11;sub13;sub14;sub15;sub16;sub17;sub18;sub20;sub22;sub24;sub27;sub28;sub29,sub10,10,0.6285543441772461,0.6451273560523987,0.002,1e-05,1.0,1.0,True,False,multimodal,psd-fc-wpli,gated,cnn,True,finetune,segssl_barlow_all-patient_psd-fc-wpli_finetune_seed13_pre20_proj32_mask0_03_noise0_02_mlp1_0_sup100,True,barlow,psd,all-patient,True,13,1.0,0.1,32,0.03,0.02
multimodal_psd-fc-wpli_gated_cnn,4,sub09,sub01;sub05;sub07;sub08;sub11;sub13;sub14;sub15;sub16;sub17;sub18;sub20;sub22;sub24;sub27;sub28;sub29,sub10,11,0.6176012754440308,0.6425145268440247,0.002,1e-05,1.0,1.0,True,False,multimodal,psd-fc-wpli,gated,cnn,True,finetune,segssl_barlow_all-patient_psd-fc-wpli_finetune_seed13_pre20_proj32_mask0_03_noise0_02_mlp1_0_sup100,True,barlow,psd,all-patient,True,13,1.0,0.1,32,0.03,0.02
multimodal_psd-fc-wpli_gated_cnn,4,sub09,sub01;sub05;sub07;sub08;sub11;sub13;sub14;sub15;sub16;sub17;sub18;sub20;sub22;sub24;sub27;sub28;sub29,sub10,12,0.6059566140174866,0.6391680240631104,0.002,1e-05,1.0,1.0,True,False,multimodal,psd-fc-wpli,gated,cnn,True,finetune,segssl_barlow_all-patient_psd-fc-wpli_finetune_seed13_pre20_proj32_mask0_03_noise0_02_mlp1_0_sup100,True,barlow,psd,all-patient,True,13,1.0,0.1,32,0.03,0.02
multimodal_psd-fc-wpli_gated_cnn,4,sub09,sub01;sub05;sub07;sub08;sub11;sub13;sub14;sub15;sub16;sub17;sub18;sub20;sub22;sub24;sub27;sub28;sub29,sub10,13,0.5933026075363159,0.6334350109100342,0.002,1e-05,1.0,1.0,True,False,multimodal,psd-fc-wpli,gated,cnn,True,finetune,segssl_barlow_all-patient_psd-fc-wpli_finetune_seed13_pre20_proj32_mask0_03_noise0_02_mlp1_0_sup100,True,barlow,psd,all-patient,True,13,1.0,0.1,32,0.03,0.02
multimodal_psd-fc-wpli_gated_cnn,4,sub09,sub01;sub05;sub07;sub08;sub11;sub13;sub14;sub15;sub16;sub17;sub18;sub20;sub22;sub24;sub27;sub28;sub29,sub10,14,0.5794583559036255,0.6233702301979065,0.002,1e-05,1.0,1.0,True,False,multimodal,psd-fc-wpli,gated,cnn,True,finetune,segssl_barlow_all-patient_psd-fc-wpli_finetune_seed13_pre20_proj32_mask0_03_noise0_02_mlp1_0_sup100,True,barlow,psd,all-patient,True,13,1.0,0.1,32,0.03,0.02
multimodal_psd-fc-wpli_gated_cnn,4,sub09,sub01;sub05;sub07;sub08;sub11;sub13;sub14;sub15;sub16;sub17;sub18;sub20;sub22;sub24;sub27;sub28;sub29,sub10,15,0.5644679665565491,0.6106600761413574,0.002,1e-05,1.0,1.0,True,False,multimodal,psd-fc-wpli,gated,cnn,True,finetune,segssl_barlow_all-patient_psd-fc-wpli_finetune_seed13_pre20_proj32_mask0_03_noise0_02_mlp1_0_sup100,True,barlow,psd,all-patient,True,13,1.0,0.1,32,0.03,0.02
multimodal_psd-fc-wpli_gated_cnn,4,sub09,sub01;sub05;sub07;sub08;sub11;sub13;sub14;sub15;sub16;sub17;sub18;sub20;sub22;sub24;sub27;sub28;sub29,sub10,16,0.5480999946594238,0.5962945222854614,0.002,1e-05,1.0,1.0,True,False,multimodal,psd-fc-wpli,gated,cnn,True,finetune,segssl_barlow_all-patient_psd-fc-wpli_finetune_seed13_pre20_proj32_mask0_03_noise0_02_mlp1_0_sup100,True,barlow,psd,all-patient,True,13,1.0,0.1,32,0.03,0.02
multimodal_psd-fc-wpli_gated_cnn,4,sub09,sub01;sub05;sub07;sub08;sub11;sub13;sub14;sub15;sub16;sub17;sub18;sub20;sub22;sub24;sub27;sub28;sub29,sub10,17,0.5304933190345764,0.5807239413261414,0.002,1e-05,1.0,1.0,True,False,multimodal,psd-fc-wpli,gated,cnn,True,finetune,segssl_barlow_all-patient_psd-fc-wpli_finetune_seed13_pre20_proj32_mask0_03_noise0_02_mlp1_0_sup100,True,barlow,psd,all-patient,True,13,1.0,0.1,32,0.03,0.02
multimodal_psd-fc-wpli_gated_cnn,4,sub09,sub01;sub05;sub07;sub08;sub11;sub13;sub14;sub15;sub16;sub17;sub18;sub20;sub22;sub24;sub27;sub28;sub29,sub10,18,0.511751115322113,0.5622369050979614,0.002,1e-05,1.0,1.0,True,False,multimodal,psd-fc-wpli,gated,cnn,True,finetune,segssl_barlow_all-patient_psd-fc-wpli_finetune_seed13_pre20_proj32_mask0_03_noise0_02_mlp1_0_sup100,True,barlow,psd,all-patient,True,13,1.0,0.1,32,0.03,0.02
multimodal_psd-fc-wpli_gated_cnn,4,sub09,sub01;sub05;sub07;sub08;sub11;sub13;sub14;sub15;sub16;sub17;sub18;sub20;sub22;sub24;sub27;sub28;sub29,sub10,19,0.4918179214000702,0.5434371829032898,0.002,1e-05,1.0,1.0,True,False,multimodal,psd-fc-wpli,gated,cnn,True,finetune,segssl_barlow_all-patient_psd-fc-wpli_finetune_seed13_pre20_proj32_mask0_03_noise0_02_mlp1_0_sup100,True,barlow,psd,all-patient,True,13,1.0,0.1,32,0.03,0.02
multimodal_psd-fc-wpli_gated_cnn,4,sub09,sub01;sub05;sub07;sub08;sub11;sub13;sub14;sub15;sub16;sub17;sub18;sub20;sub22;sub24;sub27;sub28;sub29,sub10,20,0.47059497237205505,0.5263139605522156,0.002,1e-05,1.0,1.0,True,False,multimodal,psd-fc-wpli,gated,cnn,True,finetune,segssl_barlow_all-patient_psd-fc-wpli_finetune_seed13_pre20_proj32_mask0_03_noise0_02_mlp1_0_sup100,True,barlow,psd,all-patient,True,13,1.0,0.1,32,0.03,0.02
multimodal_psd-fc-wpli_gated_cnn,4,sub09,sub01;sub05;sub07;sub08;sub11;sub13;sub14;sub15;sub16;sub17;sub18;sub20;sub22;sub24;sub27;sub28;sub29,sub10,21,0.44794929027557373,0.5101145505905151,0.002,1e-05,1.0,1.0,True,False,multimodal,psd-fc-wpli,gated,cnn,True,finetune,segssl_barlow_all-patient_psd-fc-wpli_finetune_seed13_pre20_proj32_mask0_03_noise0_02_mlp1_0_sup100,True,barlow,psd,all-patient,True,13,1.0,0.1,32,0.03,0.02
multimodal_psd-fc-wpli_gated_cnn,4,sub09,sub01;sub05;sub07;sub08;sub11;sub13;sub14;sub15;sub16;sub17;sub18;sub20;sub22;sub24;sub27;sub28;sub29,sub10,22,0.42399653792381287,0.49382203817367554,0.002,1e-05,1.0,1.0,True,False,multimodal,psd-fc-wpli,gated,cnn,True,finetune,segssl_barlow_all-patient_psd-fc-wpli_finetune_seed13_pre20_proj32_mask0_03_noise0_02_mlp1_0_sup100,True,barlow,psd,all-patient,True,13,1.0,0.1,32,0.03,0.02
multimodal_psd-fc-wpli_gated_cnn,4,sub09,sub01;sub05;sub07;sub08;sub11;sub13;sub14;sub15;sub16;sub17;sub18;sub20;sub22;sub24;sub27;sub28;sub29,sub10,23,0.39896997809410095,0.47715967893600464,0.002,1e-05,1.0,1.0,True,False,multimodal,psd-fc-wpli,gated,cnn,True,finetune,segssl_barlow_all-patient_psd-fc-wpli_finetune_seed13_pre20_proj32_mask0_03_noise0_02_mlp1_0_sup100,True,barlow,psd,all-patient,True,13,1.0,0.1,32,0.03,0.02
multimodal_psd-fc-wpli_gated_cnn,4,sub09,sub01;sub05;sub07;sub08;sub11;sub13;sub14;sub15;sub16;sub17;sub18;sub20;sub22;sub24;sub27;sub28;sub29,sub10,24,0.3730260133743286,0.4587025046348572,0.002,1e-05,1.0,1.0,True,False,multimodal,psd-fc-wpli,gated,cnn,True,finetune,segssl_barlow_all-patient_psd-fc-wpli_finetune_seed13_pre20_proj32_mask0_03_noise0_02_mlp1_0_sup100,True,barlow,psd,all-patient,True,13,1.0,0.1,32,0.03,0.02
multimodal_psd-fc-wpli_gated_cnn,4,sub09,sub01;sub05;sub07;sub08;sub11;sub13;sub14;sub15;sub16;sub17;sub18;sub20;sub22;sub24;sub27;sub28;sub29,sub10,25,0.3465230166912079,0.4402879774570465,0.002,1e-05,1.0,1.0,True,False,multimodal,psd-fc-wpli,gated,cnn,True,finetune,segssl_barlow_all-patient_psd-fc-wpli_finetune_seed13_pre20_proj32_mask0_03_noise0_02_mlp1_0_sup100,True,barlow,psd,all-patient,True,13,1.0,0.1,32,0.03,0.02
multimodal_psd-fc-wpli_gated_cnn,4,sub09,sub01;sub05;sub07;sub08;sub11;sub13;sub14;sub15;sub16;sub17;sub18;sub20;sub22;sub24;sub27;sub28;sub29,sub10,26,0.31961220502853394,0.4199792742729187,0.002,1e-05,1.0,1.0,True,False,multimodal,psd-fc-wpli,gated,cnn,True,finetune,segssl_barlow_all-patient_psd-fc-wpli_finetune_seed13_pre20_proj32_mask0_03_noise0_02_mlp1_0_sup100,True,barlow,psd,all-patient,True,13,1.0,0.1,32,0.03,0.02
multimodal_psd-fc-wpli_gated_cnn,4,sub09,sub01;sub05;sub07;sub08;sub11;sub13;sub14;sub15;sub16;sub17;sub18;sub20;sub22;sub24;sub27;sub28;sub29,sub10,27,0.2925964295864105,0.3947625160217285,0.002,1e-05,1.0,1.0,True,False,multimodal,psd-fc-wpli,gated,cnn,True,finetune,segssl_barlow_all-patient_psd-fc-wpli_finetune_seed13_pre20_proj32_mask0_03_noise0_02_mlp1_0_sup100,True,barlow,psd,all-patient,True,13,1.0,0.1,32,0.03,0.02
multimodal_psd-fc-wpli_gated_cnn,4,sub09,sub01;sub05;sub07;sub08;sub11;sub13;sub14;sub15;sub16;sub17;sub18;sub20;sub22;sub24;sub27;sub28;sub29,sub10,28,0.26573482155799866,0.3636469841003418,0.002,1e-05,1.0,1.0,True,False,multimodal,psd-fc-wpli,gated,cnn,True,finetune,segssl_barlow_all-patient_psd-fc-wpli_finetune_seed13_pre20_proj32_mask0_03_noise0_02_mlp1_0_sup100,True,barlow,psd,all-patient,True,13,1.0,0.1,32,0.03,0.02
multimodal_psd-fc-wpli_gated_cnn,4,sub09,sub01;sub05;sub07;sub08;sub11;sub13;sub14;sub15;sub16;sub17;sub18;sub20;sub22;sub24;sub27;sub28;sub29,sub10,29,0.23940910398960114,0.32826587557792664,0.002,1e-05,1.0,1.0,True,False,multimodal,psd-fc-wpli,gated,cnn,True,finetune,segssl_barlow_all-patient_psd-fc-wpli_finetune_seed13_pre20_proj32_mask0_03_noise0_02_mlp1_0_sup100,True,barlow,psd,all-patient,True,13,1.0,0.1,32,0.03,0.02
multimodal_psd-fc-wpli_gated_cnn,4,sub09,sub01;sub05;sub07;sub08;sub11;sub13;sub14;sub15;sub16;sub17;sub18;sub20;sub22;sub24;sub27;sub28;sub29,sub10,30,0.21385887265205383,0.2921496033668518,0.002,1e-05,1.0,1.0,True,False,multimodal,psd-fc-wpli,gated,cnn,True,finetune,segssl_barlow_all-patient_psd-fc-wpli_finetune_seed13_pre20_proj32_mask0_03_noise0_02_mlp1_0_sup100,True,barlow,psd,all-patient,True,13,1.0,0.1,32,0.03,0.02
multimodal_psd-fc-wpli_gated_cnn,4,sub09,sub01;sub05;sub07;sub08;sub11;sub13;sub14;sub15;sub16;sub17;sub18;sub20;sub22;sub24;sub27;sub28;sub29,sub10,31,0.18933498859405518,0.26069000363349915,0.002,1e-05,1.0,1.0,True,False,multimodal,psd-fc-wpli,gated,cnn,True,finetune,segssl_barlow_all-patient_psd-fc-wpli_finetune_seed13_pre20_proj32_mask0_03_noise0_02_mlp1_0_sup100,True,barlow,psd,all-patient,True,13,1.0,0.1,32,0.03,0.02
multimodal_psd-fc-wpli_gated_cnn,4,sub09,sub01;sub05;sub07;sub08;sub11;sub13;sub14;sub15;sub16;sub17;sub18;sub20;sub22;sub24;sub27;sub28;sub29,sub10,32,0.16620486974716187,0.23247303068637848,0.002,1e-05,1.0,1.0,True,False,multimodal,psd-fc-wpli,gated,cnn,True,finetune,segssl_barlow_all-patient_psd-fc-wpli_finetune_seed13_pre20_proj32_mask0_03_noise0_02_mlp1_0_sup100,True,barlow,psd,all-patient,True,13,1.0,0.1,32,0.03,0.02
multimodal_psd-fc-wpli_gated_cnn,4,sub09,sub01;sub05;sub07;sub08;sub11;sub13;sub14;sub15;sub16;sub17;sub18;sub20;sub22;sub24;sub27;sub28;sub29,sub10,33,0.1448090523481369,0.2052558958530426,0.002,1e-05,1.0,1.0,True,False,multimodal,psd-fc-wpli,gated,cnn,True,finetune,segssl_barlow_all-patient_psd-fc-wpli_finetune_seed13_pre20_proj32_mask0_03_noise0_02_mlp1_0_sup100,True,barlow,psd,all-patient,True,13,1.0,0.1,32,0.03,0.02
multimodal_psd-fc-wpli_gated_cnn,4,sub09,sub01;sub05;sub07;sub08;sub11;sub13;sub14;sub15;sub16;sub17;sub18;sub20;sub22;sub24;sub27;sub28;sub29,sub10,34,0.125034898519516,0.18439467251300812,0.002,1e-05,1.0,1.0,True,False,multimodal,psd-fc-wpli,gated,cnn,True,finetune,segssl_barlow_all-patient_psd-fc-wpli_finetune_seed13_pre20_proj32_mask0_03_noise0_02_mlp1_0_sup100,True,barlow,psd,all-patient,True,13,1.0,0.1,32,0.03,0.02
multimodal_psd-fc-wpli_gated_cnn,4,sub09,sub01;sub05;sub07;sub08;sub11;sub13;sub14;sub15;sub16;sub17;sub18;sub20;sub22;sub24;sub27;sub28;sub29,sub10,35,0.10709851235151291,0.17014546692371368,0.002,1e-05,1.0,1.0,True,False,multimodal,psd-fc-wpli,gated,cnn,True,finetune,segssl_barlow_all-patient_psd-fc-wpli_finetune_seed13_pre20_proj32_mask0_03_noise0_02_mlp1_0_sup100,True,barlow,psd,all-patient,True,13,1.0,0.1,32,0.03,0.02
multimodal_psd-fc-wpli_gated_cnn,4,sub09,sub01;sub05;sub07;sub08;sub11;sub13;sub14;sub15;sub16;sub17;sub18;sub20;sub22;sub24;sub27;sub28;sub29,sub10,36,0.09118242561817169,0.16045667231082916,0.002,1e-05,1.0,1.0,True,False,multimodal,psd-fc-wpli,gated,cnn,True,finetune,segssl_barlow_all-patient_psd-fc-wpli_finetune_seed13_pre20_proj32_mask0_03_noise0_02_mlp1_0_sup100,True,barlow,psd,all-patient,True,13,1.0,0.1,32,0.03,0.02
multimodal_psd-fc-wpli_gated_cnn,4,sub09,sub01;sub05;sub07;sub08;sub11;sub13;sub14;sub15;sub16;sub17;sub18;sub20;sub22;sub24;sub27;sub28;sub29,sub10,37,0.0771883875131607,0.15098083019256592,0.002,1e-05,1.0,1.0,True,False,multimodal,psd-fc-wpli,gated,cnn,True,finetune,segssl_barlow_all-patient_psd-fc-wpli_finetune_seed13_pre20_proj32_mask0_03_noise0_02_mlp1_0_sup100,True,barlow,psd,all-patient,True,13,1.0,0.1,32,0.03,0.02
multimodal_psd-fc-wpli_gated_cnn,4,sub09,sub01;sub05;sub07;sub08;sub11;sub13;sub14;sub15;sub16;sub17;sub18;sub20;sub22;sub24;sub27;sub28;sub29,sub10,38,0.06499474495649338,0.13868440687656403,0.002,1e-05,1.0,1.0,True,False,multimodal,psd-fc-wpli,gated,cnn,True,finetune,segssl_barlow_all-patient_psd-fc-wpli_finetune_seed13_pre20_proj32_mask0_03_noise0_02_mlp1_0_sup100,True,barlow,psd,all-patient,True,13,1.0,0.1,32,0.03,0.02
multimodal_psd-fc-wpli_gated_cnn,4,sub09,sub01;sub05;sub07;sub08;sub11;sub13;sub14;sub15;sub16;sub17;sub18;sub20;sub22;sub24;sub27;sub28;sub29,sub10,39,0.05447414144873619,0.12777411937713623,0.002,1e-05,1.0,1.0,True,False,multimodal,psd-fc-wpli,gated,cnn,True,finetune,segssl_barlow_all-patient_psd-fc-wpli_finetune_seed13_pre20_proj32_mask0_03_noise0_02_mlp1_0_sup100,True,barlow,psd,all-patient,True,13,1.0,0.1,32,0.03,0.02
multimodal_psd-fc-wpli_gated_cnn,4,sub09,sub01;sub05;sub07;sub08;sub11;sub13;sub14;sub15;sub16;sub17;sub18;sub20;sub22;sub24;sub27;sub28;sub29,sub10,40,0.04555056244134903,0.11969586461782455,0.002,1e-05,1.0,1.0,True,False,multimodal,psd-fc-wpli,gated,cnn,True,finetune,segssl_barlow_all-patient_psd-fc-wpli_finetune_seed13_pre20_proj32_mask0_03_noise0_02_mlp1_0_sup100,True,barlow,psd,all-patient,True,13,1.0,0.1,32,0.03,0.02
multimodal_psd-fc-wpli_gated_cnn,4,sub09,sub01;sub05;sub07;sub08;sub11;sub13;sub14;sub15;sub16;sub17;sub18;sub20;sub22;sub24;sub27;sub28;sub29,sub10,41,0.03799664229154587,0.11273973435163498,0.002,1e-05,1.0,1.0,True,False,multimodal,psd-fc-wpli,gated,cnn,True,finetune,segssl_barlow_all-patient_psd-fc-wpli_finetune_seed13_pre20_proj32_mask0_03_noise0_02_mlp1_0_sup100,True,barlow,psd,all-patient,True,13,1.0,0.1,32,0.03,0.02
multimodal_psd-fc-wpli_gated_cnn,4,sub09,sub01;sub05;sub07;sub08;sub11;sub13;sub14;sub15;sub16;sub17;sub18;sub20;sub22;sub24;sub27;sub28;sub29,sub10,42,0.03168492019176483,0.10420732945203781,0.002,1e-05,1.0,1.0,True,False,multimodal,psd-fc-wpli,gated,cnn,True,finetune,segssl_barlow_all-patient_psd-fc-wpli_finetune_seed13_pre20_proj32_mask0_03_noise0_02_mlp1_0_sup100,True,barlow,psd,all-patient,True,13,1.0,0.1,32,0.03,0.02
multimodal_psd-fc-wpli_gated_cnn,4,sub09,sub01;sub05;sub07;sub08;sub11;sub13;sub14;sub15;sub16;sub17;sub18;sub20;sub22;sub24;sub27;sub28;sub29,sub10,43,0.02645404264330864,0.09270033240318298,0.002,1e-05,1.0,1.0,True,False,multimodal,psd-fc-wpli,gated,cnn,True,finetune,segssl_barlow_all-patient_psd-fc-wpli_finetune_seed13_pre20_proj32_mask0_03_noise0_02_mlp1_0_sup100,True,barlow,psd,all-patient,True,13,1.0,0.1,32,0.03,0.02
multimodal_psd-fc-wpli_gated_cnn,4,sub09,sub01;sub05;sub07;sub08;sub11;sub13;sub14;sub15;sub16;sub17;sub18;sub20;sub22;sub24;sub27;sub28;sub29,sub10,44,0.02209373004734516,0.08175577223300934,0.002,1e-05,1.0,1.0,True,False,multimodal,psd-fc-wpli,gated,cnn,True,finetune,segssl_barlow_all-patient_psd-fc-wpli_finetune_seed13_pre20_proj32_mask0_03_noise0_02_mlp1_0_sup100,True,barlow,psd,all-patient,True,13,1.0,0.1,32,0.03,0.02
multimodal_psd-fc-wpli_gated_cnn,4,sub09,sub01;sub05;sub07;sub08;sub11;sub13;sub14;sub15;sub16;sub17;sub18;sub20;sub22;sub24;sub27;sub28;sub29,sub10,45,0.018531130626797676,0.07349555939435959,0.002,1e-05,1.0,1.0,True,False,multimodal,psd-fc-wpli,gated,cnn,True,finetune,segssl_barlow_all-patient_psd-fc-wpli_finetune_seed13_pre20_proj32_mask0_03_noise0_02_mlp1_0_sup100,True,barlow,psd,all-patient,True,13,1.0,0.1,32,0.03,0.02
multimodal_psd-fc-wpli_gated_cnn,4,sub09,sub01;sub05;sub07;sub08;sub11;sub13;sub14;sub15;sub16;sub17;sub18;sub20;sub22;sub24;sub27;sub28;sub29,sub10,46,0.015607533976435661,0.06787845492362976,0.002,1e-05,1.0,1.0,True,False,multimodal,psd-fc-wpli,gated,cnn,True,finetune,segssl_barlow_all-patient_psd-fc-wpli_finetune_seed13_pre20_proj32_mask0_03_noise0_02_mlp1_0_sup100,True,barlow,psd,all-patient,True,13,1.0,0.1,32,0.03,0.02
multimodal_psd-fc-wpli_gated_cnn,4,sub09,sub01;sub05;sub07;sub08;sub11;sub13;sub14;sub15;sub16;sub17;sub18;sub20;sub22;sub24;sub27;sub28;sub29,sub10,47,0.013182951137423515,0.0636945590376854,0.002,1e-05,1.0,1.0,True,False,multimodal,psd-fc-wpli,gated,cnn,True,finetune,segssl_barlow_all-patient_psd-fc-wpli_finetune_seed13_pre20_proj32_mask0_03_noise0_02_mlp1_0_sup100,True,barlow,psd,all-patient,True,13,1.0,0.1,32,0.03,0.02
multimodal_psd-fc-wpli_gated_cnn,4,sub09,sub01;sub05;sub07;sub08;sub11;sub13;sub14;sub15;sub16;sub17;sub18;sub20;sub22;sub24;sub27;sub28;sub29,sub10,48,0.011193756945431232,0.06023996323347092,0.002,1e-05,1.0,1.0,True,False,multimodal,psd-fc-wpli,gated,cnn,True,finetune,segssl_barlow_all-patient_psd-fc-wpli_finetune_seed13_pre20_proj32_mask0_03_noise0_02_mlp1_0_sup100,True,barlow,psd,all-patient,True,13,1.0,0.1,32,0.03,0.02
multimodal_psd-fc-wpli_gated_cnn,4,sub09,sub01;sub05;sub07;sub08;sub11;sub13;sub14;sub15;sub16;sub17;sub18;sub20;sub22;sub24;sub27;sub28;sub29,sub10,49,0.00956806167960167,0.05706807225942612,0.002,1e-05,1.0,1.0,True,False,multimodal,psd-fc-wpli,gated,cnn,True,finetune,segssl_barlow_all-patient_psd-fc-wpli_finetune_seed13_pre20_proj32_mask0_03_noise0_02_mlp1_0_sup100,True,barlow,psd,all-patient,True,13,1.0,0.1,32,0.03,0.02
multimodal_psd-fc-wpli_gated_cnn,4,sub09,sub01;sub05;sub07;sub08;sub11;sub13;sub14;sub15;sub16;sub17;sub18;sub20;sub22;sub24;sub27;sub28;sub29,sub10,50,0.008228999562561512,0.054062165319919586,0.002,1e-05,1.0,1.0,True,False,multimodal,psd-fc-wpli,gated,cnn,True,finetune,segssl_barlow_all-patient_psd-fc-wpli_finetune_seed13_pre20_proj32_mask0_03_noise0_02_mlp1_0_sup100,True,barlow,psd,all-patient,True,13,1.0,0.1,32,0.03,0.02
multimodal_psd-fc-wpli_gated_cnn,4,sub09,sub01;sub05;sub07;sub08;sub11;sub13;sub14;sub15;sub16;sub17;sub18;sub20;sub22;sub24;sub27;sub28;sub29,sub10,51,0.007112507242709398,0.051255159080028534,0.002,1e-05,1.0,1.0,True,False,multimodal,psd-fc-wpli,gated,cnn,True,finetune,segssl_barlow_all-patient_psd-fc-wpli_finetune_seed13_pre20_proj32_mask0_03_noise0_02_mlp1_0_sup100,True,barlow,psd,all-patient,True,13,1.0,0.1,32,0.03,0.02
multimodal_psd-fc-wpli_gated_cnn,4,sub09,sub01;sub05;sub07;sub08;sub11;sub13;sub14;sub15;sub16;sub17;sub18;sub20;sub22;sub24;sub27;sub28;sub29,sub10,52,0.006181709002703428,0.04891321063041687,0.002,1e-05,1.0,1.0,True,False,multimodal,psd-fc-wpli,gated,cnn,True,finetune,segssl_barlow_all-patient_psd-fc-wpli_finetune_seed13_pre20_proj32_mask0_03_noise0_02_mlp1_0_sup100,True,barlow,psd,all-patient,True,13,1.0,0.1,32,0.03,0.02
multimodal_psd-fc-wpli_gated_cnn,4,sub09,sub01;sub05;sub07;sub08;sub11;sub13;sub14;sub15;sub16;sub17;sub18;sub20;sub22;sub24;sub27;sub28;sub29,sub10,53,0.005407992284744978,0.04705143719911575,0.002,1e-05,1.0,1.0,True,False,multimodal,psd-fc-wpli,gated,cnn,True,finetune,segssl_barlow_all-patient_psd-fc-wpli_finetune_seed13_pre20_proj32_mask0_03_noise0_02_mlp1_0_sup100,True,barlow,psd,all-patient,True,13,1.0,0.1,32,0.03,0.02
multimodal_psd-fc-wpli_gated_cnn,4,sub09,sub01;sub05;sub07;sub08;sub11;sub13;sub14;sub15;sub16;sub17;sub18;sub20;sub22;sub24;sub27;sub28;sub29,sub10,54,0.004762156400829554,0.04561832547187805,0.002,1e-05,1.0,1.0,True,False,multimodal,psd-fc-wpli,gated,cnn,True,finetune,segssl_barlow_all-patient_psd-fc-wpli_finetune_seed13_pre20_proj32_mask0_03_noise0_02_mlp1_0_sup100,True,barlow,psd,all-patient,True,13,1.0,0.1,32,0.03,0.02
multimodal_psd-fc-wpli_gated_cnn,4,sub09,sub01;sub05;sub07;sub08;sub11;sub13;sub14;sub15;sub16;sub17;sub18;sub20;sub22;sub24;sub27;sub28;sub29,sub10,55,0.004219559021294117,0.044565729796886444,0.002,1e-05,1.0,1.0,True,False,multimodal,psd-fc-wpli,gated,cnn,True,finetune,segssl_barlow_all-patient_psd-fc-wpli_finetune_seed13_pre20_proj32_mask0_03_noise0_02_mlp1_0_sup100,True,barlow,psd,all-patient,True,13,1.0,0.1,32,0.03,0.02
multimodal_psd-fc-wpli_gated_cnn,4,sub09,sub01;sub05;sub07;sub08;sub11;sub13;sub14;sub15;sub16;sub17;sub18;sub20;sub22;sub24;sub27;sub28;sub29,sub10,56,0.0037614053580909967,0.04367892071604729,0.002,1e-05,1.0,1.0,True,False,multimodal,psd-fc-wpli,gated,cnn,True,finetune,segssl_barlow_all-patient_psd-fc-wpli_finetune_seed13_pre20_proj32_mask0_03_noise0_02_mlp1_0_sup100,True,barlow,psd,all-patient,True,13,1.0,0.1,32,0.03,0.02
multimodal_psd-fc-wpli_gated_cnn,4,sub09,sub01;sub05;sub07;sub08;sub11;sub13;sub14;sub15;sub16;sub17;sub18;sub20;sub22;sub24;sub27;sub28;sub29,sub10,57,0.0033704079687595367,0.04293493553996086,0.002,1e-05,1.0,1.0,True,False,multimodal,psd-fc-wpli,gated,cnn,True,finetune,segssl_barlow_all-patient_psd-fc-wpli_finetune_seed13_pre20_proj32_mask0_03_noise0_02_mlp1_0_sup100,True,barlow,psd,all-patient,True,13,1.0,0.1,32,0.03,0.02
multimodal_psd-fc-wpli_gated_cnn,4,sub09,sub01;sub05;sub07;sub08;sub11;sub13;sub14;sub15;sub16;sub17;sub18;sub20;sub22;sub24;sub27;sub28;sub29,sub10,58,0.003034989582374692,0.04218049719929695,0.002,1e-05,1.0,1.0,True,False,multimodal,psd-fc-wpli,gated,cnn,True,finetune,segssl_barlow_all-patient_psd-fc-wpli_finetune_seed13_pre20_proj32_mask0_03_noise0_02_mlp1_0_sup100,True,barlow,psd,all-patient,True,13,1.0,0.1,32,0.03,0.02
multimodal_psd-fc-wpli_gated_cnn,4,sub09,sub01;sub05;sub07;sub08;sub11;sub13;sub14;sub15;sub16;sub17;sub18;sub20;sub22;sub24;sub27;sub28;sub29,sub10,59,0.0027468998450785875,0.04123616963624954,0.002,1e-05,1.0,1.0,True,False,multimodal,psd-fc-wpli,gated,cnn,True,finetune,segssl_barlow_all-patient_psd-fc-wpli_finetune_seed13_pre20_proj32_mask0_03_noise0_02_mlp1_0_sup100,True,barlow,psd,all-patient,True,13,1.0,0.1,32,0.03,0.02
multimodal_psd-fc-wpli_gated_cnn,4,sub09,sub01;sub05;sub07;sub08;sub11;sub13;sub14;sub15;sub16;sub17;sub18;sub20;sub22;sub24;sub27;sub28;sub29,sub10,60,0.0024981817696243525,0.040037158876657486,0.002,1e-05,1.0,1.0,True,False,multimodal,psd-fc-wpli,gated,cnn,True,finetune,segssl_barlow_all-patient_psd-fc-wpli_finetune_seed13_pre20_proj32_mask0_03_noise0_02_mlp1_0_sup100,True,barlow,psd,all-patient,True,13,1.0,0.1,32,0.03,0.02
multimodal_psd-fc-wpli_gated_cnn,4,sub09,sub01;sub05;sub07;sub08;sub11;sub13;sub14;sub15;sub16;sub17;sub18;sub20;sub22;sub24;sub27;sub28;sub29,sub10,61,0.002281448571011424,0.038600798696279526,0.002,1e-05,1.0,1.0,True,False,multimodal,psd-fc-wpli,gated,cnn,True,finetune,segssl_barlow_all-patient_psd-fc-wpli_finetune_seed13_pre20_proj32_mask0_03_noise0_02_mlp1_0_sup100,True,barlow,psd,all-patient,True,13,1.0,0.1,32,0.03,0.02
multimodal_psd-fc-wpli_gated_cnn,4,sub09,sub01;sub05;sub07;sub08;sub11;sub13;sub14;sub15;sub16;sub17;sub18;sub20;sub22;sub24;sub27;sub28;sub29,sub10,62,0.002092217095196247,0.03708546236157417,0.002,1e-05,1.0,1.0,True,False,multimodal,psd-fc-wpli,gated,cnn,True,finetune,segssl_barlow_all-patient_psd-fc-wpli_finetune_seed13_pre20_proj32_mask0_03_noise0_02_mlp1_0_sup100,True,barlow,psd,all-patient,True,13,1.0,0.1,32,0.03,0.02
multimodal_psd-fc-wpli_gated_cnn,4,sub09,sub01;sub05;sub07;sub08;sub11;sub13;sub14;sub15;sub16;sub17;sub18;sub20;sub22;sub24;sub27;sub28;sub29,sub10,63,0.0019272745121270418,0.035596445202827454,0.002,1e-05,1.0,1.0,True,False,multimodal,psd-fc-wpli,gated,cnn,True,finetune,segssl_barlow_all-patient_psd-fc-wpli_finetune_seed13_pre20_proj32_mask0_03_noise0_02_mlp1_0_sup100,True,barlow,psd,all-patient,True,13,1.0,0.1,32,0.03,0.02
multimodal_psd-fc-wpli_gated_cnn,4,sub09,sub01;sub05;sub07;sub08;sub11;sub13;sub14;sub15;sub16;sub17;sub18;sub20;sub22;sub24;sub27;sub28;sub29,sub10,64,0.0017828610725700855,0.0342022180557251,0.002,1e-05,1.0,1.0,True,False,multimodal,psd-fc-wpli,gated,cnn,True,finetune,segssl_barlow_all-patient_psd-fc-wpli_finetune_seed13_pre20_proj32_mask0_03_noise0_02_mlp1_0_sup100,True,barlow,psd,all-patient,True,13,1.0,0.1,32,0.03,0.02
multimodal_psd-fc-wpli_gated_cnn,4,sub09,sub01;sub05;sub07;sub08;sub11;sub13;sub14;sub15;sub16;sub17;sub18;sub20;sub22;sub24;sub27;sub28;sub29,sub10,65,0.001655975473113358,0.033008527010679245,0.002,1e-05,1.0,1.0,True,False,multimodal,psd-fc-wpli,gated,cnn,True,finetune,segssl_barlow_all-patient_psd-fc-wpli_finetune_seed13_pre20_proj32_mask0_03_noise0_02_mlp1_0_sup100,True,barlow,psd,all-patient,True,13,1.0,0.1,32,0.03,0.02
multimodal_psd-fc-wpli_gated_cnn,4,sub09,sub01;sub05;sub07;sub08;sub11;sub13;sub14;sub15;sub16;sub17;sub18;sub20;sub22;sub24;sub27;sub28;sub29,sub10,66,0.0015439086128026247,0.031979821622371674,0.002,1e-05,1.0,1.0,True,False,multimodal,psd-fc-wpli,gated,cnn,True,finetune,segssl_barlow_all-patient_psd-fc-wpli_finetune_seed13_pre20_proj32_mask0_03_noise0_02_mlp1_0_sup100,True,barlow,psd,all-patient,True,13,1.0,0.1,32,0.03,0.02
multimodal_psd-fc-wpli_gated_cnn,4,sub09,sub01;sub05;sub07;sub08;sub11;sub13;sub14;sub15;sub16;sub17;sub18;sub20;sub22;sub24;sub27;sub28;sub29,sub10,67,0.0014443575637415051,0.031104037538170815,0.002,1e-05,1.0,1.0,True,False,multimodal,psd-fc-wpli,gated,cnn,True,finetune,segssl_barlow_all-patient_psd-fc-wpli_finetune_seed13_pre20_proj32_mask0_03_noise0_02_mlp1_0_sup100,True,barlow,psd,all-patient,True,13,1.0,0.1,32,0.03,0.02
multimodal_psd-fc-wpli_gated_cnn,4,sub09,sub01;sub05;sub07;sub08;sub11;sub13;sub14;sub15;sub16;sub17;sub18;sub20;sub22;sub24;sub27;sub28;sub29,sub10,68,0.0013554367469623685,0.030359698459506035,0.002,1e-05,1.0,1.0,True,False,multimodal,psd-fc-wpli,gated,cnn,True,finetune,segssl_barlow_all-patient_psd-fc-wpli_finetune_seed13_pre20_proj32_mask0_03_noise0_02_mlp1_0_sup100,True,barlow,psd,all-patient,True,13,1.0,0.1,32,0.03,0.02
multimodal_psd-fc-wpli_gated_cnn,4,sub09,sub01;sub05;sub07;sub08;sub11;sub13;sub14;sub15;sub16;sub17;sub18;sub20;sub22;sub24;sub27;sub28;sub29,sub10,69,0.0012757714139297605,0.029696468263864517,0.002,1e-05,1.0,1.0,True,False,multimodal,psd-fc-wpli,gated,cnn,True,finetune,segssl_barlow_all-patient_psd-fc-wpli_finetune_seed13_pre20_proj32_mask0_03_noise0_02_mlp1_0_sup100,True,barlow,psd,all-patient,True,13,1.0,0.1,32,0.03,0.02
multimodal_psd-fc-wpli_gated_cnn,4,sub09,sub01;sub05;sub07;sub08;sub11;sub13;sub14;sub15;sub16;sub17;sub18;sub20;sub22;sub24;sub27;sub28;sub29,sub10,70,0.0012040502624586225,0.029097801074385643,0.002,1e-05,1.0,1.0,True,False,multimodal,psd-fc-wpli,gated,cnn,True,finetune,segssl_barlow_all-patient_psd-fc-wpli_finetune_seed13_pre20_proj32_mask0_03_noise0_02_mlp1_0_sup100,True,barlow,psd,all-patient,True,13,1.0,0.1,32,0.03,0.02
multimodal_psd-fc-wpli_gated_cnn,4,sub09,sub01;sub05;sub07;sub08;sub11;sub13;sub14;sub15;sub16;sub17;sub18;sub20;sub22;sub24;sub27;sub28;sub29,sub10,71,0.0011394080938771367,0.028536289930343628,0.002,1e-05,1.0,1.0,True,False,multimodal,psd-fc-wpli,gated,cnn,True,finetune,segssl_barlow_all-patient_psd-fc-wpli_finetune_seed13_pre20_proj32_mask0_03_noise0_02_mlp1_0_sup100,True,barlow,psd,all-patient,True,13,1.0,0.1,32,0.03,0.02
multimodal_psd-fc-wpli_gated_cnn,4,sub09,sub01;sub05;sub07;sub08;sub11;sub13;sub14;sub15;sub16;sub17;sub18;sub20;sub22;sub24;sub27;sub28;sub29,sub10,72,0.0010807034559547901,0.02796957641839981,0.002,1e-05,1.0,1.0,True,False,multimodal,psd-fc-wpli,gated,cnn,True,finetune,segssl_barlow_all-patient_psd-fc-wpli_finetune_seed13_pre20_proj32_mask0_03_noise0_02_mlp1_0_sup100,True,barlow,psd,all-patient,True,13,1.0,0.1,32,0.03,0.02
multimodal_psd-fc-wpli_gated_cnn,4,sub09,sub01;sub05;sub07;sub08;sub11;sub13;sub14;sub15;sub16;sub17;sub18;sub20;sub22;sub24;sub27;sub28;sub29,sub10,73,0.0010270739439874887,0.027386216446757317,0.002,1e-05,1.0,1.0,True,False,multimodal,psd-fc-wpli,gated,cnn,True,finetune,segssl_barlow_all-patient_psd-fc-wpli_finetune_seed13_pre20_proj32_mask0_03_noise0_02_mlp1_0_sup100,True,barlow,psd,all-patient,True,13,1.0,0.1,32,0.03,0.02
multimodal_psd-fc-wpli_gated_cnn,4,sub09,sub01;sub05;sub07;sub08;sub11;sub13;sub14;sub15;sub16;sub17;sub18;sub20;sub22;sub24;sub27;sub28;sub29,sub10,74,0.000978156109340489,0.026771297678351402,0.002,1e-05,1.0,1.0,True,False,multimodal,psd-fc-wpli,gated,cnn,True,finetune,segssl_barlow_all-patient_psd-fc-wpli_finetune_seed13_pre20_proj32_mask0_03_noise0_02_mlp1_0_sup100,True,barlow,psd,all-patient,True,13,1.0,0.1,32,0.03,0.02
multimodal_psd-fc-wpli_gated_cnn,4,sub09,sub01;sub05;sub07;sub08;sub11;sub13;sub14;sub15;sub16;sub17;sub18;sub20;sub22;sub24;sub27;sub28;sub29,sub10,75,0.0009332188637927175,0.026124145835638046,0.002,1e-05,1.0,1.0,True,False,multimodal,psd-fc-wpli,gated,cnn,True,finetune,segssl_barlow_all-patient_psd-fc-wpli_finetune_seed13_pre20_proj32_mask0_03_noise0_02_mlp1_0_sup100,True,barlow,psd,all-patient,True,13,1.0,0.1,32,0.03,0.02
multimodal_psd-fc-wpli_gated_cnn,4,sub09,sub01;sub05;sub07;sub08;sub11;sub13;sub14;sub15;sub16;sub17;sub18;sub20;sub22;sub24;sub27;sub28;sub29,sub10,76,0.0008918045205064118,0.025452468544244766,0.002,1e-05,1.0,1.0,True,False,multimodal,psd-fc-wpli,gated,cnn,True,finetune,segssl_barlow_all-patient_psd-fc-wpli_finetune_seed13_pre20_proj32_mask0_03_noise0_02_mlp1_0_sup100,True,barlow,psd,all-patient,True,13,1.0,0.1,32,0.03,0.02
multimodal_psd-fc-wpli_gated_cnn,4,sub09,sub01;sub05;sub07;sub08;sub11;sub13;sub14;sub15;sub16;sub17;sub18;sub20;sub22;sub24;sub27;sub28;sub29,sub10,77,0.0008534927619621158,0.024766454473137856,0.002,1e-05,1.0,1.0,True,False,multimodal,psd-fc-wpli,gated,cnn,True,finetune,segssl_barlow_all-patient_psd-fc-wpli_finetune_seed13_pre20_proj32_mask0_03_noise0_02_mlp1_0_sup100,True,barlow,psd,all-patient,True,13,1.0,0.1,32,0.03,0.02
multimodal_psd-fc-wpli_gated_cnn,4,sub09,sub01;sub05;sub07;sub08;sub11;sub13;sub14;sub15;sub16;sub17;sub18;sub20;sub22;sub24;sub27;sub28;sub29,sub10,78,0.0008178707212209702,0.02407645434141159,0.002,1e-05,1.0,1.0,True,False,multimodal,psd-fc-wpli,gated,cnn,True,finetune,segssl_barlow_all-patient_psd-fc-wpli_finetune_seed13_pre20_proj32_mask0_03_noise0_02_mlp1_0_sup100,True,barlow,psd,all-patient,True,13,1.0,0.1,32,0.03,0.02
multimodal_psd-fc-wpli_gated_cnn,4,sub09,sub01;sub05;sub07;sub08;sub11;sub13;sub14;sub15;sub16;sub17;sub18;sub20;sub22;sub24;sub27;sub28;sub29,sub10,79,0.0007845032378099859,0.02338869869709015,0.002,1e-05,1.0,1.0,True,False,multimodal,psd-fc-wpli,gated,cnn,True,finetune,segssl_barlow_all-patient_psd-fc-wpli_finetune_seed13_pre20_proj32_mask0_03_noise0_02_mlp1_0_sup100,True,barlow,psd,all-patient,True,13,1.0,0.1,32,0.03,0.02
multimodal_psd-fc-wpli_gated_cnn,4,sub09,sub01;sub05;sub07;sub08;sub11;sub13;sub14;sub15;sub16;sub17;sub18;sub20;sub22;sub24;sub27;sub28;sub29,sub10,80,0.0007532186573371291,0.02271605096757412,0.002,1e-05,1.0,1.0,True,False,multimodal,psd-fc-wpli,gated,cnn,True,finetune,segssl_barlow_all-patient_psd-fc-wpli_finetune_seed13_pre20_proj32_mask0_03_noise0_02_mlp1_0_sup100,True,barlow,psd,all-patient,True,13,1.0,0.1,32,0.03,0.02
multimodal_psd-fc-wpli_gated_cnn,4,sub09,sub01;sub05;sub07;sub08;sub11;sub13;sub14;sub15;sub16;sub17;sub18;sub20;sub22;sub24;sub27;sub28;sub29,sub10,81,0.0007238414254970849,0.022079013288021088,0.002,1e-05,1.0,1.0,True,False,multimodal,psd-fc-wpli,gated,cnn,True,finetune,segssl_barlow_all-patient_psd-fc-wpli_finetune_seed13_pre20_proj32_mask0_03_noise0_02_mlp1_0_sup100,True,barlow,psd,all-patient,True,13,1.0,0.1,32,0.03,0.02
multimodal_psd-fc-wpli_gated_cnn,4,sub09,sub01;sub05;sub07;sub08;sub11;sub13;sub14;sub15;sub16;sub17;sub18;sub20;sub22;sub24;sub27;sub28;sub29,sub10,82,0.0006961283506825566,0.021484948694705963,0.002,1e-05,1.0,1.0,True,False,multimodal,psd-fc-wpli,gated,cnn,True,finetune,segssl_barlow_all-patient_psd-fc-wpli_finetune_seed13_pre20_proj32_mask0_03_noise0_02_mlp1_0_sup100,True,barlow,psd,all-patient,True,13,1.0,0.1,32,0.03,0.02
multimodal_psd-fc-wpli_gated_cnn,4,sub09,sub01;sub05;sub07;sub08;sub11;sub13;sub14;sub15;sub16;sub17;sub18;sub20;sub22;sub24;sub27;sub28;sub29,sub10,83,0.0006698568467982113,0.020930860191583633,0.002,1e-05,1.0,1.0,True,False,multimodal,psd-fc-wpli,gated,cnn,True,finetune,segssl_barlow_all-patient_psd-fc-wpli_finetune_seed13_pre20_proj32_mask0_03_noise0_02_mlp1_0_sup100,True,barlow,psd,all-patient,True,13,1.0,0.1,32,0.03,0.02
multimodal_psd-fc-wpli_gated_cnn,4,sub09,sub01;sub05;sub07;sub08;sub11;sub13;sub14;sub15;sub16;sub17;sub18;sub20;sub22;sub24;sub27;sub28;sub29,sub10,84,0.0006448201602324843,0.020411446690559387,0.002,1e-05,1.0,1.0,True,False,multimodal,psd-fc-wpli,gated,cnn,True,finetune,segssl_barlow_all-patient_psd-fc-wpli_finetune_seed13_pre20_proj32_mask0_03_noise0_02_mlp1_0_sup100,True,barlow,psd,all-patient,True,13,1.0,0.1,32,0.03,0.02
multimodal_psd-fc-wpli_gated_cnn,4,sub09,sub01;sub05;sub07;sub08;sub11;sub13;sub14;sub15;sub16;sub17;sub18;sub20;sub22;sub24;sub27;sub28;sub29,sub10,85,0.0006209636921994388,0.01991875469684601,0.002,1e-05,1.0,1.0,True,False,multimodal,psd-fc-wpli,gated,cnn,True,finetune,segssl_barlow_all-patient_psd-fc-wpli_finetune_seed13_pre20_proj32_mask0_03_noise0_02_mlp1_0_sup100,True,barlow,psd,all-patient,True,13,1.0,0.1,32,0.03,0.02
multimodal_psd-fc-wpli_gated_cnn,4,sub09,sub01;sub05;sub07;sub08;sub11;sub13;sub14;sub15;sub16;sub17;sub18;sub20;sub22;sub24;sub27;sub28;sub29,sub10,86,0.000598166836425662,0.019444111734628677,0.002,1e-05,1.0,1.0,True,False,multimodal,psd-fc-wpli,gated,cnn,True,finetune,segssl_barlow_all-patient_psd-fc-wpli_finetune_seed13_pre20_proj32_mask0_03_noise0_02_mlp1_0_sup100,True,barlow,psd,all-patient,True,13,1.0,0.1,32,0.03,0.02
multimodal_psd-fc-wpli_gated_cnn,4,sub09,sub01;sub05;sub07;sub08;sub11;sub13;sub14;sub15;sub16;sub17;sub18;sub20;sub22;sub24;sub27;sub28;sub29,sub10,87,0.0005763874505646527,0.01897752843797207,0.002,1e-05,1.0,1.0,True,False,multimodal,psd-fc-wpli,gated,cnn,True,finetune,segssl_barlow_all-patient_psd-fc-wpli_finetune_seed13_pre20_proj32_mask0_03_noise0_02_mlp1_0_sup100,True,barlow,psd,all-patient,True,13,1.0,0.1,32,0.03,0.02
multimodal_psd-fc-wpli_gated_cnn,4,sub09,sub01;sub05;sub07;sub08;sub11;sub13;sub14;sub15;sub16;sub17;sub18;sub20;sub22;sub24;sub27;sub28;sub29,sub10,88,0.0005555078387260437,0.01851043663918972,0.002,1e-05,1.0,1.0,True,False,multimodal,psd-fc-wpli,gated,cnn,True,finetune,segssl_barlow_all-patient_psd-fc-wpli_finetune_seed13_pre20_proj32_mask0_03_noise0_02_mlp1_0_sup100,True,barlow,psd,all-patient,True,13,1.0,0.1,32,0.03,0.02
multimodal_psd-fc-wpli_gated_cnn,4,sub09,sub01;sub05;sub07;sub08;sub11;sub13;sub14;sub15;sub16;sub17;sub18;sub20;sub22;sub24;sub27;sub28;sub29,sub10,89,0.0005355454050004482,0.018035611137747765,0.002,1e-05,1.0,1.0,True,False,multimodal,psd-fc-wpli,gated,cnn,True,finetune,segssl_barlow_all-patient_psd-fc-wpli_finetune_seed13_pre20_proj32_mask0_03_noise0_02_mlp1_0_sup100,True,barlow,psd,all-patient,True,13,1.0,0.1,32,0.03,0.02
multimodal_psd-fc-wpli_gated_cnn,4,sub09,sub01;sub05;sub07;sub08;sub11;sub13;sub14;sub15;sub16;sub17;sub18;sub20;sub22;sub24;sub27;sub28;sub29,sub10,90,0.0005165361799299717,0.01754748448729515,0.002,1e-05,1.0,1.0,True,False,multimodal,psd-fc-wpli,gated,cnn,True,finetune,segssl_barlow_all-patient_psd-fc-wpli_finetune_seed13_pre20_proj32_mask0_03_noise0_02_mlp1_0_sup100,True,barlow,psd,all-patient,True,13,1.0,0.1,32,0.03,0.02
multimodal_psd-fc-wpli_gated_cnn,4,sub09,sub01;sub05;sub07;sub08;sub11;sub13;sub14;sub15;sub16;sub17;sub18;sub20;sub22;sub24;sub27;sub28;sub29,sub10,91,0.0004982988466508687,0.017042376101017,0.002,1e-05,1.0,1.0,True,False,multimodal,psd-fc-wpli,gated,cnn,True,finetune,segssl_barlow_all-patient_psd-fc-wpli_finetune_seed13_pre20_proj32_mask0_03_noise0_02_mlp1_0_sup100,True,barlow,psd,all-patient,True,13,1.0,0.1,32,0.03,0.02
multimodal_psd-fc-wpli_gated_cnn,4,sub09,sub01;sub05;sub07;sub08;sub11;sub13;sub14;sub15;sub16;sub17;sub18;sub20;sub22;sub24;sub27;sub28;sub29,sub10,92,0.000480826070997864,0.01652437448501587,0.002,1e-05,1.0,1.0,True,False,multimodal,psd-fc-wpli,gated,cnn,True,finetune,segssl_barlow_all-patient_psd-fc-wpli_finetune_seed13_pre20_proj32_mask0_03_noise0_02_mlp1_0_sup100,True,barlow,psd,all-patient,True,13,1.0,0.1,32,0.03,0.02
multimodal_psd-fc-wpli_gated_cnn,4,sub09,sub01;sub05;sub07;sub08;sub11;sub13;sub14;sub15;sub16;sub17;sub18;sub20;sub22;sub24;sub27;sub28;sub29,sub10,93,0.00046408275375142694,0.016001127660274506,0.002,1e-05,1.0,1.0,True,False,multimodal,psd-fc-wpli,gated,cnn,True,finetune,segssl_barlow_all-patient_psd-fc-wpli_finetune_seed13_pre20_proj32_mask0_03_noise0_02_mlp1_0_sup100,True,barlow,psd,all-patient,True,13,1.0,0.1,32,0.03,0.02
multimodal_psd-fc-wpli_gated_cnn,4,sub09,sub01;sub05;sub07;sub08;sub11;sub13;sub14;sub15;sub16;sub17;sub18;sub20;sub22;sub24;sub27;sub28;sub29,sub10,94,0.00044808516395278275,0.015482211485505104,0.002,1e-05,1.0,1.0,True,False,multimodal,psd-fc-wpli,gated,cnn,True,finetune,segssl_barlow_all-patient_psd-fc-wpli_finetune_seed13_pre20_proj32_mask0_03_noise0_02_mlp1_0_sup100,True,barlow,psd,all-patient,True,13,1.0,0.1,32,0.03,0.02
multimodal_psd-fc-wpli_gated_cnn,4,sub09,sub01;sub05;sub07;sub08;sub11;sub13;sub14;sub15;sub16;sub17;sub18;sub20;sub22;sub24;sub27;sub28;sub29,sub10,95,0.00043284616549499333,0.01497221551835537,0.002,1e-05,1.0,1.0,True,False,multimodal,psd-fc-wpli,gated,cnn,True,finetune,segssl_barlow_all-patient_psd-fc-wpli_finetune_seed13_pre20_proj32_mask0_03_noise0_02_mlp1_0_sup100,True,barlow,psd,all-patient,True,13,1.0,0.1,32,0.03,0.02
multimodal_psd-fc-wpli_gated_cnn,4,sub09,sub01;sub05;sub07;sub08;sub11;sub13;sub14;sub15;sub16;sub17;sub18;sub20;sub22;sub24;sub27;sub28;sub29,sub10,96,0.0004182872944511473,0.014472276903688908,0.002,1e-05,1.0,1.0,True,False,multimodal,psd-fc-wpli,gated,cnn,True,finetune,segssl_barlow_all-patient_psd-fc-wpli_finetune_seed13_pre20_proj32_mask0_03_noise0_02_mlp1_0_sup100,True,barlow,psd,all-patient,True,13,1.0,0.1,32,0.03,0.02
multimodal_psd-fc-wpli_gated_cnn,4,sub09,sub01;sub05;sub07;sub08;sub11;sub13;sub14;sub15;sub16;sub17;sub18;sub20;sub22;sub24;sub27;sub28;sub29,sub10,97,0.0004043643712066114,0.013979720883071423,0.002,1e-05,1.0,1.0,True,False,multimodal,psd-fc-wpli,gated,cnn,True,finetune,segssl_barlow_all-patient_psd-fc-wpli_finetune_seed13_pre20_proj32_mask0_03_noise0_02_mlp1_0_sup100,True,barlow,psd,all-patient,True,13,1.0,0.1,32,0.03,0.02
multimodal_psd-fc-wpli_gated_cnn,4,sub09,sub01;sub05;sub07;sub08;sub11;sub13;sub14;sub15;sub16;sub17;sub18;sub20;sub22;sub24;sub27;sub28;sub29,sub10,98,0.0003910781815648079,0.013494474813342094,0.002,1e-05,1.0,1.0,True,False,multimodal,psd-fc-wpli,gated,cnn,True,finetune,segssl_barlow_all-patient_psd-fc-wpli_finetune_seed13_pre20_proj32_mask0_03_noise0_02_mlp1_0_sup100,True,barlow,psd,all-patient,True,13,1.0,0.1,32,0.03,0.02
multimodal_psd-fc-wpli_gated_cnn,4,sub09,sub01;sub05;sub07;sub08;sub11;sub13;sub14;sub15;sub16;sub17;sub18;sub20;sub22;sub24;sub27;sub28;sub29,sub10,99,0.00037844039616174996,0.013014114461839199,0.002,1e-05,1.0,1.0,True,False,multimodal,psd-fc-wpli,gated,cnn,True,finetune,segssl_barlow_all-patient_psd-fc-wpli_finetune_seed13_pre20_proj32_mask0_03_noise0_02_mlp1_0_sup100,True,barlow,psd,all-patient,True,13,1.0,0.1,32,0.03,0.02
multimodal_psd-fc-wpli_gated_cnn,4,sub09,sub01;sub05;sub07;sub08;sub11;sub13;sub14;sub15;sub16;sub17;sub18;sub20;sub22;sub24;sub27;sub28;sub29,sub10,100,0.00036639400059357285,0.012542796321213245,0.002,1e-05,1.0,1.0,True,False,multimodal,psd-fc-wpli,gated,cnn,True,finetune,segssl_barlow_all-patient_psd-fc-wpli_finetune_seed13_pre20_proj32_mask0_03_noise0_02_mlp1_0_sup100,True,barlow,psd,all-patient,True,13,1.0,0.1,32,0.03,0.02
multimodal_psd-fc-wpli_gated_cnn,5,sub10,sub01;sub05;sub07;sub08;sub09;sub13;sub14;sub15;sub16;sub17;sub18;sub20;sub22;sub24;sub27;sub28;sub29,sub11,1,0.6916058659553528,0.7236011028289795,0.002,1e-05,1.0,1.0,True,False,multimodal,psd-fc-wpli,gated,cnn,True,finetune,segssl_barlow_all-patient_psd-fc-wpli_finetune_seed13_pre20_proj32_mask0_03_noise0_02_mlp1_0_sup100,True,barlow,psd,all-patient,True,13,1.0,0.1,32,0.03,0.02
multimodal_psd-fc-wpli_gated_cnn,5,sub10,sub01;sub05;sub07;sub08;sub09;sub13;sub14;sub15;sub16;sub17;sub18;sub20;sub22;sub24;sub27;sub28;sub29,sub11,2,0.6851528286933899,0.7310594320297241,0.002,1e-05,1.0,1.0,False,False,multimodal,psd-fc-wpli,gated,cnn,True,finetune,segssl_barlow_all-patient_psd-fc-wpli_finetune_seed13_pre20_proj32_mask0_03_noise0_02_mlp1_0_sup100,True,barlow,psd,all-patient,True,13,1.0,0.1,32,0.03,0.02
multimodal_psd-fc-wpli_gated_cnn,5,sub10,sub01;sub05;sub07;sub08;sub09;sub13;sub14;sub15;sub16;sub17;sub18;sub20;sub22;sub24;sub27;sub28;sub29,sub11,3,0.6789973378181458,0.7401162385940552,0.002,1e-05,1.0,1.0,False,False,multimodal,psd-fc-wpli,gated,cnn,True,finetune,segssl_barlow_all-patient_psd-fc-wpli_finetune_seed13_pre20_proj32_mask0_03_noise0_02_mlp1_0_sup100,True,barlow,psd,all-patient,True,13,1.0,0.1,32,0.03,0.02
multimodal_psd-fc-wpli_gated_cnn,5,sub10,sub01;sub05;sub07;sub08;sub09;sub13;sub14;sub15;sub16;sub17;sub18;sub20;sub22;sub24;sub27;sub28;sub29,sub11,4,0.6740123629570007,0.7452892065048218,0.002,1e-05,1.0,1.0,False,False,multimodal,psd-fc-wpli,gated,cnn,True,finetune,segssl_barlow_all-patient_psd-fc-wpli_finetune_seed13_pre20_proj32_mask0_03_noise0_02_mlp1_0_sup100,True,barlow,psd,all-patient,True,13,1.0,0.1,32,0.03,0.02
multimodal_psd-fc-wpli_gated_cnn,5,sub10,sub01;sub05;sub07;sub08;sub09;sub13;sub14;sub15;sub16;sub17;sub18;sub20;sub22;sub24;sub27;sub28;sub29,sub11,5,0.6689132452011108,0.7503395676612854,0.002,1e-05,1.0,1.0,False,False,multimodal,psd-fc-wpli,gated,cnn,True,finetune,segssl_barlow_all-patient_psd-fc-wpli_finetune_seed13_pre20_proj32_mask0_03_noise0_02_mlp1_0_sup100,True,barlow,psd,all-patient,True,13,1.0,0.1,32,0.03,0.02
multimodal_psd-fc-wpli_gated_cnn,5,sub10,sub01;sub05;sub07;sub08;sub09;sub13;sub14;sub15;sub16;sub17;sub18;sub20;sub22;sub24;sub27;sub28;sub29,sub11,6,0.6631771922111511,0.753543496131897,0.002,1e-05,1.0,1.0,False,False,multimodal,psd-fc-wpli,gated,cnn,True,finetune,segssl_barlow_all-patient_psd-fc-wpli_finetune_seed13_pre20_proj32_mask0_03_noise0_02_mlp1_0_sup100,True,barlow,psd,all-patient,True,13,1.0,0.1,32,0.03,0.02
multimodal_psd-fc-wpli_gated_cnn,5,sub10,sub01;sub05;sub07;sub08;sub09;sub13;sub14;sub15;sub16;sub17;sub18;sub20;sub22;sub24;sub27;sub28;sub29,sub11,7,0.6568398475646973,0.7544219493865967,0.002,1e-05,1.0,1.0,False,False,multimodal,psd-fc-wpli,gated,cnn,True,finetune,segssl_barlow_all-patient_psd-fc-wpli_finetune_seed13_pre20_proj32_mask0_03_noise0_02_mlp1_0_sup100,True,barlow,psd,all-patient,True,13,1.0,0.1,32,0.03,0.02
multimodal_psd-fc-wpli_gated_cnn,5,sub10,sub01;sub05;sub07;sub08;sub09;sub13;sub14;sub15;sub16;sub17;sub18;sub20;sub22;sub24;sub27;sub28;sub29,sub11,8,0.650153636932373,0.7529023289680481,0.002,1e-05,1.0,1.0,False,False,multimodal,psd-fc-wpli,gated,cnn,True,finetune,segssl_barlow_all-patient_psd-fc-wpli_finetune_seed13_pre20_proj32_mask0_03_noise0_02_mlp1_0_sup100,True,barlow,psd,all-patient,True,13,1.0,0.1,32,0.03,0.02
multimodal_psd-fc-wpli_gated_cnn,5,sub10,sub01;sub05;sub07;sub08;sub09;sub13;sub14;sub15;sub16;sub17;sub18;sub20;sub22;sub24;sub27;sub28;sub29,sub11,9,0.6428155899047852,0.7488991022109985,0.002,1e-05,1.0,1.0,False,False,multimodal,psd-fc-wpli,gated,cnn,True,finetune,segssl_barlow_all-patient_psd-fc-wpli_finetune_seed13_pre20_proj32_mask0_03_noise0_02_mlp1_0_sup100,True,barlow,psd,all-patient,True,13,1.0,0.1,32,0.03,0.02
multimodal_psd-fc-wpli_gated_cnn,5,sub10,sub01;sub05;sub07;sub08;sub09;sub13;sub14;sub15;sub16;sub17;sub18;sub20;sub22;sub24;sub27;sub28;sub29,sub11,10,0.6348345279693604,0.7439743876457214,0.002,1e-05,1.0,1.0,False,False,multimodal,psd-fc-wpli,gated,cnn,True,finetune,segssl_barlow_all-patient_psd-fc-wpli_finetune_seed13_pre20_proj32_mask0_03_noise0_02_mlp1_0_sup100,True,barlow,psd,all-patient,True,13,1.0,0.1,32,0.03,0.02
multimodal_psd-fc-wpli_gated_cnn,5,sub10,sub01;sub05;sub07;sub08;sub09;sub13;sub14;sub15;sub16;sub17;sub18;sub20;sub22;sub24;sub27;sub28;sub29,sub11,11,0.626192569732666,0.7394300103187561,0.002,1e-05,1.0,1.0,False,False,multimodal,psd-fc-wpli,gated,cnn,True,finetune,segssl_barlow_all-patient_psd-fc-wpli_finetune_seed13_pre20_proj32_mask0_03_noise0_02_mlp1_0_sup100,True,barlow,psd,all-patient,True,13,1.0,0.1,32,0.03,0.02
multimodal_psd-fc-wpli_gated_cnn,5,sub10,sub01;sub05;sub07;sub08;sub09;sub13;sub14;sub15;sub16;sub17;sub18;sub20;sub22;sub24;sub27;sub28;sub29,sub11,12,0.6168094277381897,0.7359773516654968,0.002,1e-05,1.0,1.0,False,False,multimodal,psd-fc-wpli,gated,cnn,True,finetune,segssl_barlow_all-patient_psd-fc-wpli_finetune_seed13_pre20_proj32_mask0_03_noise0_02_mlp1_0_sup100,True,barlow,psd,all-patient,True,13,1.0,0.1,32,0.03,0.02
multimodal_psd-fc-wpli_gated_cnn,5,sub10,sub01;sub05;sub07;sub08;sub09;sub13;sub14;sub15;sub16;sub17;sub18;sub20;sub22;sub24;sub27;sub28;sub29,sub11,13,0.6065444350242615,0.7316782474517822,0.002,1e-05,1.0,1.0,False,False,multimodal,psd-fc-wpli,gated,cnn,True,finetune,segssl_barlow_all-patient_psd-fc-wpli_finetune_seed13_pre20_proj32_mask0_03_noise0_02_mlp1_0_sup100,True,barlow,psd,all-patient,True,13,1.0,0.1,32,0.03,0.02
multimodal_psd-fc-wpli_gated_cnn,5,sub10,sub01;sub05;sub07;sub08;sub09;sub13;sub14;sub15;sub16;sub17;sub18;sub20;sub22;sub24;sub27;sub28;sub29,sub11,14,0.5953370332717896,0.7253662943840027,0.002,1e-05,1.0,1.0,False,False,multimodal,psd-fc-wpli,gated,cnn,True,finetune,segssl_barlow_all-patient_psd-fc-wpli_finetune_seed13_pre20_proj32_mask0_03_noise0_02_mlp1_0_sup100,True,barlow,psd,all-patient,True,13,1.0,0.1,32,0.03,0.02
multimodal_psd-fc-wpli_gated_cnn,5,sub10,sub01;sub05;sub07;sub08;sub09;sub13;sub14;sub15;sub16;sub17;sub18;sub20;sub22;sub24;sub27;sub28;sub29,sub11,15,0.5829674601554871,0.7177034020423889,0.002,1e-05,1.0,1.0,True,False,multimodal,psd-fc-wpli,gated,cnn,True,finetune,segssl_barlow_all-patient_psd-fc-wpli_finetune_seed13_pre20_proj32_mask0_03_noise0_02_mlp1_0_sup100,True,barlow,psd,all-patient,True,13,1.0,0.1,32,0.03,0.02
multimodal_psd-fc-wpli_gated_cnn,5,sub10,sub01;sub05;sub07;sub08;sub09;sub13;sub14;sub15;sub16;sub17;sub18;sub20;sub22;sub24;sub27;sub28;sub29,sub11,16,0.5694827437400818,0.7059742212295532,0.002,1e-05,1.0,1.0,True,False,multimodal,psd-fc-wpli,gated,cnn,True,finetune,segssl_barlow_all-patient_psd-fc-wpli_finetune_seed13_pre20_proj32_mask0_03_noise0_02_mlp1_0_sup100,True,barlow,psd,all-patient,True,13,1.0,0.1,32,0.03,0.02
multimodal_psd-fc-wpli_gated_cnn,5,sub10,sub01;sub05;sub07;sub08;sub09;sub13;sub14;sub15;sub16;sub17;sub18;sub20;sub22;sub24;sub27;sub28;sub29,sub11,17,0.5544511675834656,0.6918903589248657,0.002,1e-05,1.0,1.0,True,False,multimodal,psd-fc-wpli,gated,cnn,True,finetune,segssl_barlow_all-patient_psd-fc-wpli_finetune_seed13_pre20_proj32_mask0_03_noise0_02_mlp1_0_sup100,True,barlow,psd,all-patient,True,13,1.0,0.1,32,0.03,0.02
multimodal_psd-fc-wpli_gated_cnn,5,sub10,sub01;sub05;sub07;sub08;sub09;sub13;sub14;sub15;sub16;sub17;sub18;sub20;sub22;sub24;sub27;sub28;sub29,sub11,18,0.5381213426589966,0.6790639758110046,0.002,1e-05,1.0,1.0,True,False,multimodal,psd-fc-wpli,gated,cnn,True,finetune,segssl_barlow_all-patient_psd-fc-wpli_finetune_seed13_pre20_proj32_mask0_03_noise0_02_mlp1_0_sup100,True,barlow,psd,all-patient,True,13,1.0,0.1,32,0.03,0.02
multimodal_psd-fc-wpli_gated_cnn,5,sub10,sub01;sub05;sub07;sub08;sub09;sub13;sub14;sub15;sub16;sub17;sub18;sub20;sub22;sub24;sub27;sub28;sub29,sub11,19,0.5204185247421265,0.6663728952407837,0.002,1e-05,1.0,1.0,True,False,multimodal,psd-fc-wpli,gated,cnn,True,finetune,segssl_barlow_all-patient_psd-fc-wpli_finetune_seed13_pre20_proj32_mask0_03_noise0_02_mlp1_0_sup100,True,barlow,psd,all-patient,True,13,1.0,0.1,32,0.03,0.02
multimodal_psd-fc-wpli_gated_cnn,5,sub10,sub01;sub05;sub07;sub08;sub09;sub13;sub14;sub15;sub16;sub17;sub18;sub20;sub22;sub24;sub27;sub28;sub29,sub11,20,0.501470148563385,0.65338134765625,0.002,1e-05,1.0,1.0,True,False,multimodal,psd-fc-wpli,gated,cnn,True,finetune,segssl_barlow_all-patient_psd-fc-wpli_finetune_seed13_pre20_proj32_mask0_03_noise0_02_mlp1_0_sup100,True,barlow,psd,all-patient,True,13,1.0,0.1,32,0.03,0.02
multimodal_psd-fc-wpli_gated_cnn,5,sub10,sub01;sub05;sub07;sub08;sub09;sub13;sub14;sub15;sub16;sub17;sub18;sub20;sub22;sub24;sub27;sub28;sub29,sub11,21,0.48109593987464905,0.6403083205223083,0.002,1e-05,1.0,1.0,True,False,multimodal,psd-fc-wpli,gated,cnn,True,finetune,segssl_barlow_all-patient_psd-fc-wpli_finetune_seed13_pre20_proj32_mask0_03_noise0_02_mlp1_0_sup100,True,barlow,psd,all-patient,True,13,1.0,0.1,32,0.03,0.02
multimodal_psd-fc-wpli_gated_cnn,5,sub10,sub01;sub05;sub07;sub08;sub09;sub13;sub14;sub15;sub16;sub17;sub18;sub20;sub22;sub24;sub27;sub28;sub29,sub11,22,0.45959120988845825,0.6266287565231323,0.002,1e-05,1.0,1.0,True,False,multimodal,psd-fc-wpli,gated,cnn,True,finetune,segssl_barlow_all-patient_psd-fc-wpli_finetune_seed13_pre20_proj32_mask0_03_noise0_02_mlp1_0_sup100,True,barlow,psd,all-patient,True,13,1.0,0.1,32,0.03,0.02
multimodal_psd-fc-wpli_gated_cnn,5,sub10,sub01;sub05;sub07;sub08;sub09;sub13;sub14;sub15;sub16;sub17;sub18;sub20;sub22;sub24;sub27;sub28;sub29,sub11,23,0.43695202469825745,0.6142911911010742,0.002,1e-05,1.0,1.0,True,False,multimodal,psd-fc-wpli,gated,cnn,True,finetune,segssl_barlow_all-patient_psd-fc-wpli_finetune_seed13_pre20_proj32_mask0_03_noise0_02_mlp1_0_sup100,True,barlow,psd,all-patient,True,13,1.0,0.1,32,0.03,0.02
multimodal_psd-fc-wpli_gated_cnn,5,sub10,sub01;sub05;sub07;sub08;sub09;sub13;sub14;sub15;sub16;sub17;sub18;sub20;sub22;sub24;sub27;sub28;sub29,sub11,24,0.41342782974243164,0.6039741039276123,0.002,1e-05,1.0,1.0,True,False,multimodal,psd-fc-wpli,gated,cnn,True,finetune,segssl_barlow_all-patient_psd-fc-wpli_finetune_seed13_pre20_proj32_mask0_03_noise0_02_mlp1_0_sup100,True,barlow,psd,all-patient,True,13,1.0,0.1,32,0.03,0.02
multimodal_psd-fc-wpli_gated_cnn,5,sub10,sub01;sub05;sub07;sub08;sub09;sub13;sub14;sub15;sub16;sub17;sub18;sub20;sub22;sub24;sub27;sub28;sub29,sub11,25,0.38886359333992004,0.5940778851509094,0.002,1e-05,1.0,1.0,True,False,multimodal,psd-fc-wpli,gated,cnn,True,finetune,segssl_barlow_all-patient_psd-fc-wpli_finetune_seed13_pre20_proj32_mask0_03_noise0_02_mlp1_0_sup100,True,barlow,psd,all-patient,True,13,1.0,0.1,32,0.03,0.02
multimodal_psd-fc-wpli_gated_cnn,5,sub10,sub01;sub05;sub07;sub08;sub09;sub13;sub14;sub15;sub16;sub17;sub18;sub20;sub22;sub24;sub27;sub28;sub29,sub11,26,0.36361709237098694,0.5808588862419128,0.002,1e-05,1.0,1.0,True,False,multimodal,psd-fc-wpli,gated,cnn,True,finetune,segssl_barlow_all-patient_psd-fc-wpli_finetune_seed13_pre20_proj32_mask0_03_noise0_02_mlp1_0_sup100,True,barlow,psd,all-patient,True,13,1.0,0.1,32,0.03,0.02
multimodal_psd-fc-wpli_gated_cnn,5,sub10,sub01;sub05;sub07;sub08;sub09;sub13;sub14;sub15;sub16;sub17;sub18;sub20;sub22;sub24;sub27;sub28;sub29,sub11,27,0.33784598112106323,0.5763024687767029,0.002,1e-05,1.0,1.0,True,False,multimodal,psd-fc-wpli,gated,cnn,True,finetune,segssl_barlow_all-patient_psd-fc-wpli_finetune_seed13_pre20_proj32_mask0_03_noise0_02_mlp1_0_sup100,True,barlow,psd,all-patient,True,13,1.0,0.1,32,0.03,0.02
multimodal_psd-fc-wpli_gated_cnn,5,sub10,sub01;sub05;sub07;sub08;sub09;sub13;sub14;sub15;sub16;sub17;sub18;sub20;sub22;sub24;sub27;sub28;sub29,sub11,28,0.3119983375072479,0.583611786365509,0.002,1e-05,1.0,1.0,False,False,multimodal,psd-fc-wpli,gated,cnn,True,finetune,segssl_barlow_all-patient_psd-fc-wpli_finetune_seed13_pre20_proj32_mask0_03_noise0_02_mlp1_0_sup100,True,barlow,psd,all-patient,True,13,1.0,0.1,32,0.03,0.02
multimodal_psd-fc-wpli_gated_cnn,5,sub10,sub01;sub05;sub07;sub08;sub09;sub13;sub14;sub15;sub16;sub17;sub18;sub20;sub22;sub24;sub27;sub28;sub29,sub11,29,0.28585225343704224,0.5782352089881897,0.002,1e-05,1.0,1.0,False,False,multimodal,psd-fc-wpli,gated,cnn,True,finetune,segssl_barlow_all-patient_psd-fc-wpli_finetune_seed13_pre20_proj32_mask0_03_noise0_02_mlp1_0_sup100,True,barlow,psd,all-patient,True,13,1.0,0.1,32,0.03,0.02
multimodal_psd-fc-wpli_gated_cnn,5,sub10,sub01;sub05;sub07;sub08;sub09;sub13;sub14;sub15;sub16;sub17;sub18;sub20;sub22;sub24;sub27;sub28;sub29,sub11,30,0.2600102126598358,0.5687760710716248,0.002,1e-05,1.0,1.0,True,False,multimodal,psd-fc-wpli,gated,cnn,True,finetune,segssl_barlow_all-patient_psd-fc-wpli_finetune_seed13_pre20_proj32_mask0_03_noise0_02_mlp1_0_sup100,True,barlow,psd,all-patient,True,13,1.0,0.1,32,0.03,0.02
multimodal_psd-fc-wpli_gated_cnn,5,sub10,sub01;sub05;sub07;sub08;sub09;sub13;sub14;sub15;sub16;sub17;sub18;sub20;sub22;sub24;sub27;sub28;sub29,sub11,31,0.23467998206615448,0.5660132169723511,0.002,1e-05,1.0,1.0,True,False,multimodal,psd-fc-wpli,gated,cnn,True,finetune,segssl_barlow_all-patient_psd-fc-wpli_finetune_seed13_pre20_proj32_mask0_03_noise0_02_mlp1_0_sup100,True,barlow,psd,all-patient,True,13,1.0,0.1,32,0.03,0.02
multimodal_psd-fc-wpli_gated_cnn,5,sub10,sub01;sub05;sub07;sub08;sub09;sub13;sub14;sub15;sub16;sub17;sub18;sub20;sub22;sub24;sub27;sub28;sub29,sub11,32,0.2100578397512436,0.5482227802276611,0.002,1e-05,1.0,1.0,True,False,multimodal,psd-fc-wpli,gated,cnn,True,finetune,segssl_barlow_all-patient_psd-fc-wpli_finetune_seed13_pre20_proj32_mask0_03_noise0_02_mlp1_0_sup100,True,barlow,psd,all-patient,True,13,1.0,0.1,32,0.03,0.02
multimodal_psd-fc-wpli_gated_cnn,5,sub10,sub01;sub05;sub07;sub08;sub09;sub13;sub14;sub15;sub16;sub17;sub18;sub20;sub22;sub24;sub27;sub28;sub29,sub11,33,0.18637464940547943,0.5293654203414917,0.002,1e-05,1.0,1.0,True,False,multimodal,psd-fc-wpli,gated,cnn,True,finetune,segssl_barlow_all-patient_psd-fc-wpli_finetune_seed13_pre20_proj32_mask0_03_noise0_02_mlp1_0_sup100,True,barlow,psd,all-patient,True,13,1.0,0.1,32,0.03,0.02
multimodal_psd-fc-wpli_gated_cnn,5,sub10,sub01;sub05;sub07;sub08;sub09;sub13;sub14;sub15;sub16;sub17;sub18;sub20;sub22;sub24;sub27;sub28;sub29,sub11,34,0.16419799625873566,0.5087698698043823,0.002,1e-05,1.0,1.0,True,False,multimodal,psd-fc-wpli,gated,cnn,True,finetune,segssl_barlow_all-patient_psd-fc-wpli_finetune_seed13_pre20_proj32_mask0_03_noise0_02_mlp1_0_sup100,True,barlow,psd,all-patient,True,13,1.0,0.1,32,0.03,0.02
multimodal_psd-fc-wpli_gated_cnn,5,sub10,sub01;sub05;sub07;sub08;sub09;sub13;sub14;sub15;sub16;sub17;sub18;sub20;sub22;sub24;sub27;sub28;sub29,sub11,35,0.14350327849388123,0.4780377149581909,0.002,1e-05,1.0,1.0,True,False,multimodal,psd-fc-wpli,gated,cnn,True,finetune,segssl_barlow_all-patient_psd-fc-wpli_finetune_seed13_pre20_proj32_mask0_03_noise0_02_mlp1_0_sup100,True,barlow,psd,all-patient,True,13,1.0,0.1,32,0.03,0.02
multimodal_psd-fc-wpli_gated_cnn,5,sub10,sub01;sub05;sub07;sub08;sub09;sub13;sub14;sub15;sub16;sub17;sub18;sub20;sub22;sub24;sub27;sub28;sub29,sub11,36,0.12448468059301376,0.4359288215637207,0.002,1e-05,1.0,1.0,True,False,multimodal,psd-fc-wpli,gated,cnn,True,finetune,segssl_barlow_all-patient_psd-fc-wpli_finetune_seed13_pre20_proj32_mask0_03_noise0_02_mlp1_0_sup100,True,barlow,psd,all-patient,True,13,1.0,0.1,32,0.03,0.02
multimodal_psd-fc-wpli_gated_cnn,5,sub10,sub01;sub05;sub07;sub08;sub09;sub13;sub14;sub15;sub16;sub17;sub18;sub20;sub22;sub24;sub27;sub28;sub29,sub11,37,0.10723358392715454,0.3853275179862976,0.002,1e-05,1.0,1.0,True,False,multimodal,psd-fc-wpli,gated,cnn,True,finetune,segssl_barlow_all-patient_psd-fc-wpli_finetune_seed13_pre20_proj32_mask0_03_noise0_02_mlp1_0_sup100,True,barlow,psd,all-patient,True,13,1.0,0.1,32,0.03,0.02
multimodal_psd-fc-wpli_gated_cnn,5,sub10,sub01;sub05;sub07;sub08;sub09;sub13;sub14;sub15;sub16;sub17;sub18;sub20;sub22;sub24;sub27;sub28;sub29,sub11,38,0.09175007045269012,0.33972156047821045,0.002,1e-05,1.0,1.0,True,False,multimodal,psd-fc-wpli,gated,cnn,True,finetune,segssl_barlow_all-patient_psd-fc-wpli_finetune_seed13_pre20_proj32_mask0_03_noise0_02_mlp1_0_sup100,True,barlow,psd,all-patient,True,13,1.0,0.1,32,0.03,0.02
multimodal_psd-fc-wpli_gated_cnn,5,sub10,sub01;sub05;sub07;sub08;sub09;sub13;sub14;sub15;sub16;sub17;sub18;sub20;sub22;sub24;sub27;sub28;sub29,sub11,39,0.07797926664352417,0.299359530210495,0.002,1e-05,1.0,1.0,True,False,multimodal,psd-fc-wpli,gated,cnn,True,finetune,segssl_barlow_all-patient_psd-fc-wpli_finetune_seed13_pre20_proj32_mask0_03_noise0_02_mlp1_0_sup100,True,barlow,psd,all-patient,True,13,1.0,0.1,32,0.03,0.02
multimodal_psd-fc-wpli_gated_cnn,5,sub10,sub01;sub05;sub07;sub08;sub09;sub13;sub14;sub15;sub16;sub17;sub18;sub20;sub22;sub24;sub27;sub28;sub29,sub11,40,0.06589414179325104,0.26228636503219604,0.002,1e-05,1.0,1.0,True,False,multimodal,psd-fc-wpli,gated,cnn,True,finetune,segssl_barlow_all-patient_psd-fc-wpli_finetune_seed13_pre20_proj32_mask0_03_noise0_02_mlp1_0_sup100,True,barlow,psd,all-patient,True,13,1.0,0.1,32,0.03,0.02
multimodal_psd-fc-wpli_gated_cnn,5,sub10,sub01;sub05;sub07;sub08;sub09;sub13;sub14;sub15;sub16;sub17;sub18;sub20;sub22;sub24;sub27;sub28;sub29,sub11,41,0.05542433634400368,0.22655373811721802,0.002,1e-05,1.0,1.0,True,False,multimodal,psd-fc-wpli,gated,cnn,True,finetune,segssl_barlow_all-patient_psd-fc-wpli_finetune_seed13_pre20_proj32_mask0_03_noise0_02_mlp1_0_sup100,True,barlow,psd,all-patient,True,13,1.0,0.1,32,0.03,0.02
multimodal_psd-fc-wpli_gated_cnn,5,sub10,sub01;sub05;sub07;sub08;sub09;sub13;sub14;sub15;sub16;sub17;sub18;sub20;sub22;sub24;sub27;sub28;sub29,sub11,42,0.0464765727519989,0.19221636652946472,0.002,1e-05,1.0,1.0,True,False,multimodal,psd-fc-wpli,gated,cnn,True,finetune,segssl_barlow_all-patient_psd-fc-wpli_finetune_seed13_pre20_proj32_mask0_03_noise0_02_mlp1_0_sup100,True,barlow,psd,all-patient,True,13,1.0,0.1,32,0.03,0.02
multimodal_psd-fc-wpli_gated_cnn,5,sub10,sub01;sub05;sub07;sub08;sub09;sub13;sub14;sub15;sub16;sub17;sub18;sub20;sub22;sub24;sub27;sub28;sub29,sub11,43,0.03885814547538757,0.16348712146282196,0.002,1e-05,1.0,1.0,True,False,multimodal,psd-fc-wpli,gated,cnn,True,finetune,segssl_barlow_all-patient_psd-fc-wpli_finetune_seed13_pre20_proj32_mask0_03_noise0_02_mlp1_0_sup100,True,barlow,psd,all-patient,True,13,1.0,0.1,32,0.03,0.02
multimodal_psd-fc-wpli_gated_cnn,5,sub10,sub01;sub05;sub07;sub08;sub09;sub13;sub14;sub15;sub16;sub17;sub18;sub20;sub22;sub24;sub27;sub28;sub29,sub11,44,0.03242926299571991,0.14291805028915405,0.002,1e-05,1.0,1.0,True,False,multimodal,psd-fc-wpli,gated,cnn,True,finetune,segssl_barlow_all-patient_psd-fc-wpli_finetune_seed13_pre20_proj32_mask0_03_noise0_02_mlp1_0_sup100,True,barlow,psd,all-patient,True,13,1.0,0.1,32,0.03,0.02
multimodal_psd-fc-wpli_gated_cnn,5,sub10,sub01;sub05;sub07;sub08;sub09;sub13;sub14;sub15;sub16;sub17;sub18;sub20;sub22;sub24;sub27;sub28;sub29,sub11,45,0.027081351727247238,0.1280931979417801,0.002,1e-05,1.0,1.0,True,False,multimodal,psd-fc-wpli,gated,cnn,True,finetune,segssl_barlow_all-patient_psd-fc-wpli_finetune_seed13_pre20_proj32_mask0_03_noise0_02_mlp1_0_sup100,True,barlow,psd,all-patient,True,13,1.0,0.1,32,0.03,0.02
multimodal_psd-fc-wpli_gated_cnn,5,sub10,sub01;sub05;sub07;sub08;sub09;sub13;sub14;sub15;sub16;sub17;sub18;sub20;sub22;sub24;sub27;sub28;sub29,sub11,46,0.02262430638074875,0.1183786392211914,0.002,1e-05,1.0,1.0,True,False,multimodal,psd-fc-wpli,gated,cnn,True,finetune,segssl_barlow_all-patient_psd-fc-wpli_finetune_seed13_pre20_proj32_mask0_03_noise0_02_mlp1_0_sup100,True,barlow,psd,all-patient,True,13,1.0,0.1,32,0.03,0.02
multimodal_psd-fc-wpli_gated_cnn,5,sub10,sub01;sub05;sub07;sub08;sub09;sub13;sub14;sub15;sub16;sub17;sub18;sub20;sub22;sub24;sub27;sub28;sub29,sub11,47,0.018932001665234566,0.11317949742078781,0.002,1e-05,1.0,1.0,True,False,multimodal,psd-fc-wpli,gated,cnn,True,finetune,segssl_barlow_all-patient_psd-fc-wpli_finetune_seed13_pre20_proj32_mask0_03_noise0_02_mlp1_0_sup100,True,barlow,psd,all-patient,True,13,1.0,0.1,32,0.03,0.02
multimodal_psd-fc-wpli_gated_cnn,5,sub10,sub01;sub05;sub07;sub08;sub09;sub13;sub14;sub15;sub16;sub17;sub18;sub20;sub22;sub24;sub27;sub28;sub29,sub11,48,0.01589125022292137,0.1102699413895607,0.002,1e-05,1.0,1.0,True,False,multimodal,psd-fc-wpli,gated,cnn,True,finetune,segssl_barlow_all-patient_psd-fc-wpli_finetune_seed13_pre20_proj32_mask0_03_noise0_02_mlp1_0_sup100,True,barlow,psd,all-patient,True,13,1.0,0.1,32,0.03,0.02
multimodal_psd-fc-wpli_gated_cnn,5,sub10,sub01;sub05;sub07;sub08;sub09;sub13;sub14;sub15;sub16;sub17;sub18;sub20;sub22;sub24;sub27;sub28;sub29,sub11,49,0.013393519446253777,0.10866253823041916,0.002,1e-05,1.0,1.0,True,False,multimodal,psd-fc-wpli,gated,cnn,True,finetune,segssl_barlow_all-patient_psd-fc-wpli_finetune_seed13_pre20_proj32_mask0_03_noise0_02_mlp1_0_sup100,True,barlow,psd,all-patient,True,13,1.0,0.1,32,0.03,0.02
multimodal_psd-fc-wpli_gated_cnn,5,sub10,sub01;sub05;sub07;sub08;sub09;sub13;sub14;sub15;sub16;sub17;sub18;sub20;sub22;sub24;sub27;sub28;sub29,sub11,50,0.01133432611823082,0.10823071002960205,0.002,1e-05,1.0,1.0,True,False,multimodal,psd-fc-wpli,gated,cnn,True,finetune,segssl_barlow_all-patient_psd-fc-wpli_finetune_seed13_pre20_proj32_mask0_03_noise0_02_mlp1_0_sup100,True,barlow,psd,all-patient,True,13,1.0,0.1,32,0.03,0.02
multimodal_psd-fc-wpli_gated_cnn,5,sub10,sub01;sub05;sub07;sub08;sub09;sub13;sub14;sub15;sub16;sub17;sub18;sub20;sub22;sub24;sub27;sub28;sub29,sub11,51,0.009633819572627544,0.1091589629650116,0.002,1e-05,1.0,1.0,False,False,multimodal,psd-fc-wpli,gated,cnn,True,finetune,segssl_barlow_all-patient_psd-fc-wpli_finetune_seed13_pre20_proj32_mask0_03_noise0_02_mlp1_0_sup100,True,barlow,psd,all-patient,True,13,1.0,0.1,32,0.03,0.02
multimodal_psd-fc-wpli_gated_cnn,5,sub10,sub01;sub05;sub07;sub08;sub09;sub13;sub14;sub15;sub16;sub17;sub18;sub20;sub22;sub24;sub27;sub28;sub29,sub11,52,0.008227338083088398,0.1116543710231781,0.002,1e-05,1.0,1.0,False,False,multimodal,psd-fc-wpli,gated,cnn,True,finetune,segssl_barlow_all-patient_psd-fc-wpli_finetune_seed13_pre20_proj32_mask0_03_noise0_02_mlp1_0_sup100,True,barlow,psd,all-patient,True,13,1.0,0.1,32,0.03,0.02
multimodal_psd-fc-wpli_gated_cnn,5,sub10,sub01;sub05;sub07;sub08;sub09;sub13;sub14;sub15;sub16;sub17;sub18;sub20;sub22;sub24;sub27;sub28;sub29,sub11,53,0.007061116397380829,0.11551383882761002,0.002,1e-05,1.0,1.0,False,False,multimodal,psd-fc-wpli,gated,cnn,True,finetune,segssl_barlow_all-patient_psd-fc-wpli_finetune_seed13_pre20_proj32_mask0_03_noise0_02_mlp1_0_sup100,True,barlow,psd,all-patient,True,13,1.0,0.1,32,0.03,0.02
multimodal_psd-fc-wpli_gated_cnn,5,sub10,sub01;sub05;sub07;sub08;sub09;sub13;sub14;sub15;sub16;sub17;sub18;sub20;sub22;sub24;sub27;sub28;sub29,sub11,54,0.0060984608717262745,0.1198979914188385,0.002,1e-05,1.0,1.0,False,False,multimodal,psd-fc-wpli,gated,cnn,True,finetune,segssl_barlow_all-patient_psd-fc-wpli_finetune_seed13_pre20_proj32_mask0_03_noise0_02_mlp1_0_sup100,True,barlow,psd,all-patient,True,13,1.0,0.1,32,0.03,0.02
multimodal_psd-fc-wpli_gated_cnn,5,sub10,sub01;sub05;sub07;sub08;sub09;sub13;sub14;sub15;sub16;sub17;sub18;sub20;sub22;sub24;sub27;sub28;sub29,sub11,55,0.005299073178321123,0.12460982799530029,0.002,1e-05,1.0,1.0,False,False,multimodal,psd-fc-wpli,gated,cnn,True,finetune,segssl_barlow_all-patient_psd-fc-wpli_finetune_seed13_pre20_proj32_mask0_03_noise0_02_mlp1_0_sup100,True,barlow,psd,all-patient,True,13,1.0,0.1,32,0.03,0.02
multimodal_psd-fc-wpli_gated_cnn,5,sub10,sub01;sub05;sub07;sub08;sub09;sub13;sub14;sub15;sub16;sub17;sub18;sub20;sub22;sub24;sub27;sub28;sub29,sub11,56,0.004631136078387499,0.12972111999988556,0.002,1e-05,1.0,1.0,False,False,multimodal,psd-fc-wpli,gated,cnn,True,finetune,segssl_barlow_all-patient_psd-fc-wpli_finetune_seed13_pre20_proj32_mask0_03_noise0_02_mlp1_0_sup100,True,barlow,psd,all-patient,True,13,1.0,0.1,32,0.03,0.02
multimodal_psd-fc-wpli_gated_cnn,5,sub10,sub01;sub05;sub07;sub08;sub09;sub13;sub14;sub15;sub16;sub17;sub18;sub20;sub22;sub24;sub27;sub28;sub29,sub11,57,0.0040712663903832436,0.13522450625896454,0.002,1e-05,1.0,1.0,False,False,multimodal,psd-fc-wpli,gated,cnn,True,finetune,segssl_barlow_all-patient_psd-fc-wpli_finetune_seed13_pre20_proj32_mask0_03_noise0_02_mlp1_0_sup100,True,barlow,psd,all-patient,True,13,1.0,0.1,32,0.03,0.02
multimodal_psd-fc-wpli_gated_cnn,5,sub10,sub01;sub05;sub07;sub08;sub09;sub13;sub14;sub15;sub16;sub17;sub18;sub20;sub22;sub24;sub27;sub28;sub29,sub11,58,0.003602463286370039,0.1408434361219406,0.002,1e-05,1.0,1.0,False,False,multimodal,psd-fc-wpli,gated,cnn,True,finetune,segssl_barlow_all-patient_psd-fc-wpli_finetune_seed13_pre20_proj32_mask0_03_noise0_02_mlp1_0_sup100,True,barlow,psd,all-patient,True,13,1.0,0.1,32,0.03,0.02
multimodal_psd-fc-wpli_gated_cnn,5,sub10,sub01;sub05;sub07;sub08;sub09;sub13;sub14;sub15;sub16;sub17;sub18;sub20;sub22;sub24;sub27;sub28;sub29,sub11,59,0.0032075222115963697,0.1465272605419159,0.002,1e-05,1.0,1.0,False,False,multimodal,psd-fc-wpli,gated,cnn,True,finetune,segssl_barlow_all-patient_psd-fc-wpli_finetune_seed13_pre20_proj32_mask0_03_noise0_02_mlp1_0_sup100,True,barlow,psd,all-patient,True,13,1.0,0.1,32,0.03,0.02
multimodal_psd-fc-wpli_gated_cnn,5,sub10,sub01;sub05;sub07;sub08;sub09;sub13;sub14;sub15;sub16;sub17;sub18;sub20;sub22;sub24;sub27;sub28;sub29,sub11,60,0.0028729671612381935,0.1518723964691162,0.002,1e-05,1.0,1.0,False,False,multimodal,psd-fc-wpli,gated,cnn,True,finetune,segssl_barlow_all-patient_psd-fc-wpli_finetune_seed13_pre20_proj32_mask0_03_noise0_02_mlp1_0_sup100,True,barlow,psd,all-patient,True,13,1.0,0.1,32,0.03,0.02
multimodal_psd-fc-wpli_gated_cnn,5,sub10,sub01;sub05;sub07;sub08;sub09;sub13;sub14;sub15;sub16;sub17;sub18;sub20;sub22;sub24;sub27;sub28;sub29,sub11,61,0.002587501425296068,0.156702920794487,0.002,1e-05,1.0,1.0,False,False,multimodal,psd-fc-wpli,gated,cnn,True,finetune,segssl_barlow_all-patient_psd-fc-wpli_finetune_seed13_pre20_proj32_mask0_03_noise0_02_mlp1_0_sup100,True,barlow,psd,all-patient,True,13,1.0,0.1,32,0.03,0.02
multimodal_psd-fc-wpli_gated_cnn,5,sub10,sub01;sub05;sub07;sub08;sub09;sub13;sub14;sub15;sub16;sub17;sub18;sub20;sub22;sub24;sub27;sub28;sub29,sub11,62,0.0023429780267179012,0.16057834029197693,0.002,1e-05,1.0,1.0,False,False,multimodal,psd-fc-wpli,gated,cnn,True,finetune,segssl_barlow_all-patient_psd-fc-wpli_finetune_seed13_pre20_proj32_mask0_03_noise0_02_mlp1_0_sup100,True,barlow,psd,all-patient,True,13,1.0,0.1,32,0.03,0.02
multimodal_psd-fc-wpli_gated_cnn,5,sub10,sub01;sub05;sub07;sub08;sub09;sub13;sub14;sub15;sub16;sub17;sub18;sub20;sub22;sub24;sub27;sub28;sub29,sub11,63,0.002133094472810626,0.16366823017597198,0.002,1e-05,1.0,1.0,False,False,multimodal,psd-fc-wpli,gated,cnn,True,finetune,segssl_barlow_all-patient_psd-fc-wpli_finetune_seed13_pre20_proj32_mask0_03_noise0_02_mlp1_0_sup100,True,barlow,psd,all-patient,True,13,1.0,0.1,32,0.03,0.02
multimodal_psd-fc-wpli_gated_cnn,5,sub10,sub01;sub05;sub07;sub08;sub09;sub13;sub14;sub15;sub16;sub17;sub18;sub20;sub22;sub24;sub27;sub28;sub29,sub11,64,0.0019518292974680662,0.1660851389169693,0.002,1e-05,1.0,1.0,False,False,multimodal,psd-fc-wpli,gated,cnn,True,finetune,segssl_barlow_all-patient_psd-fc-wpli_finetune_seed13_pre20_proj32_mask0_03_noise0_02_mlp1_0_sup100,True,barlow,psd,all-patient,True,13,1.0,0.1,32,0.03,0.02
multimodal_psd-fc-wpli_gated_cnn,5,sub10,sub01;sub05;sub07;sub08;sub09;sub13;sub14;sub15;sub16;sub17;sub18;sub20;sub22;sub24;sub27;sub28;sub29,sub11,65,0.0017946577863767743,0.1678130030632019,0.002,1e-05,1.0,1.0,False,False,multimodal,psd-fc-wpli,gated,cnn,True,finetune,segssl_barlow_all-patient_psd-fc-wpli_finetune_seed13_pre20_proj32_mask0_03_noise0_02_mlp1_0_sup100,True,barlow,psd,all-patient,True,13,1.0,0.1,32,0.03,0.02
multimodal_psd-fc-wpli_gated_cnn,5,sub10,sub01;sub05;sub07;sub08;sub09;sub13;sub14;sub15;sub16;sub17;sub18;sub20;sub22;sub24;sub27;sub28;sub29,sub11,66,0.0016580349765717983,0.16907545924186707,0.002,1e-05,1.0,1.0,False,False,multimodal,psd-fc-wpli,gated,cnn,True,finetune,segssl_barlow_all-patient_psd-fc-wpli_finetune_seed13_pre20_proj32_mask0_03_noise0_02_mlp1_0_sup100,True,barlow,psd,all-patient,True,13,1.0,0.1,32,0.03,0.02
multimodal_psd-fc-wpli_gated_cnn,5,sub10,sub01;sub05;sub07;sub08;sub09;sub13;sub14;sub15;sub16;sub17;sub18;sub20;sub22;sub24;sub27;sub28;sub29,sub11,67,0.001538721495307982,0.17011874914169312,0.002,1e-05,1.0,1.0,False,False,multimodal,psd-fc-wpli,gated,cnn,True,finetune,segssl_barlow_all-patient_psd-fc-wpli_finetune_seed13_pre20_proj32_mask0_03_noise0_02_mlp1_0_sup100,True,barlow,psd,all-patient,True,13,1.0,0.1,32,0.03,0.02
multimodal_psd-fc-wpli_gated_cnn,5,sub10,sub01;sub05;sub07;sub08;sub09;sub13;sub14;sub15;sub16;sub17;sub18;sub20;sub22;sub24;sub27;sub28;sub29,sub11,68,0.0014340978814288974,0.17135579884052277,0.002,1e-05,1.0,1.0,False,False,multimodal,psd-fc-wpli,gated,cnn,True,finetune,segssl_barlow_all-patient_psd-fc-wpli_finetune_seed13_pre20_proj32_mask0_03_noise0_02_mlp1_0_sup100,True,barlow,psd,all-patient,True,13,1.0,0.1,32,0.03,0.02
multimodal_psd-fc-wpli_gated_cnn,5,sub10,sub01;sub05;sub07;sub08;sub09;sub13;sub14;sub15;sub16;sub17;sub18;sub20;sub22;sub24;sub27;sub28;sub29,sub11,69,0.001342491596005857,0.1727895736694336,0.002,1e-05,1.0,1.0,False,False,multimodal,psd-fc-wpli,gated,cnn,True,finetune,segssl_barlow_all-patient_psd-fc-wpli_finetune_seed13_pre20_proj32_mask0_03_noise0_02_mlp1_0_sup100,True,barlow,psd,all-patient,True,13,1.0,0.1,32,0.03,0.02
multimodal_psd-fc-wpli_gated_cnn,5,sub10,sub01;sub05;sub07;sub08;sub09;sub13;sub14;sub15;sub16;sub17;sub18;sub20;sub22;sub24;sub27;sub28;sub29,sub11,70,0.0012616083258762956,0.1742936670780182,0.002,1e-05,1.0,1.0,False,False,multimodal,psd-fc-wpli,gated,cnn,True,finetune,segssl_barlow_all-patient_psd-fc-wpli_finetune_seed13_pre20_proj32_mask0_03_noise0_02_mlp1_0_sup100,True,barlow,psd,all-patient,True,13,1.0,0.1,32,0.03,0.02
multimodal_psd-fc-wpli_gated_cnn,5,sub10,sub01;sub05;sub07;sub08;sub09;sub13;sub14;sub15;sub16;sub17;sub18;sub20;sub22;sub24;sub27;sub28;sub29,sub11,71,0.0011898594675585628,0.17579156160354614,0.002,1e-05,1.0,1.0,False,False,multimodal,psd-fc-wpli,gated,cnn,True,finetune,segssl_barlow_all-patient_psd-fc-wpli_finetune_seed13_pre20_proj32_mask0_03_noise0_02_mlp1_0_sup100,True,barlow,psd,all-patient,True,13,1.0,0.1,32,0.03,0.02
multimodal_psd-fc-wpli_gated_cnn,5,sub10,sub01;sub05;sub07;sub08;sub09;sub13;sub14;sub15;sub16;sub17;sub18;sub20;sub22;sub24;sub27;sub28;sub29,sub11,72,0.0011258976301178336,0.17731881141662598,0.002,1e-05,1.0,1.0,False,False,multimodal,psd-fc-wpli,gated,cnn,True,finetune,segssl_barlow_all-patient_psd-fc-wpli_finetune_seed13_pre20_proj32_mask0_03_noise0_02_mlp1_0_sup100,True,barlow,psd,all-patient,True,13,1.0,0.1,32,0.03,0.02
multimodal_psd-fc-wpli_gated_cnn,5,sub10,sub01;sub05;sub07;sub08;sub09;sub13;sub14;sub15;sub16;sub17;sub18;sub20;sub22;sub24;sub27;sub28;sub29,sub11,73,0.0010686718160286546,0.17891304194927216,0.002,1e-05,1.0,1.0,False,False,multimodal,psd-fc-wpli,gated,cnn,True,finetune,segssl_barlow_all-patient_psd-fc-wpli_finetune_seed13_pre20_proj32_mask0_03_noise0_02_mlp1_0_sup100,True,barlow,psd,all-patient,True,13,1.0,0.1,32,0.03,0.02
multimodal_psd-fc-wpli_gated_cnn,5,sub10,sub01;sub05;sub07;sub08;sub09;sub13;sub14;sub15;sub16;sub17;sub18;sub20;sub22;sub24;sub27;sub28;sub29,sub11,74,0.0010172711918130517,0.18047764897346497,0.002,1e-05,1.0,1.0,False,False,multimodal,psd-fc-wpli,gated,cnn,True,finetune,segssl_barlow_all-patient_psd-fc-wpli_finetune_seed13_pre20_proj32_mask0_03_noise0_02_mlp1_0_sup100,True,barlow,psd,all-patient,True,13,1.0,0.1,32,0.03,0.02
multimodal_psd-fc-wpli_gated_cnn,5,sub10,sub01;sub05;sub07;sub08;sub09;sub13;sub14;sub15;sub16;sub17;sub18;sub20;sub22;sub24;sub27;sub28;sub29,sub11,75,0.0009708952275104821,0.18188658356666565,0.002,1e-05,1.0,1.0,False,False,multimodal,psd-fc-wpli,gated,cnn,True,finetune,segssl_barlow_all-patient_psd-fc-wpli_finetune_seed13_pre20_proj32_mask0_03_noise0_02_mlp1_0_sup100,True,barlow,psd,all-patient,True,13,1.0,0.1,32,0.03,0.02
multimodal_psd-fc-wpli_gated_cnn,5,sub10,sub01;sub05;sub07;sub08;sub09;sub13;sub14;sub15;sub16;sub17;sub18;sub20;sub22;sub24;sub27;sub28;sub29,sub11,76,0.0009289576555602252,0.18307948112487793,0.002,1e-05,1.0,1.0,False,False,multimodal,psd-fc-wpli,gated,cnn,True,finetune,segssl_barlow_all-patient_psd-fc-wpli_finetune_seed13_pre20_proj32_mask0_03_noise0_02_mlp1_0_sup100,True,barlow,psd,all-patient,True,13,1.0,0.1,32,0.03,0.02
multimodal_psd-fc-wpli_gated_cnn,5,sub10,sub01;sub05;sub07;sub08;sub09;sub13;sub14;sub15;sub16;sub17;sub18;sub20;sub22;sub24;sub27;sub28;sub29,sub11,77,0.0008909094030968845,0.1839936226606369,0.002,1e-05,1.0,1.0,False,False,multimodal,psd-fc-wpli,gated,cnn,True,finetune,segssl_barlow_all-patient_psd-fc-wpli_finetune_seed13_pre20_proj32_mask0_03_noise0_02_mlp1_0_sup100,True,barlow,psd,all-patient,True,13,1.0,0.1,32,0.03,0.02
multimodal_psd-fc-wpli_gated_cnn,5,sub10,sub01;sub05;sub07;sub08;sub09;sub13;sub14;sub15;sub16;sub17;sub18;sub20;sub22;sub24;sub27;sub28;sub29,sub11,78,0.0008563013980165124,0.18462300300598145,0.002,1e-05,1.0,1.0,False,False,multimodal,psd-fc-wpli,gated,cnn,True,finetune,segssl_barlow_all-patient_psd-fc-wpli_finetune_seed13_pre20_proj32_mask0_03_noise0_02_mlp1_0_sup100,True,barlow,psd,all-patient,True,13,1.0,0.1,32,0.03,0.02
multimodal_psd-fc-wpli_gated_cnn,5,sub10,sub01;sub05;sub07;sub08;sub09;sub13;sub14;sub15;sub16;sub17;sub18;sub20;sub22;sub24;sub27;sub28;sub29,sub11,79,0.0008247102960012853,0.18496619164943695,0.002,1e-05,1.0,1.0,False,False,multimodal,psd-fc-wpli,gated,cnn,True,finetune,segssl_barlow_all-patient_psd-fc-wpli_finetune_seed13_pre20_proj32_mask0_03_noise0_02_mlp1_0_sup100,True,barlow,psd,all-patient,True,13,1.0,0.1,32,0.03,0.02
multimodal_psd-fc-wpli_gated_cnn,5,sub10,sub01;sub05;sub07;sub08;sub09;sub13;sub14;sub15;sub16;sub17;sub18;sub20;sub22;sub24;sub27;sub28;sub29,sub11,80,0.0007958203204907477,0.18508219718933105,0.002,1e-05,1.0,1.0,False,False,multimodal,psd-fc-wpli,gated,cnn,True,finetune,segssl_barlow_all-patient_psd-fc-wpli_finetune_seed13_pre20_proj32_mask0_03_noise0_02_mlp1_0_sup100,True,barlow,psd,all-patient,True,13,1.0,0.1,32,0.03,0.02
multimodal_psd-fc-wpli_gated_cnn,5,sub10,sub01;sub05;sub07;sub08;sub09;sub13;sub14;sub15;sub16;sub17;sub18;sub20;sub22;sub24;sub27;sub28;sub29,sub11,81,0.0007693227380514145,0.18490299582481384,0.002,1e-05,1.0,1.0,False,False,multimodal,psd-fc-wpli,gated,cnn,True,finetune,segssl_barlow_all-patient_psd-fc-wpli_finetune_seed13_pre20_proj32_mask0_03_noise0_02_mlp1_0_sup100,True,barlow,psd,all-patient,True,13,1.0,0.1,32,0.03,0.02
multimodal_psd-fc-wpli_gated_cnn,5,sub10,sub01;sub05;sub07;sub08;sub09;sub13;sub14;sub15;sub16;sub17;sub18;sub20;sub22;sub24;sub27;sub28;sub29,sub11,82,0.0007449150434695184,0.1844611018896103,0.002,1e-05,1.0,1.0,False,False,multimodal,psd-fc-wpli,gated,cnn,True,finetune,segssl_barlow_all-patient_psd-fc-wpli_finetune_seed13_pre20_proj32_mask0_03_noise0_02_mlp1_0_sup100,True,barlow,psd,all-patient,True,13,1.0,0.1,32,0.03,0.02
multimodal_psd-fc-wpli_gated_cnn,5,sub10,sub01;sub05;sub07;sub08;sub09;sub13;sub14;sub15;sub16;sub17;sub18;sub20;sub22;sub24;sub27;sub28;sub29,sub11,83,0.0007224763976410031,0.18369443714618683,0.002,1e-05,1.0,1.0,False,False,multimodal,psd-fc-wpli,gated,cnn,True,finetune,segssl_barlow_all-patient_psd-fc-wpli_finetune_seed13_pre20_proj32_mask0_03_noise0_02_mlp1_0_sup100,True,barlow,psd,all-patient,True,13,1.0,0.1,32,0.03,0.02
multimodal_psd-fc-wpli_gated_cnn,5,sub10,sub01;sub05;sub07;sub08;sub09;sub13;sub14;sub15;sub16;sub17;sub18;sub20;sub22;sub24;sub27;sub28;sub29,sub11,84,0.0007017211755737662,0.18267220258712769,0.002,1e-05,1.0,1.0,False,False,multimodal,psd-fc-wpli,gated,cnn,True,finetune,segssl_barlow_all-patient_psd-fc-wpli_finetune_seed13_pre20_proj32_mask0_03_noise0_02_mlp1_0_sup100,True,barlow,psd,all-patient,True,13,1.0,0.1,32,0.03,0.02
multimodal_psd-fc-wpli_gated_cnn,5,sub10,sub01;sub05;sub07;sub08;sub09;sub13;sub14;sub15;sub16;sub17;sub18;sub20;sub22;sub24;sub27;sub28;sub29,sub11,85,0.0006824437296018004,0.18153627216815948,0.002,1e-05,1.0,1.0,False,False,multimodal,psd-fc-wpli,gated,cnn,True,finetune,segssl_barlow_all-patient_psd-fc-wpli_finetune_seed13_pre20_proj32_mask0_03_noise0_02_mlp1_0_sup100,True,barlow,psd,all-patient,True,13,1.0,0.1,32,0.03,0.02
multimodal_psd-fc-wpli_gated_cnn,5,sub10,sub01;sub05;sub07;sub08;sub09;sub13;sub14;sub15;sub16;sub17;sub18;sub20;sub22;sub24;sub27;sub28;sub29,sub11,86,0.000664517458062619,0.18032559752464294,0.002,1e-05,1.0,1.0,False,False,multimodal,psd-fc-wpli,gated,cnn,True,finetune,segssl_barlow_all-patient_psd-fc-wpli_finetune_seed13_pre20_proj32_mask0_03_noise0_02_mlp1_0_sup100,True,barlow,psd,all-patient,True,13,1.0,0.1,32,0.03,0.02
multimodal_psd-fc-wpli_gated_cnn,5,sub10,sub01;sub05;sub07;sub08;sub09;sub13;sub14;sub15;sub16;sub17;sub18;sub20;sub22;sub24;sub27;sub28;sub29,sub11,87,0.000647731008939445,0.17907686531543732,0.002,1e-05,1.0,1.0,False,False,multimodal,psd-fc-wpli,gated,cnn,True,finetune,segssl_barlow_all-patient_psd-fc-wpli_finetune_seed13_pre20_proj32_mask0_03_noise0_02_mlp1_0_sup100,True,barlow,psd,all-patient,True,13,1.0,0.1,32,0.03,0.02
multimodal_psd-fc-wpli_gated_cnn,5,sub10,sub01;sub05;sub07;sub08;sub09;sub13;sub14;sub15;sub16;sub17;sub18;sub20;sub22;sub24;sub27;sub28;sub29,sub11,88,0.0006321261753328145,0.17801979184150696,0.002,1e-05,1.0,1.0,False,False,multimodal,psd-fc-wpli,gated,cnn,True,finetune,segssl_barlow_all-patient_psd-fc-wpli_finetune_seed13_pre20_proj32_mask0_03_noise0_02_mlp1_0_sup100,True,barlow,psd,all-patient,True,13,1.0,0.1,32,0.03,0.02
multimodal_psd-fc-wpli_gated_cnn,5,sub10,sub01;sub05;sub07;sub08;sub09;sub13;sub14;sub15;sub16;sub17;sub18;sub20;sub22;sub24;sub27;sub28;sub29,sub11,89,0.0006175416056066751,0.17712187767028809,0.002,1e-05,1.0,1.0,False,False,multimodal,psd-fc-wpli,gated,cnn,True,finetune,segssl_barlow_all-patient_psd-fc-wpli_finetune_seed13_pre20_proj32_mask0_03_noise0_02_mlp1_0_sup100,True,barlow,psd,all-patient,True,13,1.0,0.1,32,0.03,0.02
multimodal_psd-fc-wpli_gated_cnn,5,sub10,sub01;sub05;sub07;sub08;sub09;sub13;sub14;sub15;sub16;sub17;sub18;sub20;sub22;sub24;sub27;sub28;sub29,sub11,90,0.0006038729334250093,0.17631667852401733,0.002,1e-05,1.0,1.0,False,False,multimodal,psd-fc-wpli,gated,cnn,True,finetune,segssl_barlow_all-patient_psd-fc-wpli_finetune_seed13_pre20_proj32_mask0_03_noise0_02_mlp1_0_sup100,True,barlow,psd,all-patient,True,13,1.0,0.1,32,0.03,0.02
multimodal_psd-fc-wpli_gated_cnn,5,sub10,sub01;sub05;sub07;sub08;sub09;sub13;sub14;sub15;sub16;sub17;sub18;sub20;sub22;sub24;sub27;sub28;sub29,sub11,91,0.0005909872706979513,0.17557895183563232,0.002,1e-05,1.0,1.0,False,False,multimodal,psd-fc-wpli,gated,cnn,True,finetune,segssl_barlow_all-patient_psd-fc-wpli_finetune_seed13_pre20_proj32_mask0_03_noise0_02_mlp1_0_sup100,True,barlow,psd,all-patient,True,13,1.0,0.1,32,0.03,0.02
multimodal_psd-fc-wpli_gated_cnn,5,sub10,sub01;sub05;sub07;sub08;sub09;sub13;sub14;sub15;sub16;sub17;sub18;sub20;sub22;sub24;sub27;sub28;sub29,sub11,92,0.0005788147682324052,0.17496244609355927,0.002,1e-05,1.0,1.0,False,False,multimodal,psd-fc-wpli,gated,cnn,True,finetune,segssl_barlow_all-patient_psd-fc-wpli_finetune_seed13_pre20_proj32_mask0_03_noise0_02_mlp1_0_sup100,True,barlow,psd,all-patient,True,13,1.0,0.1,32,0.03,0.02
multimodal_psd-fc-wpli_gated_cnn,5,sub10,sub01;sub05;sub07;sub08;sub09;sub13;sub14;sub15;sub16;sub17;sub18;sub20;sub22;sub24;sub27;sub28;sub29,sub11,93,0.0005672923871316016,0.17439496517181396,0.002,1e-05,1.0,1.0,False,False,multimodal,psd-fc-wpli,gated,cnn,True,finetune,segssl_barlow_all-patient_psd-fc-wpli_finetune_seed13_pre20_proj32_mask0_03_noise0_02_mlp1_0_sup100,True,barlow,psd,all-patient,True,13,1.0,0.1,32,0.03,0.02
multimodal_psd-fc-wpli_gated_cnn,5,sub10,sub01;sub05;sub07;sub08;sub09;sub13;sub14;sub15;sub16;sub17;sub18;sub20;sub22;sub24;sub27;sub28;sub29,sub11,94,0.0005563791492022574,0.17385359108448029,0.002,1e-05,1.0,1.0,False,False,multimodal,psd-fc-wpli,gated,cnn,True,finetune,segssl_barlow_all-patient_psd-fc-wpli_finetune_seed13_pre20_proj32_mask0_03_noise0_02_mlp1_0_sup100,True,barlow,psd,all-patient,True,13,1.0,0.1,32,0.03,0.02
multimodal_psd-fc-wpli_gated_cnn,5,sub10,sub01;sub05;sub07;sub08;sub09;sub13;sub14;sub15;sub16;sub17;sub18;sub20;sub22;sub24;sub27;sub28;sub29,sub11,95,0.000546016963198781,0.17333292961120605,0.002,1e-05,1.0,1.0,False,False,multimodal,psd-fc-wpli,gated,cnn,True,finetune,segssl_barlow_all-patient_psd-fc-wpli_finetune_seed13_pre20_proj32_mask0_03_noise0_02_mlp1_0_sup100,True,barlow,psd,all-patient,True,13,1.0,0.1,32,0.03,0.02
multimodal_psd-fc-wpli_gated_cnn,5,sub10,sub01;sub05;sub07;sub08;sub09;sub13;sub14;sub15;sub16;sub17;sub18;sub20;sub22;sub24;sub27;sub28;sub29,sub11,96,0.0005361493676900864,0.17281106114387512,0.002,1e-05,1.0,1.0,False,False,multimodal,psd-fc-wpli,gated,cnn,True,finetune,segssl_barlow_all-patient_psd-fc-wpli_finetune_seed13_pre20_proj32_mask0_03_noise0_02_mlp1_0_sup100,True,barlow,psd,all-patient,True,13,1.0,0.1,32,0.03,0.02
multimodal_psd-fc-wpli_gated_cnn,5,sub10,sub01;sub05;sub07;sub08;sub09;sub13;sub14;sub15;sub16;sub17;sub18;sub20;sub22;sub24;sub27;sub28;sub29,sub11,97,0.0005267216474749148,0.1722743958234787,0.002,1e-05,1.0,1.0,False,False,multimodal,psd-fc-wpli,gated,cnn,True,finetune,segssl_barlow_all-patient_psd-fc-wpli_finetune_seed13_pre20_proj32_mask0_03_noise0_02_mlp1_0_sup100,True,barlow,psd,all-patient,True,13,1.0,0.1,32,0.03,0.02
multimodal_psd-fc-wpli_gated_cnn,5,sub10,sub01;sub05;sub07;sub08;sub09;sub13;sub14;sub15;sub16;sub17;sub18;sub20;sub22;sub24;sub27;sub28;sub29,sub11,98,0.0005177302518859506,0.17169660329818726,0.002,1e-05,1.0,1.0,False,False,multimodal,psd-fc-wpli,gated,cnn,True,finetune,segssl_barlow_all-patient_psd-fc-wpli_finetune_seed13_pre20_proj32_mask0_03_noise0_02_mlp1_0_sup100,True,barlow,psd,all-patient,True,13,1.0,0.1,32,0.03,0.02
multimodal_psd-fc-wpli_gated_cnn,5,sub10,sub01;sub05;sub07;sub08;sub09;sub13;sub14;sub15;sub16;sub17;sub18;sub20;sub22;sub24;sub27;sub28;sub29,sub11,99,0.0005091316998004913,0.17099684476852417,0.002,1e-05,1.0,1.0,False,False,multimodal,psd-fc-wpli,gated,cnn,True,finetune,segssl_barlow_all-patient_psd-fc-wpli_finetune_seed13_pre20_proj32_mask0_03_noise0_02_mlp1_0_sup100,True,barlow,psd,all-patient,True,13,1.0,0.1,32,0.03,0.02
multimodal_psd-fc-wpli_gated_cnn,5,sub10,sub01;sub05;sub07;sub08;sub09;sub13;sub14;sub15;sub16;sub17;sub18;sub20;sub22;sub24;sub27;sub28;sub29,sub11,100,0.0005008752341382205,0.17019499838352203,0.002,1e-05,1.0,1.0,False,False,multimodal,psd-fc-wpli,gated,cnn,True,finetune,segssl_barlow_all-patient_psd-fc-wpli_finetune_seed13_pre20_proj32_mask0_03_noise0_02_mlp1_0_sup100,True,barlow,psd,all-patient,True,13,1.0,0.1,32,0.03,0.02
multimodal_psd-fc-wpli_gated_cnn,6,sub11,sub01;sub05;sub07;sub08;sub09;sub10;sub14;sub15;sub16;sub17;sub18;sub20;sub22;sub24;sub27;sub28;sub29,sub13,1,0.7161469459533691,0.6149614453315735,0.002,1e-05,1.0,1.0,True,False,multimodal,psd-fc-wpli,gated,cnn,True,finetune,segssl_barlow_all-patient_psd-fc-wpli_finetune_seed13_pre20_proj32_mask0_03_noise0_02_mlp1_0_sup100,True,barlow,psd,all-patient,True,13,1.0,0.1,32,0.03,0.02
multimodal_psd-fc-wpli_gated_cnn,6,sub11,sub01;sub05;sub07;sub08;sub09;sub10;sub14;sub15;sub16;sub17;sub18;sub20;sub22;sub24;sub27;sub28;sub29,sub13,2,0.7086979150772095,0.6118171215057373,0.002,1e-05,1.0,1.0,True,False,multimodal,psd-fc-wpli,gated,cnn,True,finetune,segssl_barlow_all-patient_psd-fc-wpli_finetune_seed13_pre20_proj32_mask0_03_noise0_02_mlp1_0_sup100,True,barlow,psd,all-patient,True,13,1.0,0.1,32,0.03,0.02
multimodal_psd-fc-wpli_gated_cnn,6,sub11,sub01;sub05;sub07;sub08;sub09;sub10;sub14;sub15;sub16;sub17;sub18;sub20;sub22;sub24;sub27;sub28;sub29,sub13,3,0.701747477054596,0.6101741790771484,0.002,1e-05,1.0,1.0,True,False,multimodal,psd-fc-wpli,gated,cnn,True,finetune,segssl_barlow_all-patient_psd-fc-wpli_finetune_seed13_pre20_proj32_mask0_03_noise0_02_mlp1_0_sup100,True,barlow,psd,all-patient,True,13,1.0,0.1,32,0.03,0.02
multimodal_psd-fc-wpli_gated_cnn,6,sub11,sub01;sub05;sub07;sub08;sub09;sub10;sub14;sub15;sub16;sub17;sub18;sub20;sub22;sub24;sub27;sub28;sub29,sub13,4,0.6952073574066162,0.6090114116668701,0.002,1e-05,1.0,1.0,True,False,multimodal,psd-fc-wpli,gated,cnn,True,finetune,segssl_barlow_all-patient_psd-fc-wpli_finetune_seed13_pre20_proj32_mask0_03_noise0_02_mlp1_0_sup100,True,barlow,psd,all-patient,True,13,1.0,0.1,32,0.03,0.02
multimodal_psd-fc-wpli_gated_cnn,6,sub11,sub01;sub05;sub07;sub08;sub09;sub10;sub14;sub15;sub16;sub17;sub18;sub20;sub22;sub24;sub27;sub28;sub29,sub13,5,0.6893462538719177,0.6082794666290283,0.002,1e-05,1.0,1.0,True,False,multimodal,psd-fc-wpli,gated,cnn,True,finetune,segssl_barlow_all-patient_psd-fc-wpli_finetune_seed13_pre20_proj32_mask0_03_noise0_02_mlp1_0_sup100,True,barlow,psd,all-patient,True,13,1.0,0.1,32,0.03,0.02
multimodal_psd-fc-wpli_gated_cnn,6,sub11,sub01;sub05;sub07;sub08;sub09;sub10;sub14;sub15;sub16;sub17;sub18;sub20;sub22;sub24;sub27;sub28;sub29,sub13,6,0.683819591999054,0.6078730821609497,0.002,1e-05,1.0,1.0,True,False,multimodal,psd-fc-wpli,gated,cnn,True,finetune,segssl_barlow_all-patient_psd-fc-wpli_finetune_seed13_pre20_proj32_mask0_03_noise0_02_mlp1_0_sup100,True,barlow,psd,all-patient,True,13,1.0,0.1,32,0.03,0.02
multimodal_psd-fc-wpli_gated_cnn,6,sub11,sub01;sub05;sub07;sub08;sub09;sub10;sub14;sub15;sub16;sub17;sub18;sub20;sub22;sub24;sub27;sub28;sub29,sub13,7,0.6777937412261963,0.6070106029510498,0.002,1e-05,1.0,1.0,True,False,multimodal,psd-fc-wpli,gated,cnn,True,finetune,segssl_barlow_all-patient_psd-fc-wpli_finetune_seed13_pre20_proj32_mask0_03_noise0_02_mlp1_0_sup100,True,barlow,psd,all-patient,True,13,1.0,0.1,32,0.03,0.02
multimodal_psd-fc-wpli_gated_cnn,6,sub11,sub01;sub05;sub07;sub08;sub09;sub10;sub14;sub15;sub16;sub17;sub18;sub20;sub22;sub24;sub27;sub28;sub29,sub13,8,0.6711615324020386,0.605403482913971,0.002,1e-05,1.0,1.0,True,False,multimodal,psd-fc-wpli,gated,cnn,True,finetune,segssl_barlow_all-patient_psd-fc-wpli_finetune_seed13_pre20_proj32_mask0_03_noise0_02_mlp1_0_sup100,True,barlow,psd,all-patient,True,13,1.0,0.1,32,0.03,0.02
multimodal_psd-fc-wpli_gated_cnn,6,sub11,sub01;sub05;sub07;sub08;sub09;sub10;sub14;sub15;sub16;sub17;sub18;sub20;sub22;sub24;sub27;sub28;sub29,sub13,9,0.6638067364692688,0.6039226651191711,0.002,1e-05,1.0,1.0,True,False,multimodal,psd-fc-wpli,gated,cnn,True,finetune,segssl_barlow_all-patient_psd-fc-wpli_finetune_seed13_pre20_proj32_mask0_03_noise0_02_mlp1_0_sup100,True,barlow,psd,all-patient,True,13,1.0,0.1,32,0.03,0.02
multimodal_psd-fc-wpli_gated_cnn,6,sub11,sub01;sub05;sub07;sub08;sub09;sub10;sub14;sub15;sub16;sub17;sub18;sub20;sub22;sub24;sub27;sub28;sub29,sub13,10,0.6560161709785461,0.6021564602851868,0.002,1e-05,1.0,1.0,True,False,multimodal,psd-fc-wpli,gated,cnn,True,finetune,segssl_barlow_all-patient_psd-fc-wpli_finetune_seed13_pre20_proj32_mask0_03_noise0_02_mlp1_0_sup100,True,barlow,psd,all-patient,True,13,1.0,0.1,32,0.03,0.02
multimodal_psd-fc-wpli_gated_cnn,6,sub11,sub01;sub05;sub07;sub08;sub09;sub10;sub14;sub15;sub16;sub17;sub18;sub20;sub22;sub24;sub27;sub28;sub29,sub13,11,0.647521436214447,0.6002250909805298,0.002,1e-05,1.0,1.0,True,False,multimodal,psd-fc-wpli,gated,cnn,True,finetune,segssl_barlow_all-patient_psd-fc-wpli_finetune_seed13_pre20_proj32_mask0_03_noise0_02_mlp1_0_sup100,True,barlow,psd,all-patient,True,13,1.0,0.1,32,0.03,0.02
multimodal_psd-fc-wpli_gated_cnn,6,sub11,sub01;sub05;sub07;sub08;sub09;sub10;sub14;sub15;sub16;sub17;sub18;sub20;sub22;sub24;sub27;sub28;sub29,sub13,12,0.6385236382484436,0.5989969372749329,0.002,1e-05,1.0,1.0,True,False,multimodal,psd-fc-wpli,gated,cnn,True,finetune,segssl_barlow_all-patient_psd-fc-wpli_finetune_seed13_pre20_proj32_mask0_03_noise0_02_mlp1_0_sup100,True,barlow,psd,all-patient,True,13,1.0,0.1,32,0.03,0.02
multimodal_psd-fc-wpli_gated_cnn,6,sub11,sub01;sub05;sub07;sub08;sub09;sub10;sub14;sub15;sub16;sub17;sub18;sub20;sub22;sub24;sub27;sub28;sub29,sub13,13,0.6290186047554016,0.5982401371002197,0.002,1e-05,1.0,1.0,True,False,multimodal,psd-fc-wpli,gated,cnn,True,finetune,segssl_barlow_all-patient_psd-fc-wpli_finetune_seed13_pre20_proj32_mask0_03_noise0_02_mlp1_0_sup100,True,barlow,psd,all-patient,True,13,1.0,0.1,32,0.03,0.02
multimodal_psd-fc-wpli_gated_cnn,6,sub11,sub01;sub05;sub07;sub08;sub09;sub10;sub14;sub15;sub16;sub17;sub18;sub20;sub22;sub24;sub27;sub28;sub29,sub13,14,0.6188725829124451,0.5981544256210327,0.002,1e-05,1.0,1.0,True,False,multimodal,psd-fc-wpli,gated,cnn,True,finetune,segssl_barlow_all-patient_psd-fc-wpli_finetune_seed13_pre20_proj32_mask0_03_noise0_02_mlp1_0_sup100,True,barlow,psd,all-patient,True,13,1.0,0.1,32,0.03,0.02
multimodal_psd-fc-wpli_gated_cnn,6,sub11,sub01;sub05;sub07;sub08;sub09;sub10;sub14;sub15;sub16;sub17;sub18;sub20;sub22;sub24;sub27;sub28;sub29,sub13,15,0.6079946756362915,0.5977659225463867,0.002,1e-05,1.0,1.0,True,False,multimodal,psd-fc-wpli,gated,cnn,True,finetune,segssl_barlow_all-patient_psd-fc-wpli_finetune_seed13_pre20_proj32_mask0_03_noise0_02_mlp1_0_sup100,True,barlow,psd,all-patient,True,13,1.0,0.1,32,0.03,0.02
multimodal_psd-fc-wpli_gated_cnn,6,sub11,sub01;sub05;sub07;sub08;sub09;sub10;sub14;sub15;sub16;sub17;sub18;sub20;sub22;sub24;sub27;sub28;sub29,sub13,16,0.5962818264961243,0.5951423645019531,0.002,1e-05,1.0,1.0,True,False,multimodal,psd-fc-wpli,gated,cnn,True,finetune,segssl_barlow_all-patient_psd-fc-wpli_finetune_seed13_pre20_proj32_mask0_03_noise0_02_mlp1_0_sup100,True,barlow,psd,all-patient,True,13,1.0,0.1,32,0.03,0.02
multimodal_psd-fc-wpli_gated_cnn,6,sub11,sub01;sub05;sub07;sub08;sub09;sub10;sub14;sub15;sub16;sub17;sub18;sub20;sub22;sub24;sub27;sub28;sub29,sub13,17,0.5838830471038818,0.5881916880607605,0.002,1e-05,1.0,1.0,True,False,multimodal,psd-fc-wpli,gated,cnn,True,finetune,segssl_barlow_all-patient_psd-fc-wpli_finetune_seed13_pre20_proj32_mask0_03_noise0_02_mlp1_0_sup100,True,barlow,psd,all-patient,True,13,1.0,0.1,32,0.03,0.02
multimodal_psd-fc-wpli_gated_cnn,6,sub11,sub01;sub05;sub07;sub08;sub09;sub10;sub14;sub15;sub16;sub17;sub18;sub20;sub22;sub24;sub27;sub28;sub29,sub13,18,0.5708221197128296,0.577605128288269,0.002,1e-05,1.0,1.0,True,False,multimodal,psd-fc-wpli,gated,cnn,True,finetune,segssl_barlow_all-patient_psd-fc-wpli_finetune_seed13_pre20_proj32_mask0_03_noise0_02_mlp1_0_sup100,True,barlow,psd,all-patient,True,13,1.0,0.1,32,0.03,0.02
multimodal_psd-fc-wpli_gated_cnn,6,sub11,sub01;sub05;sub07;sub08;sub09;sub10;sub14;sub15;sub16;sub17;sub18;sub20;sub22;sub24;sub27;sub28;sub29,sub13,19,0.5572466254234314,0.5626725554466248,0.002,1e-05,1.0,1.0,True,False,multimodal,psd-fc-wpli,gated,cnn,True,finetune,segssl_barlow_all-patient_psd-fc-wpli_finetune_seed13_pre20_proj32_mask0_03_noise0_02_mlp1_0_sup100,True,barlow,psd,all-patient,True,13,1.0,0.1,32,0.03,0.02
multimodal_psd-fc-wpli_gated_cnn,6,sub11,sub01;sub05;sub07;sub08;sub09;sub10;sub14;sub15;sub16;sub17;sub18;sub20;sub22;sub24;sub27;sub28;sub29,sub13,20,0.5429659485816956,0.5433949828147888,0.002,1e-05,1.0,1.0,True,False,multimodal,psd-fc-wpli,gated,cnn,True,finetune,segssl_barlow_all-patient_psd-fc-wpli_finetune_seed13_pre20_proj32_mask0_03_noise0_02_mlp1_0_sup100,True,barlow,psd,all-patient,True,13,1.0,0.1,32,0.03,0.02
multimodal_psd-fc-wpli_gated_cnn,6,sub11,sub01;sub05;sub07;sub08;sub09;sub10;sub14;sub15;sub16;sub17;sub18;sub20;sub22;sub24;sub27;sub28;sub29,sub13,21,0.5279578566551208,0.52059006690979,0.002,1e-05,1.0,1.0,True,False,multimodal,psd-fc-wpli,gated,cnn,True,finetune,segssl_barlow_all-patient_psd-fc-wpli_finetune_seed13_pre20_proj32_mask0_03_noise0_02_mlp1_0_sup100,True,barlow,psd,all-patient,True,13,1.0,0.1,32,0.03,0.02
multimodal_psd-fc-wpli_gated_cnn,6,sub11,sub01;sub05;sub07;sub08;sub09;sub10;sub14;sub15;sub16;sub17;sub18;sub20;sub22;sub24;sub27;sub28;sub29,sub13,22,0.5123212337493896,0.49463942646980286,0.002,1e-05,1.0,1.0,True,False,multimodal,psd-fc-wpli,gated,cnn,True,finetune,segssl_barlow_all-patient_psd-fc-wpli_finetune_seed13_pre20_proj32_mask0_03_noise0_02_mlp1_0_sup100,True,barlow,psd,all-patient,True,13,1.0,0.1,32,0.03,0.02
multimodal_psd-fc-wpli_gated_cnn,6,sub11,sub01;sub05;sub07;sub08;sub09;sub10;sub14;sub15;sub16;sub17;sub18;sub20;sub22;sub24;sub27;sub28;sub29,sub13,23,0.49621716141700745,0.4678536057472229,0.002,1e-05,1.0,1.0,True,False,multimodal,psd-fc-wpli,gated,cnn,True,finetune,segssl_barlow_all-patient_psd-fc-wpli_finetune_seed13_pre20_proj32_mask0_03_noise0_02_mlp1_0_sup100,True,barlow,psd,all-patient,True,13,1.0,0.1,32,0.03,0.02
multimodal_psd-fc-wpli_gated_cnn,6,sub11,sub01;sub05;sub07;sub08;sub09;sub10;sub14;sub15;sub16;sub17;sub18;sub20;sub22;sub24;sub27;sub28;sub29,sub13,24,0.47960349917411804,0.44050243496894836,0.002,1e-05,1.0,1.0,True,False,multimodal,psd-fc-wpli,gated,cnn,True,finetune,segssl_barlow_all-patient_psd-fc-wpli_finetune_seed13_pre20_proj32_mask0_03_noise0_02_mlp1_0_sup100,True,barlow,psd,all-patient,True,13,1.0,0.1,32,0.03,0.02
multimodal_psd-fc-wpli_gated_cnn,6,sub11,sub01;sub05;sub07;sub08;sub09;sub10;sub14;sub15;sub16;sub17;sub18;sub20;sub22;sub24;sub27;sub28;sub29,sub13,25,0.46261969208717346,0.4153780937194824,0.002,1e-05,1.0,1.0,True,False,multimodal,psd-fc-wpli,gated,cnn,True,finetune,segssl_barlow_all-patient_psd-fc-wpli_finetune_seed13_pre20_proj32_mask0_03_noise0_02_mlp1_0_sup100,True,barlow,psd,all-patient,True,13,1.0,0.1,32,0.03,0.02
multimodal_psd-fc-wpli_gated_cnn,6,sub11,sub01;sub05;sub07;sub08;sub09;sub10;sub14;sub15;sub16;sub17;sub18;sub20;sub22;sub24;sub27;sub28;sub29,sub13,26,0.4451534152030945,0.3918124735355377,0.002,1e-05,1.0,1.0,True,False,multimodal,psd-fc-wpli,gated,cnn,True,finetune,segssl_barlow_all-patient_psd-fc-wpli_finetune_seed13_pre20_proj32_mask0_03_noise0_02_mlp1_0_sup100,True,barlow,psd,all-patient,True,13,1.0,0.1,32,0.03,0.02
multimodal_psd-fc-wpli_gated_cnn,6,sub11,sub01;sub05;sub07;sub08;sub09;sub10;sub14;sub15;sub16;sub17;sub18;sub20;sub22;sub24;sub27;sub28;sub29,sub13,27,0.42711102962493896,0.36961060762405396,0.002,1e-05,1.0,1.0,True,False,multimodal,psd-fc-wpli,gated,cnn,True,finetune,segssl_barlow_all-patient_psd-fc-wpli_finetune_seed13_pre20_proj32_mask0_03_noise0_02_mlp1_0_sup100,True,barlow,psd,all-patient,True,13,1.0,0.1,32,0.03,0.02
multimodal_psd-fc-wpli_gated_cnn,6,sub11,sub01;sub05;sub07;sub08;sub09;sub10;sub14;sub15;sub16;sub17;sub18;sub20;sub22;sub24;sub27;sub28;sub29,sub13,28,0.4087222218513489,0.34782323241233826,0.002,1e-05,1.0,1.0,True,False,multimodal,psd-fc-wpli,gated,cnn,True,finetune,segssl_barlow_all-patient_psd-fc-wpli_finetune_seed13_pre20_proj32_mask0_03_noise0_02_mlp1_0_sup100,True,barlow,psd,all-patient,True,13,1.0,0.1,32,0.03,0.02
multimodal_psd-fc-wpli_gated_cnn,6,sub11,sub01;sub05;sub07;sub08;sub09;sub10;sub14;sub15;sub16;sub17;sub18;sub20;sub22;sub24;sub27;sub28;sub29,sub13,29,0.3897083103656769,0.32538285851478577,0.002,1e-05,1.0,1.0,True,False,multimodal,psd-fc-wpli,gated,cnn,True,finetune,segssl_barlow_all-patient_psd-fc-wpli_finetune_seed13_pre20_proj32_mask0_03_noise0_02_mlp1_0_sup100,True,barlow,psd,all-patient,True,13,1.0,0.1,32,0.03,0.02
multimodal_psd-fc-wpli_gated_cnn,6,sub11,sub01;sub05;sub07;sub08;sub09;sub10;sub14;sub15;sub16;sub17;sub18;sub20;sub22;sub24;sub27;sub28;sub29,sub13,30,0.370661199092865,0.3044191896915436,0.002,1e-05,1.0,1.0,True,False,multimodal,psd-fc-wpli,gated,cnn,True,finetune,segssl_barlow_all-patient_psd-fc-wpli_finetune_seed13_pre20_proj32_mask0_03_noise0_02_mlp1_0_sup100,True,barlow,psd,all-patient,True,13,1.0,0.1,32,0.03,0.02
multimodal_psd-fc-wpli_gated_cnn,6,sub11,sub01;sub05;sub07;sub08;sub09;sub10;sub14;sub15;sub16;sub17;sub18;sub20;sub22;sub24;sub27;sub28;sub29,sub13,31,0.3515862822532654,0.2837637960910797,0.002,1e-05,1.0,1.0,True,False,multimodal,psd-fc-wpli,gated,cnn,True,finetune,segssl_barlow_all-patient_psd-fc-wpli_finetune_seed13_pre20_proj32_mask0_03_noise0_02_mlp1_0_sup100,True,barlow,psd,all-patient,True,13,1.0,0.1,32,0.03,0.02
multimodal_psd-fc-wpli_gated_cnn,6,sub11,sub01;sub05;sub07;sub08;sub09;sub10;sub14;sub15;sub16;sub17;sub18;sub20;sub22;sub24;sub27;sub28;sub29,sub13,32,0.3322065770626068,0.2634178400039673,0.002,1e-05,1.0,1.0,True,False,multimodal,psd-fc-wpli,gated,cnn,True,finetune,segssl_barlow_all-patient_psd-fc-wpli_finetune_seed13_pre20_proj32_mask0_03_noise0_02_mlp1_0_sup100,True,barlow,psd,all-patient,True,13,1.0,0.1,32,0.03,0.02
multimodal_psd-fc-wpli_gated_cnn,6,sub11,sub01;sub05;sub07;sub08;sub09;sub10;sub14;sub15;sub16;sub17;sub18;sub20;sub22;sub24;sub27;sub28;sub29,sub13,33,0.31282877922058105,0.2431333065032959,0.002,1e-05,1.0,1.0,True,False,multimodal,psd-fc-wpli,gated,cnn,True,finetune,segssl_barlow_all-patient_psd-fc-wpli_finetune_seed13_pre20_proj32_mask0_03_noise0_02_mlp1_0_sup100,True,barlow,psd,all-patient,True,13,1.0,0.1,32,0.03,0.02
multimodal_psd-fc-wpli_gated_cnn,6,sub11,sub01;sub05;sub07;sub08;sub09;sub10;sub14;sub15;sub16;sub17;sub18;sub20;sub22;sub24;sub27;sub28;sub29,sub13,34,0.2937464416027069,0.22326740622520447,0.002,1e-05,1.0,1.0,True,False,multimodal,psd-fc-wpli,gated,cnn,True,finetune,segssl_barlow_all-patient_psd-fc-wpli_finetune_seed13_pre20_proj32_mask0_03_noise0_02_mlp1_0_sup100,True,barlow,psd,all-patient,True,13,1.0,0.1,32,0.03,0.02
multimodal_psd-fc-wpli_gated_cnn,6,sub11,sub01;sub05;sub07;sub08;sub09;sub10;sub14;sub15;sub16;sub17;sub18;sub20;sub22;sub24;sub27;sub28;sub29,sub13,35,0.27504900097846985,0.20391306281089783,0.002,1e-05,1.0,1.0,True,False,multimodal,psd-fc-wpli,gated,cnn,True,finetune,segssl_barlow_all-patient_psd-fc-wpli_finetune_seed13_pre20_proj32_mask0_03_noise0_02_mlp1_0_sup100,True,barlow,psd,all-patient,True,13,1.0,0.1,32,0.03,0.02
multimodal_psd-fc-wpli_gated_cnn,6,sub11,sub01;sub05;sub07;sub08;sub09;sub10;sub14;sub15;sub16;sub17;sub18;sub20;sub22;sub24;sub27;sub28;sub29,sub13,36,0.25623729825019836,0.1853831708431244,0.002,1e-05,1.0,1.0,True,False,multimodal,psd-fc-wpli,gated,cnn,True,finetune,segssl_barlow_all-patient_psd-fc-wpli_finetune_seed13_pre20_proj32_mask0_03_noise0_02_mlp1_0_sup100,True,barlow,psd,all-patient,True,13,1.0,0.1,32,0.03,0.02
multimodal_psd-fc-wpli_gated_cnn,6,sub11,sub01;sub05;sub07;sub08;sub09;sub10;sub14;sub15;sub16;sub17;sub18;sub20;sub22;sub24;sub27;sub28;sub29,sub13,37,0.23778823018074036,0.1666228324174881,0.002,1e-05,1.0,1.0,True,False,multimodal,psd-fc-wpli,gated,cnn,True,finetune,segssl_barlow_all-patient_psd-fc-wpli_finetune_seed13_pre20_proj32_mask0_03_noise0_02_mlp1_0_sup100,True,barlow,psd,all-patient,True,13,1.0,0.1,32,0.03,0.02
multimodal_psd-fc-wpli_gated_cnn,6,sub11,sub01;sub05;sub07;sub08;sub09;sub10;sub14;sub15;sub16;sub17;sub18;sub20;sub22;sub24;sub27;sub28;sub29,sub13,38,0.21982461214065552,0.14799663424491882,0.002,1e-05,1.0,1.0,True,False,multimodal,psd-fc-wpli,gated,cnn,True,finetune,segssl_barlow_all-patient_psd-fc-wpli_finetune_seed13_pre20_proj32_mask0_03_noise0_02_mlp1_0_sup100,True,barlow,psd,all-patient,True,13,1.0,0.1,32,0.03,0.02
multimodal_psd-fc-wpli_gated_cnn,6,sub11,sub01;sub05;sub07;sub08;sub09;sub10;sub14;sub15;sub16;sub17;sub18;sub20;sub22;sub24;sub27;sub28;sub29,sub13,39,0.2027493417263031,0.13039334118366241,0.002,1e-05,1.0,1.0,True,False,multimodal,psd-fc-wpli,gated,cnn,True,finetune,segssl_barlow_all-patient_psd-fc-wpli_finetune_seed13_pre20_proj32_mask0_03_noise0_02_mlp1_0_sup100,True,barlow,psd,all-patient,True,13,1.0,0.1,32,0.03,0.02
multimodal_psd-fc-wpli_gated_cnn,6,sub11,sub01;sub05;sub07;sub08;sub09;sub10;sub14;sub15;sub16;sub17;sub18;sub20;sub22;sub24;sub27;sub28;sub29,sub13,40,0.1866166740655899,0.11384459584951401,0.002,1e-05,1.0,1.0,True,False,multimodal,psd-fc-wpli,gated,cnn,True,finetune,segssl_barlow_all-patient_psd-fc-wpli_finetune_seed13_pre20_proj32_mask0_03_noise0_02_mlp1_0_sup100,True,barlow,psd,all-patient,True,13,1.0,0.1,32,0.03,0.02
multimodal_psd-fc-wpli_gated_cnn,6,sub11,sub01;sub05;sub07;sub08;sub09;sub10;sub14;sub15;sub16;sub17;sub18;sub20;sub22;sub24;sub27;sub28;sub29,sub13,41,0.17080344259738922,0.09830892086029053,0.002,1e-05,1.0,1.0,True,False,multimodal,psd-fc-wpli,gated,cnn,True,finetune,segssl_barlow_all-patient_psd-fc-wpli_finetune_seed13_pre20_proj32_mask0_03_noise0_02_mlp1_0_sup100,True,barlow,psd,all-patient,True,13,1.0,0.1,32,0.03,0.02
multimodal_psd-fc-wpli_gated_cnn,6,sub11,sub01;sub05;sub07;sub08;sub09;sub10;sub14;sub15;sub16;sub17;sub18;sub20;sub22;sub24;sub27;sub28;sub29,sub13,42,0.15592795610427856,0.08400376886129379,0.002,1e-05,1.0,1.0,True,False,multimodal,psd-fc-wpli,gated,cnn,True,finetune,segssl_barlow_all-patient_psd-fc-wpli_finetune_seed13_pre20_proj32_mask0_03_noise0_02_mlp1_0_sup100,True,barlow,psd,all-patient,True,13,1.0,0.1,32,0.03,0.02
multimodal_psd-fc-wpli_gated_cnn,6,sub11,sub01;sub05;sub07;sub08;sub09;sub10;sub14;sub15;sub16;sub17;sub18;sub20;sub22;sub24;sub27;sub28;sub29,sub13,43,0.14179037511348724,0.0709075778722763,0.002,1e-05,1.0,1.0,True,False,multimodal,psd-fc-wpli,gated,cnn,True,finetune,segssl_barlow_all-patient_psd-fc-wpli_finetune_seed13_pre20_proj32_mask0_03_noise0_02_mlp1_0_sup100,True,barlow,psd,all-patient,True,13,1.0,0.1,32,0.03,0.02
multimodal_psd-fc-wpli_gated_cnn,6,sub11,sub01;sub05;sub07;sub08;sub09;sub10;sub14;sub15;sub16;sub17;sub18;sub20;sub22;sub24;sub27;sub28;sub29,sub13,44,0.12850601971149445,0.05948333069682121,0.002,1e-05,1.0,1.0,True,False,multimodal,psd-fc-wpli,gated,cnn,True,finetune,segssl_barlow_all-patient_psd-fc-wpli_finetune_seed13_pre20_proj32_mask0_03_noise0_02_mlp1_0_sup100,True,barlow,psd,all-patient,True,13,1.0,0.1,32,0.03,0.02
multimodal_psd-fc-wpli_gated_cnn,6,sub11,sub01;sub05;sub07;sub08;sub09;sub10;sub14;sub15;sub16;sub17;sub18;sub20;sub22;sub24;sub27;sub28;sub29,sub13,45,0.11590638756752014,0.04961330071091652,0.002,1e-05,1.0,1.0,True,False,multimodal,psd-fc-wpli,gated,cnn,True,finetune,segssl_barlow_all-patient_psd-fc-wpli_finetune_seed13_pre20_proj32_mask0_03_noise0_02_mlp1_0_sup100,True,barlow,psd,all-patient,True,13,1.0,0.1,32,0.03,0.02
multimodal_psd-fc-wpli_gated_cnn,6,sub11,sub01;sub05;sub07;sub08;sub09;sub10;sub14;sub15;sub16;sub17;sub18;sub20;sub22;sub24;sub27;sub28;sub29,sub13,46,0.10408484190702438,0.04135487973690033,0.002,1e-05,1.0,1.0,True,False,multimodal,psd-fc-wpli,gated,cnn,True,finetune,segssl_barlow_all-patient_psd-fc-wpli_finetune_seed13_pre20_proj32_mask0_03_noise0_02_mlp1_0_sup100,True,barlow,psd,all-patient,True,13,1.0,0.1,32,0.03,0.02
multimodal_psd-fc-wpli_gated_cnn,6,sub11,sub01;sub05;sub07;sub08;sub09;sub10;sub14;sub15;sub16;sub17;sub18;sub20;sub22;sub24;sub27;sub28;sub29,sub13,47,0.09272783249616623,0.03476209193468094,0.002,1e-05,1.0,1.0,True,False,multimodal,psd-fc-wpli,gated,cnn,True,finetune,segssl_barlow_all-patient_psd-fc-wpli_finetune_seed13_pre20_proj32_mask0_03_noise0_02_mlp1_0_sup100,True,barlow,psd,all-patient,True,13,1.0,0.1,32,0.03,0.02
multimodal_psd-fc-wpli_gated_cnn,6,sub11,sub01;sub05;sub07;sub08;sub09;sub10;sub14;sub15;sub16;sub17;sub18;sub20;sub22;sub24;sub27;sub28;sub29,sub13,48,0.0821259543299675,0.029610525816679,0.002,1e-05,1.0,1.0,True,False,multimodal,psd-fc-wpli,gated,cnn,True,finetune,segssl_barlow_all-patient_psd-fc-wpli_finetune_seed13_pre20_proj32_mask0_03_noise0_02_mlp1_0_sup100,True,barlow,psd,all-patient,True,13,1.0,0.1,32,0.03,0.02
multimodal_psd-fc-wpli_gated_cnn,6,sub11,sub01;sub05;sub07;sub08;sub09;sub10;sub14;sub15;sub16;sub17;sub18;sub20;sub22;sub24;sub27;sub28;sub29,sub13,49,0.0724463239312172,0.02548811584711075,0.002,1e-05,1.0,1.0,True,False,multimodal,psd-fc-wpli,gated,cnn,True,finetune,segssl_barlow_all-patient_psd-fc-wpli_finetune_seed13_pre20_proj32_mask0_03_noise0_02_mlp1_0_sup100,True,barlow,psd,all-patient,True,13,1.0,0.1,32,0.03,0.02
multimodal_psd-fc-wpli_gated_cnn,6,sub11,sub01;sub05;sub07;sub08;sub09;sub10;sub14;sub15;sub16;sub17;sub18;sub20;sub22;sub24;sub27;sub28;sub29,sub13,50,0.06382636725902557,0.02160872146487236,0.002,1e-05,1.0,1.0,True,False,multimodal,psd-fc-wpli,gated,cnn,True,finetune,segssl_barlow_all-patient_psd-fc-wpli_finetune_seed13_pre20_proj32_mask0_03_noise0_02_mlp1_0_sup100,True,barlow,psd,all-patient,True,13,1.0,0.1,32,0.03,0.02
multimodal_psd-fc-wpli_gated_cnn,6,sub11,sub01;sub05;sub07;sub08;sub09;sub10;sub14;sub15;sub16;sub17;sub18;sub20;sub22;sub24;sub27;sub28;sub29,sub13,51,0.056293219327926636,0.018022235482931137,0.002,1e-05,1.0,1.0,True,False,multimodal,psd-fc-wpli,gated,cnn,True,finetune,segssl_barlow_all-patient_psd-fc-wpli_finetune_seed13_pre20_proj32_mask0_03_noise0_02_mlp1_0_sup100,True,barlow,psd,all-patient,True,13,1.0,0.1,32,0.03,0.02
multimodal_psd-fc-wpli_gated_cnn,6,sub11,sub01;sub05;sub07;sub08;sub09;sub10;sub14;sub15;sub16;sub17;sub18;sub20;sub22;sub24;sub27;sub28;sub29,sub13,52,0.049535974860191345,0.014727657660841942,0.002,1e-05,1.0,1.0,True,False,multimodal,psd-fc-wpli,gated,cnn,True,finetune,segssl_barlow_all-patient_psd-fc-wpli_finetune_seed13_pre20_proj32_mask0_03_noise0_02_mlp1_0_sup100,True,barlow,psd,all-patient,True,13,1.0,0.1,32,0.03,0.02
multimodal_psd-fc-wpli_gated_cnn,6,sub11,sub01;sub05;sub07;sub08;sub09;sub10;sub14;sub15;sub16;sub17;sub18;sub20;sub22;sub24;sub27;sub28;sub29,sub13,53,0.04341227188706398,0.011873736046254635,0.002,1e-05,1.0,1.0,True,False,multimodal,psd-fc-wpli,gated,cnn,True,finetune,segssl_barlow_all-patient_psd-fc-wpli_finetune_seed13_pre20_proj32_mask0_03_noise0_02_mlp1_0_sup100,True,barlow,psd,all-patient,True,13,1.0,0.1,32,0.03,0.02
multimodal_psd-fc-wpli_gated_cnn,6,sub11,sub01;sub05;sub07;sub08;sub09;sub10;sub14;sub15;sub16;sub17;sub18;sub20;sub22;sub24;sub27;sub28;sub29,sub13,54,0.038058456033468246,0.009561718441545963,0.002,1e-05,1.0,1.0,True,False,multimodal,psd-fc-wpli,gated,cnn,True,finetune,segssl_barlow_all-patient_psd-fc-wpli_finetune_seed13_pre20_proj32_mask0_03_noise0_02_mlp1_0_sup100,True,barlow,psd,all-patient,True,13,1.0,0.1,32,0.03,0.02
multimodal_psd-fc-wpli_gated_cnn,6,sub11,sub01;sub05;sub07;sub08;sub09;sub10;sub14;sub15;sub16;sub17;sub18;sub20;sub22;sub24;sub27;sub28;sub29,sub13,55,0.033381152898073196,0.007799684535712004,0.002,1e-05,1.0,1.0,True,False,multimodal,psd-fc-wpli,gated,cnn,True,finetune,segssl_barlow_all-patient_psd-fc-wpli_finetune_seed13_pre20_proj32_mask0_03_noise0_02_mlp1_0_sup100,True,barlow,psd,all-patient,True,13,1.0,0.1,32,0.03,0.02
multimodal_psd-fc-wpli_gated_cnn,6,sub11,sub01;sub05;sub07;sub08;sub09;sub10;sub14;sub15;sub16;sub17;sub18;sub20;sub22;sub24;sub27;sub28;sub29,sub13,56,0.02930084429681301,0.006478847004473209,0.002,1e-05,1.0,1.0,True,False,multimodal,psd-fc-wpli,gated,cnn,True,finetune,segssl_barlow_all-patient_psd-fc-wpli_finetune_seed13_pre20_proj32_mask0_03_noise0_02_mlp1_0_sup100,True,barlow,psd,all-patient,True,13,1.0,0.1,32,0.03,0.02
multimodal_psd-fc-wpli_gated_cnn,6,sub11,sub01;sub05;sub07;sub08;sub09;sub10;sub14;sub15;sub16;sub17;sub18;sub20;sub22;sub24;sub27;sub28;sub29,sub13,57,0.025705646723508835,0.0054681869223713875,0.002,1e-05,1.0,1.0,True,False,multimodal,psd-fc-wpli,gated,cnn,True,finetune,segssl_barlow_all-patient_psd-fc-wpli_finetune_seed13_pre20_proj32_mask0_03_noise0_02_mlp1_0_sup100,True,barlow,psd,all-patient,True,13,1.0,0.1,32,0.03,0.02
multimodal_psd-fc-wpli_gated_cnn,6,sub11,sub01;sub05;sub07;sub08;sub09;sub10;sub14;sub15;sub16;sub17;sub18;sub20;sub22;sub24;sub27;sub28;sub29,sub13,58,0.022559253498911858,0.004680505022406578,0.002,1e-05,1.0,1.0,True,False,multimodal,psd-fc-wpli,gated,cnn,True,finetune,segssl_barlow_all-patient_psd-fc-wpli_finetune_seed13_pre20_proj32_mask0_03_noise0_02_mlp1_0_sup100,True,barlow,psd,all-patient,True,13,1.0,0.1,32,0.03,0.02
multimodal_psd-fc-wpli_gated_cnn,6,sub11,sub01;sub05;sub07;sub08;sub09;sub10;sub14;sub15;sub16;sub17;sub18;sub20;sub22;sub24;sub27;sub28;sub29,sub13,59,0.01979885809123516,0.004042297601699829,0.002,1e-05,1.0,1.0,True,False,multimodal,psd-fc-wpli,gated,cnn,True,finetune,segssl_barlow_all-patient_psd-fc-wpli_finetune_seed13_pre20_proj32_mask0_03_noise0_02_mlp1_0_sup100,True,barlow,psd,all-patient,True,13,1.0,0.1,32,0.03,0.02
multimodal_psd-fc-wpli_gated_cnn,6,sub11,sub01;sub05;sub07;sub08;sub09;sub10;sub14;sub15;sub16;sub17;sub18;sub20;sub22;sub24;sub27;sub28;sub29,sub13,60,0.017377352342009544,0.003512046532705426,0.002,1e-05,1.0,1.0,True,False,multimodal,psd-fc-wpli,gated,cnn,True,finetune,segssl_barlow_all-patient_psd-fc-wpli_finetune_seed13_pre20_proj32_mask0_03_noise0_02_mlp1_0_sup100,True,barlow,psd,all-patient,True,13,1.0,0.1,32,0.03,0.02
multimodal_psd-fc-wpli_gated_cnn,6,sub11,sub01;sub05;sub07;sub08;sub09;sub10;sub14;sub15;sub16;sub17;sub18;sub20;sub22;sub24;sub27;sub28;sub29,sub13,61,0.015274503268301487,0.003077894914895296,0.002,1e-05,1.0,1.0,True,False,multimodal,psd-fc-wpli,gated,cnn,True,finetune,segssl_barlow_all-patient_psd-fc-wpli_finetune_seed13_pre20_proj32_mask0_03_noise0_02_mlp1_0_sup100,True,barlow,psd,all-patient,True,13,1.0,0.1,32,0.03,0.02
multimodal_psd-fc-wpli_gated_cnn,6,sub11,sub01;sub05;sub07;sub08;sub09;sub10;sub14;sub15;sub16;sub17;sub18;sub20;sub22;sub24;sub27;sub28;sub29,sub13,62,0.013453993014991283,0.002718658186495304,0.002,1e-05,1.0,1.0,True,False,multimodal,psd-fc-wpli,gated,cnn,True,finetune,segssl_barlow_all-patient_psd-fc-wpli_finetune_seed13_pre20_proj32_mask0_03_noise0_02_mlp1_0_sup100,True,barlow,psd,all-patient,True,13,1.0,0.1,32,0.03,0.02
multimodal_psd-fc-wpli_gated_cnn,6,sub11,sub01;sub05;sub07;sub08;sub09;sub10;sub14;sub15;sub16;sub17;sub18;sub20;sub22;sub24;sub27;sub28;sub29,sub13,63,0.011884123086929321,0.00243559991940856,0.002,1e-05,1.0,1.0,True,False,multimodal,psd-fc-wpli,gated,cnn,True,finetune,segssl_barlow_all-patient_psd-fc-wpli_finetune_seed13_pre20_proj32_mask0_03_noise0_02_mlp1_0_sup100,True,barlow,psd,all-patient,True,13,1.0,0.1,32,0.03,0.02
multimodal_psd-fc-wpli_gated_cnn,6,sub11,sub01;sub05;sub07;sub08;sub09;sub10;sub14;sub15;sub16;sub17;sub18;sub20;sub22;sub24;sub27;sub28;sub29,sub13,64,0.010514666326344013,0.0022103297524154186,0.002,1e-05,1.0,1.0,True,False,multimodal,psd-fc-wpli,gated,cnn,True,finetune,segssl_barlow_all-patient_psd-fc-wpli_finetune_seed13_pre20_proj32_mask0_03_noise0_02_mlp1_0_sup100,True,barlow,psd,all-patient,True,13,1.0,0.1,32,0.03,0.02
multimodal_psd-fc-wpli_gated_cnn,6,sub11,sub01;sub05;sub07;sub08;sub09;sub10;sub14;sub15;sub16;sub17;sub18;sub20;sub22;sub24;sub27;sub28;sub29,sub13,65,0.009313548915088177,0.002029157942160964,0.002,1e-05,1.0,1.0,True,False,multimodal,psd-fc-wpli,gated,cnn,True,finetune,segssl_barlow_all-patient_psd-fc-wpli_finetune_seed13_pre20_proj32_mask0_03_noise0_02_mlp1_0_sup100,True,barlow,psd,all-patient,True,13,1.0,0.1,32,0.03,0.02
multimodal_psd-fc-wpli_gated_cnn,6,sub11,sub01;sub05;sub07;sub08;sub09;sub10;sub14;sub15;sub16;sub17;sub18;sub20;sub22;sub24;sub27;sub28;sub29,sub13,66,0.00826986599713564,0.0018726197304204106,0.002,1e-05,1.0,1.0,True,False,multimodal,psd-fc-wpli,gated,cnn,True,finetune,segssl_barlow_all-patient_psd-fc-wpli_finetune_seed13_pre20_proj32_mask0_03_noise0_02_mlp1_0_sup100,True,barlow,psd,all-patient,True,13,1.0,0.1,32,0.03,0.02
multimodal_psd-fc-wpli_gated_cnn,6,sub11,sub01;sub05;sub07;sub08;sub09;sub10;sub14;sub15;sub16;sub17;sub18;sub20;sub22;sub24;sub27;sub28;sub29,sub13,67,0.007368005346506834,0.001724466448649764,0.002,1e-05,1.0,1.0,True,False,multimodal,psd-fc-wpli,gated,cnn,True,finetune,segssl_barlow_all-patient_psd-fc-wpli_finetune_seed13_pre20_proj32_mask0_03_noise0_02_mlp1_0_sup100,True,barlow,psd,all-patient,True,13,1.0,0.1,32,0.03,0.02
multimodal_psd-fc-wpli_gated_cnn,6,sub11,sub01;sub05;sub07;sub08;sub09;sub10;sub14;sub15;sub16;sub17;sub18;sub20;sub22;sub24;sub27;sub28;sub29,sub13,68,0.006587517913430929,0.001583104021847248,0.002,1e-05,1.0,1.0,True,False,multimodal,psd-fc-wpli,gated,cnn,True,finetune,segssl_barlow_all-patient_psd-fc-wpli_finetune_seed13_pre20_proj32_mask0_03_noise0_02_mlp1_0_sup100,True,barlow,psd,all-patient,True,13,1.0,0.1,32,0.03,0.02
multimodal_psd-fc-wpli_gated_cnn,6,sub11,sub01;sub05;sub07;sub08;sub09;sub10;sub14;sub15;sub16;sub17;sub18;sub20;sub22;sub24;sub27;sub28;sub29,sub13,69,0.005903730634599924,0.0014483772683888674,0.002,1e-05,1.0,1.0,True,False,multimodal,psd-fc-wpli,gated,cnn,True,finetune,segssl_barlow_all-patient_psd-fc-wpli_finetune_seed13_pre20_proj32_mask0_03_noise0_02_mlp1_0_sup100,True,barlow,psd,all-patient,True,13,1.0,0.1,32,0.03,0.02
multimodal_psd-fc-wpli_gated_cnn,6,sub11,sub01;sub05;sub07;sub08;sub09;sub10;sub14;sub15;sub16;sub17;sub18;sub20;sub22;sub24;sub27;sub28;sub29,sub13,70,0.005305752158164978,0.0013222366105765104,0.002,1e-05,1.0,1.0,True,False,multimodal,psd-fc-wpli,gated,cnn,True,finetune,segssl_barlow_all-patient_psd-fc-wpli_finetune_seed13_pre20_proj32_mask0_03_noise0_02_mlp1_0_sup100,True,barlow,psd,all-patient,True,13,1.0,0.1,32,0.03,0.02
multimodal_psd-fc-wpli_gated_cnn,6,sub11,sub01;sub05;sub07;sub08;sub09;sub10;sub14;sub15;sub16;sub17;sub18;sub20;sub22;sub24;sub27;sub28;sub29,sub13,71,0.004788731690496206,0.0012115619610995054,0.002,1e-05,1.0,1.0,True,False,multimodal,psd-fc-wpli,gated,cnn,True,finetune,segssl_barlow_all-patient_psd-fc-wpli_finetune_seed13_pre20_proj32_mask0_03_noise0_02_mlp1_0_sup100,True,barlow,psd,all-patient,True,13,1.0,0.1,32,0.03,0.02
multimodal_psd-fc-wpli_gated_cnn,6,sub11,sub01;sub05;sub07;sub08;sub09;sub10;sub14;sub15;sub16;sub17;sub18;sub20;sub22;sub24;sub27;sub28;sub29,sub13,72,0.004341481253504753,0.0011148714693263173,0.002,1e-05,1.0,1.0,True,False,multimodal,psd-fc-wpli,gated,cnn,True,finetune,segssl_barlow_all-patient_psd-fc-wpli_finetune_seed13_pre20_proj32_mask0_03_noise0_02_mlp1_0_sup100,True,barlow,psd,all-patient,True,13,1.0,0.1,32,0.03,0.02
multimodal_psd-fc-wpli_gated_cnn,6,sub11,sub01;sub05;sub07;sub08;sub09;sub10;sub14;sub15;sub16;sub17;sub18;sub20;sub22;sub24;sub27;sub28;sub29,sub13,73,0.003949143923819065,0.0010310030775144696,0.002,1e-05,1.0,1.0,True,False,multimodal,psd-fc-wpli,gated,cnn,True,finetune,segssl_barlow_all-patient_psd-fc-wpli_finetune_seed13_pre20_proj32_mask0_03_noise0_02_mlp1_0_sup100,True,barlow,psd,all-patient,True,13,1.0,0.1,32,0.03,0.02
multimodal_psd-fc-wpli_gated_cnn,6,sub11,sub01;sub05;sub07;sub08;sub09;sub10;sub14;sub15;sub16;sub17;sub18;sub20;sub22;sub24;sub27;sub28;sub29,sub13,74,0.003602763405069709,0.0009545451030135155,0.002,1e-05,1.0,1.0,True,False,multimodal,psd-fc-wpli,gated,cnn,True,finetune,segssl_barlow_all-patient_psd-fc-wpli_finetune_seed13_pre20_proj32_mask0_03_noise0_02_mlp1_0_sup100,True,barlow,psd,all-patient,True,13,1.0,0.1,32,0.03,0.02
multimodal_psd-fc-wpli_gated_cnn,6,sub11,sub01;sub05;sub07;sub08;sub09;sub10;sub14;sub15;sub16;sub17;sub18;sub20;sub22;sub24;sub27;sub28;sub29,sub13,75,0.003299109870567918,0.0008832511375658214,0.002,1e-05,1.0,1.0,True,False,multimodal,psd-fc-wpli,gated,cnn,True,finetune,segssl_barlow_all-patient_psd-fc-wpli_finetune_seed13_pre20_proj32_mask0_03_noise0_02_mlp1_0_sup100,True,barlow,psd,all-patient,True,13,1.0,0.1,32,0.03,0.02
multimodal_psd-fc-wpli_gated_cnn,6,sub11,sub01;sub05;sub07;sub08;sub09;sub10;sub14;sub15;sub16;sub17;sub18;sub20;sub22;sub24;sub27;sub28;sub29,sub13,76,0.003030364168807864,0.0008156290859915316,0.002,1e-05,1.0,1.0,True,False,multimodal,psd-fc-wpli,gated,cnn,True,finetune,segssl_barlow_all-patient_psd-fc-wpli_finetune_seed13_pre20_proj32_mask0_03_noise0_02_mlp1_0_sup100,True,barlow,psd,all-patient,True,13,1.0,0.1,32,0.03,0.02
multimodal_psd-fc-wpli_gated_cnn,6,sub11,sub01;sub05;sub07;sub08;sub09;sub10;sub14;sub15;sub16;sub17;sub18;sub20;sub22;sub24;sub27;sub28;sub29,sub13,77,0.002792293205857277,0.0007519889622926712,0.002,1e-05,1.0,1.0,True,False,multimodal,psd-fc-wpli,gated,cnn,True,finetune,segssl_barlow_all-patient_psd-fc-wpli_finetune_seed13_pre20_proj32_mask0_03_noise0_02_mlp1_0_sup100,True,barlow,psd,all-patient,True,13,1.0,0.1,32,0.03,0.02
multimodal_psd-fc-wpli_gated_cnn,6,sub11,sub01;sub05;sub07;sub08;sub09;sub10;sub14;sub15;sub16;sub17;sub18;sub20;sub22;sub24;sub27;sub28;sub29,sub13,78,0.0025800096336752176,0.0006937623838894069,0.002,1e-05,1.0,1.0,True,False,multimodal,psd-fc-wpli,gated,cnn,True,finetune,segssl_barlow_all-patient_psd-fc-wpli_finetune_seed13_pre20_proj32_mask0_03_noise0_02_mlp1_0_sup100,True,barlow,psd,all-patient,True,13,1.0,0.1,32,0.03,0.02
multimodal_psd-fc-wpli_gated_cnn,6,sub11,sub01;sub05;sub07;sub08;sub09;sub10;sub14;sub15;sub16;sub17;sub18;sub20;sub22;sub24;sub27;sub28;sub29,sub13,79,0.0023910782765597105,0.0006418461562134326,0.002,1e-05,1.0,1.0,True,False,multimodal,psd-fc-wpli,gated,cnn,True,finetune,segssl_barlow_all-patient_psd-fc-wpli_finetune_seed13_pre20_proj32_mask0_03_noise0_02_mlp1_0_sup100,True,barlow,psd,all-patient,True,13,1.0,0.1,32,0.03,0.02
multimodal_psd-fc-wpli_gated_cnn,6,sub11,sub01;sub05;sub07;sub08;sub09;sub10;sub14;sub15;sub16;sub17;sub18;sub20;sub22;sub24;sub27;sub28;sub29,sub13,80,0.0022221484687179327,0.0005954594817012548,0.002,1e-05,1.0,1.0,True,False,multimodal,psd-fc-wpli,gated,cnn,True,finetune,segssl_barlow_all-patient_psd-fc-wpli_finetune_seed13_pre20_proj32_mask0_03_noise0_02_mlp1_0_sup100,True,barlow,psd,all-patient,True,13,1.0,0.1,32,0.03,0.02
multimodal_psd-fc-wpli_gated_cnn,6,sub11,sub01;sub05;sub07;sub08;sub09;sub10;sub14;sub15;sub16;sub17;sub18;sub20;sub22;sub24;sub27;sub28;sub29,sub13,81,0.002070527756586671,0.0005537959514185786,0.002,1e-05,1.0,1.0,True,False,multimodal,psd-fc-wpli,gated,cnn,True,finetune,segssl_barlow_all-patient_psd-fc-wpli_finetune_seed13_pre20_proj32_mask0_03_noise0_02_mlp1_0_sup100,True,barlow,psd,all-patient,True,13,1.0,0.1,32,0.03,0.02
multimodal_psd-fc-wpli_gated_cnn,6,sub11,sub01;sub05;sub07;sub08;sub09;sub10;sub14;sub15;sub16;sub17;sub18;sub20;sub22;sub24;sub27;sub28;sub29,sub13,82,0.001934140920639038,0.0005155943217687309,0.002,1e-05,1.0,1.0,True,False,multimodal,psd-fc-wpli,gated,cnn,True,finetune,segssl_barlow_all-patient_psd-fc-wpli_finetune_seed13_pre20_proj32_mask0_03_noise0_02_mlp1_0_sup100,True,barlow,psd,all-patient,True,13,1.0,0.1,32,0.03,0.02
multimodal_psd-fc-wpli_gated_cnn,6,sub11,sub01;sub05;sub07;sub08;sub09;sub10;sub14;sub15;sub16;sub17;sub18;sub20;sub22;sub24;sub27;sub28;sub29,sub13,83,0.001811221824027598,0.00048067147145047784,0.002,1e-05,1.0,1.0,True,False,multimodal,psd-fc-wpli,gated,cnn,True,finetune,segssl_barlow_all-patient_psd-fc-wpli_finetune_seed13_pre20_proj32_mask0_03_noise0_02_mlp1_0_sup100,True,barlow,psd,all-patient,True,13,1.0,0.1,32,0.03,0.02
multimodal_psd-fc-wpli_gated_cnn,6,sub11,sub01;sub05;sub07;sub08;sub09;sub10;sub14;sub15;sub16;sub17;sub18;sub20;sub22;sub24;sub27;sub28;sub29,sub13,84,0.001700286753475666,0.00044916922342963517,0.002,1e-05,1.0,1.0,True,False,multimodal,psd-fc-wpli,gated,cnn,True,finetune,segssl_barlow_all-patient_psd-fc-wpli_finetune_seed13_pre20_proj32_mask0_03_noise0_02_mlp1_0_sup100,True,barlow,psd,all-patient,True,13,1.0,0.1,32,0.03,0.02
multimodal_psd-fc-wpli_gated_cnn,6,sub11,sub01;sub05;sub07;sub08;sub09;sub10;sub14;sub15;sub16;sub17;sub18;sub20;sub22;sub24;sub27;sub28;sub29,sub13,85,0.001600647927261889,0.00042068070615641773,0.002,1e-05,1.0,1.0,True,False,multimodal,psd-fc-wpli,gated,cnn,True,finetune,segssl_barlow_all-patient_psd-fc-wpli_finetune_seed13_pre20_proj32_mask0_03_noise0_02_mlp1_0_sup100,True,barlow,psd,all-patient,True,13,1.0,0.1,32,0.03,0.02
multimodal_psd-fc-wpli_gated_cnn,6,sub11,sub01;sub05;sub07;sub08;sub09;sub10;sub14;sub15;sub16;sub17;sub18;sub20;sub22;sub24;sub27;sub28;sub29,sub13,86,0.0015108068473637104,0.00039440032560378313,0.002,1e-05,1.0,1.0,True,False,multimodal,psd-fc-wpli,gated,cnn,True,finetune,segssl_barlow_all-patient_psd-fc-wpli_finetune_seed13_pre20_proj32_mask0_03_noise0_02_mlp1_0_sup100,True,barlow,psd,all-patient,True,13,1.0,0.1,32,0.03,0.02
multimodal_psd-fc-wpli_gated_cnn,6,sub11,sub01;sub05;sub07;sub08;sub09;sub10;sub14;sub15;sub16;sub17;sub18;sub20;sub22;sub24;sub27;sub28;sub29,sub13,87,0.0014287956291809678,0.00037025814526714385,0.002,1e-05,1.0,1.0,True,False,multimodal,psd-fc-wpli,gated,cnn,True,finetune,segssl_barlow_all-patient_psd-fc-wpli_finetune_seed13_pre20_proj32_mask0_03_noise0_02_mlp1_0_sup100,True,barlow,psd,all-patient,True,13,1.0,0.1,32,0.03,0.02
multimodal_psd-fc-wpli_gated_cnn,6,sub11,sub01;sub05;sub07;sub08;sub09;sub10;sub14;sub15;sub16;sub17;sub18;sub20;sub22;sub24;sub27;sub28;sub29,sub13,88,0.001354148262180388,0.00034877078724093735,0.002,1e-05,1.0,1.0,True,False,multimodal,psd-fc-wpli,gated,cnn,True,finetune,segssl_barlow_all-patient_psd-fc-wpli_finetune_seed13_pre20_proj32_mask0_03_noise0_02_mlp1_0_sup100,True,barlow,psd,all-patient,True,13,1.0,0.1,32,0.03,0.02
multimodal_psd-fc-wpli_gated_cnn,6,sub11,sub01;sub05;sub07;sub08;sub09;sub10;sub14;sub15;sub16;sub17;sub18;sub20;sub22;sub24;sub27;sub28;sub29,sub13,89,0.0012864238815382123,0.0003296195936854929,0.002,1e-05,1.0,1.0,True,False,multimodal,psd-fc-wpli,gated,cnn,True,finetune,segssl_barlow_all-patient_psd-fc-wpli_finetune_seed13_pre20_proj32_mask0_03_noise0_02_mlp1_0_sup100,True,barlow,psd,all-patient,True,13,1.0,0.1,32,0.03,0.02
multimodal_psd-fc-wpli_gated_cnn,6,sub11,sub01;sub05;sub07;sub08;sub09;sub10;sub14;sub15;sub16;sub17;sub18;sub20;sub22;sub24;sub27;sub28;sub29,sub13,90,0.0012245535617694259,0.00031207670690491796,0.002,1e-05,1.0,1.0,True,False,multimodal,psd-fc-wpli,gated,cnn,True,finetune,segssl_barlow_all-patient_psd-fc-wpli_finetune_seed13_pre20_proj32_mask0_03_noise0_02_mlp1_0_sup100,True,barlow,psd,all-patient,True,13,1.0,0.1,32,0.03,0.02
multimodal_psd-fc-wpli_gated_cnn,6,sub11,sub01;sub05;sub07;sub08;sub09;sub10;sub14;sub15;sub16;sub17;sub18;sub20;sub22;sub24;sub27;sub28;sub29,sub13,91,0.0011678180890157819,0.00029562151758000255,0.002,1e-05,1.0,1.0,True,False,multimodal,psd-fc-wpli,gated,cnn,True,finetune,segssl_barlow_all-patient_psd-fc-wpli_finetune_seed13_pre20_proj32_mask0_03_noise0_02_mlp1_0_sup100,True,barlow,psd,all-patient,True,13,1.0,0.1,32,0.03,0.02
multimodal_psd-fc-wpli_gated_cnn,6,sub11,sub01;sub05;sub07;sub08;sub09;sub10;sub14;sub15;sub16;sub17;sub18;sub20;sub22;sub24;sub27;sub28;sub29,sub13,92,0.0011154963867738843,0.0002802526287268847,0.002,1e-05,1.0,1.0,True,False,multimodal,psd-fc-wpli,gated,cnn,True,finetune,segssl_barlow_all-patient_psd-fc-wpli_finetune_seed13_pre20_proj32_mask0_03_noise0_02_mlp1_0_sup100,True,barlow,psd,all-patient,True,13,1.0,0.1,32,0.03,0.02
multimodal_psd-fc-wpli_gated_cnn,6,sub11,sub01;sub05;sub07;sub08;sub09;sub10;sub14;sub15;sub16;sub17;sub18;sub20;sub22;sub24;sub27;sub28;sub29,sub13,93,0.001066981814801693,0.0002661890466697514,0.002,1e-05,1.0,1.0,True,False,multimodal,psd-fc-wpli,gated,cnn,True,finetune,segssl_barlow_all-patient_psd-fc-wpli_finetune_seed13_pre20_proj32_mask0_03_noise0_02_mlp1_0_sup100,True,barlow,psd,all-patient,True,13,1.0,0.1,32,0.03,0.02
multimodal_psd-fc-wpli_gated_cnn,6,sub11,sub01;sub05;sub07;sub08;sub09;sub10;sub14;sub15;sub16;sub17;sub18;sub20;sub22;sub24;sub27;sub28;sub29,sub13,94,0.001021907664835453,0.0002533098740968853,0.002,1e-05,1.0,1.0,True,False,multimodal,psd-fc-wpli,gated,cnn,True,finetune,segssl_barlow_all-patient_psd-fc-wpli_finetune_seed13_pre20_proj32_mask0_03_noise0_02_mlp1_0_sup100,True,barlow,psd,all-patient,True,13,1.0,0.1,32,0.03,0.02
multimodal_psd-fc-wpli_gated_cnn,6,sub11,sub01;sub05;sub07;sub08;sub09;sub10;sub14;sub15;sub16;sub17;sub18;sub20;sub22;sub24;sub27;sub28;sub29,sub13,95,0.0009799852268770337,0.0002413861802779138,0.002,1e-05,1.0,1.0,True,False,multimodal,psd-fc-wpli,gated,cnn,True,finetune,segssl_barlow_all-patient_psd-fc-wpli_finetune_seed13_pre20_proj32_mask0_03_noise0_02_mlp1_0_sup100,True,barlow,psd,all-patient,True,13,1.0,0.1,32,0.03,0.02
multimodal_psd-fc-wpli_gated_cnn,6,sub11,sub01;sub05;sub07;sub08;sub09;sub10;sub14;sub15;sub16;sub17;sub18;sub20;sub22;sub24;sub27;sub28;sub29,sub13,96,0.0009408643818460405,0.0002303717628819868,0.002,1e-05,1.0,1.0,True,False,multimodal,psd-fc-wpli,gated,cnn,True,finetune,segssl_barlow_all-patient_psd-fc-wpli_finetune_seed13_pre20_proj32_mask0_03_noise0_02_mlp1_0_sup100,True,barlow,psd,all-patient,True,13,1.0,0.1,32,0.03,0.02
multimodal_psd-fc-wpli_gated_cnn,6,sub11,sub01;sub05;sub07;sub08;sub09;sub10;sub14;sub15;sub16;sub17;sub18;sub20;sub22;sub24;sub27;sub28;sub29,sub13,97,0.000904398737475276,0.0002203735348302871,0.002,1e-05,1.0,1.0,True,False,multimodal,psd-fc-wpli,gated,cnn,True,finetune,segssl_barlow_all-patient_psd-fc-wpli_finetune_seed13_pre20_proj32_mask0_03_noise0_02_mlp1_0_sup100,True,barlow,psd,all-patient,True,13,1.0,0.1,32,0.03,0.02
multimodal_psd-fc-wpli_gated_cnn,6,sub11,sub01;sub05;sub07;sub08;sub09;sub10;sub14;sub15;sub16;sub17;sub18;sub20;sub22;sub24;sub27;sub28;sub29,sub13,98,0.0008705389918759465,0.0002113937516696751,0.002,1e-05,1.0,1.0,True,False,multimodal,psd-fc-wpli,gated,cnn,True,finetune,segssl_barlow_all-patient_psd-fc-wpli_finetune_seed13_pre20_proj32_mask0_03_noise0_02_mlp1_0_sup100,True,barlow,psd,all-patient,True,13,1.0,0.1,32,0.03,0.02
multimodal_psd-fc-wpli_gated_cnn,6,sub11,sub01;sub05;sub07;sub08;sub09;sub10;sub14;sub15;sub16;sub17;sub18;sub20;sub22;sub24;sub27;sub28;sub29,sub13,99,0.0008386412519030273,0.0002032774209510535,0.002,1e-05,1.0,1.0,True,False,multimodal,psd-fc-wpli,gated,cnn,True,finetune,segssl_barlow_all-patient_psd-fc-wpli_finetune_seed13_pre20_proj32_mask0_03_noise0_02_mlp1_0_sup100,True,barlow,psd,all-patient,True,13,1.0,0.1,32,0.03,0.02
multimodal_psd-fc-wpli_gated_cnn,6,sub11,sub01;sub05;sub07;sub08;sub09;sub10;sub14;sub15;sub16;sub17;sub18;sub20;sub22;sub24;sub27;sub28;sub29,sub13,100,0.0008086414309218526,0.00019582620006985962,0.002,1e-05,1.0,1.0,True,False,multimodal,psd-fc-wpli,gated,cnn,True,finetune,segssl_barlow_all-patient_psd-fc-wpli_finetune_seed13_pre20_proj32_mask0_03_noise0_02_mlp1_0_sup100,True,barlow,psd,all-patient,True,13,1.0,0.1,32,0.03,0.02
multimodal_psd-fc-wpli_gated_cnn,7,sub13,sub01;sub05;sub07;sub08;sub09;sub10;sub11;sub15;sub16;sub17;sub18;sub20;sub22;sub24;sub27;sub28;sub29,sub14,1,0.6978387236595154,0.6594903469085693,0.002,1e-05,1.0,1.0,True,False,multimodal,psd-fc-wpli,gated,cnn,True,finetune,segssl_barlow_all-patient_psd-fc-wpli_finetune_seed13_pre20_proj32_mask0_03_noise0_02_mlp1_0_sup100,True,barlow,psd,all-patient,True,13,1.0,0.1,32,0.03,0.02
multimodal_psd-fc-wpli_gated_cnn,7,sub13,sub01;sub05;sub07;sub08;sub09;sub10;sub11;sub15;sub16;sub17;sub18;sub20;sub22;sub24;sub27;sub28;sub29,sub14,2,0.6913591027259827,0.6655203104019165,0.002,1e-05,1.0,1.0,False,False,multimodal,psd-fc-wpli,gated,cnn,True,finetune,segssl_barlow_all-patient_psd-fc-wpli_finetune_seed13_pre20_proj32_mask0_03_noise0_02_mlp1_0_sup100,True,barlow,psd,all-patient,True,13,1.0,0.1,32,0.03,0.02
multimodal_psd-fc-wpli_gated_cnn,7,sub13,sub01;sub05;sub07;sub08;sub09;sub10;sub11;sub15;sub16;sub17;sub18;sub20;sub22;sub24;sub27;sub28;sub29,sub14,3,0.6856229901313782,0.6740610003471375,0.002,1e-05,1.0,1.0,False,False,multimodal,psd-fc-wpli,gated,cnn,True,finetune,segssl_barlow_all-patient_psd-fc-wpli_finetune_seed13_pre20_proj32_mask0_03_noise0_02_mlp1_0_sup100,True,barlow,psd,all-patient,True,13,1.0,0.1,32,0.03,0.02
multimodal_psd-fc-wpli_gated_cnn,7,sub13,sub01;sub05;sub07;sub08;sub09;sub10;sub11;sub15;sub16;sub17;sub18;sub20;sub22;sub24;sub27;sub28;sub29,sub14,4,0.6797873973846436,0.6838065385818481,0.002,1e-05,1.0,1.0,False,False,multimodal,psd-fc-wpli,gated,cnn,True,finetune,segssl_barlow_all-patient_psd-fc-wpli_finetune_seed13_pre20_proj32_mask0_03_noise0_02_mlp1_0_sup100,True,barlow,psd,all-patient,True,13,1.0,0.1,32,0.03,0.02
multimodal_psd-fc-wpli_gated_cnn,7,sub13,sub01;sub05;sub07;sub08;sub09;sub10;sub11;sub15;sub16;sub17;sub18;sub20;sub22;sub24;sub27;sub28;sub29,sub14,5,0.6736353635787964,0.6937292218208313,0.002,1e-05,1.0,1.0,False,False,multimodal,psd-fc-wpli,gated,cnn,True,finetune,segssl_barlow_all-patient_psd-fc-wpli_finetune_seed13_pre20_proj32_mask0_03_noise0_02_mlp1_0_sup100,True,barlow,psd,all-patient,True,13,1.0,0.1,32,0.03,0.02
multimodal_psd-fc-wpli_gated_cnn,7,sub13,sub01;sub05;sub07;sub08;sub09;sub10;sub11;sub15;sub16;sub17;sub18;sub20;sub22;sub24;sub27;sub28;sub29,sub14,6,0.6666529178619385,0.7052052617073059,0.002,1e-05,1.0,1.0,False,False,multimodal,psd-fc-wpli,gated,cnn,True,finetune,segssl_barlow_all-patient_psd-fc-wpli_finetune_seed13_pre20_proj32_mask0_03_noise0_02_mlp1_0_sup100,True,barlow,psd,all-patient,True,13,1.0,0.1,32,0.03,0.02
multimodal_psd-fc-wpli_gated_cnn,7,sub13,sub01;sub05;sub07;sub08;sub09;sub10;sub11;sub15;sub16;sub17;sub18;sub20;sub22;sub24;sub27;sub28;sub29,sub14,7,0.6589191555976868,0.7183789014816284,0.002,1e-05,1.0,1.0,False,False,multimodal,psd-fc-wpli,gated,cnn,True,finetune,segssl_barlow_all-patient_psd-fc-wpli_finetune_seed13_pre20_proj32_mask0_03_noise0_02_mlp1_0_sup100,True,barlow,psd,all-patient,True,13,1.0,0.1,32,0.03,0.02
multimodal_psd-fc-wpli_gated_cnn,7,sub13,sub01;sub05;sub07;sub08;sub09;sub10;sub11;sub15;sub16;sub17;sub18;sub20;sub22;sub24;sub27;sub28;sub29,sub14,8,0.6504102945327759,0.7336406111717224,0.002,1e-05,1.0,1.0,False,False,multimodal,psd-fc-wpli,gated,cnn,True,finetune,segssl_barlow_all-patient_psd-fc-wpli_finetune_seed13_pre20_proj32_mask0_03_noise0_02_mlp1_0_sup100,True,barlow,psd,all-patient,True,13,1.0,0.1,32,0.03,0.02
multimodal_psd-fc-wpli_gated_cnn,7,sub13,sub01;sub05;sub07;sub08;sub09;sub10;sub11;sub15;sub16;sub17;sub18;sub20;sub22;sub24;sub27;sub28;sub29,sub14,9,0.6413425207138062,0.7510579228401184,0.002,1e-05,1.0,1.0,False,False,multimodal,psd-fc-wpli,gated,cnn,True,finetune,segssl_barlow_all-patient_psd-fc-wpli_finetune_seed13_pre20_proj32_mask0_03_noise0_02_mlp1_0_sup100,True,barlow,psd,all-patient,True,13,1.0,0.1,32,0.03,0.02
multimodal_psd-fc-wpli_gated_cnn,7,sub13,sub01;sub05;sub07;sub08;sub09;sub10;sub11;sub15;sub16;sub17;sub18;sub20;sub22;sub24;sub27;sub28;sub29,sub14,10,0.6312801837921143,0.7711923122406006,0.002,1e-05,1.0,1.0,False,False,multimodal,psd-fc-wpli,gated,cnn,True,finetune,segssl_barlow_all-patient_psd-fc-wpli_finetune_seed13_pre20_proj32_mask0_03_noise0_02_mlp1_0_sup100,True,barlow,psd,all-patient,True,13,1.0,0.1,32,0.03,0.02
multimodal_psd-fc-wpli_gated_cnn,7,sub13,sub01;sub05;sub07;sub08;sub09;sub10;sub11;sub15;sub16;sub17;sub18;sub20;sub22;sub24;sub27;sub28;sub29,sub14,11,0.6205769777297974,0.7961627244949341,0.002,1e-05,1.0,1.0,False,False,multimodal,psd-fc-wpli,gated,cnn,True,finetune,segssl_barlow_all-patient_psd-fc-wpli_finetune_seed13_pre20_proj32_mask0_03_noise0_02_mlp1_0_sup100,True,barlow,psd,all-patient,True,13,1.0,0.1,32,0.03,0.02
multimodal_psd-fc-wpli_gated_cnn,7,sub13,sub01;sub05;sub07;sub08;sub09;sub10;sub11;sub15;sub16;sub17;sub18;sub20;sub22;sub24;sub27;sub28;sub29,sub14,12,0.608900249004364,0.8270858526229858,0.002,1e-05,1.0,1.0,False,False,multimodal,psd-fc-wpli,gated,cnn,True,finetune,segssl_barlow_all-patient_psd-fc-wpli_finetune_seed13_pre20_proj32_mask0_03_noise0_02_mlp1_0_sup100,True,barlow,psd,all-patient,True,13,1.0,0.1,32,0.03,0.02
multimodal_psd-fc-wpli_gated_cnn,7,sub13,sub01;sub05;sub07;sub08;sub09;sub10;sub11;sub15;sub16;sub17;sub18;sub20;sub22;sub24;sub27;sub28;sub29,sub14,13,0.5962640047073364,0.865703821182251,0.002,1e-05,1.0,1.0,False,False,multimodal,psd-fc-wpli,gated,cnn,True,finetune,segssl_barlow_all-patient_psd-fc-wpli_finetune_seed13_pre20_proj32_mask0_03_noise0_02_mlp1_0_sup100,True,barlow,psd,all-patient,True,13,1.0,0.1,32,0.03,0.02
multimodal_psd-fc-wpli_gated_cnn,7,sub13,sub01;sub05;sub07;sub08;sub09;sub10;sub11;sub15;sub16;sub17;sub18;sub20;sub22;sub24;sub27;sub28;sub29,sub14,14,0.5825790166854858,0.9143312573432922,0.002,1e-05,1.0,1.0,False,False,multimodal,psd-fc-wpli,gated,cnn,True,finetune,segssl_barlow_all-patient_psd-fc-wpli_finetune_seed13_pre20_proj32_mask0_03_noise0_02_mlp1_0_sup100,True,barlow,psd,all-patient,True,13,1.0,0.1,32,0.03,0.02
multimodal_psd-fc-wpli_gated_cnn,7,sub13,sub01;sub05;sub07;sub08;sub09;sub10;sub11;sub15;sub16;sub17;sub18;sub20;sub22;sub24;sub27;sub28;sub29,sub14,15,0.5676993131637573,0.973792314529419,0.002,1e-05,1.0,1.0,False,False,multimodal,psd-fc-wpli,gated,cnn,True,finetune,segssl_barlow_all-patient_psd-fc-wpli_finetune_seed13_pre20_proj32_mask0_03_noise0_02_mlp1_0_sup100,True,barlow,psd,all-patient,True,13,1.0,0.1,32,0.03,0.02
multimodal_psd-fc-wpli_gated_cnn,7,sub13,sub01;sub05;sub07;sub08;sub09;sub10;sub11;sub15;sub16;sub17;sub18;sub20;sub22;sub24;sub27;sub28;sub29,sub14,16,0.5519662499427795,1.043992519378662,0.002,1e-05,1.0,1.0,False,False,multimodal,psd-fc-wpli,gated,cnn,True,finetune,segssl_barlow_all-patient_psd-fc-wpli_finetune_seed13_pre20_proj32_mask0_03_noise0_02_mlp1_0_sup100,True,barlow,psd,all-patient,True,13,1.0,0.1,32,0.03,0.02
multimodal_psd-fc-wpli_gated_cnn,7,sub13,sub01;sub05;sub07;sub08;sub09;sub10;sub11;sub15;sub16;sub17;sub18;sub20;sub22;sub24;sub27;sub28;sub29,sub14,17,0.5352889895439148,1.1227508783340454,0.002,1e-05,1.0,1.0,False,False,multimodal,psd-fc-wpli,gated,cnn,True,finetune,segssl_barlow_all-patient_psd-fc-wpli_finetune_seed13_pre20_proj32_mask0_03_noise0_02_mlp1_0_sup100,True,barlow,psd,all-patient,True,13,1.0,0.1,32,0.03,0.02
multimodal_psd-fc-wpli_gated_cnn,7,sub13,sub01;sub05;sub07;sub08;sub09;sub10;sub11;sub15;sub16;sub17;sub18;sub20;sub22;sub24;sub27;sub28;sub29,sub14,18,0.5177708864212036,1.208409070968628,0.002,1e-05,1.0,1.0,False,False,multimodal,psd-fc-wpli,gated,cnn,True,finetune,segssl_barlow_all-patient_psd-fc-wpli_finetune_seed13_pre20_proj32_mask0_03_noise0_02_mlp1_0_sup100,True,barlow,psd,all-patient,True,13,1.0,0.1,32,0.03,0.02
multimodal_psd-fc-wpli_gated_cnn,7,sub13,sub01;sub05;sub07;sub08;sub09;sub10;sub11;sub15;sub16;sub17;sub18;sub20;sub22;sub24;sub27;sub28;sub29,sub14,19,0.4995741546154022,1.3031150102615356,0.002,1e-05,1.0,1.0,False,False,multimodal,psd-fc-wpli,gated,cnn,True,finetune,segssl_barlow_all-patient_psd-fc-wpli_finetune_seed13_pre20_proj32_mask0_03_noise0_02_mlp1_0_sup100,True,barlow,psd,all-patient,True,13,1.0,0.1,32,0.03,0.02
multimodal_psd-fc-wpli_gated_cnn,7,sub13,sub01;sub05;sub07;sub08;sub09;sub10;sub11;sub15;sub16;sub17;sub18;sub20;sub22;sub24;sub27;sub28;sub29,sub14,20,0.4806525409221649,1.4022871255874634,0.002,1e-05,1.0,1.0,False,False,multimodal,psd-fc-wpli,gated,cnn,True,finetune,segssl_barlow_all-patient_psd-fc-wpli_finetune_seed13_pre20_proj32_mask0_03_noise0_02_mlp1_0_sup100,True,barlow,psd,all-patient,True,13,1.0,0.1,32,0.03,0.02
multimodal_psd-fc-wpli_gated_cnn,7,sub13,sub01;sub05;sub07;sub08;sub09;sub10;sub11;sub15;sub16;sub17;sub18;sub20;sub22;sub24;sub27;sub28;sub29,sub14,21,0.46112188696861267,1.505993366241455,0.002,1e-05,1.0,1.0,False,False,multimodal,psd-fc-wpli,gated,cnn,True,finetune,segssl_barlow_all-patient_psd-fc-wpli_finetune_seed13_pre20_proj32_mask0_03_noise0_02_mlp1_0_sup100,True,barlow,psd,all-patient,True,13,1.0,0.1,32,0.03,0.02
multimodal_psd-fc-wpli_gated_cnn,7,sub13,sub01;sub05;sub07;sub08;sub09;sub10;sub11;sub15;sub16;sub17;sub18;sub20;sub22;sub24;sub27;sub28;sub29,sub14,22,0.44093748927116394,1.6143207550048828,0.002,1e-05,1.0,1.0,False,False,multimodal,psd-fc-wpli,gated,cnn,True,finetune,segssl_barlow_all-patient_psd-fc-wpli_finetune_seed13_pre20_proj32_mask0_03_noise0_02_mlp1_0_sup100,True,barlow,psd,all-patient,True,13,1.0,0.1,32,0.03,0.02
multimodal_psd-fc-wpli_gated_cnn,7,sub13,sub01;sub05;sub07;sub08;sub09;sub10;sub11;sub15;sub16;sub17;sub18;sub20;sub22;sub24;sub27;sub28;sub29,sub14,23,0.4198560416698456,1.7169228792190552,0.002,1e-05,1.0,1.0,False,False,multimodal,psd-fc-wpli,gated,cnn,True,finetune,segssl_barlow_all-patient_psd-fc-wpli_finetune_seed13_pre20_proj32_mask0_03_noise0_02_mlp1_0_sup100,True,barlow,psd,all-patient,True,13,1.0,0.1,32,0.03,0.02
multimodal_psd-fc-wpli_gated_cnn,7,sub13,sub01;sub05;sub07;sub08;sub09;sub10;sub11;sub15;sub16;sub17;sub18;sub20;sub22;sub24;sub27;sub28;sub29,sub14,24,0.3978378474712372,1.8039276599884033,0.002,1e-05,1.0,1.0,False,False,multimodal,psd-fc-wpli,gated,cnn,True,finetune,segssl_barlow_all-patient_psd-fc-wpli_finetune_seed13_pre20_proj32_mask0_03_noise0_02_mlp1_0_sup100,True,barlow,psd,all-patient,True,13,1.0,0.1,32,0.03,0.02
multimodal_psd-fc-wpli_gated_cnn,7,sub13,sub01;sub05;sub07;sub08;sub09;sub10;sub11;sub15;sub16;sub17;sub18;sub20;sub22;sub24;sub27;sub28;sub29,sub14,25,0.3749549984931946,1.8709479570388794,0.002,1e-05,1.0,1.0,False,False,multimodal,psd-fc-wpli,gated,cnn,True,finetune,segssl_barlow_all-patient_psd-fc-wpli_finetune_seed13_pre20_proj32_mask0_03_noise0_02_mlp1_0_sup100,True,barlow,psd,all-patient,True,13,1.0,0.1,32,0.03,0.02
multimodal_psd-fc-wpli_gated_cnn,7,sub13,sub01;sub05;sub07;sub08;sub09;sub10;sub11;sub15;sub16;sub17;sub18;sub20;sub22;sub24;sub27;sub28;sub29,sub14,26,0.3511718213558197,1.9167125225067139,0.002,1e-05,1.0,1.0,False,False,multimodal,psd-fc-wpli,gated,cnn,True,finetune,segssl_barlow_all-patient_psd-fc-wpli_finetune_seed13_pre20_proj32_mask0_03_noise0_02_mlp1_0_sup100,True,barlow,psd,all-patient,True,13,1.0,0.1,32,0.03,0.02
multimodal_psd-fc-wpli_gated_cnn,7,sub13,sub01;sub05;sub07;sub08;sub09;sub10;sub11;sub15;sub16;sub17;sub18;sub20;sub22;sub24;sub27;sub28;sub29,sub14,27,0.32697996497154236,1.9295704364776611,0.002,1e-05,1.0,1.0,False,False,multimodal,psd-fc-wpli,gated,cnn,True,finetune,segssl_barlow_all-patient_psd-fc-wpli_finetune_seed13_pre20_proj32_mask0_03_noise0_02_mlp1_0_sup100,True,barlow,psd,all-patient,True,13,1.0,0.1,32,0.03,0.02
multimodal_psd-fc-wpli_gated_cnn,7,sub13,sub01;sub05;sub07;sub08;sub09;sub10;sub11;sub15;sub16;sub17;sub18;sub20;sub22;sub24;sub27;sub28;sub29,sub14,28,0.30236300826072693,1.923812985420227,0.002,1e-05,1.0,1.0,False,False,multimodal,psd-fc-wpli,gated,cnn,True,finetune,segssl_barlow_all-patient_psd-fc-wpli_finetune_seed13_pre20_proj32_mask0_03_noise0_02_mlp1_0_sup100,True,barlow,psd,all-patient,True,13,1.0,0.1,32,0.03,0.02
multimodal_psd-fc-wpli_gated_cnn,7,sub13,sub01;sub05;sub07;sub08;sub09;sub10;sub11;sub15;sub16;sub17;sub18;sub20;sub22;sub24;sub27;sub28;sub29,sub14,29,0.2770569920539856,1.8896194696426392,0.002,1e-05,1.0,1.0,False,False,multimodal,psd-fc-wpli,gated,cnn,True,finetune,segssl_barlow_all-patient_psd-fc-wpli_finetune_seed13_pre20_proj32_mask0_03_noise0_02_mlp1_0_sup100,True,barlow,psd,all-patient,True,13,1.0,0.1,32,0.03,0.02
multimodal_psd-fc-wpli_gated_cnn,7,sub13,sub01;sub05;sub07;sub08;sub09;sub10;sub11;sub15;sub16;sub17;sub18;sub20;sub22;sub24;sub27;sub28;sub29,sub14,30,0.25146031379699707,1.8149746656417847,0.002,1e-05,1.0,1.0,False,False,multimodal,psd-fc-wpli,gated,cnn,True,finetune,segssl_barlow_all-patient_psd-fc-wpli_finetune_seed13_pre20_proj32_mask0_03_noise0_02_mlp1_0_sup100,True,barlow,psd,all-patient,True,13,1.0,0.1,32,0.03,0.02
multimodal_psd-fc-wpli_gated_cnn,7,sub13,sub01;sub05;sub07;sub08;sub09;sub10;sub11;sub15;sub16;sub17;sub18;sub20;sub22;sub24;sub27;sub28;sub29,sub14,31,0.22636553645133972,1.749305009841919,0.002,1e-05,1.0,1.0,False,False,multimodal,psd-fc-wpli,gated,cnn,True,finetune,segssl_barlow_all-patient_psd-fc-wpli_finetune_seed13_pre20_proj32_mask0_03_noise0_02_mlp1_0_sup100,True,barlow,psd,all-patient,True,13,1.0,0.1,32,0.03,0.02
multimodal_psd-fc-wpli_gated_cnn,7,sub13,sub01;sub05;sub07;sub08;sub09;sub10;sub11;sub15;sub16;sub17;sub18;sub20;sub22;sub24;sub27;sub28;sub29,sub14,32,0.20176896452903748,1.7115724086761475,0.002,1e-05,1.0,1.0,False,False,multimodal,psd-fc-wpli,gated,cnn,True,finetune,segssl_barlow_all-patient_psd-fc-wpli_finetune_seed13_pre20_proj32_mask0_03_noise0_02_mlp1_0_sup100,True,barlow,psd,all-patient,True,13,1.0,0.1,32,0.03,0.02
multimodal_psd-fc-wpli_gated_cnn,7,sub13,sub01;sub05;sub07;sub08;sub09;sub10;sub11;sub15;sub16;sub17;sub18;sub20;sub22;sub24;sub27;sub28;sub29,sub14,33,0.17796580493450165,1.6993649005889893,0.002,1e-05,1.0,1.0,False,False,multimodal,psd-fc-wpli,gated,cnn,True,finetune,segssl_barlow_all-patient_psd-fc-wpli_finetune_seed13_pre20_proj32_mask0_03_noise0_02_mlp1_0_sup100,True,barlow,psd,all-patient,True,13,1.0,0.1,32,0.03,0.02
multimodal_psd-fc-wpli_gated_cnn,7,sub13,sub01;sub05;sub07;sub08;sub09;sub10;sub11;sub15;sub16;sub17;sub18;sub20;sub22;sub24;sub27;sub28;sub29,sub14,34,0.15580549836158752,1.695101261138916,0.002,1e-05,1.0,1.0,False,False,multimodal,psd-fc-wpli,gated,cnn,True,finetune,segssl_barlow_all-patient_psd-fc-wpli_finetune_seed13_pre20_proj32_mask0_03_noise0_02_mlp1_0_sup100,True,barlow,psd,all-patient,True,13,1.0,0.1,32,0.03,0.02
multimodal_psd-fc-wpli_gated_cnn,7,sub13,sub01;sub05;sub07;sub08;sub09;sub10;sub11;sub15;sub16;sub17;sub18;sub20;sub22;sub24;sub27;sub28;sub29,sub14,35,0.13625699281692505,1.6320621967315674,0.002,1e-05,1.0,1.0,False,False,multimodal,psd-fc-wpli,gated,cnn,True,finetune,segssl_barlow_all-patient_psd-fc-wpli_finetune_seed13_pre20_proj32_mask0_03_noise0_02_mlp1_0_sup100,True,barlow,psd,all-patient,True,13,1.0,0.1,32,0.03,0.02
multimodal_psd-fc-wpli_gated_cnn,7,sub13,sub01;sub05;sub07;sub08;sub09;sub10;sub11;sub15;sub16;sub17;sub18;sub20;sub22;sub24;sub27;sub28;sub29,sub14,36,0.11898773163557053,1.624247670173645,0.002,1e-05,1.0,1.0,False,False,multimodal,psd-fc-wpli,gated,cnn,True,finetune,segssl_barlow_all-patient_psd-fc-wpli_finetune_seed13_pre20_proj32_mask0_03_noise0_02_mlp1_0_sup100,True,barlow,psd,all-patient,True,13,1.0,0.1,32,0.03,0.02
multimodal_psd-fc-wpli_gated_cnn,7,sub13,sub01;sub05;sub07;sub08;sub09;sub10;sub11;sub15;sub16;sub17;sub18;sub20;sub22;sub24;sub27;sub28;sub29,sub14,37,0.10327763855457306,1.688713550567627,0.002,1e-05,1.0,1.0,False,False,multimodal,psd-fc-wpli,gated,cnn,True,finetune,segssl_barlow_all-patient_psd-fc-wpli_finetune_seed13_pre20_proj32_mask0_03_noise0_02_mlp1_0_sup100,True,barlow,psd,all-patient,True,13,1.0,0.1,32,0.03,0.02
multimodal_psd-fc-wpli_gated_cnn,7,sub13,sub01;sub05;sub07;sub08;sub09;sub10;sub11;sub15;sub16;sub17;sub18;sub20;sub22;sub24;sub27;sub28;sub29,sub14,38,0.0890180841088295,1.7759867906570435,0.002,1e-05,1.0,1.0,False,False,multimodal,psd-fc-wpli,gated,cnn,True,finetune,segssl_barlow_all-patient_psd-fc-wpli_finetune_seed13_pre20_proj32_mask0_03_noise0_02_mlp1_0_sup100,True,barlow,psd,all-patient,True,13,1.0,0.1,32,0.03,0.02
multimodal_psd-fc-wpli_gated_cnn,7,sub13,sub01;sub05;sub07;sub08;sub09;sub10;sub11;sub15;sub16;sub17;sub18;sub20;sub22;sub24;sub27;sub28;sub29,sub14,39,0.07623383402824402,1.8122930526733398,0.002,1e-05,1.0,1.0,False,False,multimodal,psd-fc-wpli,gated,cnn,True,finetune,segssl_barlow_all-patient_psd-fc-wpli_finetune_seed13_pre20_proj32_mask0_03_noise0_02_mlp1_0_sup100,True,barlow,psd,all-patient,True,13,1.0,0.1,32,0.03,0.02
multimodal_psd-fc-wpli_gated_cnn,7,sub13,sub01;sub05;sub07;sub08;sub09;sub10;sub11;sub15;sub16;sub17;sub18;sub20;sub22;sub24;sub27;sub28;sub29,sub14,40,0.06464902311563492,1.8207672834396362,0.002,1e-05,1.0,1.0,False,False,multimodal,psd-fc-wpli,gated,cnn,True,finetune,segssl_barlow_all-patient_psd-fc-wpli_finetune_seed13_pre20_proj32_mask0_03_noise0_02_mlp1_0_sup100,True,barlow,psd,all-patient,True,13,1.0,0.1,32,0.03,0.02
multimodal_psd-fc-wpli_gated_cnn,7,sub13,sub01;sub05;sub07;sub08;sub09;sub10;sub11;sub15;sub16;sub17;sub18;sub20;sub22;sub24;sub27;sub28;sub29,sub14,41,0.0545274019241333,1.861975908279419,0.002,1e-05,1.0,1.0,False,False,multimodal,psd-fc-wpli,gated,cnn,True,finetune,segssl_barlow_all-patient_psd-fc-wpli_finetune_seed13_pre20_proj32_mask0_03_noise0_02_mlp1_0_sup100,True,barlow,psd,all-patient,True,13,1.0,0.1,32,0.03,0.02
multimodal_psd-fc-wpli_gated_cnn,7,sub13,sub01;sub05;sub07;sub08;sub09;sub10;sub11;sub15;sub16;sub17;sub18;sub20;sub22;sub24;sub27;sub28;sub29,sub14,42,0.04588320106267929,1.9367845058441162,0.002,1e-05,1.0,1.0,False,False,multimodal,psd-fc-wpli,gated,cnn,True,finetune,segssl_barlow_all-patient_psd-fc-wpli_finetune_seed13_pre20_proj32_mask0_03_noise0_02_mlp1_0_sup100,True,barlow,psd,all-patient,True,13,1.0,0.1,32,0.03,0.02
multimodal_psd-fc-wpli_gated_cnn,7,sub13,sub01;sub05;sub07;sub08;sub09;sub10;sub11;sub15;sub16;sub17;sub18;sub20;sub22;sub24;sub27;sub28;sub29,sub14,43,0.038511499762535095,2.0155515670776367,0.002,1e-05,1.0,1.0,False,False,multimodal,psd-fc-wpli,gated,cnn,True,finetune,segssl_barlow_all-patient_psd-fc-wpli_finetune_seed13_pre20_proj32_mask0_03_noise0_02_mlp1_0_sup100,True,barlow,psd,all-patient,True,13,1.0,0.1,32,0.03,0.02
multimodal_psd-fc-wpli_gated_cnn,7,sub13,sub01;sub05;sub07;sub08;sub09;sub10;sub11;sub15;sub16;sub17;sub18;sub20;sub22;sub24;sub27;sub28;sub29,sub14,44,0.03232482820749283,2.0631489753723145,0.002,1e-05,1.0,1.0,False,False,multimodal,psd-fc-wpli,gated,cnn,True,finetune,segssl_barlow_all-patient_psd-fc-wpli_finetune_seed13_pre20_proj32_mask0_03_noise0_02_mlp1_0_sup100,True,barlow,psd,all-patient,True,13,1.0,0.1,32,0.03,0.02
multimodal_psd-fc-wpli_gated_cnn,7,sub13,sub01;sub05;sub07;sub08;sub09;sub10;sub11;sub15;sub16;sub17;sub18;sub20;sub22;sub24;sub27;sub28;sub29,sub14,45,0.02714681439101696,2.0790133476257324,0.002,1e-05,1.0,1.0,False,False,multimodal,psd-fc-wpli,gated,cnn,True,finetune,segssl_barlow_all-patient_psd-fc-wpli_finetune_seed13_pre20_proj32_mask0_03_noise0_02_mlp1_0_sup100,True,barlow,psd,all-patient,True,13,1.0,0.1,32,0.03,0.02
multimodal_psd-fc-wpli_gated_cnn,7,sub13,sub01;sub05;sub07;sub08;sub09;sub10;sub11;sub15;sub16;sub17;sub18;sub20;sub22;sub24;sub27;sub28;sub29,sub14,46,0.022788507863879204,2.0699405670166016,0.002,1e-05,1.0,1.0,False,False,multimodal,psd-fc-wpli,gated,cnn,True,finetune,segssl_barlow_all-patient_psd-fc-wpli_finetune_seed13_pre20_proj32_mask0_03_noise0_02_mlp1_0_sup100,True,barlow,psd,all-patient,True,13,1.0,0.1,32,0.03,0.02
multimodal_psd-fc-wpli_gated_cnn,7,sub13,sub01;sub05;sub07;sub08;sub09;sub10;sub11;sub15;sub16;sub17;sub18;sub20;sub22;sub24;sub27;sub28;sub29,sub14,47,0.019121259450912476,2.056657552719116,0.002,1e-05,1.0,1.0,False,False,multimodal,psd-fc-wpli,gated,cnn,True,finetune,segssl_barlow_all-patient_psd-fc-wpli_finetune_seed13_pre20_proj32_mask0_03_noise0_02_mlp1_0_sup100,True,barlow,psd,all-patient,True,13,1.0,0.1,32,0.03,0.02
multimodal_psd-fc-wpli_gated_cnn,7,sub13,sub01;sub05;sub07;sub08;sub09;sub10;sub11;sub15;sub16;sub17;sub18;sub20;sub22;sub24;sub27;sub28;sub29,sub14,48,0.01606319099664688,2.047483205795288,0.002,1e-05,1.0,1.0,False,False,multimodal,psd-fc-wpli,gated,cnn,True,finetune,segssl_barlow_all-patient_psd-fc-wpli_finetune_seed13_pre20_proj32_mask0_03_noise0_02_mlp1_0_sup100,True,barlow,psd,all-patient,True,13,1.0,0.1,32,0.03,0.02
multimodal_psd-fc-wpli_gated_cnn,7,sub13,sub01;sub05;sub07;sub08;sub09;sub10;sub11;sub15;sub16;sub17;sub18;sub20;sub22;sub24;sub27;sub28;sub29,sub14,49,0.013525323942303658,2.0506699085235596,0.002,1e-05,1.0,1.0,False,False,multimodal,psd-fc-wpli,gated,cnn,True,finetune,segssl_barlow_all-patient_psd-fc-wpli_finetune_seed13_pre20_proj32_mask0_03_noise0_02_mlp1_0_sup100,True,barlow,psd,all-patient,True,13,1.0,0.1,32,0.03,0.02
multimodal_psd-fc-wpli_gated_cnn,7,sub13,sub01;sub05;sub07;sub08;sub09;sub10;sub11;sub15;sub16;sub17;sub18;sub20;sub22;sub24;sub27;sub28;sub29,sub14,50,0.011410685256123543,2.0615453720092773,0.002,1e-05,1.0,1.0,False,False,multimodal,psd-fc-wpli,gated,cnn,True,finetune,segssl_barlow_all-patient_psd-fc-wpli_finetune_seed13_pre20_proj32_mask0_03_noise0_02_mlp1_0_sup100,True,barlow,psd,all-patient,True,13,1.0,0.1,32,0.03,0.02
multimodal_psd-fc-wpli_gated_cnn,7,sub13,sub01;sub05;sub07;sub08;sub09;sub10;sub11;sub15;sub16;sub17;sub18;sub20;sub22;sub24;sub27;sub28;sub29,sub14,51,0.00965209398418665,2.070483922958374,0.002,1e-05,1.0,1.0,False,False,multimodal,psd-fc-wpli,gated,cnn,True,finetune,segssl_barlow_all-patient_psd-fc-wpli_finetune_seed13_pre20_proj32_mask0_03_noise0_02_mlp1_0_sup100,True,barlow,psd,all-patient,True,13,1.0,0.1,32,0.03,0.02
multimodal_psd-fc-wpli_gated_cnn,7,sub13,sub01;sub05;sub07;sub08;sub09;sub10;sub11;sub15;sub16;sub17;sub18;sub20;sub22;sub24;sub27;sub28;sub29,sub14,52,0.00820119958370924,2.068648099899292,0.001,1e-05,1.0,1.0,False,False,multimodal,psd-fc-wpli,gated,cnn,True,finetune,segssl_barlow_all-patient_psd-fc-wpli_finetune_seed13_pre20_proj32_mask0_03_noise0_02_mlp1_0_sup100,True,barlow,psd,all-patient,True,13,1.0,0.1,32,0.03,0.02
multimodal_psd-fc-wpli_gated_cnn,7,sub13,sub01;sub05;sub07;sub08;sub09;sub10;sub11;sub15;sub16;sub17;sub18;sub20;sub22;sub24;sub27;sub28;sub29,sub14,53,0.007008314598351717,2.0516915321350098,0.001,1e-05,1.0,1.0,False,False,multimodal,psd-fc-wpli,gated,cnn,True,finetune,segssl_barlow_all-patient_psd-fc-wpli_finetune_seed13_pre20_proj32_mask0_03_noise0_02_mlp1_0_sup100,True,barlow,psd,all-patient,True,13,1.0,0.1,32,0.03,0.02
multimodal_psd-fc-wpli_gated_cnn,7,sub13,sub01;sub05;sub07;sub08;sub09;sub10;sub11;sub15;sub16;sub17;sub18;sub20;sub22;sub24;sub27;sub28;sub29,sub14,54,0.0064975423738360405,2.028676748275757,0.001,1e-05,1.0,1.0,False,False,multimodal,psd-fc-wpli,gated,cnn,True,finetune,segssl_barlow_all-patient_psd-fc-wpli_finetune_seed13_pre20_proj32_mask0_03_noise0_02_mlp1_0_sup100,True,barlow,psd,all-patient,True,13,1.0,0.1,32,0.03,0.02
multimodal_psd-fc-wpli_gated_cnn,7,sub13,sub01;sub05;sub07;sub08;sub09;sub10;sub11;sub15;sub16;sub17;sub18;sub20;sub22;sub24;sub27;sub28;sub29,sub14,55,0.006040945649147034,2.0004072189331055,0.001,1e-05,1.0,1.0,False,False,multimodal,psd-fc-wpli,gated,cnn,True,finetune,segssl_barlow_all-patient_psd-fc-wpli_finetune_seed13_pre20_proj32_mask0_03_noise0_02_mlp1_0_sup100,True,barlow,psd,all-patient,True,13,1.0,0.1,32,0.03,0.02
multimodal_psd-fc-wpli_gated_cnn,7,sub13,sub01;sub05;sub07;sub08;sub09;sub10;sub11;sub15;sub16;sub17;sub18;sub20;sub22;sub24;sub27;sub28;sub29,sub14,56,0.005632447078824043,1.9684393405914307,0.001,1e-05,1.0,1.0,False,False,multimodal,psd-fc-wpli,gated,cnn,True,finetune,segssl_barlow_all-patient_psd-fc-wpli_finetune_seed13_pre20_proj32_mask0_03_noise0_02_mlp1_0_sup100,True,barlow,psd,all-patient,True,13,1.0,0.1,32,0.03,0.02
multimodal_psd-fc-wpli_gated_cnn,7,sub13,sub01;sub05;sub07;sub08;sub09;sub10;sub11;sub15;sub16;sub17;sub18;sub20;sub22;sub24;sub27;sub28;sub29,sub14,57,0.005266082007437944,1.9343370199203491,0.001,1e-05,1.0,1.0,False,False,multimodal,psd-fc-wpli,gated,cnn,True,finetune,segssl_barlow_all-patient_psd-fc-wpli_finetune_seed13_pre20_proj32_mask0_03_noise0_02_mlp1_0_sup100,True,barlow,psd,all-patient,True,13,1.0,0.1,32,0.03,0.02
multimodal_psd-fc-wpli_gated_cnn,7,sub13,sub01;sub05;sub07;sub08;sub09;sub10;sub11;sub15;sub16;sub17;sub18;sub20;sub22;sub24;sub27;sub28;sub29,sub14,58,0.004937182646244764,1.8994760513305664,0.001,1e-05,1.0,1.0,False,False,multimodal,psd-fc-wpli,gated,cnn,True,finetune,segssl_barlow_all-patient_psd-fc-wpli_finetune_seed13_pre20_proj32_mask0_03_noise0_02_mlp1_0_sup100,True,barlow,psd,all-patient,True,13,1.0,0.1,32,0.03,0.02
multimodal_psd-fc-wpli_gated_cnn,7,sub13,sub01;sub05;sub07;sub08;sub09;sub10;sub11;sub15;sub16;sub17;sub18;sub20;sub22;sub24;sub27;sub28;sub29,sub14,59,0.0046422746963799,1.8656548261642456,0.001,1e-05,1.0,1.0,False,False,multimodal,psd-fc-wpli,gated,cnn,True,finetune,segssl_barlow_all-patient_psd-fc-wpli_finetune_seed13_pre20_proj32_mask0_03_noise0_02_mlp1_0_sup100,True,barlow,psd,all-patient,True,13,1.0,0.1,32,0.03,0.02
multimodal_psd-fc-wpli_gated_cnn,7,sub13,sub01;sub05;sub07;sub08;sub09;sub10;sub11;sub15;sub16;sub17;sub18;sub20;sub22;sub24;sub27;sub28;sub29,sub14,60,0.004377661272883415,1.8337260484695435,0.001,1e-05,1.0,1.0,False,False,multimodal,psd-fc-wpli,gated,cnn,True,finetune,segssl_barlow_all-patient_psd-fc-wpli_finetune_seed13_pre20_proj32_mask0_03_noise0_02_mlp1_0_sup100,True,barlow,psd,all-patient,True,13,1.0,0.1,32,0.03,0.02
multimodal_psd-fc-wpli_gated_cnn,7,sub13,sub01;sub05;sub07;sub08;sub09;sub10;sub11;sub15;sub16;sub17;sub18;sub20;sub22;sub24;sub27;sub28;sub29,sub14,61,0.004139130003750324,1.8043118715286255,0.001,1e-05,1.0,1.0,False,False,multimodal,psd-fc-wpli,gated,cnn,True,finetune,segssl_barlow_all-patient_psd-fc-wpli_finetune_seed13_pre20_proj32_mask0_03_noise0_02_mlp1_0_sup100,True,barlow,psd,all-patient,True,13,1.0,0.1,32,0.03,0.02
multimodal_psd-fc-wpli_gated_cnn,7,sub13,sub01;sub05;sub07;sub08;sub09;sub10;sub11;sub15;sub16;sub17;sub18;sub20;sub22;sub24;sub27;sub28;sub29,sub14,62,0.003923200536519289,1.777070164680481,0.001,1e-05,1.0,1.0,False,False,multimodal,psd-fc-wpli,gated,cnn,True,finetune,segssl_barlow_all-patient_psd-fc-wpli_finetune_seed13_pre20_proj32_mask0_03_noise0_02_mlp1_0_sup100,True,barlow,psd,all-patient,True,13,1.0,0.1,32,0.03,0.02
multimodal_psd-fc-wpli_gated_cnn,7,sub13,sub01;sub05;sub07;sub08;sub09;sub10;sub11;sub15;sub16;sub17;sub18;sub20;sub22;sub24;sub27;sub28;sub29,sub14,63,0.003726418362930417,1.7520521879196167,0.001,1e-05,1.0,1.0,False,False,multimodal,psd-fc-wpli,gated,cnn,True,finetune,segssl_barlow_all-patient_psd-fc-wpli_finetune_seed13_pre20_proj32_mask0_03_noise0_02_mlp1_0_sup100,True,barlow,psd,all-patient,True,13,1.0,0.1,32,0.03,0.02
multimodal_psd-fc-wpli_gated_cnn,7,sub13,sub01;sub05;sub07;sub08;sub09;sub10;sub11;sub15;sub16;sub17;sub18;sub20;sub22;sub24;sub27;sub28;sub29,sub14,64,0.003546485910192132,1.7292988300323486,0.001,1e-05,1.0,1.0,False,False,multimodal,psd-fc-wpli,gated,cnn,True,finetune,segssl_barlow_all-patient_psd-fc-wpli_finetune_seed13_pre20_proj32_mask0_03_noise0_02_mlp1_0_sup100,True,barlow,psd,all-patient,True,13,1.0,0.1,32,0.03,0.02
multimodal_psd-fc-wpli_gated_cnn,7,sub13,sub01;sub05;sub07;sub08;sub09;sub10;sub11;sub15;sub16;sub17;sub18;sub20;sub22;sub24;sub27;sub28;sub29,sub14,65,0.003381708636879921,1.7083156108856201,0.001,1e-05,1.0,1.0,False,False,multimodal,psd-fc-wpli,gated,cnn,True,finetune,segssl_barlow_all-patient_psd-fc-wpli_finetune_seed13_pre20_proj32_mask0_03_noise0_02_mlp1_0_sup100,True,barlow,psd,all-patient,True,13,1.0,0.1,32,0.03,0.02
multimodal_psd-fc-wpli_gated_cnn,7,sub13,sub01;sub05;sub07;sub08;sub09;sub10;sub11;sub15;sub16;sub17;sub18;sub20;sub22;sub24;sub27;sub28;sub29,sub14,66,0.0032305801287293434,1.68825364112854,0.001,1e-05,1.0,1.0,False,False,multimodal,psd-fc-wpli,gated,cnn,True,finetune,segssl_barlow_all-patient_psd-fc-wpli_finetune_seed13_pre20_proj32_mask0_03_noise0_02_mlp1_0_sup100,True,barlow,psd,all-patient,True,13,1.0,0.1,32,0.03,0.02
multimodal_psd-fc-wpli_gated_cnn,7,sub13,sub01;sub05;sub07;sub08;sub09;sub10;sub11;sub15;sub16;sub17;sub18;sub20;sub22;sub24;sub27;sub28;sub29,sub14,67,0.0030918160919100046,1.6687474250793457,0.001,1e-05,1.0,1.0,False,False,multimodal,psd-fc-wpli,gated,cnn,True,finetune,segssl_barlow_all-patient_psd-fc-wpli_finetune_seed13_pre20_proj32_mask0_03_noise0_02_mlp1_0_sup100,True,barlow,psd,all-patient,True,13,1.0,0.1,32,0.03,0.02
multimodal_psd-fc-wpli_gated_cnn,7,sub13,sub01;sub05;sub07;sub08;sub09;sub10;sub11;sub15;sub16;sub17;sub18;sub20;sub22;sub24;sub27;sub28;sub29,sub14,68,0.0029641701839864254,1.649285078048706,0.001,1e-05,1.0,1.0,False,False,multimodal,psd-fc-wpli,gated,cnn,True,finetune,segssl_barlow_all-patient_psd-fc-wpli_finetune_seed13_pre20_proj32_mask0_03_noise0_02_mlp1_0_sup100,True,barlow,psd,all-patient,True,13,1.0,0.1,32,0.03,0.02
multimodal_psd-fc-wpli_gated_cnn,7,sub13,sub01;sub05;sub07;sub08;sub09;sub10;sub11;sub15;sub16;sub17;sub18;sub20;sub22;sub24;sub27;sub28;sub29,sub14,69,0.002846479881554842,1.629447340965271,0.001,1e-05,1.0,1.0,False,False,multimodal,psd-fc-wpli,gated,cnn,True,finetune,segssl_barlow_all-patient_psd-fc-wpli_finetune_seed13_pre20_proj32_mask0_03_noise0_02_mlp1_0_sup100,True,barlow,psd,all-patient,True,13,1.0,0.1,32,0.03,0.02
multimodal_psd-fc-wpli_gated_cnn,7,sub13,sub01;sub05;sub07;sub08;sub09;sub10;sub11;sub15;sub16;sub17;sub18;sub20;sub22;sub24;sub27;sub28;sub29,sub14,70,0.002737989416345954,1.6093387603759766,0.001,1e-05,1.0,1.0,False,False,multimodal,psd-fc-wpli,gated,cnn,True,finetune,segssl_barlow_all-patient_psd-fc-wpli_finetune_seed13_pre20_proj32_mask0_03_noise0_02_mlp1_0_sup100,True,barlow,psd,all-patient,True,13,1.0,0.1,32,0.03,0.02
multimodal_psd-fc-wpli_gated_cnn,7,sub13,sub01;sub05;sub07;sub08;sub09;sub10;sub11;sub15;sub16;sub17;sub18;sub20;sub22;sub24;sub27;sub28;sub29,sub14,71,0.002637274330481887,1.5890084505081177,0.001,1e-05,1.0,1.0,False,False,multimodal,psd-fc-wpli,gated,cnn,True,finetune,segssl_barlow_all-patient_psd-fc-wpli_finetune_seed13_pre20_proj32_mask0_03_noise0_02_mlp1_0_sup100,True,barlow,psd,all-patient,True,13,1.0,0.1,32,0.03,0.02
multimodal_psd-fc-wpli_gated_cnn,7,sub13,sub01;sub05;sub07;sub08;sub09;sub10;sub11;sub15;sub16;sub17;sub18;sub20;sub22;sub24;sub27;sub28;sub29,sub14,72,0.002543342998251319,1.5687793493270874,0.001,1e-05,1.0,1.0,False,False,multimodal,psd-fc-wpli,gated,cnn,True,finetune,segssl_barlow_all-patient_psd-fc-wpli_finetune_seed13_pre20_proj32_mask0_03_noise0_02_mlp1_0_sup100,True,barlow,psd,all-patient,True,13,1.0,0.1,32,0.03,0.02
multimodal_psd-fc-wpli_gated_cnn,7,sub13,sub01;sub05;sub07;sub08;sub09;sub10;sub11;sub15;sub16;sub17;sub18;sub20;sub22;sub24;sub27;sub28;sub29,sub14,73,0.0024555260315537453,1.548855185508728,0.001,1e-05,1.0,1.0,False,False,multimodal,psd-fc-wpli,gated,cnn,True,finetune,segssl_barlow_all-patient_psd-fc-wpli_finetune_seed13_pre20_proj32_mask0_03_noise0_02_mlp1_0_sup100,True,barlow,psd,all-patient,True,13,1.0,0.1,32,0.03,0.02
multimodal_psd-fc-wpli_gated_cnn,7,sub13,sub01;sub05;sub07;sub08;sub09;sub10;sub11;sub15;sub16;sub17;sub18;sub20;sub22;sub24;sub27;sub28;sub29,sub14,74,0.0023731538094580173,1.5296165943145752,0.001,1e-05,1.0,1.0,False,False,multimodal,psd-fc-wpli,gated,cnn,True,finetune,segssl_barlow_all-patient_psd-fc-wpli_finetune_seed13_pre20_proj32_mask0_03_noise0_02_mlp1_0_sup100,True,barlow,psd,all-patient,True,13,1.0,0.1,32,0.03,0.02
multimodal_psd-fc-wpli_gated_cnn,7,sub13,sub01;sub05;sub07;sub08;sub09;sub10;sub11;sub15;sub16;sub17;sub18;sub20;sub22;sub24;sub27;sub28;sub29,sub14,75,0.002295873360708356,1.5117887258529663,0.001,1e-05,1.0,1.0,False,False,multimodal,psd-fc-wpli,gated,cnn,True,finetune,segssl_barlow_all-patient_psd-fc-wpli_finetune_seed13_pre20_proj32_mask0_03_noise0_02_mlp1_0_sup100,True,barlow,psd,all-patient,True,13,1.0,0.1,32,0.03,0.02
multimodal_psd-fc-wpli_gated_cnn,7,sub13,sub01;sub05;sub07;sub08;sub09;sub10;sub11;sub15;sub16;sub17;sub18;sub20;sub22;sub24;sub27;sub28;sub29,sub14,76,0.00222326279617846,1.4955717325210571,0.001,1e-05,1.0,1.0,False,False,multimodal,psd-fc-wpli,gated,cnn,True,finetune,segssl_barlow_all-patient_psd-fc-wpli_finetune_seed13_pre20_proj32_mask0_03_noise0_02_mlp1_0_sup100,True,barlow,psd,all-patient,True,13,1.0,0.1,32,0.03,0.02
multimodal_psd-fc-wpli_gated_cnn,7,sub13,sub01;sub05;sub07;sub08;sub09;sub10;sub11;sub15;sub16;sub17;sub18;sub20;sub22;sub24;sub27;sub28;sub29,sub14,77,0.0021549207158386707,1.4811598062515259,0.001,1e-05,1.0,1.0,False,False,multimodal,psd-fc-wpli,gated,cnn,True,finetune,segssl_barlow_all-patient_psd-fc-wpli_finetune_seed13_pre20_proj32_mask0_03_noise0_02_mlp1_0_sup100,True,barlow,psd,all-patient,True,13,1.0,0.1,32,0.03,0.02
multimodal_psd-fc-wpli_gated_cnn,7,sub13,sub01;sub05;sub07;sub08;sub09;sub10;sub11;sub15;sub16;sub17;sub18;sub20;sub22;sub24;sub27;sub28;sub29,sub14,78,0.0020905688870698214,1.468721866607666,0.001,1e-05,1.0,1.0,False,False,multimodal,psd-fc-wpli,gated,cnn,True,finetune,segssl_barlow_all-patient_psd-fc-wpli_finetune_seed13_pre20_proj32_mask0_03_noise0_02_mlp1_0_sup100,True,barlow,psd,all-patient,True,13,1.0,0.1,32,0.03,0.02
multimodal_psd-fc-wpli_gated_cnn,7,sub13,sub01;sub05;sub07;sub08;sub09;sub10;sub11;sub15;sub16;sub17;sub18;sub20;sub22;sub24;sub27;sub28;sub29,sub14,79,0.002029814524576068,1.4583346843719482,0.001,1e-05,1.0,1.0,False,False,multimodal,psd-fc-wpli,gated,cnn,True,finetune,segssl_barlow_all-patient_psd-fc-wpli_finetune_seed13_pre20_proj32_mask0_03_noise0_02_mlp1_0_sup100,True,barlow,psd,all-patient,True,13,1.0,0.1,32,0.03,0.02
multimodal_psd-fc-wpli_gated_cnn,7,sub13,sub01;sub05;sub07;sub08;sub09;sub10;sub11;sub15;sub16;sub17;sub18;sub20;sub22;sub24;sub27;sub28;sub29,sub14,80,0.0019727034959942102,1.4494726657867432,0.001,1e-05,1.0,1.0,False,False,multimodal,psd-fc-wpli,gated,cnn,True,finetune,segssl_barlow_all-patient_psd-fc-wpli_finetune_seed13_pre20_proj32_mask0_03_noise0_02_mlp1_0_sup100,True,barlow,psd,all-patient,True,13,1.0,0.1,32,0.03,0.02
multimodal_psd-fc-wpli_gated_cnn,7,sub13,sub01;sub05;sub07;sub08;sub09;sub10;sub11;sub15;sub16;sub17;sub18;sub20;sub22;sub24;sub27;sub28;sub29,sub14,81,0.0019187080906704068,1.44232177734375,0.001,1e-05,1.0,1.0,False,False,multimodal,psd-fc-wpli,gated,cnn,True,finetune,segssl_barlow_all-patient_psd-fc-wpli_finetune_seed13_pre20_proj32_mask0_03_noise0_02_mlp1_0_sup100,True,barlow,psd,all-patient,True,13,1.0,0.1,32,0.03,0.02
multimodal_psd-fc-wpli_gated_cnn,7,sub13,sub01;sub05;sub07;sub08;sub09;sub10;sub11;sub15;sub16;sub17;sub18;sub20;sub22;sub24;sub27;sub28;sub29,sub14,82,0.0018674400635063648,1.4368064403533936,0.001,1e-05,1.0,1.0,False,False,multimodal,psd-fc-wpli,gated,cnn,True,finetune,segssl_barlow_all-patient_psd-fc-wpli_finetune_seed13_pre20_proj32_mask0_03_noise0_02_mlp1_0_sup100,True,barlow,psd,all-patient,True,13,1.0,0.1,32,0.03,0.02
multimodal_psd-fc-wpli_gated_cnn,7,sub13,sub01;sub05;sub07;sub08;sub09;sub10;sub11;sub15;sub16;sub17;sub18;sub20;sub22;sub24;sub27;sub28;sub29,sub14,83,0.0018186820670962334,1.432678461074829,0.001,1e-05,1.0,1.0,False,False,multimodal,psd-fc-wpli,gated,cnn,True,finetune,segssl_barlow_all-patient_psd-fc-wpli_finetune_seed13_pre20_proj32_mask0_03_noise0_02_mlp1_0_sup100,True,barlow,psd,all-patient,True,13,1.0,0.1,32,0.03,0.02
multimodal_psd-fc-wpli_gated_cnn,7,sub13,sub01;sub05;sub07;sub08;sub09;sub10;sub11;sub15;sub16;sub17;sub18;sub20;sub22;sub24;sub27;sub28;sub29,sub14,84,0.0017722499324008822,1.429794430732727,0.001,1e-05,1.0,1.0,False,False,multimodal,psd-fc-wpli,gated,cnn,True,finetune,segssl_barlow_all-patient_psd-fc-wpli_finetune_seed13_pre20_proj32_mask0_03_noise0_02_mlp1_0_sup100,True,barlow,psd,all-patient,True,13,1.0,0.1,32,0.03,0.02
multimodal_psd-fc-wpli_gated_cnn,7,sub13,sub01;sub05;sub07;sub08;sub09;sub10;sub11;sub15;sub16;sub17;sub18;sub20;sub22;sub24;sub27;sub28;sub29,sub14,85,0.0017280216561630368,1.4278504848480225,0.001,1e-05,1.0,1.0,False,False,multimodal,psd-fc-wpli,gated,cnn,True,finetune,segssl_barlow_all-patient_psd-fc-wpli_finetune_seed13_pre20_proj32_mask0_03_noise0_02_mlp1_0_sup100,True,barlow,psd,all-patient,True,13,1.0,0.1,32,0.03,0.02
multimodal_psd-fc-wpli_gated_cnn,7,sub13,sub01;sub05;sub07;sub08;sub09;sub10;sub11;sub15;sub16;sub17;sub18;sub20;sub22;sub24;sub27;sub28;sub29,sub14,86,0.001685861381702125,1.4265257120132446,0.001,1e-05,1.0,1.0,False,False,multimodal,psd-fc-wpli,gated,cnn,True,finetune,segssl_barlow_all-patient_psd-fc-wpli_finetune_seed13_pre20_proj32_mask0_03_noise0_02_mlp1_0_sup100,True,barlow,psd,all-patient,True,13,1.0,0.1,32,0.03,0.02
multimodal_psd-fc-wpli_gated_cnn,7,sub13,sub01;sub05;sub07;sub08;sub09;sub10;sub11;sub15;sub16;sub17;sub18;sub20;sub22;sub24;sub27;sub28;sub29,sub14,87,0.00164554372895509,1.42555570602417,0.001,1e-05,1.0,1.0,False,False,multimodal,psd-fc-wpli,gated,cnn,True,finetune,segssl_barlow_all-patient_psd-fc-wpli_finetune_seed13_pre20_proj32_mask0_03_noise0_02_mlp1_0_sup100,True,barlow,psd,all-patient,True,13,1.0,0.1,32,0.03,0.02
multimodal_psd-fc-wpli_gated_cnn,7,sub13,sub01;sub05;sub07;sub08;sub09;sub10;sub11;sub15;sub16;sub17;sub18;sub20;sub22;sub24;sub27;sub28;sub29,sub14,88,0.0016069625271484256,1.4248251914978027,0.001,1e-05,1.0,1.0,False,False,multimodal,psd-fc-wpli,gated,cnn,True,finetune,segssl_barlow_all-patient_psd-fc-wpli_finetune_seed13_pre20_proj32_mask0_03_noise0_02_mlp1_0_sup100,True,barlow,psd,all-patient,True,13,1.0,0.1,32,0.03,0.02
multimodal_psd-fc-wpli_gated_cnn,7,sub13,sub01;sub05;sub07;sub08;sub09;sub10;sub11;sub15;sub16;sub17;sub18;sub20;sub22;sub24;sub27;sub28;sub29,sub14,89,0.0015699819196015596,1.4241946935653687,0.001,1e-05,1.0,1.0,False,False,multimodal,psd-fc-wpli,gated,cnn,True,finetune,segssl_barlow_all-patient_psd-fc-wpli_finetune_seed13_pre20_proj32_mask0_03_noise0_02_mlp1_0_sup100,True,barlow,psd,all-patient,True,13,1.0,0.1,32,0.03,0.02
multimodal_psd-fc-wpli_gated_cnn,7,sub13,sub01;sub05;sub07;sub08;sub09;sub10;sub11;sub15;sub16;sub17;sub18;sub20;sub22;sub24;sub27;sub28;sub29,sub14,90,0.001534474198706448,1.4235543012619019,0.001,1e-05,1.0,1.0,False,False,multimodal,psd-fc-wpli,gated,cnn,True,finetune,segssl_barlow_all-patient_psd-fc-wpli_finetune_seed13_pre20_proj32_mask0_03_noise0_02_mlp1_0_sup100,True,barlow,psd,all-patient,True,13,1.0,0.1,32,0.03,0.02
multimodal_psd-fc-wpli_gated_cnn,7,sub13,sub01;sub05;sub07;sub08;sub09;sub10;sub11;sub15;sub16;sub17;sub18;sub20;sub22;sub24;sub27;sub28;sub29,sub14,91,0.0015004343586042523,1.4229146242141724,0.001,1e-05,1.0,1.0,False,False,multimodal,psd-fc-wpli,gated,cnn,True,finetune,segssl_barlow_all-patient_psd-fc-wpli_finetune_seed13_pre20_proj32_mask0_03_noise0_02_mlp1_0_sup100,True,barlow,psd,all-patient,True,13,1.0,0.1,32,0.03,0.02
multimodal_psd-fc-wpli_gated_cnn,7,sub13,sub01;sub05;sub07;sub08;sub09;sub10;sub11;sub15;sub16;sub17;sub18;sub20;sub22;sub24;sub27;sub28;sub29,sub14,92,0.0014677306171506643,1.4222769737243652,0.001,1e-05,1.0,1.0,False,False,multimodal,psd-fc-wpli,gated,cnn,True,finetune,segssl_barlow_all-patient_psd-fc-wpli_finetune_seed13_pre20_proj32_mask0_03_noise0_02_mlp1_0_sup100,True,barlow,psd,all-patient,True,13,1.0,0.1,32,0.03,0.02
multimodal_psd-fc-wpli_gated_cnn,7,sub13,sub01;sub05;sub07;sub08;sub09;sub10;sub11;sub15;sub16;sub17;sub18;sub20;sub22;sub24;sub27;sub28;sub29,sub14,93,0.0014363318914547563,1.4217736721038818,0.001,1e-05,1.0,1.0,False,False,multimodal,psd-fc-wpli,gated,cnn,True,finetune,segssl_barlow_all-patient_psd-fc-wpli_finetune_seed13_pre20_proj32_mask0_03_noise0_02_mlp1_0_sup100,True,barlow,psd,all-patient,True,13,1.0,0.1,32,0.03,0.02
multimodal_psd-fc-wpli_gated_cnn,7,sub13,sub01;sub05;sub07;sub08;sub09;sub10;sub11;sub15;sub16;sub17;sub18;sub20;sub22;sub24;sub27;sub28;sub29,sub14,94,0.0014060989487916231,1.4212819337844849,0.001,1e-05,1.0,1.0,False,False,multimodal,psd-fc-wpli,gated,cnn,True,finetune,segssl_barlow_all-patient_psd-fc-wpli_finetune_seed13_pre20_proj32_mask0_03_noise0_02_mlp1_0_sup100,True,barlow,psd,all-patient,True,13,1.0,0.1,32,0.03,0.02
multimodal_psd-fc-wpli_gated_cnn,7,sub13,sub01;sub05;sub07;sub08;sub09;sub10;sub11;sub15;sub16;sub17;sub18;sub20;sub22;sub24;sub27;sub28;sub29,sub14,95,0.0013769903453066945,1.4207892417907715,0.001,1e-05,1.0,1.0,False,False,multimodal,psd-fc-wpli,gated,cnn,True,finetune,segssl_barlow_all-patient_psd-fc-wpli_finetune_seed13_pre20_proj32_mask0_03_noise0_02_mlp1_0_sup100,True,barlow,psd,all-patient,True,13,1.0,0.1,32,0.03,0.02
multimodal_psd-fc-wpli_gated_cnn,7,sub13,sub01;sub05;sub07;sub08;sub09;sub10;sub11;sub15;sub16;sub17;sub18;sub20;sub22;sub24;sub27;sub28;sub29,sub14,96,0.0013489306438714266,1.4203187227249146,0.001,1e-05,1.0,1.0,False,False,multimodal,psd-fc-wpli,gated,cnn,True,finetune,segssl_barlow_all-patient_psd-fc-wpli_finetune_seed13_pre20_proj32_mask0_03_noise0_02_mlp1_0_sup100,True,barlow,psd,all-patient,True,13,1.0,0.1,32,0.03,0.02
multimodal_psd-fc-wpli_gated_cnn,7,sub13,sub01;sub05;sub07;sub08;sub09;sub10;sub11;sub15;sub16;sub17;sub18;sub20;sub22;sub24;sub27;sub28;sub29,sub14,97,0.0013218263629823923,1.4198203086853027,0.001,1e-05,1.0,1.0,False,False,multimodal,psd-fc-wpli,gated,cnn,True,finetune,segssl_barlow_all-patient_psd-fc-wpli_finetune_seed13_pre20_proj32_mask0_03_noise0_02_mlp1_0_sup100,True,barlow,psd,all-patient,True,13,1.0,0.1,32,0.03,0.02
multimodal_psd-fc-wpli_gated_cnn,7,sub13,sub01;sub05;sub07;sub08;sub09;sub10;sub11;sub15;sub16;sub17;sub18;sub20;sub22;sub24;sub27;sub28;sub29,sub14,98,0.001295579713769257,1.4193063974380493,0.001,1e-05,1.0,1.0,False,False,multimodal,psd-fc-wpli,gated,cnn,True,finetune,segssl_barlow_all-patient_psd-fc-wpli_finetune_seed13_pre20_proj32_mask0_03_noise0_02_mlp1_0_sup100,True,barlow,psd,all-patient,True,13,1.0,0.1,32,0.03,0.02
multimodal_psd-fc-wpli_gated_cnn,7,sub13,sub01;sub05;sub07;sub08;sub09;sub10;sub11;sub15;sub16;sub17;sub18;sub20;sub22;sub24;sub27;sub28;sub29,sub14,99,0.0012701716041192412,1.4187129735946655,0.001,1e-05,1.0,1.0,False,False,multimodal,psd-fc-wpli,gated,cnn,True,finetune,segssl_barlow_all-patient_psd-fc-wpli_finetune_seed13_pre20_proj32_mask0_03_noise0_02_mlp1_0_sup100,True,barlow,psd,all-patient,True,13,1.0,0.1,32,0.03,0.02
multimodal_psd-fc-wpli_gated_cnn,7,sub13,sub01;sub05;sub07;sub08;sub09;sub10;sub11;sub15;sub16;sub17;sub18;sub20;sub22;sub24;sub27;sub28;sub29,sub14,100,0.0012455786345526576,1.4179974794387817,0.001,1e-05,1.0,1.0,False,False,multimodal,psd-fc-wpli,gated,cnn,True,finetune,segssl_barlow_all-patient_psd-fc-wpli_finetune_seed13_pre20_proj32_mask0_03_noise0_02_mlp1_0_sup100,True,barlow,psd,all-patient,True,13,1.0,0.1,32,0.03,0.02
multimodal_psd-fc-wpli_gated_cnn,8,sub14,sub01;sub05;sub07;sub08;sub09;sub10;sub11;sub13;sub16;sub17;sub18;sub20;sub22;sub24;sub27;sub28;sub29,sub15,1,0.7078427672386169,0.8090032339096069,0.002,1e-05,1.0,1.0,True,False,multimodal,psd-fc-wpli,gated,cnn,True,finetune,segssl_barlow_all-patient_psd-fc-wpli_finetune_seed13_pre20_proj32_mask0_03_noise0_02_mlp1_0_sup100,True,barlow,psd,all-patient,True,13,1.0,0.1,32,0.03,0.02
multimodal_psd-fc-wpli_gated_cnn,8,sub14,sub01;sub05;sub07;sub08;sub09;sub10;sub11;sub13;sub16;sub17;sub18;sub20;sub22;sub24;sub27;sub28;sub29,sub15,2,0.6993700265884399,0.7962220311164856,0.002,1e-05,1.0,1.0,True,False,multimodal,psd-fc-wpli,gated,cnn,True,finetune,segssl_barlow_all-patient_psd-fc-wpli_finetune_seed13_pre20_proj32_mask0_03_noise0_02_mlp1_0_sup100,True,barlow,psd,all-patient,True,13,1.0,0.1,32,0.03,0.02
multimodal_psd-fc-wpli_gated_cnn,8,sub14,sub01;sub05;sub07;sub08;sub09;sub10;sub11;sub13;sub16;sub17;sub18;sub20;sub22;sub24;sub27;sub28;sub29,sub15,3,0.6929484009742737,0.7851755023002625,0.002,1e-05,1.0,1.0,True,False,multimodal,psd-fc-wpli,gated,cnn,True,finetune,segssl_barlow_all-patient_psd-fc-wpli_finetune_seed13_pre20_proj32_mask0_03_noise0_02_mlp1_0_sup100,True,barlow,psd,all-patient,True,13,1.0,0.1,32,0.03,0.02
multimodal_psd-fc-wpli_gated_cnn,8,sub14,sub01;sub05;sub07;sub08;sub09;sub10;sub11;sub13;sub16;sub17;sub18;sub20;sub22;sub24;sub27;sub28;sub29,sub15,4,0.687058687210083,0.7753240466117859,0.002,1e-05,1.0,1.0,True,False,multimodal,psd-fc-wpli,gated,cnn,True,finetune,segssl_barlow_all-patient_psd-fc-wpli_finetune_seed13_pre20_proj32_mask0_03_noise0_02_mlp1_0_sup100,True,barlow,psd,all-patient,True,13,1.0,0.1,32,0.03,0.02
multimodal_psd-fc-wpli_gated_cnn,8,sub14,sub01;sub05;sub07;sub08;sub09;sub10;sub11;sub13;sub16;sub17;sub18;sub20;sub22;sub24;sub27;sub28;sub29,sub15,5,0.6810271143913269,0.7668101191520691,0.002,1e-05,1.0,1.0,True,False,multimodal,psd-fc-wpli,gated,cnn,True,finetune,segssl_barlow_all-patient_psd-fc-wpli_finetune_seed13_pre20_proj32_mask0_03_noise0_02_mlp1_0_sup100,True,barlow,psd,all-patient,True,13,1.0,0.1,32,0.03,0.02
multimodal_psd-fc-wpli_gated_cnn,8,sub14,sub01;sub05;sub07;sub08;sub09;sub10;sub11;sub13;sub16;sub17;sub18;sub20;sub22;sub24;sub27;sub28;sub29,sub15,6,0.6743472814559937,0.7601926922798157,0.002,1e-05,1.0,1.0,True,False,multimodal,psd-fc-wpli,gated,cnn,True,finetune,segssl_barlow_all-patient_psd-fc-wpli_finetune_seed13_pre20_proj32_mask0_03_noise0_02_mlp1_0_sup100,True,barlow,psd,all-patient,True,13,1.0,0.1,32,0.03,0.02
multimodal_psd-fc-wpli_gated_cnn,8,sub14,sub01;sub05;sub07;sub08;sub09;sub10;sub11;sub13;sub16;sub17;sub18;sub20;sub22;sub24;sub27;sub28;sub29,sub15,7,0.6668961644172668,0.754351019859314,0.002,1e-05,1.0,1.0,True,False,multimodal,psd-fc-wpli,gated,cnn,True,finetune,segssl_barlow_all-patient_psd-fc-wpli_finetune_seed13_pre20_proj32_mask0_03_noise0_02_mlp1_0_sup100,True,barlow,psd,all-patient,True,13,1.0,0.1,32,0.03,0.02
multimodal_psd-fc-wpli_gated_cnn,8,sub14,sub01;sub05;sub07;sub08;sub09;sub10;sub11;sub13;sub16;sub17;sub18;sub20;sub22;sub24;sub27;sub28;sub29,sub15,8,0.6587506532669067,0.7471471428871155,0.002,1e-05,1.0,1.0,True,False,multimodal,psd-fc-wpli,gated,cnn,True,finetune,segssl_barlow_all-patient_psd-fc-wpli_finetune_seed13_pre20_proj32_mask0_03_noise0_02_mlp1_0_sup100,True,barlow,psd,all-patient,True,13,1.0,0.1,32,0.03,0.02
multimodal_psd-fc-wpli_gated_cnn,8,sub14,sub01;sub05;sub07;sub08;sub09;sub10;sub11;sub13;sub16;sub17;sub18;sub20;sub22;sub24;sub27;sub28;sub29,sub15,9,0.6498430967330933,0.7383211255073547,0.002,1e-05,1.0,1.0,True,False,multimodal,psd-fc-wpli,gated,cnn,True,finetune,segssl_barlow_all-patient_psd-fc-wpli_finetune_seed13_pre20_proj32_mask0_03_noise0_02_mlp1_0_sup100,True,barlow,psd,all-patient,True,13,1.0,0.1,32,0.03,0.02
multimodal_psd-fc-wpli_gated_cnn,8,sub14,sub01;sub05;sub07;sub08;sub09;sub10;sub11;sub13;sub16;sub17;sub18;sub20;sub22;sub24;sub27;sub28;sub29,sub15,10,0.6398984789848328,0.7305838465690613,0.002,1e-05,1.0,1.0,True,False,multimodal,psd-fc-wpli,gated,cnn,True,finetune,segssl_barlow_all-patient_psd-fc-wpli_finetune_seed13_pre20_proj32_mask0_03_noise0_02_mlp1_0_sup100,True,barlow,psd,all-patient,True,13,1.0,0.1,32,0.03,0.02
multimodal_psd-fc-wpli_gated_cnn,8,sub14,sub01;sub05;sub07;sub08;sub09;sub10;sub11;sub13;sub16;sub17;sub18;sub20;sub22;sub24;sub27;sub28;sub29,sub15,11,0.6293419599533081,0.7227647304534912,0.002,1e-05,1.0,1.0,True,False,multimodal,psd-fc-wpli,gated,cnn,True,finetune,segssl_barlow_all-patient_psd-fc-wpli_finetune_seed13_pre20_proj32_mask0_03_noise0_02_mlp1_0_sup100,True,barlow,psd,all-patient,True,13,1.0,0.1,32,0.03,0.02
multimodal_psd-fc-wpli_gated_cnn,8,sub14,sub01;sub05;sub07;sub08;sub09;sub10;sub11;sub13;sub16;sub17;sub18;sub20;sub22;sub24;sub27;sub28;sub29,sub15,12,0.6179811954498291,0.7146605253219604,0.002,1e-05,1.0,1.0,True,False,multimodal,psd-fc-wpli,gated,cnn,True,finetune,segssl_barlow_all-patient_psd-fc-wpli_finetune_seed13_pre20_proj32_mask0_03_noise0_02_mlp1_0_sup100,True,barlow,psd,all-patient,True,13,1.0,0.1,32,0.03,0.02
multimodal_psd-fc-wpli_gated_cnn,8,sub14,sub01;sub05;sub07;sub08;sub09;sub10;sub11;sub13;sub16;sub17;sub18;sub20;sub22;sub24;sub27;sub28;sub29,sub15,13,0.6057282090187073,0.7050656080245972,0.002,1e-05,1.0,1.0,True,False,multimodal,psd-fc-wpli,gated,cnn,True,finetune,segssl_barlow_all-patient_psd-fc-wpli_finetune_seed13_pre20_proj32_mask0_03_noise0_02_mlp1_0_sup100,True,barlow,psd,all-patient,True,13,1.0,0.1,32,0.03,0.02
multimodal_psd-fc-wpli_gated_cnn,8,sub14,sub01;sub05;sub07;sub08;sub09;sub10;sub11;sub13;sub16;sub17;sub18;sub20;sub22;sub24;sub27;sub28;sub29,sub15,14,0.5924208760261536,0.6938929557800293,0.002,1e-05,1.0,1.0,True,False,multimodal,psd-fc-wpli,gated,cnn,True,finetune,segssl_barlow_all-patient_psd-fc-wpli_finetune_seed13_pre20_proj32_mask0_03_noise0_02_mlp1_0_sup100,True,barlow,psd,all-patient,True,13,1.0,0.1,32,0.03,0.02
multimodal_psd-fc-wpli_gated_cnn,8,sub14,sub01;sub05;sub07;sub08;sub09;sub10;sub11;sub13;sub16;sub17;sub18;sub20;sub22;sub24;sub27;sub28;sub29,sub15,15,0.5780519247055054,0.6815519332885742,0.002,1e-05,1.0,1.0,True,False,multimodal,psd-fc-wpli,gated,cnn,True,finetune,segssl_barlow_all-patient_psd-fc-wpli_finetune_seed13_pre20_proj32_mask0_03_noise0_02_mlp1_0_sup100,True,barlow,psd,all-patient,True,13,1.0,0.1,32,0.03,0.02
multimodal_psd-fc-wpli_gated_cnn,8,sub14,sub01;sub05;sub07;sub08;sub09;sub10;sub11;sub13;sub16;sub17;sub18;sub20;sub22;sub24;sub27;sub28;sub29,sub15,16,0.5625421404838562,0.6677612066268921,0.002,1e-05,1.0,1.0,True,False,multimodal,psd-fc-wpli,gated,cnn,True,finetune,segssl_barlow_all-patient_psd-fc-wpli_finetune_seed13_pre20_proj32_mask0_03_noise0_02_mlp1_0_sup100,True,barlow,psd,all-patient,True,13,1.0,0.1,32,0.03,0.02
multimodal_psd-fc-wpli_gated_cnn,8,sub14,sub01;sub05;sub07;sub08;sub09;sub10;sub11;sub13;sub16;sub17;sub18;sub20;sub22;sub24;sub27;sub28;sub29,sub15,17,0.5458507537841797,0.6539058685302734,0.002,1e-05,1.0,1.0,True,False,multimodal,psd-fc-wpli,gated,cnn,True,finetune,segssl_barlow_all-patient_psd-fc-wpli_finetune_seed13_pre20_proj32_mask0_03_noise0_02_mlp1_0_sup100,True,barlow,psd,all-patient,True,13,1.0,0.1,32,0.03,0.02
multimodal_psd-fc-wpli_gated_cnn,8,sub14,sub01;sub05;sub07;sub08;sub09;sub10;sub11;sub13;sub16;sub17;sub18;sub20;sub22;sub24;sub27;sub28;sub29,sub15,18,0.5277714133262634,0.6402256488800049,0.002,1e-05,1.0,1.0,True,False,multimodal,psd-fc-wpli,gated,cnn,True,finetune,segssl_barlow_all-patient_psd-fc-wpli_finetune_seed13_pre20_proj32_mask0_03_noise0_02_mlp1_0_sup100,True,barlow,psd,all-patient,True,13,1.0,0.1,32,0.03,0.02
multimodal_psd-fc-wpli_gated_cnn,8,sub14,sub01;sub05;sub07;sub08;sub09;sub10;sub11;sub13;sub16;sub17;sub18;sub20;sub22;sub24;sub27;sub28;sub29,sub15,19,0.5081315040588379,0.6251230239868164,0.002,1e-05,1.0,1.0,True,False,multimodal,psd-fc-wpli,gated,cnn,True,finetune,segssl_barlow_all-patient_psd-fc-wpli_finetune_seed13_pre20_proj32_mask0_03_noise0_02_mlp1_0_sup100,True,barlow,psd,all-patient,True,13,1.0,0.1,32,0.03,0.02
multimodal_psd-fc-wpli_gated_cnn,8,sub14,sub01;sub05;sub07;sub08;sub09;sub10;sub11;sub13;sub16;sub17;sub18;sub20;sub22;sub24;sub27;sub28;sub29,sub15,20,0.4873087704181671,0.6069990992546082,0.002,1e-05,1.0,1.0,True,False,multimodal,psd-fc-wpli,gated,cnn,True,finetune,segssl_barlow_all-patient_psd-fc-wpli_finetune_seed13_pre20_proj32_mask0_03_noise0_02_mlp1_0_sup100,True,barlow,psd,all-patient,True,13,1.0,0.1,32,0.03,0.02
multimodal_psd-fc-wpli_gated_cnn,8,sub14,sub01;sub05;sub07;sub08;sub09;sub10;sub11;sub13;sub16;sub17;sub18;sub20;sub22;sub24;sub27;sub28;sub29,sub15,21,0.4653491973876953,0.5856647491455078,0.002,1e-05,1.0,1.0,True,False,multimodal,psd-fc-wpli,gated,cnn,True,finetune,segssl_barlow_all-patient_psd-fc-wpli_finetune_seed13_pre20_proj32_mask0_03_noise0_02_mlp1_0_sup100,True,barlow,psd,all-patient,True,13,1.0,0.1,32,0.03,0.02
multimodal_psd-fc-wpli_gated_cnn,8,sub14,sub01;sub05;sub07;sub08;sub09;sub10;sub11;sub13;sub16;sub17;sub18;sub20;sub22;sub24;sub27;sub28;sub29,sub15,22,0.4423450529575348,0.5628331899642944,0.002,1e-05,1.0,1.0,True,False,multimodal,psd-fc-wpli,gated,cnn,True,finetune,segssl_barlow_all-patient_psd-fc-wpli_finetune_seed13_pre20_proj32_mask0_03_noise0_02_mlp1_0_sup100,True,barlow,psd,all-patient,True,13,1.0,0.1,32,0.03,0.02
multimodal_psd-fc-wpli_gated_cnn,8,sub14,sub01;sub05;sub07;sub08;sub09;sub10;sub11;sub13;sub16;sub17;sub18;sub20;sub22;sub24;sub27;sub28;sub29,sub15,23,0.4185943901538849,0.539262056350708,0.002,1e-05,1.0,1.0,True,False,multimodal,psd-fc-wpli,gated,cnn,True,finetune,segssl_barlow_all-patient_psd-fc-wpli_finetune_seed13_pre20_proj32_mask0_03_noise0_02_mlp1_0_sup100,True,barlow,psd,all-patient,True,13,1.0,0.1,32,0.03,0.02
multimodal_psd-fc-wpli_gated_cnn,8,sub14,sub01;sub05;sub07;sub08;sub09;sub10;sub11;sub13;sub16;sub17;sub18;sub20;sub22;sub24;sub27;sub28;sub29,sub15,24,0.3941324055194855,0.5171903371810913,0.002,1e-05,1.0,1.0,True,False,multimodal,psd-fc-wpli,gated,cnn,True,finetune,segssl_barlow_all-patient_psd-fc-wpli_finetune_seed13_pre20_proj32_mask0_03_noise0_02_mlp1_0_sup100,True,barlow,psd,all-patient,True,13,1.0,0.1,32,0.03,0.02
multimodal_psd-fc-wpli_gated_cnn,8,sub14,sub01;sub05;sub07;sub08;sub09;sub10;sub11;sub13;sub16;sub17;sub18;sub20;sub22;sub24;sub27;sub28;sub29,sub15,25,0.36899736523628235,0.49537307024002075,0.002,1e-05,1.0,1.0,True,False,multimodal,psd-fc-wpli,gated,cnn,True,finetune,segssl_barlow_all-patient_psd-fc-wpli_finetune_seed13_pre20_proj32_mask0_03_noise0_02_mlp1_0_sup100,True,barlow,psd,all-patient,True,13,1.0,0.1,32,0.03,0.02
multimodal_psd-fc-wpli_gated_cnn,8,sub14,sub01;sub05;sub07;sub08;sub09;sub10;sub11;sub13;sub16;sub17;sub18;sub20;sub22;sub24;sub27;sub28;sub29,sub15,26,0.3433208465576172,0.4726076126098633,0.002,1e-05,1.0,1.0,True,False,multimodal,psd-fc-wpli,gated,cnn,True,finetune,segssl_barlow_all-patient_psd-fc-wpli_finetune_seed13_pre20_proj32_mask0_03_noise0_02_mlp1_0_sup100,True,barlow,psd,all-patient,True,13,1.0,0.1,32,0.03,0.02
multimodal_psd-fc-wpli_gated_cnn,8,sub14,sub01;sub05;sub07;sub08;sub09;sub10;sub11;sub13;sub16;sub17;sub18;sub20;sub22;sub24;sub27;sub28;sub29,sub15,27,0.31737592816352844,0.4473046660423279,0.002,1e-05,1.0,1.0,True,False,multimodal,psd-fc-wpli,gated,cnn,True,finetune,segssl_barlow_all-patient_psd-fc-wpli_finetune_seed13_pre20_proj32_mask0_03_noise0_02_mlp1_0_sup100,True,barlow,psd,all-patient,True,13,1.0,0.1,32,0.03,0.02
multimodal_psd-fc-wpli_gated_cnn,8,sub14,sub01;sub05;sub07;sub08;sub09;sub10;sub11;sub13;sub16;sub17;sub18;sub20;sub22;sub24;sub27;sub28;sub29,sub15,28,0.29147928953170776,0.4163077473640442,0.002,1e-05,1.0,1.0,True,False,multimodal,psd-fc-wpli,gated,cnn,True,finetune,segssl_barlow_all-patient_psd-fc-wpli_finetune_seed13_pre20_proj32_mask0_03_noise0_02_mlp1_0_sup100,True,barlow,psd,all-patient,True,13,1.0,0.1,32,0.03,0.02
multimodal_psd-fc-wpli_gated_cnn,8,sub14,sub01;sub05;sub07;sub08;sub09;sub10;sub11;sub13;sub16;sub17;sub18;sub20;sub22;sub24;sub27;sub28;sub29,sub15,29,0.26563915610313416,0.3818745017051697,0.002,1e-05,1.0,1.0,True,False,multimodal,psd-fc-wpli,gated,cnn,True,finetune,segssl_barlow_all-patient_psd-fc-wpli_finetune_seed13_pre20_proj32_mask0_03_noise0_02_mlp1_0_sup100,True,barlow,psd,all-patient,True,13,1.0,0.1,32,0.03,0.02
multimodal_psd-fc-wpli_gated_cnn,8,sub14,sub01;sub05;sub07;sub08;sub09;sub10;sub11;sub13;sub16;sub17;sub18;sub20;sub22;sub24;sub27;sub28;sub29,sub15,30,0.24042025208473206,0.3509522080421448,0.002,1e-05,1.0,1.0,True,False,multimodal,psd-fc-wpli,gated,cnn,True,finetune,segssl_barlow_all-patient_psd-fc-wpli_finetune_seed13_pre20_proj32_mask0_03_noise0_02_mlp1_0_sup100,True,barlow,psd,all-patient,True,13,1.0,0.1,32,0.03,0.02
multimodal_psd-fc-wpli_gated_cnn,8,sub14,sub01;sub05;sub07;sub08;sub09;sub10;sub11;sub13;sub16;sub17;sub18;sub20;sub22;sub24;sub27;sub28;sub29,sub15,31,0.21604661643505096,0.32877981662750244,0.002,1e-05,1.0,1.0,True,False,multimodal,psd-fc-wpli,gated,cnn,True,finetune,segssl_barlow_all-patient_psd-fc-wpli_finetune_seed13_pre20_proj32_mask0_03_noise0_02_mlp1_0_sup100,True,barlow,psd,all-patient,True,13,1.0,0.1,32,0.03,0.02
multimodal_psd-fc-wpli_gated_cnn,8,sub14,sub01;sub05;sub07;sub08;sub09;sub10;sub11;sub13;sub16;sub17;sub18;sub20;sub22;sub24;sub27;sub28;sub29,sub15,32,0.1925668716430664,0.3096234202384949,0.002,1e-05,1.0,1.0,True,False,multimodal,psd-fc-wpli,gated,cnn,True,finetune,segssl_barlow_all-patient_psd-fc-wpli_finetune_seed13_pre20_proj32_mask0_03_noise0_02_mlp1_0_sup100,True,barlow,psd,all-patient,True,13,1.0,0.1,32,0.03,0.02
multimodal_psd-fc-wpli_gated_cnn,8,sub14,sub01;sub05;sub07;sub08;sub09;sub10;sub11;sub13;sub16;sub17;sub18;sub20;sub22;sub24;sub27;sub28;sub29,sub15,33,0.17067132890224457,0.28570061922073364,0.002,1e-05,1.0,1.0,True,False,multimodal,psd-fc-wpli,gated,cnn,True,finetune,segssl_barlow_all-patient_psd-fc-wpli_finetune_seed13_pre20_proj32_mask0_03_noise0_02_mlp1_0_sup100,True,barlow,psd,all-patient,True,13,1.0,0.1,32,0.03,0.02
multimodal_psd-fc-wpli_gated_cnn,8,sub14,sub01;sub05;sub07;sub08;sub09;sub10;sub11;sub13;sub16;sub17;sub18;sub20;sub22;sub24;sub27;sub28;sub29,sub15,34,0.15023483335971832,0.25489458441734314,0.002,1e-05,1.0,1.0,True,False,multimodal,psd-fc-wpli,gated,cnn,True,finetune,segssl_barlow_all-patient_psd-fc-wpli_finetune_seed13_pre20_proj32_mask0_03_noise0_02_mlp1_0_sup100,True,barlow,psd,all-patient,True,13,1.0,0.1,32,0.03,0.02
multimodal_psd-fc-wpli_gated_cnn,8,sub14,sub01;sub05;sub07;sub08;sub09;sub10;sub11;sub13;sub16;sub17;sub18;sub20;sub22;sub24;sub27;sub28;sub29,sub15,35,0.13144992291927338,0.21824228763580322,0.002,1e-05,1.0,1.0,True,False,multimodal,psd-fc-wpli,gated,cnn,True,finetune,segssl_barlow_all-patient_psd-fc-wpli_finetune_seed13_pre20_proj32_mask0_03_noise0_02_mlp1_0_sup100,True,barlow,psd,all-patient,True,13,1.0,0.1,32,0.03,0.02
multimodal_psd-fc-wpli_gated_cnn,8,sub14,sub01;sub05;sub07;sub08;sub09;sub10;sub11;sub13;sub16;sub17;sub18;sub20;sub22;sub24;sub27;sub28;sub29,sub15,36,0.11427538096904755,0.18364138901233673,0.002,1e-05,1.0,1.0,True,False,multimodal,psd-fc-wpli,gated,cnn,True,finetune,segssl_barlow_all-patient_psd-fc-wpli_finetune_seed13_pre20_proj32_mask0_03_noise0_02_mlp1_0_sup100,True,barlow,psd,all-patient,True,13,1.0,0.1,32,0.03,0.02
multimodal_psd-fc-wpli_gated_cnn,8,sub14,sub01;sub05;sub07;sub08;sub09;sub10;sub11;sub13;sub16;sub17;sub18;sub20;sub22;sub24;sub27;sub28;sub29,sub15,37,0.09870607405900955,0.15505585074424744,0.002,1e-05,1.0,1.0,True,False,multimodal,psd-fc-wpli,gated,cnn,True,finetune,segssl_barlow_all-patient_psd-fc-wpli_finetune_seed13_pre20_proj32_mask0_03_noise0_02_mlp1_0_sup100,True,barlow,psd,all-patient,True,13,1.0,0.1,32,0.03,0.02
multimodal_psd-fc-wpli_gated_cnn,8,sub14,sub01;sub05;sub07;sub08;sub09;sub10;sub11;sub13;sub16;sub17;sub18;sub20;sub22;sub24;sub27;sub28;sub29,sub15,38,0.08470296859741211,0.13108983635902405,0.002,1e-05,1.0,1.0,True,False,multimodal,psd-fc-wpli,gated,cnn,True,finetune,segssl_barlow_all-patient_psd-fc-wpli_finetune_seed13_pre20_proj32_mask0_03_noise0_02_mlp1_0_sup100,True,barlow,psd,all-patient,True,13,1.0,0.1,32,0.03,0.02
multimodal_psd-fc-wpli_gated_cnn,8,sub14,sub01;sub05;sub07;sub08;sub09;sub10;sub11;sub13;sub16;sub17;sub18;sub20;sub22;sub24;sub27;sub28;sub29,sub15,39,0.07219645380973816,0.10996465384960175,0.002,1e-05,1.0,1.0,True,False,multimodal,psd-fc-wpli,gated,cnn,True,finetune,segssl_barlow_all-patient_psd-fc-wpli_finetune_seed13_pre20_proj32_mask0_03_noise0_02_mlp1_0_sup100,True,barlow,psd,all-patient,True,13,1.0,0.1,32,0.03,0.02
multimodal_psd-fc-wpli_gated_cnn,8,sub14,sub01;sub05;sub07;sub08;sub09;sub10;sub11;sub13;sub16;sub17;sub18;sub20;sub22;sub24;sub27;sub28;sub29,sub15,40,0.061170775443315506,0.08971992135047913,0.002,1e-05,1.0,1.0,True,False,multimodal,psd-fc-wpli,gated,cnn,True,finetune,segssl_barlow_all-patient_psd-fc-wpli_finetune_seed13_pre20_proj32_mask0_03_noise0_02_mlp1_0_sup100,True,barlow,psd,all-patient,True,13,1.0,0.1,32,0.03,0.02
multimodal_psd-fc-wpli_gated_cnn,8,sub14,sub01;sub05;sub07;sub08;sub09;sub10;sub11;sub13;sub16;sub17;sub18;sub20;sub22;sub24;sub27;sub28;sub29,sub15,41,0.051561083644628525,0.07164877653121948,0.002,1e-05,1.0,1.0,True,False,multimodal,psd-fc-wpli,gated,cnn,True,finetune,segssl_barlow_all-patient_psd-fc-wpli_finetune_seed13_pre20_proj32_mask0_03_noise0_02_mlp1_0_sup100,True,barlow,psd,all-patient,True,13,1.0,0.1,32,0.03,0.02
multimodal_psd-fc-wpli_gated_cnn,8,sub14,sub01;sub05;sub07;sub08;sub09;sub10;sub11;sub13;sub16;sub17;sub18;sub20;sub22;sub24;sub27;sub28;sub29,sub15,42,0.04328697547316551,0.05668944865465164,0.002,1e-05,1.0,1.0,True,False,multimodal,psd-fc-wpli,gated,cnn,True,finetune,segssl_barlow_all-patient_psd-fc-wpli_finetune_seed13_pre20_proj32_mask0_03_noise0_02_mlp1_0_sup100,True,barlow,psd,all-patient,True,13,1.0,0.1,32,0.03,0.02
multimodal_psd-fc-wpli_gated_cnn,8,sub14,sub01;sub05;sub07;sub08;sub09;sub10;sub11;sub13;sub16;sub17;sub18;sub20;sub22;sub24;sub27;sub28;sub29,sub15,43,0.03623524680733681,0.045692943036556244,0.002,1e-05,1.0,1.0,True,False,multimodal,psd-fc-wpli,gated,cnn,True,finetune,segssl_barlow_all-patient_psd-fc-wpli_finetune_seed13_pre20_proj32_mask0_03_noise0_02_mlp1_0_sup100,True,barlow,psd,all-patient,True,13,1.0,0.1,32,0.03,0.02
multimodal_psd-fc-wpli_gated_cnn,8,sub14,sub01;sub05;sub07;sub08;sub09;sub10;sub11;sub13;sub16;sub17;sub18;sub20;sub22;sub24;sub27;sub28;sub29,sub15,44,0.03025008924305439,0.03774711489677429,0.002,1e-05,1.0,1.0,True,False,multimodal,psd-fc-wpli,gated,cnn,True,finetune,segssl_barlow_all-patient_psd-fc-wpli_finetune_seed13_pre20_proj32_mask0_03_noise0_02_mlp1_0_sup100,True,barlow,psd,all-patient,True,13,1.0,0.1,32,0.03,0.02
multimodal_psd-fc-wpli_gated_cnn,8,sub14,sub01;sub05;sub07;sub08;sub09;sub10;sub11;sub13;sub16;sub17;sub18;sub20;sub22;sub24;sub27;sub28;sub29,sub15,45,0.025225110352039337,0.03179152309894562,0.002,1e-05,1.0,1.0,True,False,multimodal,psd-fc-wpli,gated,cnn,True,finetune,segssl_barlow_all-patient_psd-fc-wpli_finetune_seed13_pre20_proj32_mask0_03_noise0_02_mlp1_0_sup100,True,barlow,psd,all-patient,True,13,1.0,0.1,32,0.03,0.02
multimodal_psd-fc-wpli_gated_cnn,8,sub14,sub01;sub05;sub07;sub08;sub09;sub10;sub11;sub13;sub16;sub17;sub18;sub20;sub22;sub24;sub27;sub28;sub29,sub15,46,0.021036718040704727,0.027034401893615723,0.002,1e-05,1.0,1.0,True,False,multimodal,psd-fc-wpli,gated,cnn,True,finetune,segssl_barlow_all-patient_psd-fc-wpli_finetune_seed13_pre20_proj32_mask0_03_noise0_02_mlp1_0_sup100,True,barlow,psd,all-patient,True,13,1.0,0.1,32,0.03,0.02
multimodal_psd-fc-wpli_gated_cnn,8,sub14,sub01;sub05;sub07;sub08;sub09;sub10;sub11;sub13;sub16;sub17;sub18;sub20;sub22;sub24;sub27;sub28;sub29,sub15,47,0.01758173294365406,0.02310751937329769,0.002,1e-05,1.0,1.0,True,False,multimodal,psd-fc-wpli,gated,cnn,True,finetune,segssl_barlow_all-patient_psd-fc-wpli_finetune_seed13_pre20_proj32_mask0_03_noise0_02_mlp1_0_sup100,True,barlow,psd,all-patient,True,13,1.0,0.1,32,0.03,0.02
multimodal_psd-fc-wpli_gated_cnn,8,sub14,sub01;sub05;sub07;sub08;sub09;sub10;sub11;sub13;sub16;sub17;sub18;sub20;sub22;sub24;sub27;sub28;sub29,sub15,48,0.014733849093317986,0.019922038540244102,0.002,1e-05,1.0,1.0,True,False,multimodal,psd-fc-wpli,gated,cnn,True,finetune,segssl_barlow_all-patient_psd-fc-wpli_finetune_seed13_pre20_proj32_mask0_03_noise0_02_mlp1_0_sup100,True,barlow,psd,all-patient,True,13,1.0,0.1,32,0.03,0.02
multimodal_psd-fc-wpli_gated_cnn,8,sub14,sub01;sub05;sub07;sub08;sub09;sub10;sub11;sub13;sub16;sub17;sub18;sub20;sub22;sub24;sub27;sub28;sub29,sub15,49,0.012389003299176693,0.01742987148463726,0.002,1e-05,1.0,1.0,True,False,multimodal,psd-fc-wpli,gated,cnn,True,finetune,segssl_barlow_all-patient_psd-fc-wpli_finetune_seed13_pre20_proj32_mask0_03_noise0_02_mlp1_0_sup100,True,barlow,psd,all-patient,True,13,1.0,0.1,32,0.03,0.02
multimodal_psd-fc-wpli_gated_cnn,8,sub14,sub01;sub05;sub07;sub08;sub09;sub10;sub11;sub13;sub16;sub17;sub18;sub20;sub22;sub24;sub27;sub28;sub29,sub15,50,0.010458122007548809,0.015495953150093555,0.002,1e-05,1.0,1.0,True,False,multimodal,psd-fc-wpli,gated,cnn,True,finetune,segssl_barlow_all-patient_psd-fc-wpli_finetune_seed13_pre20_proj32_mask0_03_noise0_02_mlp1_0_sup100,True,barlow,psd,all-patient,True,13,1.0,0.1,32,0.03,0.02
multimodal_psd-fc-wpli_gated_cnn,8,sub14,sub01;sub05;sub07;sub08;sub09;sub10;sub11;sub13;sub16;sub17;sub18;sub20;sub22;sub24;sub27;sub28;sub29,sub15,51,0.008865299634635448,0.014019251801073551,0.002,1e-05,1.0,1.0,True,False,multimodal,psd-fc-wpli,gated,cnn,True,finetune,segssl_barlow_all-patient_psd-fc-wpli_finetune_seed13_pre20_proj32_mask0_03_noise0_02_mlp1_0_sup100,True,barlow,psd,all-patient,True,13,1.0,0.1,32,0.03,0.02
multimodal_psd-fc-wpli_gated_cnn,8,sub14,sub01;sub05;sub07;sub08;sub09;sub10;sub11;sub13;sub16;sub17;sub18;sub20;sub22;sub24;sub27;sub28;sub29,sub15,52,0.007551239803433418,0.012879041954874992,0.002,1e-05,1.0,1.0,True,False,multimodal,psd-fc-wpli,gated,cnn,True,finetune,segssl_barlow_all-patient_psd-fc-wpli_finetune_seed13_pre20_proj32_mask0_03_noise0_02_mlp1_0_sup100,True,barlow,psd,all-patient,True,13,1.0,0.1,32,0.03,0.02
multimodal_psd-fc-wpli_gated_cnn,8,sub14,sub01;sub05;sub07;sub08;sub09;sub10;sub11;sub13;sub16;sub17;sub18;sub20;sub22;sub24;sub27;sub28;sub29,sub15,53,0.006461437325924635,0.01197421457618475,0.002,1e-05,1.0,1.0,True,False,multimodal,psd-fc-wpli,gated,cnn,True,finetune,segssl_barlow_all-patient_psd-fc-wpli_finetune_seed13_pre20_proj32_mask0_03_noise0_02_mlp1_0_sup100,True,barlow,psd,all-patient,True,13,1.0,0.1,32,0.03,0.02
multimodal_psd-fc-wpli_gated_cnn,8,sub14,sub01;sub05;sub07;sub08;sub09;sub10;sub11;sub13;sub16;sub17;sub18;sub20;sub22;sub24;sub27;sub28;sub29,sub15,54,0.005559161305427551,0.011263263411819935,0.002,1e-05,1.0,1.0,True,False,multimodal,psd-fc-wpli,gated,cnn,True,finetune,segssl_barlow_all-patient_psd-fc-wpli_finetune_seed13_pre20_proj32_mask0_03_noise0_02_mlp1_0_sup100,True,barlow,psd,all-patient,True,13,1.0,0.1,32,0.03,0.02
multimodal_psd-fc-wpli_gated_cnn,8,sub14,sub01;sub05;sub07;sub08;sub09;sub10;sub11;sub13;sub16;sub17;sub18;sub20;sub22;sub24;sub27;sub28;sub29,sub15,55,0.004812997300177813,0.010678780265152454,0.002,1e-05,1.0,1.0,True,False,multimodal,psd-fc-wpli,gated,cnn,True,finetune,segssl_barlow_all-patient_psd-fc-wpli_finetune_seed13_pre20_proj32_mask0_03_noise0_02_mlp1_0_sup100,True,barlow,psd,all-patient,True,13,1.0,0.1,32,0.03,0.02
multimodal_psd-fc-wpli_gated_cnn,8,sub14,sub01;sub05;sub07;sub08;sub09;sub10;sub11;sub13;sub16;sub17;sub18;sub20;sub22;sub24;sub27;sub28;sub29,sub15,56,0.004191714338958263,0.010182549245655537,0.002,1e-05,1.0,1.0,True,False,multimodal,psd-fc-wpli,gated,cnn,True,finetune,segssl_barlow_all-patient_psd-fc-wpli_finetune_seed13_pre20_proj32_mask0_03_noise0_02_mlp1_0_sup100,True,barlow,psd,all-patient,True,13,1.0,0.1,32,0.03,0.02
multimodal_psd-fc-wpli_gated_cnn,8,sub14,sub01;sub05;sub07;sub08;sub09;sub10;sub11;sub13;sub16;sub17;sub18;sub20;sub22;sub24;sub27;sub28;sub29,sub15,57,0.003672938561066985,0.00975120346993208,0.002,1e-05,1.0,1.0,True,False,multimodal,psd-fc-wpli,gated,cnn,True,finetune,segssl_barlow_all-patient_psd-fc-wpli_finetune_seed13_pre20_proj32_mask0_03_noise0_02_mlp1_0_sup100,True,barlow,psd,all-patient,True,13,1.0,0.1,32,0.03,0.02
multimodal_psd-fc-wpli_gated_cnn,8,sub14,sub01;sub05;sub07;sub08;sub09;sub10;sub11;sub13;sub16;sub17;sub18;sub20;sub22;sub24;sub27;sub28;sub29,sub15,58,0.0032369301188737154,0.009381231851875782,0.002,1e-05,1.0,1.0,True,False,multimodal,psd-fc-wpli,gated,cnn,True,finetune,segssl_barlow_all-patient_psd-fc-wpli_finetune_seed13_pre20_proj32_mask0_03_noise0_02_mlp1_0_sup100,True,barlow,psd,all-patient,True,13,1.0,0.1,32,0.03,0.02
multimodal_psd-fc-wpli_gated_cnn,8,sub14,sub01;sub05;sub07;sub08;sub09;sub10;sub11;sub13;sub16;sub17;sub18;sub20;sub22;sub24;sub27;sub28;sub29,sub15,59,0.0028701380360871553,0.009041409939527512,0.002,1e-05,1.0,1.0,True,False,multimodal,psd-fc-wpli,gated,cnn,True,finetune,segssl_barlow_all-patient_psd-fc-wpli_finetune_seed13_pre20_proj32_mask0_03_noise0_02_mlp1_0_sup100,True,barlow,psd,all-patient,True,13,1.0,0.1,32,0.03,0.02
multimodal_psd-fc-wpli_gated_cnn,8,sub14,sub01;sub05;sub07;sub08;sub09;sub10;sub11;sub13;sub16;sub17;sub18;sub20;sub22;sub24;sub27;sub28;sub29,sub15,60,0.002561165252700448,0.008707895874977112,0.002,1e-05,1.0,1.0,True,False,multimodal,psd-fc-wpli,gated,cnn,True,finetune,segssl_barlow_all-patient_psd-fc-wpli_finetune_seed13_pre20_proj32_mask0_03_noise0_02_mlp1_0_sup100,True,barlow,psd,all-patient,True,13,1.0,0.1,32,0.03,0.02
multimodal_psd-fc-wpli_gated_cnn,8,sub14,sub01;sub05;sub07;sub08;sub09;sub10;sub11;sub13;sub16;sub17;sub18;sub20;sub22;sub24;sub27;sub28;sub29,sub15,61,0.0022997830528765917,0.008370345458388329,0.002,1e-05,1.0,1.0,True,False,multimodal,psd-fc-wpli,gated,cnn,True,finetune,segssl_barlow_all-patient_psd-fc-wpli_finetune_seed13_pre20_proj32_mask0_03_noise0_02_mlp1_0_sup100,True,barlow,psd,all-patient,True,13,1.0,0.1,32,0.03,0.02
multimodal_psd-fc-wpli_gated_cnn,8,sub14,sub01;sub05;sub07;sub08;sub09;sub10;sub11;sub13;sub16;sub17;sub18;sub20;sub22;sub24;sub27;sub28;sub29,sub15,62,0.0020780370105057955,0.008047209121286869,0.002,1e-05,1.0,1.0,True,False,multimodal,psd-fc-wpli,gated,cnn,True,finetune,segssl_barlow_all-patient_psd-fc-wpli_finetune_seed13_pre20_proj32_mask0_03_noise0_02_mlp1_0_sup100,True,barlow,psd,all-patient,True,13,1.0,0.1,32,0.03,0.02
multimodal_psd-fc-wpli_gated_cnn,8,sub14,sub01;sub05;sub07;sub08;sub09;sub10;sub11;sub13;sub16;sub17;sub18;sub20;sub22;sub24;sub27;sub28;sub29,sub15,63,0.0018883938901126385,0.007755533326417208,0.002,1e-05,1.0,1.0,True,False,multimodal,psd-fc-wpli,gated,cnn,True,finetune,segssl_barlow_all-patient_psd-fc-wpli_finetune_seed13_pre20_proj32_mask0_03_noise0_02_mlp1_0_sup100,True,barlow,psd,all-patient,True,13,1.0,0.1,32,0.03,0.02
multimodal_psd-fc-wpli_gated_cnn,8,sub14,sub01;sub05;sub07;sub08;sub09;sub10;sub11;sub13;sub16;sub17;sub18;sub20;sub22;sub24;sub27;sub28;sub29,sub15,64,0.0017257996369153261,0.007514566648751497,0.002,1e-05,1.0,1.0,True,False,multimodal,psd-fc-wpli,gated,cnn,True,finetune,segssl_barlow_all-patient_psd-fc-wpli_finetune_seed13_pre20_proj32_mask0_03_noise0_02_mlp1_0_sup100,True,barlow,psd,all-patient,True,13,1.0,0.1,32,0.03,0.02
multimodal_psd-fc-wpli_gated_cnn,8,sub14,sub01;sub05;sub07;sub08;sub09;sub10;sub11;sub13;sub16;sub17;sub18;sub20;sub22;sub24;sub27;sub28;sub29,sub15,65,0.001585861318744719,0.007341685704886913,0.002,1e-05,1.0,1.0,True,False,multimodal,psd-fc-wpli,gated,cnn,True,finetune,segssl_barlow_all-patient_psd-fc-wpli_finetune_seed13_pre20_proj32_mask0_03_noise0_02_mlp1_0_sup100,True,barlow,psd,all-patient,True,13,1.0,0.1,32,0.03,0.02
multimodal_psd-fc-wpli_gated_cnn,8,sub14,sub01;sub05;sub07;sub08;sub09;sub10;sub11;sub13;sub16;sub17;sub18;sub20;sub22;sub24;sub27;sub28;sub29,sub15,66,0.0014652101090177894,0.007256787270307541,0.002,1e-05,1.0,1.0,True,False,multimodal,psd-fc-wpli,gated,cnn,True,finetune,segssl_barlow_all-patient_psd-fc-wpli_finetune_seed13_pre20_proj32_mask0_03_noise0_02_mlp1_0_sup100,True,barlow,psd,all-patient,True,13,1.0,0.1,32,0.03,0.02
multimodal_psd-fc-wpli_gated_cnn,8,sub14,sub01;sub05;sub07;sub08;sub09;sub10;sub11;sub13;sub16;sub17;sub18;sub20;sub22;sub24;sub27;sub28;sub29,sub15,67,0.0013598399236798286,0.007242978550493717,0.002,1e-05,1.0,1.0,True,False,multimodal,psd-fc-wpli,gated,cnn,True,finetune,segssl_barlow_all-patient_psd-fc-wpli_finetune_seed13_pre20_proj32_mask0_03_noise0_02_mlp1_0_sup100,True,barlow,psd,all-patient,True,13,1.0,0.1,32,0.03,0.02
multimodal_psd-fc-wpli_gated_cnn,8,sub14,sub01;sub05;sub07;sub08;sub09;sub10;sub11;sub13;sub16;sub17;sub18;sub20;sub22;sub24;sub27;sub28;sub29,sub15,68,0.0012672248994931579,0.007289388682693243,0.002,1e-05,1.0,1.0,False,False,multimodal,psd-fc-wpli,gated,cnn,True,finetune,segssl_barlow_all-patient_psd-fc-wpli_finetune_seed13_pre20_proj32_mask0_03_noise0_02_mlp1_0_sup100,True,barlow,psd,all-patient,True,13,1.0,0.1,32,0.03,0.02
multimodal_psd-fc-wpli_gated_cnn,8,sub14,sub01;sub05;sub07;sub08;sub09;sub10;sub11;sub13;sub16;sub17;sub18;sub20;sub22;sub24;sub27;sub28;sub29,sub15,69,0.0011855527991428971,0.007381315343081951,0.002,1e-05,1.0,1.0,False,False,multimodal,psd-fc-wpli,gated,cnn,True,finetune,segssl_barlow_all-patient_psd-fc-wpli_finetune_seed13_pre20_proj32_mask0_03_noise0_02_mlp1_0_sup100,True,barlow,psd,all-patient,True,13,1.0,0.1,32,0.03,0.02
multimodal_psd-fc-wpli_gated_cnn,8,sub14,sub01;sub05;sub07;sub08;sub09;sub10;sub11;sub13;sub16;sub17;sub18;sub20;sub22;sub24;sub27;sub28;sub29,sub15,70,0.0011132530635222793,0.007504117209464312,0.002,1e-05,1.0,1.0,False,False,multimodal,psd-fc-wpli,gated,cnn,True,finetune,segssl_barlow_all-patient_psd-fc-wpli_finetune_seed13_pre20_proj32_mask0_03_noise0_02_mlp1_0_sup100,True,barlow,psd,all-patient,True,13,1.0,0.1,32,0.03,0.02
multimodal_psd-fc-wpli_gated_cnn,8,sub14,sub01;sub05;sub07;sub08;sub09;sub10;sub11;sub13;sub16;sub17;sub18;sub20;sub22;sub24;sub27;sub28;sub29,sub15,71,0.0010492275469005108,0.007647295482456684,0.002,1e-05,1.0,1.0,False,False,multimodal,psd-fc-wpli,gated,cnn,True,finetune,segssl_barlow_all-patient_psd-fc-wpli_finetune_seed13_pre20_proj32_mask0_03_noise0_02_mlp1_0_sup100,True,barlow,psd,all-patient,True,13,1.0,0.1,32,0.03,0.02
multimodal_psd-fc-wpli_gated_cnn,8,sub14,sub01;sub05;sub07;sub08;sub09;sub10;sub11;sub13;sub16;sub17;sub18;sub20;sub22;sub24;sub27;sub28;sub29,sub15,72,0.0009923020843416452,0.007788992021232843,0.002,1e-05,1.0,1.0,False,False,multimodal,psd-fc-wpli,gated,cnn,True,finetune,segssl_barlow_all-patient_psd-fc-wpli_finetune_seed13_pre20_proj32_mask0_03_noise0_02_mlp1_0_sup100,True,barlow,psd,all-patient,True,13,1.0,0.1,32,0.03,0.02
multimodal_psd-fc-wpli_gated_cnn,8,sub14,sub01;sub05;sub07;sub08;sub09;sub10;sub11;sub13;sub16;sub17;sub18;sub20;sub22;sub24;sub27;sub28;sub29,sub15,73,0.0009415305103175342,0.007916290313005447,0.002,1e-05,1.0,1.0,False,False,multimodal,psd-fc-wpli,gated,cnn,True,finetune,segssl_barlow_all-patient_psd-fc-wpli_finetune_seed13_pre20_proj32_mask0_03_noise0_02_mlp1_0_sup100,True,barlow,psd,all-patient,True,13,1.0,0.1,32,0.03,0.02
multimodal_psd-fc-wpli_gated_cnn,8,sub14,sub01;sub05;sub07;sub08;sub09;sub10;sub11;sub13;sub16;sub17;sub18;sub20;sub22;sub24;sub27;sub28;sub29,sub15,74,0.0008959909901022911,0.0080175269395113,0.002,1e-05,1.0,1.0,False,False,multimodal,psd-fc-wpli,gated,cnn,True,finetune,segssl_barlow_all-patient_psd-fc-wpli_finetune_seed13_pre20_proj32_mask0_03_noise0_02_mlp1_0_sup100,True,barlow,psd,all-patient,True,13,1.0,0.1,32,0.03,0.02
multimodal_psd-fc-wpli_gated_cnn,8,sub14,sub01;sub05;sub07;sub08;sub09;sub10;sub11;sub13;sub16;sub17;sub18;sub20;sub22;sub24;sub27;sub28;sub29,sub15,75,0.0008549171034246683,0.008082420565187931,0.002,1e-05,1.0,1.0,False,False,multimodal,psd-fc-wpli,gated,cnn,True,finetune,segssl_barlow_all-patient_psd-fc-wpli_finetune_seed13_pre20_proj32_mask0_03_noise0_02_mlp1_0_sup100,True,barlow,psd,all-patient,True,13,1.0,0.1,32,0.03,0.02
multimodal_psd-fc-wpli_gated_cnn,8,sub14,sub01;sub05;sub07;sub08;sub09;sub10;sub11;sub13;sub16;sub17;sub18;sub20;sub22;sub24;sub27;sub28;sub29,sub15,76,0.0008177725248970091,0.008107718080282211,0.002,1e-05,1.0,1.0,False,False,multimodal,psd-fc-wpli,gated,cnn,True,finetune,segssl_barlow_all-patient_psd-fc-wpli_finetune_seed13_pre20_proj32_mask0_03_noise0_02_mlp1_0_sup100,True,barlow,psd,all-patient,True,13,1.0,0.1,32,0.03,0.02
multimodal_psd-fc-wpli_gated_cnn,8,sub14,sub01;sub05;sub07;sub08;sub09;sub10;sub11;sub13;sub16;sub17;sub18;sub20;sub22;sub24;sub27;sub28;sub29,sub15,77,0.0007840500329621136,0.008094017393887043,0.002,1e-05,1.0,1.0,False,False,multimodal,psd-fc-wpli,gated,cnn,True,finetune,segssl_barlow_all-patient_psd-fc-wpli_finetune_seed13_pre20_proj32_mask0_03_noise0_02_mlp1_0_sup100,True,barlow,psd,all-patient,True,13,1.0,0.1,32,0.03,0.02
multimodal_psd-fc-wpli_gated_cnn,8,sub14,sub01;sub05;sub07;sub08;sub09;sub10;sub11;sub13;sub16;sub17;sub18;sub20;sub22;sub24;sub27;sub28;sub29,sub15,78,0.0007533560274168849,0.008048711344599724,0.002,1e-05,1.0,1.0,False,False,multimodal,psd-fc-wpli,gated,cnn,True,finetune,segssl_barlow_all-patient_psd-fc-wpli_finetune_seed13_pre20_proj32_mask0_03_noise0_02_mlp1_0_sup100,True,barlow,psd,all-patient,True,13,1.0,0.1,32,0.03,0.02
multimodal_psd-fc-wpli_gated_cnn,8,sub14,sub01;sub05;sub07;sub08;sub09;sub10;sub11;sub13;sub16;sub17;sub18;sub20;sub22;sub24;sub27;sub28;sub29,sub15,79,0.0007254262454807758,0.007980035617947578,0.002,1e-05,1.0,1.0,False,False,multimodal,psd-fc-wpli,gated,cnn,True,finetune,segssl_barlow_all-patient_psd-fc-wpli_finetune_seed13_pre20_proj32_mask0_03_noise0_02_mlp1_0_sup100,True,barlow,psd,all-patient,True,13,1.0,0.1,32,0.03,0.02
multimodal_psd-fc-wpli_gated_cnn,8,sub14,sub01;sub05;sub07;sub08;sub09;sub10;sub11;sub13;sub16;sub17;sub18;sub20;sub22;sub24;sub27;sub28;sub29,sub15,80,0.0006999190081842244,0.007895203307271004,0.002,1e-05,1.0,1.0,False,False,multimodal,psd-fc-wpli,gated,cnn,True,finetune,segssl_barlow_all-patient_psd-fc-wpli_finetune_seed13_pre20_proj32_mask0_03_noise0_02_mlp1_0_sup100,True,barlow,psd,all-patient,True,13,1.0,0.1,32,0.03,0.02
multimodal_psd-fc-wpli_gated_cnn,8,sub14,sub01;sub05;sub07;sub08;sub09;sub10;sub11;sub13;sub16;sub17;sub18;sub20;sub22;sub24;sub27;sub28;sub29,sub15,81,0.0006766776205040514,0.007804730907082558,0.002,1e-05,1.0,1.0,False,False,multimodal,psd-fc-wpli,gated,cnn,True,finetune,segssl_barlow_all-patient_psd-fc-wpli_finetune_seed13_pre20_proj32_mask0_03_noise0_02_mlp1_0_sup100,True,barlow,psd,all-patient,True,13,1.0,0.1,32,0.03,0.02
multimodal_psd-fc-wpli_gated_cnn,8,sub14,sub01;sub05;sub07;sub08;sub09;sub10;sub11;sub13;sub16;sub17;sub18;sub20;sub22;sub24;sub27;sub28;sub29,sub15,82,0.0006553471903316677,0.007712585385888815,0.002,1e-05,1.0,1.0,False,False,multimodal,psd-fc-wpli,gated,cnn,True,finetune,segssl_barlow_all-patient_psd-fc-wpli_finetune_seed13_pre20_proj32_mask0_03_noise0_02_mlp1_0_sup100,True,barlow,psd,all-patient,True,13,1.0,0.1,32,0.03,0.02
multimodal_psd-fc-wpli_gated_cnn,8,sub14,sub01;sub05;sub07;sub08;sub09;sub10;sub11;sub13;sub16;sub17;sub18;sub20;sub22;sub24;sub27;sub28;sub29,sub15,83,0.0006356851081363857,0.007616063579916954,0.002,1e-05,1.0,1.0,False,False,multimodal,psd-fc-wpli,gated,cnn,True,finetune,segssl_barlow_all-patient_psd-fc-wpli_finetune_seed13_pre20_proj32_mask0_03_noise0_02_mlp1_0_sup100,True,barlow,psd,all-patient,True,13,1.0,0.1,32,0.03,0.02
multimodal_psd-fc-wpli_gated_cnn,8,sub14,sub01;sub05;sub07;sub08;sub09;sub10;sub11;sub13;sub16;sub17;sub18;sub20;sub22;sub24;sub27;sub28;sub29,sub15,84,0.000617504061665386,0.0075179897248744965,0.002,1e-05,1.0,1.0,False,False,multimodal,psd-fc-wpli,gated,cnn,True,finetune,segssl_barlow_all-patient_psd-fc-wpli_finetune_seed13_pre20_proj32_mask0_03_noise0_02_mlp1_0_sup100,True,barlow,psd,all-patient,True,13,1.0,0.1,32,0.03,0.02
multimodal_psd-fc-wpli_gated_cnn,8,sub14,sub01;sub05;sub07;sub08;sub09;sub10;sub11;sub13;sub16;sub17;sub18;sub20;sub22;sub24;sub27;sub28;sub29,sub15,85,0.0006006155163049698,0.0074214269407093525,0.002,1e-05,1.0,1.0,False,False,multimodal,psd-fc-wpli,gated,cnn,True,finetune,segssl_barlow_all-patient_psd-fc-wpli_finetune_seed13_pre20_proj32_mask0_03_noise0_02_mlp1_0_sup100,True,barlow,psd,all-patient,True,13,1.0,0.1,32,0.03,0.02
multimodal_psd-fc-wpli_gated_cnn,8,sub14,sub01;sub05;sub07;sub08;sub09;sub10;sub11;sub13;sub16;sub17;sub18;sub20;sub22;sub24;sub27;sub28;sub29,sub15,86,0.000584921392146498,0.007328415755182505,0.002,1e-05,1.0,1.0,False,False,multimodal,psd-fc-wpli,gated,cnn,True,finetune,segssl_barlow_all-patient_psd-fc-wpli_finetune_seed13_pre20_proj32_mask0_03_noise0_02_mlp1_0_sup100,True,barlow,psd,all-patient,True,13,1.0,0.1,32,0.03,0.02
multimodal_psd-fc-wpli_gated_cnn,8,sub14,sub01;sub05;sub07;sub08;sub09;sub10;sub11;sub13;sub16;sub17;sub18;sub20;sub22;sub24;sub27;sub28;sub29,sub15,87,0.0005702634807676077,0.007239436265081167,0.002,1e-05,1.0,1.0,True,False,multimodal,psd-fc-wpli,gated,cnn,True,finetune,segssl_barlow_all-patient_psd-fc-wpli_finetune_seed13_pre20_proj32_mask0_03_noise0_02_mlp1_0_sup100,True,barlow,psd,all-patient,True,13,1.0,0.1,32,0.03,0.02
multimodal_psd-fc-wpli_gated_cnn,8,sub14,sub01;sub05;sub07;sub08;sub09;sub10;sub11;sub13;sub16;sub17;sub18;sub20;sub22;sub24;sub27;sub28;sub29,sub15,88,0.0005565533647313714,0.007153586018830538,0.002,1e-05,1.0,1.0,True,False,multimodal,psd-fc-wpli,gated,cnn,True,finetune,segssl_barlow_all-patient_psd-fc-wpli_finetune_seed13_pre20_proj32_mask0_03_noise0_02_mlp1_0_sup100,True,barlow,psd,all-patient,True,13,1.0,0.1,32,0.03,0.02
multimodal_psd-fc-wpli_gated_cnn,8,sub14,sub01;sub05;sub07;sub08;sub09;sub10;sub11;sub13;sub16;sub17;sub18;sub20;sub22;sub24;sub27;sub28;sub29,sub15,89,0.0005437496583908796,0.0070662423968315125,0.002,1e-05,1.0,1.0,True,False,multimodal,psd-fc-wpli,gated,cnn,True,finetune,segssl_barlow_all-patient_psd-fc-wpli_finetune_seed13_pre20_proj32_mask0_03_noise0_02_mlp1_0_sup100,True,barlow,psd,all-patient,True,13,1.0,0.1,32,0.03,0.02
multimodal_psd-fc-wpli_gated_cnn,8,sub14,sub01;sub05;sub07;sub08;sub09;sub10;sub11;sub13;sub16;sub17;sub18;sub20;sub22;sub24;sub27;sub28;sub29,sub15,90,0.0005317111499607563,0.006976985838264227,0.002,1e-05,1.0,1.0,True,False,multimodal,psd-fc-wpli,gated,cnn,True,finetune,segssl_barlow_all-patient_psd-fc-wpli_finetune_seed13_pre20_proj32_mask0_03_noise0_02_mlp1_0_sup100,True,barlow,psd,all-patient,True,13,1.0,0.1,32,0.03,0.02
multimodal_psd-fc-wpli_gated_cnn,8,sub14,sub01;sub05;sub07;sub08;sub09;sub10;sub11;sub13;sub16;sub17;sub18;sub20;sub22;sub24;sub27;sub28;sub29,sub15,91,0.0005203825421631336,0.006884076166898012,0.002,1e-05,1.0,1.0,True,False,multimodal,psd-fc-wpli,gated,cnn,True,finetune,segssl_barlow_all-patient_psd-fc-wpli_finetune_seed13_pre20_proj32_mask0_03_noise0_02_mlp1_0_sup100,True,barlow,psd,all-patient,True,13,1.0,0.1,32,0.03,0.02
multimodal_psd-fc-wpli_gated_cnn,8,sub14,sub01;sub05;sub07;sub08;sub09;sub10;sub11;sub13;sub16;sub17;sub18;sub20;sub22;sub24;sub27;sub28;sub29,sub15,92,0.000509723904542625,0.00678745424374938,0.002,1e-05,1.0,1.0,True,False,multimodal,psd-fc-wpli,gated,cnn,True,finetune,segssl_barlow_all-patient_psd-fc-wpli_finetune_seed13_pre20_proj32_mask0_03_noise0_02_mlp1_0_sup100,True,barlow,psd,all-patient,True,13,1.0,0.1,32,0.03,0.02
multimodal_psd-fc-wpli_gated_cnn,8,sub14,sub01;sub05;sub07;sub08;sub09;sub10;sub11;sub13;sub16;sub17;sub18;sub20;sub22;sub24;sub27;sub28;sub29,sub15,93,0.0004996529314666986,0.006687541492283344,0.002,1e-05,1.0,1.0,True,False,multimodal,psd-fc-wpli,gated,cnn,True,finetune,segssl_barlow_all-patient_psd-fc-wpli_finetune_seed13_pre20_proj32_mask0_03_noise0_02_mlp1_0_sup100,True,barlow,psd,all-patient,True,13,1.0,0.1,32,0.03,0.02
multimodal_psd-fc-wpli_gated_cnn,8,sub14,sub01;sub05;sub07;sub08;sub09;sub10;sub11;sub13;sub16;sub17;sub18;sub20;sub22;sub24;sub27;sub28;sub29,sub15,94,0.0004900701460428536,0.006584398914128542,0.002,1e-05,1.0,1.0,True,False,multimodal,psd-fc-wpli,gated,cnn,True,finetune,segssl_barlow_all-patient_psd-fc-wpli_finetune_seed13_pre20_proj32_mask0_03_noise0_02_mlp1_0_sup100,True,barlow,psd,all-patient,True,13,1.0,0.1,32,0.03,0.02
multimodal_psd-fc-wpli_gated_cnn,8,sub14,sub01;sub05;sub07;sub08;sub09;sub10;sub11;sub13;sub16;sub17;sub18;sub20;sub22;sub24;sub27;sub28;sub29,sub15,95,0.00048096818500198424,0.006479947362095118,0.002,1e-05,1.0,1.0,True,False,multimodal,psd-fc-wpli,gated,cnn,True,finetune,segssl_barlow_all-patient_psd-fc-wpli_finetune_seed13_pre20_proj32_mask0_03_noise0_02_mlp1_0_sup100,True,barlow,psd,all-patient,True,13,1.0,0.1,32,0.03,0.02
multimodal_psd-fc-wpli_gated_cnn,8,sub14,sub01;sub05;sub07;sub08;sub09;sub10;sub11;sub13;sub16;sub17;sub18;sub20;sub22;sub24;sub27;sub28;sub29,sub15,96,0.0004722914891317487,0.006376526318490505,0.002,1e-05,1.0,1.0,True,False,multimodal,psd-fc-wpli,gated,cnn,True,finetune,segssl_barlow_all-patient_psd-fc-wpli_finetune_seed13_pre20_proj32_mask0_03_noise0_02_mlp1_0_sup100,True,barlow,psd,all-patient,True,13,1.0,0.1,32,0.03,0.02
multimodal_psd-fc-wpli_gated_cnn,8,sub14,sub01;sub05;sub07;sub08;sub09;sub10;sub11;sub13;sub16;sub17;sub18;sub20;sub22;sub24;sub27;sub28;sub29,sub15,97,0.0004640317929442972,0.006274435203522444,0.002,1e-05,1.0,1.0,True,False,multimodal,psd-fc-wpli,gated,cnn,True,finetune,segssl_barlow_all-patient_psd-fc-wpli_finetune_seed13_pre20_proj32_mask0_03_noise0_02_mlp1_0_sup100,True,barlow,psd,all-patient,True,13,1.0,0.1,32,0.03,0.02
multimodal_psd-fc-wpli_gated_cnn,8,sub14,sub01;sub05;sub07;sub08;sub09;sub10;sub11;sub13;sub16;sub17;sub18;sub20;sub22;sub24;sub27;sub28;sub29,sub15,98,0.00045609325752593577,0.006173854228109121,0.002,1e-05,1.0,1.0,True,False,multimodal,psd-fc-wpli,gated,cnn,True,finetune,segssl_barlow_all-patient_psd-fc-wpli_finetune_seed13_pre20_proj32_mask0_03_noise0_02_mlp1_0_sup100,True,barlow,psd,all-patient,True,13,1.0,0.1,32,0.03,0.02
multimodal_psd-fc-wpli_gated_cnn,8,sub14,sub01;sub05;sub07;sub08;sub09;sub10;sub11;sub13;sub16;sub17;sub18;sub20;sub22;sub24;sub27;sub28;sub29,sub15,99,0.0004485189274419099,0.006075622048228979,0.002,1e-05,1.0,1.0,True,False,multimodal,psd-fc-wpli,gated,cnn,True,finetune,segssl_barlow_all-patient_psd-fc-wpli_finetune_seed13_pre20_proj32_mask0_03_noise0_02_mlp1_0_sup100,True,barlow,psd,all-patient,True,13,1.0,0.1,32,0.03,0.02
multimodal_psd-fc-wpli_gated_cnn,8,sub14,sub01;sub05;sub07;sub08;sub09;sub10;sub11;sub13;sub16;sub17;sub18;sub20;sub22;sub24;sub27;sub28;sub29,sub15,100,0.00044125106069259346,0.005980817135423422,0.002,1e-05,1.0,1.0,True,False,multimodal,psd-fc-wpli,gated,cnn,True,finetune,segssl_barlow_all-patient_psd-fc-wpli_finetune_seed13_pre20_proj32_mask0_03_noise0_02_mlp1_0_sup100,True,barlow,psd,all-patient,True,13,1.0,0.1,32,0.03,0.02
multimodal_psd-fc-wpli_gated_cnn,9,sub15,sub01;sub05;sub07;sub08;sub09;sub10;sub11;sub13;sub14;sub17;sub18;sub20;sub22;sub24;sub27;sub28;sub29,sub16,1,0.6930848360061646,0.7874539494514465,0.002,1e-05,1.0,1.0,True,False,multimodal,psd-fc-wpli,gated,cnn,True,finetune,segssl_barlow_all-patient_psd-fc-wpli_finetune_seed13_pre20_proj32_mask0_03_noise0_02_mlp1_0_sup100,True,barlow,psd,all-patient,True,13,1.0,0.1,32,0.03,0.02
multimodal_psd-fc-wpli_gated_cnn,9,sub15,sub01;sub05;sub07;sub08;sub09;sub10;sub11;sub13;sub14;sub17;sub18;sub20;sub22;sub24;sub27;sub28;sub29,sub16,2,0.6872242093086243,0.767182469367981,0.002,1e-05,1.0,1.0,True,False,multimodal,psd-fc-wpli,gated,cnn,True,finetune,segssl_barlow_all-patient_psd-fc-wpli_finetune_seed13_pre20_proj32_mask0_03_noise0_02_mlp1_0_sup100,True,barlow,psd,all-patient,True,13,1.0,0.1,32,0.03,0.02
multimodal_psd-fc-wpli_gated_cnn,9,sub15,sub01;sub05;sub07;sub08;sub09;sub10;sub11;sub13;sub14;sub17;sub18;sub20;sub22;sub24;sub27;sub28;sub29,sub16,3,0.6817657947540283,0.7479491829872131,0.002,1e-05,1.0,1.0,True,False,multimodal,psd-fc-wpli,gated,cnn,True,finetune,segssl_barlow_all-patient_psd-fc-wpli_finetune_seed13_pre20_proj32_mask0_03_noise0_02_mlp1_0_sup100,True,barlow,psd,all-patient,True,13,1.0,0.1,32,0.03,0.02
multimodal_psd-fc-wpli_gated_cnn,9,sub15,sub01;sub05;sub07;sub08;sub09;sub10;sub11;sub13;sub14;sub17;sub18;sub20;sub22;sub24;sub27;sub28;sub29,sub16,4,0.676251232624054,0.7286708354949951,0.002,1e-05,1.0,1.0,True,False,multimodal,psd-fc-wpli,gated,cnn,True,finetune,segssl_barlow_all-patient_psd-fc-wpli_finetune_seed13_pre20_proj32_mask0_03_noise0_02_mlp1_0_sup100,True,barlow,psd,all-patient,True,13,1.0,0.1,32,0.03,0.02
multimodal_psd-fc-wpli_gated_cnn,9,sub15,sub01;sub05;sub07;sub08;sub09;sub10;sub11;sub13;sub14;sub17;sub18;sub20;sub22;sub24;sub27;sub28;sub29,sub16,5,0.6702135801315308,0.7081182599067688,0.002,1e-05,1.0,1.0,True,False,multimodal,psd-fc-wpli,gated,cnn,True,finetune,segssl_barlow_all-patient_psd-fc-wpli_finetune_seed13_pre20_proj32_mask0_03_noise0_02_mlp1_0_sup100,True,barlow,psd,all-patient,True,13,1.0,0.1,32,0.03,0.02
multimodal_psd-fc-wpli_gated_cnn,9,sub15,sub01;sub05;sub07;sub08;sub09;sub10;sub11;sub13;sub14;sub17;sub18;sub20;sub22;sub24;sub27;sub28;sub29,sub16,6,0.6630331873893738,0.6843201518058777,0.002,1e-05,1.0,1.0,True,False,multimodal,psd-fc-wpli,gated,cnn,True,finetune,segssl_barlow_all-patient_psd-fc-wpli_finetune_seed13_pre20_proj32_mask0_03_noise0_02_mlp1_0_sup100,True,barlow,psd,all-patient,True,13,1.0,0.1,32,0.03,0.02
multimodal_psd-fc-wpli_gated_cnn,9,sub15,sub01;sub05;sub07;sub08;sub09;sub10;sub11;sub13;sub14;sub17;sub18;sub20;sub22;sub24;sub27;sub28;sub29,sub16,7,0.65469890832901,0.6569880843162537,0.002,1e-05,1.0,1.0,True,False,multimodal,psd-fc-wpli,gated,cnn,True,finetune,segssl_barlow_all-patient_psd-fc-wpli_finetune_seed13_pre20_proj32_mask0_03_noise0_02_mlp1_0_sup100,True,barlow,psd,all-patient,True,13,1.0,0.1,32,0.03,0.02
multimodal_psd-fc-wpli_gated_cnn,9,sub15,sub01;sub05;sub07;sub08;sub09;sub10;sub11;sub13;sub14;sub17;sub18;sub20;sub22;sub24;sub27;sub28;sub29,sub16,8,0.6453816890716553,0.6248478889465332,0.002,1e-05,1.0,1.0,True,False,multimodal,psd-fc-wpli,gated,cnn,True,finetune,segssl_barlow_all-patient_psd-fc-wpli_finetune_seed13_pre20_proj32_mask0_03_noise0_02_mlp1_0_sup100,True,barlow,psd,all-patient,True,13,1.0,0.1,32,0.03,0.02
multimodal_psd-fc-wpli_gated_cnn,9,sub15,sub01;sub05;sub07;sub08;sub09;sub10;sub11;sub13;sub14;sub17;sub18;sub20;sub22;sub24;sub27;sub28;sub29,sub16,9,0.6348967552185059,0.5910694599151611,0.002,1e-05,1.0,1.0,True,False,multimodal,psd-fc-wpli,gated,cnn,True,finetune,segssl_barlow_all-patient_psd-fc-wpli_finetune_seed13_pre20_proj32_mask0_03_noise0_02_mlp1_0_sup100,True,barlow,psd,all-patient,True,13,1.0,0.1,32,0.03,0.02
multimodal_psd-fc-wpli_gated_cnn,9,sub15,sub01;sub05;sub07;sub08;sub09;sub10;sub11;sub13;sub14;sub17;sub18;sub20;sub22;sub24;sub27;sub28;sub29,sub16,10,0.6234515905380249,0.5533572435379028,0.002,1e-05,1.0,1.0,True,False,multimodal,psd-fc-wpli,gated,cnn,True,finetune,segssl_barlow_all-patient_psd-fc-wpli_finetune_seed13_pre20_proj32_mask0_03_noise0_02_mlp1_0_sup100,True,barlow,psd,all-patient,True,13,1.0,0.1,32,0.03,0.02
multimodal_psd-fc-wpli_gated_cnn,9,sub15,sub01;sub05;sub07;sub08;sub09;sub10;sub11;sub13;sub14;sub17;sub18;sub20;sub22;sub24;sub27;sub28;sub29,sub16,11,0.6107653379440308,0.511306881904602,0.002,1e-05,1.0,1.0,True,False,multimodal,psd-fc-wpli,gated,cnn,True,finetune,segssl_barlow_all-patient_psd-fc-wpli_finetune_seed13_pre20_proj32_mask0_03_noise0_02_mlp1_0_sup100,True,barlow,psd,all-patient,True,13,1.0,0.1,32,0.03,0.02
multimodal_psd-fc-wpli_gated_cnn,9,sub15,sub01;sub05;sub07;sub08;sub09;sub10;sub11;sub13;sub14;sub17;sub18;sub20;sub22;sub24;sub27;sub28;sub29,sub16,12,0.5967084765434265,0.46506190299987793,0.002,1e-05,1.0,1.0,True,False,multimodal,psd-fc-wpli,gated,cnn,True,finetune,segssl_barlow_all-patient_psd-fc-wpli_finetune_seed13_pre20_proj32_mask0_03_noise0_02_mlp1_0_sup100,True,barlow,psd,all-patient,True,13,1.0,0.1,32,0.03,0.02
multimodal_psd-fc-wpli_gated_cnn,9,sub15,sub01;sub05;sub07;sub08;sub09;sub10;sub11;sub13;sub14;sub17;sub18;sub20;sub22;sub24;sub27;sub28;sub29,sub16,13,0.5813794136047363,0.4152195155620575,0.002,1e-05,1.0,1.0,True,False,multimodal,psd-fc-wpli,gated,cnn,True,finetune,segssl_barlow_all-patient_psd-fc-wpli_finetune_seed13_pre20_proj32_mask0_03_noise0_02_mlp1_0_sup100,True,barlow,psd,all-patient,True,13,1.0,0.1,32,0.03,0.02
multimodal_psd-fc-wpli_gated_cnn,9,sub15,sub01;sub05;sub07;sub08;sub09;sub10;sub11;sub13;sub14;sub17;sub18;sub20;sub22;sub24;sub27;sub28;sub29,sub16,14,0.5647174715995789,0.36451223492622375,0.002,1e-05,1.0,1.0,True,False,multimodal,psd-fc-wpli,gated,cnn,True,finetune,segssl_barlow_all-patient_psd-fc-wpli_finetune_seed13_pre20_proj32_mask0_03_noise0_02_mlp1_0_sup100,True,barlow,psd,all-patient,True,13,1.0,0.1,32,0.03,0.02
multimodal_psd-fc-wpli_gated_cnn,9,sub15,sub01;sub05;sub07;sub08;sub09;sub10;sub11;sub13;sub14;sub17;sub18;sub20;sub22;sub24;sub27;sub28;sub29,sub16,15,0.5466574430465698,0.3142213523387909,0.002,1e-05,1.0,1.0,True,False,multimodal,psd-fc-wpli,gated,cnn,True,finetune,segssl_barlow_all-patient_psd-fc-wpli_finetune_seed13_pre20_proj32_mask0_03_noise0_02_mlp1_0_sup100,True,barlow,psd,all-patient,True,13,1.0,0.1,32,0.03,0.02
multimodal_psd-fc-wpli_gated_cnn,9,sub15,sub01;sub05;sub07;sub08;sub09;sub10;sub11;sub13;sub14;sub17;sub18;sub20;sub22;sub24;sub27;sub28;sub29,sub16,16,0.5274199843406677,0.2643154561519623,0.002,1e-05,1.0,1.0,True,False,multimodal,psd-fc-wpli,gated,cnn,True,finetune,segssl_barlow_all-patient_psd-fc-wpli_finetune_seed13_pre20_proj32_mask0_03_noise0_02_mlp1_0_sup100,True,barlow,psd,all-patient,True,13,1.0,0.1,32,0.03,0.02
multimodal_psd-fc-wpli_gated_cnn,9,sub15,sub01;sub05;sub07;sub08;sub09;sub10;sub11;sub13;sub14;sub17;sub18;sub20;sub22;sub24;sub27;sub28;sub29,sub16,17,0.5070465803146362,0.2153863161802292,0.002,1e-05,1.0,1.0,True,False,multimodal,psd-fc-wpli,gated,cnn,True,finetune,segssl_barlow_all-patient_psd-fc-wpli_finetune_seed13_pre20_proj32_mask0_03_noise0_02_mlp1_0_sup100,True,barlow,psd,all-patient,True,13,1.0,0.1,32,0.03,0.02
multimodal_psd-fc-wpli_gated_cnn,9,sub15,sub01;sub05;sub07;sub08;sub09;sub10;sub11;sub13;sub14;sub17;sub18;sub20;sub22;sub24;sub27;sub28;sub29,sub16,18,0.4852253496646881,0.16818329691886902,0.002,1e-05,1.0,1.0,True,False,multimodal,psd-fc-wpli,gated,cnn,True,finetune,segssl_barlow_all-patient_psd-fc-wpli_finetune_seed13_pre20_proj32_mask0_03_noise0_02_mlp1_0_sup100,True,barlow,psd,all-patient,True,13,1.0,0.1,32,0.03,0.02
multimodal_psd-fc-wpli_gated_cnn,9,sub15,sub01;sub05;sub07;sub08;sub09;sub10;sub11;sub13;sub14;sub17;sub18;sub20;sub22;sub24;sub27;sub28;sub29,sub16,19,0.4617871642112732,0.12570196390151978,0.002,1e-05,1.0,1.0,True,False,multimodal,psd-fc-wpli,gated,cnn,True,finetune,segssl_barlow_all-patient_psd-fc-wpli_finetune_seed13_pre20_proj32_mask0_03_noise0_02_mlp1_0_sup100,True,barlow,psd,all-patient,True,13,1.0,0.1,32,0.03,0.02
multimodal_psd-fc-wpli_gated_cnn,9,sub15,sub01;sub05;sub07;sub08;sub09;sub10;sub11;sub13;sub14;sub17;sub18;sub20;sub22;sub24;sub27;sub28;sub29,sub16,20,0.4369698166847229,0.08926636725664139,0.002,1e-05,1.0,1.0,True,False,multimodal,psd-fc-wpli,gated,cnn,True,finetune,segssl_barlow_all-patient_psd-fc-wpli_finetune_seed13_pre20_proj32_mask0_03_noise0_02_mlp1_0_sup100,True,barlow,psd,all-patient,True,13,1.0,0.1,32,0.03,0.02
multimodal_psd-fc-wpli_gated_cnn,9,sub15,sub01;sub05;sub07;sub08;sub09;sub10;sub11;sub13;sub14;sub17;sub18;sub20;sub22;sub24;sub27;sub28;sub29,sub16,21,0.41102370619773865,0.06082694232463837,0.002,1e-05,1.0,1.0,True,False,multimodal,psd-fc-wpli,gated,cnn,True,finetune,segssl_barlow_all-patient_psd-fc-wpli_finetune_seed13_pre20_proj32_mask0_03_noise0_02_mlp1_0_sup100,True,barlow,psd,all-patient,True,13,1.0,0.1,32,0.03,0.02
multimodal_psd-fc-wpli_gated_cnn,9,sub15,sub01;sub05;sub07;sub08;sub09;sub10;sub11;sub13;sub14;sub17;sub18;sub20;sub22;sub24;sub27;sub28;sub29,sub16,22,0.3841750919818878,0.03952690586447716,0.002,1e-05,1.0,1.0,True,False,multimodal,psd-fc-wpli,gated,cnn,True,finetune,segssl_barlow_all-patient_psd-fc-wpli_finetune_seed13_pre20_proj32_mask0_03_noise0_02_mlp1_0_sup100,True,barlow,psd,all-patient,True,13,1.0,0.1,32,0.03,0.02
multimodal_psd-fc-wpli_gated_cnn,9,sub15,sub01;sub05;sub07;sub08;sub09;sub10;sub11;sub13;sub14;sub17;sub18;sub20;sub22;sub24;sub27;sub28;sub29,sub16,23,0.35645440220832825,0.02500845305621624,0.002,1e-05,1.0,1.0,True,False,multimodal,psd-fc-wpli,gated,cnn,True,finetune,segssl_barlow_all-patient_psd-fc-wpli_finetune_seed13_pre20_proj32_mask0_03_noise0_02_mlp1_0_sup100,True,barlow,psd,all-patient,True,13,1.0,0.1,32,0.03,0.02
multimodal_psd-fc-wpli_gated_cnn,9,sub15,sub01;sub05;sub07;sub08;sub09;sub10;sub11;sub13;sub14;sub17;sub18;sub20;sub22;sub24;sub27;sub28;sub29,sub16,24,0.3283892869949341,0.015543527901172638,0.002,1e-05,1.0,1.0,True,False,multimodal,psd-fc-wpli,gated,cnn,True,finetune,segssl_barlow_all-patient_psd-fc-wpli_finetune_seed13_pre20_proj32_mask0_03_noise0_02_mlp1_0_sup100,True,barlow,psd,all-patient,True,13,1.0,0.1,32,0.03,0.02
multimodal_psd-fc-wpli_gated_cnn,9,sub15,sub01;sub05;sub07;sub08;sub09;sub10;sub11;sub13;sub14;sub17;sub18;sub20;sub22;sub24;sub27;sub28;sub29,sub16,25,0.30020520091056824,0.009509447030723095,0.002,1e-05,1.0,1.0,True,False,multimodal,psd-fc-wpli,gated,cnn,True,finetune,segssl_barlow_all-patient_psd-fc-wpli_finetune_seed13_pre20_proj32_mask0_03_noise0_02_mlp1_0_sup100,True,barlow,psd,all-patient,True,13,1.0,0.1,32,0.03,0.02
multimodal_psd-fc-wpli_gated_cnn,9,sub15,sub01;sub05;sub07;sub08;sub09;sub10;sub11;sub13;sub14;sub17;sub18;sub20;sub22;sub24;sub27;sub28;sub29,sub16,26,0.2722542881965637,0.005757632199674845,0.002,1e-05,1.0,1.0,True,False,multimodal,psd-fc-wpli,gated,cnn,True,finetune,segssl_barlow_all-patient_psd-fc-wpli_finetune_seed13_pre20_proj32_mask0_03_noise0_02_mlp1_0_sup100,True,barlow,psd,all-patient,True,13,1.0,0.1,32,0.03,0.02
multimodal_psd-fc-wpli_gated_cnn,9,sub15,sub01;sub05;sub07;sub08;sub09;sub10;sub11;sub13;sub14;sub17;sub18;sub20;sub22;sub24;sub27;sub28;sub29,sub16,27,0.24460528790950775,0.003440483473241329,0.002,1e-05,1.0,1.0,True,False,multimodal,psd-fc-wpli,gated,cnn,True,finetune,segssl_barlow_all-patient_psd-fc-wpli_finetune_seed13_pre20_proj32_mask0_03_noise0_02_mlp1_0_sup100,True,barlow,psd,all-patient,True,13,1.0,0.1,32,0.03,0.02
multimodal_psd-fc-wpli_gated_cnn,9,sub15,sub01;sub05;sub07;sub08;sub09;sub10;sub11;sub13;sub14;sub17;sub18;sub20;sub22;sub24;sub27;sub28;sub29,sub16,28,0.2176651507616043,0.001991906203329563,0.002,1e-05,1.0,1.0,True,False,multimodal,psd-fc-wpli,gated,cnn,True,finetune,segssl_barlow_all-patient_psd-fc-wpli_finetune_seed13_pre20_proj32_mask0_03_noise0_02_mlp1_0_sup100,True,barlow,psd,all-patient,True,13,1.0,0.1,32,0.03,0.02
multimodal_psd-fc-wpli_gated_cnn,9,sub15,sub01;sub05;sub07;sub08;sub09;sub10;sub11;sub13;sub14;sub17;sub18;sub20;sub22;sub24;sub27;sub28;sub29,sub16,29,0.19172248244285583,0.0010440769838169217,0.002,1e-05,1.0,1.0,True,False,multimodal,psd-fc-wpli,gated,cnn,True,finetune,segssl_barlow_all-patient_psd-fc-wpli_finetune_seed13_pre20_proj32_mask0_03_noise0_02_mlp1_0_sup100,True,barlow,psd,all-patient,True,13,1.0,0.1,32,0.03,0.02
multimodal_psd-fc-wpli_gated_cnn,9,sub15,sub01;sub05;sub07;sub08;sub09;sub10;sub11;sub13;sub14;sub17;sub18;sub20;sub22;sub24;sub27;sub28;sub29,sub16,30,0.16706758737564087,0.0004702476435340941,0.002,1e-05,1.0,1.0,True,False,multimodal,psd-fc-wpli,gated,cnn,True,finetune,segssl_barlow_all-patient_psd-fc-wpli_finetune_seed13_pre20_proj32_mask0_03_noise0_02_mlp1_0_sup100,True,barlow,psd,all-patient,True,13,1.0,0.1,32,0.03,0.02
multimodal_psd-fc-wpli_gated_cnn,9,sub15,sub01;sub05;sub07;sub08;sub09;sub10;sub11;sub13;sub14;sub17;sub18;sub20;sub22;sub24;sub27;sub28;sub29,sub16,31,0.14396797120571136,0.00018062337767332792,0.002,1e-05,1.0,1.0,True,False,multimodal,psd-fc-wpli,gated,cnn,True,finetune,segssl_barlow_all-patient_psd-fc-wpli_finetune_seed13_pre20_proj32_mask0_03_noise0_02_mlp1_0_sup100,True,barlow,psd,all-patient,True,13,1.0,0.1,32,0.03,0.02
multimodal_psd-fc-wpli_gated_cnn,9,sub15,sub01;sub05;sub07;sub08;sub09;sub10;sub11;sub13;sub14;sub17;sub18;sub20;sub22;sub24;sub27;sub28;sub29,sub16,32,0.1227748692035675,6.486787606263533e-05,0.002,1e-05,1.0,1.0,True,False,multimodal,psd-fc-wpli,gated,cnn,True,finetune,segssl_barlow_all-patient_psd-fc-wpli_finetune_seed13_pre20_proj32_mask0_03_noise0_02_mlp1_0_sup100,True,barlow,psd,all-patient,True,13,1.0,0.1,32,0.03,0.02
multimodal_psd-fc-wpli_gated_cnn,9,sub15,sub01;sub05;sub07;sub08;sub09;sub10;sub11;sub13;sub14;sub17;sub18;sub20;sub22;sub24;sub27;sub28;sub29,sub16,33,0.10370882600545883,2.201423740189057e-05,0.002,1e-05,1.0,1.0,True,False,multimodal,psd-fc-wpli,gated,cnn,True,finetune,segssl_barlow_all-patient_psd-fc-wpli_finetune_seed13_pre20_proj32_mask0_03_noise0_02_mlp1_0_sup100,True,barlow,psd,all-patient,True,13,1.0,0.1,32,0.03,0.02
multimodal_psd-fc-wpli_gated_cnn,9,sub15,sub01;sub05;sub07;sub08;sub09;sub10;sub11;sub13;sub14;sub17;sub18;sub20;sub22;sub24;sub27;sub28;sub29,sub16,34,0.08677823096513748,7.010216904745903e-06,0.002,1e-05,1.0,1.0,True,False,multimodal,psd-fc-wpli,gated,cnn,True,finetune,segssl_barlow_all-patient_psd-fc-wpli_finetune_seed13_pre20_proj32_mask0_03_noise0_02_mlp1_0_sup100,True,barlow,psd,all-patient,True,13,1.0,0.1,32,0.03,0.02
multimodal_psd-fc-wpli_gated_cnn,9,sub15,sub01;sub05;sub07;sub08;sub09;sub10;sub11;sub13;sub14;sub17;sub18;sub20;sub22;sub24;sub27;sub28;sub29,sub16,35,0.07199756801128387,2.1022062810516218e-06,0.002,1e-05,1.0,1.0,True,False,multimodal,psd-fc-wpli,gated,cnn,True,finetune,segssl_barlow_all-patient_psd-fc-wpli_finetune_seed13_pre20_proj32_mask0_03_noise0_02_mlp1_0_sup100,True,barlow,psd,all-patient,True,13,1.0,0.1,32,0.03,0.02
multimodal_psd-fc-wpli_gated_cnn,9,sub15,sub01;sub05;sub07;sub08;sub09;sub10;sub11;sub13;sub14;sub17;sub18;sub20;sub22;sub24;sub27;sub28;sub29,sub16,36,0.05923745781183243,6.196980848471867e-07,0.002,1e-05,1.0,1.0,True,False,multimodal,psd-fc-wpli,gated,cnn,True,finetune,segssl_barlow_all-patient_psd-fc-wpli_finetune_seed13_pre20_proj32_mask0_03_noise0_02_mlp1_0_sup100,True,barlow,psd,all-patient,True,13,1.0,0.1,32,0.03,0.02
multimodal_psd-fc-wpli_gated_cnn,9,sub15,sub01;sub05;sub07;sub08;sub09;sub10;sub11;sub13;sub14;sub17;sub18;sub20;sub22;sub24;sub27;sub28;sub29,sub16,37,0.048567235469818115,1.907857694050108e-07,0.002,1e-05,1.0,1.0,True,False,multimodal,psd-fc-wpli,gated,cnn,True,finetune,segssl_barlow_all-patient_psd-fc-wpli_finetune_seed13_pre20_proj32_mask0_03_noise0_02_mlp1_0_sup100,True,barlow,psd,all-patient,True,13,1.0,0.1,32,0.03,0.02
multimodal_psd-fc-wpli_gated_cnn,9,sub15,sub01;sub05;sub07;sub08;sub09;sub10;sub11;sub13;sub14;sub17;sub18;sub20;sub22;sub24;sub27;sub28;sub29,sub16,38,0.03970302641391754,6.149528530841053e-08,0.002,1e-05,1.0,1.0,True,False,multimodal,psd-fc-wpli,gated,cnn,True,finetune,segssl_barlow_all-patient_psd-fc-wpli_finetune_seed13_pre20_proj32_mask0_03_noise0_02_mlp1_0_sup100,True,barlow,psd,all-patient,True,13,1.0,0.1,32,0.03,0.02
multimodal_psd-fc-wpli_gated_cnn,9,sub15,sub01;sub05;sub07;sub08;sub09;sub10;sub11;sub13;sub14;sub17;sub18;sub20;sub22;sub24;sub27;sub28;sub29,sub16,39,0.03231925144791603,2.0449389737109414e-08,0.002,1e-05,1.0,1.0,True,False,multimodal,psd-fc-wpli,gated,cnn,True,finetune,segssl_barlow_all-patient_psd-fc-wpli_finetune_seed13_pre20_proj32_mask0_03_noise0_02_mlp1_0_sup100,True,barlow,psd,all-patient,True,13,1.0,0.1,32,0.03,0.02
multimodal_psd-fc-wpli_gated_cnn,9,sub15,sub01;sub05;sub07;sub08;sub09;sub10;sub11;sub13;sub14;sub17;sub18;sub20;sub22;sub24;sub27;sub28;sub29,sub16,40,0.026303786784410477,7.061461637647426e-09,0.002,1e-05,1.0,1.0,True,False,multimodal,psd-fc-wpli,gated,cnn,True,finetune,segssl_barlow_all-patient_psd-fc-wpli_finetune_seed13_pre20_proj32_mask0_03_noise0_02_mlp1_0_sup100,True,barlow,psd,all-patient,True,13,1.0,0.1,32,0.03,0.02
multimodal_psd-fc-wpli_gated_cnn,9,sub15,sub01;sub05;sub07;sub08;sub09;sub10;sub11;sub13;sub14;sub17;sub18;sub20;sub22;sub24;sub27;sub28;sub29,sub16,41,0.021449685096740723,2.539375820731493e-09,0.002,1e-05,1.0,1.0,True,False,multimodal,psd-fc-wpli,gated,cnn,True,finetune,segssl_barlow_all-patient_psd-fc-wpli_finetune_seed13_pre20_proj32_mask0_03_noise0_02_mlp1_0_sup100,True,barlow,psd,all-patient,True,13,1.0,0.1,32,0.03,0.02
multimodal_psd-fc-wpli_gated_cnn,9,sub15,sub01;sub05;sub07;sub08;sub09;sub10;sub11;sub13;sub14;sub17;sub18;sub20;sub22;sub24;sub27;sub28;sub29,sub16,42,0.01749245636165142,9.51848266872446e-10,0.002,1e-05,1.0,1.0,True,False,multimodal,psd-fc-wpli,gated,cnn,True,finetune,segssl_barlow_all-patient_psd-fc-wpli_finetune_seed13_pre20_proj32_mask0_03_noise0_02_mlp1_0_sup100,True,barlow,psd,all-patient,True,13,1.0,0.1,32,0.03,0.02
multimodal_psd-fc-wpli_gated_cnn,9,sub15,sub01;sub05;sub07;sub08;sub09;sub10;sub11;sub13;sub14;sub17;sub18;sub20;sub22;sub24;sub27;sub28;sub29,sub16,43,0.014329345896840096,3.7376937656041775e-10,0.002,1e-05,1.0,1.0,True,False,multimodal,psd-fc-wpli,gated,cnn,True,finetune,segssl_barlow_all-patient_psd-fc-wpli_finetune_seed13_pre20_proj32_mask0_03_noise0_02_mlp1_0_sup100,True,barlow,psd,all-patient,True,13,1.0,0.1,32,0.03,0.02
multimodal_psd-fc-wpli_gated_cnn,9,sub15,sub01;sub05;sub07;sub08;sub09;sub10;sub11;sub13;sub14;sub17;sub18;sub20;sub22;sub24;sub27;sub28;sub29,sub16,44,0.011810153722763062,1.5455114965590155e-10,0.002,1e-05,1.0,1.0,True,False,multimodal,psd-fc-wpli,gated,cnn,True,finetune,segssl_barlow_all-patient_psd-fc-wpli_finetune_seed13_pre20_proj32_mask0_03_noise0_02_mlp1_0_sup100,True,barlow,psd,all-patient,True,13,1.0,0.1,32,0.03,0.02
multimodal_psd-fc-wpli_gated_cnn,9,sub15,sub01;sub05;sub07;sub08;sub09;sub10;sub11;sub13;sub14;sub17;sub18;sub20;sub22;sub24;sub27;sub28;sub29,sub16,45,0.009764794260263443,6.71674729724181e-11,0.002,1e-05,1.0,1.0,True,False,multimodal,psd-fc-wpli,gated,cnn,True,finetune,segssl_barlow_all-patient_psd-fc-wpli_finetune_seed13_pre20_proj32_mask0_03_noise0_02_mlp1_0_sup100,True,barlow,psd,all-patient,True,13,1.0,0.1,32,0.03,0.02
multimodal_psd-fc-wpli_gated_cnn,9,sub15,sub01;sub05;sub07;sub08;sub09;sub10;sub11;sub13;sub14;sub17;sub18;sub20;sub22;sub24;sub27;sub28;sub29,sub16,46,0.00811366830021143,3.100322082394413e-11,0.002,1e-05,1.0,1.0,True,False,multimodal,psd-fc-wpli,gated,cnn,True,finetune,segssl_barlow_all-patient_psd-fc-wpli_finetune_seed13_pre20_proj32_mask0_03_noise0_02_mlp1_0_sup100,True,barlow,psd,all-patient,True,13,1.0,0.1,32,0.03,0.02
multimodal_psd-fc-wpli_gated_cnn,9,sub15,sub01;sub05;sub07;sub08;sub09;sub10;sub11;sub13;sub14;sub17;sub18;sub20;sub22;sub24;sub27;sub28;sub29,sub16,47,0.006801343522965908,1.5326207317145624e-11,0.002,1e-05,1.0,1.0,True,False,multimodal,psd-fc-wpli,gated,cnn,True,finetune,segssl_barlow_all-patient_psd-fc-wpli_finetune_seed13_pre20_proj32_mask0_03_noise0_02_mlp1_0_sup100,True,barlow,psd,all-patient,True,13,1.0,0.1,32,0.03,0.02
multimodal_psd-fc-wpli_gated_cnn,9,sub15,sub01;sub05;sub07;sub08;sub09;sub10;sub11;sub13;sub14;sub17;sub18;sub20;sub22;sub24;sub27;sub28;sub29,sub16,48,0.00575172808021307,8.096872998464288e-12,0.002,1e-05,1.0,1.0,True,False,multimodal,psd-fc-wpli,gated,cnn,True,finetune,segssl_barlow_all-patient_psd-fc-wpli_finetune_seed13_pre20_proj32_mask0_03_noise0_02_mlp1_0_sup100,True,barlow,psd,all-patient,True,13,1.0,0.1,32,0.03,0.02
multimodal_psd-fc-wpli_gated_cnn,9,sub15,sub01;sub05;sub07;sub08;sub09;sub10;sub11;sub13;sub14;sub17;sub18;sub20;sub22;sub24;sub27;sub28;sub29,sub16,49,0.004894493613392115,4.565724534555393e-12,0.002,1e-05,1.0,1.0,True,False,multimodal,psd-fc-wpli,gated,cnn,True,finetune,segssl_barlow_all-patient_psd-fc-wpli_finetune_seed13_pre20_proj32_mask0_03_noise0_02_mlp1_0_sup100,True,barlow,psd,all-patient,True,13,1.0,0.1,32,0.03,0.02
multimodal_psd-fc-wpli_gated_cnn,9,sub15,sub01;sub05;sub07;sub08;sub09;sub10;sub11;sub13;sub14;sub17;sub18;sub20;sub22;sub24;sub27;sub28;sub29,sub16,50,0.0041880011558532715,2.73972055979399e-12,0.002,1e-05,1.0,1.0,True,False,multimodal,psd-fc-wpli,gated,cnn,True,finetune,segssl_barlow_all-patient_psd-fc-wpli_finetune_seed13_pre20_proj32_mask0_03_noise0_02_mlp1_0_sup100,True,barlow,psd,all-patient,True,13,1.0,0.1,32,0.03,0.02
multimodal_psd-fc-wpli_gated_cnn,9,sub15,sub01;sub05;sub07;sub08;sub09;sub10;sub11;sub13;sub14;sub17;sub18;sub20;sub22;sub24;sub27;sub28;sub29,sub16,51,0.003606419777497649,1.7375308006620238e-12,0.002,1e-05,1.0,1.0,True,False,multimodal,psd-fc-wpli,gated,cnn,True,finetune,segssl_barlow_all-patient_psd-fc-wpli_finetune_seed13_pre20_proj32_mask0_03_noise0_02_mlp1_0_sup100,True,barlow,psd,all-patient,True,13,1.0,0.1,32,0.03,0.02
multimodal_psd-fc-wpli_gated_cnn,9,sub15,sub01;sub05;sub07;sub08;sub09;sub10;sub11;sub13;sub14;sub17;sub18;sub20;sub22;sub24;sub27;sub28;sub29,sub16,52,0.003130972385406494,1.1560661282439266e-12,0.002,1e-05,1.0,1.0,True,False,multimodal,psd-fc-wpli,gated,cnn,True,finetune,segssl_barlow_all-patient_psd-fc-wpli_finetune_seed13_pre20_proj32_mask0_03_noise0_02_mlp1_0_sup100,True,barlow,psd,all-patient,True,13,1.0,0.1,32,0.03,0.02
multimodal_psd-fc-wpli_gated_cnn,9,sub15,sub01;sub05;sub07;sub08;sub09;sub10;sub11;sub13;sub14;sub17;sub18;sub20;sub22;sub24;sub27;sub28;sub29,sub16,53,0.0027405896689742804,8.014009377985132e-13,0.002,1e-05,1.0,1.0,True,False,multimodal,psd-fc-wpli,gated,cnn,True,finetune,segssl_barlow_all-patient_psd-fc-wpli_finetune_seed13_pre20_proj32_mask0_03_noise0_02_mlp1_0_sup100,True,barlow,psd,all-patient,True,13,1.0,0.1,32,0.03,0.02
multimodal_psd-fc-wpli_gated_cnn,9,sub15,sub01;sub05;sub07;sub08;sub09;sub10;sub11;sub13;sub14;sub17;sub18;sub20;sub22;sub24;sub27;sub28;sub29,sub16,54,0.002416127361357212,5.756892358654842e-13,0.002,1e-05,1.0,1.0,True,False,multimodal,psd-fc-wpli,gated,cnn,True,finetune,segssl_barlow_all-patient_psd-fc-wpli_finetune_seed13_pre20_proj32_mask0_03_noise0_02_mlp1_0_sup100,True,barlow,psd,all-patient,True,13,1.0,0.1,32,0.03,0.02
multimodal_psd-fc-wpli_gated_cnn,9,sub15,sub01;sub05;sub07;sub08;sub09;sub10;sub11;sub13;sub14;sub17;sub18;sub20;sub22;sub24;sub27;sub28;sub29,sub16,55,0.0021421024575829506,4.2646756352043846e-13,0.002,1e-05,1.0,1.0,True,False,multimodal,psd-fc-wpli,gated,cnn,True,finetune,segssl_barlow_all-patient_psd-fc-wpli_finetune_seed13_pre20_proj32_mask0_03_noise0_02_mlp1_0_sup100,True,barlow,psd,all-patient,True,13,1.0,0.1,32,0.03,0.02
multimodal_psd-fc-wpli_gated_cnn,9,sub15,sub01;sub05;sub07;sub08;sub09;sub10;sub11;sub13;sub14;sub17;sub18;sub20;sub22;sub24;sub27;sub28;sub29,sub16,56,0.0019100141944363713,3.245316342048721e-13,0.002,1e-05,1.0,1.0,True,False,multimodal,psd-fc-wpli,gated,cnn,True,finetune,segssl_barlow_all-patient_psd-fc-wpli_finetune_seed13_pre20_proj32_mask0_03_noise0_02_mlp1_0_sup100,True,barlow,psd,all-patient,True,13,1.0,0.1,32,0.03,0.02
multimodal_psd-fc-wpli_gated_cnn,9,sub15,sub01;sub05;sub07;sub08;sub09;sub10;sub11;sub13;sub14;sub17;sub18;sub20;sub22;sub24;sub27;sub28;sub29,sub16,57,0.0017144816229119897,2.5248095172729357e-13,0.002,1e-05,1.0,1.0,True,False,multimodal,psd-fc-wpli,gated,cnn,True,finetune,segssl_barlow_all-patient_psd-fc-wpli_finetune_seed13_pre20_proj32_mask0_03_noise0_02_mlp1_0_sup100,True,barlow,psd,all-patient,True,13,1.0,0.1,32,0.03,0.02
multimodal_psd-fc-wpli_gated_cnn,9,sub15,sub01;sub05;sub07;sub08;sub09;sub10;sub11;sub13;sub14;sub17;sub18;sub20;sub22;sub24;sub27;sub28;sub29,sub16,58,0.001549511100165546,2.0041004175196803e-13,0.002,1e-05,1.0,1.0,True,False,multimodal,psd-fc-wpli,gated,cnn,True,finetune,segssl_barlow_all-patient_psd-fc-wpli_finetune_seed13_pre20_proj32_mask0_03_noise0_02_mlp1_0_sup100,True,barlow,psd,all-patient,True,13,1.0,0.1,32,0.03,0.02
multimodal_psd-fc-wpli_gated_cnn,9,sub15,sub01;sub05;sub07;sub08;sub09;sub10;sub11;sub13;sub14;sub17;sub18;sub20;sub22;sub24;sub27;sub28;sub29,sub16,59,0.0014100434491410851,1.6190124056941063e-13,0.002,1e-05,1.0,1.0,True,False,multimodal,psd-fc-wpli,gated,cnn,True,finetune,segssl_barlow_all-patient_psd-fc-wpli_finetune_seed13_pre20_proj32_mask0_03_noise0_02_mlp1_0_sup100,True,barlow,psd,all-patient,True,13,1.0,0.1,32,0.03,0.02
multimodal_psd-fc-wpli_gated_cnn,9,sub15,sub01;sub05;sub07;sub08;sub09;sub10;sub11;sub13;sub14;sub17;sub18;sub20;sub22;sub24;sub27;sub28;sub29,sub16,60,0.0012908525532111526,1.3282903694056963e-13,0.002,1e-05,1.0,1.0,True,False,multimodal,psd-fc-wpli,gated,cnn,True,finetune,segssl_barlow_all-patient_psd-fc-wpli_finetune_seed13_pre20_proj32_mask0_03_noise0_02_mlp1_0_sup100,True,barlow,psd,all-patient,True,13,1.0,0.1,32,0.03,0.02
multimodal_psd-fc-wpli_gated_cnn,9,sub15,sub01;sub05;sub07;sub08;sub09;sub10;sub11;sub13;sub14;sub17;sub18;sub20;sub22;sub24;sub27;sub28;sub29,sub16,61,0.0011875266209244728,1.1044812932075806e-13,0.002,1e-05,1.0,1.0,True,False,multimodal,psd-fc-wpli,gated,cnn,True,finetune,segssl_barlow_all-patient_psd-fc-wpli_finetune_seed13_pre20_proj32_mask0_03_noise0_02_mlp1_0_sup100,True,barlow,psd,all-patient,True,13,1.0,0.1,32,0.03,0.02
multimodal_psd-fc-wpli_gated_cnn,9,sub15,sub01;sub05;sub07;sub08;sub09;sub10;sub11;sub13;sub14;sub17;sub18;sub20;sub22;sub24;sub27;sub28;sub29,sub16,62,0.001096974010579288,9.29516744607381e-14,0.002,1e-05,1.0,1.0,True,False,multimodal,psd-fc-wpli,gated,cnn,True,finetune,segssl_barlow_all-patient_psd-fc-wpli_finetune_seed13_pre20_proj32_mask0_03_noise0_02_mlp1_0_sup100,True,barlow,psd,all-patient,True,13,1.0,0.1,32,0.03,0.02
multimodal_psd-fc-wpli_gated_cnn,9,sub15,sub01;sub05;sub07;sub08;sub09;sub10;sub11;sub13;sub14;sub17;sub18;sub20;sub22;sub24;sub27;sub28;sub29,sub16,63,0.0010175569914281368,7.905470305073423e-14,0.002,1e-05,1.0,1.0,True,False,multimodal,psd-fc-wpli,gated,cnn,True,finetune,segssl_barlow_all-patient_psd-fc-wpli_finetune_seed13_pre20_proj32_mask0_03_noise0_02_mlp1_0_sup100,True,barlow,psd,all-patient,True,13,1.0,0.1,32,0.03,0.02
multimodal_psd-fc-wpli_gated_cnn,9,sub15,sub01;sub05;sub07;sub08;sub09;sub10;sub11;sub13;sub14;sub17;sub18;sub20;sub22;sub24;sub27;sub28;sub29,sub16,64,0.000948077067732811,6.784256180924694e-14,0.002,1e-05,1.0,1.0,True,False,multimodal,psd-fc-wpli,gated,cnn,True,finetune,segssl_barlow_all-patient_psd-fc-wpli_finetune_seed13_pre20_proj32_mask0_03_noise0_02_mlp1_0_sup100,True,barlow,psd,all-patient,True,13,1.0,0.1,32,0.03,0.02
multimodal_psd-fc-wpli_gated_cnn,9,sub15,sub01;sub05;sub07;sub08;sub09;sub10;sub11;sub13;sub14;sub17;sub18;sub20;sub22;sub24;sub27;sub28;sub29,sub16,65,0.000887472415342927,5.862813083319998e-14,0.002,1e-05,1.0,1.0,True,False,multimodal,psd-fc-wpli,gated,cnn,True,finetune,segssl_barlow_all-patient_psd-fc-wpli_finetune_seed13_pre20_proj32_mask0_03_noise0_02_mlp1_0_sup100,True,barlow,psd,all-patient,True,13,1.0,0.1,32,0.03,0.02
multimodal_psd-fc-wpli_gated_cnn,9,sub15,sub01;sub05;sub07;sub08;sub09;sub10;sub11;sub13;sub14;sub17;sub18;sub20;sub22;sub24;sub27;sub28;sub29,sub16,66,0.0008343994268216193,5.0959064035573445e-14,0.002,1e-05,1.0,1.0,True,False,multimodal,psd-fc-wpli,gated,cnn,True,finetune,segssl_barlow_all-patient_psd-fc-wpli_finetune_seed13_pre20_proj32_mask0_03_noise0_02_mlp1_0_sup100,True,barlow,psd,all-patient,True,13,1.0,0.1,32,0.03,0.02
multimodal_psd-fc-wpli_gated_cnn,9,sub15,sub01;sub05;sub07;sub08;sub09;sub10;sub11;sub13;sub14;sub17;sub18;sub20;sub22;sub24;sub27;sub28;sub29,sub16,67,0.0007873012218624353,4.450734621347721e-14,0.002,1e-05,1.0,1.0,True,False,multimodal,psd-fc-wpli,gated,cnn,True,finetune,segssl_barlow_all-patient_psd-fc-wpli_finetune_seed13_pre20_proj32_mask0_03_noise0_02_mlp1_0_sup100,True,barlow,psd,all-patient,True,13,1.0,0.1,32,0.03,0.02
multimodal_psd-fc-wpli_gated_cnn,9,sub15,sub01;sub05;sub07;sub08;sub09;sub10;sub11;sub13;sub14;sub17;sub18;sub20;sub22;sub24;sub27;sub28;sub29,sub16,68,0.0007452141144312918,3.902117480048331e-14,0.002,1e-05,1.0,1.0,True,False,multimodal,psd-fc-wpli,gated,cnn,True,finetune,segssl_barlow_all-patient_psd-fc-wpli_finetune_seed13_pre20_proj32_mask0_03_noise0_02_mlp1_0_sup100,True,barlow,psd,all-patient,True,13,1.0,0.1,32,0.03,0.02
multimodal_psd-fc-wpli_gated_cnn,9,sub15,sub01;sub05;sub07;sub08;sub09;sub10;sub11;sub13;sub14;sub17;sub18;sub20;sub22;sub24;sub27;sub28;sub29,sub16,69,0.0007073887973092496,3.43096658397303e-14,0.002,1e-05,1.0,1.0,True,False,multimodal,psd-fc-wpli,gated,cnn,True,finetune,segssl_barlow_all-patient_psd-fc-wpli_finetune_seed13_pre20_proj32_mask0_03_noise0_02_mlp1_0_sup100,True,barlow,psd,all-patient,True,13,1.0,0.1,32,0.03,0.02
multimodal_psd-fc-wpli_gated_cnn,9,sub15,sub01;sub05;sub07;sub08;sub09;sub10;sub11;sub13;sub14;sub17;sub18;sub20;sub22;sub24;sub27;sub28;sub29,sub16,70,0.0006731738685630262,3.025917800288276e-14,0.002,1e-05,1.0,1.0,True,False,multimodal,psd-fc-wpli,gated,cnn,True,finetune,segssl_barlow_all-patient_psd-fc-wpli_finetune_seed13_pre20_proj32_mask0_03_noise0_02_mlp1_0_sup100,True,barlow,psd,all-patient,True,13,1.0,0.1,32,0.03,0.02
multimodal_psd-fc-wpli_gated_cnn,9,sub15,sub01;sub05;sub07;sub08;sub09;sub10;sub11;sub13;sub14;sub17;sub18;sub20;sub22;sub24;sub27;sub28;sub29,sub16,71,0.0006422725855372846,2.6767782733199894e-14,0.002,1e-05,1.0,1.0,True,False,multimodal,psd-fc-wpli,gated,cnn,True,finetune,segssl_barlow_all-patient_psd-fc-wpli_finetune_seed13_pre20_proj32_mask0_03_noise0_02_mlp1_0_sup100,True,barlow,psd,all-patient,True,13,1.0,0.1,32,0.03,0.02
multimodal_psd-fc-wpli_gated_cnn,9,sub15,sub01;sub05;sub07;sub08;sub09;sub10;sub11;sub13;sub14;sub17;sub18;sub20;sub22;sub24;sub27;sub28;sub29,sub16,72,0.0006143769132904708,2.3741145971345988e-14,0.002,1e-05,1.0,1.0,True,False,multimodal,psd-fc-wpli,gated,cnn,True,finetune,segssl_barlow_all-patient_psd-fc-wpli_finetune_seed13_pre20_proj32_mask0_03_noise0_02_mlp1_0_sup100,True,barlow,psd,all-patient,True,13,1.0,0.1,32,0.03,0.02
multimodal_psd-fc-wpli_gated_cnn,9,sub15,sub01;sub05;sub07;sub08;sub09;sub10;sub11;sub13;sub14;sub17;sub18;sub20;sub22;sub24;sub27;sub28;sub29,sub16,73,0.0005892084445804358,2.111923341015145e-14,0.002,1e-05,1.0,1.0,True,False,multimodal,psd-fc-wpli,gated,cnn,True,finetune,segssl_barlow_all-patient_psd-fc-wpli_finetune_seed13_pre20_proj32_mask0_03_noise0_02_mlp1_0_sup100,True,barlow,psd,all-patient,True,13,1.0,0.1,32,0.03,0.02
multimodal_psd-fc-wpli_gated_cnn,9,sub15,sub01;sub05;sub07;sub08;sub09;sub10;sub11;sub13;sub14;sub17;sub18;sub20;sub22;sub24;sub27;sub28;sub29,sub16,74,0.000566390051972121,1.8838158436602567e-14,0.002,1e-05,1.0,1.0,True,False,multimodal,psd-fc-wpli,gated,cnn,True,finetune,segssl_barlow_all-patient_psd-fc-wpli_finetune_seed13_pre20_proj32_mask0_03_noise0_02_mlp1_0_sup100,True,barlow,psd,all-patient,True,13,1.0,0.1,32,0.03,0.02
multimodal_psd-fc-wpli_gated_cnn,9,sub15,sub01;sub05;sub07;sub08;sub09;sub10;sub11;sub13;sub14;sub17;sub18;sub20;sub22;sub24;sub27;sub28;sub29,sub16,75,0.0005454947822727263,1.6862276210212988e-14,0.002,1e-05,1.0,1.0,True,False,multimodal,psd-fc-wpli,gated,cnn,True,finetune,segssl_barlow_all-patient_psd-fc-wpli_finetune_seed13_pre20_proj32_mask0_03_noise0_02_mlp1_0_sup100,True,barlow,psd,all-patient,True,13,1.0,0.1,32,0.03,0.02
multimodal_psd-fc-wpli_gated_cnn,9,sub15,sub01;sub05;sub07;sub08;sub09;sub10;sub11;sub13;sub14;sub17;sub18;sub20;sub22;sub24;sub27;sub28;sub29,sub16,76,0.0005262215272523463,1.514569279183458e-14,0.002,1e-05,1.0,1.0,True,False,multimodal,psd-fc-wpli,gated,cnn,True,finetune,segssl_barlow_all-patient_psd-fc-wpli_finetune_seed13_pre20_proj32_mask0_03_noise0_02_mlp1_0_sup100,True,barlow,psd,all-patient,True,13,1.0,0.1,32,0.03,0.02
multimodal_psd-fc-wpli_gated_cnn,9,sub15,sub01;sub05;sub07;sub08;sub09;sub10;sub11;sub13;sub14;sub17;sub18;sub20;sub22;sub24;sub27;sub28;sub29,sub16,77,0.0005083631840534508,1.3651893438144155e-14,0.002,1e-05,1.0,1.0,True,False,multimodal,psd-fc-wpli,gated,cnn,True,finetune,segssl_barlow_all-patient_psd-fc-wpli_finetune_seed13_pre20_proj32_mask0_03_noise0_02_mlp1_0_sup100,True,barlow,psd,all-patient,True,13,1.0,0.1,32,0.03,0.02
multimodal_psd-fc-wpli_gated_cnn,9,sub15,sub01;sub05;sub07;sub08;sub09;sub10;sub11;sub13;sub14;sub17;sub18;sub20;sub22;sub24;sub27;sub28;sub29,sub16,78,0.0004916836624033749,1.234746354640548e-14,0.002,1e-05,1.0,1.0,True,False,multimodal,psd-fc-wpli,gated,cnn,True,finetune,segssl_barlow_all-patient_psd-fc-wpli_finetune_seed13_pre20_proj32_mask0_03_noise0_02_mlp1_0_sup100,True,barlow,psd,all-patient,True,13,1.0,0.1,32,0.03,0.02
multimodal_psd-fc-wpli_gated_cnn,9,sub15,sub01;sub05;sub07;sub08;sub09;sub10;sub11;sub13;sub14;sub17;sub18;sub20;sub22;sub24;sub27;sub28;sub29,sub16,79,0.00047605118015781045,1.120575630713088e-14,0.002,1e-05,1.0,1.0,True,False,multimodal,psd-fc-wpli,gated,cnn,True,finetune,segssl_barlow_all-patient_psd-fc-wpli_finetune_seed13_pre20_proj32_mask0_03_noise0_02_mlp1_0_sup100,True,barlow,psd,all-patient,True,13,1.0,0.1,32,0.03,0.02
multimodal_psd-fc-wpli_gated_cnn,9,sub15,sub01;sub05;sub07;sub08;sub09;sub10;sub11;sub13;sub14;sub17;sub18;sub20;sub22;sub24;sub27;sub28;sub29,sub16,80,0.0004613858473021537,1.020260671736814e-14,0.002,1e-05,1.0,1.0,True,False,multimodal,psd-fc-wpli,gated,cnn,True,finetune,segssl_barlow_all-patient_psd-fc-wpli_finetune_seed13_pre20_proj32_mask0_03_noise0_02_mlp1_0_sup100,True,barlow,psd,all-patient,True,13,1.0,0.1,32,0.03,0.02
multimodal_psd-fc-wpli_gated_cnn,9,sub15,sub01;sub05;sub07;sub08;sub09;sub10;sub11;sub13;sub14;sub17;sub18;sub20;sub22;sub24;sub27;sub28;sub29,sub16,81,0.0004475934838410467,9.318469491859365e-15,0.002,1e-05,1.0,1.0,True,False,multimodal,psd-fc-wpli,gated,cnn,True,finetune,segssl_barlow_all-patient_psd-fc-wpli_finetune_seed13_pre20_proj32_mask0_03_noise0_02_mlp1_0_sup100,True,barlow,psd,all-patient,True,13,1.0,0.1,32,0.03,0.02
multimodal_psd-fc-wpli_gated_cnn,9,sub15,sub01;sub05;sub07;sub08;sub09;sub10;sub11;sub13;sub14;sub17;sub18;sub20;sub22;sub24;sub27;sub28;sub29,sub16,82,0.0004345510096754879,8.5364099008901e-15,0.002,1e-05,1.0,1.0,True,False,multimodal,psd-fc-wpli,gated,cnn,True,finetune,segssl_barlow_all-patient_psd-fc-wpli_finetune_seed13_pre20_proj32_mask0_03_noise0_02_mlp1_0_sup100,True,barlow,psd,all-patient,True,13,1.0,0.1,32,0.03,0.02
multimodal_psd-fc-wpli_gated_cnn,9,sub15,sub01;sub05;sub07;sub08;sub09;sub10;sub11;sub13;sub14;sub17;sub18;sub20;sub22;sub24;sub27;sub28;sub29,sub16,83,0.000422160403104499,7.842240142593836e-15,0.002,1e-05,1.0,1.0,True,False,multimodal,psd-fc-wpli,gated,cnn,True,finetune,segssl_barlow_all-patient_psd-fc-wpli_finetune_seed13_pre20_proj32_mask0_03_noise0_02_mlp1_0_sup100,True,barlow,psd,all-patient,True,13,1.0,0.1,32,0.03,0.02
multimodal_psd-fc-wpli_gated_cnn,9,sub15,sub01;sub05;sub07;sub08;sub09;sub10;sub11;sub13;sub14;sub17;sub18;sub20;sub22;sub24;sub27;sub28;sub29,sub16,84,0.0004103649698663503,7.223507985612988e-15,0.002,1e-05,1.0,1.0,True,False,multimodal,psd-fc-wpli,gated,cnn,True,finetune,segssl_barlow_all-patient_psd-fc-wpli_finetune_seed13_pre20_proj32_mask0_03_noise0_02_mlp1_0_sup100,True,barlow,psd,all-patient,True,13,1.0,0.1,32,0.03,0.02
multimodal_psd-fc-wpli_gated_cnn,9,sub15,sub01;sub05;sub07;sub08;sub09;sub10;sub11;sub13;sub14;sub17;sub18;sub20;sub22;sub24;sub27;sub28;sub29,sub16,85,0.00039909090264700353,6.670084609964287e-15,0.002,1e-05,1.0,1.0,True,False,multimodal,psd-fc-wpli,gated,cnn,True,finetune,segssl_barlow_all-patient_psd-fc-wpli_finetune_seed13_pre20_proj32_mask0_03_noise0_02_mlp1_0_sup100,True,barlow,psd,all-patient,True,13,1.0,0.1,32,0.03,0.02
multimodal_psd-fc-wpli_gated_cnn,9,sub15,sub01;sub05;sub07;sub08;sub09;sub10;sub11;sub13;sub14;sub17;sub18;sub20;sub22;sub24;sub27;sub28;sub29,sub16,86,0.0003883049648720771,6.174328931430554e-15,0.002,1e-05,1.0,1.0,True,False,multimodal,psd-fc-wpli,gated,cnn,True,finetune,segssl_barlow_all-patient_psd-fc-wpli_finetune_seed13_pre20_proj32_mask0_03_noise0_02_mlp1_0_sup100,True,barlow,psd,all-patient,True,13,1.0,0.1,32,0.03,0.02
multimodal_psd-fc-wpli_gated_cnn,9,sub15,sub01;sub05;sub07;sub08;sub09;sub10;sub11;sub13;sub14;sub17;sub18;sub20;sub22;sub24;sub27;sub28;sub29,sub16,87,0.00037794356467202306,5.728822211943261e-15,0.002,1e-05,1.0,1.0,True,False,multimodal,psd-fc-wpli,gated,cnn,True,finetune,segssl_barlow_all-patient_psd-fc-wpli_finetune_seed13_pre20_proj32_mask0_03_noise0_02_mlp1_0_sup100,True,barlow,psd,all-patient,True,13,1.0,0.1,32,0.03,0.02
multimodal_psd-fc-wpli_gated_cnn,9,sub15,sub01;sub05;sub07;sub08;sub09;sub10;sub11;sub13;sub14;sub17;sub18;sub20;sub22;sub24;sub27;sub28;sub29,sub16,88,0.0003679129295051098,5.32743913274434e-15,0.002,1e-05,1.0,1.0,True,False,multimodal,psd-fc-wpli,gated,cnn,True,finetune,segssl_barlow_all-patient_psd-fc-wpli_finetune_seed13_pre20_proj32_mask0_03_noise0_02_mlp1_0_sup100,True,barlow,psd,all-patient,True,13,1.0,0.1,32,0.03,0.02
multimodal_psd-fc-wpli_gated_cnn,9,sub15,sub01;sub05;sub07;sub08;sub09;sub10;sub11;sub13;sub14;sub17;sub18;sub20;sub22;sub24;sub27;sub28;sub29,sub16,89,0.0003581990022212267,4.964999240328382e-15,0.002,1e-05,1.0,1.0,True,False,multimodal,psd-fc-wpli,gated,cnn,True,finetune,segssl_barlow_all-patient_psd-fc-wpli_finetune_seed13_pre20_proj32_mask0_03_noise0_02_mlp1_0_sup100,True,barlow,psd,all-patient,True,13,1.0,0.1,32,0.03,0.02
multimodal_psd-fc-wpli_gated_cnn,9,sub15,sub01;sub05;sub07;sub08;sub09;sub10;sub11;sub13;sub14;sub17;sub18;sub20;sub22;sub24;sub27;sub28;sub29,sub16,90,0.00034875728306360543,4.636563909096421e-15,0.002,1e-05,1.0,1.0,True,False,multimodal,psd-fc-wpli,gated,cnn,True,finetune,segssl_barlow_all-patient_psd-fc-wpli_finetune_seed13_pre20_proj32_mask0_03_noise0_02_mlp1_0_sup100,True,barlow,psd,all-patient,True,13,1.0,0.1,32,0.03,0.02
multimodal_psd-fc-wpli_gated_cnn,9,sub15,sub01;sub05;sub07;sub08;sub09;sub10;sub11;sub13;sub14;sub17;sub18;sub20;sub22;sub24;sub27;sub28;sub29,sub16,91,0.000339584075845778,4.338833522202429e-15,0.002,1e-05,1.0,1.0,True,False,multimodal,psd-fc-wpli,gated,cnn,True,finetune,segssl_barlow_all-patient_psd-fc-wpli_finetune_seed13_pre20_proj32_mask0_03_noise0_02_mlp1_0_sup100,True,barlow,psd,all-patient,True,13,1.0,0.1,32,0.03,0.02
multimodal_psd-fc-wpli_gated_cnn,9,sub15,sub01;sub05;sub07;sub08;sub09;sub10;sub11;sub13;sub14;sub17;sub18;sub20;sub22;sub24;sub27;sub28;sub29,sub16,92,0.0003306514990981668,4.0686092597210996e-15,0.002,1e-05,1.0,1.0,True,False,multimodal,psd-fc-wpli,gated,cnn,True,finetune,segssl_barlow_all-patient_psd-fc-wpli_finetune_seed13_pre20_proj32_mask0_03_noise0_02_mlp1_0_sup100,True,barlow,psd,all-patient,True,13,1.0,0.1,32,0.03,0.02
multimodal_psd-fc-wpli_gated_cnn,9,sub15,sub01;sub05;sub07;sub08;sub09;sub10;sub11;sub13;sub14;sub17;sub18;sub20;sub22;sub24;sub27;sub28;sub29,sub16,93,0.00032187390024773777,3.8233296940199356e-15,0.002,1e-05,1.0,1.0,True,False,multimodal,psd-fc-wpli,gated,cnn,True,finetune,segssl_barlow_all-patient_psd-fc-wpli_finetune_seed13_pre20_proj32_mask0_03_noise0_02_mlp1_0_sup100,True,barlow,psd,all-patient,True,13,1.0,0.1,32,0.03,0.02
multimodal_psd-fc-wpli_gated_cnn,9,sub15,sub01;sub05;sub07;sub08;sub09;sub10;sub11;sub13;sub14;sub17;sub18;sub20;sub22;sub24;sub27;sub28;sub29,sub16,94,0.0003132662386633456,3.600959828443159e-15,0.002,1e-05,1.0,1.0,True,False,multimodal,psd-fc-wpli,gated,cnn,True,finetune,segssl_barlow_all-patient_psd-fc-wpli_finetune_seed13_pre20_proj32_mask0_03_noise0_02_mlp1_0_sup100,True,barlow,psd,all-patient,True,13,1.0,0.1,32,0.03,0.02
multimodal_psd-fc-wpli_gated_cnn,9,sub15,sub01;sub05;sub07;sub08;sub09;sub10;sub11;sub13;sub14;sub17;sub18;sub20;sub22;sub24;sub27;sub28;sub29,sub16,95,0.00030480112764053047,3.3988410383275743e-15,0.002,1e-05,1.0,1.0,True,False,multimodal,psd-fc-wpli,gated,cnn,True,finetune,segssl_barlow_all-patient_psd-fc-wpli_finetune_seed13_pre20_proj32_mask0_03_noise0_02_mlp1_0_sup100,True,barlow,psd,all-patient,True,13,1.0,0.1,32,0.03,0.02
multimodal_psd-fc-wpli_gated_cnn,9,sub15,sub01;sub05;sub07;sub08;sub09;sub10;sub11;sub13;sub14;sub17;sub18;sub20;sub22;sub24;sub27;sub28;sub29,sub16,96,0.0002964370360132307,3.214400037579424e-15,0.002,1e-05,1.0,1.0,True,False,multimodal,psd-fc-wpli,gated,cnn,True,finetune,segssl_barlow_all-patient_psd-fc-wpli_finetune_seed13_pre20_proj32_mask0_03_noise0_02_mlp1_0_sup100,True,barlow,psd,all-patient,True,13,1.0,0.1,32,0.03,0.02
multimodal_psd-fc-wpli_gated_cnn,9,sub15,sub01;sub05;sub07;sub08;sub09;sub10;sub11;sub13;sub14;sub17;sub18;sub20;sub22;sub24;sub27;sub28;sub29,sub16,97,0.00028820018633268774,3.0458762682178397e-15,0.002,1e-05,1.0,1.0,True,False,multimodal,psd-fc-wpli,gated,cnn,True,finetune,segssl_barlow_all-patient_psd-fc-wpli_finetune_seed13_pre20_proj32_mask0_03_noise0_02_mlp1_0_sup100,True,barlow,psd,all-patient,True,13,1.0,0.1,32,0.03,0.02
multimodal_psd-fc-wpli_gated_cnn,9,sub15,sub01;sub05;sub07;sub08;sub09;sub10;sub11;sub13;sub14;sub17;sub18;sub20;sub22;sub24;sub27;sub28;sub29,sub16,98,0.000280125648714602,2.8914443742414885e-15,0.002,1e-05,1.0,1.0,True,False,multimodal,psd-fc-wpli,gated,cnn,True,finetune,segssl_barlow_all-patient_psd-fc-wpli_finetune_seed13_pre20_proj32_mask0_03_noise0_02_mlp1_0_sup100,True,barlow,psd,all-patient,True,13,1.0,0.1,32,0.03,0.02
multimodal_psd-fc-wpli_gated_cnn,9,sub15,sub01;sub05;sub07;sub08;sub09;sub10;sub11;sub13;sub14;sub17;sub18;sub20;sub22;sub24;sub27;sub28;sub29,sub16,99,0.00027212200802750885,2.7497679494178397e-15,0.002,1e-05,1.0,1.0,True,False,multimodal,psd-fc-wpli,gated,cnn,True,finetune,segssl_barlow_all-patient_psd-fc-wpli_finetune_seed13_pre20_proj32_mask0_03_noise0_02_mlp1_0_sup100,True,barlow,psd,all-patient,True,13,1.0,0.1,32,0.03,0.02
multimodal_psd-fc-wpli_gated_cnn,9,sub15,sub01;sub05;sub07;sub08;sub09;sub10;sub11;sub13;sub14;sub17;sub18;sub20;sub22;sub24;sub27;sub28;sub29,sub16,100,0.0002642060862854123,2.6194966114707332e-15,0.002,1e-05,1.0,1.0,True,False,multimodal,psd-fc-wpli,gated,cnn,True,finetune,segssl_barlow_all-patient_psd-fc-wpli_finetune_seed13_pre20_proj32_mask0_03_noise0_02_mlp1_0_sup100,True,barlow,psd,all-patient,True,13,1.0,0.1,32,0.03,0.02
multimodal_psd-fc-wpli_gated_cnn,10,sub16,sub01;sub05;sub07;sub08;sub09;sub10;sub11;sub13;sub14;sub15;sub18;sub20;sub22;sub24;sub27;sub28;sub29,sub17,1,0.6948606371879578,0.726647138595581,0.002,1e-05,1.0,1.0,True,False,multimodal,psd-fc-wpli,gated,cnn,True,finetune,segssl_barlow_all-patient_psd-fc-wpli_finetune_seed13_pre20_proj32_mask0_03_noise0_02_mlp1_0_sup100,True,barlow,psd,all-patient,True,13,1.0,0.1,32,0.03,0.02
multimodal_psd-fc-wpli_gated_cnn,10,sub16,sub01;sub05;sub07;sub08;sub09;sub10;sub11;sub13;sub14;sub15;sub18;sub20;sub22;sub24;sub27;sub28;sub29,sub17,2,0.6873109340667725,0.7230268120765686,0.002,1e-05,1.0,1.0,True,False,multimodal,psd-fc-wpli,gated,cnn,True,finetune,segssl_barlow_all-patient_psd-fc-wpli_finetune_seed13_pre20_proj32_mask0_03_noise0_02_mlp1_0_sup100,True,barlow,psd,all-patient,True,13,1.0,0.1,32,0.03,0.02
multimodal_psd-fc-wpli_gated_cnn,10,sub16,sub01;sub05;sub07;sub08;sub09;sub10;sub11;sub13;sub14;sub15;sub18;sub20;sub22;sub24;sub27;sub28;sub29,sub17,3,0.6803612112998962,0.7178847789764404,0.002,1e-05,1.0,1.0,True,False,multimodal,psd-fc-wpli,gated,cnn,True,finetune,segssl_barlow_all-patient_psd-fc-wpli_finetune_seed13_pre20_proj32_mask0_03_noise0_02_mlp1_0_sup100,True,barlow,psd,all-patient,True,13,1.0,0.1,32,0.03,0.02
multimodal_psd-fc-wpli_gated_cnn,10,sub16,sub01;sub05;sub07;sub08;sub09;sub10;sub11;sub13;sub14;sub15;sub18;sub20;sub22;sub24;sub27;sub28;sub29,sub17,4,0.6737629771232605,0.7124992609024048,0.002,1e-05,1.0,1.0,True,False,multimodal,psd-fc-wpli,gated,cnn,True,finetune,segssl_barlow_all-patient_psd-fc-wpli_finetune_seed13_pre20_proj32_mask0_03_noise0_02_mlp1_0_sup100,True,barlow,psd,all-patient,True,13,1.0,0.1,32,0.03,0.02
multimodal_psd-fc-wpli_gated_cnn,10,sub16,sub01;sub05;sub07;sub08;sub09;sub10;sub11;sub13;sub14;sub15;sub18;sub20;sub22;sub24;sub27;sub28;sub29,sub17,5,0.6668895483016968,0.7056975960731506,0.002,1e-05,1.0,1.0,True,False,multimodal,psd-fc-wpli,gated,cnn,True,finetune,segssl_barlow_all-patient_psd-fc-wpli_finetune_seed13_pre20_proj32_mask0_03_noise0_02_mlp1_0_sup100,True,barlow,psd,all-patient,True,13,1.0,0.1,32,0.03,0.02
multimodal_psd-fc-wpli_gated_cnn,10,sub16,sub01;sub05;sub07;sub08;sub09;sub10;sub11;sub13;sub14;sub15;sub18;sub20;sub22;sub24;sub27;sub28;sub29,sub17,6,0.6594278812408447,0.696403443813324,0.002,1e-05,1.0,1.0,True,False,multimodal,psd-fc-wpli,gated,cnn,True,finetune,segssl_barlow_all-patient_psd-fc-wpli_finetune_seed13_pre20_proj32_mask0_03_noise0_02_mlp1_0_sup100,True,barlow,psd,all-patient,True,13,1.0,0.1,32,0.03,0.02
multimodal_psd-fc-wpli_gated_cnn,10,sub16,sub01;sub05;sub07;sub08;sub09;sub10;sub11;sub13;sub14;sub15;sub18;sub20;sub22;sub24;sub27;sub28;sub29,sub17,7,0.6514859199523926,0.6828927397727966,0.002,1e-05,1.0,1.0,True,False,multimodal,psd-fc-wpli,gated,cnn,True,finetune,segssl_barlow_all-patient_psd-fc-wpli_finetune_seed13_pre20_proj32_mask0_03_noise0_02_mlp1_0_sup100,True,barlow,psd,all-patient,True,13,1.0,0.1,32,0.03,0.02
multimodal_psd-fc-wpli_gated_cnn,10,sub16,sub01;sub05;sub07;sub08;sub09;sub10;sub11;sub13;sub14;sub15;sub18;sub20;sub22;sub24;sub27;sub28;sub29,sub17,8,0.6429189443588257,0.6654388904571533,0.002,1e-05,1.0,1.0,True,False,multimodal,psd-fc-wpli,gated,cnn,True,finetune,segssl_barlow_all-patient_psd-fc-wpli_finetune_seed13_pre20_proj32_mask0_03_noise0_02_mlp1_0_sup100,True,barlow,psd,all-patient,True,13,1.0,0.1,32,0.03,0.02
multimodal_psd-fc-wpli_gated_cnn,10,sub16,sub01;sub05;sub07;sub08;sub09;sub10;sub11;sub13;sub14;sub15;sub18;sub20;sub22;sub24;sub27;sub28;sub29,sub17,9,0.6337156891822815,0.6461429595947266,0.002,1e-05,1.0,1.0,True,False,multimodal,psd-fc-wpli,gated,cnn,True,finetune,segssl_barlow_all-patient_psd-fc-wpli_finetune_seed13_pre20_proj32_mask0_03_noise0_02_mlp1_0_sup100,True,barlow,psd,all-patient,True,13,1.0,0.1,32,0.03,0.02
multimodal_psd-fc-wpli_gated_cnn,10,sub16,sub01;sub05;sub07;sub08;sub09;sub10;sub11;sub13;sub14;sub15;sub18;sub20;sub22;sub24;sub27;sub28;sub29,sub17,10,0.6237426996231079,0.624384880065918,0.002,1e-05,1.0,1.0,True,False,multimodal,psd-fc-wpli,gated,cnn,True,finetune,segssl_barlow_all-patient_psd-fc-wpli_finetune_seed13_pre20_proj32_mask0_03_noise0_02_mlp1_0_sup100,True,barlow,psd,all-patient,True,13,1.0,0.1,32,0.03,0.02
multimodal_psd-fc-wpli_gated_cnn,10,sub16,sub01;sub05;sub07;sub08;sub09;sub10;sub11;sub13;sub14;sub15;sub18;sub20;sub22;sub24;sub27;sub28;sub29,sub17,11,0.6127410531044006,0.5992628931999207,0.002,1e-05,1.0,1.0,True,False,multimodal,psd-fc-wpli,gated,cnn,True,finetune,segssl_barlow_all-patient_psd-fc-wpli_finetune_seed13_pre20_proj32_mask0_03_noise0_02_mlp1_0_sup100,True,barlow,psd,all-patient,True,13,1.0,0.1,32,0.03,0.02
multimodal_psd-fc-wpli_gated_cnn,10,sub16,sub01;sub05;sub07;sub08;sub09;sub10;sub11;sub13;sub14;sub15;sub18;sub20;sub22;sub24;sub27;sub28;sub29,sub17,12,0.6006134748458862,0.5725098252296448,0.002,1e-05,1.0,1.0,True,False,multimodal,psd-fc-wpli,gated,cnn,True,finetune,segssl_barlow_all-patient_psd-fc-wpli_finetune_seed13_pre20_proj32_mask0_03_noise0_02_mlp1_0_sup100,True,barlow,psd,all-patient,True,13,1.0,0.1,32,0.03,0.02
multimodal_psd-fc-wpli_gated_cnn,10,sub16,sub01;sub05;sub07;sub08;sub09;sub10;sub11;sub13;sub14;sub15;sub18;sub20;sub22;sub24;sub27;sub28;sub29,sub17,13,0.587687075138092,0.5435665249824524,0.002,1e-05,1.0,1.0,True,False,multimodal,psd-fc-wpli,gated,cnn,True,finetune,segssl_barlow_all-patient_psd-fc-wpli_finetune_seed13_pre20_proj32_mask0_03_noise0_02_mlp1_0_sup100,True,barlow,psd,all-patient,True,13,1.0,0.1,32,0.03,0.02
multimodal_psd-fc-wpli_gated_cnn,10,sub16,sub01;sub05;sub07;sub08;sub09;sub10;sub11;sub13;sub14;sub15;sub18;sub20;sub22;sub24;sub27;sub28;sub29,sub17,14,0.5736404061317444,0.5124014019966125,0.002,1e-05,1.0,1.0,True,False,multimodal,psd-fc-wpli,gated,cnn,True,finetune,segssl_barlow_all-patient_psd-fc-wpli_finetune_seed13_pre20_proj32_mask0_03_noise0_02_mlp1_0_sup100,True,barlow,psd,all-patient,True,13,1.0,0.1,32,0.03,0.02
multimodal_psd-fc-wpli_gated_cnn,10,sub16,sub01;sub05;sub07;sub08;sub09;sub10;sub11;sub13;sub14;sub15;sub18;sub20;sub22;sub24;sub27;sub28;sub29,sub17,15,0.5584725737571716,0.47989892959594727,0.002,1e-05,1.0,1.0,True,False,multimodal,psd-fc-wpli,gated,cnn,True,finetune,segssl_barlow_all-patient_psd-fc-wpli_finetune_seed13_pre20_proj32_mask0_03_noise0_02_mlp1_0_sup100,True,barlow,psd,all-patient,True,13,1.0,0.1,32,0.03,0.02
multimodal_psd-fc-wpli_gated_cnn,10,sub16,sub01;sub05;sub07;sub08;sub09;sub10;sub11;sub13;sub14;sub15;sub18;sub20;sub22;sub24;sub27;sub28;sub29,sub17,16,0.5422849059104919,0.4461003243923187,0.002,1e-05,1.0,1.0,True,False,multimodal,psd-fc-wpli,gated,cnn,True,finetune,segssl_barlow_all-patient_psd-fc-wpli_finetune_seed13_pre20_proj32_mask0_03_noise0_02_mlp1_0_sup100,True,barlow,psd,all-patient,True,13,1.0,0.1,32,0.03,0.02
multimodal_psd-fc-wpli_gated_cnn,10,sub16,sub01;sub05;sub07;sub08;sub09;sub10;sub11;sub13;sub14;sub15;sub18;sub20;sub22;sub24;sub27;sub28;sub29,sub17,17,0.524980366230011,0.4124611020088196,0.002,1e-05,1.0,1.0,True,False,multimodal,psd-fc-wpli,gated,cnn,True,finetune,segssl_barlow_all-patient_psd-fc-wpli_finetune_seed13_pre20_proj32_mask0_03_noise0_02_mlp1_0_sup100,True,barlow,psd,all-patient,True,13,1.0,0.1,32,0.03,0.02
multimodal_psd-fc-wpli_gated_cnn,10,sub16,sub01;sub05;sub07;sub08;sub09;sub10;sub11;sub13;sub14;sub15;sub18;sub20;sub22;sub24;sub27;sub28;sub29,sub17,18,0.5063059329986572,0.3805084228515625,0.002,1e-05,1.0,1.0,True,False,multimodal,psd-fc-wpli,gated,cnn,True,finetune,segssl_barlow_all-patient_psd-fc-wpli_finetune_seed13_pre20_proj32_mask0_03_noise0_02_mlp1_0_sup100,True,barlow,psd,all-patient,True,13,1.0,0.1,32,0.03,0.02
multimodal_psd-fc-wpli_gated_cnn,10,sub16,sub01;sub05;sub07;sub08;sub09;sub10;sub11;sub13;sub14;sub15;sub18;sub20;sub22;sub24;sub27;sub28;sub29,sub17,19,0.48625442385673523,0.3493194580078125,0.002,1e-05,1.0,1.0,True,False,multimodal,psd-fc-wpli,gated,cnn,True,finetune,segssl_barlow_all-patient_psd-fc-wpli_finetune_seed13_pre20_proj32_mask0_03_noise0_02_mlp1_0_sup100,True,barlow,psd,all-patient,True,13,1.0,0.1,32,0.03,0.02
multimodal_psd-fc-wpli_gated_cnn,10,sub16,sub01;sub05;sub07;sub08;sub09;sub10;sub11;sub13;sub14;sub15;sub18;sub20;sub22;sub24;sub27;sub28;sub29,sub17,20,0.4647282660007477,0.3208225965499878,0.002,1e-05,1.0,1.0,True,False,multimodal,psd-fc-wpli,gated,cnn,True,finetune,segssl_barlow_all-patient_psd-fc-wpli_finetune_seed13_pre20_proj32_mask0_03_noise0_02_mlp1_0_sup100,True,barlow,psd,all-patient,True,13,1.0,0.1,32,0.03,0.02
multimodal_psd-fc-wpli_gated_cnn,10,sub16,sub01;sub05;sub07;sub08;sub09;sub10;sub11;sub13;sub14;sub15;sub18;sub20;sub22;sub24;sub27;sub28;sub29,sub17,21,0.44199517369270325,0.2951265871524811,0.002,1e-05,1.0,1.0,True,False,multimodal,psd-fc-wpli,gated,cnn,True,finetune,segssl_barlow_all-patient_psd-fc-wpli_finetune_seed13_pre20_proj32_mask0_03_noise0_02_mlp1_0_sup100,True,barlow,psd,all-patient,True,13,1.0,0.1,32,0.03,0.02
multimodal_psd-fc-wpli_gated_cnn,10,sub16,sub01;sub05;sub07;sub08;sub09;sub10;sub11;sub13;sub14;sub15;sub18;sub20;sub22;sub24;sub27;sub28;sub29,sub17,22,0.4180217385292053,0.2712569236755371,0.002,1e-05,1.0,1.0,True,False,multimodal,psd-fc-wpli,gated,cnn,True,finetune,segssl_barlow_all-patient_psd-fc-wpli_finetune_seed13_pre20_proj32_mask0_03_noise0_02_mlp1_0_sup100,True,barlow,psd,all-patient,True,13,1.0,0.1,32,0.03,0.02
multimodal_psd-fc-wpli_gated_cnn,10,sub16,sub01;sub05;sub07;sub08;sub09;sub10;sub11;sub13;sub14;sub15;sub18;sub20;sub22;sub24;sub27;sub28;sub29,sub17,23,0.3927469849586487,0.2481980174779892,0.002,1e-05,1.0,1.0,True,False,multimodal,psd-fc-wpli,gated,cnn,True,finetune,segssl_barlow_all-patient_psd-fc-wpli_finetune_seed13_pre20_proj32_mask0_03_noise0_02_mlp1_0_sup100,True,barlow,psd,all-patient,True,13,1.0,0.1,32,0.03,0.02
multimodal_psd-fc-wpli_gated_cnn,10,sub16,sub01;sub05;sub07;sub08;sub09;sub10;sub11;sub13;sub14;sub15;sub18;sub20;sub22;sub24;sub27;sub28;sub29,sub17,24,0.3663816452026367,0.2271864116191864,0.002,1e-05,1.0,1.0,True,False,multimodal,psd-fc-wpli,gated,cnn,True,finetune,segssl_barlow_all-patient_psd-fc-wpli_finetune_seed13_pre20_proj32_mask0_03_noise0_02_mlp1_0_sup100,True,barlow,psd,all-patient,True,13,1.0,0.1,32,0.03,0.02
multimodal_psd-fc-wpli_gated_cnn,10,sub16,sub01;sub05;sub07;sub08;sub09;sub10;sub11;sub13;sub14;sub15;sub18;sub20;sub22;sub24;sub27;sub28;sub29,sub17,25,0.3393593430519104,0.20892038941383362,0.002,1e-05,1.0,1.0,True,False,multimodal,psd-fc-wpli,gated,cnn,True,finetune,segssl_barlow_all-patient_psd-fc-wpli_finetune_seed13_pre20_proj32_mask0_03_noise0_02_mlp1_0_sup100,True,barlow,psd,all-patient,True,13,1.0,0.1,32,0.03,0.02
multimodal_psd-fc-wpli_gated_cnn,10,sub16,sub01;sub05;sub07;sub08;sub09;sub10;sub11;sub13;sub14;sub15;sub18;sub20;sub22;sub24;sub27;sub28;sub29,sub17,26,0.31192848086357117,0.19283656775951385,0.002,1e-05,1.0,1.0,True,False,multimodal,psd-fc-wpli,gated,cnn,True,finetune,segssl_barlow_all-patient_psd-fc-wpli_finetune_seed13_pre20_proj32_mask0_03_noise0_02_mlp1_0_sup100,True,barlow,psd,all-patient,True,13,1.0,0.1,32,0.03,0.02
multimodal_psd-fc-wpli_gated_cnn,10,sub16,sub01;sub05;sub07;sub08;sub09;sub10;sub11;sub13;sub14;sub15;sub18;sub20;sub22;sub24;sub27;sub28;sub29,sub17,27,0.2844140827655792,0.17868070304393768,0.002,1e-05,1.0,1.0,True,False,multimodal,psd-fc-wpli,gated,cnn,True,finetune,segssl_barlow_all-patient_psd-fc-wpli_finetune_seed13_pre20_proj32_mask0_03_noise0_02_mlp1_0_sup100,True,barlow,psd,all-patient,True,13,1.0,0.1,32,0.03,0.02
multimodal_psd-fc-wpli_gated_cnn,10,sub16,sub01;sub05;sub07;sub08;sub09;sub10;sub11;sub13;sub14;sub15;sub18;sub20;sub22;sub24;sub27;sub28;sub29,sub17,28,0.2570737302303314,0.1650303602218628,0.002,1e-05,1.0,1.0,True,False,multimodal,psd-fc-wpli,gated,cnn,True,finetune,segssl_barlow_all-patient_psd-fc-wpli_finetune_seed13_pre20_proj32_mask0_03_noise0_02_mlp1_0_sup100,True,barlow,psd,all-patient,True,13,1.0,0.1,32,0.03,0.02
multimodal_psd-fc-wpli_gated_cnn,10,sub16,sub01;sub05;sub07;sub08;sub09;sub10;sub11;sub13;sub14;sub15;sub18;sub20;sub22;sub24;sub27;sub28;sub29,sub17,29,0.230378195643425,0.1521693915128708,0.002,1e-05,1.0,1.0,True,False,multimodal,psd-fc-wpli,gated,cnn,True,finetune,segssl_barlow_all-patient_psd-fc-wpli_finetune_seed13_pre20_proj32_mask0_03_noise0_02_mlp1_0_sup100,True,barlow,psd,all-patient,True,13,1.0,0.1,32,0.03,0.02
multimodal_psd-fc-wpli_gated_cnn,10,sub16,sub01;sub05;sub07;sub08;sub09;sub10;sub11;sub13;sub14;sub15;sub18;sub20;sub22;sub24;sub27;sub28;sub29,sub17,30,0.20450294017791748,0.14092318713665009,0.002,1e-05,1.0,1.0,True,False,multimodal,psd-fc-wpli,gated,cnn,True,finetune,segssl_barlow_all-patient_psd-fc-wpli_finetune_seed13_pre20_proj32_mask0_03_noise0_02_mlp1_0_sup100,True,barlow,psd,all-patient,True,13,1.0,0.1,32,0.03,0.02
multimodal_psd-fc-wpli_gated_cnn,10,sub16,sub01;sub05;sub07;sub08;sub09;sub10;sub11;sub13;sub14;sub15;sub18;sub20;sub22;sub24;sub27;sub28;sub29,sub17,31,0.17982323467731476,0.13069672882556915,0.002,1e-05,1.0,1.0,True,False,multimodal,psd-fc-wpli,gated,cnn,True,finetune,segssl_barlow_all-patient_psd-fc-wpli_finetune_seed13_pre20_proj32_mask0_03_noise0_02_mlp1_0_sup100,True,barlow,psd,all-patient,True,13,1.0,0.1,32,0.03,0.02
multimodal_psd-fc-wpli_gated_cnn,10,sub16,sub01;sub05;sub07;sub08;sub09;sub10;sub11;sub13;sub14;sub15;sub18;sub20;sub22;sub24;sub27;sub28;sub29,sub17,32,0.1565399169921875,0.12039797753095627,0.002,1e-05,1.0,1.0,True,False,multimodal,psd-fc-wpli,gated,cnn,True,finetune,segssl_barlow_all-patient_psd-fc-wpli_finetune_seed13_pre20_proj32_mask0_03_noise0_02_mlp1_0_sup100,True,barlow,psd,all-patient,True,13,1.0,0.1,32,0.03,0.02
multimodal_psd-fc-wpli_gated_cnn,10,sub16,sub01;sub05;sub07;sub08;sub09;sub10;sub11;sub13;sub14;sub15;sub18;sub20;sub22;sub24;sub27;sub28;sub29,sub17,33,0.13490726053714752,0.1097184494137764,0.002,1e-05,1.0,1.0,True,False,multimodal,psd-fc-wpli,gated,cnn,True,finetune,segssl_barlow_all-patient_psd-fc-wpli_finetune_seed13_pre20_proj32_mask0_03_noise0_02_mlp1_0_sup100,True,barlow,psd,all-patient,True,13,1.0,0.1,32,0.03,0.02
multimodal_psd-fc-wpli_gated_cnn,10,sub16,sub01;sub05;sub07;sub08;sub09;sub10;sub11;sub13;sub14;sub15;sub18;sub20;sub22;sub24;sub27;sub28;sub29,sub17,34,0.11504518240690231,0.09943949431180954,0.002,1e-05,1.0,1.0,True,False,multimodal,psd-fc-wpli,gated,cnn,True,finetune,segssl_barlow_all-patient_psd-fc-wpli_finetune_seed13_pre20_proj32_mask0_03_noise0_02_mlp1_0_sup100,True,barlow,psd,all-patient,True,13,1.0,0.1,32,0.03,0.02
multimodal_psd-fc-wpli_gated_cnn,10,sub16,sub01;sub05;sub07;sub08;sub09;sub10;sub11;sub13;sub14;sub15;sub18;sub20;sub22;sub24;sub27;sub28;sub29,sub17,35,0.09721950441598892,0.08899236470460892,0.002,1e-05,1.0,1.0,True,False,multimodal,psd-fc-wpli,gated,cnn,True,finetune,segssl_barlow_all-patient_psd-fc-wpli_finetune_seed13_pre20_proj32_mask0_03_noise0_02_mlp1_0_sup100,True,barlow,psd,all-patient,True,13,1.0,0.1,32,0.03,0.02
multimodal_psd-fc-wpli_gated_cnn,10,sub16,sub01;sub05;sub07;sub08;sub09;sub10;sub11;sub13;sub14;sub15;sub18;sub20;sub22;sub24;sub27;sub28;sub29,sub17,36,0.08147880434989929,0.07855117321014404,0.002,1e-05,1.0,1.0,True,False,multimodal,psd-fc-wpli,gated,cnn,True,finetune,segssl_barlow_all-patient_psd-fc-wpli_finetune_seed13_pre20_proj32_mask0_03_noise0_02_mlp1_0_sup100,True,barlow,psd,all-patient,True,13,1.0,0.1,32,0.03,0.02
multimodal_psd-fc-wpli_gated_cnn,10,sub16,sub01;sub05;sub07;sub08;sub09;sub10;sub11;sub13;sub14;sub15;sub18;sub20;sub22;sub24;sub27;sub28;sub29,sub17,37,0.06783723831176758,0.06833664327859879,0.002,1e-05,1.0,1.0,True,False,multimodal,psd-fc-wpli,gated,cnn,True,finetune,segssl_barlow_all-patient_psd-fc-wpli_finetune_seed13_pre20_proj32_mask0_03_noise0_02_mlp1_0_sup100,True,barlow,psd,all-patient,True,13,1.0,0.1,32,0.03,0.02
multimodal_psd-fc-wpli_gated_cnn,10,sub16,sub01;sub05;sub07;sub08;sub09;sub10;sub11;sub13;sub14;sub15;sub18;sub20;sub22;sub24;sub27;sub28;sub29,sub17,38,0.05612942576408386,0.059183064848184586,0.002,1e-05,1.0,1.0,True,False,multimodal,psd-fc-wpli,gated,cnn,True,finetune,segssl_barlow_all-patient_psd-fc-wpli_finetune_seed13_pre20_proj32_mask0_03_noise0_02_mlp1_0_sup100,True,barlow,psd,all-patient,True,13,1.0,0.1,32,0.03,0.02
multimodal_psd-fc-wpli_gated_cnn,10,sub16,sub01;sub05;sub07;sub08;sub09;sub10;sub11;sub13;sub14;sub15;sub18;sub20;sub22;sub24;sub27;sub28;sub29,sub17,39,0.04618919640779495,0.051281072199344635,0.002,1e-05,1.0,1.0,True,False,multimodal,psd-fc-wpli,gated,cnn,True,finetune,segssl_barlow_all-patient_psd-fc-wpli_finetune_seed13_pre20_proj32_mask0_03_noise0_02_mlp1_0_sup100,True,barlow,psd,all-patient,True,13,1.0,0.1,32,0.03,0.02
multimodal_psd-fc-wpli_gated_cnn,10,sub16,sub01;sub05;sub07;sub08;sub09;sub10;sub11;sub13;sub14;sub15;sub18;sub20;sub22;sub24;sub27;sub28;sub29,sub17,40,0.037913259118795395,0.044330183416604996,0.002,1e-05,1.0,1.0,True,False,multimodal,psd-fc-wpli,gated,cnn,True,finetune,segssl_barlow_all-patient_psd-fc-wpli_finetune_seed13_pre20_proj32_mask0_03_noise0_02_mlp1_0_sup100,True,barlow,psd,all-patient,True,13,1.0,0.1,32,0.03,0.02
multimodal_psd-fc-wpli_gated_cnn,10,sub16,sub01;sub05;sub07;sub08;sub09;sub10;sub11;sub13;sub14;sub15;sub18;sub20;sub22;sub24;sub27;sub28;sub29,sub17,41,0.031103884801268578,0.03797300159931183,0.002,1e-05,1.0,1.0,True,False,multimodal,psd-fc-wpli,gated,cnn,True,finetune,segssl_barlow_all-patient_psd-fc-wpli_finetune_seed13_pre20_proj32_mask0_03_noise0_02_mlp1_0_sup100,True,barlow,psd,all-patient,True,13,1.0,0.1,32,0.03,0.02
multimodal_psd-fc-wpli_gated_cnn,10,sub16,sub01;sub05;sub07;sub08;sub09;sub10;sub11;sub13;sub14;sub15;sub18;sub20;sub22;sub24;sub27;sub28;sub29,sub17,42,0.025521643459796906,0.032140765339136124,0.002,1e-05,1.0,1.0,True,False,multimodal,psd-fc-wpli,gated,cnn,True,finetune,segssl_barlow_all-patient_psd-fc-wpli_finetune_seed13_pre20_proj32_mask0_03_noise0_02_mlp1_0_sup100,True,barlow,psd,all-patient,True,13,1.0,0.1,32,0.03,0.02
multimodal_psd-fc-wpli_gated_cnn,10,sub16,sub01;sub05;sub07;sub08;sub09;sub10;sub11;sub13;sub14;sub15;sub18;sub20;sub22;sub24;sub27;sub28;sub29,sub17,43,0.020957529544830322,0.02686527743935585,0.002,1e-05,1.0,1.0,True,False,multimodal,psd-fc-wpli,gated,cnn,True,finetune,segssl_barlow_all-patient_psd-fc-wpli_finetune_seed13_pre20_proj32_mask0_03_noise0_02_mlp1_0_sup100,True,barlow,psd,all-patient,True,13,1.0,0.1,32,0.03,0.02
multimodal_psd-fc-wpli_gated_cnn,10,sub16,sub01;sub05;sub07;sub08;sub09;sub10;sub11;sub13;sub14;sub15;sub18;sub20;sub22;sub24;sub27;sub28;sub29,sub17,44,0.01724264957010746,0.022224538028240204,0.002,1e-05,1.0,1.0,True,False,multimodal,psd-fc-wpli,gated,cnn,True,finetune,segssl_barlow_all-patient_psd-fc-wpli_finetune_seed13_pre20_proj32_mask0_03_noise0_02_mlp1_0_sup100,True,barlow,psd,all-patient,True,13,1.0,0.1,32,0.03,0.02
multimodal_psd-fc-wpli_gated_cnn,10,sub16,sub01;sub05;sub07;sub08;sub09;sub10;sub11;sub13;sub14;sub15;sub18;sub20;sub22;sub24;sub27;sub28;sub29,sub17,45,0.014238500036299229,0.01823705993592739,0.002,1e-05,1.0,1.0,True,False,multimodal,psd-fc-wpli,gated,cnn,True,finetune,segssl_barlow_all-patient_psd-fc-wpli_finetune_seed13_pre20_proj32_mask0_03_noise0_02_mlp1_0_sup100,True,barlow,psd,all-patient,True,13,1.0,0.1,32,0.03,0.02
multimodal_psd-fc-wpli_gated_cnn,10,sub16,sub01;sub05;sub07;sub08;sub09;sub10;sub11;sub13;sub14;sub15;sub18;sub20;sub22;sub24;sub27;sub28;sub29,sub17,46,0.011815720237791538,0.01495811901986599,0.002,1e-05,1.0,1.0,True,False,multimodal,psd-fc-wpli,gated,cnn,True,finetune,segssl_barlow_all-patient_psd-fc-wpli_finetune_seed13_pre20_proj32_mask0_03_noise0_02_mlp1_0_sup100,True,barlow,psd,all-patient,True,13,1.0,0.1,32,0.03,0.02
multimodal_psd-fc-wpli_gated_cnn,10,sub16,sub01;sub05;sub07;sub08;sub09;sub10;sub11;sub13;sub14;sub15;sub18;sub20;sub22;sub24;sub27;sub28;sub29,sub17,47,0.009866421110928059,0.012338629923760891,0.002,1e-05,1.0,1.0,True,False,multimodal,psd-fc-wpli,gated,cnn,True,finetune,segssl_barlow_all-patient_psd-fc-wpli_finetune_seed13_pre20_proj32_mask0_03_noise0_02_mlp1_0_sup100,True,barlow,psd,all-patient,True,13,1.0,0.1,32,0.03,0.02
multimodal_psd-fc-wpli_gated_cnn,10,sub16,sub01;sub05;sub07;sub08;sub09;sub10;sub11;sub13;sub14;sub15;sub18;sub20;sub22;sub24;sub27;sub28;sub29,sub17,48,0.008292012847959995,0.010262456722557545,0.002,1e-05,1.0,1.0,True,False,multimodal,psd-fc-wpli,gated,cnn,True,finetune,segssl_barlow_all-patient_psd-fc-wpli_finetune_seed13_pre20_proj32_mask0_03_noise0_02_mlp1_0_sup100,True,barlow,psd,all-patient,True,13,1.0,0.1,32,0.03,0.02
multimodal_psd-fc-wpli_gated_cnn,10,sub16,sub01;sub05;sub07;sub08;sub09;sub10;sub11;sub13;sub14;sub15;sub18;sub20;sub22;sub24;sub27;sub28;sub29,sub17,49,0.00701484177261591,0.008601538836956024,0.002,1e-05,1.0,1.0,True,False,multimodal,psd-fc-wpli,gated,cnn,True,finetune,segssl_barlow_all-patient_psd-fc-wpli_finetune_seed13_pre20_proj32_mask0_03_noise0_02_mlp1_0_sup100,True,barlow,psd,all-patient,True,13,1.0,0.1,32,0.03,0.02
multimodal_psd-fc-wpli_gated_cnn,10,sub16,sub01;sub05;sub07;sub08;sub09;sub10;sub11;sub13;sub14;sub15;sub18;sub20;sub22;sub24;sub27;sub28;sub29,sub17,50,0.005975790321826935,0.007279661949723959,0.002,1e-05,1.0,1.0,True,False,multimodal,psd-fc-wpli,gated,cnn,True,finetune,segssl_barlow_all-patient_psd-fc-wpli_finetune_seed13_pre20_proj32_mask0_03_noise0_02_mlp1_0_sup100,True,barlow,psd,all-patient,True,13,1.0,0.1,32,0.03,0.02
multimodal_psd-fc-wpli_gated_cnn,10,sub16,sub01;sub05;sub07;sub08;sub09;sub10;sub11;sub13;sub14;sub15;sub18;sub20;sub22;sub24;sub27;sub28;sub29,sub17,51,0.005127329379320145,0.006227951962500811,0.002,1e-05,1.0,1.0,True,False,multimodal,psd-fc-wpli,gated,cnn,True,finetune,segssl_barlow_all-patient_psd-fc-wpli_finetune_seed13_pre20_proj32_mask0_03_noise0_02_mlp1_0_sup100,True,barlow,psd,all-patient,True,13,1.0,0.1,32,0.03,0.02
multimodal_psd-fc-wpli_gated_cnn,10,sub16,sub01;sub05;sub07;sub08;sub09;sub10;sub11;sub13;sub14;sub15;sub18;sub20;sub22;sub24;sub27;sub28;sub29,sub17,52,0.0044327243231236935,0.005369869526475668,0.002,1e-05,1.0,1.0,True,False,multimodal,psd-fc-wpli,gated,cnn,True,finetune,segssl_barlow_all-patient_psd-fc-wpli_finetune_seed13_pre20_proj32_mask0_03_noise0_02_mlp1_0_sup100,True,barlow,psd,all-patient,True,13,1.0,0.1,32,0.03,0.02
multimodal_psd-fc-wpli_gated_cnn,10,sub16,sub01;sub05;sub07;sub08;sub09;sub10;sub11;sub13;sub14;sub15;sub18;sub20;sub22;sub24;sub27;sub28;sub29,sub17,53,0.0038615702651441097,0.00465664966031909,0.002,1e-05,1.0,1.0,True,False,multimodal,psd-fc-wpli,gated,cnn,True,finetune,segssl_barlow_all-patient_psd-fc-wpli_finetune_seed13_pre20_proj32_mask0_03_noise0_02_mlp1_0_sup100,True,barlow,psd,all-patient,True,13,1.0,0.1,32,0.03,0.02
multimodal_psd-fc-wpli_gated_cnn,10,sub16,sub01;sub05;sub07;sub08;sub09;sub10;sub11;sub13;sub14;sub15;sub18;sub20;sub22;sub24;sub27;sub28;sub29,sub17,54,0.0033885319717228413,0.004057880956679583,0.002,1e-05,1.0,1.0,True,False,multimodal,psd-fc-wpli,gated,cnn,True,finetune,segssl_barlow_all-patient_psd-fc-wpli_finetune_seed13_pre20_proj32_mask0_03_noise0_02_mlp1_0_sup100,True,barlow,psd,all-patient,True,13,1.0,0.1,32,0.03,0.02
multimodal_psd-fc-wpli_gated_cnn,10,sub16,sub01;sub05;sub07;sub08;sub09;sub10;sub11;sub13;sub14;sub15;sub18;sub20;sub22;sub24;sub27;sub28;sub29,sub17,55,0.002994807669892907,0.0035570869222283363,0.002,1e-05,1.0,1.0,True,False,multimodal,psd-fc-wpli,gated,cnn,True,finetune,segssl_barlow_all-patient_psd-fc-wpli_finetune_seed13_pre20_proj32_mask0_03_noise0_02_mlp1_0_sup100,True,barlow,psd,all-patient,True,13,1.0,0.1,32,0.03,0.02
multimodal_psd-fc-wpli_gated_cnn,10,sub16,sub01;sub05;sub07;sub08;sub09;sub10;sub11;sub13;sub14;sub15;sub18;sub20;sub22;sub24;sub27;sub28;sub29,sub17,56,0.0026662535965442657,0.0031375582329928875,0.002,1e-05,1.0,1.0,True,False,multimodal,psd-fc-wpli,gated,cnn,True,finetune,segssl_barlow_all-patient_psd-fc-wpli_finetune_seed13_pre20_proj32_mask0_03_noise0_02_mlp1_0_sup100,True,barlow,psd,all-patient,True,13,1.0,0.1,32,0.03,0.02
multimodal_psd-fc-wpli_gated_cnn,10,sub16,sub01;sub05;sub07;sub08;sub09;sub10;sub11;sub13;sub14;sub15;sub18;sub20;sub22;sub24;sub27;sub28;sub29,sub17,57,0.002389749512076378,0.0027834733482450247,0.002,1e-05,1.0,1.0,True,False,multimodal,psd-fc-wpli,gated,cnn,True,finetune,segssl_barlow_all-patient_psd-fc-wpli_finetune_seed13_pre20_proj32_mask0_03_noise0_02_mlp1_0_sup100,True,barlow,psd,all-patient,True,13,1.0,0.1,32,0.03,0.02
multimodal_psd-fc-wpli_gated_cnn,10,sub16,sub01;sub05;sub07;sub08;sub09;sub10;sub11;sub13;sub14;sub15;sub18;sub20;sub22;sub24;sub27;sub28;sub29,sub17,58,0.002155579160898924,0.002481736009940505,0.002,1e-05,1.0,1.0,True,False,multimodal,psd-fc-wpli,gated,cnn,True,finetune,segssl_barlow_all-patient_psd-fc-wpli_finetune_seed13_pre20_proj32_mask0_03_noise0_02_mlp1_0_sup100,True,barlow,psd,all-patient,True,13,1.0,0.1,32,0.03,0.02
multimodal_psd-fc-wpli_gated_cnn,10,sub16,sub01;sub05;sub07;sub08;sub09;sub10;sub11;sub13;sub14;sub15;sub18;sub20;sub22;sub24;sub27;sub28;sub29,sub17,59,0.0019564172253012657,0.002223637653514743,0.002,1e-05,1.0,1.0,True,False,multimodal,psd-fc-wpli,gated,cnn,True,finetune,segssl_barlow_all-patient_psd-fc-wpli_finetune_seed13_pre20_proj32_mask0_03_noise0_02_mlp1_0_sup100,True,barlow,psd,all-patient,True,13,1.0,0.1,32,0.03,0.02
multimodal_psd-fc-wpli_gated_cnn,10,sub16,sub01;sub05;sub07;sub08;sub09;sub10;sub11;sub13;sub14;sub15;sub18;sub20;sub22;sub24;sub27;sub28;sub29,sub17,60,0.0017860442167147994,0.0020007225684821606,0.002,1e-05,1.0,1.0,True,False,multimodal,psd-fc-wpli,gated,cnn,True,finetune,segssl_barlow_all-patient_psd-fc-wpli_finetune_seed13_pre20_proj32_mask0_03_noise0_02_mlp1_0_sup100,True,barlow,psd,all-patient,True,13,1.0,0.1,32,0.03,0.02
multimodal_psd-fc-wpli_gated_cnn,10,sub16,sub01;sub05;sub07;sub08;sub09;sub10;sub11;sub13;sub14;sub15;sub18;sub20;sub22;sub24;sub27;sub28;sub29,sub17,61,0.0016396172577515244,0.0018065189942717552,0.002,1e-05,1.0,1.0,True,False,multimodal,psd-fc-wpli,gated,cnn,True,finetune,segssl_barlow_all-patient_psd-fc-wpli_finetune_seed13_pre20_proj32_mask0_03_noise0_02_mlp1_0_sup100,True,barlow,psd,all-patient,True,13,1.0,0.1,32,0.03,0.02
multimodal_psd-fc-wpli_gated_cnn,10,sub16,sub01;sub05;sub07;sub08;sub09;sub10;sub11;sub13;sub14;sub15;sub18;sub20;sub22;sub24;sub27;sub28;sub29,sub17,62,0.0015128952218219638,0.0016371889505535364,0.002,1e-05,1.0,1.0,True,False,multimodal,psd-fc-wpli,gated,cnn,True,finetune,segssl_barlow_all-patient_psd-fc-wpli_finetune_seed13_pre20_proj32_mask0_03_noise0_02_mlp1_0_sup100,True,barlow,psd,all-patient,True,13,1.0,0.1,32,0.03,0.02
multimodal_psd-fc-wpli_gated_cnn,10,sub16,sub01;sub05;sub07;sub08;sub09;sub10;sub11;sub13;sub14;sub15;sub18;sub20;sub22;sub24;sub27;sub28;sub29,sub17,63,0.0014028744772076607,0.0014902126276865602,0.002,1e-05,1.0,1.0,True,False,multimodal,psd-fc-wpli,gated,cnn,True,finetune,segssl_barlow_all-patient_psd-fc-wpli_finetune_seed13_pre20_proj32_mask0_03_noise0_02_mlp1_0_sup100,True,barlow,psd,all-patient,True,13,1.0,0.1,32,0.03,0.02
multimodal_psd-fc-wpli_gated_cnn,10,sub16,sub01;sub05;sub07;sub08;sub09;sub10;sub11;sub13;sub14;sub15;sub18;sub20;sub22;sub24;sub27;sub28;sub29,sub17,64,0.0013069427805021405,0.001362954149954021,0.002,1e-05,1.0,1.0,True,False,multimodal,psd-fc-wpli,gated,cnn,True,finetune,segssl_barlow_all-patient_psd-fc-wpli_finetune_seed13_pre20_proj32_mask0_03_noise0_02_mlp1_0_sup100,True,barlow,psd,all-patient,True,13,1.0,0.1,32,0.03,0.02
multimodal_psd-fc-wpli_gated_cnn,10,sub16,sub01;sub05;sub07;sub08;sub09;sub10;sub11;sub13;sub14;sub15;sub18;sub20;sub22;sub24;sub27;sub28;sub29,sub17,65,0.001222887309268117,0.0012518847361207008,0.002,1e-05,1.0,1.0,True,False,multimodal,psd-fc-wpli,gated,cnn,True,finetune,segssl_barlow_all-patient_psd-fc-wpli_finetune_seed13_pre20_proj32_mask0_03_noise0_02_mlp1_0_sup100,True,barlow,psd,all-patient,True,13,1.0,0.1,32,0.03,0.02
multimodal_psd-fc-wpli_gated_cnn,10,sub16,sub01;sub05;sub07;sub08;sub09;sub10;sub11;sub13;sub14;sub15;sub18;sub20;sub22;sub24;sub27;sub28;sub29,sub17,66,0.0011489932658150792,0.0011549702612683177,0.002,1e-05,1.0,1.0,True,False,multimodal,psd-fc-wpli,gated,cnn,True,finetune,segssl_barlow_all-patient_psd-fc-wpli_finetune_seed13_pre20_proj32_mask0_03_noise0_02_mlp1_0_sup100,True,barlow,psd,all-patient,True,13,1.0,0.1,32,0.03,0.02
multimodal_psd-fc-wpli_gated_cnn,10,sub16,sub01;sub05;sub07;sub08;sub09;sub10;sub11;sub13;sub14;sub15;sub18;sub20;sub22;sub24;sub27;sub28;sub29,sub17,67,0.001083945157006383,0.001070416416041553,0.002,1e-05,1.0,1.0,True,False,multimodal,psd-fc-wpli,gated,cnn,True,finetune,segssl_barlow_all-patient_psd-fc-wpli_finetune_seed13_pre20_proj32_mask0_03_noise0_02_mlp1_0_sup100,True,barlow,psd,all-patient,True,13,1.0,0.1,32,0.03,0.02
multimodal_psd-fc-wpli_gated_cnn,10,sub16,sub01;sub05;sub07;sub08;sub09;sub10;sub11;sub13;sub14;sub15;sub18;sub20;sub22;sub24;sub27;sub28;sub29,sub17,68,0.0010263262083753943,0.0009969075908884406,0.002,1e-05,1.0,1.0,True,False,multimodal,psd-fc-wpli,gated,cnn,True,finetune,segssl_barlow_all-patient_psd-fc-wpli_finetune_seed13_pre20_proj32_mask0_03_noise0_02_mlp1_0_sup100,True,barlow,psd,all-patient,True,13,1.0,0.1,32,0.03,0.02
multimodal_psd-fc-wpli_gated_cnn,10,sub16,sub01;sub05;sub07;sub08;sub09;sub10;sub11;sub13;sub14;sub15;sub18;sub20;sub22;sub24;sub27;sub28;sub29,sub17,69,0.000975095375906676,0.0009330690372735262,0.002,1e-05,1.0,1.0,True,False,multimodal,psd-fc-wpli,gated,cnn,True,finetune,segssl_barlow_all-patient_psd-fc-wpli_finetune_seed13_pre20_proj32_mask0_03_noise0_02_mlp1_0_sup100,True,barlow,psd,all-patient,True,13,1.0,0.1,32,0.03,0.02
multimodal_psd-fc-wpli_gated_cnn,10,sub16,sub01;sub05;sub07;sub08;sub09;sub10;sub11;sub13;sub14;sub15;sub18;sub20;sub22;sub24;sub27;sub28;sub29,sub17,70,0.0009293794864788651,0.0008777058101259172,0.002,1e-05,1.0,1.0,True,False,multimodal,psd-fc-wpli,gated,cnn,True,finetune,segssl_barlow_all-patient_psd-fc-wpli_finetune_seed13_pre20_proj32_mask0_03_noise0_02_mlp1_0_sup100,True,barlow,psd,all-patient,True,13,1.0,0.1,32,0.03,0.02
multimodal_psd-fc-wpli_gated_cnn,10,sub16,sub01;sub05;sub07;sub08;sub09;sub10;sub11;sub13;sub14;sub15;sub18;sub20;sub22;sub24;sub27;sub28;sub29,sub17,71,0.000888381153345108,0.0008296830928884447,0.002,1e-05,1.0,1.0,True,False,multimodal,psd-fc-wpli,gated,cnn,True,finetune,segssl_barlow_all-patient_psd-fc-wpli_finetune_seed13_pre20_proj32_mask0_03_noise0_02_mlp1_0_sup100,True,barlow,psd,all-patient,True,13,1.0,0.1,32,0.03,0.02
multimodal_psd-fc-wpli_gated_cnn,10,sub16,sub01;sub05;sub07;sub08;sub09;sub10;sub11;sub13;sub14;sub15;sub18;sub20;sub22;sub24;sub27;sub28;sub29,sub17,72,0.0008514911751262844,0.0007878068136051297,0.002,1e-05,1.0,1.0,True,False,multimodal,psd-fc-wpli,gated,cnn,True,finetune,segssl_barlow_all-patient_psd-fc-wpli_finetune_seed13_pre20_proj32_mask0_03_noise0_02_mlp1_0_sup100,True,barlow,psd,all-patient,True,13,1.0,0.1,32,0.03,0.02
multimodal_psd-fc-wpli_gated_cnn,10,sub16,sub01;sub05;sub07;sub08;sub09;sub10;sub11;sub13;sub14;sub15;sub18;sub20;sub22;sub24;sub27;sub28;sub29,sub17,73,0.0008182277088053524,0.0007511217263527215,0.002,1e-05,1.0,1.0,True,False,multimodal,psd-fc-wpli,gated,cnn,True,finetune,segssl_barlow_all-patient_psd-fc-wpli_finetune_seed13_pre20_proj32_mask0_03_noise0_02_mlp1_0_sup100,True,barlow,psd,all-patient,True,13,1.0,0.1,32,0.03,0.02
multimodal_psd-fc-wpli_gated_cnn,10,sub16,sub01;sub05;sub07;sub08;sub09;sub10;sub11;sub13;sub14;sub15;sub18;sub20;sub22;sub24;sub27;sub28;sub29,sub17,74,0.0007881515775807202,0.000718792260158807,0.002,1e-05,1.0,1.0,True,False,multimodal,psd-fc-wpli,gated,cnn,True,finetune,segssl_barlow_all-patient_psd-fc-wpli_finetune_seed13_pre20_proj32_mask0_03_noise0_02_mlp1_0_sup100,True,barlow,psd,all-patient,True,13,1.0,0.1,32,0.03,0.02
multimodal_psd-fc-wpli_gated_cnn,10,sub16,sub01;sub05;sub07;sub08;sub09;sub10;sub11;sub13;sub14;sub15;sub18;sub20;sub22;sub24;sub27;sub28;sub29,sub17,75,0.0007608362939208746,0.0006903408211655915,0.002,1e-05,1.0,1.0,True,False,multimodal,psd-fc-wpli,gated,cnn,True,finetune,segssl_barlow_all-patient_psd-fc-wpli_finetune_seed13_pre20_proj32_mask0_03_noise0_02_mlp1_0_sup100,True,barlow,psd,all-patient,True,13,1.0,0.1,32,0.03,0.02
multimodal_psd-fc-wpli_gated_cnn,10,sub16,sub01;sub05;sub07;sub08;sub09;sub10;sub11;sub13;sub14;sub15;sub18;sub20;sub22;sub24;sub27;sub28;sub29,sub17,76,0.000735923764295876,0.000664991675876081,0.002,1e-05,1.0,1.0,True,False,multimodal,psd-fc-wpli,gated,cnn,True,finetune,segssl_barlow_all-patient_psd-fc-wpli_finetune_seed13_pre20_proj32_mask0_03_noise0_02_mlp1_0_sup100,True,barlow,psd,all-patient,True,13,1.0,0.1,32,0.03,0.02
multimodal_psd-fc-wpli_gated_cnn,10,sub16,sub01;sub05;sub07;sub08;sub09;sub10;sub11;sub13;sub14;sub15;sub18;sub20;sub22;sub24;sub27;sub28;sub29,sub17,77,0.0007131361635401845,0.0006426849286071956,0.002,1e-05,1.0,1.0,True,False,multimodal,psd-fc-wpli,gated,cnn,True,finetune,segssl_barlow_all-patient_psd-fc-wpli_finetune_seed13_pre20_proj32_mask0_03_noise0_02_mlp1_0_sup100,True,barlow,psd,all-patient,True,13,1.0,0.1,32,0.03,0.02
multimodal_psd-fc-wpli_gated_cnn,10,sub16,sub01;sub05;sub07;sub08;sub09;sub10;sub11;sub13;sub14;sub15;sub18;sub20;sub22;sub24;sub27;sub28;sub29,sub17,78,0.0006923056207597256,0.0006228836718946695,0.002,1e-05,1.0,1.0,True,False,multimodal,psd-fc-wpli,gated,cnn,True,finetune,segssl_barlow_all-patient_psd-fc-wpli_finetune_seed13_pre20_proj32_mask0_03_noise0_02_mlp1_0_sup100,True,barlow,psd,all-patient,True,13,1.0,0.1,32,0.03,0.02
multimodal_psd-fc-wpli_gated_cnn,10,sub16,sub01;sub05;sub07;sub08;sub09;sub10;sub11;sub13;sub14;sub15;sub18;sub20;sub22;sub24;sub27;sub28;sub29,sub17,79,0.0006731704925186932,0.000605408800765872,0.002,1e-05,1.0,1.0,True,False,multimodal,psd-fc-wpli,gated,cnn,True,finetune,segssl_barlow_all-patient_psd-fc-wpli_finetune_seed13_pre20_proj32_mask0_03_noise0_02_mlp1_0_sup100,True,barlow,psd,all-patient,True,13,1.0,0.1,32,0.03,0.02
multimodal_psd-fc-wpli_gated_cnn,10,sub16,sub01;sub05;sub07;sub08;sub09;sub10;sub11;sub13;sub14;sub15;sub18;sub20;sub22;sub24;sub27;sub28;sub29,sub17,80,0.0006555797881446779,0.0005897830124013126,0.002,1e-05,1.0,1.0,True,False,multimodal,psd-fc-wpli,gated,cnn,True,finetune,segssl_barlow_all-patient_psd-fc-wpli_finetune_seed13_pre20_proj32_mask0_03_noise0_02_mlp1_0_sup100,True,barlow,psd,all-patient,True,13,1.0,0.1,32,0.03,0.02
multimodal_psd-fc-wpli_gated_cnn,10,sub16,sub01;sub05;sub07;sub08;sub09;sub10;sub11;sub13;sub14;sub15;sub18;sub20;sub22;sub24;sub27;sub28;sub29,sub17,81,0.0006393244839273393,0.0005758274346590042,0.002,1e-05,1.0,1.0,True,False,multimodal,psd-fc-wpli,gated,cnn,True,finetune,segssl_barlow_all-patient_psd-fc-wpli_finetune_seed13_pre20_proj32_mask0_03_noise0_02_mlp1_0_sup100,True,barlow,psd,all-patient,True,13,1.0,0.1,32,0.03,0.02
multimodal_psd-fc-wpli_gated_cnn,10,sub16,sub01;sub05;sub07;sub08;sub09;sub10;sub11;sub13;sub14;sub15;sub18;sub20;sub22;sub24;sub27;sub28;sub29,sub17,82,0.0006242498639039695,0.0005636014975607395,0.002,1e-05,1.0,1.0,True,False,multimodal,psd-fc-wpli,gated,cnn,True,finetune,segssl_barlow_all-patient_psd-fc-wpli_finetune_seed13_pre20_proj32_mask0_03_noise0_02_mlp1_0_sup100,True,barlow,psd,all-patient,True,13,1.0,0.1,32,0.03,0.02
multimodal_psd-fc-wpli_gated_cnn,10,sub16,sub01;sub05;sub07;sub08;sub09;sub10;sub11;sub13;sub14;sub15;sub18;sub20;sub22;sub24;sub27;sub28;sub29,sub17,83,0.0006102682673372328,0.00055250886362046,0.002,1e-05,1.0,1.0,True,False,multimodal,psd-fc-wpli,gated,cnn,True,finetune,segssl_barlow_all-patient_psd-fc-wpli_finetune_seed13_pre20_proj32_mask0_03_noise0_02_mlp1_0_sup100,True,barlow,psd,all-patient,True,13,1.0,0.1,32,0.03,0.02
multimodal_psd-fc-wpli_gated_cnn,10,sub16,sub01;sub05;sub07;sub08;sub09;sub10;sub11;sub13;sub14;sub15;sub18;sub20;sub22;sub24;sub27;sub28;sub29,sub17,84,0.0005972211365588009,0.0005424898117780685,0.002,1e-05,1.0,1.0,True,False,multimodal,psd-fc-wpli,gated,cnn,True,finetune,segssl_barlow_all-patient_psd-fc-wpli_finetune_seed13_pre20_proj32_mask0_03_noise0_02_mlp1_0_sup100,True,barlow,psd,all-patient,True,13,1.0,0.1,32,0.03,0.02
multimodal_psd-fc-wpli_gated_cnn,10,sub16,sub01;sub05;sub07;sub08;sub09;sub10;sub11;sub13;sub14;sub15;sub18;sub20;sub22;sub24;sub27;sub28;sub29,sub17,85,0.000585029658395797,0.0005335442838259041,0.002,1e-05,1.0,1.0,True,False,multimodal,psd-fc-wpli,gated,cnn,True,finetune,segssl_barlow_all-patient_psd-fc-wpli_finetune_seed13_pre20_proj32_mask0_03_noise0_02_mlp1_0_sup100,True,barlow,psd,all-patient,True,13,1.0,0.1,32,0.03,0.02
multimodal_psd-fc-wpli_gated_cnn,10,sub16,sub01;sub05;sub07;sub08;sub09;sub10;sub11;sub13;sub14;sub15;sub18;sub20;sub22;sub24;sub27;sub28;sub29,sub17,86,0.0005736069870181382,0.0005253144772723317,0.002,1e-05,1.0,1.0,True,False,multimodal,psd-fc-wpli,gated,cnn,True,finetune,segssl_barlow_all-patient_psd-fc-wpli_finetune_seed13_pre20_proj32_mask0_03_noise0_02_mlp1_0_sup100,True,barlow,psd,all-patient,True,13,1.0,0.1,32,0.03,0.02
multimodal_psd-fc-wpli_gated_cnn,10,sub16,sub01;sub05;sub07;sub08;sub09;sub10;sub11;sub13;sub14;sub15;sub18;sub20;sub22;sub24;sub27;sub28;sub29,sub17,87,0.0005628688377328217,0.000517740729264915,0.002,1e-05,1.0,1.0,True,False,multimodal,psd-fc-wpli,gated,cnn,True,finetune,segssl_barlow_all-patient_psd-fc-wpli_finetune_seed13_pre20_proj32_mask0_03_noise0_02_mlp1_0_sup100,True,barlow,psd,all-patient,True,13,1.0,0.1,32,0.03,0.02
multimodal_psd-fc-wpli_gated_cnn,10,sub16,sub01;sub05;sub07;sub08;sub09;sub10;sub11;sub13;sub14;sub15;sub18;sub20;sub22;sub24;sub27;sub28;sub29,sub17,88,0.0005527481553144753,0.0005105845048092306,0.002,1e-05,1.0,1.0,True,False,multimodal,psd-fc-wpli,gated,cnn,True,finetune,segssl_barlow_all-patient_psd-fc-wpli_finetune_seed13_pre20_proj32_mask0_03_noise0_02_mlp1_0_sup100,True,barlow,psd,all-patient,True,13,1.0,0.1,32,0.03,0.02
multimodal_psd-fc-wpli_gated_cnn,10,sub16,sub01;sub05;sub07;sub08;sub09;sub10;sub11;sub13;sub14;sub15;sub18;sub20;sub22;sub24;sub27;sub28;sub29,sub17,89,0.0005432155448943377,0.0005039054085500538,0.002,1e-05,1.0,1.0,True,False,multimodal,psd-fc-wpli,gated,cnn,True,finetune,segssl_barlow_all-patient_psd-fc-wpli_finetune_seed13_pre20_proj32_mask0_03_noise0_02_mlp1_0_sup100,True,barlow,psd,all-patient,True,13,1.0,0.1,32,0.03,0.02
multimodal_psd-fc-wpli_gated_cnn,10,sub16,sub01;sub05;sub07;sub08;sub09;sub10;sub11;sub13;sub14;sub15;sub18;sub20;sub22;sub24;sub27;sub28;sub29,sub17,90,0.0005342001095414162,0.0004975841147825122,0.002,1e-05,1.0,1.0,True,False,multimodal,psd-fc-wpli,gated,cnn,True,finetune,segssl_barlow_all-patient_psd-fc-wpli_finetune_seed13_pre20_proj32_mask0_03_noise0_02_mlp1_0_sup100,True,barlow,psd,all-patient,True,13,1.0,0.1,32,0.03,0.02
multimodal_psd-fc-wpli_gated_cnn,10,sub16,sub01;sub05;sub07;sub08;sub09;sub10;sub11;sub13;sub14;sub15;sub18;sub20;sub22;sub24;sub27;sub28;sub29,sub17,91,0.0005256204749457538,0.0004915014724247158,0.002,1e-05,1.0,1.0,True,False,multimodal,psd-fc-wpli,gated,cnn,True,finetune,segssl_barlow_all-patient_psd-fc-wpli_finetune_seed13_pre20_proj32_mask0_03_noise0_02_mlp1_0_sup100,True,barlow,psd,all-patient,True,13,1.0,0.1,32,0.03,0.02
multimodal_psd-fc-wpli_gated_cnn,10,sub16,sub01;sub05;sub07;sub08;sub09;sub10;sub11;sub13;sub14;sub15;sub18;sub20;sub22;sub24;sub27;sub28;sub29,sub17,92,0.0005174475954845548,0.00048541880096308887,0.002,1e-05,1.0,1.0,True,False,multimodal,psd-fc-wpli,gated,cnn,True,finetune,segssl_barlow_all-patient_psd-fc-wpli_finetune_seed13_pre20_proj32_mask0_03_noise0_02_mlp1_0_sup100,True,barlow,psd,all-patient,True,13,1.0,0.1,32,0.03,0.02
multimodal_psd-fc-wpli_gated_cnn,10,sub16,sub01;sub05;sub07;sub08;sub09;sub10;sub11;sub13;sub14;sub15;sub18;sub20;sub22;sub24;sub27;sub28;sub29,sub17,93,0.0005095853703096509,0.00047921694931574166,0.002,1e-05,1.0,1.0,True,False,multimodal,psd-fc-wpli,gated,cnn,True,finetune,segssl_barlow_all-patient_psd-fc-wpli_finetune_seed13_pre20_proj32_mask0_03_noise0_02_mlp1_0_sup100,True,barlow,psd,all-patient,True,13,1.0,0.1,32,0.03,0.02
multimodal_psd-fc-wpli_gated_cnn,10,sub16,sub01;sub05;sub07;sub08;sub09;sub10;sub11;sub13;sub14;sub15;sub18;sub20;sub22;sub24;sub27;sub28;sub29,sub17,94,0.0005019114469178021,0.00047301509766839445,0.002,1e-05,1.0,1.0,True,False,multimodal,psd-fc-wpli,gated,cnn,True,finetune,segssl_barlow_all-patient_psd-fc-wpli_finetune_seed13_pre20_proj32_mask0_03_noise0_02_mlp1_0_sup100,True,barlow,psd,all-patient,True,13,1.0,0.1,32,0.03,0.02
multimodal_psd-fc-wpli_gated_cnn,10,sub16,sub01;sub05;sub07;sub08;sub09;sub10;sub11;sub13;sub14;sub15;sub18;sub20;sub22;sub24;sub27;sub28;sub29,sub17,95,0.0004944019601680338,0.00046657476923428476,0.002,1e-05,1.0,1.0,True,False,multimodal,psd-fc-wpli,gated,cnn,True,finetune,segssl_barlow_all-patient_psd-fc-wpli_finetune_seed13_pre20_proj32_mask0_03_noise0_02_mlp1_0_sup100,True,barlow,psd,all-patient,True,13,1.0,0.1,32,0.03,0.02
multimodal_psd-fc-wpli_gated_cnn,10,sub16,sub01;sub05;sub07;sub08;sub09;sub10;sub11;sub13;sub14;sub15;sub18;sub20;sub22;sub24;sub27;sub28;sub29,sub17,96,0.00048698188038542867,0.0004600152315106243,0.002,1e-05,1.0,1.0,True,False,multimodal,psd-fc-wpli,gated,cnn,True,finetune,segssl_barlow_all-patient_psd-fc-wpli_finetune_seed13_pre20_proj32_mask0_03_noise0_02_mlp1_0_sup100,True,barlow,psd,all-patient,True,13,1.0,0.1,32,0.03,0.02
multimodal_psd-fc-wpli_gated_cnn,10,sub16,sub01;sub05;sub07;sub08;sub09;sub10;sub11;sub13;sub14;sub15;sub18;sub20;sub22;sub24;sub27;sub28;sub29,sub17,97,0.0004795834538526833,0.0004529190482571721,0.002,1e-05,1.0,1.0,True,False,multimodal,psd-fc-wpli,gated,cnn,True,finetune,segssl_barlow_all-patient_psd-fc-wpli_finetune_seed13_pre20_proj32_mask0_03_noise0_02_mlp1_0_sup100,True,barlow,psd,all-patient,True,13,1.0,0.1,32,0.03,0.02
multimodal_psd-fc-wpli_gated_cnn,10,sub16,sub01;sub05;sub07;sub08;sub09;sub10;sub11;sub13;sub14;sub15;sub18;sub20;sub22;sub24;sub27;sub28;sub29,sub17,98,0.00047214137157425284,0.0004454054869711399,0.002,1e-05,1.0,1.0,True,False,multimodal,psd-fc-wpli,gated,cnn,True,finetune,segssl_barlow_all-patient_psd-fc-wpli_finetune_seed13_pre20_proj32_mask0_03_noise0_02_mlp1_0_sup100,True,barlow,psd,all-patient,True,13,1.0,0.1,32,0.03,0.02
multimodal_psd-fc-wpli_gated_cnn,10,sub16,sub01;sub05;sub07;sub08;sub09;sub10;sub11;sub13;sub14;sub15;sub18;sub20;sub22;sub24;sub27;sub28;sub29,sub17,99,0.00046468692016787827,0.00043753418140113354,0.002,1e-05,1.0,1.0,True,False,multimodal,psd-fc-wpli,gated,cnn,True,finetune,segssl_barlow_all-patient_psd-fc-wpli_finetune_seed13_pre20_proj32_mask0_03_noise0_02_mlp1_0_sup100,True,barlow,psd,all-patient,True,13,1.0,0.1,32,0.03,0.02
multimodal_psd-fc-wpli_gated_cnn,10,sub16,sub01;sub05;sub07;sub08;sub09;sub10;sub11;sub13;sub14;sub15;sub18;sub20;sub22;sub24;sub27;sub28;sub29,sub17,100,0.0004571012395899743,0.0004291859222576022,0.002,1e-05,1.0,1.0,True,False,multimodal,psd-fc-wpli,gated,cnn,True,finetune,segssl_barlow_all-patient_psd-fc-wpli_finetune_seed13_pre20_proj32_mask0_03_noise0_02_mlp1_0_sup100,True,barlow,psd,all-patient,True,13,1.0,0.1,32,0.03,0.02
multimodal_psd-fc-wpli_gated_cnn,11,sub17,sub01;sub05;sub07;sub08;sub09;sub10;sub11;sub13;sub14;sub15;sub16;sub20;sub22;sub24;sub27;sub28;sub29,sub18,1,0.6891423463821411,0.6871023774147034,0.002,1e-05,1.0,1.0,True,False,multimodal,psd-fc-wpli,gated,cnn,True,finetune,segssl_barlow_all-patient_psd-fc-wpli_finetune_seed13_pre20_proj32_mask0_03_noise0_02_mlp1_0_sup100,True,barlow,psd,all-patient,True,13,1.0,0.1,32,0.03,0.02
multimodal_psd-fc-wpli_gated_cnn,11,sub17,sub01;sub05;sub07;sub08;sub09;sub10;sub11;sub13;sub14;sub15;sub16;sub20;sub22;sub24;sub27;sub28;sub29,sub18,2,0.6838498711585999,0.6864156126976013,0.002,1e-05,1.0,1.0,True,False,multimodal,psd-fc-wpli,gated,cnn,True,finetune,segssl_barlow_all-patient_psd-fc-wpli_finetune_seed13_pre20_proj32_mask0_03_noise0_02_mlp1_0_sup100,True,barlow,psd,all-patient,True,13,1.0,0.1,32,0.03,0.02
multimodal_psd-fc-wpli_gated_cnn,11,sub17,sub01;sub05;sub07;sub08;sub09;sub10;sub11;sub13;sub14;sub15;sub16;sub20;sub22;sub24;sub27;sub28;sub29,sub18,3,0.6789175868034363,0.6852894425392151,0.002,1e-05,1.0,1.0,True,False,multimodal,psd-fc-wpli,gated,cnn,True,finetune,segssl_barlow_all-patient_psd-fc-wpli_finetune_seed13_pre20_proj32_mask0_03_noise0_02_mlp1_0_sup100,True,barlow,psd,all-patient,True,13,1.0,0.1,32,0.03,0.02
multimodal_psd-fc-wpli_gated_cnn,11,sub17,sub01;sub05;sub07;sub08;sub09;sub10;sub11;sub13;sub14;sub15;sub16;sub20;sub22;sub24;sub27;sub28;sub29,sub18,4,0.6736372113227844,0.6840326189994812,0.002,1e-05,1.0,1.0,True,False,multimodal,psd-fc-wpli,gated,cnn,True,finetune,segssl_barlow_all-patient_psd-fc-wpli_finetune_seed13_pre20_proj32_mask0_03_noise0_02_mlp1_0_sup100,True,barlow,psd,all-patient,True,13,1.0,0.1,32,0.03,0.02
multimodal_psd-fc-wpli_gated_cnn,11,sub17,sub01;sub05;sub07;sub08;sub09;sub10;sub11;sub13;sub14;sub15;sub16;sub20;sub22;sub24;sub27;sub28;sub29,sub18,5,0.6677543520927429,0.6821056604385376,0.002,1e-05,1.0,1.0,True,False,multimodal,psd-fc-wpli,gated,cnn,True,finetune,segssl_barlow_all-patient_psd-fc-wpli_finetune_seed13_pre20_proj32_mask0_03_noise0_02_mlp1_0_sup100,True,barlow,psd,all-patient,True,13,1.0,0.1,32,0.03,0.02
multimodal_psd-fc-wpli_gated_cnn,11,sub17,sub01;sub05;sub07;sub08;sub09;sub10;sub11;sub13;sub14;sub15;sub16;sub20;sub22;sub24;sub27;sub28;sub29,sub18,6,0.661055862903595,0.6783432960510254,0.002,1e-05,1.0,1.0,True,False,multimodal,psd-fc-wpli,gated,cnn,True,finetune,segssl_barlow_all-patient_psd-fc-wpli_finetune_seed13_pre20_proj32_mask0_03_noise0_02_mlp1_0_sup100,True,barlow,psd,all-patient,True,13,1.0,0.1,32,0.03,0.02
multimodal_psd-fc-wpli_gated_cnn,11,sub17,sub01;sub05;sub07;sub08;sub09;sub10;sub11;sub13;sub14;sub15;sub16;sub20;sub22;sub24;sub27;sub28;sub29,sub18,7,0.6536020636558533,0.673439621925354,0.002,1e-05,1.0,1.0,True,False,multimodal,psd-fc-wpli,gated,cnn,True,finetune,segssl_barlow_all-patient_psd-fc-wpli_finetune_seed13_pre20_proj32_mask0_03_noise0_02_mlp1_0_sup100,True,barlow,psd,all-patient,True,13,1.0,0.1,32,0.03,0.02
multimodal_psd-fc-wpli_gated_cnn,11,sub17,sub01;sub05;sub07;sub08;sub09;sub10;sub11;sub13;sub14;sub15;sub16;sub20;sub22;sub24;sub27;sub28;sub29,sub18,8,0.6456316113471985,0.6667599081993103,0.002,1e-05,1.0,1.0,True,False,multimodal,psd-fc-wpli,gated,cnn,True,finetune,segssl_barlow_all-patient_psd-fc-wpli_finetune_seed13_pre20_proj32_mask0_03_noise0_02_mlp1_0_sup100,True,barlow,psd,all-patient,True,13,1.0,0.1,32,0.03,0.02
multimodal_psd-fc-wpli_gated_cnn,11,sub17,sub01;sub05;sub07;sub08;sub09;sub10;sub11;sub13;sub14;sub15;sub16;sub20;sub22;sub24;sub27;sub28;sub29,sub18,9,0.6371232867240906,0.6591436862945557,0.002,1e-05,1.0,1.0,True,False,multimodal,psd-fc-wpli,gated,cnn,True,finetune,segssl_barlow_all-patient_psd-fc-wpli_finetune_seed13_pre20_proj32_mask0_03_noise0_02_mlp1_0_sup100,True,barlow,psd,all-patient,True,13,1.0,0.1,32,0.03,0.02
multimodal_psd-fc-wpli_gated_cnn,11,sub17,sub01;sub05;sub07;sub08;sub09;sub10;sub11;sub13;sub14;sub15;sub16;sub20;sub22;sub24;sub27;sub28;sub29,sub18,10,0.6278309226036072,0.6505763530731201,0.002,1e-05,1.0,1.0,True,False,multimodal,psd-fc-wpli,gated,cnn,True,finetune,segssl_barlow_all-patient_psd-fc-wpli_finetune_seed13_pre20_proj32_mask0_03_noise0_02_mlp1_0_sup100,True,barlow,psd,all-patient,True,13,1.0,0.1,32,0.03,0.02
multimodal_psd-fc-wpli_gated_cnn,11,sub17,sub01;sub05;sub07;sub08;sub09;sub10;sub11;sub13;sub14;sub15;sub16;sub20;sub22;sub24;sub27;sub28;sub29,sub18,11,0.6175838112831116,0.6417470574378967,0.002,1e-05,1.0,1.0,True,False,multimodal,psd-fc-wpli,gated,cnn,True,finetune,segssl_barlow_all-patient_psd-fc-wpli_finetune_seed13_pre20_proj32_mask0_03_noise0_02_mlp1_0_sup100,True,barlow,psd,all-patient,True,13,1.0,0.1,32,0.03,0.02
multimodal_psd-fc-wpli_gated_cnn,11,sub17,sub01;sub05;sub07;sub08;sub09;sub10;sub11;sub13;sub14;sub15;sub16;sub20;sub22;sub24;sub27;sub28;sub29,sub18,12,0.606698751449585,0.6318550109863281,0.002,1e-05,1.0,1.0,True,False,multimodal,psd-fc-wpli,gated,cnn,True,finetune,segssl_barlow_all-patient_psd-fc-wpli_finetune_seed13_pre20_proj32_mask0_03_noise0_02_mlp1_0_sup100,True,barlow,psd,all-patient,True,13,1.0,0.1,32,0.03,0.02
multimodal_psd-fc-wpli_gated_cnn,11,sub17,sub01;sub05;sub07;sub08;sub09;sub10;sub11;sub13;sub14;sub15;sub16;sub20;sub22;sub24;sub27;sub28;sub29,sub18,13,0.5949093103408813,0.6230449080467224,0.002,1e-05,1.0,1.0,True,False,multimodal,psd-fc-wpli,gated,cnn,True,finetune,segssl_barlow_all-patient_psd-fc-wpli_finetune_seed13_pre20_proj32_mask0_03_noise0_02_mlp1_0_sup100,True,barlow,psd,all-patient,True,13,1.0,0.1,32,0.03,0.02
multimodal_psd-fc-wpli_gated_cnn,11,sub17,sub01;sub05;sub07;sub08;sub09;sub10;sub11;sub13;sub14;sub15;sub16;sub20;sub22;sub24;sub27;sub28;sub29,sub18,14,0.5820384621620178,0.6144705414772034,0.002,1e-05,1.0,1.0,True,False,multimodal,psd-fc-wpli,gated,cnn,True,finetune,segssl_barlow_all-patient_psd-fc-wpli_finetune_seed13_pre20_proj32_mask0_03_noise0_02_mlp1_0_sup100,True,barlow,psd,all-patient,True,13,1.0,0.1,32,0.03,0.02
multimodal_psd-fc-wpli_gated_cnn,11,sub17,sub01;sub05;sub07;sub08;sub09;sub10;sub11;sub13;sub14;sub15;sub16;sub20;sub22;sub24;sub27;sub28;sub29,sub18,15,0.5680985450744629,0.6061311960220337,0.002,1e-05,1.0,1.0,True,False,multimodal,psd-fc-wpli,gated,cnn,True,finetune,segssl_barlow_all-patient_psd-fc-wpli_finetune_seed13_pre20_proj32_mask0_03_noise0_02_mlp1_0_sup100,True,barlow,psd,all-patient,True,13,1.0,0.1,32,0.03,0.02
multimodal_psd-fc-wpli_gated_cnn,11,sub17,sub01;sub05;sub07;sub08;sub09;sub10;sub11;sub13;sub14;sub15;sub16;sub20;sub22;sub24;sub27;sub28;sub29,sub18,16,0.5531705021858215,0.5979207754135132,0.002,1e-05,1.0,1.0,True,False,multimodal,psd-fc-wpli,gated,cnn,True,finetune,segssl_barlow_all-patient_psd-fc-wpli_finetune_seed13_pre20_proj32_mask0_03_noise0_02_mlp1_0_sup100,True,barlow,psd,all-patient,True,13,1.0,0.1,32,0.03,0.02
multimodal_psd-fc-wpli_gated_cnn,11,sub17,sub01;sub05;sub07;sub08;sub09;sub10;sub11;sub13;sub14;sub15;sub16;sub20;sub22;sub24;sub27;sub28;sub29,sub18,17,0.5372430682182312,0.5893269777297974,0.002,1e-05,1.0,1.0,True,False,multimodal,psd-fc-wpli,gated,cnn,True,finetune,segssl_barlow_all-patient_psd-fc-wpli_finetune_seed13_pre20_proj32_mask0_03_noise0_02_mlp1_0_sup100,True,barlow,psd,all-patient,True,13,1.0,0.1,32,0.03,0.02
multimodal_psd-fc-wpli_gated_cnn,11,sub17,sub01;sub05;sub07;sub08;sub09;sub10;sub11;sub13;sub14;sub15;sub16;sub20;sub22;sub24;sub27;sub28;sub29,sub18,18,0.5200645327568054,0.5787094831466675,0.002,1e-05,1.0,1.0,True,False,multimodal,psd-fc-wpli,gated,cnn,True,finetune,segssl_barlow_all-patient_psd-fc-wpli_finetune_seed13_pre20_proj32_mask0_03_noise0_02_mlp1_0_sup100,True,barlow,psd,all-patient,True,13,1.0,0.1,32,0.03,0.02
multimodal_psd-fc-wpli_gated_cnn,11,sub17,sub01;sub05;sub07;sub08;sub09;sub10;sub11;sub13;sub14;sub15;sub16;sub20;sub22;sub24;sub27;sub28;sub29,sub18,19,0.5017968416213989,0.5660524368286133,0.002,1e-05,1.0,1.0,True,False,multimodal,psd-fc-wpli,gated,cnn,True,finetune,segssl_barlow_all-patient_psd-fc-wpli_finetune_seed13_pre20_proj32_mask0_03_noise0_02_mlp1_0_sup100,True,barlow,psd,all-patient,True,13,1.0,0.1,32,0.03,0.02
multimodal_psd-fc-wpli_gated_cnn,11,sub17,sub01;sub05;sub07;sub08;sub09;sub10;sub11;sub13;sub14;sub15;sub16;sub20;sub22;sub24;sub27;sub28;sub29,sub18,20,0.4824185073375702,0.5517969131469727,0.002,1e-05,1.0,1.0,True,False,multimodal,psd-fc-wpli,gated,cnn,True,finetune,segssl_barlow_all-patient_psd-fc-wpli_finetune_seed13_pre20_proj32_mask0_03_noise0_02_mlp1_0_sup100,True,barlow,psd,all-patient,True,13,1.0,0.1,32,0.03,0.02
multimodal_psd-fc-wpli_gated_cnn,11,sub17,sub01;sub05;sub07;sub08;sub09;sub10;sub11;sub13;sub14;sub15;sub16;sub20;sub22;sub24;sub27;sub28;sub29,sub18,21,0.46203505992889404,0.535306990146637,0.002,1e-05,1.0,1.0,True,False,multimodal,psd-fc-wpli,gated,cnn,True,finetune,segssl_barlow_all-patient_psd-fc-wpli_finetune_seed13_pre20_proj32_mask0_03_noise0_02_mlp1_0_sup100,True,barlow,psd,all-patient,True,13,1.0,0.1,32,0.03,0.02
multimodal_psd-fc-wpli_gated_cnn,11,sub17,sub01;sub05;sub07;sub08;sub09;sub10;sub11;sub13;sub14;sub15;sub16;sub20;sub22;sub24;sub27;sub28;sub29,sub18,22,0.4405018985271454,0.5166469812393188,0.002,1e-05,1.0,1.0,True,False,multimodal,psd-fc-wpli,gated,cnn,True,finetune,segssl_barlow_all-patient_psd-fc-wpli_finetune_seed13_pre20_proj32_mask0_03_noise0_02_mlp1_0_sup100,True,barlow,psd,all-patient,True,13,1.0,0.1,32,0.03,0.02
multimodal_psd-fc-wpli_gated_cnn,11,sub17,sub01;sub05;sub07;sub08;sub09;sub10;sub11;sub13;sub14;sub15;sub16;sub20;sub22;sub24;sub27;sub28;sub29,sub18,23,0.41795235872268677,0.4944441318511963,0.002,1e-05,1.0,1.0,True,False,multimodal,psd-fc-wpli,gated,cnn,True,finetune,segssl_barlow_all-patient_psd-fc-wpli_finetune_seed13_pre20_proj32_mask0_03_noise0_02_mlp1_0_sup100,True,barlow,psd,all-patient,True,13,1.0,0.1,32,0.03,0.02
multimodal_psd-fc-wpli_gated_cnn,11,sub17,sub01;sub05;sub07;sub08;sub09;sub10;sub11;sub13;sub14;sub15;sub16;sub20;sub22;sub24;sub27;sub28;sub29,sub18,24,0.39504721760749817,0.47053706645965576,0.002,1e-05,1.0,1.0,True,False,multimodal,psd-fc-wpli,gated,cnn,True,finetune,segssl_barlow_all-patient_psd-fc-wpli_finetune_seed13_pre20_proj32_mask0_03_noise0_02_mlp1_0_sup100,True,barlow,psd,all-patient,True,13,1.0,0.1,32,0.03,0.02
multimodal_psd-fc-wpli_gated_cnn,11,sub17,sub01;sub05;sub07;sub08;sub09;sub10;sub11;sub13;sub14;sub15;sub16;sub20;sub22;sub24;sub27;sub28;sub29,sub18,25,0.3719311058521271,0.44820114970207214,0.002,1e-05,1.0,1.0,True,False,multimodal,psd-fc-wpli,gated,cnn,True,finetune,segssl_barlow_all-patient_psd-fc-wpli_finetune_seed13_pre20_proj32_mask0_03_noise0_02_mlp1_0_sup100,True,barlow,psd,all-patient,True,13,1.0,0.1,32,0.03,0.02
multimodal_psd-fc-wpli_gated_cnn,11,sub17,sub01;sub05;sub07;sub08;sub09;sub10;sub11;sub13;sub14;sub15;sub16;sub20;sub22;sub24;sub27;sub28;sub29,sub18,26,0.34849268198013306,0.4260490834712982,0.002,1e-05,1.0,1.0,True,False,multimodal,psd-fc-wpli,gated,cnn,True,finetune,segssl_barlow_all-patient_psd-fc-wpli_finetune_seed13_pre20_proj32_mask0_03_noise0_02_mlp1_0_sup100,True,barlow,psd,all-patient,True,13,1.0,0.1,32,0.03,0.02
multimodal_psd-fc-wpli_gated_cnn,11,sub17,sub01;sub05;sub07;sub08;sub09;sub10;sub11;sub13;sub14;sub15;sub16;sub20;sub22;sub24;sub27;sub28;sub29,sub18,27,0.3249801993370056,0.4047164022922516,0.002,1e-05,1.0,1.0,True,False,multimodal,psd-fc-wpli,gated,cnn,True,finetune,segssl_barlow_all-patient_psd-fc-wpli_finetune_seed13_pre20_proj32_mask0_03_noise0_02_mlp1_0_sup100,True,barlow,psd,all-patient,True,13,1.0,0.1,32,0.03,0.02
multimodal_psd-fc-wpli_gated_cnn,11,sub17,sub01;sub05;sub07;sub08;sub09;sub10;sub11;sub13;sub14;sub15;sub16;sub20;sub22;sub24;sub27;sub28;sub29,sub18,28,0.3013252019882202,0.3808630406856537,0.002,1e-05,1.0,1.0,True,False,multimodal,psd-fc-wpli,gated,cnn,True,finetune,segssl_barlow_all-patient_psd-fc-wpli_finetune_seed13_pre20_proj32_mask0_03_noise0_02_mlp1_0_sup100,True,barlow,psd,all-patient,True,13,1.0,0.1,32,0.03,0.02
multimodal_psd-fc-wpli_gated_cnn,11,sub17,sub01;sub05;sub07;sub08;sub09;sub10;sub11;sub13;sub14;sub15;sub16;sub20;sub22;sub24;sub27;sub28;sub29,sub18,29,0.27767452597618103,0.3555065393447876,0.002,1e-05,1.0,1.0,True,False,multimodal,psd-fc-wpli,gated,cnn,True,finetune,segssl_barlow_all-patient_psd-fc-wpli_finetune_seed13_pre20_proj32_mask0_03_noise0_02_mlp1_0_sup100,True,barlow,psd,all-patient,True,13,1.0,0.1,32,0.03,0.02
multimodal_psd-fc-wpli_gated_cnn,11,sub17,sub01;sub05;sub07;sub08;sub09;sub10;sub11;sub13;sub14;sub15;sub16;sub20;sub22;sub24;sub27;sub28;sub29,sub18,30,0.2542465031147003,0.3283267319202423,0.002,1e-05,1.0,1.0,True,False,multimodal,psd-fc-wpli,gated,cnn,True,finetune,segssl_barlow_all-patient_psd-fc-wpli_finetune_seed13_pre20_proj32_mask0_03_noise0_02_mlp1_0_sup100,True,barlow,psd,all-patient,True,13,1.0,0.1,32,0.03,0.02
multimodal_psd-fc-wpli_gated_cnn,11,sub17,sub01;sub05;sub07;sub08;sub09;sub10;sub11;sub13;sub14;sub15;sub16;sub20;sub22;sub24;sub27;sub28;sub29,sub18,31,0.2312462478876114,0.30161264538764954,0.002,1e-05,1.0,1.0,True,False,multimodal,psd-fc-wpli,gated,cnn,True,finetune,segssl_barlow_all-patient_psd-fc-wpli_finetune_seed13_pre20_proj32_mask0_03_noise0_02_mlp1_0_sup100,True,barlow,psd,all-patient,True,13,1.0,0.1,32,0.03,0.02
multimodal_psd-fc-wpli_gated_cnn,11,sub17,sub01;sub05;sub07;sub08;sub09;sub10;sub11;sub13;sub14;sub15;sub16;sub20;sub22;sub24;sub27;sub28;sub29,sub18,32,0.2088080644607544,0.2737416923046112,0.002,1e-05,1.0,1.0,True,False,multimodal,psd-fc-wpli,gated,cnn,True,finetune,segssl_barlow_all-patient_psd-fc-wpli_finetune_seed13_pre20_proj32_mask0_03_noise0_02_mlp1_0_sup100,True,barlow,psd,all-patient,True,13,1.0,0.1,32,0.03,0.02
multimodal_psd-fc-wpli_gated_cnn,11,sub17,sub01;sub05;sub07;sub08;sub09;sub10;sub11;sub13;sub14;sub15;sub16;sub20;sub22;sub24;sub27;sub28;sub29,sub18,33,0.18713726103305817,0.24550631642341614,0.002,1e-05,1.0,1.0,True,False,multimodal,psd-fc-wpli,gated,cnn,True,finetune,segssl_barlow_all-patient_psd-fc-wpli_finetune_seed13_pre20_proj32_mask0_03_noise0_02_mlp1_0_sup100,True,barlow,psd,all-patient,True,13,1.0,0.1,32,0.03,0.02
multimodal_psd-fc-wpli_gated_cnn,11,sub17,sub01;sub05;sub07;sub08;sub09;sub10;sub11;sub13;sub14;sub15;sub16;sub20;sub22;sub24;sub27;sub28;sub29,sub18,34,0.16637830436229706,0.2188786268234253,0.002,1e-05,1.0,1.0,True,False,multimodal,psd-fc-wpli,gated,cnn,True,finetune,segssl_barlow_all-patient_psd-fc-wpli_finetune_seed13_pre20_proj32_mask0_03_noise0_02_mlp1_0_sup100,True,barlow,psd,all-patient,True,13,1.0,0.1,32,0.03,0.02
multimodal_psd-fc-wpli_gated_cnn,11,sub17,sub01;sub05;sub07;sub08;sub09;sub10;sub11;sub13;sub14;sub15;sub16;sub20;sub22;sub24;sub27;sub28;sub29,sub18,35,0.14731816947460175,0.1933695673942566,0.002,1e-05,1.0,1.0,True,False,multimodal,psd-fc-wpli,gated,cnn,True,finetune,segssl_barlow_all-patient_psd-fc-wpli_finetune_seed13_pre20_proj32_mask0_03_noise0_02_mlp1_0_sup100,True,barlow,psd,all-patient,True,13,1.0,0.1,32,0.03,0.02
multimodal_psd-fc-wpli_gated_cnn,11,sub17,sub01;sub05;sub07;sub08;sub09;sub10;sub11;sub13;sub14;sub15;sub16;sub20;sub22;sub24;sub27;sub28;sub29,sub18,36,0.12993386387825012,0.16966015100479126,0.002,1e-05,1.0,1.0,True,False,multimodal,psd-fc-wpli,gated,cnn,True,finetune,segssl_barlow_all-patient_psd-fc-wpli_finetune_seed13_pre20_proj32_mask0_03_noise0_02_mlp1_0_sup100,True,barlow,psd,all-patient,True,13,1.0,0.1,32,0.03,0.02
multimodal_psd-fc-wpli_gated_cnn,11,sub17,sub01;sub05;sub07;sub08;sub09;sub10;sub11;sub13;sub14;sub15;sub16;sub20;sub22;sub24;sub27;sub28;sub29,sub18,37,0.11413273215293884,0.14784762263298035,0.002,1e-05,1.0,1.0,True,False,multimodal,psd-fc-wpli,gated,cnn,True,finetune,segssl_barlow_all-patient_psd-fc-wpli_finetune_seed13_pre20_proj32_mask0_03_noise0_02_mlp1_0_sup100,True,barlow,psd,all-patient,True,13,1.0,0.1,32,0.03,0.02
multimodal_psd-fc-wpli_gated_cnn,11,sub17,sub01;sub05;sub07;sub08;sub09;sub10;sub11;sub13;sub14;sub15;sub16;sub20;sub22;sub24;sub27;sub28;sub29,sub18,38,0.09984054416418076,0.12688468396663666,0.002,1e-05,1.0,1.0,True,False,multimodal,psd-fc-wpli,gated,cnn,True,finetune,segssl_barlow_all-patient_psd-fc-wpli_finetune_seed13_pre20_proj32_mask0_03_noise0_02_mlp1_0_sup100,True,barlow,psd,all-patient,True,13,1.0,0.1,32,0.03,0.02
multimodal_psd-fc-wpli_gated_cnn,11,sub17,sub01;sub05;sub07;sub08;sub09;sub10;sub11;sub13;sub14;sub15;sub16;sub20;sub22;sub24;sub27;sub28;sub29,sub18,39,0.08687443286180496,0.1070568710565567,0.002,1e-05,1.0,1.0,True,False,multimodal,psd-fc-wpli,gated,cnn,True,finetune,segssl_barlow_all-patient_psd-fc-wpli_finetune_seed13_pre20_proj32_mask0_03_noise0_02_mlp1_0_sup100,True,barlow,psd,all-patient,True,13,1.0,0.1,32,0.03,0.02
multimodal_psd-fc-wpli_gated_cnn,11,sub17,sub01;sub05;sub07;sub08;sub09;sub10;sub11;sub13;sub14;sub15;sub16;sub20;sub22;sub24;sub27;sub28;sub29,sub18,40,0.07524116337299347,0.08907198160886765,0.002,1e-05,1.0,1.0,True,False,multimodal,psd-fc-wpli,gated,cnn,True,finetune,segssl_barlow_all-patient_psd-fc-wpli_finetune_seed13_pre20_proj32_mask0_03_noise0_02_mlp1_0_sup100,True,barlow,psd,all-patient,True,13,1.0,0.1,32,0.03,0.02
multimodal_psd-fc-wpli_gated_cnn,11,sub17,sub01;sub05;sub07;sub08;sub09;sub10;sub11;sub13;sub14;sub15;sub16;sub20;sub22;sub24;sub27;sub28;sub29,sub18,41,0.06486374139785767,0.07344719022512436,0.002,1e-05,1.0,1.0,True,False,multimodal,psd-fc-wpli,gated,cnn,True,finetune,segssl_barlow_all-patient_psd-fc-wpli_finetune_seed13_pre20_proj32_mask0_03_noise0_02_mlp1_0_sup100,True,barlow,psd,all-patient,True,13,1.0,0.1,32,0.03,0.02
multimodal_psd-fc-wpli_gated_cnn,11,sub17,sub01;sub05;sub07;sub08;sub09;sub10;sub11;sub13;sub14;sub15;sub16;sub20;sub22;sub24;sub27;sub28;sub29,sub18,42,0.055664751678705215,0.06049973890185356,0.002,1e-05,1.0,1.0,True,False,multimodal,psd-fc-wpli,gated,cnn,True,finetune,segssl_barlow_all-patient_psd-fc-wpli_finetune_seed13_pre20_proj32_mask0_03_noise0_02_mlp1_0_sup100,True,barlow,psd,all-patient,True,13,1.0,0.1,32,0.03,0.02
multimodal_psd-fc-wpli_gated_cnn,11,sub17,sub01;sub05;sub07;sub08;sub09;sub10;sub11;sub13;sub14;sub15;sub16;sub20;sub22;sub24;sub27;sub28;sub29,sub18,43,0.04757492616772652,0.049918703734874725,0.002,1e-05,1.0,1.0,True,False,multimodal,psd-fc-wpli,gated,cnn,True,finetune,segssl_barlow_all-patient_psd-fc-wpli_finetune_seed13_pre20_proj32_mask0_03_noise0_02_mlp1_0_sup100,True,barlow,psd,all-patient,True,13,1.0,0.1,32,0.03,0.02
multimodal_psd-fc-wpli_gated_cnn,11,sub17,sub01;sub05;sub07;sub08;sub09;sub10;sub11;sub13;sub14;sub15;sub16;sub20;sub22;sub24;sub27;sub28;sub29,sub18,44,0.04051386937499046,0.041331641376018524,0.002,1e-05,1.0,1.0,True,False,multimodal,psd-fc-wpli,gated,cnn,True,finetune,segssl_barlow_all-patient_psd-fc-wpli_finetune_seed13_pre20_proj32_mask0_03_noise0_02_mlp1_0_sup100,True,barlow,psd,all-patient,True,13,1.0,0.1,32,0.03,0.02
multimodal_psd-fc-wpli_gated_cnn,11,sub17,sub01;sub05;sub07;sub08;sub09;sub10;sub11;sub13;sub14;sub15;sub16;sub20;sub22;sub24;sub27;sub28;sub29,sub18,45,0.03439858928322792,0.03446062281727791,0.002,1e-05,1.0,1.0,True,False,multimodal,psd-fc-wpli,gated,cnn,True,finetune,segssl_barlow_all-patient_psd-fc-wpli_finetune_seed13_pre20_proj32_mask0_03_noise0_02_mlp1_0_sup100,True,barlow,psd,all-patient,True,13,1.0,0.1,32,0.03,0.02
multimodal_psd-fc-wpli_gated_cnn,11,sub17,sub01;sub05;sub07;sub08;sub09;sub10;sub11;sub13;sub14;sub15;sub16;sub20;sub22;sub24;sub27;sub28;sub29,sub18,46,0.029125753790140152,0.02901306003332138,0.002,1e-05,1.0,1.0,True,False,multimodal,psd-fc-wpli,gated,cnn,True,finetune,segssl_barlow_all-patient_psd-fc-wpli_finetune_seed13_pre20_proj32_mask0_03_noise0_02_mlp1_0_sup100,True,barlow,psd,all-patient,True,13,1.0,0.1,32,0.03,0.02
multimodal_psd-fc-wpli_gated_cnn,11,sub17,sub01;sub05;sub07;sub08;sub09;sub10;sub11;sub13;sub14;sub15;sub16;sub20;sub22;sub24;sub27;sub28;sub29,sub18,47,0.02464667335152626,0.02468641847372055,0.002,1e-05,1.0,1.0,True,False,multimodal,psd-fc-wpli,gated,cnn,True,finetune,segssl_barlow_all-patient_psd-fc-wpli_finetune_seed13_pre20_proj32_mask0_03_noise0_02_mlp1_0_sup100,True,barlow,psd,all-patient,True,13,1.0,0.1,32,0.03,0.02
multimodal_psd-fc-wpli_gated_cnn,11,sub17,sub01;sub05;sub07;sub08;sub09;sub10;sub11;sub13;sub14;sub15;sub16;sub20;sub22;sub24;sub27;sub28;sub29,sub18,48,0.020875204354524612,0.021262934431433678,0.002,1e-05,1.0,1.0,True,False,multimodal,psd-fc-wpli,gated,cnn,True,finetune,segssl_barlow_all-patient_psd-fc-wpli_finetune_seed13_pre20_proj32_mask0_03_noise0_02_mlp1_0_sup100,True,barlow,psd,all-patient,True,13,1.0,0.1,32,0.03,0.02
multimodal_psd-fc-wpli_gated_cnn,11,sub17,sub01;sub05;sub07;sub08;sub09;sub10;sub11;sub13;sub14;sub15;sub16;sub20;sub22;sub24;sub27;sub28;sub29,sub18,49,0.017695719376206398,0.0185716412961483,0.002,1e-05,1.0,1.0,True,False,multimodal,psd-fc-wpli,gated,cnn,True,finetune,segssl_barlow_all-patient_psd-fc-wpli_finetune_seed13_pre20_proj32_mask0_03_noise0_02_mlp1_0_sup100,True,barlow,psd,all-patient,True,13,1.0,0.1,32,0.03,0.02
multimodal_psd-fc-wpli_gated_cnn,11,sub17,sub01;sub05;sub07;sub08;sub09;sub10;sub11;sub13;sub14;sub15;sub16;sub20;sub22;sub24;sub27;sub28;sub29,sub18,50,0.015006007626652718,0.016457172110676765,0.002,1e-05,1.0,1.0,True,False,multimodal,psd-fc-wpli,gated,cnn,True,finetune,segssl_barlow_all-patient_psd-fc-wpli_finetune_seed13_pre20_proj32_mask0_03_noise0_02_mlp1_0_sup100,True,barlow,psd,all-patient,True,13,1.0,0.1,32,0.03,0.02
multimodal_psd-fc-wpli_gated_cnn,11,sub17,sub01;sub05;sub07;sub08;sub09;sub10;sub11;sub13;sub14;sub15;sub16;sub20;sub22;sub24;sub27;sub28;sub29,sub18,51,0.012759347446262836,0.01479205209761858,0.002,1e-05,1.0,1.0,True,False,multimodal,psd-fc-wpli,gated,cnn,True,finetune,segssl_barlow_all-patient_psd-fc-wpli_finetune_seed13_pre20_proj32_mask0_03_noise0_02_mlp1_0_sup100,True,barlow,psd,all-patient,True,13,1.0,0.1,32,0.03,0.02
multimodal_psd-fc-wpli_gated_cnn,11,sub17,sub01;sub05;sub07;sub08;sub09;sub10;sub11;sub13;sub14;sub15;sub16;sub20;sub22;sub24;sub27;sub28;sub29,sub18,52,0.010901663452386856,0.013493750244379044,0.002,1e-05,1.0,1.0,True,False,multimodal,psd-fc-wpli,gated,cnn,True,finetune,segssl_barlow_all-patient_psd-fc-wpli_finetune_seed13_pre20_proj32_mask0_03_noise0_02_mlp1_0_sup100,True,barlow,psd,all-patient,True,13,1.0,0.1,32,0.03,0.02
multimodal_psd-fc-wpli_gated_cnn,11,sub17,sub01;sub05;sub07;sub08;sub09;sub10;sub11;sub13;sub14;sub15;sub16;sub20;sub22;sub24;sub27;sub28;sub29,sub18,53,0.009364163503050804,0.012446833774447441,0.002,1e-05,1.0,1.0,True,False,multimodal,psd-fc-wpli,gated,cnn,True,finetune,segssl_barlow_all-patient_psd-fc-wpli_finetune_seed13_pre20_proj32_mask0_03_noise0_02_mlp1_0_sup100,True,barlow,psd,all-patient,True,13,1.0,0.1,32,0.03,0.02
multimodal_psd-fc-wpli_gated_cnn,11,sub17,sub01;sub05;sub07;sub08;sub09;sub10;sub11;sub13;sub14;sub15;sub16;sub20;sub22;sub24;sub27;sub28;sub29,sub18,54,0.008078002370893955,0.011578637175261974,0.002,1e-05,1.0,1.0,True,False,multimodal,psd-fc-wpli,gated,cnn,True,finetune,segssl_barlow_all-patient_psd-fc-wpli_finetune_seed13_pre20_proj32_mask0_03_noise0_02_mlp1_0_sup100,True,barlow,psd,all-patient,True,13,1.0,0.1,32,0.03,0.02
multimodal_psd-fc-wpli_gated_cnn,11,sub17,sub01;sub05;sub07;sub08;sub09;sub10;sub11;sub13;sub14;sub15;sub16;sub20;sub22;sub24;sub27;sub28;sub29,sub18,55,0.007001206278800964,0.010846334509551525,0.002,1e-05,1.0,1.0,True,False,multimodal,psd-fc-wpli,gated,cnn,True,finetune,segssl_barlow_all-patient_psd-fc-wpli_finetune_seed13_pre20_proj32_mask0_03_noise0_02_mlp1_0_sup100,True,barlow,psd,all-patient,True,13,1.0,0.1,32,0.03,0.02
multimodal_psd-fc-wpli_gated_cnn,11,sub17,sub01;sub05;sub07;sub08;sub09;sub10;sub11;sub13;sub14;sub15;sub16;sub20;sub22;sub24;sub27;sub28;sub29,sub18,56,0.006099225953221321,0.010221989825367928,0.002,1e-05,1.0,1.0,True,False,multimodal,psd-fc-wpli,gated,cnn,True,finetune,segssl_barlow_all-patient_psd-fc-wpli_finetune_seed13_pre20_proj32_mask0_03_noise0_02_mlp1_0_sup100,True,barlow,psd,all-patient,True,13,1.0,0.1,32,0.03,0.02
multimodal_psd-fc-wpli_gated_cnn,11,sub17,sub01;sub05;sub07;sub08;sub09;sub10;sub11;sub13;sub14;sub15;sub16;sub20;sub22;sub24;sub27;sub28;sub29,sub18,57,0.0053357952274382114,0.009684456512331963,0.002,1e-05,1.0,1.0,True,False,multimodal,psd-fc-wpli,gated,cnn,True,finetune,segssl_barlow_all-patient_psd-fc-wpli_finetune_seed13_pre20_proj32_mask0_03_noise0_02_mlp1_0_sup100,True,barlow,psd,all-patient,True,13,1.0,0.1,32,0.03,0.02
multimodal_psd-fc-wpli_gated_cnn,11,sub17,sub01;sub05;sub07;sub08;sub09;sub10;sub11;sub13;sub14;sub15;sub16;sub20;sub22;sub24;sub27;sub28;sub29,sub18,58,0.004685728810727596,0.0092196986079216,0.002,1e-05,1.0,1.0,True,False,multimodal,psd-fc-wpli,gated,cnn,True,finetune,segssl_barlow_all-patient_psd-fc-wpli_finetune_seed13_pre20_proj32_mask0_03_noise0_02_mlp1_0_sup100,True,barlow,psd,all-patient,True,13,1.0,0.1,32,0.03,0.02
multimodal_psd-fc-wpli_gated_cnn,11,sub17,sub01;sub05;sub07;sub08;sub09;sub10;sub11;sub13;sub14;sub15;sub16;sub20;sub22;sub24;sub27;sub28;sub29,sub18,59,0.004136868752539158,0.008817090652883053,0.002,1e-05,1.0,1.0,True,False,multimodal,psd-fc-wpli,gated,cnn,True,finetune,segssl_barlow_all-patient_psd-fc-wpli_finetune_seed13_pre20_proj32_mask0_03_noise0_02_mlp1_0_sup100,True,barlow,psd,all-patient,True,13,1.0,0.1,32,0.03,0.02
multimodal_psd-fc-wpli_gated_cnn,11,sub17,sub01;sub05;sub07;sub08;sub09;sub10;sub11;sub13;sub14;sub15;sub16;sub20;sub22;sub24;sub27;sub28;sub29,sub18,60,0.00367344100959599,0.008456720970571041,0.002,1e-05,1.0,1.0,True,False,multimodal,psd-fc-wpli,gated,cnn,True,finetune,segssl_barlow_all-patient_psd-fc-wpli_finetune_seed13_pre20_proj32_mask0_03_noise0_02_mlp1_0_sup100,True,barlow,psd,all-patient,True,13,1.0,0.1,32,0.03,0.02
multimodal_psd-fc-wpli_gated_cnn,11,sub17,sub01;sub05;sub07;sub08;sub09;sub10;sub11;sub13;sub14;sub15;sub16;sub20;sub22;sub24;sub27;sub28;sub29,sub18,61,0.0032823241781443357,0.008114567957818508,0.002,1e-05,1.0,1.0,True,False,multimodal,psd-fc-wpli,gated,cnn,True,finetune,segssl_barlow_all-patient_psd-fc-wpli_finetune_seed13_pre20_proj32_mask0_03_noise0_02_mlp1_0_sup100,True,barlow,psd,all-patient,True,13,1.0,0.1,32,0.03,0.02
multimodal_psd-fc-wpli_gated_cnn,11,sub17,sub01;sub05;sub07;sub08;sub09;sub10;sub11;sub13;sub14;sub15;sub16;sub20;sub22;sub24;sub27;sub28;sub29,sub18,62,0.0029479870572686195,0.0077792005613446236,0.002,1e-05,1.0,1.0,True,False,multimodal,psd-fc-wpli,gated,cnn,True,finetune,segssl_barlow_all-patient_psd-fc-wpli_finetune_seed13_pre20_proj32_mask0_03_noise0_02_mlp1_0_sup100,True,barlow,psd,all-patient,True,13,1.0,0.1,32,0.03,0.02
multimodal_psd-fc-wpli_gated_cnn,11,sub17,sub01;sub05;sub07;sub08;sub09;sub10;sub11;sub13;sub14;sub15;sub16;sub20;sub22;sub24;sub27;sub28;sub29,sub18,63,0.002659402322024107,0.007449830416589975,0.002,1e-05,1.0,1.0,True,False,multimodal,psd-fc-wpli,gated,cnn,True,finetune,segssl_barlow_all-patient_psd-fc-wpli_finetune_seed13_pre20_proj32_mask0_03_noise0_02_mlp1_0_sup100,True,barlow,psd,all-patient,True,13,1.0,0.1,32,0.03,0.02
multimodal_psd-fc-wpli_gated_cnn,11,sub17,sub01;sub05;sub07;sub08;sub09;sub10;sub11;sub13;sub14;sub15;sub16;sub20;sub22;sub24;sub27;sub28;sub29,sub18,64,0.002409383188933134,0.007129693403840065,0.002,1e-05,1.0,1.0,True,False,multimodal,psd-fc-wpli,gated,cnn,True,finetune,segssl_barlow_all-patient_psd-fc-wpli_finetune_seed13_pre20_proj32_mask0_03_noise0_02_mlp1_0_sup100,True,barlow,psd,all-patient,True,13,1.0,0.1,32,0.03,0.02
multimodal_psd-fc-wpli_gated_cnn,11,sub17,sub01;sub05;sub07;sub08;sub09;sub10;sub11;sub13;sub14;sub15;sub16;sub20;sub22;sub24;sub27;sub28;sub29,sub18,65,0.002192968735471368,0.006822020746767521,0.002,1e-05,1.0,1.0,True,False,multimodal,psd-fc-wpli,gated,cnn,True,finetune,segssl_barlow_all-patient_psd-fc-wpli_finetune_seed13_pre20_proj32_mask0_03_noise0_02_mlp1_0_sup100,True,barlow,psd,all-patient,True,13,1.0,0.1,32,0.03,0.02
multimodal_psd-fc-wpli_gated_cnn,11,sub17,sub01;sub05;sub07;sub08;sub09;sub10;sub11;sub13;sub14;sub15;sub16;sub20;sub22;sub24;sub27;sub28;sub29,sub18,66,0.002005297690629959,0.006531901657581329,0.002,1e-05,1.0,1.0,True,False,multimodal,psd-fc-wpli,gated,cnn,True,finetune,segssl_barlow_all-patient_psd-fc-wpli_finetune_seed13_pre20_proj32_mask0_03_noise0_02_mlp1_0_sup100,True,barlow,psd,all-patient,True,13,1.0,0.1,32,0.03,0.02
multimodal_psd-fc-wpli_gated_cnn,11,sub17,sub01;sub05;sub07;sub08;sub09;sub10;sub11;sub13;sub14;sub15;sub16;sub20;sub22;sub24;sub27;sub28;sub29,sub18,67,0.0018418865511193871,0.006262439303100109,0.002,1e-05,1.0,1.0,True,False,multimodal,psd-fc-wpli,gated,cnn,True,finetune,segssl_barlow_all-patient_psd-fc-wpli_finetune_seed13_pre20_proj32_mask0_03_noise0_02_mlp1_0_sup100,True,barlow,psd,all-patient,True,13,1.0,0.1,32,0.03,0.02
multimodal_psd-fc-wpli_gated_cnn,11,sub17,sub01;sub05;sub07;sub08;sub09;sub10;sub11;sub13;sub14;sub15;sub16;sub20;sub22;sub24;sub27;sub28;sub29,sub18,68,0.001698881620541215,0.006021712440997362,0.002,1e-05,1.0,1.0,True,False,multimodal,psd-fc-wpli,gated,cnn,True,finetune,segssl_barlow_all-patient_psd-fc-wpli_finetune_seed13_pre20_proj32_mask0_03_noise0_02_mlp1_0_sup100,True,barlow,psd,all-patient,True,13,1.0,0.1,32,0.03,0.02
multimodal_psd-fc-wpli_gated_cnn,11,sub17,sub01;sub05;sub07;sub08;sub09;sub10;sub11;sub13;sub14;sub15;sub16;sub20;sub22;sub24;sub27;sub28;sub29,sub18,69,0.0015733458567410707,0.005800227634608746,0.002,1e-05,1.0,1.0,True,False,multimodal,psd-fc-wpli,gated,cnn,True,finetune,segssl_barlow_all-patient_psd-fc-wpli_finetune_seed13_pre20_proj32_mask0_03_noise0_02_mlp1_0_sup100,True,barlow,psd,all-patient,True,13,1.0,0.1,32,0.03,0.02
multimodal_psd-fc-wpli_gated_cnn,11,sub17,sub01;sub05;sub07;sub08;sub09;sub10;sub11;sub13;sub14;sub15;sub16;sub20;sub22;sub24;sub27;sub28;sub29,sub18,70,0.0014630104415118694,0.005595514550805092,0.002,1e-05,1.0,1.0,True,False,multimodal,psd-fc-wpli,gated,cnn,True,finetune,segssl_barlow_all-patient_psd-fc-wpli_finetune_seed13_pre20_proj32_mask0_03_noise0_02_mlp1_0_sup100,True,barlow,psd,all-patient,True,13,1.0,0.1,32,0.03,0.02
multimodal_psd-fc-wpli_gated_cnn,11,sub17,sub01;sub05;sub07;sub08;sub09;sub10;sub11;sub13;sub14;sub15;sub16;sub20;sub22;sub24;sub27;sub28;sub29,sub18,71,0.0013660202967002988,0.005402948707342148,0.002,1e-05,1.0,1.0,True,False,multimodal,psd-fc-wpli,gated,cnn,True,finetune,segssl_barlow_all-patient_psd-fc-wpli_finetune_seed13_pre20_proj32_mask0_03_noise0_02_mlp1_0_sup100,True,barlow,psd,all-patient,True,13,1.0,0.1,32,0.03,0.02
multimodal_psd-fc-wpli_gated_cnn,11,sub17,sub01;sub05;sub07;sub08;sub09;sub10;sub11;sub13;sub14;sub15;sub16;sub20;sub22;sub24;sub27;sub28;sub29,sub18,72,0.0012805513106286526,0.005224260967224836,0.002,1e-05,1.0,1.0,True,False,multimodal,psd-fc-wpli,gated,cnn,True,finetune,segssl_barlow_all-patient_psd-fc-wpli_finetune_seed13_pre20_proj32_mask0_03_noise0_02_mlp1_0_sup100,True,barlow,psd,all-patient,True,13,1.0,0.1,32,0.03,0.02
multimodal_psd-fc-wpli_gated_cnn,11,sub17,sub01;sub05;sub07;sub08;sub09;sub10;sub11;sub13;sub14;sub15;sub16;sub20;sub22;sub24;sub27;sub28;sub29,sub18,73,0.0012043968308717012,0.0050515951588749886,0.002,1e-05,1.0,1.0,True,False,multimodal,psd-fc-wpli,gated,cnn,True,finetune,segssl_barlow_all-patient_psd-fc-wpli_finetune_seed13_pre20_proj32_mask0_03_noise0_02_mlp1_0_sup100,True,barlow,psd,all-patient,True,13,1.0,0.1,32,0.03,0.02
multimodal_psd-fc-wpli_gated_cnn,11,sub17,sub01;sub05;sub07;sub08;sub09;sub10;sub11;sub13;sub14;sub15;sub16;sub20;sub22;sub24;sub27;sub28;sub29,sub18,74,0.0011361202923581004,0.004883391782641411,0.002,1e-05,1.0,1.0,True,False,multimodal,psd-fc-wpli,gated,cnn,True,finetune,segssl_barlow_all-patient_psd-fc-wpli_finetune_seed13_pre20_proj32_mask0_03_noise0_02_mlp1_0_sup100,True,barlow,psd,all-patient,True,13,1.0,0.1,32,0.03,0.02
multimodal_psd-fc-wpli_gated_cnn,11,sub17,sub01;sub05;sub07;sub08;sub09;sub10;sub11;sub13;sub14;sub15;sub16;sub20;sub22;sub24;sub27;sub28;sub29,sub18,75,0.0010745422914624214,0.0047195288352668285,0.002,1e-05,1.0,1.0,True,False,multimodal,psd-fc-wpli,gated,cnn,True,finetune,segssl_barlow_all-patient_psd-fc-wpli_finetune_seed13_pre20_proj32_mask0_03_noise0_02_mlp1_0_sup100,True,barlow,psd,all-patient,True,13,1.0,0.1,32,0.03,0.02
multimodal_psd-fc-wpli_gated_cnn,11,sub17,sub01;sub05;sub07;sub08;sub09;sub10;sub11;sub13;sub14;sub15;sub16;sub20;sub22;sub24;sub27;sub28;sub29,sub18,76,0.0010189262684434652,0.004561141133308411,0.002,1e-05,1.0,1.0,True,False,multimodal,psd-fc-wpli,gated,cnn,True,finetune,segssl_barlow_all-patient_psd-fc-wpli_finetune_seed13_pre20_proj32_mask0_03_noise0_02_mlp1_0_sup100,True,barlow,psd,all-patient,True,13,1.0,0.1,32,0.03,0.02
multimodal_psd-fc-wpli_gated_cnn,11,sub17,sub01;sub05;sub07;sub08;sub09;sub10;sub11;sub13;sub14;sub15;sub16;sub20;sub22;sub24;sub27;sub28;sub29,sub18,77,0.0009686971898190677,0.004409484099596739,0.002,1e-05,1.0,1.0,True,False,multimodal,psd-fc-wpli,gated,cnn,True,finetune,segssl_barlow_all-patient_psd-fc-wpli_finetune_seed13_pre20_proj32_mask0_03_noise0_02_mlp1_0_sup100,True,barlow,psd,all-patient,True,13,1.0,0.1,32,0.03,0.02
multimodal_psd-fc-wpli_gated_cnn,11,sub17,sub01;sub05;sub07;sub08;sub09;sub10;sub11;sub13;sub14;sub15;sub16;sub20;sub22;sub24;sub27;sub28;sub29,sub18,78,0.0009230493451468647,0.0042732334695756435,0.002,1e-05,1.0,1.0,True,False,multimodal,psd-fc-wpli,gated,cnn,True,finetune,segssl_barlow_all-patient_psd-fc-wpli_finetune_seed13_pre20_proj32_mask0_03_noise0_02_mlp1_0_sup100,True,barlow,psd,all-patient,True,13,1.0,0.1,32,0.03,0.02
multimodal_psd-fc-wpli_gated_cnn,11,sub17,sub01;sub05;sub07;sub08;sub09;sub10;sub11;sub13;sub14;sub15;sub16;sub20;sub22;sub24;sub27;sub28;sub29,sub18,79,0.0008825341938063502,0.00413430854678154,0.002,1e-05,1.0,1.0,True,False,multimodal,psd-fc-wpli,gated,cnn,True,finetune,segssl_barlow_all-patient_psd-fc-wpli_finetune_seed13_pre20_proj32_mask0_03_noise0_02_mlp1_0_sup100,True,barlow,psd,all-patient,True,13,1.0,0.1,32,0.03,0.02
multimodal_psd-fc-wpli_gated_cnn,11,sub17,sub01;sub05;sub07;sub08;sub09;sub10;sub11;sub13;sub14;sub15;sub16;sub20;sub22;sub24;sub27;sub28;sub29,sub18,80,0.0008440444362349808,0.004011201206594706,0.002,1e-05,1.0,1.0,True,False,multimodal,psd-fc-wpli,gated,cnn,True,finetune,segssl_barlow_all-patient_psd-fc-wpli_finetune_seed13_pre20_proj32_mask0_03_noise0_02_mlp1_0_sup100,True,barlow,psd,all-patient,True,13,1.0,0.1,32,0.03,0.02
multimodal_psd-fc-wpli_gated_cnn,11,sub17,sub01;sub05;sub07;sub08;sub09;sub10;sub11;sub13;sub14;sub15;sub16;sub20;sub22;sub24;sub27;sub28;sub29,sub18,81,0.0008096472593024373,0.003898401279002428,0.002,1e-05,1.0,1.0,True,False,multimodal,psd-fc-wpli,gated,cnn,True,finetune,segssl_barlow_all-patient_psd-fc-wpli_finetune_seed13_pre20_proj32_mask0_03_noise0_02_mlp1_0_sup100,True,barlow,psd,all-patient,True,13,1.0,0.1,32,0.03,0.02
multimodal_psd-fc-wpli_gated_cnn,11,sub17,sub01;sub05;sub07;sub08;sub09;sub10;sub11;sub13;sub14;sub15;sub16;sub20;sub22;sub24;sub27;sub28;sub29,sub18,82,0.0007779566221870482,0.003793691284954548,0.002,1e-05,1.0,1.0,True,False,multimodal,psd-fc-wpli,gated,cnn,True,finetune,segssl_barlow_all-patient_psd-fc-wpli_finetune_seed13_pre20_proj32_mask0_03_noise0_02_mlp1_0_sup100,True,barlow,psd,all-patient,True,13,1.0,0.1,32,0.03,0.02
multimodal_psd-fc-wpli_gated_cnn,11,sub17,sub01;sub05;sub07;sub08;sub09;sub10;sub11;sub13;sub14;sub15;sub16;sub20;sub22;sub24;sub27;sub28;sub29,sub18,83,0.0007486561662517488,0.003695812076330185,0.002,1e-05,1.0,1.0,True,False,multimodal,psd-fc-wpli,gated,cnn,True,finetune,segssl_barlow_all-patient_psd-fc-wpli_finetune_seed13_pre20_proj32_mask0_03_noise0_02_mlp1_0_sup100,True,barlow,psd,all-patient,True,13,1.0,0.1,32,0.03,0.02
multimodal_psd-fc-wpli_gated_cnn,11,sub17,sub01;sub05;sub07;sub08;sub09;sub10;sub11;sub13;sub14;sub15;sub16;sub20;sub22;sub24;sub27;sub28;sub29,sub18,84,0.0007215279620140791,0.003602668410167098,0.002,1e-05,1.0,1.0,True,False,multimodal,psd-fc-wpli,gated,cnn,True,finetune,segssl_barlow_all-patient_psd-fc-wpli_finetune_seed13_pre20_proj32_mask0_03_noise0_02_mlp1_0_sup100,True,barlow,psd,all-patient,True,13,1.0,0.1,32,0.03,0.02
multimodal_psd-fc-wpli_gated_cnn,11,sub17,sub01;sub05;sub07;sub08;sub09;sub10;sub11;sub13;sub14;sub15;sub16;sub20;sub22;sub24;sub27;sub28;sub29,sub18,85,0.0006963704945519567,0.0035127634182572365,0.002,1e-05,1.0,1.0,True,False,multimodal,psd-fc-wpli,gated,cnn,True,finetune,segssl_barlow_all-patient_psd-fc-wpli_finetune_seed13_pre20_proj32_mask0_03_noise0_02_mlp1_0_sup100,True,barlow,psd,all-patient,True,13,1.0,0.1,32,0.03,0.02
multimodal_psd-fc-wpli_gated_cnn,11,sub17,sub01;sub05;sub07;sub08;sub09;sub10;sub11;sub13;sub14;sub15;sub16;sub20;sub22;sub24;sub27;sub28;sub29,sub18,86,0.0006729972665198147,0.0034257969819009304,0.002,1e-05,1.0,1.0,True,False,multimodal,psd-fc-wpli,gated,cnn,True,finetune,segssl_barlow_all-patient_psd-fc-wpli_finetune_seed13_pre20_proj32_mask0_03_noise0_02_mlp1_0_sup100,True,barlow,psd,all-patient,True,13,1.0,0.1,32,0.03,0.02
multimodal_psd-fc-wpli_gated_cnn,11,sub17,sub01;sub05;sub07;sub08;sub09;sub10;sub11;sub13;sub14;sub15;sub16;sub20;sub22;sub24;sub27;sub28;sub29,sub18,87,0.0006510939565487206,0.003347150981426239,0.002,1e-05,1.0,1.0,True,False,multimodal,psd-fc-wpli,gated,cnn,True,finetune,segssl_barlow_all-patient_psd-fc-wpli_finetune_seed13_pre20_proj32_mask0_03_noise0_02_mlp1_0_sup100,True,barlow,psd,all-patient,True,13,1.0,0.1,32,0.03,0.02
multimodal_psd-fc-wpli_gated_cnn,11,sub17,sub01;sub05;sub07;sub08;sub09;sub10;sub11;sub13;sub14;sub15;sub16;sub20;sub22;sub24;sub27;sub28;sub29,sub18,88,0.000630606955382973,0.003268750384449959,0.002,1e-05,1.0,1.0,True,False,multimodal,psd-fc-wpli,gated,cnn,True,finetune,segssl_barlow_all-patient_psd-fc-wpli_finetune_seed13_pre20_proj32_mask0_03_noise0_02_mlp1_0_sup100,True,barlow,psd,all-patient,True,13,1.0,0.1,32,0.03,0.02
multimodal_psd-fc-wpli_gated_cnn,11,sub17,sub01;sub05;sub07;sub08;sub09;sub10;sub11;sub13;sub14;sub15;sub16;sub20;sub22;sub24;sub27;sub28;sub29,sub18,89,0.0006111797410994768,0.0031898177694529295,0.002,1e-05,1.0,1.0,True,False,multimodal,psd-fc-wpli,gated,cnn,True,finetune,segssl_barlow_all-patient_psd-fc-wpli_finetune_seed13_pre20_proj32_mask0_03_noise0_02_mlp1_0_sup100,True,barlow,psd,all-patient,True,13,1.0,0.1,32,0.03,0.02
multimodal_psd-fc-wpli_gated_cnn,11,sub17,sub01;sub05;sub07;sub08;sub09;sub10;sub11;sub13;sub14;sub15;sub16;sub20;sub22;sub24;sub27;sub28;sub29,sub18,90,0.0005925694713369012,0.0031085596419870853,0.002,1e-05,1.0,1.0,True,False,multimodal,psd-fc-wpli,gated,cnn,True,finetune,segssl_barlow_all-patient_psd-fc-wpli_finetune_seed13_pre20_proj32_mask0_03_noise0_02_mlp1_0_sup100,True,barlow,psd,all-patient,True,13,1.0,0.1,32,0.03,0.02
multimodal_psd-fc-wpli_gated_cnn,11,sub17,sub01;sub05;sub07;sub08;sub09;sub10;sub11;sub13;sub14;sub15;sub16;sub20;sub22;sub24;sub27;sub28;sub29,sub18,91,0.0005745716625824571,0.00302712875418365,0.002,1e-05,1.0,1.0,True,False,multimodal,psd-fc-wpli,gated,cnn,True,finetune,segssl_barlow_all-patient_psd-fc-wpli_finetune_seed13_pre20_proj32_mask0_03_noise0_02_mlp1_0_sup100,True,barlow,psd,all-patient,True,13,1.0,0.1,32,0.03,0.02
multimodal_psd-fc-wpli_gated_cnn,11,sub17,sub01;sub05;sub07;sub08;sub09;sub10;sub11;sub13;sub14;sub15;sub16;sub20;sub22;sub24;sub27;sub28;sub29,sub18,92,0.0005571745568886399,0.002945704385638237,0.002,1e-05,1.0,1.0,True,False,multimodal,psd-fc-wpli,gated,cnn,True,finetune,segssl_barlow_all-patient_psd-fc-wpli_finetune_seed13_pre20_proj32_mask0_03_noise0_02_mlp1_0_sup100,True,barlow,psd,all-patient,True,13,1.0,0.1,32,0.03,0.02
multimodal_psd-fc-wpli_gated_cnn,11,sub17,sub01;sub05;sub07;sub08;sub09;sub10;sub11;sub13;sub14;sub15;sub16;sub20;sub22;sub24;sub27;sub28;sub29,sub18,93,0.0005403061513788998,0.0028652430046349764,0.002,1e-05,1.0,1.0,True,False,multimodal,psd-fc-wpli,gated,cnn,True,finetune,segssl_barlow_all-patient_psd-fc-wpli_finetune_seed13_pre20_proj32_mask0_03_noise0_02_mlp1_0_sup100,True,barlow,psd,all-patient,True,13,1.0,0.1,32,0.03,0.02
multimodal_psd-fc-wpli_gated_cnn,11,sub17,sub01;sub05;sub07;sub08;sub09;sub10;sub11;sub13;sub14;sub15;sub16;sub20;sub22;sub24;sub27;sub28;sub29,sub18,94,0.0005240400205366313,0.0027914228849112988,0.002,1e-05,1.0,1.0,True,False,multimodal,psd-fc-wpli,gated,cnn,True,finetune,segssl_barlow_all-patient_psd-fc-wpli_finetune_seed13_pre20_proj32_mask0_03_noise0_02_mlp1_0_sup100,True,barlow,psd,all-patient,True,13,1.0,0.1,32,0.03,0.02
multimodal_psd-fc-wpli_gated_cnn,11,sub17,sub01;sub05;sub07;sub08;sub09;sub10;sub11;sub13;sub14;sub15;sub16;sub20;sub22;sub24;sub27;sub28;sub29,sub18,95,0.0005081879789941013,0.002720715943723917,0.002,1e-05,1.0,1.0,True,False,multimodal,psd-fc-wpli,gated,cnn,True,finetune,segssl_barlow_all-patient_psd-fc-wpli_finetune_seed13_pre20_proj32_mask0_03_noise0_02_mlp1_0_sup100,True,barlow,psd,all-patient,True,13,1.0,0.1,32,0.03,0.02
multimodal_psd-fc-wpli_gated_cnn,11,sub17,sub01;sub05;sub07;sub08;sub09;sub10;sub11;sub13;sub14;sub15;sub16;sub20;sub22;sub24;sub27;sub28;sub29,sub18,96,0.0004925767425447702,0.0026524642016738653,0.002,1e-05,1.0,1.0,True,False,multimodal,psd-fc-wpli,gated,cnn,True,finetune,segssl_barlow_all-patient_psd-fc-wpli_finetune_seed13_pre20_proj32_mask0_03_noise0_02_mlp1_0_sup100,True,barlow,psd,all-patient,True,13,1.0,0.1,32,0.03,0.02
multimodal_psd-fc-wpli_gated_cnn,11,sub17,sub01;sub05;sub07;sub08;sub09;sub10;sub11;sub13;sub14;sub15;sub16;sub20;sub22;sub24;sub27;sub28;sub29,sub18,97,0.0004772104148287326,0.002590850694105029,0.002,1e-05,1.0,1.0,True,False,multimodal,psd-fc-wpli,gated,cnn,True,finetune,segssl_barlow_all-patient_psd-fc-wpli_finetune_seed13_pre20_proj32_mask0_03_noise0_02_mlp1_0_sup100,True,barlow,psd,all-patient,True,13,1.0,0.1,32,0.03,0.02
multimodal_psd-fc-wpli_gated_cnn,11,sub17,sub01;sub05;sub07;sub08;sub09;sub10;sub11;sub13;sub14;sub15;sub16;sub20;sub22;sub24;sub27;sub28;sub29,sub18,98,0.00046197499614208937,0.0025334234815090895,0.002,1e-05,1.0,1.0,True,False,multimodal,psd-fc-wpli,gated,cnn,True,finetune,segssl_barlow_all-patient_psd-fc-wpli_finetune_seed13_pre20_proj32_mask0_03_noise0_02_mlp1_0_sup100,True,barlow,psd,all-patient,True,13,1.0,0.1,32,0.03,0.02
multimodal_psd-fc-wpli_gated_cnn,11,sub17,sub01;sub05;sub07;sub08;sub09;sub10;sub11;sub13;sub14;sub15;sub16;sub20;sub22;sub24;sub27;sub28;sub29,sub18,99,0.00044704758329316974,0.0024767168797552586,0.002,1e-05,1.0,1.0,True,False,multimodal,psd-fc-wpli,gated,cnn,True,finetune,segssl_barlow_all-patient_psd-fc-wpli_finetune_seed13_pre20_proj32_mask0_03_noise0_02_mlp1_0_sup100,True,barlow,psd,all-patient,True,13,1.0,0.1,32,0.03,0.02
multimodal_psd-fc-wpli_gated_cnn,11,sub17,sub01;sub05;sub07;sub08;sub09;sub10;sub11;sub13;sub14;sub15;sub16;sub20;sub22;sub24;sub27;sub28;sub29,sub18,100,0.00043226080015301704,0.002420371863991022,0.002,1e-05,1.0,1.0,True,False,multimodal,psd-fc-wpli,gated,cnn,True,finetune,segssl_barlow_all-patient_psd-fc-wpli_finetune_seed13_pre20_proj32_mask0_03_noise0_02_mlp1_0_sup100,True,barlow,psd,all-patient,True,13,1.0,0.1,32,0.03,0.02
multimodal_psd-fc-wpli_gated_cnn,12,sub18,sub01;sub05;sub07;sub08;sub09;sub10;sub11;sub13;sub14;sub15;sub16;sub17;sub22;sub24;sub27;sub28;sub29,sub20,1,0.6962575316429138,0.6355876326560974,0.002,1e-05,1.0,1.0,True,False,multimodal,psd-fc-wpli,gated,cnn,True,finetune,segssl_barlow_all-patient_psd-fc-wpli_finetune_seed13_pre20_proj32_mask0_03_noise0_02_mlp1_0_sup100,True,barlow,psd,all-patient,True,13,1.0,0.1,32,0.03,0.02
multimodal_psd-fc-wpli_gated_cnn,12,sub18,sub01;sub05;sub07;sub08;sub09;sub10;sub11;sub13;sub14;sub15;sub16;sub17;sub22;sub24;sub27;sub28;sub29,sub20,2,0.6906090378761292,0.6365252137184143,0.002,1e-05,1.0,1.0,False,False,multimodal,psd-fc-wpli,gated,cnn,True,finetune,segssl_barlow_all-patient_psd-fc-wpli_finetune_seed13_pre20_proj32_mask0_03_noise0_02_mlp1_0_sup100,True,barlow,psd,all-patient,True,13,1.0,0.1,32,0.03,0.02
multimodal_psd-fc-wpli_gated_cnn,12,sub18,sub01;sub05;sub07;sub08;sub09;sub10;sub11;sub13;sub14;sub15;sub16;sub17;sub22;sub24;sub27;sub28;sub29,sub20,3,0.6859884858131409,0.6369885206222534,0.002,1e-05,1.0,1.0,False,False,multimodal,psd-fc-wpli,gated,cnn,True,finetune,segssl_barlow_all-patient_psd-fc-wpli_finetune_seed13_pre20_proj32_mask0_03_noise0_02_mlp1_0_sup100,True,barlow,psd,all-patient,True,13,1.0,0.1,32,0.03,0.02
multimodal_psd-fc-wpli_gated_cnn,12,sub18,sub01;sub05;sub07;sub08;sub09;sub10;sub11;sub13;sub14;sub15;sub16;sub17;sub22;sub24;sub27;sub28;sub29,sub20,4,0.6811681389808655,0.6376599073410034,0.002,1e-05,1.0,1.0,False,False,multimodal,psd-fc-wpli,gated,cnn,True,finetune,segssl_barlow_all-patient_psd-fc-wpli_finetune_seed13_pre20_proj32_mask0_03_noise0_02_mlp1_0_sup100,True,barlow,psd,all-patient,True,13,1.0,0.1,32,0.03,0.02
multimodal_psd-fc-wpli_gated_cnn,12,sub18,sub01;sub05;sub07;sub08;sub09;sub10;sub11;sub13;sub14;sub15;sub16;sub17;sub22;sub24;sub27;sub28;sub29,sub20,5,0.6755670309066772,0.6404165029525757,0.002,1e-05,1.0,1.0,False,False,multimodal,psd-fc-wpli,gated,cnn,True,finetune,segssl_barlow_all-patient_psd-fc-wpli_finetune_seed13_pre20_proj32_mask0_03_noise0_02_mlp1_0_sup100,True,barlow,psd,all-patient,True,13,1.0,0.1,32,0.03,0.02
multimodal_psd-fc-wpli_gated_cnn,12,sub18,sub01;sub05;sub07;sub08;sub09;sub10;sub11;sub13;sub14;sub15;sub16;sub17;sub22;sub24;sub27;sub28;sub29,sub20,6,0.669335663318634,0.6439759135246277,0.002,1e-05,1.0,1.0,False,False,multimodal,psd-fc-wpli,gated,cnn,True,finetune,segssl_barlow_all-patient_psd-fc-wpli_finetune_seed13_pre20_proj32_mask0_03_noise0_02_mlp1_0_sup100,True,barlow,psd,all-patient,True,13,1.0,0.1,32,0.03,0.02
multimodal_psd-fc-wpli_gated_cnn,12,sub18,sub01;sub05;sub07;sub08;sub09;sub10;sub11;sub13;sub14;sub15;sub16;sub17;sub22;sub24;sub27;sub28;sub29,sub20,7,0.6624189019203186,0.6500811576843262,0.002,1e-05,1.0,1.0,False,False,multimodal,psd-fc-wpli,gated,cnn,True,finetune,segssl_barlow_all-patient_psd-fc-wpli_finetune_seed13_pre20_proj32_mask0_03_noise0_02_mlp1_0_sup100,True,barlow,psd,all-patient,True,13,1.0,0.1,32,0.03,0.02
multimodal_psd-fc-wpli_gated_cnn,12,sub18,sub01;sub05;sub07;sub08;sub09;sub10;sub11;sub13;sub14;sub15;sub16;sub17;sub22;sub24;sub27;sub28;sub29,sub20,8,0.6549893021583557,0.6581059694290161,0.002,1e-05,1.0,1.0,False,False,multimodal,psd-fc-wpli,gated,cnn,True,finetune,segssl_barlow_all-patient_psd-fc-wpli_finetune_seed13_pre20_proj32_mask0_03_noise0_02_mlp1_0_sup100,True,barlow,psd,all-patient,True,13,1.0,0.1,32,0.03,0.02
multimodal_psd-fc-wpli_gated_cnn,12,sub18,sub01;sub05;sub07;sub08;sub09;sub10;sub11;sub13;sub14;sub15;sub16;sub17;sub22;sub24;sub27;sub28;sub29,sub20,9,0.6469486951828003,0.6676870584487915,0.002,1e-05,1.0,1.0,False,False,multimodal,psd-fc-wpli,gated,cnn,True,finetune,segssl_barlow_all-patient_psd-fc-wpli_finetune_seed13_pre20_proj32_mask0_03_noise0_02_mlp1_0_sup100,True,barlow,psd,all-patient,True,13,1.0,0.1,32,0.03,0.02
multimodal_psd-fc-wpli_gated_cnn,12,sub18,sub01;sub05;sub07;sub08;sub09;sub10;sub11;sub13;sub14;sub15;sub16;sub17;sub22;sub24;sub27;sub28;sub29,sub20,10,0.6381784081459045,0.6759665012359619,0.002,1e-05,1.0,1.0,False,False,multimodal,psd-fc-wpli,gated,cnn,True,finetune,segssl_barlow_all-patient_psd-fc-wpli_finetune_seed13_pre20_proj32_mask0_03_noise0_02_mlp1_0_sup100,True,barlow,psd,all-patient,True,13,1.0,0.1,32,0.03,0.02
multimodal_psd-fc-wpli_gated_cnn,12,sub18,sub01;sub05;sub07;sub08;sub09;sub10;sub11;sub13;sub14;sub15;sub16;sub17;sub22;sub24;sub27;sub28;sub29,sub20,11,0.6285855770111084,0.6835463047027588,0.002,1e-05,1.0,1.0,False,False,multimodal,psd-fc-wpli,gated,cnn,True,finetune,segssl_barlow_all-patient_psd-fc-wpli_finetune_seed13_pre20_proj32_mask0_03_noise0_02_mlp1_0_sup100,True,barlow,psd,all-patient,True,13,1.0,0.1,32,0.03,0.02
multimodal_psd-fc-wpli_gated_cnn,12,sub18,sub01;sub05;sub07;sub08;sub09;sub10;sub11;sub13;sub14;sub15;sub16;sub17;sub22;sub24;sub27;sub28;sub29,sub20,12,0.618079662322998,0.6883871555328369,0.002,1e-05,1.0,1.0,False,False,multimodal,psd-fc-wpli,gated,cnn,True,finetune,segssl_barlow_all-patient_psd-fc-wpli_finetune_seed13_pre20_proj32_mask0_03_noise0_02_mlp1_0_sup100,True,barlow,psd,all-patient,True,13,1.0,0.1,32,0.03,0.02
multimodal_psd-fc-wpli_gated_cnn,12,sub18,sub01;sub05;sub07;sub08;sub09;sub10;sub11;sub13;sub14;sub15;sub16;sub17;sub22;sub24;sub27;sub28;sub29,sub20,13,0.6066457033157349,0.6899521350860596,0.002,1e-05,1.0,1.0,False,False,multimodal,psd-fc-wpli,gated,cnn,True,finetune,segssl_barlow_all-patient_psd-fc-wpli_finetune_seed13_pre20_proj32_mask0_03_noise0_02_mlp1_0_sup100,True,barlow,psd,all-patient,True,13,1.0,0.1,32,0.03,0.02
multimodal_psd-fc-wpli_gated_cnn,12,sub18,sub01;sub05;sub07;sub08;sub09;sub10;sub11;sub13;sub14;sub15;sub16;sub17;sub22;sub24;sub27;sub28;sub29,sub20,14,0.5942555665969849,0.6868413686752319,0.002,1e-05,1.0,1.0,False,False,multimodal,psd-fc-wpli,gated,cnn,True,finetune,segssl_barlow_all-patient_psd-fc-wpli_finetune_seed13_pre20_proj32_mask0_03_noise0_02_mlp1_0_sup100,True,barlow,psd,all-patient,True,13,1.0,0.1,32,0.03,0.02
multimodal_psd-fc-wpli_gated_cnn,12,sub18,sub01;sub05;sub07;sub08;sub09;sub10;sub11;sub13;sub14;sub15;sub16;sub17;sub22;sub24;sub27;sub28;sub29,sub20,15,0.5806718468666077,0.6791061162948608,0.002,1e-05,1.0,1.0,False,False,multimodal,psd-fc-wpli,gated,cnn,True,finetune,segssl_barlow_all-patient_psd-fc-wpli_finetune_seed13_pre20_proj32_mask0_03_noise0_02_mlp1_0_sup100,True,barlow,psd,all-patient,True,13,1.0,0.1,32,0.03,0.02
multimodal_psd-fc-wpli_gated_cnn,12,sub18,sub01;sub05;sub07;sub08;sub09;sub10;sub11;sub13;sub14;sub15;sub16;sub17;sub22;sub24;sub27;sub28;sub29,sub20,16,0.5657732486724854,0.6676627993583679,0.002,1e-05,1.0,1.0,False,False,multimodal,psd-fc-wpli,gated,cnn,True,finetune,segssl_barlow_all-patient_psd-fc-wpli_finetune_seed13_pre20_proj32_mask0_03_noise0_02_mlp1_0_sup100,True,barlow,psd,all-patient,True,13,1.0,0.1,32,0.03,0.02
multimodal_psd-fc-wpli_gated_cnn,12,sub18,sub01;sub05;sub07;sub08;sub09;sub10;sub11;sub13;sub14;sub15;sub16;sub17;sub22;sub24;sub27;sub28;sub29,sub20,17,0.5495196580886841,0.6533870100975037,0.002,1e-05,1.0,1.0,False,False,multimodal,psd-fc-wpli,gated,cnn,True,finetune,segssl_barlow_all-patient_psd-fc-wpli_finetune_seed13_pre20_proj32_mask0_03_noise0_02_mlp1_0_sup100,True,barlow,psd,all-patient,True,13,1.0,0.1,32,0.03,0.02
multimodal_psd-fc-wpli_gated_cnn,12,sub18,sub01;sub05;sub07;sub08;sub09;sub10;sub11;sub13;sub14;sub15;sub16;sub17;sub22;sub24;sub27;sub28;sub29,sub20,18,0.5320549011230469,0.6365820169448853,0.002,1e-05,1.0,1.0,False,False,multimodal,psd-fc-wpli,gated,cnn,True,finetune,segssl_barlow_all-patient_psd-fc-wpli_finetune_seed13_pre20_proj32_mask0_03_noise0_02_mlp1_0_sup100,True,barlow,psd,all-patient,True,13,1.0,0.1,32,0.03,0.02
multimodal_psd-fc-wpli_gated_cnn,12,sub18,sub01;sub05;sub07;sub08;sub09;sub10;sub11;sub13;sub14;sub15;sub16;sub17;sub22;sub24;sub27;sub28;sub29,sub20,19,0.5136899948120117,0.6175850629806519,0.002,1e-05,1.0,1.0,True,False,multimodal,psd-fc-wpli,gated,cnn,True,finetune,segssl_barlow_all-patient_psd-fc-wpli_finetune_seed13_pre20_proj32_mask0_03_noise0_02_mlp1_0_sup100,True,barlow,psd,all-patient,True,13,1.0,0.1,32,0.03,0.02
multimodal_psd-fc-wpli_gated_cnn,12,sub18,sub01;sub05;sub07;sub08;sub09;sub10;sub11;sub13;sub14;sub15;sub16;sub17;sub22;sub24;sub27;sub28;sub29,sub20,20,0.49413803219795227,0.5969210267066956,0.002,1e-05,1.0,1.0,True,False,multimodal,psd-fc-wpli,gated,cnn,True,finetune,segssl_barlow_all-patient_psd-fc-wpli_finetune_seed13_pre20_proj32_mask0_03_noise0_02_mlp1_0_sup100,True,barlow,psd,all-patient,True,13,1.0,0.1,32,0.03,0.02
multimodal_psd-fc-wpli_gated_cnn,12,sub18,sub01;sub05;sub07;sub08;sub09;sub10;sub11;sub13;sub14;sub15;sub16;sub17;sub22;sub24;sub27;sub28;sub29,sub20,21,0.47368791699409485,0.5751379728317261,0.002,1e-05,1.0,1.0,True,False,multimodal,psd-fc-wpli,gated,cnn,True,finetune,segssl_barlow_all-patient_psd-fc-wpli_finetune_seed13_pre20_proj32_mask0_03_noise0_02_mlp1_0_sup100,True,barlow,psd,all-patient,True,13,1.0,0.1,32,0.03,0.02
multimodal_psd-fc-wpli_gated_cnn,12,sub18,sub01;sub05;sub07;sub08;sub09;sub10;sub11;sub13;sub14;sub15;sub16;sub17;sub22;sub24;sub27;sub28;sub29,sub20,22,0.452196329832077,0.5518932342529297,0.002,1e-05,1.0,1.0,True,False,multimodal,psd-fc-wpli,gated,cnn,True,finetune,segssl_barlow_all-patient_psd-fc-wpli_finetune_seed13_pre20_proj32_mask0_03_noise0_02_mlp1_0_sup100,True,barlow,psd,all-patient,True,13,1.0,0.1,32,0.03,0.02
multimodal_psd-fc-wpli_gated_cnn,12,sub18,sub01;sub05;sub07;sub08;sub09;sub10;sub11;sub13;sub14;sub15;sub16;sub17;sub22;sub24;sub27;sub28;sub29,sub20,23,0.42981162667274475,0.5271727442741394,0.002,1e-05,1.0,1.0,True,False,multimodal,psd-fc-wpli,gated,cnn,True,finetune,segssl_barlow_all-patient_psd-fc-wpli_finetune_seed13_pre20_proj32_mask0_03_noise0_02_mlp1_0_sup100,True,barlow,psd,all-patient,True,13,1.0,0.1,32,0.03,0.02
multimodal_psd-fc-wpli_gated_cnn,12,sub18,sub01;sub05;sub07;sub08;sub09;sub10;sub11;sub13;sub14;sub15;sub16;sub17;sub22;sub24;sub27;sub28;sub29,sub20,24,0.4067303538322449,0.5010288953781128,0.002,1e-05,1.0,1.0,True,False,multimodal,psd-fc-wpli,gated,cnn,True,finetune,segssl_barlow_all-patient_psd-fc-wpli_finetune_seed13_pre20_proj32_mask0_03_noise0_02_mlp1_0_sup100,True,barlow,psd,all-patient,True,13,1.0,0.1,32,0.03,0.02
multimodal_psd-fc-wpli_gated_cnn,12,sub18,sub01;sub05;sub07;sub08;sub09;sub10;sub11;sub13;sub14;sub15;sub16;sub17;sub22;sub24;sub27;sub28;sub29,sub20,25,0.38332659006118774,0.4741266369819641,0.002,1e-05,1.0,1.0,True,False,multimodal,psd-fc-wpli,gated,cnn,True,finetune,segssl_barlow_all-patient_psd-fc-wpli_finetune_seed13_pre20_proj32_mask0_03_noise0_02_mlp1_0_sup100,True,barlow,psd,all-patient,True,13,1.0,0.1,32,0.03,0.02
multimodal_psd-fc-wpli_gated_cnn,12,sub18,sub01;sub05;sub07;sub08;sub09;sub10;sub11;sub13;sub14;sub15;sub16;sub17;sub22;sub24;sub27;sub28;sub29,sub20,26,0.35954609513282776,0.4465232491493225,0.002,1e-05,1.0,1.0,True,False,multimodal,psd-fc-wpli,gated,cnn,True,finetune,segssl_barlow_all-patient_psd-fc-wpli_finetune_seed13_pre20_proj32_mask0_03_noise0_02_mlp1_0_sup100,True,barlow,psd,all-patient,True,13,1.0,0.1,32,0.03,0.02
multimodal_psd-fc-wpli_gated_cnn,12,sub18,sub01;sub05;sub07;sub08;sub09;sub10;sub11;sub13;sub14;sub15;sub16;sub17;sub22;sub24;sub27;sub28;sub29,sub20,27,0.3355492353439331,0.4176798462867737,0.002,1e-05,1.0,1.0,True,False,multimodal,psd-fc-wpli,gated,cnn,True,finetune,segssl_barlow_all-patient_psd-fc-wpli_finetune_seed13_pre20_proj32_mask0_03_noise0_02_mlp1_0_sup100,True,barlow,psd,all-patient,True,13,1.0,0.1,32,0.03,0.02
multimodal_psd-fc-wpli_gated_cnn,12,sub18,sub01;sub05;sub07;sub08;sub09;sub10;sub11;sub13;sub14;sub15;sub16;sub17;sub22;sub24;sub27;sub28;sub29,sub20,28,0.3117924630641937,0.38834765553474426,0.002,1e-05,1.0,1.0,True,False,multimodal,psd-fc-wpli,gated,cnn,True,finetune,segssl_barlow_all-patient_psd-fc-wpli_finetune_seed13_pre20_proj32_mask0_03_noise0_02_mlp1_0_sup100,True,barlow,psd,all-patient,True,13,1.0,0.1,32,0.03,0.02
multimodal_psd-fc-wpli_gated_cnn,12,sub18,sub01;sub05;sub07;sub08;sub09;sub10;sub11;sub13;sub14;sub15;sub16;sub17;sub22;sub24;sub27;sub28;sub29,sub20,29,0.28840816020965576,0.35980528593063354,0.002,1e-05,1.0,1.0,True,False,multimodal,psd-fc-wpli,gated,cnn,True,finetune,segssl_barlow_all-patient_psd-fc-wpli_finetune_seed13_pre20_proj32_mask0_03_noise0_02_mlp1_0_sup100,True,barlow,psd,all-patient,True,13,1.0,0.1,32,0.03,0.02
multimodal_psd-fc-wpli_gated_cnn,12,sub18,sub01;sub05;sub07;sub08;sub09;sub10;sub11;sub13;sub14;sub15;sub16;sub17;sub22;sub24;sub27;sub28;sub29,sub20,30,0.26541322469711304,0.33388814330101013,0.002,1e-05,1.0,1.0,True,False,multimodal,psd-fc-wpli,gated,cnn,True,finetune,segssl_barlow_all-patient_psd-fc-wpli_finetune_seed13_pre20_proj32_mask0_03_noise0_02_mlp1_0_sup100,True,barlow,psd,all-patient,True,13,1.0,0.1,32,0.03,0.02
multimodal_psd-fc-wpli_gated_cnn,12,sub18,sub01;sub05;sub07;sub08;sub09;sub10;sub11;sub13;sub14;sub15;sub16;sub17;sub22;sub24;sub27;sub28;sub29,sub20,31,0.24255743622779846,0.3106634318828583,0.002,1e-05,1.0,1.0,True,False,multimodal,psd-fc-wpli,gated,cnn,True,finetune,segssl_barlow_all-patient_psd-fc-wpli_finetune_seed13_pre20_proj32_mask0_03_noise0_02_mlp1_0_sup100,True,barlow,psd,all-patient,True,13,1.0,0.1,32,0.03,0.02
multimodal_psd-fc-wpli_gated_cnn,12,sub18,sub01;sub05;sub07;sub08;sub09;sub10;sub11;sub13;sub14;sub15;sub16;sub17;sub22;sub24;sub27;sub28;sub29,sub20,32,0.21974852681159973,0.2896033525466919,0.002,1e-05,1.0,1.0,True,False,multimodal,psd-fc-wpli,gated,cnn,True,finetune,segssl_barlow_all-patient_psd-fc-wpli_finetune_seed13_pre20_proj32_mask0_03_noise0_02_mlp1_0_sup100,True,barlow,psd,all-patient,True,13,1.0,0.1,32,0.03,0.02
multimodal_psd-fc-wpli_gated_cnn,12,sub18,sub01;sub05;sub07;sub08;sub09;sub10;sub11;sub13;sub14;sub15;sub16;sub17;sub22;sub24;sub27;sub28;sub29,sub20,33,0.19700098037719727,0.2701035141944885,0.002,1e-05,1.0,1.0,True,False,multimodal,psd-fc-wpli,gated,cnn,True,finetune,segssl_barlow_all-patient_psd-fc-wpli_finetune_seed13_pre20_proj32_mask0_03_noise0_02_mlp1_0_sup100,True,barlow,psd,all-patient,True,13,1.0,0.1,32,0.03,0.02
multimodal_psd-fc-wpli_gated_cnn,12,sub18,sub01;sub05;sub07;sub08;sub09;sub10;sub11;sub13;sub14;sub15;sub16;sub17;sub22;sub24;sub27;sub28;sub29,sub20,34,0.17538350820541382,0.25227609276771545,0.002,1e-05,1.0,1.0,True,False,multimodal,psd-fc-wpli,gated,cnn,True,finetune,segssl_barlow_all-patient_psd-fc-wpli_finetune_seed13_pre20_proj32_mask0_03_noise0_02_mlp1_0_sup100,True,barlow,psd,all-patient,True,13,1.0,0.1,32,0.03,0.02
multimodal_psd-fc-wpli_gated_cnn,12,sub18,sub01;sub05;sub07;sub08;sub09;sub10;sub11;sub13;sub14;sub15;sub16;sub17;sub22;sub24;sub27;sub28;sub29,sub20,35,0.1558193862438202,0.23433539271354675,0.002,1e-05,1.0,1.0,True,False,multimodal,psd-fc-wpli,gated,cnn,True,finetune,segssl_barlow_all-patient_psd-fc-wpli_finetune_seed13_pre20_proj32_mask0_03_noise0_02_mlp1_0_sup100,True,barlow,psd,all-patient,True,13,1.0,0.1,32,0.03,0.02
multimodal_psd-fc-wpli_gated_cnn,12,sub18,sub01;sub05;sub07;sub08;sub09;sub10;sub11;sub13;sub14;sub15;sub16;sub17;sub22;sub24;sub27;sub28;sub29,sub20,36,0.13755658268928528,0.2154378890991211,0.002,1e-05,1.0,1.0,True,False,multimodal,psd-fc-wpli,gated,cnn,True,finetune,segssl_barlow_all-patient_psd-fc-wpli_finetune_seed13_pre20_proj32_mask0_03_noise0_02_mlp1_0_sup100,True,barlow,psd,all-patient,True,13,1.0,0.1,32,0.03,0.02
multimodal_psd-fc-wpli_gated_cnn,12,sub18,sub01;sub05;sub07;sub08;sub09;sub10;sub11;sub13;sub14;sub15;sub16;sub17;sub22;sub24;sub27;sub28;sub29,sub20,37,0.12059325724840164,0.19536912441253662,0.002,1e-05,1.0,1.0,True,False,multimodal,psd-fc-wpli,gated,cnn,True,finetune,segssl_barlow_all-patient_psd-fc-wpli_finetune_seed13_pre20_proj32_mask0_03_noise0_02_mlp1_0_sup100,True,barlow,psd,all-patient,True,13,1.0,0.1,32,0.03,0.02
multimodal_psd-fc-wpli_gated_cnn,12,sub18,sub01;sub05;sub07;sub08;sub09;sub10;sub11;sub13;sub14;sub15;sub16;sub17;sub22;sub24;sub27;sub28;sub29,sub20,38,0.10488317906856537,0.17631064355373383,0.002,1e-05,1.0,1.0,True,False,multimodal,psd-fc-wpli,gated,cnn,True,finetune,segssl_barlow_all-patient_psd-fc-wpli_finetune_seed13_pre20_proj32_mask0_03_noise0_02_mlp1_0_sup100,True,barlow,psd,all-patient,True,13,1.0,0.1,32,0.03,0.02
multimodal_psd-fc-wpli_gated_cnn,12,sub18,sub01;sub05;sub07;sub08;sub09;sub10;sub11;sub13;sub14;sub15;sub16;sub17;sub22;sub24;sub27;sub28;sub29,sub20,39,0.09075075387954712,0.15948961675167084,0.002,1e-05,1.0,1.0,True,False,multimodal,psd-fc-wpli,gated,cnn,True,finetune,segssl_barlow_all-patient_psd-fc-wpli_finetune_seed13_pre20_proj32_mask0_03_noise0_02_mlp1_0_sup100,True,barlow,psd,all-patient,True,13,1.0,0.1,32,0.03,0.02
multimodal_psd-fc-wpli_gated_cnn,12,sub18,sub01;sub05;sub07;sub08;sub09;sub10;sub11;sub13;sub14;sub15;sub16;sub17;sub22;sub24;sub27;sub28;sub29,sub20,40,0.0782318115234375,0.14705140888690948,0.002,1e-05,1.0,1.0,True,False,multimodal,psd-fc-wpli,gated,cnn,True,finetune,segssl_barlow_all-patient_psd-fc-wpli_finetune_seed13_pre20_proj32_mask0_03_noise0_02_mlp1_0_sup100,True,barlow,psd,all-patient,True,13,1.0,0.1,32,0.03,0.02
multimodal_psd-fc-wpli_gated_cnn,12,sub18,sub01;sub05;sub07;sub08;sub09;sub10;sub11;sub13;sub14;sub15;sub16;sub17;sub22;sub24;sub27;sub28;sub29,sub20,41,0.06701880693435669,0.1357288956642151,0.002,1e-05,1.0,1.0,True,False,multimodal,psd-fc-wpli,gated,cnn,True,finetune,segssl_barlow_all-patient_psd-fc-wpli_finetune_seed13_pre20_proj32_mask0_03_noise0_02_mlp1_0_sup100,True,barlow,psd,all-patient,True,13,1.0,0.1,32,0.03,0.02
multimodal_psd-fc-wpli_gated_cnn,12,sub18,sub01;sub05;sub07;sub08;sub09;sub10;sub11;sub13;sub14;sub15;sub16;sub17;sub22;sub24;sub27;sub28;sub29,sub20,42,0.05685775354504585,0.12246550619602203,0.002,1e-05,1.0,1.0,True,False,multimodal,psd-fc-wpli,gated,cnn,True,finetune,segssl_barlow_all-patient_psd-fc-wpli_finetune_seed13_pre20_proj32_mask0_03_noise0_02_mlp1_0_sup100,True,barlow,psd,all-patient,True,13,1.0,0.1,32,0.03,0.02
multimodal_psd-fc-wpli_gated_cnn,12,sub18,sub01;sub05;sub07;sub08;sub09;sub10;sub11;sub13;sub14;sub15;sub16;sub17;sub22;sub24;sub27;sub28;sub29,sub20,43,0.04783523827791214,0.10698442906141281,0.002,1e-05,1.0,1.0,True,False,multimodal,psd-fc-wpli,gated,cnn,True,finetune,segssl_barlow_all-patient_psd-fc-wpli_finetune_seed13_pre20_proj32_mask0_03_noise0_02_mlp1_0_sup100,True,barlow,psd,all-patient,True,13,1.0,0.1,32,0.03,0.02
multimodal_psd-fc-wpli_gated_cnn,12,sub18,sub01;sub05;sub07;sub08;sub09;sub10;sub11;sub13;sub14;sub15;sub16;sub17;sub22;sub24;sub27;sub28;sub29,sub20,44,0.040107984095811844,0.09106132388114929,0.002,1e-05,1.0,1.0,True,False,multimodal,psd-fc-wpli,gated,cnn,True,finetune,segssl_barlow_all-patient_psd-fc-wpli_finetune_seed13_pre20_proj32_mask0_03_noise0_02_mlp1_0_sup100,True,barlow,psd,all-patient,True,13,1.0,0.1,32,0.03,0.02
multimodal_psd-fc-wpli_gated_cnn,12,sub18,sub01;sub05;sub07;sub08;sub09;sub10;sub11;sub13;sub14;sub15;sub16;sub17;sub22;sub24;sub27;sub28;sub29,sub20,45,0.033678390085697174,0.07636983692646027,0.002,1e-05,1.0,1.0,True,False,multimodal,psd-fc-wpli,gated,cnn,True,finetune,segssl_barlow_all-patient_psd-fc-wpli_finetune_seed13_pre20_proj32_mask0_03_noise0_02_mlp1_0_sup100,True,barlow,psd,all-patient,True,13,1.0,0.1,32,0.03,0.02
multimodal_psd-fc-wpli_gated_cnn,12,sub18,sub01;sub05;sub07;sub08;sub09;sub10;sub11;sub13;sub14;sub15;sub16;sub17;sub22;sub24;sub27;sub28;sub29,sub20,46,0.028380699455738068,0.06402233242988586,0.002,1e-05,1.0,1.0,True,False,multimodal,psd-fc-wpli,gated,cnn,True,finetune,segssl_barlow_all-patient_psd-fc-wpli_finetune_seed13_pre20_proj32_mask0_03_noise0_02_mlp1_0_sup100,True,barlow,psd,all-patient,True,13,1.0,0.1,32,0.03,0.02
multimodal_psd-fc-wpli_gated_cnn,12,sub18,sub01;sub05;sub07;sub08;sub09;sub10;sub11;sub13;sub14;sub15;sub16;sub17;sub22;sub24;sub27;sub28;sub29,sub20,47,0.02395329810678959,0.05446698144078255,0.002,1e-05,1.0,1.0,True,False,multimodal,psd-fc-wpli,gated,cnn,True,finetune,segssl_barlow_all-patient_psd-fc-wpli_finetune_seed13_pre20_proj32_mask0_03_noise0_02_mlp1_0_sup100,True,barlow,psd,all-patient,True,13,1.0,0.1,32,0.03,0.02
multimodal_psd-fc-wpli_gated_cnn,12,sub18,sub01;sub05;sub07;sub08;sub09;sub10;sub11;sub13;sub14;sub15;sub16;sub17;sub22;sub24;sub27;sub28;sub29,sub20,48,0.020164307206869125,0.047277502715587616,0.002,1e-05,1.0,1.0,True,False,multimodal,psd-fc-wpli,gated,cnn,True,finetune,segssl_barlow_all-patient_psd-fc-wpli_finetune_seed13_pre20_proj32_mask0_03_noise0_02_mlp1_0_sup100,True,barlow,psd,all-patient,True,13,1.0,0.1,32,0.03,0.02
multimodal_psd-fc-wpli_gated_cnn,12,sub18,sub01;sub05;sub07;sub08;sub09;sub10;sub11;sub13;sub14;sub15;sub16;sub17;sub22;sub24;sub27;sub28;sub29,sub20,49,0.016971727833151817,0.041907284408807755,0.002,1e-05,1.0,1.0,True,False,multimodal,psd-fc-wpli,gated,cnn,True,finetune,segssl_barlow_all-patient_psd-fc-wpli_finetune_seed13_pre20_proj32_mask0_03_noise0_02_mlp1_0_sup100,True,barlow,psd,all-patient,True,13,1.0,0.1,32,0.03,0.02
multimodal_psd-fc-wpli_gated_cnn,12,sub18,sub01;sub05;sub07;sub08;sub09;sub10;sub11;sub13;sub14;sub15;sub16;sub17;sub22;sub24;sub27;sub28;sub29,sub20,50,0.014342672191560268,0.03777855634689331,0.002,1e-05,1.0,1.0,True,False,multimodal,psd-fc-wpli,gated,cnn,True,finetune,segssl_barlow_all-patient_psd-fc-wpli_finetune_seed13_pre20_proj32_mask0_03_noise0_02_mlp1_0_sup100,True,barlow,psd,all-patient,True,13,1.0,0.1,32,0.03,0.02
multimodal_psd-fc-wpli_gated_cnn,12,sub18,sub01;sub05;sub07;sub08;sub09;sub10;sub11;sub13;sub14;sub15;sub16;sub17;sub22;sub24;sub27;sub28;sub29,sub20,51,0.012194708921015263,0.0345754437148571,0.002,1e-05,1.0,1.0,True,False,multimodal,psd-fc-wpli,gated,cnn,True,finetune,segssl_barlow_all-patient_psd-fc-wpli_finetune_seed13_pre20_proj32_mask0_03_noise0_02_mlp1_0_sup100,True,barlow,psd,all-patient,True,13,1.0,0.1,32,0.03,0.02
multimodal_psd-fc-wpli_gated_cnn,12,sub18,sub01;sub05;sub07;sub08;sub09;sub10;sub11;sub13;sub14;sub15;sub16;sub17;sub22;sub24;sub27;sub28;sub29,sub20,52,0.010423337109386921,0.03207564726471901,0.002,1e-05,1.0,1.0,True,False,multimodal,psd-fc-wpli,gated,cnn,True,finetune,segssl_barlow_all-patient_psd-fc-wpli_finetune_seed13_pre20_proj32_mask0_03_noise0_02_mlp1_0_sup100,True,barlow,psd,all-patient,True,13,1.0,0.1,32,0.03,0.02
multimodal_psd-fc-wpli_gated_cnn,12,sub18,sub01;sub05;sub07;sub08;sub09;sub10;sub11;sub13;sub14;sub15;sub16;sub17;sub22;sub24;sub27;sub28;sub29,sub20,53,0.008941160514950752,0.02997305803000927,0.002,1e-05,1.0,1.0,True,False,multimodal,psd-fc-wpli,gated,cnn,True,finetune,segssl_barlow_all-patient_psd-fc-wpli_finetune_seed13_pre20_proj32_mask0_03_noise0_02_mlp1_0_sup100,True,barlow,psd,all-patient,True,13,1.0,0.1,32,0.03,0.02
multimodal_psd-fc-wpli_gated_cnn,12,sub18,sub01;sub05;sub07;sub08;sub09;sub10;sub11;sub13;sub14;sub15;sub16;sub17;sub22;sub24;sub27;sub28;sub29,sub20,54,0.00768618006259203,0.027971109375357628,0.002,1e-05,1.0,1.0,True,False,multimodal,psd-fc-wpli,gated,cnn,True,finetune,segssl_barlow_all-patient_psd-fc-wpli_finetune_seed13_pre20_proj32_mask0_03_noise0_02_mlp1_0_sup100,True,barlow,psd,all-patient,True,13,1.0,0.1,32,0.03,0.02
multimodal_psd-fc-wpli_gated_cnn,12,sub18,sub01;sub05;sub07;sub08;sub09;sub10;sub11;sub13;sub14;sub15;sub16;sub17;sub22;sub24;sub27;sub28;sub29,sub20,55,0.006622412707656622,0.02608003467321396,0.002,1e-05,1.0,1.0,True,False,multimodal,psd-fc-wpli,gated,cnn,True,finetune,segssl_barlow_all-patient_psd-fc-wpli_finetune_seed13_pre20_proj32_mask0_03_noise0_02_mlp1_0_sup100,True,barlow,psd,all-patient,True,13,1.0,0.1,32,0.03,0.02
multimodal_psd-fc-wpli_gated_cnn,12,sub18,sub01;sub05;sub07;sub08;sub09;sub10;sub11;sub13;sub14;sub15;sub16;sub17;sub22;sub24;sub27;sub28;sub29,sub20,56,0.005723213776946068,0.024445796385407448,0.002,1e-05,1.0,1.0,True,False,multimodal,psd-fc-wpli,gated,cnn,True,finetune,segssl_barlow_all-patient_psd-fc-wpli_finetune_seed13_pre20_proj32_mask0_03_noise0_02_mlp1_0_sup100,True,barlow,psd,all-patient,True,13,1.0,0.1,32,0.03,0.02
multimodal_psd-fc-wpli_gated_cnn,12,sub18,sub01;sub05;sub07;sub08;sub09;sub10;sub11;sub13;sub14;sub15;sub16;sub17;sub22;sub24;sub27;sub28;sub29,sub20,57,0.004966821987181902,0.022743001580238342,0.002,1e-05,1.0,1.0,True,False,multimodal,psd-fc-wpli,gated,cnn,True,finetune,segssl_barlow_all-patient_psd-fc-wpli_finetune_seed13_pre20_proj32_mask0_03_noise0_02_mlp1_0_sup100,True,barlow,psd,all-patient,True,13,1.0,0.1,32,0.03,0.02
multimodal_psd-fc-wpli_gated_cnn,12,sub18,sub01;sub05;sub07;sub08;sub09;sub10;sub11;sub13;sub14;sub15;sub16;sub17;sub22;sub24;sub27;sub28;sub29,sub20,58,0.0043334574438631535,0.020959649235010147,0.002,1e-05,1.0,1.0,True,False,multimodal,psd-fc-wpli,gated,cnn,True,finetune,segssl_barlow_all-patient_psd-fc-wpli_finetune_seed13_pre20_proj32_mask0_03_noise0_02_mlp1_0_sup100,True,barlow,psd,all-patient,True,13,1.0,0.1,32,0.03,0.02
multimodal_psd-fc-wpli_gated_cnn,12,sub18,sub01;sub05;sub07;sub08;sub09;sub10;sub11;sub13;sub14;sub15;sub16;sub17;sub22;sub24;sub27;sub28;sub29,sub20,59,0.003802728606387973,0.01915200799703598,0.002,1e-05,1.0,1.0,True,False,multimodal,psd-fc-wpli,gated,cnn,True,finetune,segssl_barlow_all-patient_psd-fc-wpli_finetune_seed13_pre20_proj32_mask0_03_noise0_02_mlp1_0_sup100,True,barlow,psd,all-patient,True,13,1.0,0.1,32,0.03,0.02
multimodal_psd-fc-wpli_gated_cnn,12,sub18,sub01;sub05;sub07;sub08;sub09;sub10;sub11;sub13;sub14;sub15;sub16;sub17;sub22;sub24;sub27;sub28;sub29,sub20,60,0.003357181791216135,0.017384201288223267,0.002,1e-05,1.0,1.0,True,False,multimodal,psd-fc-wpli,gated,cnn,True,finetune,segssl_barlow_all-patient_psd-fc-wpli_finetune_seed13_pre20_proj32_mask0_03_noise0_02_mlp1_0_sup100,True,barlow,psd,all-patient,True,13,1.0,0.1,32,0.03,0.02
multimodal_psd-fc-wpli_gated_cnn,12,sub18,sub01;sub05;sub07;sub08;sub09;sub10;sub11;sub13;sub14;sub15;sub16;sub17;sub22;sub24;sub27;sub28;sub29,sub20,61,0.0029832622967660427,0.015733400359749794,0.002,1e-05,1.0,1.0,True,False,multimodal,psd-fc-wpli,gated,cnn,True,finetune,segssl_barlow_all-patient_psd-fc-wpli_finetune_seed13_pre20_proj32_mask0_03_noise0_02_mlp1_0_sup100,True,barlow,psd,all-patient,True,13,1.0,0.1,32,0.03,0.02
multimodal_psd-fc-wpli_gated_cnn,12,sub18,sub01;sub05;sub07;sub08;sub09;sub10;sub11;sub13;sub14;sub15;sub16;sub17;sub22;sub24;sub27;sub28;sub29,sub20,62,0.0026684491895139217,0.014229868538677692,0.002,1e-05,1.0,1.0,True,False,multimodal,psd-fc-wpli,gated,cnn,True,finetune,segssl_barlow_all-patient_psd-fc-wpli_finetune_seed13_pre20_proj32_mask0_03_noise0_02_mlp1_0_sup100,True,barlow,psd,all-patient,True,13,1.0,0.1,32,0.03,0.02
multimodal_psd-fc-wpli_gated_cnn,12,sub18,sub01;sub05;sub07;sub08;sub09;sub10;sub11;sub13;sub14;sub15;sub16;sub17;sub22;sub24;sub27;sub28;sub29,sub20,63,0.0024023368023335934,0.012885139323771,0.002,1e-05,1.0,1.0,True,False,multimodal,psd-fc-wpli,gated,cnn,True,finetune,segssl_barlow_all-patient_psd-fc-wpli_finetune_seed13_pre20_proj32_mask0_03_noise0_02_mlp1_0_sup100,True,barlow,psd,all-patient,True,13,1.0,0.1,32,0.03,0.02
multimodal_psd-fc-wpli_gated_cnn,12,sub18,sub01;sub05;sub07;sub08;sub09;sub10;sub11;sub13;sub14;sub15;sub16;sub17;sub22;sub24;sub27;sub28;sub29,sub20,64,0.002175777219235897,0.011707383207976818,0.002,1e-05,1.0,1.0,True,False,multimodal,psd-fc-wpli,gated,cnn,True,finetune,segssl_barlow_all-patient_psd-fc-wpli_finetune_seed13_pre20_proj32_mask0_03_noise0_02_mlp1_0_sup100,True,barlow,psd,all-patient,True,13,1.0,0.1,32,0.03,0.02
multimodal_psd-fc-wpli_gated_cnn,12,sub18,sub01;sub05;sub07;sub08;sub09;sub10;sub11;sub13;sub14;sub15;sub16;sub17;sub22;sub24;sub27;sub28;sub29,sub20,65,0.001981553854420781,0.010682998225092888,0.002,1e-05,1.0,1.0,True,False,multimodal,psd-fc-wpli,gated,cnn,True,finetune,segssl_barlow_all-patient_psd-fc-wpli_finetune_seed13_pre20_proj32_mask0_03_noise0_02_mlp1_0_sup100,True,barlow,psd,all-patient,True,13,1.0,0.1,32,0.03,0.02
multimodal_psd-fc-wpli_gated_cnn,12,sub18,sub01;sub05;sub07;sub08;sub09;sub10;sub11;sub13;sub14;sub15;sub16;sub17;sub22;sub24;sub27;sub28;sub29,sub20,66,0.0018135423306375742,0.00979803130030632,0.002,1e-05,1.0,1.0,True,False,multimodal,psd-fc-wpli,gated,cnn,True,finetune,segssl_barlow_all-patient_psd-fc-wpli_finetune_seed13_pre20_proj32_mask0_03_noise0_02_mlp1_0_sup100,True,barlow,psd,all-patient,True,13,1.0,0.1,32,0.03,0.02
multimodal_psd-fc-wpli_gated_cnn,12,sub18,sub01;sub05;sub07;sub08;sub09;sub10;sub11;sub13;sub14;sub15;sub16;sub17;sub22;sub24;sub27;sub28;sub29,sub20,67,0.0016677817329764366,0.009045198559761047,0.002,1e-05,1.0,1.0,True,False,multimodal,psd-fc-wpli,gated,cnn,True,finetune,segssl_barlow_all-patient_psd-fc-wpli_finetune_seed13_pre20_proj32_mask0_03_noise0_02_mlp1_0_sup100,True,barlow,psd,all-patient,True,13,1.0,0.1,32,0.03,0.02
multimodal_psd-fc-wpli_gated_cnn,12,sub18,sub01;sub05;sub07;sub08;sub09;sub10;sub11;sub13;sub14;sub15;sub16;sub17;sub22;sub24;sub27;sub28;sub29,sub20,68,0.0015408663311973214,0.008400699123740196,0.002,1e-05,1.0,1.0,True,False,multimodal,psd-fc-wpli,gated,cnn,True,finetune,segssl_barlow_all-patient_psd-fc-wpli_finetune_seed13_pre20_proj32_mask0_03_noise0_02_mlp1_0_sup100,True,barlow,psd,all-patient,True,13,1.0,0.1,32,0.03,0.02
multimodal_psd-fc-wpli_gated_cnn,12,sub18,sub01;sub05;sub07;sub08;sub09;sub10;sub11;sub13;sub14;sub15;sub16;sub17;sub22;sub24;sub27;sub28;sub29,sub20,69,0.0014292403357103467,0.007853089831769466,0.002,1e-05,1.0,1.0,True,False,multimodal,psd-fc-wpli,gated,cnn,True,finetune,segssl_barlow_all-patient_psd-fc-wpli_finetune_seed13_pre20_proj32_mask0_03_noise0_02_mlp1_0_sup100,True,barlow,psd,all-patient,True,13,1.0,0.1,32,0.03,0.02
multimodal_psd-fc-wpli_gated_cnn,12,sub18,sub01;sub05;sub07;sub08;sub09;sub10;sub11;sub13;sub14;sub15;sub16;sub17;sub22;sub24;sub27;sub28;sub29,sub20,70,0.001330653321929276,0.007382516283541918,0.002,1e-05,1.0,1.0,True,False,multimodal,psd-fc-wpli,gated,cnn,True,finetune,segssl_barlow_all-patient_psd-fc-wpli_finetune_seed13_pre20_proj32_mask0_03_noise0_02_mlp1_0_sup100,True,barlow,psd,all-patient,True,13,1.0,0.1,32,0.03,0.02
multimodal_psd-fc-wpli_gated_cnn,12,sub18,sub01;sub05;sub07;sub08;sub09;sub10;sub11;sub13;sub14;sub15;sub16;sub17;sub22;sub24;sub27;sub28;sub29,sub20,71,0.0012432304210960865,0.006973684299737215,0.002,1e-05,1.0,1.0,True,False,multimodal,psd-fc-wpli,gated,cnn,True,finetune,segssl_barlow_all-patient_psd-fc-wpli_finetune_seed13_pre20_proj32_mask0_03_noise0_02_mlp1_0_sup100,True,barlow,psd,all-patient,True,13,1.0,0.1,32,0.03,0.02
multimodal_psd-fc-wpli_gated_cnn,12,sub18,sub01;sub05;sub07;sub08;sub09;sub10;sub11;sub13;sub14;sub15;sub16;sub17;sub22;sub24;sub27;sub28;sub29,sub20,72,0.0011654854752123356,0.006617758888751268,0.002,1e-05,1.0,1.0,True,False,multimodal,psd-fc-wpli,gated,cnn,True,finetune,segssl_barlow_all-patient_psd-fc-wpli_finetune_seed13_pre20_proj32_mask0_03_noise0_02_mlp1_0_sup100,True,barlow,psd,all-patient,True,13,1.0,0.1,32,0.03,0.02
multimodal_psd-fc-wpli_gated_cnn,12,sub18,sub01;sub05;sub07;sub08;sub09;sub10;sub11;sub13;sub14;sub15;sub16;sub17;sub22;sub24;sub27;sub28;sub29,sub20,73,0.0010962557280436158,0.0063172620721161366,0.002,1e-05,1.0,1.0,True,False,multimodal,psd-fc-wpli,gated,cnn,True,finetune,segssl_barlow_all-patient_psd-fc-wpli_finetune_seed13_pre20_proj32_mask0_03_noise0_02_mlp1_0_sup100,True,barlow,psd,all-patient,True,13,1.0,0.1,32,0.03,0.02
multimodal_psd-fc-wpli_gated_cnn,12,sub18,sub01;sub05;sub07;sub08;sub09;sub10;sub11;sub13;sub14;sub15;sub16;sub17;sub22;sub24;sub27;sub28;sub29,sub20,74,0.0010346159106120467,0.006053074263036251,0.002,1e-05,1.0,1.0,True,False,multimodal,psd-fc-wpli,gated,cnn,True,finetune,segssl_barlow_all-patient_psd-fc-wpli_finetune_seed13_pre20_proj32_mask0_03_noise0_02_mlp1_0_sup100,True,barlow,psd,all-patient,True,13,1.0,0.1,32,0.03,0.02
multimodal_psd-fc-wpli_gated_cnn,12,sub18,sub01;sub05;sub07;sub08;sub09;sub10;sub11;sub13;sub14;sub15;sub16;sub17;sub22;sub24;sub27;sub28;sub29,sub20,75,0.0009792018681764603,0.005817973520606756,0.002,1e-05,1.0,1.0,True,False,multimodal,psd-fc-wpli,gated,cnn,True,finetune,segssl_barlow_all-patient_psd-fc-wpli_finetune_seed13_pre20_proj32_mask0_03_noise0_02_mlp1_0_sup100,True,barlow,psd,all-patient,True,13,1.0,0.1,32,0.03,0.02
multimodal_psd-fc-wpli_gated_cnn,12,sub18,sub01;sub05;sub07;sub08;sub09;sub10;sub11;sub13;sub14;sub15;sub16;sub17;sub22;sub24;sub27;sub28;sub29,sub20,76,0.0009293865296058357,0.005606543272733688,0.002,1e-05,1.0,1.0,True,False,multimodal,psd-fc-wpli,gated,cnn,True,finetune,segssl_barlow_all-patient_psd-fc-wpli_finetune_seed13_pre20_proj32_mask0_03_noise0_02_mlp1_0_sup100,True,barlow,psd,all-patient,True,13,1.0,0.1,32,0.03,0.02
multimodal_psd-fc-wpli_gated_cnn,12,sub18,sub01;sub05;sub07;sub08;sub09;sub10;sub11;sub13;sub14;sub15;sub16;sub17;sub22;sub24;sub27;sub28;sub29,sub20,77,0.000884491775650531,0.005413735751062632,0.002,1e-05,1.0,1.0,True,False,multimodal,psd-fc-wpli,gated,cnn,True,finetune,segssl_barlow_all-patient_psd-fc-wpli_finetune_seed13_pre20_proj32_mask0_03_noise0_02_mlp1_0_sup100,True,barlow,psd,all-patient,True,13,1.0,0.1,32,0.03,0.02
multimodal_psd-fc-wpli_gated_cnn,12,sub18,sub01;sub05;sub07;sub08;sub09;sub10;sub11;sub13;sub14;sub15;sub16;sub17;sub22;sub24;sub27;sub28;sub29,sub20,78,0.0008438691729679704,0.005235405173152685,0.002,1e-05,1.0,1.0,True,False,multimodal,psd-fc-wpli,gated,cnn,True,finetune,segssl_barlow_all-patient_psd-fc-wpli_finetune_seed13_pre20_proj32_mask0_03_noise0_02_mlp1_0_sup100,True,barlow,psd,all-patient,True,13,1.0,0.1,32,0.03,0.02
multimodal_psd-fc-wpli_gated_cnn,12,sub18,sub01;sub05;sub07;sub08;sub09;sub10;sub11;sub13;sub14;sub15;sub16;sub17;sub22;sub24;sub27;sub28;sub29,sub20,79,0.000807057018391788,0.005068668629974127,0.002,1e-05,1.0,1.0,True,False,multimodal,psd-fc-wpli,gated,cnn,True,finetune,segssl_barlow_all-patient_psd-fc-wpli_finetune_seed13_pre20_proj32_mask0_03_noise0_02_mlp1_0_sup100,True,barlow,psd,all-patient,True,13,1.0,0.1,32,0.03,0.02
multimodal_psd-fc-wpli_gated_cnn,12,sub18,sub01;sub05;sub07;sub08;sub09;sub10;sub11;sub13;sub14;sub15;sub16;sub17;sub22;sub24;sub27;sub28;sub29,sub20,80,0.0007737600244581699,0.00490818964317441,0.002,1e-05,1.0,1.0,True,False,multimodal,psd-fc-wpli,gated,cnn,True,finetune,segssl_barlow_all-patient_psd-fc-wpli_finetune_seed13_pre20_proj32_mask0_03_noise0_02_mlp1_0_sup100,True,barlow,psd,all-patient,True,13,1.0,0.1,32,0.03,0.02
multimodal_psd-fc-wpli_gated_cnn,12,sub18,sub01;sub05;sub07;sub08;sub09;sub10;sub11;sub13;sub14;sub15;sub16;sub17;sub22;sub24;sub27;sub28;sub29,sub20,81,0.0007434089202433825,0.004753484856337309,0.002,1e-05,1.0,1.0,True,False,multimodal,psd-fc-wpli,gated,cnn,True,finetune,segssl_barlow_all-patient_psd-fc-wpli_finetune_seed13_pre20_proj32_mask0_03_noise0_02_mlp1_0_sup100,True,barlow,psd,all-patient,True,13,1.0,0.1,32,0.03,0.02
multimodal_psd-fc-wpli_gated_cnn,12,sub18,sub01;sub05;sub07;sub08;sub09;sub10;sub11;sub13;sub14;sub15;sub16;sub17;sub22;sub24;sub27;sub28;sub29,sub20,82,0.0007155202329158783,0.004603834357112646,0.002,1e-05,1.0,1.0,True,False,multimodal,psd-fc-wpli,gated,cnn,True,finetune,segssl_barlow_all-patient_psd-fc-wpli_finetune_seed13_pre20_proj32_mask0_03_noise0_02_mlp1_0_sup100,True,barlow,psd,all-patient,True,13,1.0,0.1,32,0.03,0.02
multimodal_psd-fc-wpli_gated_cnn,12,sub18,sub01;sub05;sub07;sub08;sub09;sub10;sub11;sub13;sub14;sub15;sub16;sub17;sub22;sub24;sub27;sub28;sub29,sub20,83,0.0006898338324390352,0.004459056071937084,0.002,1e-05,1.0,1.0,True,False,multimodal,psd-fc-wpli,gated,cnn,True,finetune,segssl_barlow_all-patient_psd-fc-wpli_finetune_seed13_pre20_proj32_mask0_03_noise0_02_mlp1_0_sup100,True,barlow,psd,all-patient,True,13,1.0,0.1,32,0.03,0.02
multimodal_psd-fc-wpli_gated_cnn,12,sub18,sub01;sub05;sub07;sub08;sub09;sub10;sub11;sub13;sub14;sub15;sub16;sub17;sub22;sub24;sub27;sub28;sub29,sub20,84,0.0006660835351794958,0.00431974558159709,0.002,1e-05,1.0,1.0,True,False,multimodal,psd-fc-wpli,gated,cnn,True,finetune,segssl_barlow_all-patient_psd-fc-wpli_finetune_seed13_pre20_proj32_mask0_03_noise0_02_mlp1_0_sup100,True,barlow,psd,all-patient,True,13,1.0,0.1,32,0.03,0.02
multimodal_psd-fc-wpli_gated_cnn,12,sub18,sub01;sub05;sub07;sub08;sub09;sub10;sub11;sub13;sub14;sub15;sub16;sub17;sub22;sub24;sub27;sub28;sub29,sub20,85,0.0006440771394409239,0.004185482859611511,0.002,1e-05,1.0,1.0,True,False,multimodal,psd-fc-wpli,gated,cnn,True,finetune,segssl_barlow_all-patient_psd-fc-wpli_finetune_seed13_pre20_proj32_mask0_03_noise0_02_mlp1_0_sup100,True,barlow,psd,all-patient,True,13,1.0,0.1,32,0.03,0.02
multimodal_psd-fc-wpli_gated_cnn,12,sub18,sub01;sub05;sub07;sub08;sub09;sub10;sub11;sub13;sub14;sub15;sub16;sub17;sub22;sub24;sub27;sub28;sub29,sub20,86,0.0006236367044039071,0.004056205041706562,0.002,1e-05,1.0,1.0,True,False,multimodal,psd-fc-wpli,gated,cnn,True,finetune,segssl_barlow_all-patient_psd-fc-wpli_finetune_seed13_pre20_proj32_mask0_03_noise0_02_mlp1_0_sup100,True,barlow,psd,all-patient,True,13,1.0,0.1,32,0.03,0.02
multimodal_psd-fc-wpli_gated_cnn,12,sub18,sub01;sub05;sub07;sub08;sub09;sub10;sub11;sub13;sub14;sub15;sub16;sub17;sub22;sub24;sub27;sub28;sub29,sub20,87,0.0006045700865797698,0.003932748455554247,0.002,1e-05,1.0,1.0,True,False,multimodal,psd-fc-wpli,gated,cnn,True,finetune,segssl_barlow_all-patient_psd-fc-wpli_finetune_seed13_pre20_proj32_mask0_03_noise0_02_mlp1_0_sup100,True,barlow,psd,all-patient,True,13,1.0,0.1,32,0.03,0.02
multimodal_psd-fc-wpli_gated_cnn,12,sub18,sub01;sub05;sub07;sub08;sub09;sub10;sub11;sub13;sub14;sub15;sub16;sub17;sub22;sub24;sub27;sub28;sub29,sub20,88,0.0005868352600373328,0.0038136153016239405,0.002,1e-05,1.0,1.0,True,False,multimodal,psd-fc-wpli,gated,cnn,True,finetune,segssl_barlow_all-patient_psd-fc-wpli_finetune_seed13_pre20_proj32_mask0_03_noise0_02_mlp1_0_sup100,True,barlow,psd,all-patient,True,13,1.0,0.1,32,0.03,0.02
multimodal_psd-fc-wpli_gated_cnn,12,sub18,sub01;sub05;sub07;sub08;sub09;sub10;sub11;sub13;sub14;sub15;sub16;sub17;sub22;sub24;sub27;sub28;sub29,sub20,89,0.0005702137714251876,0.0036993417888879776,0.002,1e-05,1.0,1.0,True,False,multimodal,psd-fc-wpli,gated,cnn,True,finetune,segssl_barlow_all-patient_psd-fc-wpli_finetune_seed13_pre20_proj32_mask0_03_noise0_02_mlp1_0_sup100,True,barlow,psd,all-patient,True,13,1.0,0.1,32,0.03,0.02
multimodal_psd-fc-wpli_gated_cnn,12,sub18,sub01;sub05;sub07;sub08;sub09;sub10;sub11;sub13;sub14;sub15;sub16;sub17;sub22;sub24;sub27;sub28;sub29,sub20,90,0.0005545581225305796,0.0035899868234992027,0.002,1e-05,1.0,1.0,True,False,multimodal,psd-fc-wpli,gated,cnn,True,finetune,segssl_barlow_all-patient_psd-fc-wpli_finetune_seed13_pre20_proj32_mask0_03_noise0_02_mlp1_0_sup100,True,barlow,psd,all-patient,True,13,1.0,0.1,32,0.03,0.02
multimodal_psd-fc-wpli_gated_cnn,12,sub18,sub01;sub05;sub07;sub08;sub09;sub10;sub11;sub13;sub14;sub15;sub16;sub17;sub22;sub24;sub27;sub28;sub29,sub20,91,0.0005398178473114967,0.0034850696101784706,0.002,1e-05,1.0,1.0,True,False,multimodal,psd-fc-wpli,gated,cnn,True,finetune,segssl_barlow_all-patient_psd-fc-wpli_finetune_seed13_pre20_proj32_mask0_03_noise0_02_mlp1_0_sup100,True,barlow,psd,all-patient,True,13,1.0,0.1,32,0.03,0.02
multimodal_psd-fc-wpli_gated_cnn,12,sub18,sub01;sub05;sub07;sub08;sub09;sub10;sub11;sub13;sub14;sub15;sub16;sub17;sub22;sub24;sub27;sub28;sub29,sub20,92,0.0005258926539681852,0.003383034374564886,0.002,1e-05,1.0,1.0,True,False,multimodal,psd-fc-wpli,gated,cnn,True,finetune,segssl_barlow_all-patient_psd-fc-wpli_finetune_seed13_pre20_proj32_mask0_03_noise0_02_mlp1_0_sup100,True,barlow,psd,all-patient,True,13,1.0,0.1,32,0.03,0.02
multimodal_psd-fc-wpli_gated_cnn,12,sub18,sub01;sub05;sub07;sub08;sub09;sub10;sub11;sub13;sub14;sub15;sub16;sub17;sub22;sub24;sub27;sub28;sub29,sub20,93,0.0005127587937749922,0.0032802321948111057,0.002,1e-05,1.0,1.0,True,False,multimodal,psd-fc-wpli,gated,cnn,True,finetune,segssl_barlow_all-patient_psd-fc-wpli_finetune_seed13_pre20_proj32_mask0_03_noise0_02_mlp1_0_sup100,True,barlow,psd,all-patient,True,13,1.0,0.1,32,0.03,0.02
multimodal_psd-fc-wpli_gated_cnn,12,sub18,sub01;sub05;sub07;sub08;sub09;sub10;sub11;sub13;sub14;sub15;sub16;sub17;sub22;sub24;sub27;sub28;sub29,sub20,94,0.0005001776735298336,0.00317959301173687,0.002,1e-05,1.0,1.0,True,False,multimodal,psd-fc-wpli,gated,cnn,True,finetune,segssl_barlow_all-patient_psd-fc-wpli_finetune_seed13_pre20_proj32_mask0_03_noise0_02_mlp1_0_sup100,True,barlow,psd,all-patient,True,13,1.0,0.1,32,0.03,0.02
multimodal_psd-fc-wpli_gated_cnn,12,sub18,sub01;sub05;sub07;sub08;sub09;sub10;sub11;sub13;sub14;sub15;sub16;sub17;sub22;sub24;sub27;sub28;sub29,sub20,95,0.00048813465400598943,0.003081714268773794,0.002,1e-05,1.0,1.0,True,False,multimodal,psd-fc-wpli,gated,cnn,True,finetune,segssl_barlow_all-patient_psd-fc-wpli_finetune_seed13_pre20_proj32_mask0_03_noise0_02_mlp1_0_sup100,True,barlow,psd,all-patient,True,13,1.0,0.1,32,0.03,0.02
multimodal_psd-fc-wpli_gated_cnn,12,sub18,sub01;sub05;sub07;sub08;sub09;sub10;sub11;sub13;sub14;sub15;sub16;sub17;sub22;sub24;sub27;sub28;sub29,sub20,96,0.00047657464165240526,0.002986595034599304,0.002,1e-05,1.0,1.0,True,False,multimodal,psd-fc-wpli,gated,cnn,True,finetune,segssl_barlow_all-patient_psd-fc-wpli_finetune_seed13_pre20_proj32_mask0_03_noise0_02_mlp1_0_sup100,True,barlow,psd,all-patient,True,13,1.0,0.1,32,0.03,0.02
multimodal_psd-fc-wpli_gated_cnn,12,sub18,sub01;sub05;sub07;sub08;sub09;sub10;sub11;sub13;sub14;sub15;sub16;sub17;sub22;sub24;sub27;sub28;sub29,sub20,97,0.0004654365184251219,0.0028944737277925014,0.002,1e-05,1.0,1.0,True,False,multimodal,psd-fc-wpli,gated,cnn,True,finetune,segssl_barlow_all-patient_psd-fc-wpli_finetune_seed13_pre20_proj32_mask0_03_noise0_02_mlp1_0_sup100,True,barlow,psd,all-patient,True,13,1.0,0.1,32,0.03,0.02
multimodal_psd-fc-wpli_gated_cnn,12,sub18,sub01;sub05;sub07;sub08;sub09;sub10;sub11;sub13;sub14;sub15;sub16;sub17;sub22;sub24;sub27;sub28;sub29,sub20,98,0.00045474222861230373,0.0028076209127902985,0.002,1e-05,1.0,1.0,True,False,multimodal,psd-fc-wpli,gated,cnn,True,finetune,segssl_barlow_all-patient_psd-fc-wpli_finetune_seed13_pre20_proj32_mask0_03_noise0_02_mlp1_0_sup100,True,barlow,psd,all-patient,True,13,1.0,0.1,32,0.03,0.02
multimodal_psd-fc-wpli_gated_cnn,12,sub18,sub01;sub05;sub07;sub08;sub09;sub10;sub11;sub13;sub14;sub15;sub16;sub17;sub22;sub24;sub27;sub28;sub29,sub20,99,0.0004443330690264702,0.002725437516346574,0.002,1e-05,1.0,1.0,True,False,multimodal,psd-fc-wpli,gated,cnn,True,finetune,segssl_barlow_all-patient_psd-fc-wpli_finetune_seed13_pre20_proj32_mask0_03_noise0_02_mlp1_0_sup100,True,barlow,psd,all-patient,True,13,1.0,0.1,32,0.03,0.02
multimodal_psd-fc-wpli_gated_cnn,12,sub18,sub01;sub05;sub07;sub08;sub09;sub10;sub11;sub13;sub14;sub15;sub16;sub17;sub22;sub24;sub27;sub28;sub29,sub20,100,0.00043416640255600214,0.00264618918299675,0.002,1e-05,1.0,1.0,True,False,multimodal,psd-fc-wpli,gated,cnn,True,finetune,segssl_barlow_all-patient_psd-fc-wpli_finetune_seed13_pre20_proj32_mask0_03_noise0_02_mlp1_0_sup100,True,barlow,psd,all-patient,True,13,1.0,0.1,32,0.03,0.02
multimodal_psd-fc-wpli_gated_cnn,13,sub20,sub01;sub05;sub07;sub08;sub09;sub10;sub11;sub13;sub14;sub15;sub16;sub17;sub18;sub24;sub27;sub28;sub29,sub22,1,0.6961856484413147,0.7787972688674927,0.002,1e-05,1.0,1.0,True,False,multimodal,psd-fc-wpli,gated,cnn,True,finetune,segssl_barlow_all-patient_psd-fc-wpli_finetune_seed13_pre20_proj32_mask0_03_noise0_02_mlp1_0_sup100,True,barlow,psd,all-patient,True,13,1.0,0.1,32,0.03,0.02
multimodal_psd-fc-wpli_gated_cnn,13,sub20,sub01;sub05;sub07;sub08;sub09;sub10;sub11;sub13;sub14;sub15;sub16;sub17;sub18;sub24;sub27;sub28;sub29,sub22,2,0.6910959482192993,0.7718508243560791,0.002,1e-05,1.0,1.0,True,False,multimodal,psd-fc-wpli,gated,cnn,True,finetune,segssl_barlow_all-patient_psd-fc-wpli_finetune_seed13_pre20_proj32_mask0_03_noise0_02_mlp1_0_sup100,True,barlow,psd,all-patient,True,13,1.0,0.1,32,0.03,0.02
multimodal_psd-fc-wpli_gated_cnn,13,sub20,sub01;sub05;sub07;sub08;sub09;sub10;sub11;sub13;sub14;sub15;sub16;sub17;sub18;sub24;sub27;sub28;sub29,sub22,3,0.6869855523109436,0.7643880844116211,0.002,1e-05,1.0,1.0,True,False,multimodal,psd-fc-wpli,gated,cnn,True,finetune,segssl_barlow_all-patient_psd-fc-wpli_finetune_seed13_pre20_proj32_mask0_03_noise0_02_mlp1_0_sup100,True,barlow,psd,all-patient,True,13,1.0,0.1,32,0.03,0.02
multimodal_psd-fc-wpli_gated_cnn,13,sub20,sub01;sub05;sub07;sub08;sub09;sub10;sub11;sub13;sub14;sub15;sub16;sub17;sub18;sub24;sub27;sub28;sub29,sub22,4,0.682637631893158,0.7577654123306274,0.002,1e-05,1.0,1.0,True,False,multimodal,psd-fc-wpli,gated,cnn,True,finetune,segssl_barlow_all-patient_psd-fc-wpli_finetune_seed13_pre20_proj32_mask0_03_noise0_02_mlp1_0_sup100,True,barlow,psd,all-patient,True,13,1.0,0.1,32,0.03,0.02
multimodal_psd-fc-wpli_gated_cnn,13,sub20,sub01;sub05;sub07;sub08;sub09;sub10;sub11;sub13;sub14;sub15;sub16;sub17;sub18;sub24;sub27;sub28;sub29,sub22,5,0.677742600440979,0.75218665599823,0.002,1e-05,1.0,1.0,True,False,multimodal,psd-fc-wpli,gated,cnn,True,finetune,segssl_barlow_all-patient_psd-fc-wpli_finetune_seed13_pre20_proj32_mask0_03_noise0_02_mlp1_0_sup100,True,barlow,psd,all-patient,True,13,1.0,0.1,32,0.03,0.02
multimodal_psd-fc-wpli_gated_cnn,13,sub20,sub01;sub05;sub07;sub08;sub09;sub10;sub11;sub13;sub14;sub15;sub16;sub17;sub18;sub24;sub27;sub28;sub29,sub22,6,0.6721146702766418,0.7492967844009399,0.002,1e-05,1.0,1.0,True,False,multimodal,psd-fc-wpli,gated,cnn,True,finetune,segssl_barlow_all-patient_psd-fc-wpli_finetune_seed13_pre20_proj32_mask0_03_noise0_02_mlp1_0_sup100,True,barlow,psd,all-patient,True,13,1.0,0.1,32,0.03,0.02
multimodal_psd-fc-wpli_gated_cnn,13,sub20,sub01;sub05;sub07;sub08;sub09;sub10;sub11;sub13;sub14;sub15;sub16;sub17;sub18;sub24;sub27;sub28;sub29,sub22,7,0.6655780673027039,0.7449776530265808,0.002,1e-05,1.0,1.0,True,False,multimodal,psd-fc-wpli,gated,cnn,True,finetune,segssl_barlow_all-patient_psd-fc-wpli_finetune_seed13_pre20_proj32_mask0_03_noise0_02_mlp1_0_sup100,True,barlow,psd,all-patient,True,13,1.0,0.1,32,0.03,0.02
multimodal_psd-fc-wpli_gated_cnn,13,sub20,sub01;sub05;sub07;sub08;sub09;sub10;sub11;sub13;sub14;sub15;sub16;sub17;sub18;sub24;sub27;sub28;sub29,sub22,8,0.6578340530395508,0.7364339232444763,0.002,1e-05,1.0,1.0,True,False,multimodal,psd-fc-wpli,gated,cnn,True,finetune,segssl_barlow_all-patient_psd-fc-wpli_finetune_seed13_pre20_proj32_mask0_03_noise0_02_mlp1_0_sup100,True,barlow,psd,all-patient,True,13,1.0,0.1,32,0.03,0.02
multimodal_psd-fc-wpli_gated_cnn,13,sub20,sub01;sub05;sub07;sub08;sub09;sub10;sub11;sub13;sub14;sub15;sub16;sub17;sub18;sub24;sub27;sub28;sub29,sub22,9,0.6493051052093506,0.725925624370575,0.002,1e-05,1.0,1.0,True,False,multimodal,psd-fc-wpli,gated,cnn,True,finetune,segssl_barlow_all-patient_psd-fc-wpli_finetune_seed13_pre20_proj32_mask0_03_noise0_02_mlp1_0_sup100,True,barlow,psd,all-patient,True,13,1.0,0.1,32,0.03,0.02
multimodal_psd-fc-wpli_gated_cnn,13,sub20,sub01;sub05;sub07;sub08;sub09;sub10;sub11;sub13;sub14;sub15;sub16;sub17;sub18;sub24;sub27;sub28;sub29,sub22,10,0.6398470997810364,0.7144352197647095,0.002,1e-05,1.0,1.0,True,False,multimodal,psd-fc-wpli,gated,cnn,True,finetune,segssl_barlow_all-patient_psd-fc-wpli_finetune_seed13_pre20_proj32_mask0_03_noise0_02_mlp1_0_sup100,True,barlow,psd,all-patient,True,13,1.0,0.1,32,0.03,0.02
multimodal_psd-fc-wpli_gated_cnn,13,sub20,sub01;sub05;sub07;sub08;sub09;sub10;sub11;sub13;sub14;sub15;sub16;sub17;sub18;sub24;sub27;sub28;sub29,sub22,11,0.6296505928039551,0.7013971209526062,0.002,1e-05,1.0,1.0,True,False,multimodal,psd-fc-wpli,gated,cnn,True,finetune,segssl_barlow_all-patient_psd-fc-wpli_finetune_seed13_pre20_proj32_mask0_03_noise0_02_mlp1_0_sup100,True,barlow,psd,all-patient,True,13,1.0,0.1,32,0.03,0.02
multimodal_psd-fc-wpli_gated_cnn,13,sub20,sub01;sub05;sub07;sub08;sub09;sub10;sub11;sub13;sub14;sub15;sub16;sub17;sub18;sub24;sub27;sub28;sub29,sub22,12,0.6187872290611267,0.684148371219635,0.002,1e-05,1.0,1.0,True,False,multimodal,psd-fc-wpli,gated,cnn,True,finetune,segssl_barlow_all-patient_psd-fc-wpli_finetune_seed13_pre20_proj32_mask0_03_noise0_02_mlp1_0_sup100,True,barlow,psd,all-patient,True,13,1.0,0.1,32,0.03,0.02
multimodal_psd-fc-wpli_gated_cnn,13,sub20,sub01;sub05;sub07;sub08;sub09;sub10;sub11;sub13;sub14;sub15;sub16;sub17;sub18;sub24;sub27;sub28;sub29,sub22,13,0.6069905757904053,0.661261796951294,0.002,1e-05,1.0,1.0,True,False,multimodal,psd-fc-wpli,gated,cnn,True,finetune,segssl_barlow_all-patient_psd-fc-wpli_finetune_seed13_pre20_proj32_mask0_03_noise0_02_mlp1_0_sup100,True,barlow,psd,all-patient,True,13,1.0,0.1,32,0.03,0.02
multimodal_psd-fc-wpli_gated_cnn,13,sub20,sub01;sub05;sub07;sub08;sub09;sub10;sub11;sub13;sub14;sub15;sub16;sub17;sub18;sub24;sub27;sub28;sub29,sub22,14,0.5940912961959839,0.6350231766700745,0.002,1e-05,1.0,1.0,True,False,multimodal,psd-fc-wpli,gated,cnn,True,finetune,segssl_barlow_all-patient_psd-fc-wpli_finetune_seed13_pre20_proj32_mask0_03_noise0_02_mlp1_0_sup100,True,barlow,psd,all-patient,True,13,1.0,0.1,32,0.03,0.02
multimodal_psd-fc-wpli_gated_cnn,13,sub20,sub01;sub05;sub07;sub08;sub09;sub10;sub11;sub13;sub14;sub15;sub16;sub17;sub18;sub24;sub27;sub28;sub29,sub22,15,0.5803216099739075,0.6044987440109253,0.002,1e-05,1.0,1.0,True,False,multimodal,psd-fc-wpli,gated,cnn,True,finetune,segssl_barlow_all-patient_psd-fc-wpli_finetune_seed13_pre20_proj32_mask0_03_noise0_02_mlp1_0_sup100,True,barlow,psd,all-patient,True,13,1.0,0.1,32,0.03,0.02
multimodal_psd-fc-wpli_gated_cnn,13,sub20,sub01;sub05;sub07;sub08;sub09;sub10;sub11;sub13;sub14;sub15;sub16;sub17;sub18;sub24;sub27;sub28;sub29,sub22,16,0.5655321478843689,0.5715125799179077,0.002,1e-05,1.0,1.0,True,False,multimodal,psd-fc-wpli,gated,cnn,True,finetune,segssl_barlow_all-patient_psd-fc-wpli_finetune_seed13_pre20_proj32_mask0_03_noise0_02_mlp1_0_sup100,True,barlow,psd,all-patient,True,13,1.0,0.1,32,0.03,0.02
multimodal_psd-fc-wpli_gated_cnn,13,sub20,sub01;sub05;sub07;sub08;sub09;sub10;sub11;sub13;sub14;sub15;sub16;sub17;sub18;sub24;sub27;sub28;sub29,sub22,17,0.5496375560760498,0.5344597697257996,0.002,1e-05,1.0,1.0,True,False,multimodal,psd-fc-wpli,gated,cnn,True,finetune,segssl_barlow_all-patient_psd-fc-wpli_finetune_seed13_pre20_proj32_mask0_03_noise0_02_mlp1_0_sup100,True,barlow,psd,all-patient,True,13,1.0,0.1,32,0.03,0.02
multimodal_psd-fc-wpli_gated_cnn,13,sub20,sub01;sub05;sub07;sub08;sub09;sub10;sub11;sub13;sub14;sub15;sub16;sub17;sub18;sub24;sub27;sub28;sub29,sub22,18,0.5324341654777527,0.4946979880332947,0.002,1e-05,1.0,1.0,True,False,multimodal,psd-fc-wpli,gated,cnn,True,finetune,segssl_barlow_all-patient_psd-fc-wpli_finetune_seed13_pre20_proj32_mask0_03_noise0_02_mlp1_0_sup100,True,barlow,psd,all-patient,True,13,1.0,0.1,32,0.03,0.02
multimodal_psd-fc-wpli_gated_cnn,13,sub20,sub01;sub05;sub07;sub08;sub09;sub10;sub11;sub13;sub14;sub15;sub16;sub17;sub18;sub24;sub27;sub28;sub29,sub22,19,0.5140888094902039,0.4538138508796692,0.002,1e-05,1.0,1.0,True,False,multimodal,psd-fc-wpli,gated,cnn,True,finetune,segssl_barlow_all-patient_psd-fc-wpli_finetune_seed13_pre20_proj32_mask0_03_noise0_02_mlp1_0_sup100,True,barlow,psd,all-patient,True,13,1.0,0.1,32,0.03,0.02
multimodal_psd-fc-wpli_gated_cnn,13,sub20,sub01;sub05;sub07;sub08;sub09;sub10;sub11;sub13;sub14;sub15;sub16;sub17;sub18;sub24;sub27;sub28;sub29,sub22,20,0.49429023265838623,0.41611841320991516,0.002,1e-05,1.0,1.0,True,False,multimodal,psd-fc-wpli,gated,cnn,True,finetune,segssl_barlow_all-patient_psd-fc-wpli_finetune_seed13_pre20_proj32_mask0_03_noise0_02_mlp1_0_sup100,True,barlow,psd,all-patient,True,13,1.0,0.1,32,0.03,0.02
multimodal_psd-fc-wpli_gated_cnn,13,sub20,sub01;sub05;sub07;sub08;sub09;sub10;sub11;sub13;sub14;sub15;sub16;sub17;sub18;sub24;sub27;sub28;sub29,sub22,21,0.4731745421886444,0.38388609886169434,0.002,1e-05,1.0,1.0,True,False,multimodal,psd-fc-wpli,gated,cnn,True,finetune,segssl_barlow_all-patient_psd-fc-wpli_finetune_seed13_pre20_proj32_mask0_03_noise0_02_mlp1_0_sup100,True,barlow,psd,all-patient,True,13,1.0,0.1,32,0.03,0.02
multimodal_psd-fc-wpli_gated_cnn,13,sub20,sub01;sub05;sub07;sub08;sub09;sub10;sub11;sub13;sub14;sub15;sub16;sub17;sub18;sub24;sub27;sub28;sub29,sub22,22,0.45084264874458313,0.3601621091365814,0.002,1e-05,1.0,1.0,True,False,multimodal,psd-fc-wpli,gated,cnn,True,finetune,segssl_barlow_all-patient_psd-fc-wpli_finetune_seed13_pre20_proj32_mask0_03_noise0_02_mlp1_0_sup100,True,barlow,psd,all-patient,True,13,1.0,0.1,32,0.03,0.02
multimodal_psd-fc-wpli_gated_cnn,13,sub20,sub01;sub05;sub07;sub08;sub09;sub10;sub11;sub13;sub14;sub15;sub16;sub17;sub18;sub24;sub27;sub28;sub29,sub22,23,0.427349716424942,0.34143906831741333,0.002,1e-05,1.0,1.0,True,False,multimodal,psd-fc-wpli,gated,cnn,True,finetune,segssl_barlow_all-patient_psd-fc-wpli_finetune_seed13_pre20_proj32_mask0_03_noise0_02_mlp1_0_sup100,True,barlow,psd,all-patient,True,13,1.0,0.1,32,0.03,0.02
multimodal_psd-fc-wpli_gated_cnn,13,sub20,sub01;sub05;sub07;sub08;sub09;sub10;sub11;sub13;sub14;sub15;sub16;sub17;sub18;sub24;sub27;sub28;sub29,sub22,24,0.4027823209762573,0.3316923975944519,0.002,1e-05,1.0,1.0,True,False,multimodal,psd-fc-wpli,gated,cnn,True,finetune,segssl_barlow_all-patient_psd-fc-wpli_finetune_seed13_pre20_proj32_mask0_03_noise0_02_mlp1_0_sup100,True,barlow,psd,all-patient,True,13,1.0,0.1,32,0.03,0.02
multimodal_psd-fc-wpli_gated_cnn,13,sub20,sub01;sub05;sub07;sub08;sub09;sub10;sub11;sub13;sub14;sub15;sub16;sub17;sub18;sub24;sub27;sub28;sub29,sub22,25,0.3774380683898926,0.32952260971069336,0.002,1e-05,1.0,1.0,True,False,multimodal,psd-fc-wpli,gated,cnn,True,finetune,segssl_barlow_all-patient_psd-fc-wpli_finetune_seed13_pre20_proj32_mask0_03_noise0_02_mlp1_0_sup100,True,barlow,psd,all-patient,True,13,1.0,0.1,32,0.03,0.02
multimodal_psd-fc-wpli_gated_cnn,13,sub20,sub01;sub05;sub07;sub08;sub09;sub10;sub11;sub13;sub14;sub15;sub16;sub17;sub18;sub24;sub27;sub28;sub29,sub22,26,0.3515227437019348,0.3332158625125885,0.002,1e-05,1.0,1.0,False,False,multimodal,psd-fc-wpli,gated,cnn,True,finetune,segssl_barlow_all-patient_psd-fc-wpli_finetune_seed13_pre20_proj32_mask0_03_noise0_02_mlp1_0_sup100,True,barlow,psd,all-patient,True,13,1.0,0.1,32,0.03,0.02
multimodal_psd-fc-wpli_gated_cnn,13,sub20,sub01;sub05;sub07;sub08;sub09;sub10;sub11;sub13;sub14;sub15;sub16;sub17;sub18;sub24;sub27;sub28;sub29,sub22,27,0.3253091871738434,0.33588334918022156,0.002,1e-05,1.0,1.0,False,False,multimodal,psd-fc-wpli,gated,cnn,True,finetune,segssl_barlow_all-patient_psd-fc-wpli_finetune_seed13_pre20_proj32_mask0_03_noise0_02_mlp1_0_sup100,True,barlow,psd,all-patient,True,13,1.0,0.1,32,0.03,0.02
multimodal_psd-fc-wpli_gated_cnn,13,sub20,sub01;sub05;sub07;sub08;sub09;sub10;sub11;sub13;sub14;sub15;sub16;sub17;sub18;sub24;sub27;sub28;sub29,sub22,28,0.29909783601760864,0.33316394686698914,0.002,1e-05,1.0,1.0,False,False,multimodal,psd-fc-wpli,gated,cnn,True,finetune,segssl_barlow_all-patient_psd-fc-wpli_finetune_seed13_pre20_proj32_mask0_03_noise0_02_mlp1_0_sup100,True,barlow,psd,all-patient,True,13,1.0,0.1,32,0.03,0.02
multimodal_psd-fc-wpli_gated_cnn,13,sub20,sub01;sub05;sub07;sub08;sub09;sub10;sub11;sub13;sub14;sub15;sub16;sub17;sub18;sub24;sub27;sub28;sub29,sub22,29,0.2730746567249298,0.31919512152671814,0.002,1e-05,1.0,1.0,True,False,multimodal,psd-fc-wpli,gated,cnn,True,finetune,segssl_barlow_all-patient_psd-fc-wpli_finetune_seed13_pre20_proj32_mask0_03_noise0_02_mlp1_0_sup100,True,barlow,psd,all-patient,True,13,1.0,0.1,32,0.03,0.02
multimodal_psd-fc-wpli_gated_cnn,13,sub20,sub01;sub05;sub07;sub08;sub09;sub10;sub11;sub13;sub14;sub15;sub16;sub17;sub18;sub24;sub27;sub28;sub29,sub22,30,0.24750404059886932,0.2877404987812042,0.002,1e-05,1.0,1.0,True,False,multimodal,psd-fc-wpli,gated,cnn,True,finetune,segssl_barlow_all-patient_psd-fc-wpli_finetune_seed13_pre20_proj32_mask0_03_noise0_02_mlp1_0_sup100,True,barlow,psd,all-patient,True,13,1.0,0.1,32,0.03,0.02
multimodal_psd-fc-wpli_gated_cnn,13,sub20,sub01;sub05;sub07;sub08;sub09;sub10;sub11;sub13;sub14;sub15;sub16;sub17;sub18;sub24;sub27;sub28;sub29,sub22,31,0.2225894033908844,0.24989232420921326,0.002,1e-05,1.0,1.0,True,False,multimodal,psd-fc-wpli,gated,cnn,True,finetune,segssl_barlow_all-patient_psd-fc-wpli_finetune_seed13_pre20_proj32_mask0_03_noise0_02_mlp1_0_sup100,True,barlow,psd,all-patient,True,13,1.0,0.1,32,0.03,0.02
multimodal_psd-fc-wpli_gated_cnn,13,sub20,sub01;sub05;sub07;sub08;sub09;sub10;sub11;sub13;sub14;sub15;sub16;sub17;sub18;sub24;sub27;sub28;sub29,sub22,32,0.19882196187973022,0.21633170545101166,0.002,1e-05,1.0,1.0,True,False,multimodal,psd-fc-wpli,gated,cnn,True,finetune,segssl_barlow_all-patient_psd-fc-wpli_finetune_seed13_pre20_proj32_mask0_03_noise0_02_mlp1_0_sup100,True,barlow,psd,all-patient,True,13,1.0,0.1,32,0.03,0.02
multimodal_psd-fc-wpli_gated_cnn,13,sub20,sub01;sub05;sub07;sub08;sub09;sub10;sub11;sub13;sub14;sub15;sub16;sub17;sub18;sub24;sub27;sub28;sub29,sub22,33,0.17642946541309357,0.19490031898021698,0.002,1e-05,1.0,1.0,True,False,multimodal,psd-fc-wpli,gated,cnn,True,finetune,segssl_barlow_all-patient_psd-fc-wpli_finetune_seed13_pre20_proj32_mask0_03_noise0_02_mlp1_0_sup100,True,barlow,psd,all-patient,True,13,1.0,0.1,32,0.03,0.02
multimodal_psd-fc-wpli_gated_cnn,13,sub20,sub01;sub05;sub07;sub08;sub09;sub10;sub11;sub13;sub14;sub15;sub16;sub17;sub18;sub24;sub27;sub28;sub29,sub22,34,0.15556399524211884,0.18713580071926117,0.002,1e-05,1.0,1.0,True,False,multimodal,psd-fc-wpli,gated,cnn,True,finetune,segssl_barlow_all-patient_psd-fc-wpli_finetune_seed13_pre20_proj32_mask0_03_noise0_02_mlp1_0_sup100,True,barlow,psd,all-patient,True,13,1.0,0.1,32,0.03,0.02
multimodal_psd-fc-wpli_gated_cnn,13,sub20,sub01;sub05;sub07;sub08;sub09;sub10;sub11;sub13;sub14;sub15;sub16;sub17;sub18;sub24;sub27;sub28;sub29,sub22,35,0.1362067312002182,0.1898009479045868,0.002,1e-05,1.0,1.0,False,False,multimodal,psd-fc-wpli,gated,cnn,True,finetune,segssl_barlow_all-patient_psd-fc-wpli_finetune_seed13_pre20_proj32_mask0_03_noise0_02_mlp1_0_sup100,True,barlow,psd,all-patient,True,13,1.0,0.1,32,0.03,0.02
multimodal_psd-fc-wpli_gated_cnn,13,sub20,sub01;sub05;sub07;sub08;sub09;sub10;sub11;sub13;sub14;sub15;sub16;sub17;sub18;sub24;sub27;sub28;sub29,sub22,36,0.11856581270694733,0.19624945521354675,0.002,1e-05,1.0,1.0,False,False,multimodal,psd-fc-wpli,gated,cnn,True,finetune,segssl_barlow_all-patient_psd-fc-wpli_finetune_seed13_pre20_proj32_mask0_03_noise0_02_mlp1_0_sup100,True,barlow,psd,all-patient,True,13,1.0,0.1,32,0.03,0.02
multimodal_psd-fc-wpli_gated_cnn,13,sub20,sub01;sub05;sub07;sub08;sub09;sub10;sub11;sub13;sub14;sub15;sub16;sub17;sub18;sub24;sub27;sub28;sub29,sub22,37,0.10252371430397034,0.2021230012178421,0.002,1e-05,1.0,1.0,False,False,multimodal,psd-fc-wpli,gated,cnn,True,finetune,segssl_barlow_all-patient_psd-fc-wpli_finetune_seed13_pre20_proj32_mask0_03_noise0_02_mlp1_0_sup100,True,barlow,psd,all-patient,True,13,1.0,0.1,32,0.03,0.02
multimodal_psd-fc-wpli_gated_cnn,13,sub20,sub01;sub05;sub07;sub08;sub09;sub10;sub11;sub13;sub14;sub15;sub16;sub17;sub18;sub24;sub27;sub28;sub29,sub22,38,0.08803911507129669,0.20411500334739685,0.002,1e-05,1.0,1.0,False,False,multimodal,psd-fc-wpli,gated,cnn,True,finetune,segssl_barlow_all-patient_psd-fc-wpli_finetune_seed13_pre20_proj32_mask0_03_noise0_02_mlp1_0_sup100,True,barlow,psd,all-patient,True,13,1.0,0.1,32,0.03,0.02
multimodal_psd-fc-wpli_gated_cnn,13,sub20,sub01;sub05;sub07;sub08;sub09;sub10;sub11;sub13;sub14;sub15;sub16;sub17;sub18;sub24;sub27;sub28;sub29,sub22,39,0.0751475989818573,0.20477423071861267,0.002,1e-05,1.0,1.0,False,False,multimodal,psd-fc-wpli,gated,cnn,True,finetune,segssl_barlow_all-patient_psd-fc-wpli_finetune_seed13_pre20_proj32_mask0_03_noise0_02_mlp1_0_sup100,True,barlow,psd,all-patient,True,13,1.0,0.1,32,0.03,0.02
multimodal_psd-fc-wpli_gated_cnn,13,sub20,sub01;sub05;sub07;sub08;sub09;sub10;sub11;sub13;sub14;sub15;sub16;sub17;sub18;sub24;sub27;sub28;sub29,sub22,40,0.06382898986339569,0.2041175663471222,0.002,1e-05,1.0,1.0,False,False,multimodal,psd-fc-wpli,gated,cnn,True,finetune,segssl_barlow_all-patient_psd-fc-wpli_finetune_seed13_pre20_proj32_mask0_03_noise0_02_mlp1_0_sup100,True,barlow,psd,all-patient,True,13,1.0,0.1,32,0.03,0.02
multimodal_psd-fc-wpli_gated_cnn,13,sub20,sub01;sub05;sub07;sub08;sub09;sub10;sub11;sub13;sub14;sub15;sub16;sub17;sub18;sub24;sub27;sub28;sub29,sub22,41,0.0540313646197319,0.19959019124507904,0.002,1e-05,1.0,1.0,False,False,multimodal,psd-fc-wpli,gated,cnn,True,finetune,segssl_barlow_all-patient_psd-fc-wpli_finetune_seed13_pre20_proj32_mask0_03_noise0_02_mlp1_0_sup100,True,barlow,psd,all-patient,True,13,1.0,0.1,32,0.03,0.02
multimodal_psd-fc-wpli_gated_cnn,13,sub20,sub01;sub05;sub07;sub08;sub09;sub10;sub11;sub13;sub14;sub15;sub16;sub17;sub18;sub24;sub27;sub28;sub29,sub22,42,0.045525964349508286,0.18951201438903809,0.002,1e-05,1.0,1.0,False,False,multimodal,psd-fc-wpli,gated,cnn,True,finetune,segssl_barlow_all-patient_psd-fc-wpli_finetune_seed13_pre20_proj32_mask0_03_noise0_02_mlp1_0_sup100,True,barlow,psd,all-patient,True,13,1.0,0.1,32,0.03,0.02
multimodal_psd-fc-wpli_gated_cnn,13,sub20,sub01;sub05;sub07;sub08;sub09;sub10;sub11;sub13;sub14;sub15;sub16;sub17;sub18;sub24;sub27;sub28;sub29,sub22,43,0.038244280964136124,0.17750778794288635,0.002,1e-05,1.0,1.0,True,False,multimodal,psd-fc-wpli,gated,cnn,True,finetune,segssl_barlow_all-patient_psd-fc-wpli_finetune_seed13_pre20_proj32_mask0_03_noise0_02_mlp1_0_sup100,True,barlow,psd,all-patient,True,13,1.0,0.1,32,0.03,0.02
multimodal_psd-fc-wpli_gated_cnn,13,sub20,sub01;sub05;sub07;sub08;sub09;sub10;sub11;sub13;sub14;sub15;sub16;sub17;sub18;sub24;sub27;sub28;sub29,sub22,44,0.032054562121629715,0.16410501301288605,0.002,1e-05,1.0,1.0,True,False,multimodal,psd-fc-wpli,gated,cnn,True,finetune,segssl_barlow_all-patient_psd-fc-wpli_finetune_seed13_pre20_proj32_mask0_03_noise0_02_mlp1_0_sup100,True,barlow,psd,all-patient,True,13,1.0,0.1,32,0.03,0.02
multimodal_psd-fc-wpli_gated_cnn,13,sub20,sub01;sub05;sub07;sub08;sub09;sub10;sub11;sub13;sub14;sub15;sub16;sub17;sub18;sub24;sub27;sub28;sub29,sub22,45,0.026831474155187607,0.14865900576114655,0.002,1e-05,1.0,1.0,True,False,multimodal,psd-fc-wpli,gated,cnn,True,finetune,segssl_barlow_all-patient_psd-fc-wpli_finetune_seed13_pre20_proj32_mask0_03_noise0_02_mlp1_0_sup100,True,barlow,psd,all-patient,True,13,1.0,0.1,32,0.03,0.02
multimodal_psd-fc-wpli_gated_cnn,13,sub20,sub01;sub05;sub07;sub08;sub09;sub10;sub11;sub13;sub14;sub15;sub16;sub17;sub18;sub24;sub27;sub28;sub29,sub22,46,0.022451290860772133,0.13466084003448486,0.002,1e-05,1.0,1.0,True,False,multimodal,psd-fc-wpli,gated,cnn,True,finetune,segssl_barlow_all-patient_psd-fc-wpli_finetune_seed13_pre20_proj32_mask0_03_noise0_02_mlp1_0_sup100,True,barlow,psd,all-patient,True,13,1.0,0.1,32,0.03,0.02
multimodal_psd-fc-wpli_gated_cnn,13,sub20,sub01;sub05;sub07;sub08;sub09;sub10;sub11;sub13;sub14;sub15;sub16;sub17;sub18;sub24;sub27;sub28;sub29,sub22,47,0.0188011284917593,0.12261629849672318,0.002,1e-05,1.0,1.0,True,False,multimodal,psd-fc-wpli,gated,cnn,True,finetune,segssl_barlow_all-patient_psd-fc-wpli_finetune_seed13_pre20_proj32_mask0_03_noise0_02_mlp1_0_sup100,True,barlow,psd,all-patient,True,13,1.0,0.1,32,0.03,0.02
multimodal_psd-fc-wpli_gated_cnn,13,sub20,sub01;sub05;sub07;sub08;sub09;sub10;sub11;sub13;sub14;sub15;sub16;sub17;sub18;sub24;sub27;sub28;sub29,sub22,48,0.015770068392157555,0.1131594106554985,0.002,1e-05,1.0,1.0,True,False,multimodal,psd-fc-wpli,gated,cnn,True,finetune,segssl_barlow_all-patient_psd-fc-wpli_finetune_seed13_pre20_proj32_mask0_03_noise0_02_mlp1_0_sup100,True,barlow,psd,all-patient,True,13,1.0,0.1,32,0.03,0.02
multimodal_psd-fc-wpli_gated_cnn,13,sub20,sub01;sub05;sub07;sub08;sub09;sub10;sub11;sub13;sub14;sub15;sub16;sub17;sub18;sub24;sub27;sub28;sub29,sub22,49,0.013261646032333374,0.10421758145093918,0.002,1e-05,1.0,1.0,True,False,multimodal,psd-fc-wpli,gated,cnn,True,finetune,segssl_barlow_all-patient_psd-fc-wpli_finetune_seed13_pre20_proj32_mask0_03_noise0_02_mlp1_0_sup100,True,barlow,psd,all-patient,True,13,1.0,0.1,32,0.03,0.02
multimodal_psd-fc-wpli_gated_cnn,13,sub20,sub01;sub05;sub07;sub08;sub09;sub10;sub11;sub13;sub14;sub15;sub16;sub17;sub18;sub24;sub27;sub28;sub29,sub22,50,0.011192571371793747,0.09402118623256683,0.002,1e-05,1.0,1.0,True,False,multimodal,psd-fc-wpli,gated,cnn,True,finetune,segssl_barlow_all-patient_psd-fc-wpli_finetune_seed13_pre20_proj32_mask0_03_noise0_02_mlp1_0_sup100,True,barlow,psd,all-patient,True,13,1.0,0.1,32,0.03,0.02
multimodal_psd-fc-wpli_gated_cnn,13,sub20,sub01;sub05;sub07;sub08;sub09;sub10;sub11;sub13;sub14;sub15;sub16;sub17;sub18;sub24;sub27;sub28;sub29,sub22,51,0.00948502030223608,0.08275891840457916,0.002,1e-05,1.0,1.0,True,False,multimodal,psd-fc-wpli,gated,cnn,True,finetune,segssl_barlow_all-patient_psd-fc-wpli_finetune_seed13_pre20_proj32_mask0_03_noise0_02_mlp1_0_sup100,True,barlow,psd,all-patient,True,13,1.0,0.1,32,0.03,0.02
multimodal_psd-fc-wpli_gated_cnn,13,sub20,sub01;sub05;sub07;sub08;sub09;sub10;sub11;sub13;sub14;sub15;sub16;sub17;sub18;sub24;sub27;sub28;sub29,sub22,52,0.008075217716395855,0.07214104384183884,0.002,1e-05,1.0,1.0,True,False,multimodal,psd-fc-wpli,gated,cnn,True,finetune,segssl_barlow_all-patient_psd-fc-wpli_finetune_seed13_pre20_proj32_mask0_03_noise0_02_mlp1_0_sup100,True,barlow,psd,all-patient,True,13,1.0,0.1,32,0.03,0.02
multimodal_psd-fc-wpli_gated_cnn,13,sub20,sub01;sub05;sub07;sub08;sub09;sub10;sub11;sub13;sub14;sub15;sub16;sub17;sub18;sub24;sub27;sub28;sub29,sub22,53,0.006906887050718069,0.06306954473257065,0.002,1e-05,1.0,1.0,True,False,multimodal,psd-fc-wpli,gated,cnn,True,finetune,segssl_barlow_all-patient_psd-fc-wpli_finetune_seed13_pre20_proj32_mask0_03_noise0_02_mlp1_0_sup100,True,barlow,psd,all-patient,True,13,1.0,0.1,32,0.03,0.02
multimodal_psd-fc-wpli_gated_cnn,13,sub20,sub01;sub05;sub07;sub08;sub09;sub10;sub11;sub13;sub14;sub15;sub16;sub17;sub18;sub24;sub27;sub28;sub29,sub22,54,0.005937619134783745,0.05589481443166733,0.002,1e-05,1.0,1.0,True,False,multimodal,psd-fc-wpli,gated,cnn,True,finetune,segssl_barlow_all-patient_psd-fc-wpli_finetune_seed13_pre20_proj32_mask0_03_noise0_02_mlp1_0_sup100,True,barlow,psd,all-patient,True,13,1.0,0.1,32,0.03,0.02
multimodal_psd-fc-wpli_gated_cnn,13,sub20,sub01;sub05;sub07;sub08;sub09;sub10;sub11;sub13;sub14;sub15;sub16;sub17;sub18;sub24;sub27;sub28;sub29,sub22,55,0.005133121274411678,0.05052432790398598,0.002,1e-05,1.0,1.0,True,False,multimodal,psd-fc-wpli,gated,cnn,True,finetune,segssl_barlow_all-patient_psd-fc-wpli_finetune_seed13_pre20_proj32_mask0_03_noise0_02_mlp1_0_sup100,True,barlow,psd,all-patient,True,13,1.0,0.1,32,0.03,0.02
multimodal_psd-fc-wpli_gated_cnn,13,sub20,sub01;sub05;sub07;sub08;sub09;sub10;sub11;sub13;sub14;sub15;sub16;sub17;sub18;sub24;sub27;sub28;sub29,sub22,56,0.004462551791220903,0.04672136902809143,0.002,1e-05,1.0,1.0,True,False,multimodal,psd-fc-wpli,gated,cnn,True,finetune,segssl_barlow_all-patient_psd-fc-wpli_finetune_seed13_pre20_proj32_mask0_03_noise0_02_mlp1_0_sup100,True,barlow,psd,all-patient,True,13,1.0,0.1,32,0.03,0.02
multimodal_psd-fc-wpli_gated_cnn,13,sub20,sub01;sub05;sub07;sub08;sub09;sub10;sub11;sub13;sub14;sub15;sub16;sub17;sub18;sub24;sub27;sub28;sub29,sub22,57,0.0039005244616419077,0.04404878616333008,0.002,1e-05,1.0,1.0,True,False,multimodal,psd-fc-wpli,gated,cnn,True,finetune,segssl_barlow_all-patient_psd-fc-wpli_finetune_seed13_pre20_proj32_mask0_03_noise0_02_mlp1_0_sup100,True,barlow,psd,all-patient,True,13,1.0,0.1,32,0.03,0.02
multimodal_psd-fc-wpli_gated_cnn,13,sub20,sub01;sub05;sub07;sub08;sub09;sub10;sub11;sub13;sub14;sub15;sub16;sub17;sub18;sub24;sub27;sub28;sub29,sub22,58,0.0034282393753528595,0.04241379722952843,0.002,1e-05,1.0,1.0,True,False,multimodal,psd-fc-wpli,gated,cnn,True,finetune,segssl_barlow_all-patient_psd-fc-wpli_finetune_seed13_pre20_proj32_mask0_03_noise0_02_mlp1_0_sup100,True,barlow,psd,all-patient,True,13,1.0,0.1,32,0.03,0.02
multimodal_psd-fc-wpli_gated_cnn,13,sub20,sub01;sub05;sub07;sub08;sub09;sub10;sub11;sub13;sub14;sub15;sub16;sub17;sub18;sub24;sub27;sub28;sub29,sub22,59,0.0030305690597742796,0.0413411483168602,0.002,1e-05,1.0,1.0,True,False,multimodal,psd-fc-wpli,gated,cnn,True,finetune,segssl_barlow_all-patient_psd-fc-wpli_finetune_seed13_pre20_proj32_mask0_03_noise0_02_mlp1_0_sup100,True,barlow,psd,all-patient,True,13,1.0,0.1,32,0.03,0.02
multimodal_psd-fc-wpli_gated_cnn,13,sub20,sub01;sub05;sub07;sub08;sub09;sub10;sub11;sub13;sub14;sub15;sub16;sub17;sub18;sub24;sub27;sub28;sub29,sub22,60,0.002695999573916197,0.04054315388202667,0.002,1e-05,1.0,1.0,True,False,multimodal,psd-fc-wpli,gated,cnn,True,finetune,segssl_barlow_all-patient_psd-fc-wpli_finetune_seed13_pre20_proj32_mask0_03_noise0_02_mlp1_0_sup100,True,barlow,psd,all-patient,True,13,1.0,0.1,32,0.03,0.02
multimodal_psd-fc-wpli_gated_cnn,13,sub20,sub01;sub05;sub07;sub08;sub09;sub10;sub11;sub13;sub14;sub15;sub16;sub17;sub18;sub24;sub27;sub28;sub29,sub22,61,0.0024118765722960234,0.039885297417640686,0.002,1e-05,1.0,1.0,True,False,multimodal,psd-fc-wpli,gated,cnn,True,finetune,segssl_barlow_all-patient_psd-fc-wpli_finetune_seed13_pre20_proj32_mask0_03_noise0_02_mlp1_0_sup100,True,barlow,psd,all-patient,True,13,1.0,0.1,32,0.03,0.02
multimodal_psd-fc-wpli_gated_cnn,13,sub20,sub01;sub05;sub07;sub08;sub09;sub10;sub11;sub13;sub14;sub15;sub16;sub17;sub18;sub24;sub27;sub28;sub29,sub22,62,0.0021695999894291162,0.039209213107824326,0.002,1e-05,1.0,1.0,True,False,multimodal,psd-fc-wpli,gated,cnn,True,finetune,segssl_barlow_all-patient_psd-fc-wpli_finetune_seed13_pre20_proj32_mask0_03_noise0_02_mlp1_0_sup100,True,barlow,psd,all-patient,True,13,1.0,0.1,32,0.03,0.02
multimodal_psd-fc-wpli_gated_cnn,13,sub20,sub01;sub05;sub07;sub08;sub09;sub10;sub11;sub13;sub14;sub15;sub16;sub17;sub18;sub24;sub27;sub28;sub29,sub22,63,0.0019620016682893038,0.03853785619139671,0.002,1e-05,1.0,1.0,True,False,multimodal,psd-fc-wpli,gated,cnn,True,finetune,segssl_barlow_all-patient_psd-fc-wpli_finetune_seed13_pre20_proj32_mask0_03_noise0_02_mlp1_0_sup100,True,barlow,psd,all-patient,True,13,1.0,0.1,32,0.03,0.02
multimodal_psd-fc-wpli_gated_cnn,13,sub20,sub01;sub05;sub07;sub08;sub09;sub10;sub11;sub13;sub14;sub15;sub16;sub17;sub18;sub24;sub27;sub28;sub29,sub22,64,0.0017838156782090664,0.03794006630778313,0.002,1e-05,1.0,1.0,True,False,multimodal,psd-fc-wpli,gated,cnn,True,finetune,segssl_barlow_all-patient_psd-fc-wpli_finetune_seed13_pre20_proj32_mask0_03_noise0_02_mlp1_0_sup100,True,barlow,psd,all-patient,True,13,1.0,0.1,32,0.03,0.02
multimodal_psd-fc-wpli_gated_cnn,13,sub20,sub01;sub05;sub07;sub08;sub09;sub10;sub11;sub13;sub14;sub15;sub16;sub17;sub18;sub24;sub27;sub28;sub29,sub22,65,0.0016301246359944344,0.03732679411768913,0.002,1e-05,1.0,1.0,True,False,multimodal,psd-fc-wpli,gated,cnn,True,finetune,segssl_barlow_all-patient_psd-fc-wpli_finetune_seed13_pre20_proj32_mask0_03_noise0_02_mlp1_0_sup100,True,barlow,psd,all-patient,True,13,1.0,0.1,32,0.03,0.02
multimodal_psd-fc-wpli_gated_cnn,13,sub20,sub01;sub05;sub07;sub08;sub09;sub10;sub11;sub13;sub14;sub15;sub16;sub17;sub18;sub24;sub27;sub28;sub29,sub22,66,0.0014968442264944315,0.03671630844473839,0.002,1e-05,1.0,1.0,True,False,multimodal,psd-fc-wpli,gated,cnn,True,finetune,segssl_barlow_all-patient_psd-fc-wpli_finetune_seed13_pre20_proj32_mask0_03_noise0_02_mlp1_0_sup100,True,barlow,psd,all-patient,True,13,1.0,0.1,32,0.03,0.02
multimodal_psd-fc-wpli_gated_cnn,13,sub20,sub01;sub05;sub07;sub08;sub09;sub10;sub11;sub13;sub14;sub15;sub16;sub17;sub18;sub24;sub27;sub28;sub29,sub22,67,0.001380530302412808,0.036064114421606064,0.002,1e-05,1.0,1.0,True,False,multimodal,psd-fc-wpli,gated,cnn,True,finetune,segssl_barlow_all-patient_psd-fc-wpli_finetune_seed13_pre20_proj32_mask0_03_noise0_02_mlp1_0_sup100,True,barlow,psd,all-patient,True,13,1.0,0.1,32,0.03,0.02
multimodal_psd-fc-wpli_gated_cnn,13,sub20,sub01;sub05;sub07;sub08;sub09;sub10;sub11;sub13;sub14;sub15;sub16;sub17;sub18;sub24;sub27;sub28;sub29,sub22,68,0.0012785467552021146,0.035325951874256134,0.002,1e-05,1.0,1.0,True,False,multimodal,psd-fc-wpli,gated,cnn,True,finetune,segssl_barlow_all-patient_psd-fc-wpli_finetune_seed13_pre20_proj32_mask0_03_noise0_02_mlp1_0_sup100,True,barlow,psd,all-patient,True,13,1.0,0.1,32,0.03,0.02
multimodal_psd-fc-wpli_gated_cnn,13,sub20,sub01;sub05;sub07;sub08;sub09;sub10;sub11;sub13;sub14;sub15;sub16;sub17;sub18;sub24;sub27;sub28;sub29,sub22,69,0.001188749447464943,0.034512199461460114,0.002,1e-05,1.0,1.0,True,False,multimodal,psd-fc-wpli,gated,cnn,True,finetune,segssl_barlow_all-patient_psd-fc-wpli_finetune_seed13_pre20_proj32_mask0_03_noise0_02_mlp1_0_sup100,True,barlow,psd,all-patient,True,13,1.0,0.1,32,0.03,0.02
multimodal_psd-fc-wpli_gated_cnn,13,sub20,sub01;sub05;sub07;sub08;sub09;sub10;sub11;sub13;sub14;sub15;sub16;sub17;sub18;sub24;sub27;sub28;sub29,sub22,70,0.0011094572255387902,0.03365232050418854,0.002,1e-05,1.0,1.0,True,False,multimodal,psd-fc-wpli,gated,cnn,True,finetune,segssl_barlow_all-patient_psd-fc-wpli_finetune_seed13_pre20_proj32_mask0_03_noise0_02_mlp1_0_sup100,True,barlow,psd,all-patient,True,13,1.0,0.1,32,0.03,0.02
multimodal_psd-fc-wpli_gated_cnn,13,sub20,sub01;sub05;sub07;sub08;sub09;sub10;sub11;sub13;sub14;sub15;sub16;sub17;sub18;sub24;sub27;sub28;sub29,sub22,71,0.0010390139650553465,0.03273786976933479,0.002,1e-05,1.0,1.0,True,False,multimodal,psd-fc-wpli,gated,cnn,True,finetune,segssl_barlow_all-patient_psd-fc-wpli_finetune_seed13_pre20_proj32_mask0_03_noise0_02_mlp1_0_sup100,True,barlow,psd,all-patient,True,13,1.0,0.1,32,0.03,0.02
multimodal_psd-fc-wpli_gated_cnn,13,sub20,sub01;sub05;sub07;sub08;sub09;sub10;sub11;sub13;sub14;sub15;sub16;sub17;sub18;sub24;sub27;sub28;sub29,sub22,72,0.0009766052244231105,0.03180696815252304,0.002,1e-05,1.0,1.0,True,False,multimodal,psd-fc-wpli,gated,cnn,True,finetune,segssl_barlow_all-patient_psd-fc-wpli_finetune_seed13_pre20_proj32_mask0_03_noise0_02_mlp1_0_sup100,True,barlow,psd,all-patient,True,13,1.0,0.1,32,0.03,0.02
multimodal_psd-fc-wpli_gated_cnn,13,sub20,sub01;sub05;sub07;sub08;sub09;sub10;sub11;sub13;sub14;sub15;sub16;sub17;sub18;sub24;sub27;sub28;sub29,sub22,73,0.0009209386771544814,0.030895555391907692,0.002,1e-05,1.0,1.0,True,False,multimodal,psd-fc-wpli,gated,cnn,True,finetune,segssl_barlow_all-patient_psd-fc-wpli_finetune_seed13_pre20_proj32_mask0_03_noise0_02_mlp1_0_sup100,True,barlow,psd,all-patient,True,13,1.0,0.1,32,0.03,0.02
multimodal_psd-fc-wpli_gated_cnn,13,sub20,sub01;sub05;sub07;sub08;sub09;sub10;sub11;sub13;sub14;sub15;sub16;sub17;sub18;sub24;sub27;sub28;sub29,sub22,74,0.0008710407419130206,0.030030177906155586,0.002,1e-05,1.0,1.0,True,False,multimodal,psd-fc-wpli,gated,cnn,True,finetune,segssl_barlow_all-patient_psd-fc-wpli_finetune_seed13_pre20_proj32_mask0_03_noise0_02_mlp1_0_sup100,True,barlow,psd,all-patient,True,13,1.0,0.1,32,0.03,0.02
multimodal_psd-fc-wpli_gated_cnn,13,sub20,sub01;sub05;sub07;sub08;sub09;sub10;sub11;sub13;sub14;sub15;sub16;sub17;sub18;sub24;sub27;sub28;sub29,sub22,75,0.0008261678740382195,0.029197031632065773,0.002,1e-05,1.0,1.0,True,False,multimodal,psd-fc-wpli,gated,cnn,True,finetune,segssl_barlow_all-patient_psd-fc-wpli_finetune_seed13_pre20_proj32_mask0_03_noise0_02_mlp1_0_sup100,True,barlow,psd,all-patient,True,13,1.0,0.1,32,0.03,0.02
multimodal_psd-fc-wpli_gated_cnn,13,sub20,sub01;sub05;sub07;sub08;sub09;sub10;sub11;sub13;sub14;sub15;sub16;sub17;sub18;sub24;sub27;sub28;sub29,sub22,76,0.0007856730953790247,0.028470730409026146,0.002,1e-05,1.0,1.0,True,False,multimodal,psd-fc-wpli,gated,cnn,True,finetune,segssl_barlow_all-patient_psd-fc-wpli_finetune_seed13_pre20_proj32_mask0_03_noise0_02_mlp1_0_sup100,True,barlow,psd,all-patient,True,13,1.0,0.1,32,0.03,0.02
multimodal_psd-fc-wpli_gated_cnn,13,sub20,sub01;sub05;sub07;sub08;sub09;sub10;sub11;sub13;sub14;sub15;sub16;sub17;sub18;sub24;sub27;sub28;sub29,sub22,77,0.000748919730540365,0.02783730998635292,0.002,1e-05,1.0,1.0,True,False,multimodal,psd-fc-wpli,gated,cnn,True,finetune,segssl_barlow_all-patient_psd-fc-wpli_finetune_seed13_pre20_proj32_mask0_03_noise0_02_mlp1_0_sup100,True,barlow,psd,all-patient,True,13,1.0,0.1,32,0.03,0.02
multimodal_psd-fc-wpli_gated_cnn,13,sub20,sub01;sub05;sub07;sub08;sub09;sub10;sub11;sub13;sub14;sub15;sub16;sub17;sub18;sub24;sub27;sub28;sub29,sub22,78,0.000715357658918947,0.027273811399936676,0.002,1e-05,1.0,1.0,True,False,multimodal,psd-fc-wpli,gated,cnn,True,finetune,segssl_barlow_all-patient_psd-fc-wpli_finetune_seed13_pre20_proj32_mask0_03_noise0_02_mlp1_0_sup100,True,barlow,psd,all-patient,True,13,1.0,0.1,32,0.03,0.02
multimodal_psd-fc-wpli_gated_cnn,13,sub20,sub01;sub05;sub07;sub08;sub09;sub10;sub11;sub13;sub14;sub15;sub16;sub17;sub18;sub24;sub27;sub28;sub29,sub22,79,0.0006846334435977042,0.026753542944788933,0.002,1e-05,1.0,1.0,True,False,multimodal,psd-fc-wpli,gated,cnn,True,finetune,segssl_barlow_all-patient_psd-fc-wpli_finetune_seed13_pre20_proj32_mask0_03_noise0_02_mlp1_0_sup100,True,barlow,psd,all-patient,True,13,1.0,0.1,32,0.03,0.02
multimodal_psd-fc-wpli_gated_cnn,13,sub20,sub01;sub05;sub07;sub08;sub09;sub10;sub11;sub13;sub14;sub15;sub16;sub17;sub18;sub24;sub27;sub28;sub29,sub22,80,0.0006563718197867274,0.026278827339410782,0.002,1e-05,1.0,1.0,True,False,multimodal,psd-fc-wpli,gated,cnn,True,finetune,segssl_barlow_all-patient_psd-fc-wpli_finetune_seed13_pre20_proj32_mask0_03_noise0_02_mlp1_0_sup100,True,barlow,psd,all-patient,True,13,1.0,0.1,32,0.03,0.02
multimodal_psd-fc-wpli_gated_cnn,13,sub20,sub01;sub05;sub07;sub08;sub09;sub10;sub11;sub13;sub14;sub15;sub16;sub17;sub18;sub24;sub27;sub28;sub29,sub22,81,0.0006303104455582798,0.025818588212132454,0.002,1e-05,1.0,1.0,True,False,multimodal,psd-fc-wpli,gated,cnn,True,finetune,segssl_barlow_all-patient_psd-fc-wpli_finetune_seed13_pre20_proj32_mask0_03_noise0_02_mlp1_0_sup100,True,barlow,psd,all-patient,True,13,1.0,0.1,32,0.03,0.02
multimodal_psd-fc-wpli_gated_cnn,13,sub20,sub01;sub05;sub07;sub08;sub09;sub10;sub11;sub13;sub14;sub15;sub16;sub17;sub18;sub24;sub27;sub28;sub29,sub22,82,0.0006060991436243057,0.02538594976067543,0.002,1e-05,1.0,1.0,True,False,multimodal,psd-fc-wpli,gated,cnn,True,finetune,segssl_barlow_all-patient_psd-fc-wpli_finetune_seed13_pre20_proj32_mask0_03_noise0_02_mlp1_0_sup100,True,barlow,psd,all-patient,True,13,1.0,0.1,32,0.03,0.02
multimodal_psd-fc-wpli_gated_cnn,13,sub20,sub01;sub05;sub07;sub08;sub09;sub10;sub11;sub13;sub14;sub15;sub16;sub17;sub18;sub24;sub27;sub28;sub29,sub22,83,0.000583561894018203,0.02498246356844902,0.002,1e-05,1.0,1.0,True,False,multimodal,psd-fc-wpli,gated,cnn,True,finetune,segssl_barlow_all-patient_psd-fc-wpli_finetune_seed13_pre20_proj32_mask0_03_noise0_02_mlp1_0_sup100,True,barlow,psd,all-patient,True,13,1.0,0.1,32,0.03,0.02
multimodal_psd-fc-wpli_gated_cnn,13,sub20,sub01;sub05;sub07;sub08;sub09;sub10;sub11;sub13;sub14;sub15;sub16;sub17;sub18;sub24;sub27;sub28;sub29,sub22,84,0.0005625287885777652,0.02464817464351654,0.002,1e-05,1.0,1.0,True,False,multimodal,psd-fc-wpli,gated,cnn,True,finetune,segssl_barlow_all-patient_psd-fc-wpli_finetune_seed13_pre20_proj32_mask0_03_noise0_02_mlp1_0_sup100,True,barlow,psd,all-patient,True,13,1.0,0.1,32,0.03,0.02
multimodal_psd-fc-wpli_gated_cnn,13,sub20,sub01;sub05;sub07;sub08;sub09;sub10;sub11;sub13;sub14;sub15;sub16;sub17;sub18;sub24;sub27;sub28;sub29,sub22,85,0.0005428012809716165,0.02438795566558838,0.002,1e-05,1.0,1.0,True,False,multimodal,psd-fc-wpli,gated,cnn,True,finetune,segssl_barlow_all-patient_psd-fc-wpli_finetune_seed13_pre20_proj32_mask0_03_noise0_02_mlp1_0_sup100,True,barlow,psd,all-patient,True,13,1.0,0.1,32,0.03,0.02
multimodal_psd-fc-wpli_gated_cnn,13,sub20,sub01;sub05;sub07;sub08;sub09;sub10;sub11;sub13;sub14;sub15;sub16;sub17;sub18;sub24;sub27;sub28;sub29,sub22,86,0.0005242691258899868,0.02419375255703926,0.002,1e-05,1.0,1.0,True,False,multimodal,psd-fc-wpli,gated,cnn,True,finetune,segssl_barlow_all-patient_psd-fc-wpli_finetune_seed13_pre20_proj32_mask0_03_noise0_02_mlp1_0_sup100,True,barlow,psd,all-patient,True,13,1.0,0.1,32,0.03,0.02
multimodal_psd-fc-wpli_gated_cnn,13,sub20,sub01;sub05;sub07;sub08;sub09;sub10;sub11;sub13;sub14;sub15;sub16;sub17;sub18;sub24;sub27;sub28;sub29,sub22,87,0.0005067692836746573,0.024039942771196365,0.002,1e-05,1.0,1.0,True,False,multimodal,psd-fc-wpli,gated,cnn,True,finetune,segssl_barlow_all-patient_psd-fc-wpli_finetune_seed13_pre20_proj32_mask0_03_noise0_02_mlp1_0_sup100,True,barlow,psd,all-patient,True,13,1.0,0.1,32,0.03,0.02
multimodal_psd-fc-wpli_gated_cnn,13,sub20,sub01;sub05;sub07;sub08;sub09;sub10;sub11;sub13;sub14;sub15;sub16;sub17;sub18;sub24;sub27;sub28;sub29,sub22,88,0.0004901975626125932,0.02392956241965294,0.002,1e-05,1.0,1.0,True,False,multimodal,psd-fc-wpli,gated,cnn,True,finetune,segssl_barlow_all-patient_psd-fc-wpli_finetune_seed13_pre20_proj32_mask0_03_noise0_02_mlp1_0_sup100,True,barlow,psd,all-patient,True,13,1.0,0.1,32,0.03,0.02
multimodal_psd-fc-wpli_gated_cnn,13,sub20,sub01;sub05;sub07;sub08;sub09;sub10;sub11;sub13;sub14;sub15;sub16;sub17;sub18;sub24;sub27;sub28;sub29,sub22,89,0.0004743798926938325,0.02384544163942337,0.002,1e-05,1.0,1.0,True,False,multimodal,psd-fc-wpli,gated,cnn,True,finetune,segssl_barlow_all-patient_psd-fc-wpli_finetune_seed13_pre20_proj32_mask0_03_noise0_02_mlp1_0_sup100,True,barlow,psd,all-patient,True,13,1.0,0.1,32,0.03,0.02
multimodal_psd-fc-wpli_gated_cnn,13,sub20,sub01;sub05;sub07;sub08;sub09;sub10;sub11;sub13;sub14;sub15;sub16;sub17;sub18;sub24;sub27;sub28;sub29,sub22,90,0.00045925634913146496,0.02377341315150261,0.002,1e-05,1.0,1.0,True,False,multimodal,psd-fc-wpli,gated,cnn,True,finetune,segssl_barlow_all-patient_psd-fc-wpli_finetune_seed13_pre20_proj32_mask0_03_noise0_02_mlp1_0_sup100,True,barlow,psd,all-patient,True,13,1.0,0.1,32,0.03,0.02
multimodal_psd-fc-wpli_gated_cnn,13,sub20,sub01;sub05;sub07;sub08;sub09;sub10;sub11;sub13;sub14;sub15;sub16;sub17;sub18;sub24;sub27;sub28;sub29,sub22,91,0.0004446321108844131,0.023647436872124672,0.002,1e-05,1.0,1.0,True,False,multimodal,psd-fc-wpli,gated,cnn,True,finetune,segssl_barlow_all-patient_psd-fc-wpli_finetune_seed13_pre20_proj32_mask0_03_noise0_02_mlp1_0_sup100,True,barlow,psd,all-patient,True,13,1.0,0.1,32,0.03,0.02
multimodal_psd-fc-wpli_gated_cnn,13,sub20,sub01;sub05;sub07;sub08;sub09;sub10;sub11;sub13;sub14;sub15;sub16;sub17;sub18;sub24;sub27;sub28;sub29,sub22,92,0.00043051232933066785,0.02350561134517193,0.002,1e-05,1.0,1.0,True,False,multimodal,psd-fc-wpli,gated,cnn,True,finetune,segssl_barlow_all-patient_psd-fc-wpli_finetune_seed13_pre20_proj32_mask0_03_noise0_02_mlp1_0_sup100,True,barlow,psd,all-patient,True,13,1.0,0.1,32,0.03,0.02
multimodal_psd-fc-wpli_gated_cnn,13,sub20,sub01;sub05;sub07;sub08;sub09;sub10;sub11;sub13;sub14;sub15;sub16;sub17;sub18;sub24;sub27;sub28;sub29,sub22,93,0.000416831171605736,0.023318352177739143,0.002,1e-05,1.0,1.0,True,False,multimodal,psd-fc-wpli,gated,cnn,True,finetune,segssl_barlow_all-patient_psd-fc-wpli_finetune_seed13_pre20_proj32_mask0_03_noise0_02_mlp1_0_sup100,True,barlow,psd,all-patient,True,13,1.0,0.1,32,0.03,0.02
multimodal_psd-fc-wpli_gated_cnn,13,sub20,sub01;sub05;sub07;sub08;sub09;sub10;sub11;sub13;sub14;sub15;sub16;sub17;sub18;sub24;sub27;sub28;sub29,sub22,94,0.0004036024329252541,0.023076899349689484,0.002,1e-05,1.0,1.0,True,False,multimodal,psd-fc-wpli,gated,cnn,True,finetune,segssl_barlow_all-patient_psd-fc-wpli_finetune_seed13_pre20_proj32_mask0_03_noise0_02_mlp1_0_sup100,True,barlow,psd,all-patient,True,13,1.0,0.1,32,0.03,0.02
multimodal_psd-fc-wpli_gated_cnn,13,sub20,sub01;sub05;sub07;sub08;sub09;sub10;sub11;sub13;sub14;sub15;sub16;sub17;sub18;sub24;sub27;sub28;sub29,sub22,95,0.00039080847636796534,0.02283702977001667,0.002,1e-05,1.0,1.0,True,False,multimodal,psd-fc-wpli,gated,cnn,True,finetune,segssl_barlow_all-patient_psd-fc-wpli_finetune_seed13_pre20_proj32_mask0_03_noise0_02_mlp1_0_sup100,True,barlow,psd,all-patient,True,13,1.0,0.1,32,0.03,0.02
multimodal_psd-fc-wpli_gated_cnn,13,sub20,sub01;sub05;sub07;sub08;sub09;sub10;sub11;sub13;sub14;sub15;sub16;sub17;sub18;sub24;sub27;sub28;sub29,sub22,96,0.00037830372457392514,0.022593561559915543,0.002,1e-05,1.0,1.0,True,False,multimodal,psd-fc-wpli,gated,cnn,True,finetune,segssl_barlow_all-patient_psd-fc-wpli_finetune_seed13_pre20_proj32_mask0_03_noise0_02_mlp1_0_sup100,True,barlow,psd,all-patient,True,13,1.0,0.1,32,0.03,0.02
multimodal_psd-fc-wpli_gated_cnn,13,sub20,sub01;sub05;sub07;sub08;sub09;sub10;sub11;sub13;sub14;sub15;sub16;sub17;sub18;sub24;sub27;sub28;sub29,sub22,97,0.0003660826478153467,0.02232302725315094,0.002,1e-05,1.0,1.0,True,False,multimodal,psd-fc-wpli,gated,cnn,True,finetune,segssl_barlow_all-patient_psd-fc-wpli_finetune_seed13_pre20_proj32_mask0_03_noise0_02_mlp1_0_sup100,True,barlow,psd,all-patient,True,13,1.0,0.1,32,0.03,0.02
multimodal_psd-fc-wpli_gated_cnn,13,sub20,sub01;sub05;sub07;sub08;sub09;sub10;sub11;sub13;sub14;sub15;sub16;sub17;sub18;sub24;sub27;sub28;sub29,sub22,98,0.00035425269743427634,0.02199309878051281,0.002,1e-05,1.0,1.0,True,False,multimodal,psd-fc-wpli,gated,cnn,True,finetune,segssl_barlow_all-patient_psd-fc-wpli_finetune_seed13_pre20_proj32_mask0_03_noise0_02_mlp1_0_sup100,True,barlow,psd,all-patient,True,13,1.0,0.1,32,0.03,0.02
multimodal_psd-fc-wpli_gated_cnn,13,sub20,sub01;sub05;sub07;sub08;sub09;sub10;sub11;sub13;sub14;sub15;sub16;sub17;sub18;sub24;sub27;sub28;sub29,sub22,99,0.00034270549076609313,0.021600907668471336,0.002,1e-05,1.0,1.0,True,False,multimodal,psd-fc-wpli,gated,cnn,True,finetune,segssl_barlow_all-patient_psd-fc-wpli_finetune_seed13_pre20_proj32_mask0_03_noise0_02_mlp1_0_sup100,True,barlow,psd,all-patient,True,13,1.0,0.1,32,0.03,0.02
multimodal_psd-fc-wpli_gated_cnn,13,sub20,sub01;sub05;sub07;sub08;sub09;sub10;sub11;sub13;sub14;sub15;sub16;sub17;sub18;sub24;sub27;sub28;sub29,sub22,100,0.00033147726207971573,0.02122415229678154,0.002,1e-05,1.0,1.0,True,False,multimodal,psd-fc-wpli,gated,cnn,True,finetune,segssl_barlow_all-patient_psd-fc-wpli_finetune_seed13_pre20_proj32_mask0_03_noise0_02_mlp1_0_sup100,True,barlow,psd,all-patient,True,13,1.0,0.1,32,0.03,0.02
multimodal_psd-fc-wpli_gated_cnn,14,sub22,sub01;sub05;sub07;sub08;sub09;sub10;sub11;sub13;sub14;sub15;sub16;sub17;sub18;sub20;sub27;sub28;sub29,sub24,1,0.6847445368766785,0.7683200836181641,0.002,1e-05,1.0,1.0,True,False,multimodal,psd-fc-wpli,gated,cnn,True,finetune,segssl_barlow_all-patient_psd-fc-wpli_finetune_seed13_pre20_proj32_mask0_03_noise0_02_mlp1_0_sup100,True,barlow,psd,all-patient,True,13,1.0,0.1,32,0.03,0.02
multimodal_psd-fc-wpli_gated_cnn,14,sub22,sub01;sub05;sub07;sub08;sub09;sub10;sub11;sub13;sub14;sub15;sub16;sub17;sub18;sub20;sub27;sub28;sub29,sub24,2,0.6785330176353455,0.7716199159622192,0.002,1e-05,1.0,1.0,False,False,multimodal,psd-fc-wpli,gated,cnn,True,finetune,segssl_barlow_all-patient_psd-fc-wpli_finetune_seed13_pre20_proj32_mask0_03_noise0_02_mlp1_0_sup100,True,barlow,psd,all-patient,True,13,1.0,0.1,32,0.03,0.02
multimodal_psd-fc-wpli_gated_cnn,14,sub22,sub01;sub05;sub07;sub08;sub09;sub10;sub11;sub13;sub14;sub15;sub16;sub17;sub18;sub20;sub27;sub28;sub29,sub24,3,0.6728217601776123,0.7773019075393677,0.002,1e-05,1.0,1.0,False,False,multimodal,psd-fc-wpli,gated,cnn,True,finetune,segssl_barlow_all-patient_psd-fc-wpli_finetune_seed13_pre20_proj32_mask0_03_noise0_02_mlp1_0_sup100,True,barlow,psd,all-patient,True,13,1.0,0.1,32,0.03,0.02
multimodal_psd-fc-wpli_gated_cnn,14,sub22,sub01;sub05;sub07;sub08;sub09;sub10;sub11;sub13;sub14;sub15;sub16;sub17;sub18;sub20;sub27;sub28;sub29,sub24,4,0.6666705012321472,0.7823529243469238,0.002,1e-05,1.0,1.0,False,False,multimodal,psd-fc-wpli,gated,cnn,True,finetune,segssl_barlow_all-patient_psd-fc-wpli_finetune_seed13_pre20_proj32_mask0_03_noise0_02_mlp1_0_sup100,True,barlow,psd,all-patient,True,13,1.0,0.1,32,0.03,0.02
multimodal_psd-fc-wpli_gated_cnn,14,sub22,sub01;sub05;sub07;sub08;sub09;sub10;sub11;sub13;sub14;sub15;sub16;sub17;sub18;sub20;sub27;sub28;sub29,sub24,5,0.6597130298614502,0.7883962988853455,0.002,1e-05,1.0,1.0,False,False,multimodal,psd-fc-wpli,gated,cnn,True,finetune,segssl_barlow_all-patient_psd-fc-wpli_finetune_seed13_pre20_proj32_mask0_03_noise0_02_mlp1_0_sup100,True,barlow,psd,all-patient,True,13,1.0,0.1,32,0.03,0.02
multimodal_psd-fc-wpli_gated_cnn,14,sub22,sub01;sub05;sub07;sub08;sub09;sub10;sub11;sub13;sub14;sub15;sub16;sub17;sub18;sub20;sub27;sub28;sub29,sub24,6,0.6521175503730774,0.7945681810379028,0.002,1e-05,1.0,1.0,False,False,multimodal,psd-fc-wpli,gated,cnn,True,finetune,segssl_barlow_all-patient_psd-fc-wpli_finetune_seed13_pre20_proj32_mask0_03_noise0_02_mlp1_0_sup100,True,barlow,psd,all-patient,True,13,1.0,0.1,32,0.03,0.02
multimodal_psd-fc-wpli_gated_cnn,14,sub22,sub01;sub05;sub07;sub08;sub09;sub10;sub11;sub13;sub14;sub15;sub16;sub17;sub18;sub20;sub27;sub28;sub29,sub24,7,0.6438383460044861,0.798693835735321,0.002,1e-05,1.0,1.0,False,False,multimodal,psd-fc-wpli,gated,cnn,True,finetune,segssl_barlow_all-patient_psd-fc-wpli_finetune_seed13_pre20_proj32_mask0_03_noise0_02_mlp1_0_sup100,True,barlow,psd,all-patient,True,13,1.0,0.1,32,0.03,0.02
multimodal_psd-fc-wpli_gated_cnn,14,sub22,sub01;sub05;sub07;sub08;sub09;sub10;sub11;sub13;sub14;sub15;sub16;sub17;sub18;sub20;sub27;sub28;sub29,sub24,8,0.6348128914833069,0.8002631068229675,0.002,1e-05,1.0,1.0,False,False,multimodal,psd-fc-wpli,gated,cnn,True,finetune,segssl_barlow_all-patient_psd-fc-wpli_finetune_seed13_pre20_proj32_mask0_03_noise0_02_mlp1_0_sup100,True,barlow,psd,all-patient,True,13,1.0,0.1,32,0.03,0.02
multimodal_psd-fc-wpli_gated_cnn,14,sub22,sub01;sub05;sub07;sub08;sub09;sub10;sub11;sub13;sub14;sub15;sub16;sub17;sub18;sub20;sub27;sub28;sub29,sub24,9,0.6251912713050842,0.796984076499939,0.002,1e-05,1.0,1.0,False,False,multimodal,psd-fc-wpli,gated,cnn,True,finetune,segssl_barlow_all-patient_psd-fc-wpli_finetune_seed13_pre20_proj32_mask0_03_noise0_02_mlp1_0_sup100,True,barlow,psd,all-patient,True,13,1.0,0.1,32,0.03,0.02
multimodal_psd-fc-wpli_gated_cnn,14,sub22,sub01;sub05;sub07;sub08;sub09;sub10;sub11;sub13;sub14;sub15;sub16;sub17;sub18;sub20;sub27;sub28;sub29,sub24,10,0.6149442195892334,0.7874606251716614,0.002,1e-05,1.0,1.0,False,False,multimodal,psd-fc-wpli,gated,cnn,True,finetune,segssl_barlow_all-patient_psd-fc-wpli_finetune_seed13_pre20_proj32_mask0_03_noise0_02_mlp1_0_sup100,True,barlow,psd,all-patient,True,13,1.0,0.1,32,0.03,0.02
multimodal_psd-fc-wpli_gated_cnn,14,sub22,sub01;sub05;sub07;sub08;sub09;sub10;sub11;sub13;sub14;sub15;sub16;sub17;sub18;sub20;sub27;sub28;sub29,sub24,11,0.6037224531173706,0.7717377543449402,0.002,1e-05,1.0,1.0,False,False,multimodal,psd-fc-wpli,gated,cnn,True,finetune,segssl_barlow_all-patient_psd-fc-wpli_finetune_seed13_pre20_proj32_mask0_03_noise0_02_mlp1_0_sup100,True,barlow,psd,all-patient,True,13,1.0,0.1,32,0.03,0.02
multimodal_psd-fc-wpli_gated_cnn,14,sub22,sub01;sub05;sub07;sub08;sub09;sub10;sub11;sub13;sub14;sub15;sub16;sub17;sub18;sub20;sub27;sub28;sub29,sub24,12,0.591479480266571,0.7510820627212524,0.002,1e-05,1.0,1.0,True,False,multimodal,psd-fc-wpli,gated,cnn,True,finetune,segssl_barlow_all-patient_psd-fc-wpli_finetune_seed13_pre20_proj32_mask0_03_noise0_02_mlp1_0_sup100,True,barlow,psd,all-patient,True,13,1.0,0.1,32,0.03,0.02
multimodal_psd-fc-wpli_gated_cnn,14,sub22,sub01;sub05;sub07;sub08;sub09;sub10;sub11;sub13;sub14;sub15;sub16;sub17;sub18;sub20;sub27;sub28;sub29,sub24,13,0.578228771686554,0.7281087040901184,0.002,1e-05,1.0,1.0,True,False,multimodal,psd-fc-wpli,gated,cnn,True,finetune,segssl_barlow_all-patient_psd-fc-wpli_finetune_seed13_pre20_proj32_mask0_03_noise0_02_mlp1_0_sup100,True,barlow,psd,all-patient,True,13,1.0,0.1,32,0.03,0.02
multimodal_psd-fc-wpli_gated_cnn,14,sub22,sub01;sub05;sub07;sub08;sub09;sub10;sub11;sub13;sub14;sub15;sub16;sub17;sub18;sub20;sub27;sub28;sub29,sub24,14,0.563797116279602,0.7015644907951355,0.002,1e-05,1.0,1.0,True,False,multimodal,psd-fc-wpli,gated,cnn,True,finetune,segssl_barlow_all-patient_psd-fc-wpli_finetune_seed13_pre20_proj32_mask0_03_noise0_02_mlp1_0_sup100,True,barlow,psd,all-patient,True,13,1.0,0.1,32,0.03,0.02
multimodal_psd-fc-wpli_gated_cnn,14,sub22,sub01;sub05;sub07;sub08;sub09;sub10;sub11;sub13;sub14;sub15;sub16;sub17;sub18;sub20;sub27;sub28;sub29,sub24,15,0.5483582019805908,0.674563467502594,0.002,1e-05,1.0,1.0,True,False,multimodal,psd-fc-wpli,gated,cnn,True,finetune,segssl_barlow_all-patient_psd-fc-wpli_finetune_seed13_pre20_proj32_mask0_03_noise0_02_mlp1_0_sup100,True,barlow,psd,all-patient,True,13,1.0,0.1,32,0.03,0.02
multimodal_psd-fc-wpli_gated_cnn,14,sub22,sub01;sub05;sub07;sub08;sub09;sub10;sub11;sub13;sub14;sub15;sub16;sub17;sub18;sub20;sub27;sub28;sub29,sub24,16,0.5318713784217834,0.648099958896637,0.002,1e-05,1.0,1.0,True,False,multimodal,psd-fc-wpli,gated,cnn,True,finetune,segssl_barlow_all-patient_psd-fc-wpli_finetune_seed13_pre20_proj32_mask0_03_noise0_02_mlp1_0_sup100,True,barlow,psd,all-patient,True,13,1.0,0.1,32,0.03,0.02
multimodal_psd-fc-wpli_gated_cnn,14,sub22,sub01;sub05;sub07;sub08;sub09;sub10;sub11;sub13;sub14;sub15;sub16;sub17;sub18;sub20;sub27;sub28;sub29,sub24,17,0.5140888094902039,0.6234906911849976,0.002,1e-05,1.0,1.0,True,False,multimodal,psd-fc-wpli,gated,cnn,True,finetune,segssl_barlow_all-patient_psd-fc-wpli_finetune_seed13_pre20_proj32_mask0_03_noise0_02_mlp1_0_sup100,True,barlow,psd,all-patient,True,13,1.0,0.1,32,0.03,0.02
multimodal_psd-fc-wpli_gated_cnn,14,sub22,sub01;sub05;sub07;sub08;sub09;sub10;sub11;sub13;sub14;sub15;sub16;sub17;sub18;sub20;sub27;sub28;sub29,sub24,18,0.4950268566608429,0.6037535071372986,0.002,1e-05,1.0,1.0,True,False,multimodal,psd-fc-wpli,gated,cnn,True,finetune,segssl_barlow_all-patient_psd-fc-wpli_finetune_seed13_pre20_proj32_mask0_03_noise0_02_mlp1_0_sup100,True,barlow,psd,all-patient,True,13,1.0,0.1,32,0.03,0.02
multimodal_psd-fc-wpli_gated_cnn,14,sub22,sub01;sub05;sub07;sub08;sub09;sub10;sub11;sub13;sub14;sub15;sub16;sub17;sub18;sub20;sub27;sub28;sub29,sub24,19,0.47484874725341797,0.5833597183227539,0.002,1e-05,1.0,1.0,True,False,multimodal,psd-fc-wpli,gated,cnn,True,finetune,segssl_barlow_all-patient_psd-fc-wpli_finetune_seed13_pre20_proj32_mask0_03_noise0_02_mlp1_0_sup100,True,barlow,psd,all-patient,True,13,1.0,0.1,32,0.03,0.02
multimodal_psd-fc-wpli_gated_cnn,14,sub22,sub01;sub05;sub07;sub08;sub09;sub10;sub11;sub13;sub14;sub15;sub16;sub17;sub18;sub20;sub27;sub28;sub29,sub24,20,0.45359915494918823,0.5599221587181091,0.002,1e-05,1.0,1.0,True,False,multimodal,psd-fc-wpli,gated,cnn,True,finetune,segssl_barlow_all-patient_psd-fc-wpli_finetune_seed13_pre20_proj32_mask0_03_noise0_02_mlp1_0_sup100,True,barlow,psd,all-patient,True,13,1.0,0.1,32,0.03,0.02
multimodal_psd-fc-wpli_gated_cnn,14,sub22,sub01;sub05;sub07;sub08;sub09;sub10;sub11;sub13;sub14;sub15;sub16;sub17;sub18;sub20;sub27;sub28;sub29,sub24,21,0.43129220604896545,0.5328596830368042,0.002,1e-05,1.0,1.0,True,False,multimodal,psd-fc-wpli,gated,cnn,True,finetune,segssl_barlow_all-patient_psd-fc-wpli_finetune_seed13_pre20_proj32_mask0_03_noise0_02_mlp1_0_sup100,True,barlow,psd,all-patient,True,13,1.0,0.1,32,0.03,0.02
multimodal_psd-fc-wpli_gated_cnn,14,sub22,sub01;sub05;sub07;sub08;sub09;sub10;sub11;sub13;sub14;sub15;sub16;sub17;sub18;sub20;sub27;sub28;sub29,sub24,22,0.40815722942352295,0.5039066672325134,0.002,1e-05,1.0,1.0,True,False,multimodal,psd-fc-wpli,gated,cnn,True,finetune,segssl_barlow_all-patient_psd-fc-wpli_finetune_seed13_pre20_proj32_mask0_03_noise0_02_mlp1_0_sup100,True,barlow,psd,all-patient,True,13,1.0,0.1,32,0.03,0.02
multimodal_psd-fc-wpli_gated_cnn,14,sub22,sub01;sub05;sub07;sub08;sub09;sub10;sub11;sub13;sub14;sub15;sub16;sub17;sub18;sub20;sub27;sub28;sub29,sub24,23,0.3841187655925751,0.4677554965019226,0.002,1e-05,1.0,1.0,True,False,multimodal,psd-fc-wpli,gated,cnn,True,finetune,segssl_barlow_all-patient_psd-fc-wpli_finetune_seed13_pre20_proj32_mask0_03_noise0_02_mlp1_0_sup100,True,barlow,psd,all-patient,True,13,1.0,0.1,32,0.03,0.02
multimodal_psd-fc-wpli_gated_cnn,14,sub22,sub01;sub05;sub07;sub08;sub09;sub10;sub11;sub13;sub14;sub15;sub16;sub17;sub18;sub20;sub27;sub28;sub29,sub24,24,0.3593050539493561,0.4249705970287323,0.002,1e-05,1.0,1.0,True,False,multimodal,psd-fc-wpli,gated,cnn,True,finetune,segssl_barlow_all-patient_psd-fc-wpli_finetune_seed13_pre20_proj32_mask0_03_noise0_02_mlp1_0_sup100,True,barlow,psd,all-patient,True,13,1.0,0.1,32,0.03,0.02
multimodal_psd-fc-wpli_gated_cnn,14,sub22,sub01;sub05;sub07;sub08;sub09;sub10;sub11;sub13;sub14;sub15;sub16;sub17;sub18;sub20;sub27;sub28;sub29,sub24,25,0.3339938223361969,0.3807814419269562,0.002,1e-05,1.0,1.0,True,False,multimodal,psd-fc-wpli,gated,cnn,True,finetune,segssl_barlow_all-patient_psd-fc-wpli_finetune_seed13_pre20_proj32_mask0_03_noise0_02_mlp1_0_sup100,True,barlow,psd,all-patient,True,13,1.0,0.1,32,0.03,0.02
multimodal_psd-fc-wpli_gated_cnn,14,sub22,sub01;sub05;sub07;sub08;sub09;sub10;sub11;sub13;sub14;sub15;sub16;sub17;sub18;sub20;sub27;sub28;sub29,sub24,26,0.30848902463912964,0.3386981785297394,0.002,1e-05,1.0,1.0,True,False,multimodal,psd-fc-wpli,gated,cnn,True,finetune,segssl_barlow_all-patient_psd-fc-wpli_finetune_seed13_pre20_proj32_mask0_03_noise0_02_mlp1_0_sup100,True,barlow,psd,all-patient,True,13,1.0,0.1,32,0.03,0.02
multimodal_psd-fc-wpli_gated_cnn,14,sub22,sub01;sub05;sub07;sub08;sub09;sub10;sub11;sub13;sub14;sub15;sub16;sub17;sub18;sub20;sub27;sub28;sub29,sub24,27,0.2830815315246582,0.30141177773475647,0.002,1e-05,1.0,1.0,True,False,multimodal,psd-fc-wpli,gated,cnn,True,finetune,segssl_barlow_all-patient_psd-fc-wpli_finetune_seed13_pre20_proj32_mask0_03_noise0_02_mlp1_0_sup100,True,barlow,psd,all-patient,True,13,1.0,0.1,32,0.03,0.02
multimodal_psd-fc-wpli_gated_cnn,14,sub22,sub01;sub05;sub07;sub08;sub09;sub10;sub11;sub13;sub14;sub15;sub16;sub17;sub18;sub20;sub27;sub28;sub29,sub24,28,0.2579314708709717,0.27014482021331787,0.002,1e-05,1.0,1.0,True,False,multimodal,psd-fc-wpli,gated,cnn,True,finetune,segssl_barlow_all-patient_psd-fc-wpli_finetune_seed13_pre20_proj32_mask0_03_noise0_02_mlp1_0_sup100,True,barlow,psd,all-patient,True,13,1.0,0.1,32,0.03,0.02
multimodal_psd-fc-wpli_gated_cnn,14,sub22,sub01;sub05;sub07;sub08;sub09;sub10;sub11;sub13;sub14;sub15;sub16;sub17;sub18;sub20;sub27;sub28;sub29,sub24,29,0.2333550900220871,0.24492047727108002,0.002,1e-05,1.0,1.0,True,False,multimodal,psd-fc-wpli,gated,cnn,True,finetune,segssl_barlow_all-patient_psd-fc-wpli_finetune_seed13_pre20_proj32_mask0_03_noise0_02_mlp1_0_sup100,True,barlow,psd,all-patient,True,13,1.0,0.1,32,0.03,0.02
multimodal_psd-fc-wpli_gated_cnn,14,sub22,sub01;sub05;sub07;sub08;sub09;sub10;sub11;sub13;sub14;sub15;sub16;sub17;sub18;sub20;sub27;sub28;sub29,sub24,30,0.20969441533088684,0.21999074518680573,0.002,1e-05,1.0,1.0,True,False,multimodal,psd-fc-wpli,gated,cnn,True,finetune,segssl_barlow_all-patient_psd-fc-wpli_finetune_seed13_pre20_proj32_mask0_03_noise0_02_mlp1_0_sup100,True,barlow,psd,all-patient,True,13,1.0,0.1,32,0.03,0.02
multimodal_psd-fc-wpli_gated_cnn,14,sub22,sub01;sub05;sub07;sub08;sub09;sub10;sub11;sub13;sub14;sub15;sub16;sub17;sub18;sub20;sub27;sub28;sub29,sub24,31,0.1871727555990219,0.1922573447227478,0.002,1e-05,1.0,1.0,True,False,multimodal,psd-fc-wpli,gated,cnn,True,finetune,segssl_barlow_all-patient_psd-fc-wpli_finetune_seed13_pre20_proj32_mask0_03_noise0_02_mlp1_0_sup100,True,barlow,psd,all-patient,True,13,1.0,0.1,32,0.03,0.02
multimodal_psd-fc-wpli_gated_cnn,14,sub22,sub01;sub05;sub07;sub08;sub09;sub10;sub11;sub13;sub14;sub15;sub16;sub17;sub18;sub20;sub27;sub28;sub29,sub24,32,0.16567668318748474,0.16352474689483643,0.002,1e-05,1.0,1.0,True,False,multimodal,psd-fc-wpli,gated,cnn,True,finetune,segssl_barlow_all-patient_psd-fc-wpli_finetune_seed13_pre20_proj32_mask0_03_noise0_02_mlp1_0_sup100,True,barlow,psd,all-patient,True,13,1.0,0.1,32,0.03,0.02
multimodal_psd-fc-wpli_gated_cnn,14,sub22,sub01;sub05;sub07;sub08;sub09;sub10;sub11;sub13;sub14;sub15;sub16;sub17;sub18;sub20;sub27;sub28;sub29,sub24,33,0.1453603357076645,0.13817252218723297,0.002,1e-05,1.0,1.0,True,False,multimodal,psd-fc-wpli,gated,cnn,True,finetune,segssl_barlow_all-patient_psd-fc-wpli_finetune_seed13_pre20_proj32_mask0_03_noise0_02_mlp1_0_sup100,True,barlow,psd,all-patient,True,13,1.0,0.1,32,0.03,0.02
multimodal_psd-fc-wpli_gated_cnn,14,sub22,sub01;sub05;sub07;sub08;sub09;sub10;sub11;sub13;sub14;sub15;sub16;sub17;sub18;sub20;sub27;sub28;sub29,sub24,34,0.12651193141937256,0.11658834666013718,0.002,1e-05,1.0,1.0,True,False,multimodal,psd-fc-wpli,gated,cnn,True,finetune,segssl_barlow_all-patient_psd-fc-wpli_finetune_seed13_pre20_proj32_mask0_03_noise0_02_mlp1_0_sup100,True,barlow,psd,all-patient,True,13,1.0,0.1,32,0.03,0.02
multimodal_psd-fc-wpli_gated_cnn,14,sub22,sub01;sub05;sub07;sub08;sub09;sub10;sub11;sub13;sub14;sub15;sub16;sub17;sub18;sub20;sub27;sub28;sub29,sub24,35,0.10949844121932983,0.10046673566102982,0.002,1e-05,1.0,1.0,True,False,multimodal,psd-fc-wpli,gated,cnn,True,finetune,segssl_barlow_all-patient_psd-fc-wpli_finetune_seed13_pre20_proj32_mask0_03_noise0_02_mlp1_0_sup100,True,barlow,psd,all-patient,True,13,1.0,0.1,32,0.03,0.02
multimodal_psd-fc-wpli_gated_cnn,14,sub22,sub01;sub05;sub07;sub08;sub09;sub10;sub11;sub13;sub14;sub15;sub16;sub17;sub18;sub20;sub27;sub28;sub29,sub24,36,0.09420164674520493,0.08992738276720047,0.002,1e-05,1.0,1.0,True,False,multimodal,psd-fc-wpli,gated,cnn,True,finetune,segssl_barlow_all-patient_psd-fc-wpli_finetune_seed13_pre20_proj32_mask0_03_noise0_02_mlp1_0_sup100,True,barlow,psd,all-patient,True,13,1.0,0.1,32,0.03,0.02
multimodal_psd-fc-wpli_gated_cnn,14,sub22,sub01;sub05;sub07;sub08;sub09;sub10;sub11;sub13;sub14;sub15;sub16;sub17;sub18;sub20;sub27;sub28;sub29,sub24,37,0.08056830614805222,0.08216056227684021,0.002,1e-05,1.0,1.0,True,False,multimodal,psd-fc-wpli,gated,cnn,True,finetune,segssl_barlow_all-patient_psd-fc-wpli_finetune_seed13_pre20_proj32_mask0_03_noise0_02_mlp1_0_sup100,True,barlow,psd,all-patient,True,13,1.0,0.1,32,0.03,0.02
multimodal_psd-fc-wpli_gated_cnn,14,sub22,sub01;sub05;sub07;sub08;sub09;sub10;sub11;sub13;sub14;sub15;sub16;sub17;sub18;sub20;sub27;sub28;sub29,sub24,38,0.06868364661931992,0.07567748427391052,0.002,1e-05,1.0,1.0,True,False,multimodal,psd-fc-wpli,gated,cnn,True,finetune,segssl_barlow_all-patient_psd-fc-wpli_finetune_seed13_pre20_proj32_mask0_03_noise0_02_mlp1_0_sup100,True,barlow,psd,all-patient,True,13,1.0,0.1,32,0.03,0.02
multimodal_psd-fc-wpli_gated_cnn,14,sub22,sub01;sub05;sub07;sub08;sub09;sub10;sub11;sub13;sub14;sub15;sub16;sub17;sub18;sub20;sub27;sub28;sub29,sub24,39,0.058403488248586655,0.06876899302005768,0.002,1e-05,1.0,1.0,True,False,multimodal,psd-fc-wpli,gated,cnn,True,finetune,segssl_barlow_all-patient_psd-fc-wpli_finetune_seed13_pre20_proj32_mask0_03_noise0_02_mlp1_0_sup100,True,barlow,psd,all-patient,True,13,1.0,0.1,32,0.03,0.02
multimodal_psd-fc-wpli_gated_cnn,14,sub22,sub01;sub05;sub07;sub08;sub09;sub10;sub11;sub13;sub14;sub15;sub16;sub17;sub18;sub20;sub27;sub28;sub29,sub24,40,0.04951337352395058,0.0610678493976593,0.002,1e-05,1.0,1.0,True,False,multimodal,psd-fc-wpli,gated,cnn,True,finetune,segssl_barlow_all-patient_psd-fc-wpli_finetune_seed13_pre20_proj32_mask0_03_noise0_02_mlp1_0_sup100,True,barlow,psd,all-patient,True,13,1.0,0.1,32,0.03,0.02
multimodal_psd-fc-wpli_gated_cnn,14,sub22,sub01;sub05;sub07;sub08;sub09;sub10;sub11;sub13;sub14;sub15;sub16;sub17;sub18;sub20;sub27;sub28;sub29,sub24,41,0.04180418327450752,0.052646830677986145,0.002,1e-05,1.0,1.0,True,False,multimodal,psd-fc-wpli,gated,cnn,True,finetune,segssl_barlow_all-patient_psd-fc-wpli_finetune_seed13_pre20_proj32_mask0_03_noise0_02_mlp1_0_sup100,True,barlow,psd,all-patient,True,13,1.0,0.1,32,0.03,0.02
multimodal_psd-fc-wpli_gated_cnn,14,sub22,sub01;sub05;sub07;sub08;sub09;sub10;sub11;sub13;sub14;sub15;sub16;sub17;sub18;sub20;sub27;sub28;sub29,sub24,42,0.03524135798215866,0.04464777559041977,0.002,1e-05,1.0,1.0,True,False,multimodal,psd-fc-wpli,gated,cnn,True,finetune,segssl_barlow_all-patient_psd-fc-wpli_finetune_seed13_pre20_proj32_mask0_03_noise0_02_mlp1_0_sup100,True,barlow,psd,all-patient,True,13,1.0,0.1,32,0.03,0.02
multimodal_psd-fc-wpli_gated_cnn,14,sub22,sub01;sub05;sub07;sub08;sub09;sub10;sub11;sub13;sub14;sub15;sub16;sub17;sub18;sub20;sub27;sub28;sub29,sub24,43,0.029773179441690445,0.037722524255514145,0.002,1e-05,1.0,1.0,True,False,multimodal,psd-fc-wpli,gated,cnn,True,finetune,segssl_barlow_all-patient_psd-fc-wpli_finetune_seed13_pre20_proj32_mask0_03_noise0_02_mlp1_0_sup100,True,barlow,psd,all-patient,True,13,1.0,0.1,32,0.03,0.02
multimodal_psd-fc-wpli_gated_cnn,14,sub22,sub01;sub05;sub07;sub08;sub09;sub10;sub11;sub13;sub14;sub15;sub16;sub17;sub18;sub20;sub27;sub28;sub29,sub24,44,0.02518252655863762,0.031882189214229584,0.002,1e-05,1.0,1.0,True,False,multimodal,psd-fc-wpli,gated,cnn,True,finetune,segssl_barlow_all-patient_psd-fc-wpli_finetune_seed13_pre20_proj32_mask0_03_noise0_02_mlp1_0_sup100,True,barlow,psd,all-patient,True,13,1.0,0.1,32,0.03,0.02
multimodal_psd-fc-wpli_gated_cnn,14,sub22,sub01;sub05;sub07;sub08;sub09;sub10;sub11;sub13;sub14;sub15;sub16;sub17;sub18;sub20;sub27;sub28;sub29,sub24,45,0.02131333015859127,0.027125470340251923,0.002,1e-05,1.0,1.0,True,False,multimodal,psd-fc-wpli,gated,cnn,True,finetune,segssl_barlow_all-patient_psd-fc-wpli_finetune_seed13_pre20_proj32_mask0_03_noise0_02_mlp1_0_sup100,True,barlow,psd,all-patient,True,13,1.0,0.1,32,0.03,0.02
multimodal_psd-fc-wpli_gated_cnn,14,sub22,sub01;sub05;sub07;sub08;sub09;sub10;sub11;sub13;sub14;sub15;sub16;sub17;sub18;sub20;sub27;sub28;sub29,sub24,46,0.01806052215397358,0.023263489827513695,0.002,1e-05,1.0,1.0,True,False,multimodal,psd-fc-wpli,gated,cnn,True,finetune,segssl_barlow_all-patient_psd-fc-wpli_finetune_seed13_pre20_proj32_mask0_03_noise0_02_mlp1_0_sup100,True,barlow,psd,all-patient,True,13,1.0,0.1,32,0.03,0.02
multimodal_psd-fc-wpli_gated_cnn,14,sub22,sub01;sub05;sub07;sub08;sub09;sub10;sub11;sub13;sub14;sub15;sub16;sub17;sub18;sub20;sub27;sub28;sub29,sub24,47,0.01533946767449379,0.02001338265836239,0.002,1e-05,1.0,1.0,True,False,multimodal,psd-fc-wpli,gated,cnn,True,finetune,segssl_barlow_all-patient_psd-fc-wpli_finetune_seed13_pre20_proj32_mask0_03_noise0_02_mlp1_0_sup100,True,barlow,psd,all-patient,True,13,1.0,0.1,32,0.03,0.02
multimodal_psd-fc-wpli_gated_cnn,14,sub22,sub01;sub05;sub07;sub08;sub09;sub10;sub11;sub13;sub14;sub15;sub16;sub17;sub18;sub20;sub27;sub28;sub29,sub24,48,0.013077222742140293,0.01730033941566944,0.002,1e-05,1.0,1.0,True,False,multimodal,psd-fc-wpli,gated,cnn,True,finetune,segssl_barlow_all-patient_psd-fc-wpli_finetune_seed13_pre20_proj32_mask0_03_noise0_02_mlp1_0_sup100,True,barlow,psd,all-patient,True,13,1.0,0.1,32,0.03,0.02
multimodal_psd-fc-wpli_gated_cnn,14,sub22,sub01;sub05;sub07;sub08;sub09;sub10;sub11;sub13;sub14;sub15;sub16;sub17;sub18;sub20;sub27;sub28;sub29,sub24,49,0.01119348406791687,0.014947067014873028,0.002,1e-05,1.0,1.0,True,False,multimodal,psd-fc-wpli,gated,cnn,True,finetune,segssl_barlow_all-patient_psd-fc-wpli_finetune_seed13_pre20_proj32_mask0_03_noise0_02_mlp1_0_sup100,True,barlow,psd,all-patient,True,13,1.0,0.1,32,0.03,0.02
multimodal_psd-fc-wpli_gated_cnn,14,sub22,sub01;sub05;sub07;sub08;sub09;sub10;sub11;sub13;sub14;sub15;sub16;sub17;sub18;sub20;sub27;sub28;sub29,sub24,50,0.009624211117625237,0.012922382913529873,0.002,1e-05,1.0,1.0,True,False,multimodal,psd-fc-wpli,gated,cnn,True,finetune,segssl_barlow_all-patient_psd-fc-wpli_finetune_seed13_pre20_proj32_mask0_03_noise0_02_mlp1_0_sup100,True,barlow,psd,all-patient,True,13,1.0,0.1,32,0.03,0.02
multimodal_psd-fc-wpli_gated_cnn,14,sub22,sub01;sub05;sub07;sub08;sub09;sub10;sub11;sub13;sub14;sub15;sub16;sub17;sub18;sub20;sub27;sub28;sub29,sub24,51,0.008314329199492931,0.011179983615875244,0.002,1e-05,1.0,1.0,True,False,multimodal,psd-fc-wpli,gated,cnn,True,finetune,segssl_barlow_all-patient_psd-fc-wpli_finetune_seed13_pre20_proj32_mask0_03_noise0_02_mlp1_0_sup100,True,barlow,psd,all-patient,True,13,1.0,0.1,32,0.03,0.02
multimodal_psd-fc-wpli_gated_cnn,14,sub22,sub01;sub05;sub07;sub08;sub09;sub10;sub11;sub13;sub14;sub15;sub16;sub17;sub18;sub20;sub27;sub28;sub29,sub24,52,0.0072168451733887196,0.009690241888165474,0.002,1e-05,1.0,1.0,True,False,multimodal,psd-fc-wpli,gated,cnn,True,finetune,segssl_barlow_all-patient_psd-fc-wpli_finetune_seed13_pre20_proj32_mask0_03_noise0_02_mlp1_0_sup100,True,barlow,psd,all-patient,True,13,1.0,0.1,32,0.03,0.02
multimodal_psd-fc-wpli_gated_cnn,14,sub22,sub01;sub05;sub07;sub08;sub09;sub10;sub11;sub13;sub14;sub15;sub16;sub17;sub18;sub20;sub27;sub28;sub29,sub24,53,0.006296471692621708,0.008434148505330086,0.002,1e-05,1.0,1.0,True,False,multimodal,psd-fc-wpli,gated,cnn,True,finetune,segssl_barlow_all-patient_psd-fc-wpli_finetune_seed13_pre20_proj32_mask0_03_noise0_02_mlp1_0_sup100,True,barlow,psd,all-patient,True,13,1.0,0.1,32,0.03,0.02
multimodal_psd-fc-wpli_gated_cnn,14,sub22,sub01;sub05;sub07;sub08;sub09;sub10;sub11;sub13;sub14;sub15;sub16;sub17;sub18;sub20;sub27;sub28;sub29,sub24,54,0.005525506101548672,0.007380449678748846,0.002,1e-05,1.0,1.0,True,False,multimodal,psd-fc-wpli,gated,cnn,True,finetune,segssl_barlow_all-patient_psd-fc-wpli_finetune_seed13_pre20_proj32_mask0_03_noise0_02_mlp1_0_sup100,True,barlow,psd,all-patient,True,13,1.0,0.1,32,0.03,0.02
multimodal_psd-fc-wpli_gated_cnn,14,sub22,sub01;sub05;sub07;sub08;sub09;sub10;sub11;sub13;sub14;sub15;sub16;sub17;sub18;sub20;sub27;sub28;sub29,sub24,55,0.004876838997006416,0.006502007599920034,0.002,1e-05,1.0,1.0,True,False,multimodal,psd-fc-wpli,gated,cnn,True,finetune,segssl_barlow_all-patient_psd-fc-wpli_finetune_seed13_pre20_proj32_mask0_03_noise0_02_mlp1_0_sup100,True,barlow,psd,all-patient,True,13,1.0,0.1,32,0.03,0.02
multimodal_psd-fc-wpli_gated_cnn,14,sub22,sub01;sub05;sub07;sub08;sub09;sub10;sub11;sub13;sub14;sub15;sub16;sub17;sub18;sub20;sub27;sub28;sub29,sub24,56,0.0043287272565066814,0.005771341267973185,0.002,1e-05,1.0,1.0,True,False,multimodal,psd-fc-wpli,gated,cnn,True,finetune,segssl_barlow_all-patient_psd-fc-wpli_finetune_seed13_pre20_proj32_mask0_03_noise0_02_mlp1_0_sup100,True,barlow,psd,all-patient,True,13,1.0,0.1,32,0.03,0.02
multimodal_psd-fc-wpli_gated_cnn,14,sub22,sub01;sub05;sub07;sub08;sub09;sub10;sub11;sub13;sub14;sub15;sub16;sub17;sub18;sub20;sub27;sub28;sub29,sub24,57,0.003863694379106164,0.0051552955992519855,0.002,1e-05,1.0,1.0,True,False,multimodal,psd-fc-wpli,gated,cnn,True,finetune,segssl_barlow_all-patient_psd-fc-wpli_finetune_seed13_pre20_proj32_mask0_03_noise0_02_mlp1_0_sup100,True,barlow,psd,all-patient,True,13,1.0,0.1,32,0.03,0.02
multimodal_psd-fc-wpli_gated_cnn,14,sub22,sub01;sub05;sub07;sub08;sub09;sub10;sub11;sub13;sub14;sub15;sub16;sub17;sub18;sub20;sub27;sub28;sub29,sub24,58,0.003467971459031105,0.004646804183721542,0.002,1e-05,1.0,1.0,True,False,multimodal,psd-fc-wpli,gated,cnn,True,finetune,segssl_barlow_all-patient_psd-fc-wpli_finetune_seed13_pre20_proj32_mask0_03_noise0_02_mlp1_0_sup100,True,barlow,psd,all-patient,True,13,1.0,0.1,32,0.03,0.02
multimodal_psd-fc-wpli_gated_cnn,14,sub22,sub01;sub05;sub07;sub08;sub09;sub10;sub11;sub13;sub14;sub15;sub16;sub17;sub18;sub20;sub27;sub28;sub29,sub24,59,0.003130319295451045,0.004226064775139093,0.002,1e-05,1.0,1.0,True,False,multimodal,psd-fc-wpli,gated,cnn,True,finetune,segssl_barlow_all-patient_psd-fc-wpli_finetune_seed13_pre20_proj32_mask0_03_noise0_02_mlp1_0_sup100,True,barlow,psd,all-patient,True,13,1.0,0.1,32,0.03,0.02
multimodal_psd-fc-wpli_gated_cnn,14,sub22,sub01;sub05;sub07;sub08;sub09;sub10;sub11;sub13;sub14;sub15;sub16;sub17;sub18;sub20;sub27;sub28;sub29,sub24,60,0.0028396439738571644,0.0038766786456108093,0.002,1e-05,1.0,1.0,True,False,multimodal,psd-fc-wpli,gated,cnn,True,finetune,segssl_barlow_all-patient_psd-fc-wpli_finetune_seed13_pre20_proj32_mask0_03_noise0_02_mlp1_0_sup100,True,barlow,psd,all-patient,True,13,1.0,0.1,32,0.03,0.02
multimodal_psd-fc-wpli_gated_cnn,14,sub22,sub01;sub05;sub07;sub08;sub09;sub10;sub11;sub13;sub14;sub15;sub16;sub17;sub18;sub20;sub27;sub28;sub29,sub24,61,0.0025882849004119635,0.0035845665261149406,0.002,1e-05,1.0,1.0,True,False,multimodal,psd-fc-wpli,gated,cnn,True,finetune,segssl_barlow_all-patient_psd-fc-wpli_finetune_seed13_pre20_proj32_mask0_03_noise0_02_mlp1_0_sup100,True,barlow,psd,all-patient,True,13,1.0,0.1,32,0.03,0.02
multimodal_psd-fc-wpli_gated_cnn,14,sub22,sub01;sub05;sub07;sub08;sub09;sub10;sub11;sub13;sub14;sub15;sub16;sub17;sub18;sub20;sub27;sub28;sub29,sub24,62,0.0023690371308475733,0.0033380757085978985,0.002,1e-05,1.0,1.0,True,False,multimodal,psd-fc-wpli,gated,cnn,True,finetune,segssl_barlow_all-patient_psd-fc-wpli_finetune_seed13_pre20_proj32_mask0_03_noise0_02_mlp1_0_sup100,True,barlow,psd,all-patient,True,13,1.0,0.1,32,0.03,0.02
multimodal_psd-fc-wpli_gated_cnn,14,sub22,sub01;sub05;sub07;sub08;sub09;sub10;sub11;sub13;sub14;sub15;sub16;sub17;sub18;sub20;sub27;sub28;sub29,sub24,63,0.0021772319450974464,0.003130013821646571,0.002,1e-05,1.0,1.0,True,False,multimodal,psd-fc-wpli,gated,cnn,True,finetune,segssl_barlow_all-patient_psd-fc-wpli_finetune_seed13_pre20_proj32_mask0_03_noise0_02_mlp1_0_sup100,True,barlow,psd,all-patient,True,13,1.0,0.1,32,0.03,0.02
multimodal_psd-fc-wpli_gated_cnn,14,sub22,sub01;sub05;sub07;sub08;sub09;sub10;sub11;sub13;sub14;sub15;sub16;sub17;sub18;sub20;sub27;sub28;sub29,sub24,64,0.0020088290330022573,0.0029473756439983845,0.002,1e-05,1.0,1.0,True,False,multimodal,psd-fc-wpli,gated,cnn,True,finetune,segssl_barlow_all-patient_psd-fc-wpli_finetune_seed13_pre20_proj32_mask0_03_noise0_02_mlp1_0_sup100,True,barlow,psd,all-patient,True,13,1.0,0.1,32,0.03,0.02
multimodal_psd-fc-wpli_gated_cnn,14,sub22,sub01;sub05;sub07;sub08;sub09;sub10;sub11;sub13;sub14;sub15;sub16;sub17;sub18;sub20;sub27;sub28;sub29,sub24,65,0.001861120224930346,0.00278326659463346,0.002,1e-05,1.0,1.0,True,False,multimodal,psd-fc-wpli,gated,cnn,True,finetune,segssl_barlow_all-patient_psd-fc-wpli_finetune_seed13_pre20_proj32_mask0_03_noise0_02_mlp1_0_sup100,True,barlow,psd,all-patient,True,13,1.0,0.1,32,0.03,0.02
multimodal_psd-fc-wpli_gated_cnn,14,sub22,sub01;sub05;sub07;sub08;sub09;sub10;sub11;sub13;sub14;sub15;sub16;sub17;sub18;sub20;sub27;sub28;sub29,sub24,66,0.0017309074755758047,0.0026338996831327677,0.002,1e-05,1.0,1.0,True,False,multimodal,psd-fc-wpli,gated,cnn,True,finetune,segssl_barlow_all-patient_psd-fc-wpli_finetune_seed13_pre20_proj32_mask0_03_noise0_02_mlp1_0_sup100,True,barlow,psd,all-patient,True,13,1.0,0.1,32,0.03,0.02
multimodal_psd-fc-wpli_gated_cnn,14,sub22,sub01;sub05;sub07;sub08;sub09;sub10;sub11;sub13;sub14;sub15;sub16;sub17;sub18;sub20;sub27;sub28;sub29,sub24,67,0.001615659799426794,0.002495798282325268,0.002,1e-05,1.0,1.0,True,False,multimodal,psd-fc-wpli,gated,cnn,True,finetune,segssl_barlow_all-patient_psd-fc-wpli_finetune_seed13_pre20_proj32_mask0_03_noise0_02_mlp1_0_sup100,True,barlow,psd,all-patient,True,13,1.0,0.1,32,0.03,0.02
multimodal_psd-fc-wpli_gated_cnn,14,sub22,sub01;sub05;sub07;sub08;sub09;sub10;sub11;sub13;sub14;sub15;sub16;sub17;sub18;sub20;sub27;sub28;sub29,sub24,68,0.0015131761319935322,0.0023668885696679354,0.002,1e-05,1.0,1.0,True,False,multimodal,psd-fc-wpli,gated,cnn,True,finetune,segssl_barlow_all-patient_psd-fc-wpli_finetune_seed13_pre20_proj32_mask0_03_noise0_02_mlp1_0_sup100,True,barlow,psd,all-patient,True,13,1.0,0.1,32,0.03,0.02
multimodal_psd-fc-wpli_gated_cnn,14,sub22,sub01;sub05;sub07;sub08;sub09;sub10;sub11;sub13;sub14;sub15;sub16;sub17;sub18;sub20;sub27;sub28;sub29,sub24,69,0.0014215665869414806,0.0022459549363702536,0.002,1e-05,1.0,1.0,True,False,multimodal,psd-fc-wpli,gated,cnn,True,finetune,segssl_barlow_all-patient_psd-fc-wpli_finetune_seed13_pre20_proj32_mask0_03_noise0_02_mlp1_0_sup100,True,barlow,psd,all-patient,True,13,1.0,0.1,32,0.03,0.02
multimodal_psd-fc-wpli_gated_cnn,14,sub22,sub01;sub05;sub07;sub08;sub09;sub10;sub11;sub13;sub14;sub15;sub16;sub17;sub18;sub20;sub27;sub28;sub29,sub24,70,0.0013393393019214272,0.0021320385858416557,0.002,1e-05,1.0,1.0,True,False,multimodal,psd-fc-wpli,gated,cnn,True,finetune,segssl_barlow_all-patient_psd-fc-wpli_finetune_seed13_pre20_proj32_mask0_03_noise0_02_mlp1_0_sup100,True,barlow,psd,all-patient,True,13,1.0,0.1,32,0.03,0.02
multimodal_psd-fc-wpli_gated_cnn,14,sub22,sub01;sub05;sub07;sub08;sub09;sub10;sub11;sub13;sub14;sub15;sub16;sub17;sub18;sub20;sub27;sub28;sub29,sub24,71,0.0012652765726670623,0.002024121582508087,0.002,1e-05,1.0,1.0,True,False,multimodal,psd-fc-wpli,gated,cnn,True,finetune,segssl_barlow_all-patient_psd-fc-wpli_finetune_seed13_pre20_proj32_mask0_03_noise0_02_mlp1_0_sup100,True,barlow,psd,all-patient,True,13,1.0,0.1,32,0.03,0.02
multimodal_psd-fc-wpli_gated_cnn,14,sub22,sub01;sub05;sub07;sub08;sub09;sub10;sub11;sub13;sub14;sub15;sub16;sub17;sub18;sub20;sub27;sub28;sub29,sub24,72,0.0011983552249148488,0.0019219693494960666,0.002,1e-05,1.0,1.0,True,False,multimodal,psd-fc-wpli,gated,cnn,True,finetune,segssl_barlow_all-patient_psd-fc-wpli_finetune_seed13_pre20_proj32_mask0_03_noise0_02_mlp1_0_sup100,True,barlow,psd,all-patient,True,13,1.0,0.1,32,0.03,0.02
multimodal_psd-fc-wpli_gated_cnn,14,sub22,sub01;sub05;sub07;sub08;sub09;sub10;sub11;sub13;sub14;sub15;sub16;sub17;sub18;sub20;sub27;sub28;sub29,sub24,73,0.0011374939931556582,0.0018256220500916243,0.002,1e-05,1.0,1.0,True,False,multimodal,psd-fc-wpli,gated,cnn,True,finetune,segssl_barlow_all-patient_psd-fc-wpli_finetune_seed13_pre20_proj32_mask0_03_noise0_02_mlp1_0_sup100,True,barlow,psd,all-patient,True,13,1.0,0.1,32,0.03,0.02
multimodal_psd-fc-wpli_gated_cnn,14,sub22,sub01;sub05;sub07;sub08;sub09;sub10;sub11;sub13;sub14;sub15;sub16;sub17;sub18;sub20;sub27;sub28;sub29,sub24,74,0.001082048169337213,0.0017348882975056767,0.002,1e-05,1.0,1.0,True,False,multimodal,psd-fc-wpli,gated,cnn,True,finetune,segssl_barlow_all-patient_psd-fc-wpli_finetune_seed13_pre20_proj32_mask0_03_noise0_02_mlp1_0_sup100,True,barlow,psd,all-patient,True,13,1.0,0.1,32,0.03,0.02
multimodal_psd-fc-wpli_gated_cnn,14,sub22,sub01;sub05;sub07;sub08;sub09;sub10;sub11;sub13;sub14;sub15;sub16;sub17;sub18;sub20;sub27;sub28;sub29,sub24,75,0.0010313369566574693,0.0016495531890541315,0.002,1e-05,1.0,1.0,True,False,multimodal,psd-fc-wpli,gated,cnn,True,finetune,segssl_barlow_all-patient_psd-fc-wpli_finetune_seed13_pre20_proj32_mask0_03_noise0_02_mlp1_0_sup100,True,barlow,psd,all-patient,True,13,1.0,0.1,32,0.03,0.02
multimodal_psd-fc-wpli_gated_cnn,14,sub22,sub01;sub05;sub07;sub08;sub09;sub10;sub11;sub13;sub14;sub15;sub16;sub17;sub18;sub20;sub27;sub28;sub29,sub24,76,0.0009849175112321973,0.0015697712078690529,0.002,1e-05,1.0,1.0,True,False,multimodal,psd-fc-wpli,gated,cnn,True,finetune,segssl_barlow_all-patient_psd-fc-wpli_finetune_seed13_pre20_proj32_mask0_03_noise0_02_mlp1_0_sup100,True,barlow,psd,all-patient,True,13,1.0,0.1,32,0.03,0.02
multimodal_psd-fc-wpli_gated_cnn,14,sub22,sub01;sub05;sub07;sub08;sub09;sub10;sub11;sub13;sub14;sub15;sub16;sub17;sub18;sub20;sub27;sub28;sub29,sub24,77,0.0009422977454960346,0.0014955665683373809,0.002,1e-05,1.0,1.0,True,False,multimodal,psd-fc-wpli,gated,cnn,True,finetune,segssl_barlow_all-patient_psd-fc-wpli_finetune_seed13_pre20_proj32_mask0_03_noise0_02_mlp1_0_sup100,True,barlow,psd,all-patient,True,13,1.0,0.1,32,0.03,0.02
multimodal_psd-fc-wpli_gated_cnn,14,sub22,sub01;sub05;sub07;sub08;sub09;sub10;sub11;sub13;sub14;sub15;sub16;sub17;sub18;sub20;sub27;sub28;sub29,sub24,78,0.0009028766653500497,0.0014267531223595142,0.002,1e-05,1.0,1.0,True,False,multimodal,psd-fc-wpli,gated,cnn,True,finetune,segssl_barlow_all-patient_psd-fc-wpli_finetune_seed13_pre20_proj32_mask0_03_noise0_02_mlp1_0_sup100,True,barlow,psd,all-patient,True,13,1.0,0.1,32,0.03,0.02
multimodal_psd-fc-wpli_gated_cnn,14,sub22,sub01;sub05;sub07;sub08;sub09;sub10;sub11;sub13;sub14;sub15;sub16;sub17;sub18;sub20;sub27;sub28;sub29,sub24,79,0.0008663157350383699,0.0013633210910484195,0.002,1e-05,1.0,1.0,True,False,multimodal,psd-fc-wpli,gated,cnn,True,finetune,segssl_barlow_all-patient_psd-fc-wpli_finetune_seed13_pre20_proj32_mask0_03_noise0_02_mlp1_0_sup100,True,barlow,psd,all-patient,True,13,1.0,0.1,32,0.03,0.02
multimodal_psd-fc-wpli_gated_cnn,14,sub22,sub01;sub05;sub07;sub08;sub09;sub10;sub11;sub13;sub14;sub15;sub16;sub17;sub18;sub20;sub27;sub28;sub29,sub24,80,0.0008325050002895296,0.0013052966678515077,0.002,1e-05,1.0,1.0,True,False,multimodal,psd-fc-wpli,gated,cnn,True,finetune,segssl_barlow_all-patient_psd-fc-wpli_finetune_seed13_pre20_proj32_mask0_03_noise0_02_mlp1_0_sup100,True,barlow,psd,all-patient,True,13,1.0,0.1,32,0.03,0.02
multimodal_psd-fc-wpli_gated_cnn,14,sub22,sub01;sub05;sub07;sub08;sub09;sub10;sub11;sub13;sub14;sub15;sub16;sub17;sub18;sub20;sub27;sub28;sub29,sub24,81,0.0008010052843019366,0.0012522685574367642,0.002,1e-05,1.0,1.0,True,False,multimodal,psd-fc-wpli,gated,cnn,True,finetune,segssl_barlow_all-patient_psd-fc-wpli_finetune_seed13_pre20_proj32_mask0_03_noise0_02_mlp1_0_sup100,True,barlow,psd,all-patient,True,13,1.0,0.1,32,0.03,0.02
multimodal_psd-fc-wpli_gated_cnn,14,sub22,sub01;sub05;sub07;sub08;sub09;sub10;sub11;sub13;sub14;sub15;sub16;sub17;sub18;sub20;sub27;sub28;sub29,sub24,82,0.0007715539541095495,0.0012038813438266516,0.002,1e-05,1.0,1.0,True,False,multimodal,psd-fc-wpli,gated,cnn,True,finetune,segssl_barlow_all-patient_psd-fc-wpli_finetune_seed13_pre20_proj32_mask0_03_noise0_02_mlp1_0_sup100,True,barlow,psd,all-patient,True,13,1.0,0.1,32,0.03,0.02
multimodal_psd-fc-wpli_gated_cnn,14,sub22,sub01;sub05;sub07;sub08;sub09;sub10;sub11;sub13;sub14;sub15;sub16;sub17;sub18;sub20;sub27;sub28;sub29,sub24,83,0.0007440325571224093,0.0011597401462495327,0.002,1e-05,1.0,1.0,True,False,multimodal,psd-fc-wpli,gated,cnn,True,finetune,segssl_barlow_all-patient_psd-fc-wpli_finetune_seed13_pre20_proj32_mask0_03_noise0_02_mlp1_0_sup100,True,barlow,psd,all-patient,True,13,1.0,0.1,32,0.03,0.02
multimodal_psd-fc-wpli_gated_cnn,14,sub22,sub01;sub05;sub07;sub08;sub09;sub10;sub11;sub13;sub14;sub15;sub16;sub17;sub18;sub20;sub27;sub28;sub29,sub24,84,0.0007181834662333131,0.0011195270344614983,0.002,1e-05,1.0,1.0,True,False,multimodal,psd-fc-wpli,gated,cnn,True,finetune,segssl_barlow_all-patient_psd-fc-wpli_finetune_seed13_pre20_proj32_mask0_03_noise0_02_mlp1_0_sup100,True,barlow,psd,all-patient,True,13,1.0,0.1,32,0.03,0.02
multimodal_psd-fc-wpli_gated_cnn,14,sub22,sub01;sub05;sub07;sub08;sub09;sub10;sub11;sub13;sub14;sub15;sub16;sub17;sub18;sub20;sub27;sub28;sub29,sub24,85,0.0006938472506590188,0.0010828361846506596,0.002,1e-05,1.0,1.0,True,False,multimodal,psd-fc-wpli,gated,cnn,True,finetune,segssl_barlow_all-patient_psd-fc-wpli_finetune_seed13_pre20_proj32_mask0_03_noise0_02_mlp1_0_sup100,True,barlow,psd,all-patient,True,13,1.0,0.1,32,0.03,0.02
multimodal_psd-fc-wpli_gated_cnn,14,sub22,sub01;sub05;sub07;sub08;sub09;sub10;sub11;sub13;sub14;sub15;sub16;sub17;sub18;sub20;sub27;sub28;sub29,sub24,86,0.0006708209402859211,0.001049193786457181,0.002,1e-05,1.0,1.0,True,False,multimodal,psd-fc-wpli,gated,cnn,True,finetune,segssl_barlow_all-patient_psd-fc-wpli_finetune_seed13_pre20_proj32_mask0_03_noise0_02_mlp1_0_sup100,True,barlow,psd,all-patient,True,13,1.0,0.1,32,0.03,0.02
multimodal_psd-fc-wpli_gated_cnn,14,sub22,sub01;sub05;sub07;sub08;sub09;sub10;sub11;sub13;sub14;sub15;sub16;sub17;sub18;sub20;sub27;sub28;sub29,sub24,87,0.0006490598898380995,0.0010182057740166783,0.002,1e-05,1.0,1.0,True,False,multimodal,psd-fc-wpli,gated,cnn,True,finetune,segssl_barlow_all-patient_psd-fc-wpli_finetune_seed13_pre20_proj32_mask0_03_noise0_02_mlp1_0_sup100,True,barlow,psd,all-patient,True,13,1.0,0.1,32,0.03,0.02
multimodal_psd-fc-wpli_gated_cnn,14,sub22,sub01;sub05;sub07;sub08;sub09;sub10;sub11;sub13;sub14;sub15;sub16;sub17;sub18;sub20;sub27;sub28;sub29,sub24,88,0.0006284549599513412,0.0009893233655020595,0.002,1e-05,1.0,1.0,True,False,multimodal,psd-fc-wpli,gated,cnn,True,finetune,segssl_barlow_all-patient_psd-fc-wpli_finetune_seed13_pre20_proj32_mask0_03_noise0_02_mlp1_0_sup100,True,barlow,psd,all-patient,True,13,1.0,0.1,32,0.03,0.02
multimodal_psd-fc-wpli_gated_cnn,14,sub22,sub01;sub05;sub07;sub08;sub09;sub10;sub11;sub13;sub14;sub15;sub16;sub17;sub18;sub20;sub27;sub28;sub29,sub24,89,0.0006090063834562898,0.0009621011558920145,0.002,1e-05,1.0,1.0,True,False,multimodal,psd-fc-wpli,gated,cnn,True,finetune,segssl_barlow_all-patient_psd-fc-wpli_finetune_seed13_pre20_proj32_mask0_03_noise0_02_mlp1_0_sup100,True,barlow,psd,all-patient,True,13,1.0,0.1,32,0.03,0.02
multimodal_psd-fc-wpli_gated_cnn,14,sub22,sub01;sub05;sub07;sub08;sub09;sub10;sub11;sub13;sub14;sub15;sub16;sub17;sub18;sub20;sub27;sub28;sub29,sub24,90,0.0005905654979869723,0.0009368924074806273,0.002,1e-05,1.0,1.0,True,False,multimodal,psd-fc-wpli,gated,cnn,True,finetune,segssl_barlow_all-patient_psd-fc-wpli_finetune_seed13_pre20_proj32_mask0_03_noise0_02_mlp1_0_sup100,True,barlow,psd,all-patient,True,13,1.0,0.1,32,0.03,0.02
multimodal_psd-fc-wpli_gated_cnn,14,sub22,sub01;sub05;sub07;sub08;sub09;sub10;sub11;sub13;sub14;sub15;sub16;sub17;sub18;sub20;sub27;sub28;sub29,sub24,91,0.0005731174605898559,0.0009129333775490522,0.002,1e-05,1.0,1.0,True,False,multimodal,psd-fc-wpli,gated,cnn,True,finetune,segssl_barlow_all-patient_psd-fc-wpli_finetune_seed13_pre20_proj32_mask0_03_noise0_02_mlp1_0_sup100,True,barlow,psd,all-patient,True,13,1.0,0.1,32,0.03,0.02
multimodal_psd-fc-wpli_gated_cnn,14,sub22,sub01;sub05;sub07;sub08;sub09;sub10;sub11;sub13;sub14;sub15;sub16;sub17;sub18;sub20;sub27;sub28;sub29,sub24,92,0.0005565419560298324,0.0008900308748707175,0.002,1e-05,1.0,1.0,True,False,multimodal,psd-fc-wpli,gated,cnn,True,finetune,segssl_barlow_all-patient_psd-fc-wpli_finetune_seed13_pre20_proj32_mask0_03_noise0_02_mlp1_0_sup100,True,barlow,psd,all-patient,True,13,1.0,0.1,32,0.03,0.02
multimodal_psd-fc-wpli_gated_cnn,14,sub22,sub01;sub05;sub07;sub08;sub09;sub10;sub11;sub13;sub14;sub15;sub16;sub17;sub18;sub20;sub27;sub28;sub29,sub24,93,0.0005407191929407418,0.0008679445018060505,0.002,1e-05,1.0,1.0,True,False,multimodal,psd-fc-wpli,gated,cnn,True,finetune,segssl_barlow_all-patient_psd-fc-wpli_finetune_seed13_pre20_proj32_mask0_03_noise0_02_mlp1_0_sup100,True,barlow,psd,all-patient,True,13,1.0,0.1,32,0.03,0.02
multimodal_psd-fc-wpli_gated_cnn,14,sub22,sub01;sub05;sub07;sub08;sub09;sub10;sub11;sub13;sub14;sub15;sub16;sub17;sub18;sub20;sub27;sub28;sub29,sub24,94,0.0005255815340206027,0.00084662064909935,0.002,1e-05,1.0,1.0,True,False,multimodal,psd-fc-wpli,gated,cnn,True,finetune,segssl_barlow_all-patient_psd-fc-wpli_finetune_seed13_pre20_proj32_mask0_03_noise0_02_mlp1_0_sup100,True,barlow,psd,all-patient,True,13,1.0,0.1,32,0.03,0.02
multimodal_psd-fc-wpli_gated_cnn,14,sub22,sub01;sub05;sub07;sub08;sub09;sub10;sub11;sub13;sub14;sub15;sub16;sub17;sub18;sub20;sub27;sub28;sub29,sub24,95,0.0005110797355882823,0.000827306357678026,0.002,1e-05,1.0,1.0,True,False,multimodal,psd-fc-wpli,gated,cnn,True,finetune,segssl_barlow_all-patient_psd-fc-wpli_finetune_seed13_pre20_proj32_mask0_03_noise0_02_mlp1_0_sup100,True,barlow,psd,all-patient,True,13,1.0,0.1,32,0.03,0.02
multimodal_psd-fc-wpli_gated_cnn,14,sub22,sub01;sub05;sub07;sub08;sub09;sub10;sub11;sub13;sub14;sub15;sub16;sub17;sub18;sub20;sub27;sub28;sub29,sub24,96,0.0004972538445144892,0.0008090729243122041,0.002,1e-05,1.0,1.0,True,False,multimodal,psd-fc-wpli,gated,cnn,True,finetune,segssl_barlow_all-patient_psd-fc-wpli_finetune_seed13_pre20_proj32_mask0_03_noise0_02_mlp1_0_sup100,True,barlow,psd,all-patient,True,13,1.0,0.1,32,0.03,0.02
multimodal_psd-fc-wpli_gated_cnn,14,sub22,sub01;sub05;sub07;sub08;sub09;sub10;sub11;sub13;sub14;sub15;sub16;sub17;sub18;sub20;sub27;sub28;sub29,sub24,97,0.0004840048495680094,0.0007914133602753282,0.002,1e-05,1.0,1.0,True,False,multimodal,psd-fc-wpli,gated,cnn,True,finetune,segssl_barlow_all-patient_psd-fc-wpli_finetune_seed13_pre20_proj32_mask0_03_noise0_02_mlp1_0_sup100,True,barlow,psd,all-patient,True,13,1.0,0.1,32,0.03,0.02
multimodal_psd-fc-wpli_gated_cnn,14,sub22,sub01;sub05;sub07;sub08;sub09;sub10;sub11;sub13;sub14;sub15;sub16;sub17;sub18;sub20;sub27;sub28;sub29,sub24,98,0.0004713911039289087,0.0007748104981146753,0.002,1e-05,1.0,1.0,True,False,multimodal,psd-fc-wpli,gated,cnn,True,finetune,segssl_barlow_all-patient_psd-fc-wpli_finetune_seed13_pre20_proj32_mask0_03_noise0_02_mlp1_0_sup100,True,barlow,psd,all-patient,True,13,1.0,0.1,32,0.03,0.02
multimodal_psd-fc-wpli_gated_cnn,14,sub22,sub01;sub05;sub07;sub08;sub09;sub10;sub11;sub13;sub14;sub15;sub16;sub17;sub18;sub20;sub27;sub28;sub29,sub24,99,0.0004593523626681417,0.0007591685280203819,0.002,1e-05,1.0,1.0,True,False,multimodal,psd-fc-wpli,gated,cnn,True,finetune,segssl_barlow_all-patient_psd-fc-wpli_finetune_seed13_pre20_proj32_mask0_03_noise0_02_mlp1_0_sup100,True,barlow,psd,all-patient,True,13,1.0,0.1,32,0.03,0.02
multimodal_psd-fc-wpli_gated_cnn,14,sub22,sub01;sub05;sub07;sub08;sub09;sub10;sub11;sub13;sub14;sub15;sub16;sub17;sub18;sub20;sub27;sub28;sub29,sub24,100,0.00044788519153371453,0.0007439848268404603,0.002,1e-05,1.0,1.0,True,False,multimodal,psd-fc-wpli,gated,cnn,True,finetune,segssl_barlow_all-patient_psd-fc-wpli_finetune_seed13_pre20_proj32_mask0_03_noise0_02_mlp1_0_sup100,True,barlow,psd,all-patient,True,13,1.0,0.1,32,0.03,0.02
multimodal_psd-fc-wpli_gated_cnn,15,sub24,sub01;sub05;sub07;sub08;sub09;sub10;sub11;sub13;sub14;sub15;sub16;sub17;sub18;sub20;sub22;sub28;sub29,sub27,1,0.6885645389556885,0.7082963585853577,0.002,1e-05,1.0,1.0,True,False,multimodal,psd-fc-wpli,gated,cnn,True,finetune,segssl_barlow_all-patient_psd-fc-wpli_finetune_seed13_pre20_proj32_mask0_03_noise0_02_mlp1_0_sup100,True,barlow,psd,all-patient,True,13,1.0,0.1,32,0.03,0.02
multimodal_psd-fc-wpli_gated_cnn,15,sub24,sub01;sub05;sub07;sub08;sub09;sub10;sub11;sub13;sub14;sub15;sub16;sub17;sub18;sub20;sub22;sub28;sub29,sub27,2,0.6819371581077576,0.7011275887489319,0.002,1e-05,1.0,1.0,True,False,multimodal,psd-fc-wpli,gated,cnn,True,finetune,segssl_barlow_all-patient_psd-fc-wpli_finetune_seed13_pre20_proj32_mask0_03_noise0_02_mlp1_0_sup100,True,barlow,psd,all-patient,True,13,1.0,0.1,32,0.03,0.02
multimodal_psd-fc-wpli_gated_cnn,15,sub24,sub01;sub05;sub07;sub08;sub09;sub10;sub11;sub13;sub14;sub15;sub16;sub17;sub18;sub20;sub22;sub28;sub29,sub27,3,0.6753720641136169,0.685093879699707,0.002,1e-05,1.0,1.0,True,False,multimodal,psd-fc-wpli,gated,cnn,True,finetune,segssl_barlow_all-patient_psd-fc-wpli_finetune_seed13_pre20_proj32_mask0_03_noise0_02_mlp1_0_sup100,True,barlow,psd,all-patient,True,13,1.0,0.1,32,0.03,0.02
multimodal_psd-fc-wpli_gated_cnn,15,sub24,sub01;sub05;sub07;sub08;sub09;sub10;sub11;sub13;sub14;sub15;sub16;sub17;sub18;sub20;sub22;sub28;sub29,sub27,4,0.6688714623451233,0.6575464606285095,0.002,1e-05,1.0,1.0,True,False,multimodal,psd-fc-wpli,gated,cnn,True,finetune,segssl_barlow_all-patient_psd-fc-wpli_finetune_seed13_pre20_proj32_mask0_03_noise0_02_mlp1_0_sup100,True,barlow,psd,all-patient,True,13,1.0,0.1,32,0.03,0.02
multimodal_psd-fc-wpli_gated_cnn,15,sub24,sub01;sub05;sub07;sub08;sub09;sub10;sub11;sub13;sub14;sub15;sub16;sub17;sub18;sub20;sub22;sub28;sub29,sub27,5,0.6618703007698059,0.6270838975906372,0.002,1e-05,1.0,1.0,True,False,multimodal,psd-fc-wpli,gated,cnn,True,finetune,segssl_barlow_all-patient_psd-fc-wpli_finetune_seed13_pre20_proj32_mask0_03_noise0_02_mlp1_0_sup100,True,barlow,psd,all-patient,True,13,1.0,0.1,32,0.03,0.02
multimodal_psd-fc-wpli_gated_cnn,15,sub24,sub01;sub05;sub07;sub08;sub09;sub10;sub11;sub13;sub14;sub15;sub16;sub17;sub18;sub20;sub22;sub28;sub29,sub27,6,0.6542248725891113,0.5968552827835083,0.002,1e-05,1.0,1.0,True,False,multimodal,psd-fc-wpli,gated,cnn,True,finetune,segssl_barlow_all-patient_psd-fc-wpli_finetune_seed13_pre20_proj32_mask0_03_noise0_02_mlp1_0_sup100,True,barlow,psd,all-patient,True,13,1.0,0.1,32,0.03,0.02
multimodal_psd-fc-wpli_gated_cnn,15,sub24,sub01;sub05;sub07;sub08;sub09;sub10;sub11;sub13;sub14;sub15;sub16;sub17;sub18;sub20;sub22;sub28;sub29,sub27,7,0.645834743976593,0.5694221258163452,0.002,1e-05,1.0,1.0,True,False,multimodal,psd-fc-wpli,gated,cnn,True,finetune,segssl_barlow_all-patient_psd-fc-wpli_finetune_seed13_pre20_proj32_mask0_03_noise0_02_mlp1_0_sup100,True,barlow,psd,all-patient,True,13,1.0,0.1,32,0.03,0.02
multimodal_psd-fc-wpli_gated_cnn,15,sub24,sub01;sub05;sub07;sub08;sub09;sub10;sub11;sub13;sub14;sub15;sub16;sub17;sub18;sub20;sub22;sub28;sub29,sub27,8,0.6365059018135071,0.5392422080039978,0.002,1e-05,1.0,1.0,True,False,multimodal,psd-fc-wpli,gated,cnn,True,finetune,segssl_barlow_all-patient_psd-fc-wpli_finetune_seed13_pre20_proj32_mask0_03_noise0_02_mlp1_0_sup100,True,barlow,psd,all-patient,True,13,1.0,0.1,32,0.03,0.02
multimodal_psd-fc-wpli_gated_cnn,15,sub24,sub01;sub05;sub07;sub08;sub09;sub10;sub11;sub13;sub14;sub15;sub16;sub17;sub18;sub20;sub22;sub28;sub29,sub27,9,0.6259766817092896,0.5078595876693726,0.002,1e-05,1.0,1.0,True,False,multimodal,psd-fc-wpli,gated,cnn,True,finetune,segssl_barlow_all-patient_psd-fc-wpli_finetune_seed13_pre20_proj32_mask0_03_noise0_02_mlp1_0_sup100,True,barlow,psd,all-patient,True,13,1.0,0.1,32,0.03,0.02
multimodal_psd-fc-wpli_gated_cnn,15,sub24,sub01;sub05;sub07;sub08;sub09;sub10;sub11;sub13;sub14;sub15;sub16;sub17;sub18;sub20;sub22;sub28;sub29,sub27,10,0.6143730282783508,0.4781002104282379,0.002,1e-05,1.0,1.0,True,False,multimodal,psd-fc-wpli,gated,cnn,True,finetune,segssl_barlow_all-patient_psd-fc-wpli_finetune_seed13_pre20_proj32_mask0_03_noise0_02_mlp1_0_sup100,True,barlow,psd,all-patient,True,13,1.0,0.1,32,0.03,0.02
multimodal_psd-fc-wpli_gated_cnn,15,sub24,sub01;sub05;sub07;sub08;sub09;sub10;sub11;sub13;sub14;sub15;sub16;sub17;sub18;sub20;sub22;sub28;sub29,sub27,11,0.6018701195716858,0.44982290267944336,0.002,1e-05,1.0,1.0,True,False,multimodal,psd-fc-wpli,gated,cnn,True,finetune,segssl_barlow_all-patient_psd-fc-wpli_finetune_seed13_pre20_proj32_mask0_03_noise0_02_mlp1_0_sup100,True,barlow,psd,all-patient,True,13,1.0,0.1,32,0.03,0.02
multimodal_psd-fc-wpli_gated_cnn,15,sub24,sub01;sub05;sub07;sub08;sub09;sub10;sub11;sub13;sub14;sub15;sub16;sub17;sub18;sub20;sub22;sub28;sub29,sub27,12,0.5883901715278625,0.4221750497817993,0.002,1e-05,1.0,1.0,True,False,multimodal,psd-fc-wpli,gated,cnn,True,finetune,segssl_barlow_all-patient_psd-fc-wpli_finetune_seed13_pre20_proj32_mask0_03_noise0_02_mlp1_0_sup100,True,barlow,psd,all-patient,True,13,1.0,0.1,32,0.03,0.02
multimodal_psd-fc-wpli_gated_cnn,15,sub24,sub01;sub05;sub07;sub08;sub09;sub10;sub11;sub13;sub14;sub15;sub16;sub17;sub18;sub20;sub22;sub28;sub29,sub27,13,0.5737317204475403,0.39352181553840637,0.002,1e-05,1.0,1.0,True,False,multimodal,psd-fc-wpli,gated,cnn,True,finetune,segssl_barlow_all-patient_psd-fc-wpli_finetune_seed13_pre20_proj32_mask0_03_noise0_02_mlp1_0_sup100,True,barlow,psd,all-patient,True,13,1.0,0.1,32,0.03,0.02
multimodal_psd-fc-wpli_gated_cnn,15,sub24,sub01;sub05;sub07;sub08;sub09;sub10;sub11;sub13;sub14;sub15;sub16;sub17;sub18;sub20;sub22;sub28;sub29,sub27,14,0.5582144260406494,0.3616425693035126,0.002,1e-05,1.0,1.0,True,False,multimodal,psd-fc-wpli,gated,cnn,True,finetune,segssl_barlow_all-patient_psd-fc-wpli_finetune_seed13_pre20_proj32_mask0_03_noise0_02_mlp1_0_sup100,True,barlow,psd,all-patient,True,13,1.0,0.1,32,0.03,0.02
multimodal_psd-fc-wpli_gated_cnn,15,sub24,sub01;sub05;sub07;sub08;sub09;sub10;sub11;sub13;sub14;sub15;sub16;sub17;sub18;sub20;sub22;sub28;sub29,sub27,15,0.5417994260787964,0.3276073932647705,0.002,1e-05,1.0,1.0,True,False,multimodal,psd-fc-wpli,gated,cnn,True,finetune,segssl_barlow_all-patient_psd-fc-wpli_finetune_seed13_pre20_proj32_mask0_03_noise0_02_mlp1_0_sup100,True,barlow,psd,all-patient,True,13,1.0,0.1,32,0.03,0.02
multimodal_psd-fc-wpli_gated_cnn,15,sub24,sub01;sub05;sub07;sub08;sub09;sub10;sub11;sub13;sub14;sub15;sub16;sub17;sub18;sub20;sub22;sub28;sub29,sub27,16,0.5244042873382568,0.29535698890686035,0.002,1e-05,1.0,1.0,True,False,multimodal,psd-fc-wpli,gated,cnn,True,finetune,segssl_barlow_all-patient_psd-fc-wpli_finetune_seed13_pre20_proj32_mask0_03_noise0_02_mlp1_0_sup100,True,barlow,psd,all-patient,True,13,1.0,0.1,32,0.03,0.02
multimodal_psd-fc-wpli_gated_cnn,15,sub24,sub01;sub05;sub07;sub08;sub09;sub10;sub11;sub13;sub14;sub15;sub16;sub17;sub18;sub20;sub22;sub28;sub29,sub27,17,0.5059285163879395,0.2617570161819458,0.002,1e-05,1.0,1.0,True,False,multimodal,psd-fc-wpli,gated,cnn,True,finetune,segssl_barlow_all-patient_psd-fc-wpli_finetune_seed13_pre20_proj32_mask0_03_noise0_02_mlp1_0_sup100,True,barlow,psd,all-patient,True,13,1.0,0.1,32,0.03,0.02
multimodal_psd-fc-wpli_gated_cnn,15,sub24,sub01;sub05;sub07;sub08;sub09;sub10;sub11;sub13;sub14;sub15;sub16;sub17;sub18;sub20;sub22;sub28;sub29,sub27,18,0.48638230562210083,0.2282228171825409,0.002,1e-05,1.0,1.0,True,False,multimodal,psd-fc-wpli,gated,cnn,True,finetune,segssl_barlow_all-patient_psd-fc-wpli_finetune_seed13_pre20_proj32_mask0_03_noise0_02_mlp1_0_sup100,True,barlow,psd,all-patient,True,13,1.0,0.1,32,0.03,0.02
multimodal_psd-fc-wpli_gated_cnn,15,sub24,sub01;sub05;sub07;sub08;sub09;sub10;sub11;sub13;sub14;sub15;sub16;sub17;sub18;sub20;sub22;sub28;sub29,sub27,19,0.465934693813324,0.1944894939661026,0.002,1e-05,1.0,1.0,True,False,multimodal,psd-fc-wpli,gated,cnn,True,finetune,segssl_barlow_all-patient_psd-fc-wpli_finetune_seed13_pre20_proj32_mask0_03_noise0_02_mlp1_0_sup100,True,barlow,psd,all-patient,True,13,1.0,0.1,32,0.03,0.02
multimodal_psd-fc-wpli_gated_cnn,15,sub24,sub01;sub05;sub07;sub08;sub09;sub10;sub11;sub13;sub14;sub15;sub16;sub17;sub18;sub20;sub22;sub28;sub29,sub27,20,0.44467607140541077,0.16266505420207977,0.002,1e-05,1.0,1.0,True,False,multimodal,psd-fc-wpli,gated,cnn,True,finetune,segssl_barlow_all-patient_psd-fc-wpli_finetune_seed13_pre20_proj32_mask0_03_noise0_02_mlp1_0_sup100,True,barlow,psd,all-patient,True,13,1.0,0.1,32,0.03,0.02
multimodal_psd-fc-wpli_gated_cnn,15,sub24,sub01;sub05;sub07;sub08;sub09;sub10;sub11;sub13;sub14;sub15;sub16;sub17;sub18;sub20;sub22;sub28;sub29,sub27,21,0.42266520857810974,0.13625381886959076,0.002,1e-05,1.0,1.0,True,False,multimodal,psd-fc-wpli,gated,cnn,True,finetune,segssl_barlow_all-patient_psd-fc-wpli_finetune_seed13_pre20_proj32_mask0_03_noise0_02_mlp1_0_sup100,True,barlow,psd,all-patient,True,13,1.0,0.1,32,0.03,0.02
multimodal_psd-fc-wpli_gated_cnn,15,sub24,sub01;sub05;sub07;sub08;sub09;sub10;sub11;sub13;sub14;sub15;sub16;sub17;sub18;sub20;sub22;sub28;sub29,sub27,22,0.4001704454421997,0.11517650634050369,0.002,1e-05,1.0,1.0,True,False,multimodal,psd-fc-wpli,gated,cnn,True,finetune,segssl_barlow_all-patient_psd-fc-wpli_finetune_seed13_pre20_proj32_mask0_03_noise0_02_mlp1_0_sup100,True,barlow,psd,all-patient,True,13,1.0,0.1,32,0.03,0.02
multimodal_psd-fc-wpli_gated_cnn,15,sub24,sub01;sub05;sub07;sub08;sub09;sub10;sub11;sub13;sub14;sub15;sub16;sub17;sub18;sub20;sub22;sub28;sub29,sub27,23,0.3771420121192932,0.09868010133504868,0.002,1e-05,1.0,1.0,True,False,multimodal,psd-fc-wpli,gated,cnn,True,finetune,segssl_barlow_all-patient_psd-fc-wpli_finetune_seed13_pre20_proj32_mask0_03_noise0_02_mlp1_0_sup100,True,barlow,psd,all-patient,True,13,1.0,0.1,32,0.03,0.02
multimodal_psd-fc-wpli_gated_cnn,15,sub24,sub01;sub05;sub07;sub08;sub09;sub10;sub11;sub13;sub14;sub15;sub16;sub17;sub18;sub20;sub22;sub28;sub29,sub27,24,0.35355284810066223,0.08676585555076599,0.002,1e-05,1.0,1.0,True,False,multimodal,psd-fc-wpli,gated,cnn,True,finetune,segssl_barlow_all-patient_psd-fc-wpli_finetune_seed13_pre20_proj32_mask0_03_noise0_02_mlp1_0_sup100,True,barlow,psd,all-patient,True,13,1.0,0.1,32,0.03,0.02
multimodal_psd-fc-wpli_gated_cnn,15,sub24,sub01;sub05;sub07;sub08;sub09;sub10;sub11;sub13;sub14;sub15;sub16;sub17;sub18;sub20;sub22;sub28;sub29,sub27,25,0.32940420508384705,0.07776804268360138,0.002,1e-05,1.0,1.0,True,False,multimodal,psd-fc-wpli,gated,cnn,True,finetune,segssl_barlow_all-patient_psd-fc-wpli_finetune_seed13_pre20_proj32_mask0_03_noise0_02_mlp1_0_sup100,True,barlow,psd,all-patient,True,13,1.0,0.1,32,0.03,0.02
multimodal_psd-fc-wpli_gated_cnn,15,sub24,sub01;sub05;sub07;sub08;sub09;sub10;sub11;sub13;sub14;sub15;sub16;sub17;sub18;sub20;sub22;sub28;sub29,sub27,26,0.3050885498523712,0.06994224339723587,0.002,1e-05,1.0,1.0,True,False,multimodal,psd-fc-wpli,gated,cnn,True,finetune,segssl_barlow_all-patient_psd-fc-wpli_finetune_seed13_pre20_proj32_mask0_03_noise0_02_mlp1_0_sup100,True,barlow,psd,all-patient,True,13,1.0,0.1,32,0.03,0.02
multimodal_psd-fc-wpli_gated_cnn,15,sub24,sub01;sub05;sub07;sub08;sub09;sub10;sub11;sub13;sub14;sub15;sub16;sub17;sub18;sub20;sub22;sub28;sub29,sub27,27,0.28115391731262207,0.06334967911243439,0.002,1e-05,1.0,1.0,True,False,multimodal,psd-fc-wpli,gated,cnn,True,finetune,segssl_barlow_all-patient_psd-fc-wpli_finetune_seed13_pre20_proj32_mask0_03_noise0_02_mlp1_0_sup100,True,barlow,psd,all-patient,True,13,1.0,0.1,32,0.03,0.02
multimodal_psd-fc-wpli_gated_cnn,15,sub24,sub01;sub05;sub07;sub08;sub09;sub10;sub11;sub13;sub14;sub15;sub16;sub17;sub18;sub20;sub22;sub28;sub29,sub27,28,0.2576678991317749,0.05739765986800194,0.002,1e-05,1.0,1.0,True,False,multimodal,psd-fc-wpli,gated,cnn,True,finetune,segssl_barlow_all-patient_psd-fc-wpli_finetune_seed13_pre20_proj32_mask0_03_noise0_02_mlp1_0_sup100,True,barlow,psd,all-patient,True,13,1.0,0.1,32,0.03,0.02
multimodal_psd-fc-wpli_gated_cnn,15,sub24,sub01;sub05;sub07;sub08;sub09;sub10;sub11;sub13;sub14;sub15;sub16;sub17;sub18;sub20;sub22;sub28;sub29,sub27,29,0.2344931960105896,0.053154073655605316,0.002,1e-05,1.0,1.0,True,False,multimodal,psd-fc-wpli,gated,cnn,True,finetune,segssl_barlow_all-patient_psd-fc-wpli_finetune_seed13_pre20_proj32_mask0_03_noise0_02_mlp1_0_sup100,True,barlow,psd,all-patient,True,13,1.0,0.1,32,0.03,0.02
multimodal_psd-fc-wpli_gated_cnn,15,sub24,sub01;sub05;sub07;sub08;sub09;sub10;sub11;sub13;sub14;sub15;sub16;sub17;sub18;sub20;sub22;sub28;sub29,sub27,30,0.21175895631313324,0.049875594675540924,0.002,1e-05,1.0,1.0,True,False,multimodal,psd-fc-wpli,gated,cnn,True,finetune,segssl_barlow_all-patient_psd-fc-wpli_finetune_seed13_pre20_proj32_mask0_03_noise0_02_mlp1_0_sup100,True,barlow,psd,all-patient,True,13,1.0,0.1,32,0.03,0.02
multimodal_psd-fc-wpli_gated_cnn,15,sub24,sub01;sub05;sub07;sub08;sub09;sub10;sub11;sub13;sub14;sub15;sub16;sub17;sub18;sub20;sub22;sub28;sub29,sub27,31,0.18978720903396606,0.046553440392017365,0.002,1e-05,1.0,1.0,True,False,multimodal,psd-fc-wpli,gated,cnn,True,finetune,segssl_barlow_all-patient_psd-fc-wpli_finetune_seed13_pre20_proj32_mask0_03_noise0_02_mlp1_0_sup100,True,barlow,psd,all-patient,True,13,1.0,0.1,32,0.03,0.02
multimodal_psd-fc-wpli_gated_cnn,15,sub24,sub01;sub05;sub07;sub08;sub09;sub10;sub11;sub13;sub14;sub15;sub16;sub17;sub18;sub20;sub22;sub28;sub29,sub27,32,0.16934050619602203,0.04326251149177551,0.002,1e-05,1.0,1.0,True,False,multimodal,psd-fc-wpli,gated,cnn,True,finetune,segssl_barlow_all-patient_psd-fc-wpli_finetune_seed13_pre20_proj32_mask0_03_noise0_02_mlp1_0_sup100,True,barlow,psd,all-patient,True,13,1.0,0.1,32,0.03,0.02
multimodal_psd-fc-wpli_gated_cnn,15,sub24,sub01;sub05;sub07;sub08;sub09;sub10;sub11;sub13;sub14;sub15;sub16;sub17;sub18;sub20;sub22;sub28;sub29,sub27,33,0.15039552748203278,0.039713673293590546,0.002,1e-05,1.0,1.0,True,False,multimodal,psd-fc-wpli,gated,cnn,True,finetune,segssl_barlow_all-patient_psd-fc-wpli_finetune_seed13_pre20_proj32_mask0_03_noise0_02_mlp1_0_sup100,True,barlow,psd,all-patient,True,13,1.0,0.1,32,0.03,0.02
multimodal_psd-fc-wpli_gated_cnn,15,sub24,sub01;sub05;sub07;sub08;sub09;sub10;sub11;sub13;sub14;sub15;sub16;sub17;sub18;sub20;sub22;sub28;sub29,sub27,34,0.13291536271572113,0.03577415645122528,0.002,1e-05,1.0,1.0,True,False,multimodal,psd-fc-wpli,gated,cnn,True,finetune,segssl_barlow_all-patient_psd-fc-wpli_finetune_seed13_pre20_proj32_mask0_03_noise0_02_mlp1_0_sup100,True,barlow,psd,all-patient,True,13,1.0,0.1,32,0.03,0.02
multimodal_psd-fc-wpli_gated_cnn,15,sub24,sub01;sub05;sub07;sub08;sub09;sub10;sub11;sub13;sub14;sub15;sub16;sub17;sub18;sub20;sub22;sub28;sub29,sub27,35,0.11695586889982224,0.032205089926719666,0.002,1e-05,1.0,1.0,True,False,multimodal,psd-fc-wpli,gated,cnn,True,finetune,segssl_barlow_all-patient_psd-fc-wpli_finetune_seed13_pre20_proj32_mask0_03_noise0_02_mlp1_0_sup100,True,barlow,psd,all-patient,True,13,1.0,0.1,32,0.03,0.02
multimodal_psd-fc-wpli_gated_cnn,15,sub24,sub01;sub05;sub07;sub08;sub09;sub10;sub11;sub13;sub14;sub15;sub16;sub17;sub18;sub20;sub22;sub28;sub29,sub27,36,0.10259265452623367,0.028897589072585106,0.002,1e-05,1.0,1.0,True,False,multimodal,psd-fc-wpli,gated,cnn,True,finetune,segssl_barlow_all-patient_psd-fc-wpli_finetune_seed13_pre20_proj32_mask0_03_noise0_02_mlp1_0_sup100,True,barlow,psd,all-patient,True,13,1.0,0.1,32,0.03,0.02
multimodal_psd-fc-wpli_gated_cnn,15,sub24,sub01;sub05;sub07;sub08;sub09;sub10;sub11;sub13;sub14;sub15;sub16;sub17;sub18;sub20;sub22;sub28;sub29,sub27,37,0.08962006866931915,0.02553366683423519,0.002,1e-05,1.0,1.0,True,False,multimodal,psd-fc-wpli,gated,cnn,True,finetune,segssl_barlow_all-patient_psd-fc-wpli_finetune_seed13_pre20_proj32_mask0_03_noise0_02_mlp1_0_sup100,True,barlow,psd,all-patient,True,13,1.0,0.1,32,0.03,0.02
multimodal_psd-fc-wpli_gated_cnn,15,sub24,sub01;sub05;sub07;sub08;sub09;sub10;sub11;sub13;sub14;sub15;sub16;sub17;sub18;sub20;sub22;sub28;sub29,sub27,38,0.07779069244861603,0.02211831696331501,0.002,1e-05,1.0,1.0,True,False,multimodal,psd-fc-wpli,gated,cnn,True,finetune,segssl_barlow_all-patient_psd-fc-wpli_finetune_seed13_pre20_proj32_mask0_03_noise0_02_mlp1_0_sup100,True,barlow,psd,all-patient,True,13,1.0,0.1,32,0.03,0.02
multimodal_psd-fc-wpli_gated_cnn,15,sub24,sub01;sub05;sub07;sub08;sub09;sub10;sub11;sub13;sub14;sub15;sub16;sub17;sub18;sub20;sub22;sub28;sub29,sub27,39,0.06725496798753738,0.018442677333950996,0.002,1e-05,1.0,1.0,True,False,multimodal,psd-fc-wpli,gated,cnn,True,finetune,segssl_barlow_all-patient_psd-fc-wpli_finetune_seed13_pre20_proj32_mask0_03_noise0_02_mlp1_0_sup100,True,barlow,psd,all-patient,True,13,1.0,0.1,32,0.03,0.02
multimodal_psd-fc-wpli_gated_cnn,15,sub24,sub01;sub05;sub07;sub08;sub09;sub10;sub11;sub13;sub14;sub15;sub16;sub17;sub18;sub20;sub22;sub28;sub29,sub27,40,0.05780893191695213,0.015294753015041351,0.002,1e-05,1.0,1.0,True,False,multimodal,psd-fc-wpli,gated,cnn,True,finetune,segssl_barlow_all-patient_psd-fc-wpli_finetune_seed13_pre20_proj32_mask0_03_noise0_02_mlp1_0_sup100,True,barlow,psd,all-patient,True,13,1.0,0.1,32,0.03,0.02
multimodal_psd-fc-wpli_gated_cnn,15,sub24,sub01;sub05;sub07;sub08;sub09;sub10;sub11;sub13;sub14;sub15;sub16;sub17;sub18;sub20;sub22;sub28;sub29,sub27,41,0.04952399060130119,0.012853261083364487,0.002,1e-05,1.0,1.0,True,False,multimodal,psd-fc-wpli,gated,cnn,True,finetune,segssl_barlow_all-patient_psd-fc-wpli_finetune_seed13_pre20_proj32_mask0_03_noise0_02_mlp1_0_sup100,True,barlow,psd,all-patient,True,13,1.0,0.1,32,0.03,0.02
multimodal_psd-fc-wpli_gated_cnn,15,sub24,sub01;sub05;sub07;sub08;sub09;sub10;sub11;sub13;sub14;sub15;sub16;sub17;sub18;sub20;sub22;sub28;sub29,sub27,42,0.0423145517706871,0.01100662536919117,0.002,1e-05,1.0,1.0,True,False,multimodal,psd-fc-wpli,gated,cnn,True,finetune,segssl_barlow_all-patient_psd-fc-wpli_finetune_seed13_pre20_proj32_mask0_03_noise0_02_mlp1_0_sup100,True,barlow,psd,all-patient,True,13,1.0,0.1,32,0.03,0.02
multimodal_psd-fc-wpli_gated_cnn,15,sub24,sub01;sub05;sub07;sub08;sub09;sub10;sub11;sub13;sub14;sub15;sub16;sub17;sub18;sub20;sub22;sub28;sub29,sub27,43,0.03610304370522499,0.009646962396800518,0.002,1e-05,1.0,1.0,True,False,multimodal,psd-fc-wpli,gated,cnn,True,finetune,segssl_barlow_all-patient_psd-fc-wpli_finetune_seed13_pre20_proj32_mask0_03_noise0_02_mlp1_0_sup100,True,barlow,psd,all-patient,True,13,1.0,0.1,32,0.03,0.02
multimodal_psd-fc-wpli_gated_cnn,15,sub24,sub01;sub05;sub07;sub08;sub09;sub10;sub11;sub13;sub14;sub15;sub16;sub17;sub18;sub20;sub22;sub28;sub29,sub27,44,0.030755285173654556,0.008762490935623646,0.002,1e-05,1.0,1.0,True,False,multimodal,psd-fc-wpli,gated,cnn,True,finetune,segssl_barlow_all-patient_psd-fc-wpli_finetune_seed13_pre20_proj32_mask0_03_noise0_02_mlp1_0_sup100,True,barlow,psd,all-patient,True,13,1.0,0.1,32,0.03,0.02
multimodal_psd-fc-wpli_gated_cnn,15,sub24,sub01;sub05;sub07;sub08;sub09;sub10;sub11;sub13;sub14;sub15;sub16;sub17;sub18;sub20;sub22;sub28;sub29,sub27,45,0.026136605069041252,0.008207772858440876,0.002,1e-05,1.0,1.0,True,False,multimodal,psd-fc-wpli,gated,cnn,True,finetune,segssl_barlow_all-patient_psd-fc-wpli_finetune_seed13_pre20_proj32_mask0_03_noise0_02_mlp1_0_sup100,True,barlow,psd,all-patient,True,13,1.0,0.1,32,0.03,0.02
multimodal_psd-fc-wpli_gated_cnn,15,sub24,sub01;sub05;sub07;sub08;sub09;sub10;sub11;sub13;sub14;sub15;sub16;sub17;sub18;sub20;sub22;sub28;sub29,sub27,46,0.022212114185094833,0.007633781526237726,0.002,1e-05,1.0,1.0,True,False,multimodal,psd-fc-wpli,gated,cnn,True,finetune,segssl_barlow_all-patient_psd-fc-wpli_finetune_seed13_pre20_proj32_mask0_03_noise0_02_mlp1_0_sup100,True,barlow,psd,all-patient,True,13,1.0,0.1,32,0.03,0.02
multimodal_psd-fc-wpli_gated_cnn,15,sub24,sub01;sub05;sub07;sub08;sub09;sub10;sub11;sub13;sub14;sub15;sub16;sub17;sub18;sub20;sub22;sub28;sub29,sub27,47,0.018892237916588783,0.00705171562731266,0.002,1e-05,1.0,1.0,True,False,multimodal,psd-fc-wpli,gated,cnn,True,finetune,segssl_barlow_all-patient_psd-fc-wpli_finetune_seed13_pre20_proj32_mask0_03_noise0_02_mlp1_0_sup100,True,barlow,psd,all-patient,True,13,1.0,0.1,32,0.03,0.02
multimodal_psd-fc-wpli_gated_cnn,15,sub24,sub01;sub05;sub07;sub08;sub09;sub10;sub11;sub13;sub14;sub15;sub16;sub17;sub18;sub20;sub22;sub28;sub29,sub27,48,0.016081353649497032,0.0064621297642588615,0.002,1e-05,1.0,1.0,True,False,multimodal,psd-fc-wpli,gated,cnn,True,finetune,segssl_barlow_all-patient_psd-fc-wpli_finetune_seed13_pre20_proj32_mask0_03_noise0_02_mlp1_0_sup100,True,barlow,psd,all-patient,True,13,1.0,0.1,32,0.03,0.02
multimodal_psd-fc-wpli_gated_cnn,15,sub24,sub01;sub05;sub07;sub08;sub09;sub10;sub11;sub13;sub14;sub15;sub16;sub17;sub18;sub20;sub22;sub28;sub29,sub27,49,0.01370288711041212,0.00585838221013546,0.002,1e-05,1.0,1.0,True,False,multimodal,psd-fc-wpli,gated,cnn,True,finetune,segssl_barlow_all-patient_psd-fc-wpli_finetune_seed13_pre20_proj32_mask0_03_noise0_02_mlp1_0_sup100,True,barlow,psd,all-patient,True,13,1.0,0.1,32,0.03,0.02
multimodal_psd-fc-wpli_gated_cnn,15,sub24,sub01;sub05;sub07;sub08;sub09;sub10;sub11;sub13;sub14;sub15;sub16;sub17;sub18;sub20;sub22;sub28;sub29,sub27,50,0.011698443442583084,0.005259851925075054,0.002,1e-05,1.0,1.0,True,False,multimodal,psd-fc-wpli,gated,cnn,True,finetune,segssl_barlow_all-patient_psd-fc-wpli_finetune_seed13_pre20_proj32_mask0_03_noise0_02_mlp1_0_sup100,True,barlow,psd,all-patient,True,13,1.0,0.1,32,0.03,0.02
multimodal_psd-fc-wpli_gated_cnn,15,sub24,sub01;sub05;sub07;sub08;sub09;sub10;sub11;sub13;sub14;sub15;sub16;sub17;sub18;sub20;sub22;sub28;sub29,sub27,51,0.010011730715632439,0.004685274325311184,0.002,1e-05,1.0,1.0,True,False,multimodal,psd-fc-wpli,gated,cnn,True,finetune,segssl_barlow_all-patient_psd-fc-wpli_finetune_seed13_pre20_proj32_mask0_03_noise0_02_mlp1_0_sup100,True,barlow,psd,all-patient,True,13,1.0,0.1,32,0.03,0.02
multimodal_psd-fc-wpli_gated_cnn,15,sub24,sub01;sub05;sub07;sub08;sub09;sub10;sub11;sub13;sub14;sub15;sub16;sub17;sub18;sub20;sub22;sub28;sub29,sub27,52,0.008590228855609894,0.004139216151088476,0.002,1e-05,1.0,1.0,True,False,multimodal,psd-fc-wpli,gated,cnn,True,finetune,segssl_barlow_all-patient_psd-fc-wpli_finetune_seed13_pre20_proj32_mask0_03_noise0_02_mlp1_0_sup100,True,barlow,psd,all-patient,True,13,1.0,0.1,32,0.03,0.02
multimodal_psd-fc-wpli_gated_cnn,15,sub24,sub01;sub05;sub07;sub08;sub09;sub10;sub11;sub13;sub14;sub15;sub16;sub17;sub18;sub20;sub22;sub28;sub29,sub27,53,0.007395285181701183,0.0036334760952740908,0.002,1e-05,1.0,1.0,True,False,multimodal,psd-fc-wpli,gated,cnn,True,finetune,segssl_barlow_all-patient_psd-fc-wpli_finetune_seed13_pre20_proj32_mask0_03_noise0_02_mlp1_0_sup100,True,barlow,psd,all-patient,True,13,1.0,0.1,32,0.03,0.02
multimodal_psd-fc-wpli_gated_cnn,15,sub24,sub01;sub05;sub07;sub08;sub09;sub10;sub11;sub13;sub14;sub15;sub16;sub17;sub18;sub20;sub22;sub28;sub29,sub27,54,0.0063939327374100685,0.003171281423419714,0.002,1e-05,1.0,1.0,True,False,multimodal,psd-fc-wpli,gated,cnn,True,finetune,segssl_barlow_all-patient_psd-fc-wpli_finetune_seed13_pre20_proj32_mask0_03_noise0_02_mlp1_0_sup100,True,barlow,psd,all-patient,True,13,1.0,0.1,32,0.03,0.02
multimodal_psd-fc-wpli_gated_cnn,15,sub24,sub01;sub05;sub07;sub08;sub09;sub10;sub11;sub13;sub14;sub15;sub16;sub17;sub18;sub20;sub22;sub28;sub29,sub27,55,0.0055558448657393456,0.002758489456027746,0.002,1e-05,1.0,1.0,True,False,multimodal,psd-fc-wpli,gated,cnn,True,finetune,segssl_barlow_all-patient_psd-fc-wpli_finetune_seed13_pre20_proj32_mask0_03_noise0_02_mlp1_0_sup100,True,barlow,psd,all-patient,True,13,1.0,0.1,32,0.03,0.02
multimodal_psd-fc-wpli_gated_cnn,15,sub24,sub01;sub05;sub07;sub08;sub09;sub10;sub11;sub13;sub14;sub15;sub16;sub17;sub18;sub20;sub22;sub28;sub29,sub27,56,0.004853866528719664,0.002384941326454282,0.002,1e-05,1.0,1.0,True,False,multimodal,psd-fc-wpli,gated,cnn,True,finetune,segssl_barlow_all-patient_psd-fc-wpli_finetune_seed13_pre20_proj32_mask0_03_noise0_02_mlp1_0_sup100,True,barlow,psd,all-patient,True,13,1.0,0.1,32,0.03,0.02
multimodal_psd-fc-wpli_gated_cnn,15,sub24,sub01;sub05;sub07;sub08;sub09;sub10;sub11;sub13;sub14;sub15;sub16;sub17;sub18;sub20;sub22;sub28;sub29,sub27,57,0.004264390096068382,0.002048682188615203,0.002,1e-05,1.0,1.0,True,False,multimodal,psd-fc-wpli,gated,cnn,True,finetune,segssl_barlow_all-patient_psd-fc-wpli_finetune_seed13_pre20_proj32_mask0_03_noise0_02_mlp1_0_sup100,True,barlow,psd,all-patient,True,13,1.0,0.1,32,0.03,0.02
multimodal_psd-fc-wpli_gated_cnn,15,sub24,sub01;sub05;sub07;sub08;sub09;sub10;sub11;sub13;sub14;sub15;sub16;sub17;sub18;sub20;sub22;sub28;sub29,sub27,58,0.0037662035319954157,0.0017617953708395362,0.002,1e-05,1.0,1.0,True,False,multimodal,psd-fc-wpli,gated,cnn,True,finetune,segssl_barlow_all-patient_psd-fc-wpli_finetune_seed13_pre20_proj32_mask0_03_noise0_02_mlp1_0_sup100,True,barlow,psd,all-patient,True,13,1.0,0.1,32,0.03,0.02
multimodal_psd-fc-wpli_gated_cnn,15,sub24,sub01;sub05;sub07;sub08;sub09;sub10;sub11;sub13;sub14;sub15;sub16;sub17;sub18;sub20;sub22;sub28;sub29,sub27,59,0.003342048730701208,0.0015121204778552055,0.002,1e-05,1.0,1.0,True,False,multimodal,psd-fc-wpli,gated,cnn,True,finetune,segssl_barlow_all-patient_psd-fc-wpli_finetune_seed13_pre20_proj32_mask0_03_noise0_02_mlp1_0_sup100,True,barlow,psd,all-patient,True,13,1.0,0.1,32,0.03,0.02
multimodal_psd-fc-wpli_gated_cnn,15,sub24,sub01;sub05;sub07;sub08;sub09;sub10;sub11;sub13;sub14;sub15;sub16;sub17;sub18;sub20;sub22;sub28;sub29,sub27,60,0.002980306511744857,0.0012981969630345702,0.002,1e-05,1.0,1.0,True,False,multimodal,psd-fc-wpli,gated,cnn,True,finetune,segssl_barlow_all-patient_psd-fc-wpli_finetune_seed13_pre20_proj32_mask0_03_noise0_02_mlp1_0_sup100,True,barlow,psd,all-patient,True,13,1.0,0.1,32,0.03,0.02
multimodal_psd-fc-wpli_gated_cnn,15,sub24,sub01;sub05;sub07;sub08;sub09;sub10;sub11;sub13;sub14;sub15;sub16;sub17;sub18;sub20;sub22;sub28;sub29,sub27,61,0.0026702273171395063,0.0011182717280462384,0.002,1e-05,1.0,1.0,True,False,multimodal,psd-fc-wpli,gated,cnn,True,finetune,segssl_barlow_all-patient_psd-fc-wpli_finetune_seed13_pre20_proj32_mask0_03_noise0_02_mlp1_0_sup100,True,barlow,psd,all-patient,True,13,1.0,0.1,32,0.03,0.02
multimodal_psd-fc-wpli_gated_cnn,15,sub24,sub01;sub05;sub07;sub08;sub09;sub10;sub11;sub13;sub14;sub15;sub16;sub17;sub18;sub20;sub22;sub28;sub29,sub27,62,0.002403933322057128,0.0009699994698166847,0.002,1e-05,1.0,1.0,True,False,multimodal,psd-fc-wpli,gated,cnn,True,finetune,segssl_barlow_all-patient_psd-fc-wpli_finetune_seed13_pre20_proj32_mask0_03_noise0_02_mlp1_0_sup100,True,barlow,psd,all-patient,True,13,1.0,0.1,32,0.03,0.02
multimodal_psd-fc-wpli_gated_cnn,15,sub24,sub01;sub05;sub07;sub08;sub09;sub10;sub11;sub13;sub14;sub15;sub16;sub17;sub18;sub20;sub22;sub28;sub29,sub27,63,0.002174592111259699,0.0008488919120281935,0.002,1e-05,1.0,1.0,True,False,multimodal,psd-fc-wpli,gated,cnn,True,finetune,segssl_barlow_all-patient_psd-fc-wpli_finetune_seed13_pre20_proj32_mask0_03_noise0_02_mlp1_0_sup100,True,barlow,psd,all-patient,True,13,1.0,0.1,32,0.03,0.02
multimodal_psd-fc-wpli_gated_cnn,15,sub24,sub01;sub05;sub07;sub08;sub09;sub10;sub11;sub13;sub14;sub15;sub16;sub17;sub18;sub20;sub22;sub28;sub29,sub27,64,0.0019765475299209356,0.0007492129225283861,0.002,1e-05,1.0,1.0,True,False,multimodal,psd-fc-wpli,gated,cnn,True,finetune,segssl_barlow_all-patient_psd-fc-wpli_finetune_seed13_pre20_proj32_mask0_03_noise0_02_mlp1_0_sup100,True,barlow,psd,all-patient,True,13,1.0,0.1,32,0.03,0.02
multimodal_psd-fc-wpli_gated_cnn,15,sub24,sub01;sub05;sub07;sub08;sub09;sub10;sub11;sub13;sub14;sub15;sub16;sub17;sub18;sub20;sub22;sub28;sub29,sub27,65,0.0018048874335363507,0.0006676160264760256,0.002,1e-05,1.0,1.0,True,False,multimodal,psd-fc-wpli,gated,cnn,True,finetune,segssl_barlow_all-patient_psd-fc-wpli_finetune_seed13_pre20_proj32_mask0_03_noise0_02_mlp1_0_sup100,True,barlow,psd,all-patient,True,13,1.0,0.1,32,0.03,0.02
multimodal_psd-fc-wpli_gated_cnn,15,sub24,sub01;sub05;sub07;sub08;sub09;sub10;sub11;sub13;sub14;sub15;sub16;sub17;sub18;sub20;sub22;sub28;sub29,sub27,66,0.0016553369350731373,0.0006009953795000911,0.002,1e-05,1.0,1.0,True,False,multimodal,psd-fc-wpli,gated,cnn,True,finetune,segssl_barlow_all-patient_psd-fc-wpli_finetune_seed13_pre20_proj32_mask0_03_noise0_02_mlp1_0_sup100,True,barlow,psd,all-patient,True,13,1.0,0.1,32,0.03,0.02
multimodal_psd-fc-wpli_gated_cnn,15,sub24,sub01;sub05;sub07;sub08;sub09;sub10;sub11;sub13;sub14;sub15;sub16;sub17;sub18;sub20;sub22;sub28;sub29,sub27,67,0.0015247691189870238,0.0005467836745083332,0.002,1e-05,1.0,1.0,True,False,multimodal,psd-fc-wpli,gated,cnn,True,finetune,segssl_barlow_all-patient_psd-fc-wpli_finetune_seed13_pre20_proj32_mask0_03_noise0_02_mlp1_0_sup100,True,barlow,psd,all-patient,True,13,1.0,0.1,32,0.03,0.02
multimodal_psd-fc-wpli_gated_cnn,15,sub24,sub01;sub05;sub07;sub08;sub09;sub10;sub11;sub13;sub14;sub15;sub16;sub17;sub18;sub20;sub22;sub28;sub29,sub27,68,0.0014107177266851068,0.0005037861410528421,0.002,1e-05,1.0,1.0,True,False,multimodal,psd-fc-wpli,gated,cnn,True,finetune,segssl_barlow_all-patient_psd-fc-wpli_finetune_seed13_pre20_proj32_mask0_03_noise0_02_mlp1_0_sup100,True,barlow,psd,all-patient,True,13,1.0,0.1,32,0.03,0.02
multimodal_psd-fc-wpli_gated_cnn,15,sub24,sub01;sub05;sub07;sub08;sub09;sub10;sub11;sub13;sub14;sub15;sub16;sub17;sub18;sub20;sub22;sub28;sub29,sub27,69,0.00131052581127733,0.0004699142009485513,0.002,1e-05,1.0,1.0,True,False,multimodal,psd-fc-wpli,gated,cnn,True,finetune,segssl_barlow_all-patient_psd-fc-wpli_finetune_seed13_pre20_proj32_mask0_03_noise0_02_mlp1_0_sup100,True,barlow,psd,all-patient,True,13,1.0,0.1,32,0.03,0.02
multimodal_psd-fc-wpli_gated_cnn,15,sub24,sub01;sub05;sub07;sub08;sub09;sub10;sub11;sub13;sub14;sub15;sub16;sub17;sub18;sub20;sub22;sub28;sub29,sub27,70,0.0012219133786857128,0.0004432587593328208,0.002,1e-05,1.0,1.0,True,False,multimodal,psd-fc-wpli,gated,cnn,True,finetune,segssl_barlow_all-patient_psd-fc-wpli_finetune_seed13_pre20_proj32_mask0_03_noise0_02_mlp1_0_sup100,True,barlow,psd,all-patient,True,13,1.0,0.1,32,0.03,0.02
multimodal_psd-fc-wpli_gated_cnn,15,sub24,sub01;sub05;sub07;sub08;sub09;sub10;sub11;sub13;sub14;sub15;sub16;sub17;sub18;sub20;sub22;sub28;sub29,sub27,71,0.001143248868174851,0.0004225073498673737,0.002,1e-05,1.0,1.0,True,False,multimodal,psd-fc-wpli,gated,cnn,True,finetune,segssl_barlow_all-patient_psd-fc-wpli_finetune_seed13_pre20_proj32_mask0_03_noise0_02_mlp1_0_sup100,True,barlow,psd,all-patient,True,13,1.0,0.1,32,0.03,0.02
multimodal_psd-fc-wpli_gated_cnn,15,sub24,sub01;sub05;sub07;sub08;sub09;sub10;sub11;sub13;sub14;sub15;sub16;sub17;sub18;sub20;sub22;sub28;sub29,sub27,72,0.001073292689397931,0.00040640743100084364,0.002,1e-05,1.0,1.0,True,False,multimodal,psd-fc-wpli,gated,cnn,True,finetune,segssl_barlow_all-patient_psd-fc-wpli_finetune_seed13_pre20_proj32_mask0_03_noise0_02_mlp1_0_sup100,True,barlow,psd,all-patient,True,13,1.0,0.1,32,0.03,0.02
multimodal_psd-fc-wpli_gated_cnn,15,sub24,sub01;sub05;sub07;sub08;sub09;sub10;sub11;sub13;sub14;sub15;sub16;sub17;sub18;sub20;sub22;sub28;sub29,sub27,73,0.001010769628919661,0.0003942432231269777,0.002,1e-05,1.0,1.0,True,False,multimodal,psd-fc-wpli,gated,cnn,True,finetune,segssl_barlow_all-patient_psd-fc-wpli_finetune_seed13_pre20_proj32_mask0_03_noise0_02_mlp1_0_sup100,True,barlow,psd,all-patient,True,13,1.0,0.1,32,0.03,0.02
multimodal_psd-fc-wpli_gated_cnn,15,sub24,sub01;sub05;sub07;sub08;sub09;sub10;sub11;sub13;sub14;sub15;sub16;sub17;sub18;sub20;sub22;sub28;sub29,sub27,74,0.0009547939989715815,0.00038547790609300137,0.002,1e-05,1.0,1.0,True,False,multimodal,psd-fc-wpli,gated,cnn,True,finetune,segssl_barlow_all-patient_psd-fc-wpli_finetune_seed13_pre20_proj32_mask0_03_noise0_02_mlp1_0_sup100,True,barlow,psd,all-patient,True,13,1.0,0.1,32,0.03,0.02
multimodal_psd-fc-wpli_gated_cnn,15,sub24,sub01;sub05;sub07;sub08;sub09;sub10;sub11;sub13;sub14;sub15;sub16;sub17;sub18;sub20;sub22;sub28;sub29,sub27,75,0.0009044079342857003,0.00037927666562609375,0.002,1e-05,1.0,1.0,True,False,multimodal,psd-fc-wpli,gated,cnn,True,finetune,segssl_barlow_all-patient_psd-fc-wpli_finetune_seed13_pre20_proj32_mask0_03_noise0_02_mlp1_0_sup100,True,barlow,psd,all-patient,True,13,1.0,0.1,32,0.03,0.02
multimodal_psd-fc-wpli_gated_cnn,15,sub24,sub01;sub05;sub07;sub08;sub09;sub10;sub11;sub13;sub14;sub15;sub16;sub17;sub18;sub20;sub22;sub28;sub29,sub27,76,0.0008589107892476022,0.00037546054227277637,0.002,1e-05,1.0,1.0,True,False,multimodal,psd-fc-wpli,gated,cnn,True,finetune,segssl_barlow_all-patient_psd-fc-wpli_finetune_seed13_pre20_proj32_mask0_03_noise0_02_mlp1_0_sup100,True,barlow,psd,all-patient,True,13,1.0,0.1,32,0.03,0.02
multimodal_psd-fc-wpli_gated_cnn,15,sub24,sub01;sub05;sub07;sub08;sub09;sub10;sub11;sub13;sub14;sub15;sub16;sub17;sub18;sub20;sub22;sub28;sub29,sub27,77,0.0008178826537914574,0.00037355246604420245,0.002,1e-05,1.0,1.0,True,False,multimodal,psd-fc-wpli,gated,cnn,True,finetune,segssl_barlow_all-patient_psd-fc-wpli_finetune_seed13_pre20_proj32_mask0_03_noise0_02_mlp1_0_sup100,True,barlow,psd,all-patient,True,13,1.0,0.1,32,0.03,0.02
multimodal_psd-fc-wpli_gated_cnn,15,sub24,sub01;sub05;sub07;sub08;sub09;sub10;sub11;sub13;sub14;sub15;sub16;sub17;sub18;sub20;sub22;sub28;sub29,sub27,78,0.0007806704379618168,0.00037355246604420245,0.002,1e-05,1.0,1.0,False,False,multimodal,psd-fc-wpli,gated,cnn,True,finetune,segssl_barlow_all-patient_psd-fc-wpli_finetune_seed13_pre20_proj32_mask0_03_noise0_02_mlp1_0_sup100,True,barlow,psd,all-patient,True,13,1.0,0.1,32,0.03,0.02
multimodal_psd-fc-wpli_gated_cnn,15,sub24,sub01;sub05;sub07;sub08;sub09;sub10;sub11;sub13;sub14;sub15;sub16;sub17;sub18;sub20;sub22;sub28;sub29,sub27,79,0.0007468755939044058,0.0003747449954971671,0.002,1e-05,1.0,1.0,False,False,multimodal,psd-fc-wpli,gated,cnn,True,finetune,segssl_barlow_all-patient_psd-fc-wpli_finetune_seed13_pre20_proj32_mask0_03_noise0_02_mlp1_0_sup100,True,barlow,psd,all-patient,True,13,1.0,0.1,32,0.03,0.02
multimodal_psd-fc-wpli_gated_cnn,15,sub24,sub01;sub05;sub07;sub08;sub09;sub10;sub11;sub13;sub14;sub15;sub16;sub17;sub18;sub20;sub22;sub28;sub29,sub27,80,0.0007160407840274274,0.0003764145658351481,0.002,1e-05,1.0,1.0,False,False,multimodal,psd-fc-wpli,gated,cnn,True,finetune,segssl_barlow_all-patient_psd-fc-wpli_finetune_seed13_pre20_proj32_mask0_03_noise0_02_mlp1_0_sup100,True,barlow,psd,all-patient,True,13,1.0,0.1,32,0.03,0.02
multimodal_psd-fc-wpli_gated_cnn,15,sub24,sub01;sub05;sub07;sub08;sub09;sub10;sub11;sub13;sub14;sub15;sub16;sub17;sub18;sub20;sub22;sub28;sub29,sub27,81,0.0006878298008814454,0.0003786803863476962,0.002,1e-05,1.0,1.0,False,False,multimodal,psd-fc-wpli,gated,cnn,True,finetune,segssl_barlow_all-patient_psd-fc-wpli_finetune_seed13_pre20_proj32_mask0_03_noise0_02_mlp1_0_sup100,True,barlow,psd,all-patient,True,13,1.0,0.1,32,0.03,0.02
multimodal_psd-fc-wpli_gated_cnn,15,sub24,sub01;sub05;sub07;sub08;sub09;sub10;sub11;sub13;sub14;sub15;sub16;sub17;sub18;sub20;sub22;sub28;sub29,sub27,82,0.0006619948544539511,0.0003814232477452606,0.002,1e-05,1.0,1.0,False,False,multimodal,psd-fc-wpli,gated,cnn,True,finetune,segssl_barlow_all-patient_psd-fc-wpli_finetune_seed13_pre20_proj32_mask0_03_noise0_02_mlp1_0_sup100,True,barlow,psd,all-patient,True,13,1.0,0.1,32,0.03,0.02
multimodal_psd-fc-wpli_gated_cnn,15,sub24,sub01;sub05;sub07;sub08;sub09;sub10;sub11;sub13;sub14;sub15;sub16;sub17;sub18;sub20;sub22;sub28;sub29,sub27,83,0.0006382258725352585,0.00038440461503341794,0.002,1e-05,1.0,1.0,False,False,multimodal,psd-fc-wpli,gated,cnn,True,finetune,segssl_barlow_all-patient_psd-fc-wpli_finetune_seed13_pre20_proj32_mask0_03_noise0_02_mlp1_0_sup100,True,barlow,psd,all-patient,True,13,1.0,0.1,32,0.03,0.02
multimodal_psd-fc-wpli_gated_cnn,15,sub24,sub01;sub05;sub07;sub08;sub09;sub10;sub11;sub13;sub14;sub15;sub16;sub17;sub18;sub20;sub22;sub28;sub29,sub27,84,0.0006162324571050704,0.0003872071101795882,0.002,1e-05,1.0,1.0,False,False,multimodal,psd-fc-wpli,gated,cnn,True,finetune,segssl_barlow_all-patient_psd-fc-wpli_finetune_seed13_pre20_proj32_mask0_03_noise0_02_mlp1_0_sup100,True,barlow,psd,all-patient,True,13,1.0,0.1,32,0.03,0.02
multimodal_psd-fc-wpli_gated_cnn,15,sub24,sub01;sub05;sub07;sub08;sub09;sub10;sub11;sub13;sub14;sub15;sub16;sub17;sub18;sub20;sub22;sub28;sub29,sub27,85,0.0005958794499747455,0.0003892344539053738,0.002,1e-05,1.0,1.0,False,False,multimodal,psd-fc-wpli,gated,cnn,True,finetune,segssl_barlow_all-patient_psd-fc-wpli_finetune_seed13_pre20_proj32_mask0_03_noise0_02_mlp1_0_sup100,True,barlow,psd,all-patient,True,13,1.0,0.1,32,0.03,0.02
multimodal_psd-fc-wpli_gated_cnn,15,sub24,sub01;sub05;sub07;sub08;sub09;sub10;sub11;sub13;sub14;sub15;sub16;sub17;sub18;sub20;sub22;sub28;sub29,sub27,86,0.0005768952541984618,0.00039090405334718525,0.002,1e-05,1.0,1.0,False,False,multimodal,psd-fc-wpli,gated,cnn,True,finetune,segssl_barlow_all-patient_psd-fc-wpli_finetune_seed13_pre20_proj32_mask0_03_noise0_02_mlp1_0_sup100,True,barlow,psd,all-patient,True,13,1.0,0.1,32,0.03,0.02
multimodal_psd-fc-wpli_gated_cnn,15,sub24,sub01;sub05;sub07;sub08;sub09;sub10;sub11;sub13;sub14;sub15;sub16;sub17;sub18;sub20;sub22;sub28;sub29,sub27,87,0.0005592417437583208,0.0003922158502973616,0.002,1e-05,1.0,1.0,False,False,multimodal,psd-fc-wpli,gated,cnn,True,finetune,segssl_barlow_all-patient_psd-fc-wpli_finetune_seed13_pre20_proj32_mask0_03_noise0_02_mlp1_0_sup100,True,barlow,psd,all-patient,True,13,1.0,0.1,32,0.03,0.02
multimodal_psd-fc-wpli_gated_cnn,15,sub24,sub01;sub05;sub07;sub08;sub09;sub10;sub11;sub13;sub14;sub15;sub16;sub17;sub18;sub20;sub22;sub28;sub29,sub27,88,0.0005427587311714888,0.00039281215867958963,0.002,1e-05,1.0,1.0,False,False,multimodal,psd-fc-wpli,gated,cnn,True,finetune,segssl_barlow_all-patient_psd-fc-wpli_finetune_seed13_pre20_proj32_mask0_03_noise0_02_mlp1_0_sup100,True,barlow,psd,all-patient,True,13,1.0,0.1,32,0.03,0.02
multimodal_psd-fc-wpli_gated_cnn,15,sub24,sub01;sub05;sub07;sub08;sub09;sub10;sub11;sub13;sub14;sub15;sub16;sub17;sub18;sub20;sub22;sub28;sub29,sub27,89,0.0005273378337733448,0.00039293139707297087,0.002,1e-05,1.0,1.0,False,False,multimodal,psd-fc-wpli,gated,cnn,True,finetune,segssl_barlow_all-patient_psd-fc-wpli_finetune_seed13_pre20_proj32_mask0_03_noise0_02_mlp1_0_sup100,True,barlow,psd,all-patient,True,13,1.0,0.1,32,0.03,0.02
multimodal_psd-fc-wpli_gated_cnn,15,sub24,sub01;sub05;sub07;sub08;sub09;sub10;sub11;sub13;sub14;sub15;sub16;sub17;sub18;sub20;sub22;sub28;sub29,sub27,90,0.0005128705524839461,0.000392454385291785,0.002,1e-05,1.0,1.0,False,False,multimodal,psd-fc-wpli,gated,cnn,True,finetune,segssl_barlow_all-patient_psd-fc-wpli_finetune_seed13_pre20_proj32_mask0_03_noise0_02_mlp1_0_sup100,True,barlow,psd,all-patient,True,13,1.0,0.1,32,0.03,0.02
multimodal_psd-fc-wpli_gated_cnn,15,sub24,sub01;sub05;sub07;sub08;sub09;sub10;sub11;sub13;sub14;sub15;sub16;sub17;sub18;sub20;sub22;sub28;sub29,sub27,91,0.0004992710310034454,0.0003913810651283711,0.002,1e-05,1.0,1.0,False,False,multimodal,psd-fc-wpli,gated,cnn,True,finetune,segssl_barlow_all-patient_psd-fc-wpli_finetune_seed13_pre20_proj32_mask0_03_noise0_02_mlp1_0_sup100,True,barlow,psd,all-patient,True,13,1.0,0.1,32,0.03,0.02
multimodal_psd-fc-wpli_gated_cnn,15,sub24,sub01;sub05;sub07;sub08;sub09;sub10;sub11;sub13;sub14;sub15;sub16;sub17;sub18;sub20;sub22;sub28;sub29,sub27,92,0.0004865021619480103,0.00038983073318377137,0.002,1e-05,1.0,1.0,False,False,multimodal,psd-fc-wpli,gated,cnn,True,finetune,segssl_barlow_all-patient_psd-fc-wpli_finetune_seed13_pre20_proj32_mask0_03_noise0_02_mlp1_0_sup100,True,barlow,psd,all-patient,True,13,1.0,0.1,32,0.03,0.02
multimodal_psd-fc-wpli_gated_cnn,15,sub24,sub01;sub05;sub07;sub08;sub09;sub10;sub11;sub13;sub14;sub15;sub16;sub17;sub18;sub20;sub22;sub28;sub29,sub27,93,0.0004745141777675599,0.0003872071101795882,0.002,1e-05,1.0,1.0,False,False,multimodal,psd-fc-wpli,gated,cnn,True,finetune,segssl_barlow_all-patient_psd-fc-wpli_finetune_seed13_pre20_proj32_mask0_03_noise0_02_mlp1_0_sup100,True,barlow,psd,all-patient,True,13,1.0,0.1,32,0.03,0.02
multimodal_psd-fc-wpli_gated_cnn,15,sub24,sub01;sub05;sub07;sub08;sub09;sub10;sub11;sub13;sub14;sub15;sub16;sub17;sub18;sub20;sub22;sub28;sub29,sub27,94,0.000463254313217476,0.0003839276032522321,0.002,1e-05,1.0,1.0,False,False,multimodal,psd-fc-wpli,gated,cnn,True,finetune,segssl_barlow_all-patient_psd-fc-wpli_finetune_seed13_pre20_proj32_mask0_03_noise0_02_mlp1_0_sup100,True,barlow,psd,all-patient,True,13,1.0,0.1,32,0.03,0.02
multimodal_psd-fc-wpli_gated_cnn,15,sub24,sub01;sub05;sub07;sub08;sub09;sub10;sub11;sub13;sub14;sub15;sub16;sub17;sub18;sub20;sub22;sub28;sub29,sub27,95,0.0004526096163317561,0.0003798729449044913,0.002,1e-05,1.0,1.0,False,False,multimodal,psd-fc-wpli,gated,cnn,True,finetune,segssl_barlow_all-patient_psd-fc-wpli_finetune_seed13_pre20_proj32_mask0_03_noise0_02_mlp1_0_sup100,True,barlow,psd,all-patient,True,13,1.0,0.1,32,0.03,0.02
multimodal_psd-fc-wpli_gated_cnn,15,sub24,sub01;sub05;sub07;sub08;sub09;sub10;sub11;sub13;sub14;sub15;sub16;sub17;sub18;sub20;sub22;sub28;sub29,sub27,96,0.00044254009844735265,0.0003755797806661576,0.002,1e-05,1.0,1.0,False,False,multimodal,psd-fc-wpli,gated,cnn,True,finetune,segssl_barlow_all-patient_psd-fc-wpli_finetune_seed13_pre20_proj32_mask0_03_noise0_02_mlp1_0_sup100,True,barlow,psd,all-patient,True,13,1.0,0.1,32,0.03,0.02
multimodal_psd-fc-wpli_gated_cnn,15,sub24,sub01;sub05;sub07;sub08;sub09;sub10;sub11;sub13;sub14;sub15;sub16;sub17;sub18;sub20;sub22;sub28;sub29,sub27,97,0.00043296930380165577,0.00037092887214384973,0.002,1e-05,1.0,1.0,True,False,multimodal,psd-fc-wpli,gated,cnn,True,finetune,segssl_barlow_all-patient_psd-fc-wpli_finetune_seed13_pre20_proj32_mask0_03_noise0_02_mlp1_0_sup100,True,barlow,psd,all-patient,True,13,1.0,0.1,32,0.03,0.02
multimodal_psd-fc-wpli_gated_cnn,15,sub24,sub01;sub05;sub07;sub08;sub09;sub10;sub11;sub13;sub14;sub15;sub16;sub17;sub18;sub20;sub22;sub28;sub29,sub27,98,0.000423825898906216,0.00036603951593860984,0.002,1e-05,1.0,1.0,True,False,multimodal,psd-fc-wpli,gated,cnn,True,finetune,segssl_barlow_all-patient_psd-fc-wpli_finetune_seed13_pre20_proj32_mask0_03_noise0_02_mlp1_0_sup100,True,barlow,psd,all-patient,True,13,1.0,0.1,32,0.03,0.02
multimodal_psd-fc-wpli_gated_cnn,15,sub24,sub01;sub05;sub07;sub08;sub09;sub10;sub11;sub13;sub14;sub15;sub16;sub17;sub18;sub20;sub22;sub28;sub29,sub27,99,0.0004151372122578323,0.000360911653842777,0.002,1e-05,1.0,1.0,True,False,multimodal,psd-fc-wpli,gated,cnn,True,finetune,segssl_barlow_all-patient_psd-fc-wpli_finetune_seed13_pre20_proj32_mask0_03_noise0_02_mlp1_0_sup100,True,barlow,psd,all-patient,True,13,1.0,0.1,32,0.03,0.02
multimodal_psd-fc-wpli_gated_cnn,15,sub24,sub01;sub05;sub07;sub08;sub09;sub10;sub11;sub13;sub14;sub15;sub16;sub17;sub18;sub20;sub22;sub28;sub29,sub27,100,0.0004068153502885252,0.0003557837917469442,0.002,1e-05,1.0,1.0,True,False,multimodal,psd-fc-wpli,gated,cnn,True,finetune,segssl_barlow_all-patient_psd-fc-wpli_finetune_seed13_pre20_proj32_mask0_03_noise0_02_mlp1_0_sup100,True,barlow,psd,all-patient,True,13,1.0,0.1,32,0.03,0.02
multimodal_psd-fc-wpli_gated_cnn,16,sub27,sub01;sub05;sub07;sub08;sub09;sub10;sub11;sub13;sub14;sub15;sub16;sub17;sub18;sub20;sub22;sub24;sub29,sub28,1,0.6878117918968201,0.7643965482711792,0.002,1e-05,1.0,1.0,True,False,multimodal,psd-fc-wpli,gated,cnn,True,finetune,segssl_barlow_all-patient_psd-fc-wpli_finetune_seed13_pre20_proj32_mask0_03_noise0_02_mlp1_0_sup100,True,barlow,psd,all-patient,True,13,1.0,0.1,32,0.03,0.02
multimodal_psd-fc-wpli_gated_cnn,16,sub27,sub01;sub05;sub07;sub08;sub09;sub10;sub11;sub13;sub14;sub15;sub16;sub17;sub18;sub20;sub22;sub24;sub29,sub28,2,0.679923951625824,0.7529174089431763,0.002,1e-05,1.0,1.0,True,False,multimodal,psd-fc-wpli,gated,cnn,True,finetune,segssl_barlow_all-patient_psd-fc-wpli_finetune_seed13_pre20_proj32_mask0_03_noise0_02_mlp1_0_sup100,True,barlow,psd,all-patient,True,13,1.0,0.1,32,0.03,0.02
multimodal_psd-fc-wpli_gated_cnn,16,sub27,sub01;sub05;sub07;sub08;sub09;sub10;sub11;sub13;sub14;sub15;sub16;sub17;sub18;sub20;sub22;sub24;sub29,sub28,3,0.6724107265472412,0.7438238263130188,0.002,1e-05,1.0,1.0,True,False,multimodal,psd-fc-wpli,gated,cnn,True,finetune,segssl_barlow_all-patient_psd-fc-wpli_finetune_seed13_pre20_proj32_mask0_03_noise0_02_mlp1_0_sup100,True,barlow,psd,all-patient,True,13,1.0,0.1,32,0.03,0.02
multimodal_psd-fc-wpli_gated_cnn,16,sub27,sub01;sub05;sub07;sub08;sub09;sub10;sub11;sub13;sub14;sub15;sub16;sub17;sub18;sub20;sub22;sub24;sub29,sub28,4,0.6649215817451477,0.7427666187286377,0.002,1e-05,1.0,1.0,True,False,multimodal,psd-fc-wpli,gated,cnn,True,finetune,segssl_barlow_all-patient_psd-fc-wpli_finetune_seed13_pre20_proj32_mask0_03_noise0_02_mlp1_0_sup100,True,barlow,psd,all-patient,True,13,1.0,0.1,32,0.03,0.02
multimodal_psd-fc-wpli_gated_cnn,16,sub27,sub01;sub05;sub07;sub08;sub09;sub10;sub11;sub13;sub14;sub15;sub16;sub17;sub18;sub20;sub22;sub24;sub29,sub28,5,0.6568885445594788,0.7507311701774597,0.002,1e-05,1.0,1.0,False,False,multimodal,psd-fc-wpli,gated,cnn,True,finetune,segssl_barlow_all-patient_psd-fc-wpli_finetune_seed13_pre20_proj32_mask0_03_noise0_02_mlp1_0_sup100,True,barlow,psd,all-patient,True,13,1.0,0.1,32,0.03,0.02
multimodal_psd-fc-wpli_gated_cnn,16,sub27,sub01;sub05;sub07;sub08;sub09;sub10;sub11;sub13;sub14;sub15;sub16;sub17;sub18;sub20;sub22;sub24;sub29,sub28,6,0.6480271816253662,0.7676621675491333,0.002,1e-05,1.0,1.0,False,False,multimodal,psd-fc-wpli,gated,cnn,True,finetune,segssl_barlow_all-patient_psd-fc-wpli_finetune_seed13_pre20_proj32_mask0_03_noise0_02_mlp1_0_sup100,True,barlow,psd,all-patient,True,13,1.0,0.1,32,0.03,0.02
multimodal_psd-fc-wpli_gated_cnn,16,sub27,sub01;sub05;sub07;sub08;sub09;sub10;sub11;sub13;sub14;sub15;sub16;sub17;sub18;sub20;sub22;sub24;sub29,sub28,7,0.63823401927948,0.7947425842285156,0.002,1e-05,1.0,1.0,False,False,multimodal,psd-fc-wpli,gated,cnn,True,finetune,segssl_barlow_all-patient_psd-fc-wpli_finetune_seed13_pre20_proj32_mask0_03_noise0_02_mlp1_0_sup100,True,barlow,psd,all-patient,True,13,1.0,0.1,32,0.03,0.02
multimodal_psd-fc-wpli_gated_cnn,16,sub27,sub01;sub05;sub07;sub08;sub09;sub10;sub11;sub13;sub14;sub15;sub16;sub17;sub18;sub20;sub22;sub24;sub29,sub28,8,0.6274718046188354,0.8326136469841003,0.002,1e-05,1.0,1.0,False,False,multimodal,psd-fc-wpli,gated,cnn,True,finetune,segssl_barlow_all-patient_psd-fc-wpli_finetune_seed13_pre20_proj32_mask0_03_noise0_02_mlp1_0_sup100,True,barlow,psd,all-patient,True,13,1.0,0.1,32,0.03,0.02
multimodal_psd-fc-wpli_gated_cnn,16,sub27,sub01;sub05;sub07;sub08;sub09;sub10;sub11;sub13;sub14;sub15;sub16;sub17;sub18;sub20;sub22;sub24;sub29,sub28,9,0.6156636476516724,0.881893515586853,0.002,1e-05,1.0,1.0,False,False,multimodal,psd-fc-wpli,gated,cnn,True,finetune,segssl_barlow_all-patient_psd-fc-wpli_finetune_seed13_pre20_proj32_mask0_03_noise0_02_mlp1_0_sup100,True,barlow,psd,all-patient,True,13,1.0,0.1,32,0.03,0.02
multimodal_psd-fc-wpli_gated_cnn,16,sub27,sub01;sub05;sub07;sub08;sub09;sub10;sub11;sub13;sub14;sub15;sub16;sub17;sub18;sub20;sub22;sub24;sub29,sub28,10,0.6030003428459167,0.9417058825492859,0.002,1e-05,1.0,1.0,False,False,multimodal,psd-fc-wpli,gated,cnn,True,finetune,segssl_barlow_all-patient_psd-fc-wpli_finetune_seed13_pre20_proj32_mask0_03_noise0_02_mlp1_0_sup100,True,barlow,psd,all-patient,True,13,1.0,0.1,32,0.03,0.02
multimodal_psd-fc-wpli_gated_cnn,16,sub27,sub01;sub05;sub07;sub08;sub09;sub10;sub11;sub13;sub14;sub15;sub16;sub17;sub18;sub20;sub22;sub24;sub29,sub28,11,0.5891631841659546,1.0144846439361572,0.002,1e-05,1.0,1.0,False,False,multimodal,psd-fc-wpli,gated,cnn,True,finetune,segssl_barlow_all-patient_psd-fc-wpli_finetune_seed13_pre20_proj32_mask0_03_noise0_02_mlp1_0_sup100,True,barlow,psd,all-patient,True,13,1.0,0.1,32,0.03,0.02
multimodal_psd-fc-wpli_gated_cnn,16,sub27,sub01;sub05;sub07;sub08;sub09;sub10;sub11;sub13;sub14;sub15;sub16;sub17;sub18;sub20;sub22;sub24;sub29,sub28,12,0.5740972757339478,1.1047024726867676,0.002,1e-05,1.0,1.0,False,False,multimodal,psd-fc-wpli,gated,cnn,True,finetune,segssl_barlow_all-patient_psd-fc-wpli_finetune_seed13_pre20_proj32_mask0_03_noise0_02_mlp1_0_sup100,True,barlow,psd,all-patient,True,13,1.0,0.1,32,0.03,0.02
multimodal_psd-fc-wpli_gated_cnn,16,sub27,sub01;sub05;sub07;sub08;sub09;sub10;sub11;sub13;sub14;sub15;sub16;sub17;sub18;sub20;sub22;sub24;sub29,sub28,13,0.5577498078346252,1.2105739116668701,0.002,1e-05,1.0,1.0,False,False,multimodal,psd-fc-wpli,gated,cnn,True,finetune,segssl_barlow_all-patient_psd-fc-wpli_finetune_seed13_pre20_proj32_mask0_03_noise0_02_mlp1_0_sup100,True,barlow,psd,all-patient,True,13,1.0,0.1,32,0.03,0.02
multimodal_psd-fc-wpli_gated_cnn,16,sub27,sub01;sub05;sub07;sub08;sub09;sub10;sub11;sub13;sub14;sub15;sub16;sub17;sub18;sub20;sub22;sub24;sub29,sub28,14,0.5402217507362366,1.3395516872406006,0.002,1e-05,1.0,1.0,False,False,multimodal,psd-fc-wpli,gated,cnn,True,finetune,segssl_barlow_all-patient_psd-fc-wpli_finetune_seed13_pre20_proj32_mask0_03_noise0_02_mlp1_0_sup100,True,barlow,psd,all-patient,True,13,1.0,0.1,32,0.03,0.02
multimodal_psd-fc-wpli_gated_cnn,16,sub27,sub01;sub05;sub07;sub08;sub09;sub10;sub11;sub13;sub14;sub15;sub16;sub17;sub18;sub20;sub22;sub24;sub29,sub28,15,0.5215491056442261,1.4960503578186035,0.002,1e-05,1.0,1.0,False,False,multimodal,psd-fc-wpli,gated,cnn,True,finetune,segssl_barlow_all-patient_psd-fc-wpli_finetune_seed13_pre20_proj32_mask0_03_noise0_02_mlp1_0_sup100,True,barlow,psd,all-patient,True,13,1.0,0.1,32,0.03,0.02
multimodal_psd-fc-wpli_gated_cnn,16,sub27,sub01;sub05;sub07;sub08;sub09;sub10;sub11;sub13;sub14;sub15;sub16;sub17;sub18;sub20;sub22;sub24;sub29,sub28,16,0.5016610622406006,1.6685131788253784,0.002,1e-05,1.0,1.0,False,False,multimodal,psd-fc-wpli,gated,cnn,True,finetune,segssl_barlow_all-patient_psd-fc-wpli_finetune_seed13_pre20_proj32_mask0_03_noise0_02_mlp1_0_sup100,True,barlow,psd,all-patient,True,13,1.0,0.1,32,0.03,0.02
multimodal_psd-fc-wpli_gated_cnn,16,sub27,sub01;sub05;sub07;sub08;sub09;sub10;sub11;sub13;sub14;sub15;sub16;sub17;sub18;sub20;sub22;sub24;sub29,sub28,17,0.4805435836315155,1.8449841737747192,0.002,1e-05,1.0,1.0,False,False,multimodal,psd-fc-wpli,gated,cnn,True,finetune,segssl_barlow_all-patient_psd-fc-wpli_finetune_seed13_pre20_proj32_mask0_03_noise0_02_mlp1_0_sup100,True,barlow,psd,all-patient,True,13,1.0,0.1,32,0.03,0.02
multimodal_psd-fc-wpli_gated_cnn,16,sub27,sub01;sub05;sub07;sub08;sub09;sub10;sub11;sub13;sub14;sub15;sub16;sub17;sub18;sub20;sub22;sub24;sub29,sub28,18,0.4581168591976166,2.005859375,0.002,1e-05,1.0,1.0,False,False,multimodal,psd-fc-wpli,gated,cnn,True,finetune,segssl_barlow_all-patient_psd-fc-wpli_finetune_seed13_pre20_proj32_mask0_03_noise0_02_mlp1_0_sup100,True,barlow,psd,all-patient,True,13,1.0,0.1,32,0.03,0.02
multimodal_psd-fc-wpli_gated_cnn,16,sub27,sub01;sub05;sub07;sub08;sub09;sub10;sub11;sub13;sub14;sub15;sub16;sub17;sub18;sub20;sub22;sub24;sub29,sub28,19,0.4346373975276947,2.143980026245117,0.002,1e-05,1.0,1.0,False,False,multimodal,psd-fc-wpli,gated,cnn,True,finetune,segssl_barlow_all-patient_psd-fc-wpli_finetune_seed13_pre20_proj32_mask0_03_noise0_02_mlp1_0_sup100,True,barlow,psd,all-patient,True,13,1.0,0.1,32,0.03,0.02
multimodal_psd-fc-wpli_gated_cnn,16,sub27,sub01;sub05;sub07;sub08;sub09;sub10;sub11;sub13;sub14;sub15;sub16;sub17;sub18;sub20;sub22;sub24;sub29,sub28,20,0.4101787209510803,2.2354471683502197,0.002,1e-05,1.0,1.0,False,False,multimodal,psd-fc-wpli,gated,cnn,True,finetune,segssl_barlow_all-patient_psd-fc-wpli_finetune_seed13_pre20_proj32_mask0_03_noise0_02_mlp1_0_sup100,True,barlow,psd,all-patient,True,13,1.0,0.1,32,0.03,0.02
multimodal_psd-fc-wpli_gated_cnn,16,sub27,sub01;sub05;sub07;sub08;sub09;sub10;sub11;sub13;sub14;sub15;sub16;sub17;sub18;sub20;sub22;sub24;sub29,sub28,21,0.38470250368118286,2.2756314277648926,0.002,1e-05,1.0,1.0,False,False,multimodal,psd-fc-wpli,gated,cnn,True,finetune,segssl_barlow_all-patient_psd-fc-wpli_finetune_seed13_pre20_proj32_mask0_03_noise0_02_mlp1_0_sup100,True,barlow,psd,all-patient,True,13,1.0,0.1,32,0.03,0.02
multimodal_psd-fc-wpli_gated_cnn,16,sub27,sub01;sub05;sub07;sub08;sub09;sub10;sub11;sub13;sub14;sub15;sub16;sub17;sub18;sub20;sub22;sub24;sub29,sub28,22,0.35833847522735596,2.2605607509613037,0.002,1e-05,1.0,1.0,False,False,multimodal,psd-fc-wpli,gated,cnn,True,finetune,segssl_barlow_all-patient_psd-fc-wpli_finetune_seed13_pre20_proj32_mask0_03_noise0_02_mlp1_0_sup100,True,barlow,psd,all-patient,True,13,1.0,0.1,32,0.03,0.02
multimodal_psd-fc-wpli_gated_cnn,16,sub27,sub01;sub05;sub07;sub08;sub09;sub10;sub11;sub13;sub14;sub15;sub16;sub17;sub18;sub20;sub22;sub24;sub29,sub28,23,0.33126044273376465,2.194611072540283,0.002,1e-05,1.0,1.0,False,False,multimodal,psd-fc-wpli,gated,cnn,True,finetune,segssl_barlow_all-patient_psd-fc-wpli_finetune_seed13_pre20_proj32_mask0_03_noise0_02_mlp1_0_sup100,True,barlow,psd,all-patient,True,13,1.0,0.1,32,0.03,0.02
multimodal_psd-fc-wpli_gated_cnn,16,sub27,sub01;sub05;sub07;sub08;sub09;sub10;sub11;sub13;sub14;sub15;sub16;sub17;sub18;sub20;sub22;sub24;sub29,sub28,24,0.3036945164203644,2.1005163192749023,0.002,1e-05,1.0,1.0,False,False,multimodal,psd-fc-wpli,gated,cnn,True,finetune,segssl_barlow_all-patient_psd-fc-wpli_finetune_seed13_pre20_proj32_mask0_03_noise0_02_mlp1_0_sup100,True,barlow,psd,all-patient,True,13,1.0,0.1,32,0.03,0.02
multimodal_psd-fc-wpli_gated_cnn,16,sub27,sub01;sub05;sub07;sub08;sub09;sub10;sub11;sub13;sub14;sub15;sub16;sub17;sub18;sub20;sub22;sub24;sub29,sub28,25,0.2762097120285034,2.028862714767456,0.002,1e-05,1.0,1.0,False,False,multimodal,psd-fc-wpli,gated,cnn,True,finetune,segssl_barlow_all-patient_psd-fc-wpli_finetune_seed13_pre20_proj32_mask0_03_noise0_02_mlp1_0_sup100,True,barlow,psd,all-patient,True,13,1.0,0.1,32,0.03,0.02
multimodal_psd-fc-wpli_gated_cnn,16,sub27,sub01;sub05;sub07;sub08;sub09;sub10;sub11;sub13;sub14;sub15;sub16;sub17;sub18;sub20;sub22;sub24;sub29,sub28,26,0.2489449828863144,1.9827871322631836,0.002,1e-05,1.0,1.0,False,False,multimodal,psd-fc-wpli,gated,cnn,True,finetune,segssl_barlow_all-patient_psd-fc-wpli_finetune_seed13_pre20_proj32_mask0_03_noise0_02_mlp1_0_sup100,True,barlow,psd,all-patient,True,13,1.0,0.1,32,0.03,0.02
multimodal_psd-fc-wpli_gated_cnn,16,sub27,sub01;sub05;sub07;sub08;sub09;sub10;sub11;sub13;sub14;sub15;sub16;sub17;sub18;sub20;sub22;sub24;sub29,sub28,27,0.22227005660533905,1.9382803440093994,0.002,1e-05,1.0,1.0,False,False,multimodal,psd-fc-wpli,gated,cnn,True,finetune,segssl_barlow_all-patient_psd-fc-wpli_finetune_seed13_pre20_proj32_mask0_03_noise0_02_mlp1_0_sup100,True,barlow,psd,all-patient,True,13,1.0,0.1,32,0.03,0.02
multimodal_psd-fc-wpli_gated_cnn,16,sub27,sub01;sub05;sub07;sub08;sub09;sub10;sub11;sub13;sub14;sub15;sub16;sub17;sub18;sub20;sub22;sub24;sub29,sub28,28,0.19673217833042145,1.8382964134216309,0.002,1e-05,1.0,1.0,False,False,multimodal,psd-fc-wpli,gated,cnn,True,finetune,segssl_barlow_all-patient_psd-fc-wpli_finetune_seed13_pre20_proj32_mask0_03_noise0_02_mlp1_0_sup100,True,barlow,psd,all-patient,True,13,1.0,0.1,32,0.03,0.02
multimodal_psd-fc-wpli_gated_cnn,16,sub27,sub01;sub05;sub07;sub08;sub09;sub10;sub11;sub13;sub14;sub15;sub16;sub17;sub18;sub20;sub22;sub24;sub29,sub28,29,0.17283643782138824,1.6881166696548462,0.002,1e-05,1.0,1.0,False,False,multimodal,psd-fc-wpli,gated,cnn,True,finetune,segssl_barlow_all-patient_psd-fc-wpli_finetune_seed13_pre20_proj32_mask0_03_noise0_02_mlp1_0_sup100,True,barlow,psd,all-patient,True,13,1.0,0.1,32,0.03,0.02
multimodal_psd-fc-wpli_gated_cnn,16,sub27,sub01;sub05;sub07;sub08;sub09;sub10;sub11;sub13;sub14;sub15;sub16;sub17;sub18;sub20;sub22;sub24;sub29,sub28,30,0.1508004516363144,1.5051114559173584,0.002,1e-05,1.0,1.0,False,False,multimodal,psd-fc-wpli,gated,cnn,True,finetune,segssl_barlow_all-patient_psd-fc-wpli_finetune_seed13_pre20_proj32_mask0_03_noise0_02_mlp1_0_sup100,True,barlow,psd,all-patient,True,13,1.0,0.1,32,0.03,0.02
multimodal_psd-fc-wpli_gated_cnn,16,sub27,sub01;sub05;sub07;sub08;sub09;sub10;sub11;sub13;sub14;sub15;sub16;sub17;sub18;sub20;sub22;sub24;sub29,sub28,31,0.1306953728199005,1.3362764120101929,0.002,1e-05,1.0,1.0,False,False,multimodal,psd-fc-wpli,gated,cnn,True,finetune,segssl_barlow_all-patient_psd-fc-wpli_finetune_seed13_pre20_proj32_mask0_03_noise0_02_mlp1_0_sup100,True,barlow,psd,all-patient,True,13,1.0,0.1,32,0.03,0.02
multimodal_psd-fc-wpli_gated_cnn,16,sub27,sub01;sub05;sub07;sub08;sub09;sub10;sub11;sub13;sub14;sub15;sub16;sub17;sub18;sub20;sub22;sub24;sub29,sub28,32,0.1124768853187561,1.2363852262496948,0.002,1e-05,1.0,1.0,False,False,multimodal,psd-fc-wpli,gated,cnn,True,finetune,segssl_barlow_all-patient_psd-fc-wpli_finetune_seed13_pre20_proj32_mask0_03_noise0_02_mlp1_0_sup100,True,barlow,psd,all-patient,True,13,1.0,0.1,32,0.03,0.02
multimodal_psd-fc-wpli_gated_cnn,16,sub27,sub01;sub05;sub07;sub08;sub09;sub10;sub11;sub13;sub14;sub15;sub16;sub17;sub18;sub20;sub22;sub24;sub29,sub28,33,0.09596654772758484,1.194606900215149,0.002,1e-05,1.0,1.0,False,False,multimodal,psd-fc-wpli,gated,cnn,True,finetune,segssl_barlow_all-patient_psd-fc-wpli_finetune_seed13_pre20_proj32_mask0_03_noise0_02_mlp1_0_sup100,True,barlow,psd,all-patient,True,13,1.0,0.1,32,0.03,0.02
multimodal_psd-fc-wpli_gated_cnn,16,sub27,sub01;sub05;sub07;sub08;sub09;sub10;sub11;sub13;sub14;sub15;sub16;sub17;sub18;sub20;sub22;sub24;sub29,sub28,34,0.08121171593666077,1.1914275884628296,0.002,1e-05,1.0,1.0,False,False,multimodal,psd-fc-wpli,gated,cnn,True,finetune,segssl_barlow_all-patient_psd-fc-wpli_finetune_seed13_pre20_proj32_mask0_03_noise0_02_mlp1_0_sup100,True,barlow,psd,all-patient,True,13,1.0,0.1,32,0.03,0.02
multimodal_psd-fc-wpli_gated_cnn,16,sub27,sub01;sub05;sub07;sub08;sub09;sub10;sub11;sub13;sub14;sub15;sub16;sub17;sub18;sub20;sub22;sub24;sub29,sub28,35,0.06835457682609558,1.1734644174575806,0.002,1e-05,1.0,1.0,False,False,multimodal,psd-fc-wpli,gated,cnn,True,finetune,segssl_barlow_all-patient_psd-fc-wpli_finetune_seed13_pre20_proj32_mask0_03_noise0_02_mlp1_0_sup100,True,barlow,psd,all-patient,True,13,1.0,0.1,32,0.03,0.02
multimodal_psd-fc-wpli_gated_cnn,16,sub27,sub01;sub05;sub07;sub08;sub09;sub10;sub11;sub13;sub14;sub15;sub16;sub17;sub18;sub20;sub22;sub24;sub29,sub28,36,0.057252250611782074,1.1193368434906006,0.002,1e-05,1.0,1.0,False,False,multimodal,psd-fc-wpli,gated,cnn,True,finetune,segssl_barlow_all-patient_psd-fc-wpli_finetune_seed13_pre20_proj32_mask0_03_noise0_02_mlp1_0_sup100,True,barlow,psd,all-patient,True,13,1.0,0.1,32,0.03,0.02
multimodal_psd-fc-wpli_gated_cnn,16,sub27,sub01;sub05;sub07;sub08;sub09;sub10;sub11;sub13;sub14;sub15;sub16;sub17;sub18;sub20;sub22;sub24;sub29,sub28,37,0.04772277548909187,1.0784680843353271,0.002,1e-05,1.0,1.0,False,False,multimodal,psd-fc-wpli,gated,cnn,True,finetune,segssl_barlow_all-patient_psd-fc-wpli_finetune_seed13_pre20_proj32_mask0_03_noise0_02_mlp1_0_sup100,True,barlow,psd,all-patient,True,13,1.0,0.1,32,0.03,0.02
multimodal_psd-fc-wpli_gated_cnn,16,sub27,sub01;sub05;sub07;sub08;sub09;sub10;sub11;sub13;sub14;sub15;sub16;sub17;sub18;sub20;sub22;sub24;sub29,sub28,38,0.039680641144514084,1.0393389463424683,0.002,1e-05,1.0,1.0,False,False,multimodal,psd-fc-wpli,gated,cnn,True,finetune,segssl_barlow_all-patient_psd-fc-wpli_finetune_seed13_pre20_proj32_mask0_03_noise0_02_mlp1_0_sup100,True,barlow,psd,all-patient,True,13,1.0,0.1,32,0.03,0.02
multimodal_psd-fc-wpli_gated_cnn,16,sub27,sub01;sub05;sub07;sub08;sub09;sub10;sub11;sub13;sub14;sub15;sub16;sub17;sub18;sub20;sub22;sub24;sub29,sub28,39,0.03302071616053581,0.9655612707138062,0.002,1e-05,1.0,1.0,False,False,multimodal,psd-fc-wpli,gated,cnn,True,finetune,segssl_barlow_all-patient_psd-fc-wpli_finetune_seed13_pre20_proj32_mask0_03_noise0_02_mlp1_0_sup100,True,barlow,psd,all-patient,True,13,1.0,0.1,32,0.03,0.02
multimodal_psd-fc-wpli_gated_cnn,16,sub27,sub01;sub05;sub07;sub08;sub09;sub10;sub11;sub13;sub14;sub15;sub16;sub17;sub18;sub20;sub22;sub24;sub29,sub28,40,0.027513157576322556,0.8298465013504028,0.002,1e-05,1.0,1.0,False,False,multimodal,psd-fc-wpli,gated,cnn,True,finetune,segssl_barlow_all-patient_psd-fc-wpli_finetune_seed13_pre20_proj32_mask0_03_noise0_02_mlp1_0_sup100,True,barlow,psd,all-patient,True,13,1.0,0.1,32,0.03,0.02
multimodal_psd-fc-wpli_gated_cnn,16,sub27,sub01;sub05;sub07;sub08;sub09;sub10;sub11;sub13;sub14;sub15;sub16;sub17;sub18;sub20;sub22;sub24;sub29,sub28,41,0.02287576161324978,0.6345484256744385,0.002,1e-05,1.0,1.0,True,False,multimodal,psd-fc-wpli,gated,cnn,True,finetune,segssl_barlow_all-patient_psd-fc-wpli_finetune_seed13_pre20_proj32_mask0_03_noise0_02_mlp1_0_sup100,True,barlow,psd,all-patient,True,13,1.0,0.1,32,0.03,0.02
multimodal_psd-fc-wpli_gated_cnn,16,sub27,sub01;sub05;sub07;sub08;sub09;sub10;sub11;sub13;sub14;sub15;sub16;sub17;sub18;sub20;sub22;sub24;sub29,sub28,42,0.01900165155529976,0.44991618394851685,0.002,1e-05,1.0,1.0,True,False,multimodal,psd-fc-wpli,gated,cnn,True,finetune,segssl_barlow_all-patient_psd-fc-wpli_finetune_seed13_pre20_proj32_mask0_03_noise0_02_mlp1_0_sup100,True,barlow,psd,all-patient,True,13,1.0,0.1,32,0.03,0.02
multimodal_psd-fc-wpli_gated_cnn,16,sub27,sub01;sub05;sub07;sub08;sub09;sub10;sub11;sub13;sub14;sub15;sub16;sub17;sub18;sub20;sub22;sub24;sub29,sub28,43,0.015860406681895256,0.3176250457763672,0.002,1e-05,1.0,1.0,True,False,multimodal,psd-fc-wpli,gated,cnn,True,finetune,segssl_barlow_all-patient_psd-fc-wpli_finetune_seed13_pre20_proj32_mask0_03_noise0_02_mlp1_0_sup100,True,barlow,psd,all-patient,True,13,1.0,0.1,32,0.03,0.02
multimodal_psd-fc-wpli_gated_cnn,16,sub27,sub01;sub05;sub07;sub08;sub09;sub10;sub11;sub13;sub14;sub15;sub16;sub17;sub18;sub20;sub22;sub24;sub29,sub28,44,0.013273531571030617,0.22771626710891724,0.002,1e-05,1.0,1.0,True,False,multimodal,psd-fc-wpli,gated,cnn,True,finetune,segssl_barlow_all-patient_psd-fc-wpli_finetune_seed13_pre20_proj32_mask0_03_noise0_02_mlp1_0_sup100,True,barlow,psd,all-patient,True,13,1.0,0.1,32,0.03,0.02
multimodal_psd-fc-wpli_gated_cnn,16,sub27,sub01;sub05;sub07;sub08;sub09;sub10;sub11;sub13;sub14;sub15;sub16;sub17;sub18;sub20;sub22;sub24;sub29,sub28,45,0.01113488245755434,0.1635170429944992,0.002,1e-05,1.0,1.0,True,False,multimodal,psd-fc-wpli,gated,cnn,True,finetune,segssl_barlow_all-patient_psd-fc-wpli_finetune_seed13_pre20_proj32_mask0_03_noise0_02_mlp1_0_sup100,True,barlow,psd,all-patient,True,13,1.0,0.1,32,0.03,0.02
multimodal_psd-fc-wpli_gated_cnn,16,sub27,sub01;sub05;sub07;sub08;sub09;sub10;sub11;sub13;sub14;sub15;sub16;sub17;sub18;sub20;sub22;sub24;sub29,sub28,46,0.009370215237140656,0.11504890024662018,0.002,1e-05,1.0,1.0,True,False,multimodal,psd-fc-wpli,gated,cnn,True,finetune,segssl_barlow_all-patient_psd-fc-wpli_finetune_seed13_pre20_proj32_mask0_03_noise0_02_mlp1_0_sup100,True,barlow,psd,all-patient,True,13,1.0,0.1,32,0.03,0.02
multimodal_psd-fc-wpli_gated_cnn,16,sub27,sub01;sub05;sub07;sub08;sub09;sub10;sub11;sub13;sub14;sub15;sub16;sub17;sub18;sub20;sub22;sub24;sub29,sub28,47,0.007924141362309456,0.07940241694450378,0.002,1e-05,1.0,1.0,True,False,multimodal,psd-fc-wpli,gated,cnn,True,finetune,segssl_barlow_all-patient_psd-fc-wpli_finetune_seed13_pre20_proj32_mask0_03_noise0_02_mlp1_0_sup100,True,barlow,psd,all-patient,True,13,1.0,0.1,32,0.03,0.02
multimodal_psd-fc-wpli_gated_cnn,16,sub27,sub01;sub05;sub07;sub08;sub09;sub10;sub11;sub13;sub14;sub15;sub16;sub17;sub18;sub20;sub22;sub24;sub29,sub28,48,0.006744603160768747,0.054612450301647186,0.002,1e-05,1.0,1.0,True,False,multimodal,psd-fc-wpli,gated,cnn,True,finetune,segssl_barlow_all-patient_psd-fc-wpli_finetune_seed13_pre20_proj32_mask0_03_noise0_02_mlp1_0_sup100,True,barlow,psd,all-patient,True,13,1.0,0.1,32,0.03,0.02
multimodal_psd-fc-wpli_gated_cnn,16,sub27,sub01;sub05;sub07;sub08;sub09;sub10;sub11;sub13;sub14;sub15;sub16;sub17;sub18;sub20;sub22;sub24;sub29,sub28,49,0.005785305518656969,0.03750258684158325,0.002,1e-05,1.0,1.0,True,False,multimodal,psd-fc-wpli,gated,cnn,True,finetune,segssl_barlow_all-patient_psd-fc-wpli_finetune_seed13_pre20_proj32_mask0_03_noise0_02_mlp1_0_sup100,True,barlow,psd,all-patient,True,13,1.0,0.1,32,0.03,0.02
multimodal_psd-fc-wpli_gated_cnn,16,sub27,sub01;sub05;sub07;sub08;sub09;sub10;sub11;sub13;sub14;sub15;sub16;sub17;sub18;sub20;sub22;sub24;sub29,sub28,50,0.0049935984425246716,0.025972120463848114,0.002,1e-05,1.0,1.0,True,False,multimodal,psd-fc-wpli,gated,cnn,True,finetune,segssl_barlow_all-patient_psd-fc-wpli_finetune_seed13_pre20_proj32_mask0_03_noise0_02_mlp1_0_sup100,True,barlow,psd,all-patient,True,13,1.0,0.1,32,0.03,0.02
multimodal_psd-fc-wpli_gated_cnn,16,sub27,sub01;sub05;sub07;sub08;sub09;sub10;sub11;sub13;sub14;sub15;sub16;sub17;sub18;sub20;sub22;sub24;sub29,sub28,51,0.004339155741035938,0.018840434029698372,0.002,1e-05,1.0,1.0,True,False,multimodal,psd-fc-wpli,gated,cnn,True,finetune,segssl_barlow_all-patient_psd-fc-wpli_finetune_seed13_pre20_proj32_mask0_03_noise0_02_mlp1_0_sup100,True,barlow,psd,all-patient,True,13,1.0,0.1,32,0.03,0.02
multimodal_psd-fc-wpli_gated_cnn,16,sub27,sub01;sub05;sub07;sub08;sub09;sub10;sub11;sub13;sub14;sub15;sub16;sub17;sub18;sub20;sub22;sub24;sub29,sub28,52,0.0037962303031235933,0.014203508384525776,0.002,1e-05,1.0,1.0,True,False,multimodal,psd-fc-wpli,gated,cnn,True,finetune,segssl_barlow_all-patient_psd-fc-wpli_finetune_seed13_pre20_proj32_mask0_03_noise0_02_mlp1_0_sup100,True,barlow,psd,all-patient,True,13,1.0,0.1,32,0.03,0.02
multimodal_psd-fc-wpli_gated_cnn,16,sub27,sub01;sub05;sub07;sub08;sub09;sub10;sub11;sub13;sub14;sub15;sub16;sub17;sub18;sub20;sub22;sub24;sub29,sub28,53,0.0033436960075050592,0.011141565628349781,0.002,1e-05,1.0,1.0,True,False,multimodal,psd-fc-wpli,gated,cnn,True,finetune,segssl_barlow_all-patient_psd-fc-wpli_finetune_seed13_pre20_proj32_mask0_03_noise0_02_mlp1_0_sup100,True,barlow,psd,all-patient,True,13,1.0,0.1,32,0.03,0.02
multimodal_psd-fc-wpli_gated_cnn,16,sub27,sub01;sub05;sub07;sub08;sub09;sub10;sub11;sub13;sub14;sub15;sub16;sub17;sub18;sub20;sub22;sub24;sub29,sub28,54,0.002963418373838067,0.009263372980058193,0.002,1e-05,1.0,1.0,True,False,multimodal,psd-fc-wpli,gated,cnn,True,finetune,segssl_barlow_all-patient_psd-fc-wpli_finetune_seed13_pre20_proj32_mask0_03_noise0_02_mlp1_0_sup100,True,barlow,psd,all-patient,True,13,1.0,0.1,32,0.03,0.02
multimodal_psd-fc-wpli_gated_cnn,16,sub27,sub01;sub05;sub07;sub08;sub09;sub10;sub11;sub13;sub14;sub15;sub16;sub17;sub18;sub20;sub22;sub24;sub29,sub28,55,0.0026440504007041454,0.007902291603386402,0.002,1e-05,1.0,1.0,True,False,multimodal,psd-fc-wpli,gated,cnn,True,finetune,segssl_barlow_all-patient_psd-fc-wpli_finetune_seed13_pre20_proj32_mask0_03_noise0_02_mlp1_0_sup100,True,barlow,psd,all-patient,True,13,1.0,0.1,32,0.03,0.02
multimodal_psd-fc-wpli_gated_cnn,16,sub27,sub01;sub05;sub07;sub08;sub09;sub10;sub11;sub13;sub14;sub15;sub16;sub17;sub18;sub20;sub22;sub24;sub29,sub28,56,0.002373096765950322,0.006860489957034588,0.002,1e-05,1.0,1.0,True,False,multimodal,psd-fc-wpli,gated,cnn,True,finetune,segssl_barlow_all-patient_psd-fc-wpli_finetune_seed13_pre20_proj32_mask0_03_noise0_02_mlp1_0_sup100,True,barlow,psd,all-patient,True,13,1.0,0.1,32,0.03,0.02
multimodal_psd-fc-wpli_gated_cnn,16,sub27,sub01;sub05;sub07;sub08;sub09;sub10;sub11;sub13;sub14;sub15;sub16;sub17;sub18;sub20;sub22;sub24;sub29,sub28,57,0.0021416654344648123,0.0060569122433662415,0.002,1e-05,1.0,1.0,True,False,multimodal,psd-fc-wpli,gated,cnn,True,finetune,segssl_barlow_all-patient_psd-fc-wpli_finetune_seed13_pre20_proj32_mask0_03_noise0_02_mlp1_0_sup100,True,barlow,psd,all-patient,True,13,1.0,0.1,32,0.03,0.02
multimodal_psd-fc-wpli_gated_cnn,16,sub27,sub01;sub05;sub07;sub08;sub09;sub10;sub11;sub13;sub14;sub15;sub16;sub17;sub18;sub20;sub22;sub24;sub29,sub28,58,0.0019428431987762451,0.0054175714030861855,0.002,1e-05,1.0,1.0,True,False,multimodal,psd-fc-wpli,gated,cnn,True,finetune,segssl_barlow_all-patient_psd-fc-wpli_finetune_seed13_pre20_proj32_mask0_03_noise0_02_mlp1_0_sup100,True,barlow,psd,all-patient,True,13,1.0,0.1,32,0.03,0.02
multimodal_psd-fc-wpli_gated_cnn,16,sub27,sub01;sub05;sub07;sub08;sub09;sub10;sub11;sub13;sub14;sub15;sub16;sub17;sub18;sub20;sub22;sub24;sub29,sub28,59,0.0017713025445118546,0.004901181440800428,0.002,1e-05,1.0,1.0,True,False,multimodal,psd-fc-wpli,gated,cnn,True,finetune,segssl_barlow_all-patient_psd-fc-wpli_finetune_seed13_pre20_proj32_mask0_03_noise0_02_mlp1_0_sup100,True,barlow,psd,all-patient,True,13,1.0,0.1,32,0.03,0.02
multimodal_psd-fc-wpli_gated_cnn,16,sub27,sub01;sub05;sub07;sub08;sub09;sub10;sub11;sub13;sub14;sub15;sub16;sub17;sub18;sub20;sub22;sub24;sub29,sub28,60,0.0016226323787122965,0.004472946282476187,0.002,1e-05,1.0,1.0,True,False,multimodal,psd-fc-wpli,gated,cnn,True,finetune,segssl_barlow_all-patient_psd-fc-wpli_finetune_seed13_pre20_proj32_mask0_03_noise0_02_mlp1_0_sup100,True,barlow,psd,all-patient,True,13,1.0,0.1,32,0.03,0.02
multimodal_psd-fc-wpli_gated_cnn,16,sub27,sub01;sub05;sub07;sub08;sub09;sub10;sub11;sub13;sub14;sub15;sub16;sub17;sub18;sub20;sub22;sub24;sub29,sub28,61,0.0014930180041119456,0.004111744463443756,0.002,1e-05,1.0,1.0,True,False,multimodal,psd-fc-wpli,gated,cnn,True,finetune,segssl_barlow_all-patient_psd-fc-wpli_finetune_seed13_pre20_proj32_mask0_03_noise0_02_mlp1_0_sup100,True,barlow,psd,all-patient,True,13,1.0,0.1,32,0.03,0.02
multimodal_psd-fc-wpli_gated_cnn,16,sub27,sub01;sub05;sub07;sub08;sub09;sub10;sub11;sub13;sub14;sub15;sub16;sub17;sub18;sub20;sub22;sub24;sub29,sub28,62,0.0013796206330880523,0.0038019479252398014,0.002,1e-05,1.0,1.0,True,False,multimodal,psd-fc-wpli,gated,cnn,True,finetune,segssl_barlow_all-patient_psd-fc-wpli_finetune_seed13_pre20_proj32_mask0_03_noise0_02_mlp1_0_sup100,True,barlow,psd,all-patient,True,13,1.0,0.1,32,0.03,0.02
multimodal_psd-fc-wpli_gated_cnn,16,sub27,sub01;sub05;sub07;sub08;sub09;sub10;sub11;sub13;sub14;sub15;sub16;sub17;sub18;sub20;sub22;sub24;sub29,sub28,63,0.0012799161486327648,0.003529990091919899,0.002,1e-05,1.0,1.0,True,False,multimodal,psd-fc-wpli,gated,cnn,True,finetune,segssl_barlow_all-patient_psd-fc-wpli_finetune_seed13_pre20_proj32_mask0_03_noise0_02_mlp1_0_sup100,True,barlow,psd,all-patient,True,13,1.0,0.1,32,0.03,0.02
multimodal_psd-fc-wpli_gated_cnn,16,sub27,sub01;sub05;sub07;sub08;sub09;sub10;sub11;sub13;sub14;sub15;sub16;sub17;sub18;sub20;sub22;sub24;sub29,sub28,64,0.0011919967364519835,0.003286929801106453,0.002,1e-05,1.0,1.0,True,False,multimodal,psd-fc-wpli,gated,cnn,True,finetune,segssl_barlow_all-patient_psd-fc-wpli_finetune_seed13_pre20_proj32_mask0_03_noise0_02_mlp1_0_sup100,True,barlow,psd,all-patient,True,13,1.0,0.1,32,0.03,0.02
multimodal_psd-fc-wpli_gated_cnn,16,sub27,sub01;sub05;sub07;sub08;sub09;sub10;sub11;sub13;sub14;sub15;sub16;sub17;sub18;sub20;sub22;sub24;sub29,sub28,65,0.0011141858994960785,0.003064435441046953,0.002,1e-05,1.0,1.0,True,False,multimodal,psd-fc-wpli,gated,cnn,True,finetune,segssl_barlow_all-patient_psd-fc-wpli_finetune_seed13_pre20_proj32_mask0_03_noise0_02_mlp1_0_sup100,True,barlow,psd,all-patient,True,13,1.0,0.1,32,0.03,0.02
multimodal_psd-fc-wpli_gated_cnn,16,sub27,sub01;sub05;sub07;sub08;sub09;sub10;sub11;sub13;sub14;sub15;sub16;sub17;sub18;sub20;sub22;sub24;sub29,sub28,66,0.0010451450943946838,0.0028544235974550247,0.002,1e-05,1.0,1.0,True,False,multimodal,psd-fc-wpli,gated,cnn,True,finetune,segssl_barlow_all-patient_psd-fc-wpli_finetune_seed13_pre20_proj32_mask0_03_noise0_02_mlp1_0_sup100,True,barlow,psd,all-patient,True,13,1.0,0.1,32,0.03,0.02
multimodal_psd-fc-wpli_gated_cnn,16,sub27,sub01;sub05;sub07;sub08;sub09;sub10;sub11;sub13;sub14;sub15;sub16;sub17;sub18;sub20;sub22;sub24;sub29,sub28,67,0.000983535428531468,0.0026556914672255516,0.002,1e-05,1.0,1.0,True,False,multimodal,psd-fc-wpli,gated,cnn,True,finetune,segssl_barlow_all-patient_psd-fc-wpli_finetune_seed13_pre20_proj32_mask0_03_noise0_02_mlp1_0_sup100,True,barlow,psd,all-patient,True,13,1.0,0.1,32,0.03,0.02
multimodal_psd-fc-wpli_gated_cnn,16,sub27,sub01;sub05;sub07;sub08;sub09;sub10;sub11;sub13;sub14;sub15;sub16;sub17;sub18;sub20;sub22;sub24;sub29,sub28,68,0.0009279667283408344,0.002467455342411995,0.002,1e-05,1.0,1.0,True,False,multimodal,psd-fc-wpli,gated,cnn,True,finetune,segssl_barlow_all-patient_psd-fc-wpli_finetune_seed13_pre20_proj32_mask0_03_noise0_02_mlp1_0_sup100,True,barlow,psd,all-patient,True,13,1.0,0.1,32,0.03,0.02
multimodal_psd-fc-wpli_gated_cnn,16,sub27,sub01;sub05;sub07;sub08;sub09;sub10;sub11;sub13;sub14;sub15;sub16;sub17;sub18;sub20;sub22;sub24;sub29,sub28,69,0.0008776376489549875,0.0022892910055816174,0.002,1e-05,1.0,1.0,True,False,multimodal,psd-fc-wpli,gated,cnn,True,finetune,segssl_barlow_all-patient_psd-fc-wpli_finetune_seed13_pre20_proj32_mask0_03_noise0_02_mlp1_0_sup100,True,barlow,psd,all-patient,True,13,1.0,0.1,32,0.03,0.02
multimodal_psd-fc-wpli_gated_cnn,16,sub27,sub01;sub05;sub07;sub08;sub09;sub10;sub11;sub13;sub14;sub15;sub16;sub17;sub18;sub20;sub22;sub24;sub29,sub28,70,0.0008318710024468601,0.002121252939105034,0.002,1e-05,1.0,1.0,True,False,multimodal,psd-fc-wpli,gated,cnn,True,finetune,segssl_barlow_all-patient_psd-fc-wpli_finetune_seed13_pre20_proj32_mask0_03_noise0_02_mlp1_0_sup100,True,barlow,psd,all-patient,True,13,1.0,0.1,32,0.03,0.02
multimodal_psd-fc-wpli_gated_cnn,16,sub27,sub01;sub05;sub07;sub08;sub09;sub10;sub11;sub13;sub14;sub15;sub16;sub17;sub18;sub20;sub22;sub24;sub29,sub28,71,0.0007901478675194085,0.0019636943470686674,0.002,1e-05,1.0,1.0,True,False,multimodal,psd-fc-wpli,gated,cnn,True,finetune,segssl_barlow_all-patient_psd-fc-wpli_finetune_seed13_pre20_proj32_mask0_03_noise0_02_mlp1_0_sup100,True,barlow,psd,all-patient,True,13,1.0,0.1,32,0.03,0.02
multimodal_psd-fc-wpli_gated_cnn,16,sub27,sub01;sub05;sub07;sub08;sub09;sub10;sub11;sub13;sub14;sub15;sub16;sub17;sub18;sub20;sub22;sub24;sub29,sub28,72,0.0007518477505072951,0.001817147945985198,0.002,1e-05,1.0,1.0,True,False,multimodal,psd-fc-wpli,gated,cnn,True,finetune,segssl_barlow_all-patient_psd-fc-wpli_finetune_seed13_pre20_proj32_mask0_03_noise0_02_mlp1_0_sup100,True,barlow,psd,all-patient,True,13,1.0,0.1,32,0.03,0.02
multimodal_psd-fc-wpli_gated_cnn,16,sub27,sub01;sub05;sub07;sub08;sub09;sub10;sub11;sub13;sub14;sub15;sub16;sub17;sub18;sub20;sub22;sub24;sub29,sub28,73,0.0007165797287598252,0.0016808919608592987,0.002,1e-05,1.0,1.0,True,False,multimodal,psd-fc-wpli,gated,cnn,True,finetune,segssl_barlow_all-patient_psd-fc-wpli_finetune_seed13_pre20_proj32_mask0_03_noise0_02_mlp1_0_sup100,True,barlow,psd,all-patient,True,13,1.0,0.1,32,0.03,0.02
multimodal_psd-fc-wpli_gated_cnn,16,sub27,sub01;sub05;sub07;sub08;sub09;sub10;sub11;sub13;sub14;sub15;sub16;sub17;sub18;sub20;sub22;sub24;sub29,sub28,74,0.0006839910056442022,0.0015551613178104162,0.002,1e-05,1.0,1.0,True,False,multimodal,psd-fc-wpli,gated,cnn,True,finetune,segssl_barlow_all-patient_psd-fc-wpli_finetune_seed13_pre20_proj32_mask0_03_noise0_02_mlp1_0_sup100,True,barlow,psd,all-patient,True,13,1.0,0.1,32,0.03,0.02
multimodal_psd-fc-wpli_gated_cnn,16,sub27,sub01;sub05;sub07;sub08;sub09;sub10;sub11;sub13;sub14;sub15;sub16;sub17;sub18;sub20;sub22;sub24;sub29,sub28,75,0.0006538121378980577,0.001440310152247548,0.002,1e-05,1.0,1.0,True,False,multimodal,psd-fc-wpli,gated,cnn,True,finetune,segssl_barlow_all-patient_psd-fc-wpli_finetune_seed13_pre20_proj32_mask0_03_noise0_02_mlp1_0_sup100,True,barlow,psd,all-patient,True,13,1.0,0.1,32,0.03,0.02
multimodal_psd-fc-wpli_gated_cnn,16,sub27,sub01;sub05;sub07;sub08;sub09;sub10;sub11;sub13;sub14;sub15;sub16;sub17;sub18;sub20;sub22;sub24;sub29,sub28,76,0.0006257314234972,0.0013356780400499701,0.002,1e-05,1.0,1.0,True,False,multimodal,psd-fc-wpli,gated,cnn,True,finetune,segssl_barlow_all-patient_psd-fc-wpli_finetune_seed13_pre20_proj32_mask0_03_noise0_02_mlp1_0_sup100,True,barlow,psd,all-patient,True,13,1.0,0.1,32,0.03,0.02
multimodal_psd-fc-wpli_gated_cnn,16,sub27,sub01;sub05;sub07;sub08;sub09;sub10;sub11;sub13;sub14;sub15;sub16;sub17;sub18;sub20;sub22;sub24;sub29,sub28,77,0.0005995116662234068,0.001240426441654563,0.002,1e-05,1.0,1.0,True,False,multimodal,psd-fc-wpli,gated,cnn,True,finetune,segssl_barlow_all-patient_psd-fc-wpli_finetune_seed13_pre20_proj32_mask0_03_noise0_02_mlp1_0_sup100,True,barlow,psd,all-patient,True,13,1.0,0.1,32,0.03,0.02
multimodal_psd-fc-wpli_gated_cnn,16,sub27,sub01;sub05;sub07;sub08;sub09;sub10;sub11;sub13;sub14;sub15;sub16;sub17;sub18;sub20;sub22;sub24;sub29,sub28,78,0.0005749529809691012,0.0011542541906237602,0.002,1e-05,1.0,1.0,True,False,multimodal,psd-fc-wpli,gated,cnn,True,finetune,segssl_barlow_all-patient_psd-fc-wpli_finetune_seed13_pre20_proj32_mask0_03_noise0_02_mlp1_0_sup100,True,barlow,psd,all-patient,True,13,1.0,0.1,32,0.03,0.02
multimodal_psd-fc-wpli_gated_cnn,16,sub27,sub01;sub05;sub07;sub08;sub09;sub10;sub11;sub13;sub14;sub15;sub16;sub17;sub18;sub20;sub22;sub24;sub29,sub28,79,0.0005518934922292829,0.0010763832833617926,0.002,1e-05,1.0,1.0,True,False,multimodal,psd-fc-wpli,gated,cnn,True,finetune,segssl_barlow_all-patient_psd-fc-wpli_finetune_seed13_pre20_proj32_mask0_03_noise0_02_mlp1_0_sup100,True,barlow,psd,all-patient,True,13,1.0,0.1,32,0.03,0.02
multimodal_psd-fc-wpli_gated_cnn,16,sub27,sub01;sub05;sub07;sub08;sub09;sub10;sub11;sub13;sub14;sub15;sub16;sub17;sub18;sub20;sub22;sub24;sub29,sub28,80,0.0005301414639689028,0.0010057379258796573,0.002,1e-05,1.0,1.0,True,False,multimodal,psd-fc-wpli,gated,cnn,True,finetune,segssl_barlow_all-patient_psd-fc-wpli_finetune_seed13_pre20_proj32_mask0_03_noise0_02_mlp1_0_sup100,True,barlow,psd,all-patient,True,13,1.0,0.1,32,0.03,0.02
multimodal_psd-fc-wpli_gated_cnn,16,sub27,sub01;sub05;sub07;sub08;sub09;sub10;sub11;sub13;sub14;sub15;sub16;sub17;sub18;sub20;sub22;sub24;sub29,sub28,81,0.0005096136592328548,0.0009421374415978789,0.002,1e-05,1.0,1.0,True,False,multimodal,psd-fc-wpli,gated,cnn,True,finetune,segssl_barlow_all-patient_psd-fc-wpli_finetune_seed13_pre20_proj32_mask0_03_noise0_02_mlp1_0_sup100,True,barlow,psd,all-patient,True,13,1.0,0.1,32,0.03,0.02
multimodal_psd-fc-wpli_gated_cnn,16,sub27,sub01;sub05;sub07;sub08;sub09;sub10;sub11;sub13;sub14;sub15;sub16;sub17;sub18;sub20;sub22;sub24;sub29,sub28,82,0.0004901573993265629,0.000884745386429131,0.002,1e-05,1.0,1.0,True,False,multimodal,psd-fc-wpli,gated,cnn,True,finetune,segssl_barlow_all-patient_psd-fc-wpli_finetune_seed13_pre20_proj32_mask0_03_noise0_02_mlp1_0_sup100,True,barlow,psd,all-patient,True,13,1.0,0.1,32,0.03,0.02
multimodal_psd-fc-wpli_gated_cnn,16,sub27,sub01;sub05;sub07;sub08;sub09;sub10;sub11;sub13;sub14;sub15;sub16;sub17;sub18;sub20;sub22;sub24;sub29,sub28,83,0.0004716798139270395,0.0008326658280566335,0.002,1e-05,1.0,1.0,True,False,multimodal,psd-fc-wpli,gated,cnn,True,finetune,segssl_barlow_all-patient_psd-fc-wpli_finetune_seed13_pre20_proj32_mask0_03_noise0_02_mlp1_0_sup100,True,barlow,psd,all-patient,True,13,1.0,0.1,32,0.03,0.02
multimodal_psd-fc-wpli_gated_cnn,16,sub27,sub01;sub05;sub07;sub08;sub09;sub10;sub11;sub13;sub14;sub15;sub16;sub17;sub18;sub20;sub22;sub24;sub29,sub28,84,0.0004541152447927743,0.0007854207651689649,0.002,1e-05,1.0,1.0,True,False,multimodal,psd-fc-wpli,gated,cnn,True,finetune,segssl_barlow_all-patient_psd-fc-wpli_finetune_seed13_pre20_proj32_mask0_03_noise0_02_mlp1_0_sup100,True,barlow,psd,all-patient,True,13,1.0,0.1,32,0.03,0.02
multimodal_psd-fc-wpli_gated_cnn,16,sub27,sub01;sub05;sub07;sub08;sub09;sub10;sub11;sub13;sub14;sub15;sub16;sub17;sub18;sub20;sub22;sub24;sub29,sub28,85,0.00043736211955547333,0.000742770847864449,0.002,1e-05,1.0,1.0,True,False,multimodal,psd-fc-wpli,gated,cnn,True,finetune,segssl_barlow_all-patient_psd-fc-wpli_finetune_seed13_pre20_proj32_mask0_03_noise0_02_mlp1_0_sup100,True,barlow,psd,all-patient,True,13,1.0,0.1,32,0.03,0.02
multimodal_psd-fc-wpli_gated_cnn,16,sub27,sub01;sub05;sub07;sub08;sub09;sub10;sub11;sub13;sub14;sub15;sub16;sub17;sub18;sub20;sub22;sub24;sub29,sub28,86,0.00042136653792113066,0.0007040594355203211,0.002,1e-05,1.0,1.0,True,False,multimodal,psd-fc-wpli,gated,cnn,True,finetune,segssl_barlow_all-patient_psd-fc-wpli_finetune_seed13_pre20_proj32_mask0_03_noise0_02_mlp1_0_sup100,True,barlow,psd,all-patient,True,13,1.0,0.1,32,0.03,0.02
multimodal_psd-fc-wpli_gated_cnn,16,sub27,sub01;sub05;sub07;sub08;sub09;sub10;sub11;sub13;sub14;sub15;sub16;sub17;sub18;sub20;sub22;sub24;sub29,sub28,87,0.0004060563805978745,0.0006685703410767019,0.002,1e-05,1.0,1.0,True,False,multimodal,psd-fc-wpli,gated,cnn,True,finetune,segssl_barlow_all-patient_psd-fc-wpli_finetune_seed13_pre20_proj32_mask0_03_noise0_02_mlp1_0_sup100,True,barlow,psd,all-patient,True,13,1.0,0.1,32,0.03,0.02
multimodal_psd-fc-wpli_gated_cnn,16,sub27,sub01;sub05;sub07;sub08;sub09;sub10;sub11;sub13;sub14;sub15;sub16;sub17;sub18;sub20;sub22;sub24;sub29,sub28,88,0.0003914408734999597,0.0006357663660310209,0.002,1e-05,1.0,1.0,True,False,multimodal,psd-fc-wpli,gated,cnn,True,finetune,segssl_barlow_all-patient_psd-fc-wpli_finetune_seed13_pre20_proj32_mask0_03_noise0_02_mlp1_0_sup100,True,barlow,psd,all-patient,True,13,1.0,0.1,32,0.03,0.02
multimodal_psd-fc-wpli_gated_cnn,16,sub27,sub01;sub05;sub07;sub08;sub09;sub10;sub11;sub13;sub14;sub15;sub16;sub17;sub18;sub20;sub22;sub24;sub29,sub28,89,0.0003773842181544751,0.000605408800765872,0.002,1e-05,1.0,1.0,True,False,multimodal,psd-fc-wpli,gated,cnn,True,finetune,segssl_barlow_all-patient_psd-fc-wpli_finetune_seed13_pre20_proj32_mask0_03_noise0_02_mlp1_0_sup100,True,barlow,psd,all-patient,True,13,1.0,0.1,32,0.03,0.02
multimodal_psd-fc-wpli_gated_cnn,16,sub27,sub01;sub05;sub07;sub08;sub09;sub10;sub11;sub13;sub14;sub15;sub16;sub17;sub18;sub20;sub22;sub24;sub29,sub28,90,0.0003639094065874815,0.0005771394935436547,0.002,1e-05,1.0,1.0,True,False,multimodal,psd-fc-wpli,gated,cnn,True,finetune,segssl_barlow_all-patient_psd-fc-wpli_finetune_seed13_pre20_proj32_mask0_03_noise0_02_mlp1_0_sup100,True,barlow,psd,all-patient,True,13,1.0,0.1,32,0.03,0.02
multimodal_psd-fc-wpli_gated_cnn,16,sub27,sub01;sub05;sub07;sub08;sub09;sub10;sub11;sub13;sub14;sub15;sub16;sub17;sub18;sub20;sub22;sub24;sub29,sub28,91,0.00035101399407722056,0.0005508390022441745,0.002,1e-05,1.0,1.0,True,False,multimodal,psd-fc-wpli,gated,cnn,True,finetune,segssl_barlow_all-patient_psd-fc-wpli_finetune_seed13_pre20_proj32_mask0_03_noise0_02_mlp1_0_sup100,True,barlow,psd,all-patient,True,13,1.0,0.1,32,0.03,0.02
multimodal_psd-fc-wpli_gated_cnn,16,sub27,sub01;sub05;sub07;sub08;sub09;sub10;sub11;sub13;sub14;sub15;sub16;sub17;sub18;sub20;sub22;sub24;sub29,sub28,92,0.0003386395692359656,0.0005261494079604745,0.002,1e-05,1.0,1.0,True,False,multimodal,psd-fc-wpli,gated,cnn,True,finetune,segssl_barlow_all-patient_psd-fc-wpli_finetune_seed13_pre20_proj32_mask0_03_noise0_02_mlp1_0_sup100,True,barlow,psd,all-patient,True,13,1.0,0.1,32,0.03,0.02
multimodal_psd-fc-wpli_gated_cnn,16,sub27,sub01;sub05;sub07;sub08;sub09;sub10;sub11;sub13;sub14;sub15;sub16;sub17;sub18;sub20;sub22;sub24;sub29,sub28,93,0.0003267282445449382,0.0005029512685723603,0.002,1e-05,1.0,1.0,True,False,multimodal,psd-fc-wpli,gated,cnn,True,finetune,segssl_barlow_all-patient_psd-fc-wpli_finetune_seed13_pre20_proj32_mask0_03_noise0_02_mlp1_0_sup100,True,barlow,psd,all-patient,True,13,1.0,0.1,32,0.03,0.02
multimodal_psd-fc-wpli_gated_cnn,16,sub27,sub01;sub05;sub07;sub08;sub09;sub10;sub11;sub13;sub14;sub15;sub16;sub17;sub18;sub20;sub22;sub24;sub29,sub28,94,0.000315298093482852,0.0004810059326700866,0.002,1e-05,1.0,1.0,True,False,multimodal,psd-fc-wpli,gated,cnn,True,finetune,segssl_barlow_all-patient_psd-fc-wpli_finetune_seed13_pre20_proj32_mask0_03_noise0_02_mlp1_0_sup100,True,barlow,psd,all-patient,True,13,1.0,0.1,32,0.03,0.02
multimodal_psd-fc-wpli_gated_cnn,16,sub27,sub01;sub05;sub07;sub08;sub09;sub10;sub11;sub13;sub14;sub15;sub16;sub17;sub18;sub20;sub22;sub24;sub29,sub28,95,0.0003043111355509609,0.0004602537665050477,0.002,1e-05,1.0,1.0,True,False,multimodal,psd-fc-wpli,gated,cnn,True,finetune,segssl_barlow_all-patient_psd-fc-wpli_finetune_seed13_pre20_proj32_mask0_03_noise0_02_mlp1_0_sup100,True,barlow,psd,all-patient,True,13,1.0,0.1,32,0.03,0.02
multimodal_psd-fc-wpli_gated_cnn,16,sub27,sub01;sub05;sub07;sub08;sub09;sub10;sub11;sub13;sub14;sub15;sub16;sub17;sub18;sub20;sub22;sub24;sub29,sub28,96,0.000293742457870394,0.0004405157233122736,0.002,1e-05,1.0,1.0,True,False,multimodal,psd-fc-wpli,gated,cnn,True,finetune,segssl_barlow_all-patient_psd-fc-wpli_finetune_seed13_pre20_proj32_mask0_03_noise0_02_mlp1_0_sup100,True,barlow,psd,all-patient,True,13,1.0,0.1,32,0.03,0.02
multimodal_psd-fc-wpli_gated_cnn,16,sub27,sub01;sub05;sub07;sub08;sub09;sub10;sub11;sub13;sub14;sub15;sub16;sub17;sub18;sub20;sub22;sub24;sub29,sub28,97,0.00028358108829706907,0.00042167253559455276,0.002,1e-05,1.0,1.0,True,False,multimodal,psd-fc-wpli,gated,cnn,True,finetune,segssl_barlow_all-patient_psd-fc-wpli_finetune_seed13_pre20_proj32_mask0_03_noise0_02_mlp1_0_sup100,True,barlow,psd,all-patient,True,13,1.0,0.1,32,0.03,0.02
multimodal_psd-fc-wpli_gated_cnn,16,sub27,sub01;sub05;sub07;sub08;sub09;sub10;sub11;sub13;sub14;sub15;sub16;sub17;sub18;sub20;sub22;sub24;sub29,sub28,98,0.0002738163457252085,0.0004036645113956183,0.002,1e-05,1.0,1.0,True,False,multimodal,psd-fc-wpli,gated,cnn,True,finetune,segssl_barlow_all-patient_psd-fc-wpli_finetune_seed13_pre20_proj32_mask0_03_noise0_02_mlp1_0_sup100,True,barlow,psd,all-patient,True,13,1.0,0.1,32,0.03,0.02
multimodal_psd-fc-wpli_gated_cnn,16,sub27,sub01;sub05;sub07;sub08;sub09;sub10;sub11;sub13;sub14;sub15;sub16;sub17;sub18;sub20;sub22;sub24;sub29,sub28,99,0.00026442500529810786,0.0003864915925078094,0.002,1e-05,1.0,1.0,True,False,multimodal,psd-fc-wpli,gated,cnn,True,finetune,segssl_barlow_all-patient_psd-fc-wpli_finetune_seed13_pre20_proj32_mask0_03_noise0_02_mlp1_0_sup100,True,barlow,psd,all-patient,True,13,1.0,0.1,32,0.03,0.02
multimodal_psd-fc-wpli_gated_cnn,16,sub27,sub01;sub05;sub07;sub08;sub09;sub10;sub11;sub13;sub14;sub15;sub16;sub17;sub18;sub20;sub22;sub24;sub29,sub28,100,0.00025542493676766753,0.0003700941160786897,0.002,1e-05,1.0,1.0,True,False,multimodal,psd-fc-wpli,gated,cnn,True,finetune,segssl_barlow_all-patient_psd-fc-wpli_finetune_seed13_pre20_proj32_mask0_03_noise0_02_mlp1_0_sup100,True,barlow,psd,all-patient,True,13,1.0,0.1,32,0.03,0.02
multimodal_psd-fc-wpli_gated_cnn,17,sub28,sub01;sub05;sub07;sub08;sub09;sub10;sub11;sub13;sub14;sub15;sub16;sub17;sub18;sub20;sub22;sub24;sub27,sub29,1,0.6957162022590637,0.6532764434814453,0.002,1e-05,1.0,1.0,True,False,multimodal,psd-fc-wpli,gated,cnn,True,finetune,segssl_barlow_all-patient_psd-fc-wpli_finetune_seed13_pre20_proj32_mask0_03_noise0_02_mlp1_0_sup100,True,barlow,psd,all-patient,True,13,1.0,0.1,32,0.03,0.02
multimodal_psd-fc-wpli_gated_cnn,17,sub28,sub01;sub05;sub07;sub08;sub09;sub10;sub11;sub13;sub14;sub15;sub16;sub17;sub18;sub20;sub22;sub24;sub27,sub29,2,0.6885956525802612,0.6635842323303223,0.002,1e-05,1.0,1.0,False,False,multimodal,psd-fc-wpli,gated,cnn,True,finetune,segssl_barlow_all-patient_psd-fc-wpli_finetune_seed13_pre20_proj32_mask0_03_noise0_02_mlp1_0_sup100,True,barlow,psd,all-patient,True,13,1.0,0.1,32,0.03,0.02
multimodal_psd-fc-wpli_gated_cnn,17,sub28,sub01;sub05;sub07;sub08;sub09;sub10;sub11;sub13;sub14;sub15;sub16;sub17;sub18;sub20;sub22;sub24;sub27,sub29,3,0.6811524629592896,0.6738162636756897,0.002,1e-05,1.0,1.0,False,False,multimodal,psd-fc-wpli,gated,cnn,True,finetune,segssl_barlow_all-patient_psd-fc-wpli_finetune_seed13_pre20_proj32_mask0_03_noise0_02_mlp1_0_sup100,True,barlow,psd,all-patient,True,13,1.0,0.1,32,0.03,0.02
multimodal_psd-fc-wpli_gated_cnn,17,sub28,sub01;sub05;sub07;sub08;sub09;sub10;sub11;sub13;sub14;sub15;sub16;sub17;sub18;sub20;sub22;sub24;sub27,sub29,4,0.6731003522872925,0.6855518221855164,0.002,1e-05,1.0,1.0,False,False,multimodal,psd-fc-wpli,gated,cnn,True,finetune,segssl_barlow_all-patient_psd-fc-wpli_finetune_seed13_pre20_proj32_mask0_03_noise0_02_mlp1_0_sup100,True,barlow,psd,all-patient,True,13,1.0,0.1,32,0.03,0.02
multimodal_psd-fc-wpli_gated_cnn,17,sub28,sub01;sub05;sub07;sub08;sub09;sub10;sub11;sub13;sub14;sub15;sub16;sub17;sub18;sub20;sub22;sub24;sub27,sub29,5,0.6640924215316772,0.6989066004753113,0.002,1e-05,1.0,1.0,False,False,multimodal,psd-fc-wpli,gated,cnn,True,finetune,segssl_barlow_all-patient_psd-fc-wpli_finetune_seed13_pre20_proj32_mask0_03_noise0_02_mlp1_0_sup100,True,barlow,psd,all-patient,True,13,1.0,0.1,32,0.03,0.02
multimodal_psd-fc-wpli_gated_cnn,17,sub28,sub01;sub05;sub07;sub08;sub09;sub10;sub11;sub13;sub14;sub15;sub16;sub17;sub18;sub20;sub22;sub24;sub27,sub29,6,0.6542924046516418,0.7155683040618896,0.002,1e-05,1.0,1.0,False,False,multimodal,psd-fc-wpli,gated,cnn,True,finetune,segssl_barlow_all-patient_psd-fc-wpli_finetune_seed13_pre20_proj32_mask0_03_noise0_02_mlp1_0_sup100,True,barlow,psd,all-patient,True,13,1.0,0.1,32,0.03,0.02
multimodal_psd-fc-wpli_gated_cnn,17,sub28,sub01;sub05;sub07;sub08;sub09;sub10;sub11;sub13;sub14;sub15;sub16;sub17;sub18;sub20;sub22;sub24;sub27,sub29,7,0.64365553855896,0.7352966070175171,0.002,1e-05,1.0,1.0,False,False,multimodal,psd-fc-wpli,gated,cnn,True,finetune,segssl_barlow_all-patient_psd-fc-wpli_finetune_seed13_pre20_proj32_mask0_03_noise0_02_mlp1_0_sup100,True,barlow,psd,all-patient,True,13,1.0,0.1,32,0.03,0.02
multimodal_psd-fc-wpli_gated_cnn,17,sub28,sub01;sub05;sub07;sub08;sub09;sub10;sub11;sub13;sub14;sub15;sub16;sub17;sub18;sub20;sub22;sub24;sub27,sub29,8,0.6323636770248413,0.7603915929794312,0.002,1e-05,1.0,1.0,False,False,multimodal,psd-fc-wpli,gated,cnn,True,finetune,segssl_barlow_all-patient_psd-fc-wpli_finetune_seed13_pre20_proj32_mask0_03_noise0_02_mlp1_0_sup100,True,barlow,psd,all-patient,True,13,1.0,0.1,32,0.03,0.02
multimodal_psd-fc-wpli_gated_cnn,17,sub28,sub01;sub05;sub07;sub08;sub09;sub10;sub11;sub13;sub14;sub15;sub16;sub17;sub18;sub20;sub22;sub24;sub27,sub29,9,0.62032550573349,0.7918572425842285,0.002,1e-05,1.0,1.0,False,False,multimodal,psd-fc-wpli,gated,cnn,True,finetune,segssl_barlow_all-patient_psd-fc-wpli_finetune_seed13_pre20_proj32_mask0_03_noise0_02_mlp1_0_sup100,True,barlow,psd,all-patient,True,13,1.0,0.1,32,0.03,0.02
multimodal_psd-fc-wpli_gated_cnn,17,sub28,sub01;sub05;sub07;sub08;sub09;sub10;sub11;sub13;sub14;sub15;sub16;sub17;sub18;sub20;sub22;sub24;sub27,sub29,10,0.6074249744415283,0.8296810388565063,0.002,1e-05,1.0,1.0,False,False,multimodal,psd-fc-wpli,gated,cnn,True,finetune,segssl_barlow_all-patient_psd-fc-wpli_finetune_seed13_pre20_proj32_mask0_03_noise0_02_mlp1_0_sup100,True,barlow,psd,all-patient,True,13,1.0,0.1,32,0.03,0.02
multimodal_psd-fc-wpli_gated_cnn,17,sub28,sub01;sub05;sub07;sub08;sub09;sub10;sub11;sub13;sub14;sub15;sub16;sub17;sub18;sub20;sub22;sub24;sub27,sub29,11,0.593565046787262,0.8719120025634766,0.002,1e-05,1.0,1.0,False,False,multimodal,psd-fc-wpli,gated,cnn,True,finetune,segssl_barlow_all-patient_psd-fc-wpli_finetune_seed13_pre20_proj32_mask0_03_noise0_02_mlp1_0_sup100,True,barlow,psd,all-patient,True,13,1.0,0.1,32,0.03,0.02
multimodal_psd-fc-wpli_gated_cnn,17,sub28,sub01;sub05;sub07;sub08;sub09;sub10;sub11;sub13;sub14;sub15;sub16;sub17;sub18;sub20;sub22;sub24;sub27,sub29,12,0.578661322593689,0.9196271896362305,0.002,1e-05,1.0,1.0,False,False,multimodal,psd-fc-wpli,gated,cnn,True,finetune,segssl_barlow_all-patient_psd-fc-wpli_finetune_seed13_pre20_proj32_mask0_03_noise0_02_mlp1_0_sup100,True,barlow,psd,all-patient,True,13,1.0,0.1,32,0.03,0.02
multimodal_psd-fc-wpli_gated_cnn,17,sub28,sub01;sub05;sub07;sub08;sub09;sub10;sub11;sub13;sub14;sub15;sub16;sub17;sub18;sub20;sub22;sub24;sub27,sub29,13,0.5624914765357971,0.9727898240089417,0.002,1e-05,1.0,1.0,False,False,multimodal,psd-fc-wpli,gated,cnn,True,finetune,segssl_barlow_all-patient_psd-fc-wpli_finetune_seed13_pre20_proj32_mask0_03_noise0_02_mlp1_0_sup100,True,barlow,psd,all-patient,True,13,1.0,0.1,32,0.03,0.02
multimodal_psd-fc-wpli_gated_cnn,17,sub28,sub01;sub05;sub07;sub08;sub09;sub10;sub11;sub13;sub14;sub15;sub16;sub17;sub18;sub20;sub22;sub24;sub27,sub29,14,0.545137882232666,1.031559705734253,0.002,1e-05,1.0,1.0,False,False,multimodal,psd-fc-wpli,gated,cnn,True,finetune,segssl_barlow_all-patient_psd-fc-wpli_finetune_seed13_pre20_proj32_mask0_03_noise0_02_mlp1_0_sup100,True,barlow,psd,all-patient,True,13,1.0,0.1,32,0.03,0.02
multimodal_psd-fc-wpli_gated_cnn,17,sub28,sub01;sub05;sub07;sub08;sub09;sub10;sub11;sub13;sub14;sub15;sub16;sub17;sub18;sub20;sub22;sub24;sub27,sub29,15,0.5265465974807739,1.0946917533874512,0.002,1e-05,1.0,1.0,False,False,multimodal,psd-fc-wpli,gated,cnn,True,finetune,segssl_barlow_all-patient_psd-fc-wpli_finetune_seed13_pre20_proj32_mask0_03_noise0_02_mlp1_0_sup100,True,barlow,psd,all-patient,True,13,1.0,0.1,32,0.03,0.02
multimodal_psd-fc-wpli_gated_cnn,17,sub28,sub01;sub05;sub07;sub08;sub09;sub10;sub11;sub13;sub14;sub15;sub16;sub17;sub18;sub20;sub22;sub24;sub27,sub29,16,0.5068364143371582,1.1599076986312866,0.002,1e-05,1.0,1.0,False,False,multimodal,psd-fc-wpli,gated,cnn,True,finetune,segssl_barlow_all-patient_psd-fc-wpli_finetune_seed13_pre20_proj32_mask0_03_noise0_02_mlp1_0_sup100,True,barlow,psd,all-patient,True,13,1.0,0.1,32,0.03,0.02
multimodal_psd-fc-wpli_gated_cnn,17,sub28,sub01;sub05;sub07;sub08;sub09;sub10;sub11;sub13;sub14;sub15;sub16;sub17;sub18;sub20;sub22;sub24;sub27,sub29,17,0.48621806502342224,1.2269893884658813,0.002,1e-05,1.0,1.0,False,False,multimodal,psd-fc-wpli,gated,cnn,True,finetune,segssl_barlow_all-patient_psd-fc-wpli_finetune_seed13_pre20_proj32_mask0_03_noise0_02_mlp1_0_sup100,True,barlow,psd,all-patient,True,13,1.0,0.1,32,0.03,0.02
multimodal_psd-fc-wpli_gated_cnn,17,sub28,sub01;sub05;sub07;sub08;sub09;sub10;sub11;sub13;sub14;sub15;sub16;sub17;sub18;sub20;sub22;sub24;sub27,sub29,18,0.465078204870224,1.2936582565307617,0.002,1e-05,1.0,1.0,False,False,multimodal,psd-fc-wpli,gated,cnn,True,finetune,segssl_barlow_all-patient_psd-fc-wpli_finetune_seed13_pre20_proj32_mask0_03_noise0_02_mlp1_0_sup100,True,barlow,psd,all-patient,True,13,1.0,0.1,32,0.03,0.02
multimodal_psd-fc-wpli_gated_cnn,17,sub28,sub01;sub05;sub07;sub08;sub09;sub10;sub11;sub13;sub14;sub15;sub16;sub17;sub18;sub20;sub22;sub24;sub27,sub29,19,0.44371554255485535,1.3573541641235352,0.002,1e-05,1.0,1.0,False,False,multimodal,psd-fc-wpli,gated,cnn,True,finetune,segssl_barlow_all-patient_psd-fc-wpli_finetune_seed13_pre20_proj32_mask0_03_noise0_02_mlp1_0_sup100,True,barlow,psd,all-patient,True,13,1.0,0.1,32,0.03,0.02
multimodal_psd-fc-wpli_gated_cnn,17,sub28,sub01;sub05;sub07;sub08;sub09;sub10;sub11;sub13;sub14;sub15;sub16;sub17;sub18;sub20;sub22;sub24;sub27,sub29,20,0.42209458351135254,1.4146605730056763,0.002,1e-05,1.0,1.0,False,False,multimodal,psd-fc-wpli,gated,cnn,True,finetune,segssl_barlow_all-patient_psd-fc-wpli_finetune_seed13_pre20_proj32_mask0_03_noise0_02_mlp1_0_sup100,True,barlow,psd,all-patient,True,13,1.0,0.1,32,0.03,0.02
multimodal_psd-fc-wpli_gated_cnn,17,sub28,sub01;sub05;sub07;sub08;sub09;sub10;sub11;sub13;sub14;sub15;sub16;sub17;sub18;sub20;sub22;sub24;sub27,sub29,21,0.4003449082374573,1.4661602973937988,0.002,1e-05,1.0,1.0,False,False,multimodal,psd-fc-wpli,gated,cnn,True,finetune,segssl_barlow_all-patient_psd-fc-wpli_finetune_seed13_pre20_proj32_mask0_03_noise0_02_mlp1_0_sup100,True,barlow,psd,all-patient,True,13,1.0,0.1,32,0.03,0.02
multimodal_psd-fc-wpli_gated_cnn,17,sub28,sub01;sub05;sub07;sub08;sub09;sub10;sub11;sub13;sub14;sub15;sub16;sub17;sub18;sub20;sub22;sub24;sub27,sub29,22,0.37859636545181274,1.506996512413025,0.002,1e-05,1.0,1.0,False,False,multimodal,psd-fc-wpli,gated,cnn,True,finetune,segssl_barlow_all-patient_psd-fc-wpli_finetune_seed13_pre20_proj32_mask0_03_noise0_02_mlp1_0_sup100,True,barlow,psd,all-patient,True,13,1.0,0.1,32,0.03,0.02
multimodal_psd-fc-wpli_gated_cnn,17,sub28,sub01;sub05;sub07;sub08;sub09;sub10;sub11;sub13;sub14;sub15;sub16;sub17;sub18;sub20;sub22;sub24;sub27,sub29,23,0.357149600982666,1.542057991027832,0.002,1e-05,1.0,1.0,False,False,multimodal,psd-fc-wpli,gated,cnn,True,finetune,segssl_barlow_all-patient_psd-fc-wpli_finetune_seed13_pre20_proj32_mask0_03_noise0_02_mlp1_0_sup100,True,barlow,psd,all-patient,True,13,1.0,0.1,32,0.03,0.02
multimodal_psd-fc-wpli_gated_cnn,17,sub28,sub01;sub05;sub07;sub08;sub09;sub10;sub11;sub13;sub14;sub15;sub16;sub17;sub18;sub20;sub22;sub24;sub27,sub29,24,0.3365282714366913,1.5654793977737427,0.002,1e-05,1.0,1.0,False,False,multimodal,psd-fc-wpli,gated,cnn,True,finetune,segssl_barlow_all-patient_psd-fc-wpli_finetune_seed13_pre20_proj32_mask0_03_noise0_02_mlp1_0_sup100,True,barlow,psd,all-patient,True,13,1.0,0.1,32,0.03,0.02
multimodal_psd-fc-wpli_gated_cnn,17,sub28,sub01;sub05;sub07;sub08;sub09;sub10;sub11;sub13;sub14;sub15;sub16;sub17;sub18;sub20;sub22;sub24;sub27,sub29,25,0.3170509338378906,1.566494345664978,0.002,1e-05,1.0,1.0,False,False,multimodal,psd-fc-wpli,gated,cnn,True,finetune,segssl_barlow_all-patient_psd-fc-wpli_finetune_seed13_pre20_proj32_mask0_03_noise0_02_mlp1_0_sup100,True,barlow,psd,all-patient,True,13,1.0,0.1,32,0.03,0.02
multimodal_psd-fc-wpli_gated_cnn,17,sub28,sub01;sub05;sub07;sub08;sub09;sub10;sub11;sub13;sub14;sub15;sub16;sub17;sub18;sub20;sub22;sub24;sub27,sub29,26,0.2985328733921051,1.551548957824707,0.002,1e-05,1.0,1.0,False,False,multimodal,psd-fc-wpli,gated,cnn,True,finetune,segssl_barlow_all-patient_psd-fc-wpli_finetune_seed13_pre20_proj32_mask0_03_noise0_02_mlp1_0_sup100,True,barlow,psd,all-patient,True,13,1.0,0.1,32,0.03,0.02
multimodal_psd-fc-wpli_gated_cnn,17,sub28,sub01;sub05;sub07;sub08;sub09;sub10;sub11;sub13;sub14;sub15;sub16;sub17;sub18;sub20;sub22;sub24;sub27,sub29,27,0.28115418553352356,1.5362240076065063,0.002,1e-05,1.0,1.0,False,False,multimodal,psd-fc-wpli,gated,cnn,True,finetune,segssl_barlow_all-patient_psd-fc-wpli_finetune_seed13_pre20_proj32_mask0_03_noise0_02_mlp1_0_sup100,True,barlow,psd,all-patient,True,13,1.0,0.1,32,0.03,0.02
multimodal_psd-fc-wpli_gated_cnn,17,sub28,sub01;sub05;sub07;sub08;sub09;sub10;sub11;sub13;sub14;sub15;sub16;sub17;sub18;sub20;sub22;sub24;sub27,sub29,28,0.2648658752441406,1.514009714126587,0.002,1e-05,1.0,1.0,False,False,multimodal,psd-fc-wpli,gated,cnn,True,finetune,segssl_barlow_all-patient_psd-fc-wpli_finetune_seed13_pre20_proj32_mask0_03_noise0_02_mlp1_0_sup100,True,barlow,psd,all-patient,True,13,1.0,0.1,32,0.03,0.02
multimodal_psd-fc-wpli_gated_cnn,17,sub28,sub01;sub05;sub07;sub08;sub09;sub10;sub11;sub13;sub14;sub15;sub16;sub17;sub18;sub20;sub22;sub24;sub27,sub29,29,0.2498544305562973,1.4732083082199097,0.002,1e-05,1.0,1.0,False,False,multimodal,psd-fc-wpli,gated,cnn,True,finetune,segssl_barlow_all-patient_psd-fc-wpli_finetune_seed13_pre20_proj32_mask0_03_noise0_02_mlp1_0_sup100,True,barlow,psd,all-patient,True,13,1.0,0.1,32,0.03,0.02
multimodal_psd-fc-wpli_gated_cnn,17,sub28,sub01;sub05;sub07;sub08;sub09;sub10;sub11;sub13;sub14;sub15;sub16;sub17;sub18;sub20;sub22;sub24;sub27,sub29,30,0.23593725264072418,1.4179764986038208,0.002,1e-05,1.0,1.0,False,False,multimodal,psd-fc-wpli,gated,cnn,True,finetune,segssl_barlow_all-patient_psd-fc-wpli_finetune_seed13_pre20_proj32_mask0_03_noise0_02_mlp1_0_sup100,True,barlow,psd,all-patient,True,13,1.0,0.1,32,0.03,0.02
multimodal_psd-fc-wpli_gated_cnn,17,sub28,sub01;sub05;sub07;sub08;sub09;sub10;sub11;sub13;sub14;sub15;sub16;sub17;sub18;sub20;sub22;sub24;sub27,sub29,31,0.2228051871061325,1.3633419275283813,0.002,1e-05,1.0,1.0,False,False,multimodal,psd-fc-wpli,gated,cnn,True,finetune,segssl_barlow_all-patient_psd-fc-wpli_finetune_seed13_pre20_proj32_mask0_03_noise0_02_mlp1_0_sup100,True,barlow,psd,all-patient,True,13,1.0,0.1,32,0.03,0.02
multimodal_psd-fc-wpli_gated_cnn,17,sub28,sub01;sub05;sub07;sub08;sub09;sub10;sub11;sub13;sub14;sub15;sub16;sub17;sub18;sub20;sub22;sub24;sub27,sub29,32,0.2104196846485138,1.3121683597564697,0.002,1e-05,1.0,1.0,False,False,multimodal,psd-fc-wpli,gated,cnn,True,finetune,segssl_barlow_all-patient_psd-fc-wpli_finetune_seed13_pre20_proj32_mask0_03_noise0_02_mlp1_0_sup100,True,barlow,psd,all-patient,True,13,1.0,0.1,32,0.03,0.02
multimodal_psd-fc-wpli_gated_cnn,17,sub28,sub01;sub05;sub07;sub08;sub09;sub10;sub11;sub13;sub14;sub15;sub16;sub17;sub18;sub20;sub22;sub24;sub27,sub29,33,0.19876915216445923,1.268696904182434,0.002,1e-05,1.0,1.0,False,False,multimodal,psd-fc-wpli,gated,cnn,True,finetune,segssl_barlow_all-patient_psd-fc-wpli_finetune_seed13_pre20_proj32_mask0_03_noise0_02_mlp1_0_sup100,True,barlow,psd,all-patient,True,13,1.0,0.1,32,0.03,0.02
multimodal_psd-fc-wpli_gated_cnn,17,sub28,sub01;sub05;sub07;sub08;sub09;sub10;sub11;sub13;sub14;sub15;sub16;sub17;sub18;sub20;sub22;sub24;sub27,sub29,34,0.18762582540512085,1.2230463027954102,0.002,1e-05,1.0,1.0,False,False,multimodal,psd-fc-wpli,gated,cnn,True,finetune,segssl_barlow_all-patient_psd-fc-wpli_finetune_seed13_pre20_proj32_mask0_03_noise0_02_mlp1_0_sup100,True,barlow,psd,all-patient,True,13,1.0,0.1,32,0.03,0.02
multimodal_psd-fc-wpli_gated_cnn,17,sub28,sub01;sub05;sub07;sub08;sub09;sub10;sub11;sub13;sub14;sub15;sub16;sub17;sub18;sub20;sub22;sub24;sub27,sub29,35,0.1768353134393692,1.1669474840164185,0.002,1e-05,1.0,1.0,False,False,multimodal,psd-fc-wpli,gated,cnn,True,finetune,segssl_barlow_all-patient_psd-fc-wpli_finetune_seed13_pre20_proj32_mask0_03_noise0_02_mlp1_0_sup100,True,barlow,psd,all-patient,True,13,1.0,0.1,32,0.03,0.02
multimodal_psd-fc-wpli_gated_cnn,17,sub28,sub01;sub05;sub07;sub08;sub09;sub10;sub11;sub13;sub14;sub15;sub16;sub17;sub18;sub20;sub22;sub24;sub27,sub29,36,0.16621962189674377,1.1105047464370728,0.002,1e-05,1.0,1.0,False,False,multimodal,psd-fc-wpli,gated,cnn,True,finetune,segssl_barlow_all-patient_psd-fc-wpli_finetune_seed13_pre20_proj32_mask0_03_noise0_02_mlp1_0_sup100,True,barlow,psd,all-patient,True,13,1.0,0.1,32,0.03,0.02
multimodal_psd-fc-wpli_gated_cnn,17,sub28,sub01;sub05;sub07;sub08;sub09;sub10;sub11;sub13;sub14;sub15;sub16;sub17;sub18;sub20;sub22;sub24;sub27,sub29,37,0.1557738482952118,1.0634644031524658,0.002,1e-05,1.0,1.0,False,False,multimodal,psd-fc-wpli,gated,cnn,True,finetune,segssl_barlow_all-patient_psd-fc-wpli_finetune_seed13_pre20_proj32_mask0_03_noise0_02_mlp1_0_sup100,True,barlow,psd,all-patient,True,13,1.0,0.1,32,0.03,0.02
multimodal_psd-fc-wpli_gated_cnn,17,sub28,sub01;sub05;sub07;sub08;sub09;sub10;sub11;sub13;sub14;sub15;sub16;sub17;sub18;sub20;sub22;sub24;sub27,sub29,38,0.14539238810539246,1.0203142166137695,0.002,1e-05,1.0,1.0,False,False,multimodal,psd-fc-wpli,gated,cnn,True,finetune,segssl_barlow_all-patient_psd-fc-wpli_finetune_seed13_pre20_proj32_mask0_03_noise0_02_mlp1_0_sup100,True,barlow,psd,all-patient,True,13,1.0,0.1,32,0.03,0.02
multimodal_psd-fc-wpli_gated_cnn,17,sub28,sub01;sub05;sub07;sub08;sub09;sub10;sub11;sub13;sub14;sub15;sub16;sub17;sub18;sub20;sub22;sub24;sub27,sub29,39,0.13512755930423737,0.9708926677703857,0.002,1e-05,1.0,1.0,False,False,multimodal,psd-fc-wpli,gated,cnn,True,finetune,segssl_barlow_all-patient_psd-fc-wpli_finetune_seed13_pre20_proj32_mask0_03_noise0_02_mlp1_0_sup100,True,barlow,psd,all-patient,True,13,1.0,0.1,32,0.03,0.02
multimodal_psd-fc-wpli_gated_cnn,17,sub28,sub01;sub05;sub07;sub08;sub09;sub10;sub11;sub13;sub14;sub15;sub16;sub17;sub18;sub20;sub22;sub24;sub27,sub29,40,0.12506148219108582,0.9148566722869873,0.002,1e-05,1.0,1.0,False,False,multimodal,psd-fc-wpli,gated,cnn,True,finetune,segssl_barlow_all-patient_psd-fc-wpli_finetune_seed13_pre20_proj32_mask0_03_noise0_02_mlp1_0_sup100,True,barlow,psd,all-patient,True,13,1.0,0.1,32,0.03,0.02
multimodal_psd-fc-wpli_gated_cnn,17,sub28,sub01;sub05;sub07;sub08;sub09;sub10;sub11;sub13;sub14;sub15;sub16;sub17;sub18;sub20;sub22;sub24;sub27,sub29,41,0.11520516127347946,0.8480574488639832,0.002,1e-05,1.0,1.0,False,False,multimodal,psd-fc-wpli,gated,cnn,True,finetune,segssl_barlow_all-patient_psd-fc-wpli_finetune_seed13_pre20_proj32_mask0_03_noise0_02_mlp1_0_sup100,True,barlow,psd,all-patient,True,13,1.0,0.1,32,0.03,0.02
multimodal_psd-fc-wpli_gated_cnn,17,sub28,sub01;sub05;sub07;sub08;sub09;sub10;sub11;sub13;sub14;sub15;sub16;sub17;sub18;sub20;sub22;sub24;sub27,sub29,42,0.1055864691734314,0.7782027125358582,0.002,1e-05,1.0,1.0,False,False,multimodal,psd-fc-wpli,gated,cnn,True,finetune,segssl_barlow_all-patient_psd-fc-wpli_finetune_seed13_pre20_proj32_mask0_03_noise0_02_mlp1_0_sup100,True,barlow,psd,all-patient,True,13,1.0,0.1,32,0.03,0.02
multimodal_psd-fc-wpli_gated_cnn,17,sub28,sub01;sub05;sub07;sub08;sub09;sub10;sub11;sub13;sub14;sub15;sub16;sub17;sub18;sub20;sub22;sub24;sub27,sub29,43,0.09632693976163864,0.7075751423835754,0.002,1e-05,1.0,1.0,False,False,multimodal,psd-fc-wpli,gated,cnn,True,finetune,segssl_barlow_all-patient_psd-fc-wpli_finetune_seed13_pre20_proj32_mask0_03_noise0_02_mlp1_0_sup100,True,barlow,psd,all-patient,True,13,1.0,0.1,32,0.03,0.02
multimodal_psd-fc-wpli_gated_cnn,17,sub28,sub01;sub05;sub07;sub08;sub09;sub10;sub11;sub13;sub14;sub15;sub16;sub17;sub18;sub20;sub22;sub24;sub27,sub29,44,0.08743779361248016,0.6397457122802734,0.002,1e-05,1.0,1.0,True,False,multimodal,psd-fc-wpli,gated,cnn,True,finetune,segssl_barlow_all-patient_psd-fc-wpli_finetune_seed13_pre20_proj32_mask0_03_noise0_02_mlp1_0_sup100,True,barlow,psd,all-patient,True,13,1.0,0.1,32,0.03,0.02
multimodal_psd-fc-wpli_gated_cnn,17,sub28,sub01;sub05;sub07;sub08;sub09;sub10;sub11;sub13;sub14;sub15;sub16;sub17;sub18;sub20;sub22;sub24;sub27,sub29,45,0.07896192371845245,0.5737990140914917,0.002,1e-05,1.0,1.0,True,False,multimodal,psd-fc-wpli,gated,cnn,True,finetune,segssl_barlow_all-patient_psd-fc-wpli_finetune_seed13_pre20_proj32_mask0_03_noise0_02_mlp1_0_sup100,True,barlow,psd,all-patient,True,13,1.0,0.1,32,0.03,0.02
multimodal_psd-fc-wpli_gated_cnn,17,sub28,sub01;sub05;sub07;sub08;sub09;sub10;sub11;sub13;sub14;sub15;sub16;sub17;sub18;sub20;sub22;sub24;sub27,sub29,46,0.07092774659395218,0.5106397271156311,0.002,1e-05,1.0,1.0,True,False,multimodal,psd-fc-wpli,gated,cnn,True,finetune,segssl_barlow_all-patient_psd-fc-wpli_finetune_seed13_pre20_proj32_mask0_03_noise0_02_mlp1_0_sup100,True,barlow,psd,all-patient,True,13,1.0,0.1,32,0.03,0.02
multimodal_psd-fc-wpli_gated_cnn,17,sub28,sub01;sub05;sub07;sub08;sub09;sub10;sub11;sub13;sub14;sub15;sub16;sub17;sub18;sub20;sub22;sub24;sub27,sub29,47,0.06339029967784882,0.4509996175765991,0.002,1e-05,1.0,1.0,True,False,multimodal,psd-fc-wpli,gated,cnn,True,finetune,segssl_barlow_all-patient_psd-fc-wpli_finetune_seed13_pre20_proj32_mask0_03_noise0_02_mlp1_0_sup100,True,barlow,psd,all-patient,True,13,1.0,0.1,32,0.03,0.02
multimodal_psd-fc-wpli_gated_cnn,17,sub28,sub01;sub05;sub07;sub08;sub09;sub10;sub11;sub13;sub14;sub15;sub16;sub17;sub18;sub20;sub22;sub24;sub27,sub29,48,0.05629869922995567,0.39280781149864197,0.002,1e-05,1.0,1.0,True,False,multimodal,psd-fc-wpli,gated,cnn,True,finetune,segssl_barlow_all-patient_psd-fc-wpli_finetune_seed13_pre20_proj32_mask0_03_noise0_02_mlp1_0_sup100,True,barlow,psd,all-patient,True,13,1.0,0.1,32,0.03,0.02
multimodal_psd-fc-wpli_gated_cnn,17,sub28,sub01;sub05;sub07;sub08;sub09;sub10;sub11;sub13;sub14;sub15;sub16;sub17;sub18;sub20;sub22;sub24;sub27,sub29,49,0.04977283254265785,0.3385410010814667,0.002,1e-05,1.0,1.0,True,False,multimodal,psd-fc-wpli,gated,cnn,True,finetune,segssl_barlow_all-patient_psd-fc-wpli_finetune_seed13_pre20_proj32_mask0_03_noise0_02_mlp1_0_sup100,True,barlow,psd,all-patient,True,13,1.0,0.1,32,0.03,0.02
multimodal_psd-fc-wpli_gated_cnn,17,sub28,sub01;sub05;sub07;sub08;sub09;sub10;sub11;sub13;sub14;sub15;sub16;sub17;sub18;sub20;sub22;sub24;sub27,sub29,50,0.0438506156206131,0.2888016104698181,0.002,1e-05,1.0,1.0,True,False,multimodal,psd-fc-wpli,gated,cnn,True,finetune,segssl_barlow_all-patient_psd-fc-wpli_finetune_seed13_pre20_proj32_mask0_03_noise0_02_mlp1_0_sup100,True,barlow,psd,all-patient,True,13,1.0,0.1,32,0.03,0.02
multimodal_psd-fc-wpli_gated_cnn,17,sub28,sub01;sub05;sub07;sub08;sub09;sub10;sub11;sub13;sub14;sub15;sub16;sub17;sub18;sub20;sub22;sub24;sub27,sub29,51,0.03852449357509613,0.243912011384964,0.002,1e-05,1.0,1.0,True,False,multimodal,psd-fc-wpli,gated,cnn,True,finetune,segssl_barlow_all-patient_psd-fc-wpli_finetune_seed13_pre20_proj32_mask0_03_noise0_02_mlp1_0_sup100,True,barlow,psd,all-patient,True,13,1.0,0.1,32,0.03,0.02
multimodal_psd-fc-wpli_gated_cnn,17,sub28,sub01;sub05;sub07;sub08;sub09;sub10;sub11;sub13;sub14;sub15;sub16;sub17;sub18;sub20;sub22;sub24;sub27,sub29,52,0.033772919327020645,0.2097897231578827,0.002,1e-05,1.0,1.0,True,False,multimodal,psd-fc-wpli,gated,cnn,True,finetune,segssl_barlow_all-patient_psd-fc-wpli_finetune_seed13_pre20_proj32_mask0_03_noise0_02_mlp1_0_sup100,True,barlow,psd,all-patient,True,13,1.0,0.1,32,0.03,0.02
multimodal_psd-fc-wpli_gated_cnn,17,sub28,sub01;sub05;sub07;sub08;sub09;sub10;sub11;sub13;sub14;sub15;sub16;sub17;sub18;sub20;sub22;sub24;sub27,sub29,53,0.02957994118332863,0.1837354302406311,0.002,1e-05,1.0,1.0,True,False,multimodal,psd-fc-wpli,gated,cnn,True,finetune,segssl_barlow_all-patient_psd-fc-wpli_finetune_seed13_pre20_proj32_mask0_03_noise0_02_mlp1_0_sup100,True,barlow,psd,all-patient,True,13,1.0,0.1,32,0.03,0.02
multimodal_psd-fc-wpli_gated_cnn,17,sub28,sub01;sub05;sub07;sub08;sub09;sub10;sub11;sub13;sub14;sub15;sub16;sub17;sub18;sub20;sub22;sub24;sub27,sub29,54,0.025879671797156334,0.1610841602087021,0.002,1e-05,1.0,1.0,True,False,multimodal,psd-fc-wpli,gated,cnn,True,finetune,segssl_barlow_all-patient_psd-fc-wpli_finetune_seed13_pre20_proj32_mask0_03_noise0_02_mlp1_0_sup100,True,barlow,psd,all-patient,True,13,1.0,0.1,32,0.03,0.02
multimodal_psd-fc-wpli_gated_cnn,17,sub28,sub01;sub05;sub07;sub08;sub09;sub10;sub11;sub13;sub14;sub15;sub16;sub17;sub18;sub20;sub22;sub24;sub27,sub29,55,0.022665394470095634,0.14076858758926392,0.002,1e-05,1.0,1.0,True,False,multimodal,psd-fc-wpli,gated,cnn,True,finetune,segssl_barlow_all-patient_psd-fc-wpli_finetune_seed13_pre20_proj32_mask0_03_noise0_02_mlp1_0_sup100,True,barlow,psd,all-patient,True,13,1.0,0.1,32,0.03,0.02
multimodal_psd-fc-wpli_gated_cnn,17,sub28,sub01;sub05;sub07;sub08;sub09;sub10;sub11;sub13;sub14;sub15;sub16;sub17;sub18;sub20;sub22;sub24;sub27,sub29,56,0.019860047847032547,0.12343806028366089,0.002,1e-05,1.0,1.0,True,False,multimodal,psd-fc-wpli,gated,cnn,True,finetune,segssl_barlow_all-patient_psd-fc-wpli_finetune_seed13_pre20_proj32_mask0_03_noise0_02_mlp1_0_sup100,True,barlow,psd,all-patient,True,13,1.0,0.1,32,0.03,0.02
multimodal_psd-fc-wpli_gated_cnn,17,sub28,sub01;sub05;sub07;sub08;sub09;sub10;sub11;sub13;sub14;sub15;sub16;sub17;sub18;sub20;sub22;sub24;sub27,sub29,57,0.017423179000616074,0.10932707041501999,0.002,1e-05,1.0,1.0,True,False,multimodal,psd-fc-wpli,gated,cnn,True,finetune,segssl_barlow_all-patient_psd-fc-wpli_finetune_seed13_pre20_proj32_mask0_03_noise0_02_mlp1_0_sup100,True,barlow,psd,all-patient,True,13,1.0,0.1,32,0.03,0.02
multimodal_psd-fc-wpli_gated_cnn,17,sub28,sub01;sub05;sub07;sub08;sub09;sub10;sub11;sub13;sub14;sub15;sub16;sub17;sub18;sub20;sub22;sub24;sub27,sub29,58,0.015322092920541763,0.09849367290735245,0.002,1e-05,1.0,1.0,True,False,multimodal,psd-fc-wpli,gated,cnn,True,finetune,segssl_barlow_all-patient_psd-fc-wpli_finetune_seed13_pre20_proj32_mask0_03_noise0_02_mlp1_0_sup100,True,barlow,psd,all-patient,True,13,1.0,0.1,32,0.03,0.02
multimodal_psd-fc-wpli_gated_cnn,17,sub28,sub01;sub05;sub07;sub08;sub09;sub10;sub11;sub13;sub14;sub15;sub16;sub17;sub18;sub20;sub22;sub24;sub27,sub29,59,0.013504250906407833,0.09046908468008041,0.002,1e-05,1.0,1.0,True,False,multimodal,psd-fc-wpli,gated,cnn,True,finetune,segssl_barlow_all-patient_psd-fc-wpli_finetune_seed13_pre20_proj32_mask0_03_noise0_02_mlp1_0_sup100,True,barlow,psd,all-patient,True,13,1.0,0.1,32,0.03,0.02
multimodal_psd-fc-wpli_gated_cnn,17,sub28,sub01;sub05;sub07;sub08;sub09;sub10;sub11;sub13;sub14;sub15;sub16;sub17;sub18;sub20;sub22;sub24;sub27,sub29,60,0.011924361810088158,0.0843670442700386,0.002,1e-05,1.0,1.0,True,False,multimodal,psd-fc-wpli,gated,cnn,True,finetune,segssl_barlow_all-patient_psd-fc-wpli_finetune_seed13_pre20_proj32_mask0_03_noise0_02_mlp1_0_sup100,True,barlow,psd,all-patient,True,13,1.0,0.1,32,0.03,0.02
multimodal_psd-fc-wpli_gated_cnn,17,sub28,sub01;sub05;sub07;sub08;sub09;sub10;sub11;sub13;sub14;sub15;sub16;sub17;sub18;sub20;sub22;sub24;sub27,sub29,61,0.01055475976318121,0.07928924262523651,0.002,1e-05,1.0,1.0,True,False,multimodal,psd-fc-wpli,gated,cnn,True,finetune,segssl_barlow_all-patient_psd-fc-wpli_finetune_seed13_pre20_proj32_mask0_03_noise0_02_mlp1_0_sup100,True,barlow,psd,all-patient,True,13,1.0,0.1,32,0.03,0.02
multimodal_psd-fc-wpli_gated_cnn,17,sub28,sub01;sub05;sub07;sub08;sub09;sub10;sub11;sub13;sub14;sub15;sub16;sub17;sub18;sub20;sub22;sub24;sub27,sub29,62,0.009363973513245583,0.07481523603200912,0.002,1e-05,1.0,1.0,True,False,multimodal,psd-fc-wpli,gated,cnn,True,finetune,segssl_barlow_all-patient_psd-fc-wpli_finetune_seed13_pre20_proj32_mask0_03_noise0_02_mlp1_0_sup100,True,barlow,psd,all-patient,True,13,1.0,0.1,32,0.03,0.02
multimodal_psd-fc-wpli_gated_cnn,17,sub28,sub01;sub05;sub07;sub08;sub09;sub10;sub11;sub13;sub14;sub15;sub16;sub17;sub18;sub20;sub22;sub24;sub27,sub29,63,0.008326537907123566,0.0707644373178482,0.002,1e-05,1.0,1.0,True,False,multimodal,psd-fc-wpli,gated,cnn,True,finetune,segssl_barlow_all-patient_psd-fc-wpli_finetune_seed13_pre20_proj32_mask0_03_noise0_02_mlp1_0_sup100,True,barlow,psd,all-patient,True,13,1.0,0.1,32,0.03,0.02
multimodal_psd-fc-wpli_gated_cnn,17,sub28,sub01;sub05;sub07;sub08;sub09;sub10;sub11;sub13;sub14;sub15;sub16;sub17;sub18;sub20;sub22;sub24;sub27,sub29,64,0.007420618552714586,0.06710854172706604,0.002,1e-05,1.0,1.0,True,False,multimodal,psd-fc-wpli,gated,cnn,True,finetune,segssl_barlow_all-patient_psd-fc-wpli_finetune_seed13_pre20_proj32_mask0_03_noise0_02_mlp1_0_sup100,True,barlow,psd,all-patient,True,13,1.0,0.1,32,0.03,0.02
multimodal_psd-fc-wpli_gated_cnn,17,sub28,sub01;sub05;sub07;sub08;sub09;sub10;sub11;sub13;sub14;sub15;sub16;sub17;sub18;sub20;sub22;sub24;sub27,sub29,65,0.006631411146372557,0.06400981545448303,0.002,1e-05,1.0,1.0,True,False,multimodal,psd-fc-wpli,gated,cnn,True,finetune,segssl_barlow_all-patient_psd-fc-wpli_finetune_seed13_pre20_proj32_mask0_03_noise0_02_mlp1_0_sup100,True,barlow,psd,all-patient,True,13,1.0,0.1,32,0.03,0.02
multimodal_psd-fc-wpli_gated_cnn,17,sub28,sub01;sub05;sub07;sub08;sub09;sub10;sub11;sub13;sub14;sub15;sub16;sub17;sub18;sub20;sub22;sub24;sub27,sub29,66,0.005944882053881884,0.061251021921634674,0.002,1e-05,1.0,1.0,True,False,multimodal,psd-fc-wpli,gated,cnn,True,finetune,segssl_barlow_all-patient_psd-fc-wpli_finetune_seed13_pre20_proj32_mask0_03_noise0_02_mlp1_0_sup100,True,barlow,psd,all-patient,True,13,1.0,0.1,32,0.03,0.02
multimodal_psd-fc-wpli_gated_cnn,17,sub28,sub01;sub05;sub07;sub08;sub09;sub10;sub11;sub13;sub14;sub15;sub16;sub17;sub18;sub20;sub22;sub24;sub27,sub29,67,0.005350382067263126,0.0584409162402153,0.002,1e-05,1.0,1.0,True,False,multimodal,psd-fc-wpli,gated,cnn,True,finetune,segssl_barlow_all-patient_psd-fc-wpli_finetune_seed13_pre20_proj32_mask0_03_noise0_02_mlp1_0_sup100,True,barlow,psd,all-patient,True,13,1.0,0.1,32,0.03,0.02
multimodal_psd-fc-wpli_gated_cnn,17,sub28,sub01;sub05;sub07;sub08;sub09;sub10;sub11;sub13;sub14;sub15;sub16;sub17;sub18;sub20;sub22;sub24;sub27,sub29,68,0.004832496400922537,0.05565778538584709,0.002,1e-05,1.0,1.0,True,False,multimodal,psd-fc-wpli,gated,cnn,True,finetune,segssl_barlow_all-patient_psd-fc-wpli_finetune_seed13_pre20_proj32_mask0_03_noise0_02_mlp1_0_sup100,True,barlow,psd,all-patient,True,13,1.0,0.1,32,0.03,0.02
multimodal_psd-fc-wpli_gated_cnn,17,sub28,sub01;sub05;sub07;sub08;sub09;sub10;sub11;sub13;sub14;sub15;sub16;sub17;sub18;sub20;sub22;sub24;sub27,sub29,69,0.004381097853183746,0.052842848002910614,0.002,1e-05,1.0,1.0,True,False,multimodal,psd-fc-wpli,gated,cnn,True,finetune,segssl_barlow_all-patient_psd-fc-wpli_finetune_seed13_pre20_proj32_mask0_03_noise0_02_mlp1_0_sup100,True,barlow,psd,all-patient,True,13,1.0,0.1,32,0.03,0.02
multimodal_psd-fc-wpli_gated_cnn,17,sub28,sub01;sub05;sub07;sub08;sub09;sub10;sub11;sub13;sub14;sub15;sub16;sub17;sub18;sub20;sub22;sub24;sub27,sub29,70,0.003986285999417305,0.05002365633845329,0.002,1e-05,1.0,1.0,True,False,multimodal,psd-fc-wpli,gated,cnn,True,finetune,segssl_barlow_all-patient_psd-fc-wpli_finetune_seed13_pre20_proj32_mask0_03_noise0_02_mlp1_0_sup100,True,barlow,psd,all-patient,True,13,1.0,0.1,32,0.03,0.02
multimodal_psd-fc-wpli_gated_cnn,17,sub28,sub01;sub05;sub07;sub08;sub09;sub10;sub11;sub13;sub14;sub15;sub16;sub17;sub18;sub20;sub22;sub24;sub27,sub29,71,0.0036404216662049294,0.04718870669603348,0.002,1e-05,1.0,1.0,True,False,multimodal,psd-fc-wpli,gated,cnn,True,finetune,segssl_barlow_all-patient_psd-fc-wpli_finetune_seed13_pre20_proj32_mask0_03_noise0_02_mlp1_0_sup100,True,barlow,psd,all-patient,True,13,1.0,0.1,32,0.03,0.02
multimodal_psd-fc-wpli_gated_cnn,17,sub28,sub01;sub05;sub07;sub08;sub09;sub10;sub11;sub13;sub14;sub15;sub16;sub17;sub18;sub20;sub22;sub24;sub27,sub29,72,0.0033361150417476892,0.04434557259082794,0.002,1e-05,1.0,1.0,True,False,multimodal,psd-fc-wpli,gated,cnn,True,finetune,segssl_barlow_all-patient_psd-fc-wpli_finetune_seed13_pre20_proj32_mask0_03_noise0_02_mlp1_0_sup100,True,barlow,psd,all-patient,True,13,1.0,0.1,32,0.03,0.02
multimodal_psd-fc-wpli_gated_cnn,17,sub28,sub01;sub05;sub07;sub08;sub09;sub10;sub11;sub13;sub14;sub15;sub16;sub17;sub18;sub20;sub22;sub24;sub27,sub29,73,0.0030680918134748936,0.04156157374382019,0.002,1e-05,1.0,1.0,True,False,multimodal,psd-fc-wpli,gated,cnn,True,finetune,segssl_barlow_all-patient_psd-fc-wpli_finetune_seed13_pre20_proj32_mask0_03_noise0_02_mlp1_0_sup100,True,barlow,psd,all-patient,True,13,1.0,0.1,32,0.03,0.02
multimodal_psd-fc-wpli_gated_cnn,17,sub28,sub01;sub05;sub07;sub08;sub09;sub10;sub11;sub13;sub14;sub15;sub16;sub17;sub18;sub20;sub22;sub24;sub27,sub29,74,0.0028309542685747147,0.03886963799595833,0.002,1e-05,1.0,1.0,True,False,multimodal,psd-fc-wpli,gated,cnn,True,finetune,segssl_barlow_all-patient_psd-fc-wpli_finetune_seed13_pre20_proj32_mask0_03_noise0_02_mlp1_0_sup100,True,barlow,psd,all-patient,True,13,1.0,0.1,32,0.03,0.02
multimodal_psd-fc-wpli_gated_cnn,17,sub28,sub01;sub05;sub07;sub08;sub09;sub10;sub11;sub13;sub14;sub15;sub16;sub17;sub18;sub20;sub22;sub24;sub27,sub29,75,0.002620503306388855,0.036292776465415955,0.002,1e-05,1.0,1.0,True,False,multimodal,psd-fc-wpli,gated,cnn,True,finetune,segssl_barlow_all-patient_psd-fc-wpli_finetune_seed13_pre20_proj32_mask0_03_noise0_02_mlp1_0_sup100,True,barlow,psd,all-patient,True,13,1.0,0.1,32,0.03,0.02
multimodal_psd-fc-wpli_gated_cnn,17,sub28,sub01;sub05;sub07;sub08;sub09;sub10;sub11;sub13;sub14;sub15;sub16;sub17;sub18;sub20;sub22;sub24;sub27,sub29,76,0.0024332974571734667,0.03387272357940674,0.002,1e-05,1.0,1.0,True,False,multimodal,psd-fc-wpli,gated,cnn,True,finetune,segssl_barlow_all-patient_psd-fc-wpli_finetune_seed13_pre20_proj32_mask0_03_noise0_02_mlp1_0_sup100,True,barlow,psd,all-patient,True,13,1.0,0.1,32,0.03,0.02
multimodal_psd-fc-wpli_gated_cnn,17,sub28,sub01;sub05;sub07;sub08;sub09;sub10;sub11;sub13;sub14;sub15;sub16;sub17;sub18;sub20;sub22;sub24;sub27,sub29,77,0.002266522729769349,0.03169092535972595,0.002,1e-05,1.0,1.0,True,False,multimodal,psd-fc-wpli,gated,cnn,True,finetune,segssl_barlow_all-patient_psd-fc-wpli_finetune_seed13_pre20_proj32_mask0_03_noise0_02_mlp1_0_sup100,True,barlow,psd,all-patient,True,13,1.0,0.1,32,0.03,0.02
multimodal_psd-fc-wpli_gated_cnn,17,sub28,sub01;sub05;sub07;sub08;sub09;sub10;sub11;sub13;sub14;sub15;sub16;sub17;sub18;sub20;sub22;sub24;sub27,sub29,78,0.0021175455767661333,0.029733186587691307,0.002,1e-05,1.0,1.0,True,False,multimodal,psd-fc-wpli,gated,cnn,True,finetune,segssl_barlow_all-patient_psd-fc-wpli_finetune_seed13_pre20_proj32_mask0_03_noise0_02_mlp1_0_sup100,True,barlow,psd,all-patient,True,13,1.0,0.1,32,0.03,0.02
multimodal_psd-fc-wpli_gated_cnn,17,sub28,sub01;sub05;sub07;sub08;sub09;sub10;sub11;sub13;sub14;sub15;sub16;sub17;sub18;sub20;sub22;sub24;sub27,sub29,79,0.0019842516630887985,0.028019901365041733,0.002,1e-05,1.0,1.0,True,False,multimodal,psd-fc-wpli,gated,cnn,True,finetune,segssl_barlow_all-patient_psd-fc-wpli_finetune_seed13_pre20_proj32_mask0_03_noise0_02_mlp1_0_sup100,True,barlow,psd,all-patient,True,13,1.0,0.1,32,0.03,0.02
multimodal_psd-fc-wpli_gated_cnn,17,sub28,sub01;sub05;sub07;sub08;sub09;sub10;sub11;sub13;sub14;sub15;sub16;sub17;sub18;sub20;sub22;sub24;sub27,sub29,80,0.0018643609946593642,0.026502814143896103,0.002,1e-05,1.0,1.0,True,False,multimodal,psd-fc-wpli,gated,cnn,True,finetune,segssl_barlow_all-patient_psd-fc-wpli_finetune_seed13_pre20_proj32_mask0_03_noise0_02_mlp1_0_sup100,True,barlow,psd,all-patient,True,13,1.0,0.1,32,0.03,0.02
multimodal_psd-fc-wpli_gated_cnn,17,sub28,sub01;sub05;sub07;sub08;sub09;sub10;sub11;sub13;sub14;sub15;sub16;sub17;sub18;sub20;sub22;sub24;sub27,sub29,81,0.0017564822919666767,0.025131773203611374,0.002,1e-05,1.0,1.0,True,False,multimodal,psd-fc-wpli,gated,cnn,True,finetune,segssl_barlow_all-patient_psd-fc-wpli_finetune_seed13_pre20_proj32_mask0_03_noise0_02_mlp1_0_sup100,True,barlow,psd,all-patient,True,13,1.0,0.1,32,0.03,0.02
multimodal_psd-fc-wpli_gated_cnn,17,sub28,sub01;sub05;sub07;sub08;sub09;sub10;sub11;sub13;sub14;sub15;sub16;sub17;sub18;sub20;sub22;sub24;sub27,sub29,82,0.001659791567362845,0.023835796862840652,0.002,1e-05,1.0,1.0,True,False,multimodal,psd-fc-wpli,gated,cnn,True,finetune,segssl_barlow_all-patient_psd-fc-wpli_finetune_seed13_pre20_proj32_mask0_03_noise0_02_mlp1_0_sup100,True,barlow,psd,all-patient,True,13,1.0,0.1,32,0.03,0.02
multimodal_psd-fc-wpli_gated_cnn,17,sub28,sub01;sub05;sub07;sub08;sub09;sub10;sub11;sub13;sub14;sub15;sub16;sub17;sub18;sub20;sub22;sub24;sub27,sub29,83,0.0015720162773504853,0.0226259957998991,0.002,1e-05,1.0,1.0,True,False,multimodal,psd-fc-wpli,gated,cnn,True,finetune,segssl_barlow_all-patient_psd-fc-wpli_finetune_seed13_pre20_proj32_mask0_03_noise0_02_mlp1_0_sup100,True,barlow,psd,all-patient,True,13,1.0,0.1,32,0.03,0.02
multimodal_psd-fc-wpli_gated_cnn,17,sub28,sub01;sub05;sub07;sub08;sub09;sub10;sub11;sub13;sub14;sub15;sub16;sub17;sub18;sub20;sub22;sub24;sub27,sub29,84,0.0014920562971383333,0.021468384191393852,0.002,1e-05,1.0,1.0,True,False,multimodal,psd-fc-wpli,gated,cnn,True,finetune,segssl_barlow_all-patient_psd-fc-wpli_finetune_seed13_pre20_proj32_mask0_03_noise0_02_mlp1_0_sup100,True,barlow,psd,all-patient,True,13,1.0,0.1,32,0.03,0.02
multimodal_psd-fc-wpli_gated_cnn,17,sub28,sub01;sub05;sub07;sub08;sub09;sub10;sub11;sub13;sub14;sub15;sub16;sub17;sub18;sub20;sub22;sub24;sub27,sub29,85,0.0014191666850820184,0.02042045071721077,0.002,1e-05,1.0,1.0,True,False,multimodal,psd-fc-wpli,gated,cnn,True,finetune,segssl_barlow_all-patient_psd-fc-wpli_finetune_seed13_pre20_proj32_mask0_03_noise0_02_mlp1_0_sup100,True,barlow,psd,all-patient,True,13,1.0,0.1,32,0.03,0.02
multimodal_psd-fc-wpli_gated_cnn,17,sub28,sub01;sub05;sub07;sub08;sub09;sub10;sub11;sub13;sub14;sub15;sub16;sub17;sub18;sub20;sub22;sub24;sub27,sub29,86,0.0013528520939871669,0.019496500492095947,0.002,1e-05,1.0,1.0,True,False,multimodal,psd-fc-wpli,gated,cnn,True,finetune,segssl_barlow_all-patient_psd-fc-wpli_finetune_seed13_pre20_proj32_mask0_03_noise0_02_mlp1_0_sup100,True,barlow,psd,all-patient,True,13,1.0,0.1,32,0.03,0.02
multimodal_psd-fc-wpli_gated_cnn,17,sub28,sub01;sub05;sub07;sub08;sub09;sub10;sub11;sub13;sub14;sub15;sub16;sub17;sub18;sub20;sub22;sub24;sub27,sub29,87,0.0012923526810482144,0.018668195232748985,0.002,1e-05,1.0,1.0,True,False,multimodal,psd-fc-wpli,gated,cnn,True,finetune,segssl_barlow_all-patient_psd-fc-wpli_finetune_seed13_pre20_proj32_mask0_03_noise0_02_mlp1_0_sup100,True,barlow,psd,all-patient,True,13,1.0,0.1,32,0.03,0.02
multimodal_psd-fc-wpli_gated_cnn,17,sub28,sub01;sub05;sub07;sub08;sub09;sub10;sub11;sub13;sub14;sub15;sub16;sub17;sub18;sub20;sub22;sub24;sub27,sub29,88,0.0012367275776341558,0.01793638803064823,0.002,1e-05,1.0,1.0,True,False,multimodal,psd-fc-wpli,gated,cnn,True,finetune,segssl_barlow_all-patient_psd-fc-wpli_finetune_seed13_pre20_proj32_mask0_03_noise0_02_mlp1_0_sup100,True,barlow,psd,all-patient,True,13,1.0,0.1,32,0.03,0.02
multimodal_psd-fc-wpli_gated_cnn,17,sub28,sub01;sub05;sub07;sub08;sub09;sub10;sub11;sub13;sub14;sub15;sub16;sub17;sub18;sub20;sub22;sub24;sub27,sub29,89,0.0011854469776153564,0.017277099192142487,0.002,1e-05,1.0,1.0,True,False,multimodal,psd-fc-wpli,gated,cnn,True,finetune,segssl_barlow_all-patient_psd-fc-wpli_finetune_seed13_pre20_proj32_mask0_03_noise0_02_mlp1_0_sup100,True,barlow,psd,all-patient,True,13,1.0,0.1,32,0.03,0.02
multimodal_psd-fc-wpli_gated_cnn,17,sub28,sub01;sub05;sub07;sub08;sub09;sub10;sub11;sub13;sub14;sub15;sub16;sub17;sub18;sub20;sub22;sub24;sub27,sub29,90,0.001138215884566307,0.016657697036862373,0.002,1e-05,1.0,1.0,True,False,multimodal,psd-fc-wpli,gated,cnn,True,finetune,segssl_barlow_all-patient_psd-fc-wpli_finetune_seed13_pre20_proj32_mask0_03_noise0_02_mlp1_0_sup100,True,barlow,psd,all-patient,True,13,1.0,0.1,32,0.03,0.02
multimodal_psd-fc-wpli_gated_cnn,17,sub28,sub01;sub05;sub07;sub08;sub09;sub10;sub11;sub13;sub14;sub15;sub16;sub17;sub18;sub20;sub22;sub24;sub27,sub29,91,0.0010943716624751687,0.01609240472316742,0.002,1e-05,1.0,1.0,True,False,multimodal,psd-fc-wpli,gated,cnn,True,finetune,segssl_barlow_all-patient_psd-fc-wpli_finetune_seed13_pre20_proj32_mask0_03_noise0_02_mlp1_0_sup100,True,barlow,psd,all-patient,True,13,1.0,0.1,32,0.03,0.02
multimodal_psd-fc-wpli_gated_cnn,17,sub28,sub01;sub05;sub07;sub08;sub09;sub10;sub11;sub13;sub14;sub15;sub16;sub17;sub18;sub20;sub22;sub24;sub27,sub29,92,0.0010537185007706285,0.015566721558570862,0.002,1e-05,1.0,1.0,True,False,multimodal,psd-fc-wpli,gated,cnn,True,finetune,segssl_barlow_all-patient_psd-fc-wpli_finetune_seed13_pre20_proj32_mask0_03_noise0_02_mlp1_0_sup100,True,barlow,psd,all-patient,True,13,1.0,0.1,32,0.03,0.02
multimodal_psd-fc-wpli_gated_cnn,17,sub28,sub01;sub05;sub07;sub08;sub09;sub10;sub11;sub13;sub14;sub15;sub16;sub17;sub18;sub20;sub22;sub24;sub27,sub29,93,0.0010158914374187589,0.015066183172166348,0.002,1e-05,1.0,1.0,True,False,multimodal,psd-fc-wpli,gated,cnn,True,finetune,segssl_barlow_all-patient_psd-fc-wpli_finetune_seed13_pre20_proj32_mask0_03_noise0_02_mlp1_0_sup100,True,barlow,psd,all-patient,True,13,1.0,0.1,32,0.03,0.02
multimodal_psd-fc-wpli_gated_cnn,17,sub28,sub01;sub05;sub07;sub08;sub09;sub10;sub11;sub13;sub14;sub15;sub16;sub17;sub18;sub20;sub22;sub24;sub27,sub29,94,0.00098053936380893,0.01458803005516529,0.002,1e-05,1.0,1.0,True,False,multimodal,psd-fc-wpli,gated,cnn,True,finetune,segssl_barlow_all-patient_psd-fc-wpli_finetune_seed13_pre20_proj32_mask0_03_noise0_02_mlp1_0_sup100,True,barlow,psd,all-patient,True,13,1.0,0.1,32,0.03,0.02
multimodal_psd-fc-wpli_gated_cnn,17,sub28,sub01;sub05;sub07;sub08;sub09;sub10;sub11;sub13;sub14;sub15;sub16;sub17;sub18;sub20;sub22;sub24;sub27,sub29,95,0.000947523454669863,0.014124071225523949,0.002,1e-05,1.0,1.0,True,False,multimodal,psd-fc-wpli,gated,cnn,True,finetune,segssl_barlow_all-patient_psd-fc-wpli_finetune_seed13_pre20_proj32_mask0_03_noise0_02_mlp1_0_sup100,True,barlow,psd,all-patient,True,13,1.0,0.1,32,0.03,0.02
multimodal_psd-fc-wpli_gated_cnn,17,sub28,sub01;sub05;sub07;sub08;sub09;sub10;sub11;sub13;sub14;sub15;sub16;sub17;sub18;sub20;sub22;sub24;sub27,sub29,96,0.000916625780519098,0.013683348894119263,0.002,1e-05,1.0,1.0,True,False,multimodal,psd-fc-wpli,gated,cnn,True,finetune,segssl_barlow_all-patient_psd-fc-wpli_finetune_seed13_pre20_proj32_mask0_03_noise0_02_mlp1_0_sup100,True,barlow,psd,all-patient,True,13,1.0,0.1,32,0.03,0.02
multimodal_psd-fc-wpli_gated_cnn,17,sub28,sub01;sub05;sub07;sub08;sub09;sub10;sub11;sub13;sub14;sub15;sub16;sub17;sub18;sub20;sub22;sub24;sub27,sub29,97,0.0008877893560566008,0.013215701095759869,0.002,1e-05,1.0,1.0,True,False,multimodal,psd-fc-wpli,gated,cnn,True,finetune,segssl_barlow_all-patient_psd-fc-wpli_finetune_seed13_pre20_proj32_mask0_03_noise0_02_mlp1_0_sup100,True,barlow,psd,all-patient,True,13,1.0,0.1,32,0.03,0.02
multimodal_psd-fc-wpli_gated_cnn,17,sub28,sub01;sub05;sub07;sub08;sub09;sub10;sub11;sub13;sub14;sub15;sub16;sub17;sub18;sub20;sub22;sub24;sub27,sub29,98,0.0008604744216427207,0.012759259901940823,0.002,1e-05,1.0,1.0,True,False,multimodal,psd-fc-wpli,gated,cnn,True,finetune,segssl_barlow_all-patient_psd-fc-wpli_finetune_seed13_pre20_proj32_mask0_03_noise0_02_mlp1_0_sup100,True,barlow,psd,all-patient,True,13,1.0,0.1,32,0.03,0.02
multimodal_psd-fc-wpli_gated_cnn,17,sub28,sub01;sub05;sub07;sub08;sub09;sub10;sub11;sub13;sub14;sub15;sub16;sub17;sub18;sub20;sub22;sub24;sub27,sub29,99,0.0008348693372681737,0.012325535528361797,0.002,1e-05,1.0,1.0,True,False,multimodal,psd-fc-wpli,gated,cnn,True,finetune,segssl_barlow_all-patient_psd-fc-wpli_finetune_seed13_pre20_proj32_mask0_03_noise0_02_mlp1_0_sup100,True,barlow,psd,all-patient,True,13,1.0,0.1,32,0.03,0.02
multimodal_psd-fc-wpli_gated_cnn,17,sub28,sub01;sub05;sub07;sub08;sub09;sub10;sub11;sub13;sub14;sub15;sub16;sub17;sub18;sub20;sub22;sub24;sub27,sub29,100,0.0008107293979264796,0.011924509890377522,0.002,1e-05,1.0,1.0,True,False,multimodal,psd-fc-wpli,gated,cnn,True,finetune,segssl_barlow_all-patient_psd-fc-wpli_finetune_seed13_pre20_proj32_mask0_03_noise0_02_mlp1_0_sup100,True,barlow,psd,all-patient,True,13,1.0,0.1,32,0.03,0.02
multimodal_psd-fc-wpli_gated_cnn,18,sub29,sub05;sub07;sub08;sub09;sub10;sub11;sub13;sub14;sub15;sub16;sub17;sub18;sub20;sub22;sub24;sub27;sub28,sub01,1,0.6957837343215942,0.6789728999137878,0.002,1e-05,1.0,1.0,True,False,multimodal,psd-fc-wpli,gated,cnn,True,finetune,segssl_barlow_all-patient_psd-fc-wpli_finetune_seed13_pre20_proj32_mask0_03_noise0_02_mlp1_0_sup100,True,barlow,psd,all-patient,True,13,1.0,0.1,32,0.03,0.02
multimodal_psd-fc-wpli_gated_cnn,18,sub29,sub05;sub07;sub08;sub09;sub10;sub11;sub13;sub14;sub15;sub16;sub17;sub18;sub20;sub22;sub24;sub27;sub28,sub01,2,0.6896415948867798,0.6813051104545593,0.002,1e-05,1.0,1.0,False,False,multimodal,psd-fc-wpli,gated,cnn,True,finetune,segssl_barlow_all-patient_psd-fc-wpli_finetune_seed13_pre20_proj32_mask0_03_noise0_02_mlp1_0_sup100,True,barlow,psd,all-patient,True,13,1.0,0.1,32,0.03,0.02
multimodal_psd-fc-wpli_gated_cnn,18,sub29,sub05;sub07;sub08;sub09;sub10;sub11;sub13;sub14;sub15;sub16;sub17;sub18;sub20;sub22;sub24;sub27;sub28,sub01,3,0.6840510964393616,0.6845139861106873,0.002,1e-05,1.0,1.0,False,False,multimodal,psd-fc-wpli,gated,cnn,True,finetune,segssl_barlow_all-patient_psd-fc-wpli_finetune_seed13_pre20_proj32_mask0_03_noise0_02_mlp1_0_sup100,True,barlow,psd,all-patient,True,13,1.0,0.1,32,0.03,0.02
multimodal_psd-fc-wpli_gated_cnn,18,sub29,sub05;sub07;sub08;sub09;sub10;sub11;sub13;sub14;sub15;sub16;sub17;sub18;sub20;sub22;sub24;sub27;sub28,sub01,4,0.6784065365791321,0.6871579885482788,0.002,1e-05,1.0,1.0,False,False,multimodal,psd-fc-wpli,gated,cnn,True,finetune,segssl_barlow_all-patient_psd-fc-wpli_finetune_seed13_pre20_proj32_mask0_03_noise0_02_mlp1_0_sup100,True,barlow,psd,all-patient,True,13,1.0,0.1,32,0.03,0.02
multimodal_psd-fc-wpli_gated_cnn,18,sub29,sub05;sub07;sub08;sub09;sub10;sub11;sub13;sub14;sub15;sub16;sub17;sub18;sub20;sub22;sub24;sub27;sub28,sub01,5,0.6722129583358765,0.6884527802467346,0.002,1e-05,1.0,1.0,False,False,multimodal,psd-fc-wpli,gated,cnn,True,finetune,segssl_barlow_all-patient_psd-fc-wpli_finetune_seed13_pre20_proj32_mask0_03_noise0_02_mlp1_0_sup100,True,barlow,psd,all-patient,True,13,1.0,0.1,32,0.03,0.02
multimodal_psd-fc-wpli_gated_cnn,18,sub29,sub05;sub07;sub08;sub09;sub10;sub11;sub13;sub14;sub15;sub16;sub17;sub18;sub20;sub22;sub24;sub27;sub28,sub01,6,0.6651840806007385,0.6849850416183472,0.002,1e-05,1.0,1.0,False,False,multimodal,psd-fc-wpli,gated,cnn,True,finetune,segssl_barlow_all-patient_psd-fc-wpli_finetune_seed13_pre20_proj32_mask0_03_noise0_02_mlp1_0_sup100,True,barlow,psd,all-patient,True,13,1.0,0.1,32,0.03,0.02
multimodal_psd-fc-wpli_gated_cnn,18,sub29,sub05;sub07;sub08;sub09;sub10;sub11;sub13;sub14;sub15;sub16;sub17;sub18;sub20;sub22;sub24;sub27;sub28,sub01,7,0.6572774648666382,0.6822554469108582,0.002,1e-05,1.0,1.0,False,False,multimodal,psd-fc-wpli,gated,cnn,True,finetune,segssl_barlow_all-patient_psd-fc-wpli_finetune_seed13_pre20_proj32_mask0_03_noise0_02_mlp1_0_sup100,True,barlow,psd,all-patient,True,13,1.0,0.1,32,0.03,0.02
multimodal_psd-fc-wpli_gated_cnn,18,sub29,sub05;sub07;sub08;sub09;sub10;sub11;sub13;sub14;sub15;sub16;sub17;sub18;sub20;sub22;sub24;sub27;sub28,sub01,8,0.648544430732727,0.6798643469810486,0.002,1e-05,1.0,1.0,False,False,multimodal,psd-fc-wpli,gated,cnn,True,finetune,segssl_barlow_all-patient_psd-fc-wpli_finetune_seed13_pre20_proj32_mask0_03_noise0_02_mlp1_0_sup100,True,barlow,psd,all-patient,True,13,1.0,0.1,32,0.03,0.02
multimodal_psd-fc-wpli_gated_cnn,18,sub29,sub05;sub07;sub08;sub09;sub10;sub11;sub13;sub14;sub15;sub16;sub17;sub18;sub20;sub22;sub24;sub27;sub28,sub01,9,0.638925313949585,0.677240252494812,0.002,1e-05,1.0,1.0,True,False,multimodal,psd-fc-wpli,gated,cnn,True,finetune,segssl_barlow_all-patient_psd-fc-wpli_finetune_seed13_pre20_proj32_mask0_03_noise0_02_mlp1_0_sup100,True,barlow,psd,all-patient,True,13,1.0,0.1,32,0.03,0.02
multimodal_psd-fc-wpli_gated_cnn,18,sub29,sub05;sub07;sub08;sub09;sub10;sub11;sub13;sub14;sub15;sub16;sub17;sub18;sub20;sub22;sub24;sub27;sub28,sub01,10,0.6282745599746704,0.6763663291931152,0.002,1e-05,1.0,1.0,True,False,multimodal,psd-fc-wpli,gated,cnn,True,finetune,segssl_barlow_all-patient_psd-fc-wpli_finetune_seed13_pre20_proj32_mask0_03_noise0_02_mlp1_0_sup100,True,barlow,psd,all-patient,True,13,1.0,0.1,32,0.03,0.02
multimodal_psd-fc-wpli_gated_cnn,18,sub29,sub05;sub07;sub08;sub09;sub10;sub11;sub13;sub14;sub15;sub16;sub17;sub18;sub20;sub22;sub24;sub27;sub28,sub01,11,0.6165264844894409,0.6751363277435303,0.002,1e-05,1.0,1.0,True,False,multimodal,psd-fc-wpli,gated,cnn,True,finetune,segssl_barlow_all-patient_psd-fc-wpli_finetune_seed13_pre20_proj32_mask0_03_noise0_02_mlp1_0_sup100,True,barlow,psd,all-patient,True,13,1.0,0.1,32,0.03,0.02
multimodal_psd-fc-wpli_gated_cnn,18,sub29,sub05;sub07;sub08;sub09;sub10;sub11;sub13;sub14;sub15;sub16;sub17;sub18;sub20;sub22;sub24;sub27;sub28,sub01,12,0.6036473512649536,0.6716626882553101,0.002,1e-05,1.0,1.0,True,False,multimodal,psd-fc-wpli,gated,cnn,True,finetune,segssl_barlow_all-patient_psd-fc-wpli_finetune_seed13_pre20_proj32_mask0_03_noise0_02_mlp1_0_sup100,True,barlow,psd,all-patient,True,13,1.0,0.1,32,0.03,0.02
multimodal_psd-fc-wpli_gated_cnn,18,sub29,sub05;sub07;sub08;sub09;sub10;sub11;sub13;sub14;sub15;sub16;sub17;sub18;sub20;sub22;sub24;sub27;sub28,sub01,13,0.5898799896240234,0.6644721031188965,0.002,1e-05,1.0,1.0,True,False,multimodal,psd-fc-wpli,gated,cnn,True,finetune,segssl_barlow_all-patient_psd-fc-wpli_finetune_seed13_pre20_proj32_mask0_03_noise0_02_mlp1_0_sup100,True,barlow,psd,all-patient,True,13,1.0,0.1,32,0.03,0.02
multimodal_psd-fc-wpli_gated_cnn,18,sub29,sub05;sub07;sub08;sub09;sub10;sub11;sub13;sub14;sub15;sub16;sub17;sub18;sub20;sub22;sub24;sub27;sub28,sub01,14,0.5752148628234863,0.652076780796051,0.002,1e-05,1.0,1.0,True,False,multimodal,psd-fc-wpli,gated,cnn,True,finetune,segssl_barlow_all-patient_psd-fc-wpli_finetune_seed13_pre20_proj32_mask0_03_noise0_02_mlp1_0_sup100,True,barlow,psd,all-patient,True,13,1.0,0.1,32,0.03,0.02
multimodal_psd-fc-wpli_gated_cnn,18,sub29,sub05;sub07;sub08;sub09;sub10;sub11;sub13;sub14;sub15;sub16;sub17;sub18;sub20;sub22;sub24;sub27;sub28,sub01,15,0.5596973299980164,0.6348399519920349,0.002,1e-05,1.0,1.0,True,False,multimodal,psd-fc-wpli,gated,cnn,True,finetune,segssl_barlow_all-patient_psd-fc-wpli_finetune_seed13_pre20_proj32_mask0_03_noise0_02_mlp1_0_sup100,True,barlow,psd,all-patient,True,13,1.0,0.1,32,0.03,0.02
multimodal_psd-fc-wpli_gated_cnn,18,sub29,sub05;sub07;sub08;sub09;sub10;sub11;sub13;sub14;sub15;sub16;sub17;sub18;sub20;sub22;sub24;sub27;sub28,sub01,16,0.5432234406471252,0.6148045659065247,0.002,1e-05,1.0,1.0,True,False,multimodal,psd-fc-wpli,gated,cnn,True,finetune,segssl_barlow_all-patient_psd-fc-wpli_finetune_seed13_pre20_proj32_mask0_03_noise0_02_mlp1_0_sup100,True,barlow,psd,all-patient,True,13,1.0,0.1,32,0.03,0.02
multimodal_psd-fc-wpli_gated_cnn,18,sub29,sub05;sub07;sub08;sub09;sub10;sub11;sub13;sub14;sub15;sub16;sub17;sub18;sub20;sub22;sub24;sub27;sub28,sub01,17,0.5255451202392578,0.5906516909599304,0.002,1e-05,1.0,1.0,True,False,multimodal,psd-fc-wpli,gated,cnn,True,finetune,segssl_barlow_all-patient_psd-fc-wpli_finetune_seed13_pre20_proj32_mask0_03_noise0_02_mlp1_0_sup100,True,barlow,psd,all-patient,True,13,1.0,0.1,32,0.03,0.02
multimodal_psd-fc-wpli_gated_cnn,18,sub29,sub05;sub07;sub08;sub09;sub10;sub11;sub13;sub14;sub15;sub16;sub17;sub18;sub20;sub22;sub24;sub27;sub28,sub01,18,0.5068657994270325,0.5635563135147095,0.002,1e-05,1.0,1.0,True,False,multimodal,psd-fc-wpli,gated,cnn,True,finetune,segssl_barlow_all-patient_psd-fc-wpli_finetune_seed13_pre20_proj32_mask0_03_noise0_02_mlp1_0_sup100,True,barlow,psd,all-patient,True,13,1.0,0.1,32,0.03,0.02
multimodal_psd-fc-wpli_gated_cnn,18,sub29,sub05;sub07;sub08;sub09;sub10;sub11;sub13;sub14;sub15;sub16;sub17;sub18;sub20;sub22;sub24;sub27;sub28,sub01,19,0.4872290790081024,0.5336368083953857,0.002,1e-05,1.0,1.0,True,False,multimodal,psd-fc-wpli,gated,cnn,True,finetune,segssl_barlow_all-patient_psd-fc-wpli_finetune_seed13_pre20_proj32_mask0_03_noise0_02_mlp1_0_sup100,True,barlow,psd,all-patient,True,13,1.0,0.1,32,0.03,0.02
multimodal_psd-fc-wpli_gated_cnn,18,sub29,sub05;sub07;sub08;sub09;sub10;sub11;sub13;sub14;sub15;sub16;sub17;sub18;sub20;sub22;sub24;sub27;sub28,sub01,20,0.46663329005241394,0.5025534629821777,0.002,1e-05,1.0,1.0,True,False,multimodal,psd-fc-wpli,gated,cnn,True,finetune,segssl_barlow_all-patient_psd-fc-wpli_finetune_seed13_pre20_proj32_mask0_03_noise0_02_mlp1_0_sup100,True,barlow,psd,all-patient,True,13,1.0,0.1,32,0.03,0.02
multimodal_psd-fc-wpli_gated_cnn,18,sub29,sub05;sub07;sub08;sub09;sub10;sub11;sub13;sub14;sub15;sub16;sub17;sub18;sub20;sub22;sub24;sub27;sub28,sub01,21,0.44506528973579407,0.4711093604564667,0.002,1e-05,1.0,1.0,True,False,multimodal,psd-fc-wpli,gated,cnn,True,finetune,segssl_barlow_all-patient_psd-fc-wpli_finetune_seed13_pre20_proj32_mask0_03_noise0_02_mlp1_0_sup100,True,barlow,psd,all-patient,True,13,1.0,0.1,32,0.03,0.02
multimodal_psd-fc-wpli_gated_cnn,18,sub29,sub05;sub07;sub08;sub09;sub10;sub11;sub13;sub14;sub15;sub16;sub17;sub18;sub20;sub22;sub24;sub27;sub28,sub01,22,0.4227558672428131,0.440287709236145,0.002,1e-05,1.0,1.0,True,False,multimodal,psd-fc-wpli,gated,cnn,True,finetune,segssl_barlow_all-patient_psd-fc-wpli_finetune_seed13_pre20_proj32_mask0_03_noise0_02_mlp1_0_sup100,True,barlow,psd,all-patient,True,13,1.0,0.1,32,0.03,0.02
multimodal_psd-fc-wpli_gated_cnn,18,sub29,sub05;sub07;sub08;sub09;sub10;sub11;sub13;sub14;sub15;sub16;sub17;sub18;sub20;sub22;sub24;sub27;sub28,sub01,23,0.39985713362693787,0.41208615899086,0.002,1e-05,1.0,1.0,True,False,multimodal,psd-fc-wpli,gated,cnn,True,finetune,segssl_barlow_all-patient_psd-fc-wpli_finetune_seed13_pre20_proj32_mask0_03_noise0_02_mlp1_0_sup100,True,barlow,psd,all-patient,True,13,1.0,0.1,32,0.03,0.02
multimodal_psd-fc-wpli_gated_cnn,18,sub29,sub05;sub07;sub08;sub09;sub10;sub11;sub13;sub14;sub15;sub16;sub17;sub18;sub20;sub22;sub24;sub27;sub28,sub01,24,0.3766927719116211,0.38811761140823364,0.002,1e-05,1.0,1.0,True,False,multimodal,psd-fc-wpli,gated,cnn,True,finetune,segssl_barlow_all-patient_psd-fc-wpli_finetune_seed13_pre20_proj32_mask0_03_noise0_02_mlp1_0_sup100,True,barlow,psd,all-patient,True,13,1.0,0.1,32,0.03,0.02
multimodal_psd-fc-wpli_gated_cnn,18,sub29,sub05;sub07;sub08;sub09;sub10;sub11;sub13;sub14;sub15;sub16;sub17;sub18;sub20;sub22;sub24;sub27;sub28,sub01,25,0.35331910848617554,0.3656429052352905,0.002,1e-05,1.0,1.0,True,False,multimodal,psd-fc-wpli,gated,cnn,True,finetune,segssl_barlow_all-patient_psd-fc-wpli_finetune_seed13_pre20_proj32_mask0_03_noise0_02_mlp1_0_sup100,True,barlow,psd,all-patient,True,13,1.0,0.1,32,0.03,0.02
multimodal_psd-fc-wpli_gated_cnn,18,sub29,sub05;sub07;sub08;sub09;sub10;sub11;sub13;sub14;sub15;sub16;sub17;sub18;sub20;sub22;sub24;sub27;sub28,sub01,26,0.3296918570995331,0.3433663249015808,0.002,1e-05,1.0,1.0,True,False,multimodal,psd-fc-wpli,gated,cnn,True,finetune,segssl_barlow_all-patient_psd-fc-wpli_finetune_seed13_pre20_proj32_mask0_03_noise0_02_mlp1_0_sup100,True,barlow,psd,all-patient,True,13,1.0,0.1,32,0.03,0.02
multimodal_psd-fc-wpli_gated_cnn,18,sub29,sub05;sub07;sub08;sub09;sub10;sub11;sub13;sub14;sub15;sub16;sub17;sub18;sub20;sub22;sub24;sub27;sub28,sub01,27,0.30643290281295776,0.32305118441581726,0.002,1e-05,1.0,1.0,True,False,multimodal,psd-fc-wpli,gated,cnn,True,finetune,segssl_barlow_all-patient_psd-fc-wpli_finetune_seed13_pre20_proj32_mask0_03_noise0_02_mlp1_0_sup100,True,barlow,psd,all-patient,True,13,1.0,0.1,32,0.03,0.02
multimodal_psd-fc-wpli_gated_cnn,18,sub29,sub05;sub07;sub08;sub09;sub10;sub11;sub13;sub14;sub15;sub16;sub17;sub18;sub20;sub22;sub24;sub27;sub28,sub01,28,0.2837659418582916,0.30489715933799744,0.002,1e-05,1.0,1.0,True,False,multimodal,psd-fc-wpli,gated,cnn,True,finetune,segssl_barlow_all-patient_psd-fc-wpli_finetune_seed13_pre20_proj32_mask0_03_noise0_02_mlp1_0_sup100,True,barlow,psd,all-patient,True,13,1.0,0.1,32,0.03,0.02
multimodal_psd-fc-wpli_gated_cnn,18,sub29,sub05;sub07;sub08;sub09;sub10;sub11;sub13;sub14;sub15;sub16;sub17;sub18;sub20;sub22;sub24;sub27;sub28,sub01,29,0.2617139220237732,0.288129061460495,0.002,1e-05,1.0,1.0,True,False,multimodal,psd-fc-wpli,gated,cnn,True,finetune,segssl_barlow_all-patient_psd-fc-wpli_finetune_seed13_pre20_proj32_mask0_03_noise0_02_mlp1_0_sup100,True,barlow,psd,all-patient,True,13,1.0,0.1,32,0.03,0.02
multimodal_psd-fc-wpli_gated_cnn,18,sub29,sub05;sub07;sub08;sub09;sub10;sub11;sub13;sub14;sub15;sub16;sub17;sub18;sub20;sub22;sub24;sub27;sub28,sub01,30,0.24038447439670563,0.2698940336704254,0.002,1e-05,1.0,1.0,True,False,multimodal,psd-fc-wpli,gated,cnn,True,finetune,segssl_barlow_all-patient_psd-fc-wpli_finetune_seed13_pre20_proj32_mask0_03_noise0_02_mlp1_0_sup100,True,barlow,psd,all-patient,True,13,1.0,0.1,32,0.03,0.02
multimodal_psd-fc-wpli_gated_cnn,18,sub29,sub05;sub07;sub08;sub09;sub10;sub11;sub13;sub14;sub15;sub16;sub17;sub18;sub20;sub22;sub24;sub27;sub28,sub01,31,0.21963347494602203,0.2505570948123932,0.002,1e-05,1.0,1.0,True,False,multimodal,psd-fc-wpli,gated,cnn,True,finetune,segssl_barlow_all-patient_psd-fc-wpli_finetune_seed13_pre20_proj32_mask0_03_noise0_02_mlp1_0_sup100,True,barlow,psd,all-patient,True,13,1.0,0.1,32,0.03,0.02
multimodal_psd-fc-wpli_gated_cnn,18,sub29,sub05;sub07;sub08;sub09;sub10;sub11;sub13;sub14;sub15;sub16;sub17;sub18;sub20;sub22;sub24;sub27;sub28,sub01,32,0.19969584047794342,0.23173584043979645,0.002,1e-05,1.0,1.0,True,False,multimodal,psd-fc-wpli,gated,cnn,True,finetune,segssl_barlow_all-patient_psd-fc-wpli_finetune_seed13_pre20_proj32_mask0_03_noise0_02_mlp1_0_sup100,True,barlow,psd,all-patient,True,13,1.0,0.1,32,0.03,0.02
multimodal_psd-fc-wpli_gated_cnn,18,sub29,sub05;sub07;sub08;sub09;sub10;sub11;sub13;sub14;sub15;sub16;sub17;sub18;sub20;sub22;sub24;sub27;sub28,sub01,33,0.18078699707984924,0.21527576446533203,0.002,1e-05,1.0,1.0,True,False,multimodal,psd-fc-wpli,gated,cnn,True,finetune,segssl_barlow_all-patient_psd-fc-wpli_finetune_seed13_pre20_proj32_mask0_03_noise0_02_mlp1_0_sup100,True,barlow,psd,all-patient,True,13,1.0,0.1,32,0.03,0.02
multimodal_psd-fc-wpli_gated_cnn,18,sub29,sub05;sub07;sub08;sub09;sub10;sub11;sub13;sub14;sub15;sub16;sub17;sub18;sub20;sub22;sub24;sub27;sub28,sub01,34,0.16282904148101807,0.20056748390197754,0.002,1e-05,1.0,1.0,True,False,multimodal,psd-fc-wpli,gated,cnn,True,finetune,segssl_barlow_all-patient_psd-fc-wpli_finetune_seed13_pre20_proj32_mask0_03_noise0_02_mlp1_0_sup100,True,barlow,psd,all-patient,True,13,1.0,0.1,32,0.03,0.02
multimodal_psd-fc-wpli_gated_cnn,18,sub29,sub05;sub07;sub08;sub09;sub10;sub11;sub13;sub14;sub15;sub16;sub17;sub18;sub20;sub22;sub24;sub27;sub28,sub01,35,0.14595289528369904,0.18525570631027222,0.002,1e-05,1.0,1.0,True,False,multimodal,psd-fc-wpli,gated,cnn,True,finetune,segssl_barlow_all-patient_psd-fc-wpli_finetune_seed13_pre20_proj32_mask0_03_noise0_02_mlp1_0_sup100,True,barlow,psd,all-patient,True,13,1.0,0.1,32,0.03,0.02
multimodal_psd-fc-wpli_gated_cnn,18,sub29,sub05;sub07;sub08;sub09;sub10;sub11;sub13;sub14;sub15;sub16;sub17;sub18;sub20;sub22;sub24;sub27;sub28,sub01,36,0.13010109961032867,0.16955217719078064,0.002,1e-05,1.0,1.0,True,False,multimodal,psd-fc-wpli,gated,cnn,True,finetune,segssl_barlow_all-patient_psd-fc-wpli_finetune_seed13_pre20_proj32_mask0_03_noise0_02_mlp1_0_sup100,True,barlow,psd,all-patient,True,13,1.0,0.1,32,0.03,0.02
multimodal_psd-fc-wpli_gated_cnn,18,sub29,sub05;sub07;sub08;sub09;sub10;sub11;sub13;sub14;sub15;sub16;sub17;sub18;sub20;sub22;sub24;sub27;sub28,sub01,37,0.115324467420578,0.15347664058208466,0.002,1e-05,1.0,1.0,True,False,multimodal,psd-fc-wpli,gated,cnn,True,finetune,segssl_barlow_all-patient_psd-fc-wpli_finetune_seed13_pre20_proj32_mask0_03_noise0_02_mlp1_0_sup100,True,barlow,psd,all-patient,True,13,1.0,0.1,32,0.03,0.02
multimodal_psd-fc-wpli_gated_cnn,18,sub29,sub05;sub07;sub08;sub09;sub10;sub11;sub13;sub14;sub15;sub16;sub17;sub18;sub20;sub22;sub24;sub27;sub28,sub01,38,0.10171986371278763,0.13735023140907288,0.002,1e-05,1.0,1.0,True,False,multimodal,psd-fc-wpli,gated,cnn,True,finetune,segssl_barlow_all-patient_psd-fc-wpli_finetune_seed13_pre20_proj32_mask0_03_noise0_02_mlp1_0_sup100,True,barlow,psd,all-patient,True,13,1.0,0.1,32,0.03,0.02
multimodal_psd-fc-wpli_gated_cnn,18,sub29,sub05;sub07;sub08;sub09;sub10;sub11;sub13;sub14;sub15;sub16;sub17;sub18;sub20;sub22;sub24;sub27;sub28,sub01,39,0.0892786756157875,0.12186138331890106,0.002,1e-05,1.0,1.0,True,False,multimodal,psd-fc-wpli,gated,cnn,True,finetune,segssl_barlow_all-patient_psd-fc-wpli_finetune_seed13_pre20_proj32_mask0_03_noise0_02_mlp1_0_sup100,True,barlow,psd,all-patient,True,13,1.0,0.1,32,0.03,0.02
multimodal_psd-fc-wpli_gated_cnn,18,sub29,sub05;sub07;sub08;sub09;sub10;sub11;sub13;sub14;sub15;sub16;sub17;sub18;sub20;sub22;sub24;sub27;sub28,sub01,40,0.0779171884059906,0.10719440132379532,0.002,1e-05,1.0,1.0,True,False,multimodal,psd-fc-wpli,gated,cnn,True,finetune,segssl_barlow_all-patient_psd-fc-wpli_finetune_seed13_pre20_proj32_mask0_03_noise0_02_mlp1_0_sup100,True,barlow,psd,all-patient,True,13,1.0,0.1,32,0.03,0.02
multimodal_psd-fc-wpli_gated_cnn,18,sub29,sub05;sub07;sub08;sub09;sub10;sub11;sub13;sub14;sub15;sub16;sub17;sub18;sub20;sub22;sub24;sub27;sub28,sub01,41,0.06765486299991608,0.09306450933218002,0.002,1e-05,1.0,1.0,True,False,multimodal,psd-fc-wpli,gated,cnn,True,finetune,segssl_barlow_all-patient_psd-fc-wpli_finetune_seed13_pre20_proj32_mask0_03_noise0_02_mlp1_0_sup100,True,barlow,psd,all-patient,True,13,1.0,0.1,32,0.03,0.02
multimodal_psd-fc-wpli_gated_cnn,18,sub29,sub05;sub07;sub08;sub09;sub10;sub11;sub13;sub14;sub15;sub16;sub17;sub18;sub20;sub22;sub24;sub27;sub28,sub01,42,0.05846360698342323,0.07992234826087952,0.002,1e-05,1.0,1.0,True,False,multimodal,psd-fc-wpli,gated,cnn,True,finetune,segssl_barlow_all-patient_psd-fc-wpli_finetune_seed13_pre20_proj32_mask0_03_noise0_02_mlp1_0_sup100,True,barlow,psd,all-patient,True,13,1.0,0.1,32,0.03,0.02
multimodal_psd-fc-wpli_gated_cnn,18,sub29,sub05;sub07;sub08;sub09;sub10;sub11;sub13;sub14;sub15;sub16;sub17;sub18;sub20;sub22;sub24;sub27;sub28,sub01,43,0.05027056112885475,0.0680241659283638,0.002,1e-05,1.0,1.0,True,False,multimodal,psd-fc-wpli,gated,cnn,True,finetune,segssl_barlow_all-patient_psd-fc-wpli_finetune_seed13_pre20_proj32_mask0_03_noise0_02_mlp1_0_sup100,True,barlow,psd,all-patient,True,13,1.0,0.1,32,0.03,0.02
multimodal_psd-fc-wpli_gated_cnn,18,sub29,sub05;sub07;sub08;sub09;sub10;sub11;sub13;sub14;sub15;sub16;sub17;sub18;sub20;sub22;sub24;sub27;sub28,sub01,44,0.04304811358451843,0.057530611753463745,0.002,1e-05,1.0,1.0,True,False,multimodal,psd-fc-wpli,gated,cnn,True,finetune,segssl_barlow_all-patient_psd-fc-wpli_finetune_seed13_pre20_proj32_mask0_03_noise0_02_mlp1_0_sup100,True,barlow,psd,all-patient,True,13,1.0,0.1,32,0.03,0.02
multimodal_psd-fc-wpli_gated_cnn,18,sub29,sub05;sub07;sub08;sub09;sub10;sub11;sub13;sub14;sub15;sub16;sub17;sub18;sub20;sub22;sub24;sub27;sub28,sub01,45,0.036749180406332016,0.048574578016996384,0.002,1e-05,1.0,1.0,True,False,multimodal,psd-fc-wpli,gated,cnn,True,finetune,segssl_barlow_all-patient_psd-fc-wpli_finetune_seed13_pre20_proj32_mask0_03_noise0_02_mlp1_0_sup100,True,barlow,psd,all-patient,True,13,1.0,0.1,32,0.03,0.02
multimodal_psd-fc-wpli_gated_cnn,18,sub29,sub05;sub07;sub08;sub09;sub10;sub11;sub13;sub14;sub15;sub16;sub17;sub18;sub20;sub22;sub24;sub27;sub28,sub01,46,0.03129631653428078,0.04115995764732361,0.002,1e-05,1.0,1.0,True,False,multimodal,psd-fc-wpli,gated,cnn,True,finetune,segssl_barlow_all-patient_psd-fc-wpli_finetune_seed13_pre20_proj32_mask0_03_noise0_02_mlp1_0_sup100,True,barlow,psd,all-patient,True,13,1.0,0.1,32,0.03,0.02
multimodal_psd-fc-wpli_gated_cnn,18,sub29,sub05;sub07;sub08;sub09;sub10;sub11;sub13;sub14;sub15;sub16;sub17;sub18;sub20;sub22;sub24;sub27;sub28,sub01,47,0.026623422279953957,0.0350724495947361,0.002,1e-05,1.0,1.0,True,False,multimodal,psd-fc-wpli,gated,cnn,True,finetune,segssl_barlow_all-patient_psd-fc-wpli_finetune_seed13_pre20_proj32_mask0_03_noise0_02_mlp1_0_sup100,True,barlow,psd,all-patient,True,13,1.0,0.1,32,0.03,0.02
multimodal_psd-fc-wpli_gated_cnn,18,sub29,sub05;sub07;sub08;sub09;sub10;sub11;sub13;sub14;sub15;sub16;sub17;sub18;sub20;sub22;sub24;sub27;sub28,sub01,48,0.022646602243185043,0.030033987015485764,0.002,1e-05,1.0,1.0,True,False,multimodal,psd-fc-wpli,gated,cnn,True,finetune,segssl_barlow_all-patient_psd-fc-wpli_finetune_seed13_pre20_proj32_mask0_03_noise0_02_mlp1_0_sup100,True,barlow,psd,all-patient,True,13,1.0,0.1,32,0.03,0.02
multimodal_psd-fc-wpli_gated_cnn,18,sub29,sub05;sub07;sub08;sub09;sub10;sub11;sub13;sub14;sub15;sub16;sub17;sub18;sub20;sub22;sub24;sub27;sub28,sub01,49,0.019274435937404633,0.02571112848818302,0.002,1e-05,1.0,1.0,True,False,multimodal,psd-fc-wpli,gated,cnn,True,finetune,segssl_barlow_all-patient_psd-fc-wpli_finetune_seed13_pre20_proj32_mask0_03_noise0_02_mlp1_0_sup100,True,barlow,psd,all-patient,True,13,1.0,0.1,32,0.03,0.02
multimodal_psd-fc-wpli_gated_cnn,18,sub29,sub05;sub07;sub08;sub09;sub10;sub11;sub13;sub14;sub15;sub16;sub17;sub18;sub20;sub22;sub24;sub27;sub28,sub01,50,0.016420569270849228,0.021979084238409996,0.002,1e-05,1.0,1.0,True,False,multimodal,psd-fc-wpli,gated,cnn,True,finetune,segssl_barlow_all-patient_psd-fc-wpli_finetune_seed13_pre20_proj32_mask0_03_noise0_02_mlp1_0_sup100,True,barlow,psd,all-patient,True,13,1.0,0.1,32,0.03,0.02
multimodal_psd-fc-wpli_gated_cnn,18,sub29,sub05;sub07;sub08;sub09;sub10;sub11;sub13;sub14;sub15;sub16;sub17;sub18;sub20;sub22;sub24;sub27;sub28,sub01,51,0.01402515359222889,0.018805205821990967,0.002,1e-05,1.0,1.0,True,False,multimodal,psd-fc-wpli,gated,cnn,True,finetune,segssl_barlow_all-patient_psd-fc-wpli_finetune_seed13_pre20_proj32_mask0_03_noise0_02_mlp1_0_sup100,True,barlow,psd,all-patient,True,13,1.0,0.1,32,0.03,0.02
multimodal_psd-fc-wpli_gated_cnn,18,sub29,sub05;sub07;sub08;sub09;sub10;sub11;sub13;sub14;sub15;sub16;sub17;sub18;sub20;sub22;sub24;sub27;sub28,sub01,52,0.012021072208881378,0.016162792220711708,0.002,1e-05,1.0,1.0,True,False,multimodal,psd-fc-wpli,gated,cnn,True,finetune,segssl_barlow_all-patient_psd-fc-wpli_finetune_seed13_pre20_proj32_mask0_03_noise0_02_mlp1_0_sup100,True,barlow,psd,all-patient,True,13,1.0,0.1,32,0.03,0.02
multimodal_psd-fc-wpli_gated_cnn,18,sub29,sub05;sub07;sub08;sub09;sub10;sub11;sub13;sub14;sub15;sub16;sub17;sub18;sub20;sub22;sub24;sub27;sub28,sub01,53,0.010341819375753403,0.013945630751550198,0.002,1e-05,1.0,1.0,True,False,multimodal,psd-fc-wpli,gated,cnn,True,finetune,segssl_barlow_all-patient_psd-fc-wpli_finetune_seed13_pre20_proj32_mask0_03_noise0_02_mlp1_0_sup100,True,barlow,psd,all-patient,True,13,1.0,0.1,32,0.03,0.02
multimodal_psd-fc-wpli_gated_cnn,18,sub29,sub05;sub07;sub08;sub09;sub10;sub11;sub13;sub14;sub15;sub16;sub17;sub18;sub20;sub22;sub24;sub27;sub28,sub01,54,0.008931100368499756,0.012047268450260162,0.002,1e-05,1.0,1.0,True,False,multimodal,psd-fc-wpli,gated,cnn,True,finetune,segssl_barlow_all-patient_psd-fc-wpli_finetune_seed13_pre20_proj32_mask0_03_noise0_02_mlp1_0_sup100,True,barlow,psd,all-patient,True,13,1.0,0.1,32,0.03,0.02
multimodal_psd-fc-wpli_gated_cnn,18,sub29,sub05;sub07;sub08;sub09;sub10;sub11;sub13;sub14;sub15;sub16;sub17;sub18;sub20;sub22;sub24;sub27;sub28,sub01,55,0.007747937459498644,0.010413258336484432,0.002,1e-05,1.0,1.0,True,False,multimodal,psd-fc-wpli,gated,cnn,True,finetune,segssl_barlow_all-patient_psd-fc-wpli_finetune_seed13_pre20_proj32_mask0_03_noise0_02_mlp1_0_sup100,True,barlow,psd,all-patient,True,13,1.0,0.1,32,0.03,0.02
multimodal_psd-fc-wpli_gated_cnn,18,sub29,sub05;sub07;sub08;sub09;sub10;sub11;sub13;sub14;sub15;sub16;sub17;sub18;sub20;sub22;sub24;sub27;sub28,sub01,56,0.006756328046321869,0.008991730399429798,0.002,1e-05,1.0,1.0,True,False,multimodal,psd-fc-wpli,gated,cnn,True,finetune,segssl_barlow_all-patient_psd-fc-wpli_finetune_seed13_pre20_proj32_mask0_03_noise0_02_mlp1_0_sup100,True,barlow,psd,all-patient,True,13,1.0,0.1,32,0.03,0.02
multimodal_psd-fc-wpli_gated_cnn,18,sub29,sub05;sub07;sub08;sub09;sub10;sub11;sub13;sub14;sub15;sub16;sub17;sub18;sub20;sub22;sub24;sub27;sub28,sub01,57,0.005921401549130678,0.007768088020384312,0.002,1e-05,1.0,1.0,True,False,multimodal,psd-fc-wpli,gated,cnn,True,finetune,segssl_barlow_all-patient_psd-fc-wpli_finetune_seed13_pre20_proj32_mask0_03_noise0_02_mlp1_0_sup100,True,barlow,psd,all-patient,True,13,1.0,0.1,32,0.03,0.02
multimodal_psd-fc-wpli_gated_cnn,18,sub29,sub05;sub07;sub08;sub09;sub10;sub11;sub13;sub14;sub15;sub16;sub17;sub18;sub20;sub22;sub24;sub27;sub28,sub01,58,0.005213289987295866,0.006717844400554895,0.002,1e-05,1.0,1.0,True,False,multimodal,psd-fc-wpli,gated,cnn,True,finetune,segssl_barlow_all-patient_psd-fc-wpli_finetune_seed13_pre20_proj32_mask0_03_noise0_02_mlp1_0_sup100,True,barlow,psd,all-patient,True,13,1.0,0.1,32,0.03,0.02
multimodal_psd-fc-wpli_gated_cnn,18,sub29,sub05;sub07;sub08;sub09;sub10;sub11;sub13;sub14;sub15;sub16;sub17;sub18;sub20;sub22;sub24;sub27;sub28,sub01,59,0.004613223485648632,0.00582744600251317,0.002,1e-05,1.0,1.0,True,False,multimodal,psd-fc-wpli,gated,cnn,True,finetune,segssl_barlow_all-patient_psd-fc-wpli_finetune_seed13_pre20_proj32_mask0_03_noise0_02_mlp1_0_sup100,True,barlow,psd,all-patient,True,13,1.0,0.1,32,0.03,0.02
multimodal_psd-fc-wpli_gated_cnn,18,sub29,sub05;sub07;sub08;sub09;sub10;sub11;sub13;sub14;sub15;sub16;sub17;sub18;sub20;sub22;sub24;sub27;sub28,sub01,60,0.00409983703866601,0.0050893970765173435,0.002,1e-05,1.0,1.0,True,False,multimodal,psd-fc-wpli,gated,cnn,True,finetune,segssl_barlow_all-patient_psd-fc-wpli_finetune_seed13_pre20_proj32_mask0_03_noise0_02_mlp1_0_sup100,True,barlow,psd,all-patient,True,13,1.0,0.1,32,0.03,0.02
multimodal_psd-fc-wpli_gated_cnn,18,sub29,sub05;sub07;sub08;sub09;sub10;sub11;sub13;sub14;sub15;sub16;sub17;sub18;sub20;sub22;sub24;sub27;sub28,sub01,61,0.003663059091195464,0.0044862376525998116,0.002,1e-05,1.0,1.0,True,False,multimodal,psd-fc-wpli,gated,cnn,True,finetune,segssl_barlow_all-patient_psd-fc-wpli_finetune_seed13_pre20_proj32_mask0_03_noise0_02_mlp1_0_sup100,True,barlow,psd,all-patient,True,13,1.0,0.1,32,0.03,0.02
multimodal_psd-fc-wpli_gated_cnn,18,sub29,sub05;sub07;sub08;sub09;sub10;sub11;sub13;sub14;sub15;sub16;sub17;sub18;sub20;sub22;sub24;sub27;sub28,sub01,62,0.0032890101429075003,0.003995402716100216,0.002,1e-05,1.0,1.0,True,False,multimodal,psd-fc-wpli,gated,cnn,True,finetune,segssl_barlow_all-patient_psd-fc-wpli_finetune_seed13_pre20_proj32_mask0_03_noise0_02_mlp1_0_sup100,True,barlow,psd,all-patient,True,13,1.0,0.1,32,0.03,0.02
multimodal_psd-fc-wpli_gated_cnn,18,sub29,sub05;sub07;sub08;sub09;sub10;sub11;sub13;sub14;sub15;sub16;sub17;sub18;sub20;sub22;sub24;sub27;sub28,sub01,63,0.002967393258586526,0.003596746362745762,0.002,1e-05,1.0,1.0,True,False,multimodal,psd-fc-wpli,gated,cnn,True,finetune,segssl_barlow_all-patient_psd-fc-wpli_finetune_seed13_pre20_proj32_mask0_03_noise0_02_mlp1_0_sup100,True,barlow,psd,all-patient,True,13,1.0,0.1,32,0.03,0.02
multimodal_psd-fc-wpli_gated_cnn,18,sub29,sub05;sub07;sub08;sub09;sub10;sub11;sub13;sub14;sub15;sub16;sub17;sub18;sub20;sub22;sub24;sub27;sub28,sub01,64,0.0026894928887486458,0.0032703052274882793,0.002,1e-05,1.0,1.0,True,False,multimodal,psd-fc-wpli,gated,cnn,True,finetune,segssl_barlow_all-patient_psd-fc-wpli_finetune_seed13_pre20_proj32_mask0_03_noise0_02_mlp1_0_sup100,True,barlow,psd,all-patient,True,13,1.0,0.1,32,0.03,0.02
multimodal_psd-fc-wpli_gated_cnn,18,sub29,sub05;sub07;sub08;sub09;sub10;sub11;sub13;sub14;sub15;sub16;sub17;sub18;sub20;sub22;sub24;sub27;sub28,sub01,65,0.0024485394824296236,0.0029986114241182804,0.002,1e-05,1.0,1.0,True,False,multimodal,psd-fc-wpli,gated,cnn,True,finetune,segssl_barlow_all-patient_psd-fc-wpli_finetune_seed13_pre20_proj32_mask0_03_noise0_02_mlp1_0_sup100,True,barlow,psd,all-patient,True,13,1.0,0.1,32,0.03,0.02
multimodal_psd-fc-wpli_gated_cnn,18,sub29,sub05;sub07;sub08;sub09;sub10;sub11;sub13;sub14;sub15;sub16;sub17;sub18;sub20;sub22;sub24;sub27;sub28,sub01,66,0.0022392189130187035,0.002769905375316739,0.002,1e-05,1.0,1.0,True,False,multimodal,psd-fc-wpli,gated,cnn,True,finetune,segssl_barlow_all-patient_psd-fc-wpli_finetune_seed13_pre20_proj32_mask0_03_noise0_02_mlp1_0_sup100,True,barlow,psd,all-patient,True,13,1.0,0.1,32,0.03,0.02
multimodal_psd-fc-wpli_gated_cnn,18,sub29,sub05;sub07;sub08;sub09;sub10;sub11;sub13;sub14;sub15;sub16;sub17;sub18;sub20;sub22;sub24;sub27;sub28,sub01,67,0.002056869911029935,0.002571249846369028,0.002,1e-05,1.0,1.0,True,False,multimodal,psd-fc-wpli,gated,cnn,True,finetune,segssl_barlow_all-patient_psd-fc-wpli_finetune_seed13_pre20_proj32_mask0_03_noise0_02_mlp1_0_sup100,True,barlow,psd,all-patient,True,13,1.0,0.1,32,0.03,0.02
multimodal_psd-fc-wpli_gated_cnn,18,sub29,sub05;sub07;sub08;sub09;sub10;sub11;sub13;sub14;sub15;sub16;sub17;sub18;sub20;sub22;sub24;sub27;sub28,sub01,68,0.0018975642742589116,0.0023936047218739986,0.002,1e-05,1.0,1.0,True,False,multimodal,psd-fc-wpli,gated,cnn,True,finetune,segssl_barlow_all-patient_psd-fc-wpli_finetune_seed13_pre20_proj32_mask0_03_noise0_02_mlp1_0_sup100,True,barlow,psd,all-patient,True,13,1.0,0.1,32,0.03,0.02
multimodal_psd-fc-wpli_gated_cnn,18,sub29,sub05;sub07;sub08;sub09;sub10;sub11;sub13;sub14;sub15;sub16;sub17;sub18;sub20;sub22;sub24;sub27;sub28,sub01,69,0.001757407677359879,0.0022333748638629913,0.002,1e-05,1.0,1.0,True,False,multimodal,psd-fc-wpli,gated,cnn,True,finetune,segssl_barlow_all-patient_psd-fc-wpli_finetune_seed13_pre20_proj32_mask0_03_noise0_02_mlp1_0_sup100,True,barlow,psd,all-patient,True,13,1.0,0.1,32,0.03,0.02
multimodal_psd-fc-wpli_gated_cnn,18,sub29,sub05;sub07;sub08;sub09;sub10;sub11;sub13;sub14;sub15;sub16;sub17;sub18;sub20;sub22;sub24;sub27;sub28,sub01,70,0.0016333942767232656,0.002089118119329214,0.002,1e-05,1.0,1.0,True,False,multimodal,psd-fc-wpli,gated,cnn,True,finetune,segssl_barlow_all-patient_psd-fc-wpli_finetune_seed13_pre20_proj32_mask0_03_noise0_02_mlp1_0_sup100,True,barlow,psd,all-patient,True,13,1.0,0.1,32,0.03,0.02
multimodal_psd-fc-wpli_gated_cnn,18,sub29,sub05;sub07;sub08;sub09;sub10;sub11;sub13;sub14;sub15;sub16;sub17;sub18;sub20;sub22;sub24;sub27;sub28,sub01,71,0.0015232006553560495,0.0019584987312555313,0.002,1e-05,1.0,1.0,True,False,multimodal,psd-fc-wpli,gated,cnn,True,finetune,segssl_barlow_all-patient_psd-fc-wpli_finetune_seed13_pre20_proj32_mask0_03_noise0_02_mlp1_0_sup100,True,barlow,psd,all-patient,True,13,1.0,0.1,32,0.03,0.02
multimodal_psd-fc-wpli_gated_cnn,18,sub29,sub05;sub07;sub08;sub09;sub10;sub11;sub13;sub14;sub15;sub16;sub17;sub18;sub20;sub22;sub24;sub27;sub28,sub01,72,0.0014249073574319482,0.0018398391548544168,0.002,1e-05,1.0,1.0,True,False,multimodal,psd-fc-wpli,gated,cnn,True,finetune,segssl_barlow_all-patient_psd-fc-wpli_finetune_seed13_pre20_proj32_mask0_03_noise0_02_mlp1_0_sup100,True,barlow,psd,all-patient,True,13,1.0,0.1,32,0.03,0.02
multimodal_psd-fc-wpli_gated_cnn,18,sub29,sub05;sub07;sub08;sub09;sub10;sub11;sub13;sub14;sub15;sub16;sub17;sub18;sub20;sub22;sub24;sub27;sub28,sub01,73,0.0013371993554756045,0.0017337321769446135,0.002,1e-05,1.0,1.0,True,False,multimodal,psd-fc-wpli,gated,cnn,True,finetune,segssl_barlow_all-patient_psd-fc-wpli_finetune_seed13_pre20_proj32_mask0_03_noise0_02_mlp1_0_sup100,True,barlow,psd,all-patient,True,13,1.0,0.1,32,0.03,0.02
multimodal_psd-fc-wpli_gated_cnn,18,sub29,sub05;sub07;sub08;sub09;sub10;sub11;sub13;sub14;sub15;sub16;sub17;sub18;sub20;sub22;sub24;sub27;sub28,sub01,74,0.0012587469536811113,0.0016389800002798438,0.002,1e-05,1.0,1.0,True,False,multimodal,psd-fc-wpli,gated,cnn,True,finetune,segssl_barlow_all-patient_psd-fc-wpli_finetune_seed13_pre20_proj32_mask0_03_noise0_02_mlp1_0_sup100,True,barlow,psd,all-patient,True,13,1.0,0.1,32,0.03,0.02
multimodal_psd-fc-wpli_gated_cnn,18,sub29,sub05;sub07;sub08;sub09;sub10;sub11;sub13;sub14;sub15;sub16;sub17;sub18;sub20;sub22;sub24;sub27;sub28,sub01,75,0.0011883219704031944,0.0015556388534605503,0.002,1e-05,1.0,1.0,True,False,multimodal,psd-fc-wpli,gated,cnn,True,finetune,segssl_barlow_all-patient_psd-fc-wpli_finetune_seed13_pre20_proj32_mask0_03_noise0_02_mlp1_0_sup100,True,barlow,psd,all-patient,True,13,1.0,0.1,32,0.03,0.02
multimodal_psd-fc-wpli_gated_cnn,18,sub29,sub05;sub07;sub08;sub09;sub10;sub11;sub13;sub14;sub15;sub16;sub17;sub18;sub20;sub22;sub24;sub27;sub28,sub01,76,0.0011249284725636244,0.0014836463378742337,0.002,1e-05,1.0,1.0,True,False,multimodal,psd-fc-wpli,gated,cnn,True,finetune,segssl_barlow_all-patient_psd-fc-wpli_finetune_seed13_pre20_proj32_mask0_03_noise0_02_mlp1_0_sup100,True,barlow,psd,all-patient,True,13,1.0,0.1,32,0.03,0.02
multimodal_psd-fc-wpli_gated_cnn,18,sub29,sub05;sub07;sub08;sub09;sub10;sub11;sub13;sub14;sub15;sub16;sub17;sub18;sub20;sub22;sub24;sub27;sub28,sub01,77,0.001067550852894783,0.001420791493728757,0.002,1e-05,1.0,1.0,True,False,multimodal,psd-fc-wpli,gated,cnn,True,finetune,segssl_barlow_all-patient_psd-fc-wpli_finetune_seed13_pre20_proj32_mask0_03_noise0_02_mlp1_0_sup100,True,barlow,psd,all-patient,True,13,1.0,0.1,32,0.03,0.02
multimodal_psd-fc-wpli_gated_cnn,18,sub29,sub05;sub07;sub08;sub09;sub10;sub11;sub13;sub14;sub15;sub16;sub17;sub18;sub20;sub22;sub24;sub27;sub28,sub01,78,0.0010153749026358128,0.0013653415953740478,0.002,1e-05,1.0,1.0,True,False,multimodal,psd-fc-wpli,gated,cnn,True,finetune,segssl_barlow_all-patient_psd-fc-wpli_finetune_seed13_pre20_proj32_mask0_03_noise0_02_mlp1_0_sup100,True,barlow,psd,all-patient,True,13,1.0,0.1,32,0.03,0.02
multimodal_psd-fc-wpli_gated_cnn,18,sub29,sub05;sub07;sub08;sub09;sub10;sub11;sub13;sub14;sub15;sub16;sub17;sub18;sub20;sub22;sub24;sub27;sub28,sub01,79,0.000967860862147063,0.0013146096607670188,0.002,1e-05,1.0,1.0,True,False,multimodal,psd-fc-wpli,gated,cnn,True,finetune,segssl_barlow_all-patient_psd-fc-wpli_finetune_seed13_pre20_proj32_mask0_03_noise0_02_mlp1_0_sup100,True,barlow,psd,all-patient,True,13,1.0,0.1,32,0.03,0.02
multimodal_psd-fc-wpli_gated_cnn,18,sub29,sub05;sub07;sub08;sub09;sub10;sub11;sub13;sub14;sub15;sub16;sub17;sub18;sub20;sub22;sub24;sub27;sub28,sub01,80,0.0009246135596185923,0.0012678193161264062,0.002,1e-05,1.0,1.0,True,False,multimodal,psd-fc-wpli,gated,cnn,True,finetune,segssl_barlow_all-patient_psd-fc-wpli_finetune_seed13_pre20_proj32_mask0_03_noise0_02_mlp1_0_sup100,True,barlow,psd,all-patient,True,13,1.0,0.1,32,0.03,0.02
multimodal_psd-fc-wpli_gated_cnn,18,sub29,sub05;sub07;sub08;sub09;sub10;sub11;sub13;sub14;sub15;sub16;sub17;sub18;sub20;sub22;sub24;sub27;sub28,sub01,81,0.0008850701269693673,0.0012237762566655874,0.002,1e-05,1.0,1.0,True,False,multimodal,psd-fc-wpli,gated,cnn,True,finetune,segssl_barlow_all-patient_psd-fc-wpli_finetune_seed13_pre20_proj32_mask0_03_noise0_02_mlp1_0_sup100,True,barlow,psd,all-patient,True,13,1.0,0.1,32,0.03,0.02
multimodal_psd-fc-wpli_gated_cnn,18,sub29,sub05;sub07;sub08;sub09;sub10;sub11;sub13;sub14;sub15;sub16;sub17;sub18;sub20;sub22;sub24;sub27;sub28,sub01,82,0.0008487779414281249,0.0011818833881989121,0.002,1e-05,1.0,1.0,True,False,multimodal,psd-fc-wpli,gated,cnn,True,finetune,segssl_barlow_all-patient_psd-fc-wpli_finetune_seed13_pre20_proj32_mask0_03_noise0_02_mlp1_0_sup100,True,barlow,psd,all-patient,True,13,1.0,0.1,32,0.03,0.02
multimodal_psd-fc-wpli_gated_cnn,18,sub29,sub05;sub07;sub08;sub09;sub10;sub11;sub13;sub14;sub15;sub16;sub17;sub18;sub20;sub22;sub24;sub27;sub28,sub01,83,0.0008154430543072522,0.0011410067090764642,0.002,1e-05,1.0,1.0,True,False,multimodal,psd-fc-wpli,gated,cnn,True,finetune,segssl_barlow_all-patient_psd-fc-wpli_finetune_seed13_pre20_proj32_mask0_03_noise0_02_mlp1_0_sup100,True,barlow,psd,all-patient,True,13,1.0,0.1,32,0.03,0.02
multimodal_psd-fc-wpli_gated_cnn,18,sub29,sub05;sub07;sub08;sub09;sub10;sub11;sub13;sub14;sub15;sub16;sub17;sub18;sub20;sub22;sub24;sub27;sub28,sub01,84,0.0007846765802241862,0.0011009075678884983,0.002,1e-05,1.0,1.0,True,False,multimodal,psd-fc-wpli,gated,cnn,True,finetune,segssl_barlow_all-patient_psd-fc-wpli_finetune_seed13_pre20_proj32_mask0_03_noise0_02_mlp1_0_sup100,True,barlow,psd,all-patient,True,13,1.0,0.1,32,0.03,0.02
multimodal_psd-fc-wpli_gated_cnn,18,sub29,sub05;sub07;sub08;sub09;sub10;sub11;sub13;sub14;sub15;sub16;sub17;sub18;sub20;sub22;sub24;sub27;sub28,sub01,85,0.0007562414975836873,0.0010618242667987943,0.002,1e-05,1.0,1.0,True,False,multimodal,psd-fc-wpli,gated,cnn,True,finetune,segssl_barlow_all-patient_psd-fc-wpli_finetune_seed13_pre20_proj32_mask0_03_noise0_02_mlp1_0_sup100,True,barlow,psd,all-patient,True,13,1.0,0.1,32,0.03,0.02
multimodal_psd-fc-wpli_gated_cnn,18,sub29,sub05;sub07;sub08;sub09;sub10;sub11;sub13;sub14;sub15;sub16;sub17;sub18;sub20;sub22;sub24;sub27;sub28,sub01,86,0.0007298930431716144,0.001023935736157,0.002,1e-05,1.0,1.0,True,False,multimodal,psd-fc-wpli,gated,cnn,True,finetune,segssl_barlow_all-patient_psd-fc-wpli_finetune_seed13_pre20_proj32_mask0_03_noise0_02_mlp1_0_sup100,True,barlow,psd,all-patient,True,13,1.0,0.1,32,0.03,0.02
multimodal_psd-fc-wpli_gated_cnn,18,sub29,sub05;sub07;sub08;sub09;sub10;sub11;sub13;sub14;sub15;sub16;sub17;sub18;sub20;sub22;sub24;sub27;sub28,sub01,87,0.0007053918088786304,0.000987898325547576,0.002,1e-05,1.0,1.0,True,False,multimodal,psd-fc-wpli,gated,cnn,True,finetune,segssl_barlow_all-patient_psd-fc-wpli_finetune_seed13_pre20_proj32_mask0_03_noise0_02_mlp1_0_sup100,True,barlow,psd,all-patient,True,13,1.0,0.1,32,0.03,0.02
multimodal_psd-fc-wpli_gated_cnn,18,sub29,sub05;sub07;sub08;sub09;sub10;sub11;sub13;sub14;sub15;sub16;sub17;sub18;sub20;sub22;sub24;sub27;sub28,sub01,88,0.0006826432072557509,0.0009540696628391743,0.002,1e-05,1.0,1.0,True,False,multimodal,psd-fc-wpli,gated,cnn,True,finetune,segssl_barlow_all-patient_psd-fc-wpli_finetune_seed13_pre20_proj32_mask0_03_noise0_02_mlp1_0_sup100,True,barlow,psd,all-patient,True,13,1.0,0.1,32,0.03,0.02
multimodal_psd-fc-wpli_gated_cnn,18,sub29,sub05;sub07;sub08;sub09;sub10;sub11;sub13;sub14;sub15;sub16;sub17;sub18;sub20;sub22;sub24;sub27;sub28,sub01,89,0.0006614261656068265,0.0009232251322828233,0.002,1e-05,1.0,1.0,True,False,multimodal,psd-fc-wpli,gated,cnn,True,finetune,segssl_barlow_all-patient_psd-fc-wpli_finetune_seed13_pre20_proj32_mask0_03_noise0_02_mlp1_0_sup100,True,barlow,psd,all-patient,True,13,1.0,0.1,32,0.03,0.02
multimodal_psd-fc-wpli_gated_cnn,18,sub29,sub05;sub07;sub08;sub09;sub10;sub11;sub13;sub14;sub15;sub16;sub17;sub18;sub20;sub22;sub24;sub27;sub28,sub01,90,0.0006414700765162706,0.0008944099536165595,0.002,1e-05,1.0,1.0,True,False,multimodal,psd-fc-wpli,gated,cnn,True,finetune,segssl_barlow_all-patient_psd-fc-wpli_finetune_seed13_pre20_proj32_mask0_03_noise0_02_mlp1_0_sup100,True,barlow,psd,all-patient,True,13,1.0,0.1,32,0.03,0.02
multimodal_psd-fc-wpli_gated_cnn,18,sub29,sub05;sub07;sub08;sub09;sub10;sub11;sub13;sub14;sub15;sub16;sub17;sub18;sub20;sub22;sub24;sub27;sub28,sub01,91,0.0006227321573533118,0.0008674449054524302,0.002,1e-05,1.0,1.0,True,False,multimodal,psd-fc-wpli,gated,cnn,True,finetune,segssl_barlow_all-patient_psd-fc-wpli_finetune_seed13_pre20_proj32_mask0_03_noise0_02_mlp1_0_sup100,True,barlow,psd,all-patient,True,13,1.0,0.1,32,0.03,0.02
multimodal_psd-fc-wpli_gated_cnn,18,sub29,sub05;sub07;sub08;sub09;sub10;sub11;sub13;sub14;sub15;sub16;sub17;sub18;sub20;sub22;sub24;sub27;sub28,sub01,92,0.000605086621362716,0.0008420912781730294,0.002,1e-05,1.0,1.0,True,False,multimodal,psd-fc-wpli,gated,cnn,True,finetune,segssl_barlow_all-patient_psd-fc-wpli_finetune_seed13_pre20_proj32_mask0_03_noise0_02_mlp1_0_sup100,True,barlow,psd,all-patient,True,13,1.0,0.1,32,0.03,0.02
multimodal_psd-fc-wpli_gated_cnn,18,sub29,sub05;sub07;sub08;sub09;sub10;sub11;sub13;sub14;sub15;sub16;sub17;sub18;sub20;sub22;sub24;sub27;sub28,sub01,93,0.0005885567516088486,0.000818289234302938,0.002,1e-05,1.0,1.0,True,False,multimodal,psd-fc-wpli,gated,cnn,True,finetune,segssl_barlow_all-patient_psd-fc-wpli_finetune_seed13_pre20_proj32_mask0_03_noise0_02_mlp1_0_sup100,True,barlow,psd,all-patient,True,13,1.0,0.1,32,0.03,0.02
multimodal_psd-fc-wpli_gated_cnn,18,sub29,sub05;sub07;sub08;sub09;sub10;sub11;sub13;sub14;sub15;sub16;sub17;sub18;sub20;sub22;sub24;sub27;sub28,sub01,94,0.0005729739787057042,0.0007956211920827627,0.002,1e-05,1.0,1.0,True,False,multimodal,psd-fc-wpli,gated,cnn,True,finetune,segssl_barlow_all-patient_psd-fc-wpli_finetune_seed13_pre20_proj32_mask0_03_noise0_02_mlp1_0_sup100,True,barlow,psd,all-patient,True,13,1.0,0.1,32,0.03,0.02
multimodal_psd-fc-wpli_gated_cnn,18,sub29,sub05;sub07;sub08;sub09;sub10;sub11;sub13;sub14;sub15;sub16;sub17;sub18;sub20;sub22;sub24;sub27;sub28,sub01,95,0.0005580981960520148,0.0007739677093923092,0.002,1e-05,1.0,1.0,True,False,multimodal,psd-fc-wpli,gated,cnn,True,finetune,segssl_barlow_all-patient_psd-fc-wpli_finetune_seed13_pre20_proj32_mask0_03_noise0_02_mlp1_0_sup100,True,barlow,psd,all-patient,True,13,1.0,0.1,32,0.03,0.02
multimodal_psd-fc-wpli_gated_cnn,18,sub29,sub05;sub07;sub08;sub09;sub10;sub11;sub13;sub14;sub15;sub16;sub17;sub18;sub20;sub22;sub24;sub27;sub28,sub01,96,0.0005438395892269909,0.0007534480537287891,0.002,1e-05,1.0,1.0,True,False,multimodal,psd-fc-wpli,gated,cnn,True,finetune,segssl_barlow_all-patient_psd-fc-wpli_finetune_seed13_pre20_proj32_mask0_03_noise0_02_mlp1_0_sup100,True,barlow,psd,all-patient,True,13,1.0,0.1,32,0.03,0.02
multimodal_psd-fc-wpli_gated_cnn,18,sub29,sub05;sub07;sub08;sub09;sub10;sub11;sub13;sub14;sub15;sub16;sub17;sub18;sub20;sub22;sub24;sub27;sub28,sub01,97,0.0005301040946505964,0.0007335849804803729,0.002,1e-05,1.0,1.0,True,False,multimodal,psd-fc-wpli,gated,cnn,True,finetune,segssl_barlow_all-patient_psd-fc-wpli_finetune_seed13_pre20_proj32_mask0_03_noise0_02_mlp1_0_sup100,True,barlow,psd,all-patient,True,13,1.0,0.1,32,0.03,0.02
multimodal_psd-fc-wpli_gated_cnn,18,sub29,sub05;sub07;sub08;sub09;sub10;sub11;sub13;sub14;sub15;sub16;sub17;sub18;sub20;sub22;sub24;sub27;sub28,sub01,98,0.0005168110365048051,0.0007143783732317388,0.002,1e-05,1.0,1.0,True,False,multimodal,psd-fc-wpli,gated,cnn,True,finetune,segssl_barlow_all-patient_psd-fc-wpli_finetune_seed13_pre20_proj32_mask0_03_noise0_02_mlp1_0_sup100,True,barlow,psd,all-patient,True,13,1.0,0.1,32,0.03,0.02
multimodal_psd-fc-wpli_gated_cnn,18,sub29,sub05;sub07;sub08;sub09;sub10;sub11;sub13;sub14;sub15;sub16;sub17;sub18;sub20;sub22;sub24;sub27;sub28,sub01,99,0.0005039083771407604,0.0006958282319828868,0.002,1e-05,1.0,1.0,True,False,multimodal,psd-fc-wpli,gated,cnn,True,finetune,segssl_barlow_all-patient_psd-fc-wpli_finetune_seed13_pre20_proj32_mask0_03_noise0_02_mlp1_0_sup100,True,barlow,psd,all-patient,True,13,1.0,0.1,32,0.03,0.02
multimodal_psd-fc-wpli_gated_cnn,18,sub29,sub05;sub07;sub08;sub09;sub10;sub11;sub13;sub14;sub15;sub16;sub17;sub18;sub20;sub22;sub24;sub27;sub28,sub01,100,0.0004913549637421966,0.0006776959635317326,0.002,1e-05,1.0,1.0,True,False,multimodal,psd-fc-wpli,gated,cnn,True,finetune,segssl_barlow_all-patient_psd-fc-wpli_finetune_seed13_pre20_proj32_mask0_03_noise0_02_mlp1_0_sup100,True,barlow,psd,all-patient,True,13,1.0,0.1,32,0.03,0.02
